:10000000580C0020093E0000893E000061EF00000E
:1000100081EF0000A1EF0000E1EF0000C1EF000060
:100020006D3E00006D3E00006D3E00000D6400005E
:100030008F3E00006D3E00008F770000953E00006F
:100040006D3E00006D3E00006D3E00006D3E000004
:100050006D3E00006D3E00006D3E00006D3E0000F4
:100060006D3E00006D3E00006D3E00006D3E0000E4
:100070006D3E00006D3E00006D3E00006D3E0000D4
:100080006D3E00006D3E00006D3E00006D3E0000C4
:100090006D3E00006D3E00006D3E00006D3E0000B4
:1000A0006D3E00006D3E00006D3E00006D3E0000A4
:1000B0009B3E0000A13E0000A73E0000AD3E0000B8
:1000C0006D3E00006D3E00006D3E00006D3E000084
:1000D0006D3E00006D3E00006D3E00006D3E000074
:1000E0006D3E00006D3E00006D3E00006D3E000064
:1000F0006D3E00006D3E00006D3E00006D3E000054
:100100006D3E00006D3E00006D3E00006D3E000043
:100110006D3E00006D3E00006D3E00006D3E000033
:100120006D3E00006D3E00006D3E00006D3E000023
:100130006D3E00006D3E00006D3E00006D3E000013
:10014000A3780000C96600006D3E00006D3E00000F
:100150006D3E00006D3E00006D3E00006D3E0000F3
:100160006D3E00006D3E0000B33E0000B93E000051
:10017000C53E00006D3E0000BF3E00006D3E000029
:100180006D3E00006D3E0000CB3E00006D3E000065
:10019000D13E0000D73E00006D3E00006D3E0000E5
:1001A0006D3E0000C11B01006D3E00006D3E000071
:1001B0006D3E00006D3E00006D3E00006D3E000093
:1001C0006D3E00006D3E00006D3E00006D3E000083
:1001D0006D3E00006D3E00006D3E00006D3E000073
:1001E0006D3E00006D3E00006D3E00006D3E000063
:1001F0006D3E00006D3E00006D3E00006D3E000053
:100200006D3E00006D3E00006D3E00006D3E000042
:100210006D3E00006D3E00006D3E00006D3E000032
:100220006D3E00006D3E00006D3E00006D3E000022
:100230006D3E00006D3E00006D3E00006D3E000012
:10024000BF7800006D3E00006D3E00006D3E000076
:100250006D3E0000DD3E0000E33E0000E33E000096
:10026000E33E00006D3E0000E93E0000EF3E00006E
:100270006D3E00006D3E00006D3E00006D3E0000D2
:100280006D3E00006D3E00006D3E00006D3E0000C2
:100290006D3E00006D3E00006D3E00006D3E0000B2
:1002A0006D3E00006D3E00006D3E00006D3E0000A2
:1002B0006D3E00006D3E00006D3E00006D3E000092
:1002C0006D3E00006D3E00006D3E00006D3E000082
:1002D0006D3E00006D3E00006D3E00006D3E000072
:1002E0006D3E00006D3E00006D3E00006D3E000062
:1002F0006D3E00006D3E00006D3E00006D3E000052
:100300006D3E00006D3E00006D3E00006D3E000041
:100310006D3E00006D3E00006D3E00006D3E000031
:100320006D3E00006D3E00006D3E00006D3E000021
:100330006D3E00006D3E00006D3E00006D3E000011
:10034000DB7800006D3E00006D3E00006D3E000059
:100350006D3E00006D3E0000F53E0000FB3E0000DB
:100360006D3E0000013F0000073F00000D3F000010
:10037000133F0000193F00001F3F00006D3E0000CA
:100380006D3E00006D3E00006D3E00006D3E0000C1
:10039000253F00006D3E00002B3F00006D3E000039
:1003A0006D3E00006D3E00006D3E0000313F0000DC
:1003B0006D3E00006D3E00006D3E00006D3E000091
:1003C0003D3F0000433F0000493F00004F3F000019
:1003D000553F00005B3F00006D3E00006D3E000099
:1003E0005B3E00006D3E00006D3E00006D3E000073
:1003F0006D3E0000613E0000673E0000373F000098
:100400006D3E00006D3E00006D3E00006D3E000040
:100410006D3E00006D3E00006D3E00006D3E000030
:100420006D3E00006D3E00006D3E00006D3E000020
:100430006D3E00006D3E00006D3E00006D3E000010
:10044000F77800006D3E00006D3E00006D3E00003C
:10045000613F00006D3E00006D3F00006D3E0000FA
:10046000733F0000793F00006D3E00006D3E0000CC
:100470006D3E00007F3F0000673F00006D3E0000C2
:100480006D3E00006D3E00006D3E00006D3E0000C0
:100490006D3E00006D3E00006D3E00006D3E0000B0
:1004A0006D3E00006D3E00006D3E00006D3E0000A0
:1004B0006D3E00006D3E00006D3E00006D3E000090
:0804C0006D3E0000553E0000F6
:1004E0007FE97FE907F058BE7FE97FE907F066BE44
:1004F0007FE97FE907F098BE7FE97FE907F086BED4
:100500007FE97FE907F06CBE0000000000000000FA
:1005100000000000000000000000000000000000DB
:1005200000015F5F02000000FE0B00009D64000000
:1005300000040000000000000000000000000000B7
:1005400000000000000000000100FFC3000000C424
:1005500060B100200000000001015F5F03010000A6
:100560001F010000C9100000002000000000000072
:100570000100000001000000000000000000000079
:100580000000000000000000B84000200000000053
:1005900070000000A83B010080000000000F000078
:1005A00001000000F50600000100000001015F5F8E
:1005B000000100001F0000003D3B0000000700009C
:1005C0000000000003000000010000000000000027
:1005D0000000000000000000000000006016002085
:1005E00000000000800000007000000040000000DB
:1005F000B33B0100600000000107000001000000A3
:10060000C53100000100000001015F5F0101000031
:100610001F010000C71A00000010000000000000C9
:1006200000000000010000000000000000000000C9
:100630000000000000000000B86000200000000082
:10064000D13B010070000000020F0000010000001B
:10065000B10A00000100000001015F5F0401000019
:100660001F010000BD2C000000050000000000007C
:100670000000000001000000000000000000000079
:100680000000000000000000B87000200000000022
:10069000F63B0100400000000507000001000000DB
:0806A000652A000001000000C2
:1006C00038B500250648294600F58054D4F80024A2
:1006D000C4F804540EF0EEFCC4F8005438BD00BF5A
:1006E000B8750020024BD3F8043403600020704733
:1006F000B88500202DE9F04F04680546A5B0002C10
:1007000040F014812022214604A80EF0D3FC14AF3F
:10071000202221460CA80EF0CDFC4022214638466E
:100720000EF0C8FCEA6905F11C039846B2B1042436
:10073000EA6A05F12C03EAB10426ECB96FF08304F0
:10074000204625B0BDE8F08F002CF1D053F8041DF1
:100750002246013C0029F7D01446E9E70324F5E7D7
:10076000002EEAD053F8041D3246013E0029F7D08E
:100770001646E2E70326F5E740233A46002168687B
:1007800007F0B0FD4028D9D10121DFF8A8A1CDE9BB
:10079000047005F1100904AF0AF5805B8C422ED17C
:1007A0000CAF38460021644A08EB860ED2F80034BC
:1007B000A2F58059C64540D109B1C2F800340023E2
:1007C000CDE90233059BA968402BC2F80414049AB2
:1007D00040F0A080138D180A03285BD0012800F098
:1007E00082801268831ECDE90221092B00F28C80E1
:1007F000DFE803F04150555B61676D737E8459F803
:10080000043F1A1D21D8DBF800C4D81C20F00300D7
:10081000CCF5A052904218D860440CEB0A02CBF8F9
:1008200000046868CDE9001207F05CFD019A0099A8
:10083000F860013147F8082FB0E758F804CF1CF1F1
:10084000040F07D909B1C2F80034FFF739FF6FF080
:100850008C0475E70CF1030424F00304C3F5A05ADB
:10086000544500F10800EDD803EB090140E9021CF2
:10087000234401219EE702AA0CA904A801F055F81F
:1008800004464FF00008464507F1080745D1FFF739
:1008900017FF55E70CA904A800F0F8FCF0E702AA3E
:1008A0000CA904A800F0B3FDEAE702AA0CA904A869
:1008B00000F018FCE4E702AA0CA904A800F063FE0B
:1008C000DEE702AA0CA904A800F065FFD8E702AA97
:1008D0000CA904A800F062FFD2E702AA0CA904A8A0
:1008E00000F05FFFCCE70CA904A801F0D9F8C7E736
:1008F00002AA0CA904A801F0E0F8C1E702AA0CA919
:1009000004A801F0DDF8BBE70C480EF05DFC6FF0C9
:100910008504B6E76FF08004B3E7414657E9022348
:10092000686807F0E9FC08F10108ACE76FF085049E
:1009300006E700BFB8750020B8850020F02C000045
:1009400008B54FF40C52002102480EF0B3FB002012
:1009500008BD00BFB81D00200023F7B50C6807468E
:100960000E461546019314BB22B3146001A8FFF78D
:10097000B9FEA8B94FF48C6C104A0CFB04F3D158A3
:10098000A646013471B94FF0010E02EB030C42F898
:1009900003E0019910331344CCE9011734602B6054
:1009A00003B0F0BD082CE8D16FF08400F8E76FF0D9
:1009B0008800F5E76FF08600F2E700BFB81D002061
:1009C0000023F7B505680193013D072D036004D9A5
:1009D0006FF08604204603B0F0BD01A8FFF782FE49
:1009E00004460028F6D14FF48C635D430A4E7359D8
:1009F0007719012BECD17A68019B9A42E8D105F175
:100A000010004FF48A62214630440EF053FBC7E9D0
:100A100001447451DEE700BFB81D0020002373B508
:100A20004C1E072C06461546019303D96FF088002B
:100A300002B070BDC2B101A8FFF754FE0028F7D183
:100A40004FF48C6202FB04F1094B5C585A18012CDC
:100A5000ECD19468B442E9D15468019A9442E5D14A
:100A6000103119442960E3E76FF08600E0E700BF2A
:100A7000B81D002010B5044C0F22204603490EF08B
:100A8000F4FA204610BD00BFC0AE0020152D0000B6
:100A900008B54FF40251044802F096FA034807F0F3
:100AA00003FD002008BD00BF408E0020A91A0000F1
:100AB0006FF47A72F0B50368044613448DB0032BCB
:100AC0007CD8DFE803F002284C6B0369082B02D0C6
:100AD0006FF080055FE08569042DF9D10021406841
:100AE00008AA07F0FFFB0828F2D12B460221606814
:100AF00006AA07F0F7FB0428EAD16168314A636966
:100B00001160069ACDE90032DDE90823A06800F003
:100B10001DF905463FE00369082BD9D14569042D2D
:100B2000D6D10021406808AA07F0DCFB0828CFD105
:100B30002B460121606806AA07F0D4FB0428C7D120
:100B40006168204A236A116005AACDE90132069B3B
:100B50000093A068DDE9082300F072F9D9E7036982
:100B6000082BB5D1076A0C2FB2D10021406806AA24
:100B700007F0B8FB0828ABD1DDE9062308AE0096E4
:100B8000A06800F0E7F9054628B901463B46324621
:100B9000606807F0B1FB28460DB0F0BD0369082B73
:100BA00096D10021406808AA07F09CFB08288FD145
:100BB000DDE90823A06800F0DFF9AAE76FF08505FA
:100BC000E9E700BFC0890020024603480B460068E1
:100BD000012107F087BB00BFC089002002460348FF
:100BE0000B460068002107F087BB00BFC0890020CA
:100BF0001FB5CDE902010843019218D004220D4827
:100C00000DEB02010EF031FA08220B480DEB020148
:100C10000EF02BFA019C0948094B0A4AB4F5807F73
:100C200008BF1846034901F0ADF804B010BD6FF0DD
:100C30008600FAE7D2AE0020D6AE0020EC8B002072
:100C4000D48B0020048E002030B5384B85B09D6ACF
:100C5000A8470369042B03D06FF0800005B030BDB6
:100C6000A847334C8368A360A847037D01A8237677
:100C700005F04FFA0028EFD1019BA26863609DF850
:100C80000C3021465343029A2A48B2FBF3F22282E7
:100C9000294AE36001F028F80028DFD1254801F057
:100CA00055F8002834D1A8470369042BD4D1A847AC
:100CB000224C8368A360A847037D01A8237605F032
:100CC0001AFA0028C8D1019BA26863609DF80C3015
:100CD00021465343029A1A48B2FBF3F22282164A83
:100CE000E36001F001F80028B8D1154801F02EF8B2
:100CF0000028B3D013480EF067FA114801F040F80D
:100D00000028ABD10E4805B0BDE8304001F01EB858
:100D10000D480EF059FA074801F032F800289DD12D
:100D2000044801F013F80028BDD097E7287F0000A1
:100D30009C1D0020EC8B0020D02C0000801D00208A
:100D4000D48B00204A2D0000242D000019462DE9E7
:100D5000F04F52EA010385B00646DDE90E54104615
:100D600032D0072C5CD8B6F5807F02D0B5F5007F75
:100D70002AD83246FFF73CFF30B92B4B9B68D90786
:100D800005D56FF0840021E010F18C0F1ED10027F3
:100D9000DFF8948044F44034DFF89090DFF890B0AE
:100DA000DFF890A0C8F80450C8F80840B5F5007FF7
:100DB0002C4628BF4FF4007448462146FFF704FF35
:100DC000B6F5807F29D027B16FF0860005B0BDE869
:100DD000F08F4FF404730122CDE9004ACDE90232CD
:100DE00015494B460C22104800F06FFE0028EDD14B
:100DF00053461248CDE900730B4A23460E4900F0D2
:100E0000E3FF0028E2D1D8F808302D1B23F440334B
:100E1000C8F808302744C9D1D8E74B465846E9E717
:100E20006FF08500D2E700BF048E0020048C002004
:100E3000D48B0020C4890020D2AE0020EC8B00208F
:100E400019462DE9F04F52EA010385B08046DDE9ED
:100E50000E6A1046DDF8409005D16FF086042046FA
:100E600005B0BDE8F08FB8F5807F04D006EB0A032B
:100E7000B3F5007FF1D84246FFF7BAFE04460028DA
:100E8000EDD12E4F3D68B542E7D3AD1B554528BF88
:100E90005546B8F5807FC9F8005021D1DFF8A08011
:100EA000DFF8A0A0DFF8A0B0B5F5007F2F4628BF7F
:100EB0004FF4007733463A4651465846CDF8008005
:100EC00001F09BF820B10023C9F800300446C6E7C2
:100ED00039464046FFF782FEED1B3E44E4D1BEE7B3
:100EE0007B68B3F5047F25D8DFF860A00346CDF812
:100EF00000A03A681349164801F07FF810B1C9F80C
:100F00000040E3E74FF40073DFF83480039402936A
:100F1000CDF804803B680C220093384653460949BB
:100F200000F0D3FD0028EAD1294608EB0600FFF7C0
:100F300055FE94E76FF0890491E700BF048E00200E
:100F4000048C0020D2AE0020D48B0020C489002065
:100F5000EC8B002038B50546194610462A46049CFD
:100F6000FFF746FE28B9034B1A689B68C4E90022C4
:100F7000A36038BD048E002010B504461946104603
:100F80002246FFF735FE80B9084B9B68DB070AD481
:100F90000748084B0849B4F5807F08BF1846BDE8EC
:100FA000104001F01AB86FF0840010BD048E0020CC
:100FB000EC8B0020D48B0020D2AE0020F8B51D466B
:100FC000036804465B680E46174698470B4BC0F310
:100FD000410013F8202063680699E0681D442368E7
:100FE000B1FBF2F200FB065039469B699847002896
:100FF000B4BF6FF091000020F8BD00BFE42C0000EA
:101000002DE9F3470A9C07469146002C57D0C26849
:1010100040681E183B6802FB01665B689847294BD5
:10102000C0F3410013F82080B6FBF8FA08FB0AFA77
:10103000564524D03B68012250465B6901A9984778
:10104000002804DA6FF0910002B0BDE8F087A6EB4B
:101050000A03E218904501AA02EB030104D92246D3
:1010600048460EF002F808E0A8EB060555442A466B
:1010700048460DF0FAFF641B02D10020E4E700258A
:101080003B68A0455B690DD8B4FBF8FA09EB050194
:101090005246A81998470028D4DB08FB0AF2A41A84
:1010A000EBD015443B6801225B6901A97019984790
:1010B0000028C7DB224601A909EB0500D1E720463D
:1010C000C2E700BFE42C000008B5FFF739FC40B9C7
:1010D000FFF7D0FCFFF7DCFC18B9BDE8084008F0CA
:1010E0007BBC08BD2DE9F04F4FF00008D0F8009010
:1010F00089B0B9F828A006AF06460D46D2E900210E
:101100003846CDF8148000F0D3FCBAF5A06F15D1A5
:101110002B1D03936B6802932B680193F368009374
:10112000B368D9F8042097E8030008F083FB04466D
:10113000C0B90024204609B0BDE8F08F40F2015349
:101140009A4512D12B1D03936B6802932B68019370
:10115000F3680093B368D9F8042097E8030008F017
:10116000CBF8E4E7C5F80480E4E7AAF2025B1FFAD3
:101170008BF3012B1FD8D5F80080B8F1000F02D1F6
:101180006FF08004D6E76B68032BF9D9D9F80830E3
:1011900041460120C8F8003005AAFFF7DDFB0446F0
:1011A0000028C7D1BBF1060F6DD8DFE80BF0384738
:1011B00025314F5A67000120D9F8081005AAFFF71A
:1011C0002DFCAAF20753012B044603D90028B1D104
:1011D0008046E7E7D5F80080B8F1000FD0D06B6803
:1011E000032BCDD9D9F80830C8F800300028D9D061
:1011F000BAF5A16F9DD09DE705982B1DD5E900128A
:101200000FF03CF80446002893D000236B6091E770
:101210000598D6E902120EF0FAFC04468AE7D9F8DE
:101220000430059897E806000EF0D9FC0446002823
:101230003FF47FAF4046FFF7C3FB7BE7D9F80430AC
:10124000059897E806000EF0D6FCEFE72B1D0193FA
:101250006B68059800932B68D6E902120EF0F5FC36
:10126000D0E7059805F10C03D5E902120EF007FD51
:1012700004460028DED00023EB605BE705980EF003
:10128000A0FC0446D6E76FF0850453E72DE9F04350
:101290000026056885B0B5F828900746B9F5407F67
:1012A0008846029612D10B1D01934B6800930B6880
:1012B000D0E9021268680EF00EFB0446002858D0F0
:1012C000C8F80460204605B0BDE8F08340F2013361
:1012D000994509D1436900938168D0E9032368687F
:1012E0000EF00AFB0446EDE740F20233994519D1AE
:1012F0000E6816B96FF08004E4E74B68032BF9D948
:10130000AB6831460320336002AAFFF725FB044691
:101310000028D7D1696802980EF06CFA044640B3F1
:1013200030466EE00320A96802AAFFF777FB6FF44E
:1013300041734B44022B04460BD90028C2D1064608
:10134000A9F20333042B5FD8DFE803F015371B281D
:101350003200D8F80060002ECCD0D8F80430032B2F
:10136000C8D9AB6833600028EAD040F2073399450A
:10137000A8D10024A6E70298D7E902120EF05AFA83
:10138000B0E7029808F10C03D8E902120EF066FAF1
:10139000044658B10023C8F80C3093E70298D7E907
:1013A00002120EF06CFA044600288BD10024B7E735
:1013B00002980EF014FA0446B2E70023D8F8005061
:1013C0000393002D96D0D8F80430032B92D9BB6834
:1013D000002B8FD0FA68032A8CD91B68294603207A
:1013E0002B6003AAFFF7B8FA044600287FF46AAF1F
:1013F000DDE902010EF0A9FA044600283FF462AFCD
:101400002846FFF7DDFA5DE76FF085045AE72DE91E
:10141000F04F0025D0F8009089B0B9F828A00DF160
:10142000180807460E46D2E900214046059500F00F
:101430003FFBBAF5806F16D1331D03937368029397
:1014400033680193FB680093BB68D9F8042098E8DF
:1014500003000EF077FB0446002856D07560204646
:1014600009B0BDE8F08F40F201439A450ED17B6987
:1014700002933B690193FB680093BB68D9F8042091
:1014800098E803000EF073FB0446E8E7AAF2024B6B
:101490001FFA8BF3012B1AD8356815B96FF0800449
:1014A000DDE77368032BF9D9D9F808302946022003
:1014B0002B6005AAFFF750FA04460028CFD1BBF1F4
:1014C000050F5DD8DFE80BF02331393F4D5702207F
:1014D000D9F8081005AAFFF7A1FAAAF20543022BD2
:1014E000044603D90028BAD10546E8E73568002D3F
:1014F000D4D07368032BD1D9D9F808302B600028D9
:10150000DDD040F207439A45A9D10024A7E7D9F8D6
:101510000430059898E806000EF091FA0446002879
:10152000F3D02846FFF74CFA99E7D9F8043005982C
:1015300098E806000EF08FFAF0E70598D7E9021256
:101540000EF095FAA0E7059806F10C03D6E9021211
:101550000EF0A1FA044608B90024E2E70023F36084
:101560007DE70598D7E902120EF0CCFA0446002870
:101570007FF475AFF0E705980EF001FA0446D0E766
:101580006FF085046BE72DE9F04F4FF00009076815
:101590008DB0B7F828A00DF1280806460D46D2E90F
:1015A00000214046CDF8249000F082FABAF5C06FD1
:1015B0001FD12B1D07936B6806932B680593F36867
:1015C0000493B368039373690293336901937B6A4D
:1015D00000937A6807F1140398E803000EF06CFB9F
:1015E0000446002868D0C5F8049020460DB0BDE838
:1015F000F08F40F201639A4517D12B1D07936B685A
:1016000006932B680593F3680493B3680393736997
:101610000293336901937B6A00937A6807F114039C
:1016200098E803000EF090FBDAE7AAF2026B1FFACB
:101630008BF3012B20D8D5F80090B9F1000F02D11F
:101640006FF08004D1E76B68032BF9D9BB6849467A
:101650000520C9F8003009AAFFF77EF904460028E2
:10166000C3D1BBF1090F00F29380DFE80BF0273400
:101670005662697A6F3B80510520B96809AAFFF765
:10168000CDF96FF4C1635344022B044603D90028FB
:10169000ABD18146E5E7D5F80090B9F1000FCFD086
:1016A0006B68032BCCD9BB68C9F800300028D8D0B0
:1016B00040F20B639A4598D1002496E77B6809981D
:1016C00098E806000EF097FB04460028F4D0484640
:1016D000FFF776F989E77B68099898E806000EF02D
:1016E00096FBF1E705F10C030293EB68099801936F
:1016F000AB680093D5E9041205F114030EF026FC43
:10170000044608B90024E2E70023EB606B616CE754
:1017100009980EF061FB0446D9E709982B1DD5E91D
:1017200000120EF0EEFD04460028C5D000236B60C9
:101730005BE70998D6E902120EF075FB044654E700
:101740000998D7E903120EF091FBF7E72B1D0193DF
:101750006B68099800932B68D6E902120EF0CAFB59
:10176000E1E70998D6E902120EF09CFBE6E7F36880
:1017700009980193B3680093D5E9021205F10C03AF
:101780000EF016FC04460028BCD00023EB602CE7CA
:101790006FF0850429E76FF0850070476FF08500D2
:1017A000704700232DE9F04706688EB0B6F8289000
:1017B0000DF1140807460D469246D2E90021404635
:1017C000049300F075F9B9F5106F0FD12B1D039339
:1017D0006B6802932B680193FB680093BB68706889
:1017E00098E806000EF0F6FD044626E040F60113E8
:1017F000994517D12F68002F74D06B68032B71D9CE
:10180000B368394604203B6004AAFFF7A5F80446F4
:1018100098B97168049807F001FF0446002872D156
:1018200000240AE00420B16804AAFFF7F7F8044690
:1018300038B140F60A13994557D020460EB0BDE89E
:10184000F087A9F60219B9F1080F6BD8DFE809F0A3
:10185000050F14281B5F222F4D002968002941D055
:101860006B68042B3ED104980EF0F4FBBCE7316B9F
:1018700004980EF0F8FBB7E7718D0498D7E90223BE
:101880000EF0B1FCB0E7718D0498D6E90C2307F097
:1018900027FFA9E70498D5E900120EF0F5FBA3E7AE
:1018A000718D049898E80C000EF0A6FC9CE72E6859
:1018B000C6B16B68032B15D9B96899B1FA681C2AAF
:1018C00010D107A80DF0D1FBDAF8040007A900F049
:1018D000F2F84246049907A80EF0ECFB059B04467B
:1018E0003360AAE76FF08004A7E72F68002FF9D0D4
:1018F0006B68032BF6D9B3683B60002C90D1049839
:101900000EF07AFB04463846FFF75AF895E7FB6875
:10191000718D0193BB680498009398E80C0007F060
:1019200011FF61E76FF0850487E72DE9F0418EB084
:1019300003ACD0F8008006460D461746D2E90021D8
:10194000204600F0B5F840F20322B8F82830934260
:1019500003D0A3F50273012B0ED8B16811B96FF053
:10196000800426E0F2681C2AF9D107A80DF07DFB5F
:10197000786807A900F09FF8B8F82830A3F500733D
:10198000092B00F28A80DFE803F02F1824052A4192
:101990004D595E77D6E904122E68002EDFD06B68B1
:1019A000032BDCD9234607A807F04AFB0446039B18
:1019B000336020460EB0BDE8F0812E68002ECED0F8
:1019C0006B68032BCBD9D4E9000122460EF011FE3F
:1019D000ECE794E803000EF02DFE0446E9E794E8F6
:1019E000030007F0E9FAF8E794E8030007AA2E6875
:1019F0000DF0C3FD2B680446002BB0D06A681C2A8A
:101A0000ADD8304607A90DF030FBD2E72B1D00936F
:101A1000D5E9002394E803000DF0E2FD044650B937
:101A20000024C6E72B1D0093D5E9002394E80300AA
:101A30000DF0FDFDF2E700236B60BAE794E80300C8
:101A40000EF019FEC9E7002205A811462E6800F025
:101A50002FF82B68002B82D06B68032B7FF67FAFAB
:101A600094E8030005AB07AA0DF011FE0446002818
:101A70009FD1059B3360D3E72E68002E3FF46FAFF4
:101A80006B68032B7FF66BAF214607A80EF0F2FCC4
:101A9000044600288DD1039BECE76FF0850488E7AE
:101AA000D1E9000107F0B4BE0FB4002004B07047C4
:101AB000C0E900217047886170476FF0850070476A
:101AC0006FF085007047FFF7BFB82DE9F04F15465E
:101AD000182204468DB00E460DEB020000219946F7
:101AE000DDF858809DF864B00DF0E4FA74B32289F3
:101AF00004F10C07BBF1000F26D12368CDE90432B5
:101B0000EEB12A46314638460DF0AFFA042205A957
:101B100078190DF0AAFA281D042204A938440DF002
:101B2000A4FA04F1200ABBF1000F2DD00C2150467D
:101B300003F018FA68B14CF2DA23984206D06FF03D
:101B400083000DB0BDE8F08F4346D7E76FF0860005
:101B5000F7E70C230B93142309931023029304F14A
:101B60002C030193189B424600934946179B06A8F5
:101B7000CDE90665CDF828A0089704F049FA0028B9
:101B8000D9D1C4F8048017E00C230B9314230993D4
:101B9000189B42460293179B49460193102306A8BF
:101BA000009304F12C03CDE90665CDF828A0089731
:101BB00004F040FA0028BED10020C2E708B503684F
:101BC00000209B689847002818BF6FF0910008BD5F
:101BD0000020704770B504460E460025E368AB420E
:101BE00001D8002070BD606806FB0300236828440C
:101BF000DB69984710B9A3681D44EFE76FF09100C7
:101C0000F0E72DE9F04F036895B005AA04460E46AB
:101C1000D3F80C8000F017FC00285FD10AA800F070
:101C200014FF014600285CD1DDE9057A3C2205A8B5
:101C3000089D0DF03FFA3146204605AA00F053FDFD
:101C400000284BD1834681462368DB8A5B4515D843
:101C5000002D35D12946204602AA00F084FC002838
:101C60003CD12946204602AA00F09FFEB0BB204688
:101C700000F084FE78B36FF083002FE0B3451CD0F2
:101C80005946204605AA00F0DEFB38BB059BBB4247
:101C90000DD10AA800F0D9FE48B9069B534506D9D4
:101CA000984528BF98465B1B0693089B9944594664
:101CB000204605AA00F017FD80B90BF1010BC3E720
:101CC00043462A4639462046CDE900A900F0B6F938
:101CD00020B9002FCBD1204600F0A0FB15B0BDE805
:101CE000F08F6FF08B00F9E770B50C46164605468D
:101CF00048B341B33AB3098A012924D9032922D030
:101D00003C22E38A022902FB03F3A08AE26807D09F
:101D1000904218D80C200239083300FB013307E049
:101D2000A2F11401C91A81420DD390420BD8143389
:101D3000934208D81822002128460DF0BBF9002054
:101D4000C5E9004670BD6FF08600FBE737B5054674
:101D500000F0B8FD044658B94FF08071284601AA3A
:101D600000F0E3FB38B928460199FFF74AFF044623
:101D7000204603B030BD10F18C0F18BF0446F7E7C2
:101D800000F0C3BC30B591B0144601AB6A4600F018
:101D900099FB0546A8B9049B0C226360039B09A923
:101DA0002360BDF8143004F12000A3600DF05DF94C
:101DB00010220CA904F12C000DF057F9284611B09F
:101DC00030BD6FF08B05F9E72DE9F04399B00DF1C7
:101DD000240804468946154600213C2240461F46F9
:101DE000209E0DF067F94FF6FF73CDE9043325B956
:101DF0006FF0860019B0BDE8F083AB68B3F1807F67
:101E0000F6D2236849465A8A6B682046013B134440
:101E1000524213406B6004AA434600F053FB002873
:101E200040F09380AB6804999A0306D50C9AD5F8D4
:101E300004C062457BD10B900D9305914FF6FF7363
:101E4000059A9A4240F08A8021686B68898A8B42A1
:101E5000CED806A9CDE9028105A90191A96820463D
:101E6000009104998A1A18BF0122494600F0DAFB52
:101E70000028BFD1002F79D12046099906AA00F089
:101E800094FD00285ED10C2205F1200111A80DF06F
:101E9000ECF8102205F12C0114A80DF0E6F80599D4
:101EA0004246204600F01FFC014600284AD1DDE9E9
:101EB00004539D4228BF1D4620462A4600F0EBFCF5
:101EC00000283FD14FF6FF72049B93420FD0059A32
:101ED00093420CD09A4238BF1A462046691C00F043
:101EE000DAFC78BBDDE904539D4238BF1D46236808
:101EF0002046DA8A691C00F0CEFC18BB099B002B37
:101F000065D1002F63D0204600F088FA00287FF4C6
:101F100071AF4FF6FF73049999423FF46BAF059B85
:101F200099423FF467AF2046FFF76BFE62E70D9BD7
:101F3000424643F0807320460D9300F0D4FB002806
:101F40003FF47CAF6FF0830054E710F18C0F7FF407
:101F500051AFAB68DB037FF54DAF6FE720460999C2
:101F600006AA00F000FB002884D0EBE723685B8A18
:101F70005A1E3242E6D107F1FF3999445B4209EA21
:101F800003090B9B9E42DDD84A4631460C9800F06F
:101F900050FD0028D6D1219B4246CDE90093204632
:101FA000334606A900F0C0F80028CBD10B9B3E4475
:101FB0009E420999204688BF0B96069E00F029FA9A
:101FC00031460690099A204600F08AFB54E72046E5
:101FD00000F0D4FC002896D0B4E713B5002301AA82
:101FE000044600F06FFA28B920460199FFF709FE70
:101FF00002B010BD6FF08B00FAE770B592B01546D5
:102000001C4602AA03AB064600F05CFA98B92A46C1
:102010002146059800F00DFD58B9169B2246009305
:1020200030462B4603A900F05EF8002818BF6FF079
:10203000830012B070BD6FF08B00FAE72DE9F04716
:1020400086B01646DDE90E9703AA054688469A46ED
:1020500000F089FA044698B9059B41463344284666
:10206000059300F0D6F906467FB101464A46284658
:10207000CDE900A7039B00F0E0FB28B16FF08304DB
:10208000204606B0BDE8F0870127DDE903324A4566
:102090000AD2A9EB0201CDE900212846314600F021
:1020A000CCFB0028EAD1012742462846039900F0DC
:1020B00017FB4146284603AA039600F076FC044627
:1020C00028B142463146284600F00AFBD8E7B8F16D
:1020D000000FD5D0002FD3D06B683146DB6828685D
:1020E00098470446CCE72DE9FF410D46164609689E
:1020F00001AA04461F46DDF8288000F034FA70B9C2
:1021000001994B1C0BD062686B680A975568424670
:10211000AC462068334404B0BDE8F04160476FF03E
:10212000830004B0BDE8F0812DE9F3471546DDE9F1
:102130000AA90F4698461168044600F06AF96B68D0
:102140007A689844A8EB0203CDE9002306460146CD
:102150003B68204600F071FB20BB6368CDF800A00F
:10216000D3F808A04A46434631462068D047C8B94C
:10217000EB686A68B9681A4423682046DB685B1A12
:102180009B1ACDE9002331463B6800F056FB48B965
:102190002B683BB1314663682068DB6802B0BDE85C
:1021A000F047184702B0BDE8F08713B50C2404FBD4
:1021B00001F3416800948C68083341690068A047C6
:1021C00002B010BD436810B5416904461B69006840
:1021D000984750B923681A8A022A06D96268A1680A
:1021E0001846BDE810401269104710BD008A022849
:1021F00014BF03380020704708B5FFF7F7FF0C2322
:102200003C2200FB033302FB0130083008BD2DE9FE
:10221000F04F002405460F46904626464FF00C0925
:1022200093B0D5F800A05046FFF7E0FF013086429A
:102230000ED300264FF03C09D5F800A0BAF81630AE
:102240009E421DD3002088F8004013B0BDE8F08FF7
:1022500009FB06F36A68CDF80090D2F804B039465D
:102260005046083303AAD8470028EED103AB13F831
:10227000012B01300C2884EA0204F8D10136D0E7A2
:102280006B6831465046D3F804B0FFF7B5FF3946C6
:102290000346CDF80090504603AAD8470028D4D171
:1022A00003AB13F8012B01303C2884EA0204F8D177
:1022B0000136C1E737B5837B01685A1CD2B28273FD
:1022C000097E04469142416904BF023383730129A8
:1022D00000F10D020DD8FFF79AFF40B9082263689C
:1022E00000929D6861690346A2182068A84703B060
:1022F00030BD6FF08600FAE713B50C46114622791F
:102300000346012A09D1036862791B7E9A4214BFF1
:1023100000206FF0830002B010BD022A04D11B68B8
:10232000A2791B7E9A4202D16FF08300F3E7012964
:102330000DD80DF10702FFF76AFF0028EBD1627993
:102340009DF807309A4218BF6FF09100E3E76FF0F5
:102350008600E0E70822F0B5436887B000925C6829
:1023600000236A44054619460068A0470246002833
:1023700032D000264FF0FF3408226B6800925F686D
:1023800001210023286804AAB84700283AD1012275
:10239000284604A9FFF7B0FF0346002832D1002EDB
:1023A00035D02A689DF81610127E9DF80E00B2FAFC
:1023B00082F25209914218D1002914BF022301234D
:1023C0001B1A18BF01231C462C61B4FA84F40020A8
:1023D00064096C6107B0F0BD284602A9FFF78CFFC5
:1023E00004460028C5D10126C6E7904205D1002841
:1023F00014BF022201229142E5D188422CBF002362
:102400000123E0E7002EDFD16FF08300E2E7012433
:10241000DAE709B9406970478068704710B504462B
:10242000FFF748FF70B963686169DB682068984707
:1024300040B9D4E904232046C4E90432BDE8104081
:10244000FFF7C0BE10BD2DE9F341066805463046D2
:102450001446FFF7D1FE3C216A6800910346576895
:10246000304622462969B847064640B92868FFF732
:10247000BDFE23680130834205D36FF097063046D6
:1024800002B0BDE8F08104F1140000F0DEFA00288B
:10249000F5D12D68E768AB8A9F42EED8A3689F42CA
:1024A000EBD3D4E900382BB92846E98AFFF7A4FE1C
:1024B0004045E2D83A464146E86800F0BAFA0028BA
:1024C000DDD0DAE72DE9F0430746884691461C4601
:1024D000002591B03B68DB8AAB4202D86FF08B06D7
:1024E0001AE02946384601AAFFF7ADFFD0B90C2201
:1024F000414606A811F085F8064688B9C9F800508B
:1025000054B101AD0FCD0FC40FCD0FC40FCD0FC40B
:1025100095E8070084E80700304611B0BDE8F08375
:102520000135D7E76FF08306F6E7F0B505460E46AE
:102530001746002491B02B68DB8AA34202D86FF0C3
:102540008B0009E02146284601AAFFF77CFF38B935
:10255000059B1E4202D03C6011B0F0BD0134EAE799
:102560006FF08300F8E773B506460C2000FB01F31B
:10257000716800904C683068316908331546A0478F
:10258000044630B9336829681A8A914204D36FF03F
:102590009704204602B070BDD868D5E9011200F05A
:1025A00048FA04460028F2D12B68012B03D8306882
:1025B000C18AFFF721FE6B688342EAD0E7E7F7B5EF
:1025C0000C2606FB01F3416800964F680833016949
:1025D000054600681446B847034630B92B682168A1
:1025E0001A8A914204D36FF09703184603B0F0BDE6
:1025F000D868D4E9011200F01CFA03460028F2D191
:102600002268012A0AD82A681046FFF7EFFDD18A0E
:102610003C22514300FB06660831881962688242F9
:10262000E3D0E0E72DE9F04F05468B46914698460A
:10263000002791B0DDE91C6A2868FFF7D7FD01305B
:10264000874202D36FF08D0420E052463946284677
:10265000FFF789FF044680BBDAF8082090452AD8A6
:102660002B685946DB6837609B1A73600C22C6F8EA
:102670000C8006F114000CF0F8FC1A9BB460336176
:10268000DAF80830A3EB0803CAF8083000262B68F4
:10269000DB8A9E4205D23146284601AAFFF7D3FEC7
:1026A00070B14FF6FF766FF08D0420461B9B1E60C5
:1026B00011B0BDE8F08F0137BEE76FF08304E5E7A6
:1026C00006A800F0C2F948B1B9F1000F04D0002CFF
:1026D00018BF6FF08D04E8E74FF001090136D6E727
:1026E00002B181607047F7B506680446304615466A
:1026F000FFF782FD3C2162680091034697683046EF
:102700002A466169B84703B0F0BDF0B593B00546FD
:10271000FFF720FE002861D16E696B6831461B69A6
:10272000286898470446002878D1B6FA86F16B6885
:1027300028681B6949099847044600286ED12E680D
:102740000127337EB3FA83F35B09AB73338AC5E9A0
:102750000407022B14BF02230123AB6002232B7357
:10276000F18A3046FFF748FDF36821461B1A0190B5
:102770006A46284602930097FFF717FD0446002893
:102780004CD106462B680190DB6802932B681846F3
:10279000FFF72CFDB04223D8002C4BD12B681846F4
:1027A000FFF724FDA04228D83C22002103A80CF00A
:1027B00081FC00242B68DB8AA34232D82846FFF72D
:1027C00079FD48BB6B686969DB68286898470446EF
:1027D00020BBD5E90423C5E904321FE000269CE7AD
:1027E000198A6A68022914BF03210021184631445E
:1027F0001269904701360443C8E71B8A6A46022BD8
:1028000014BF0323002323440134214628460093A8
:10281000FFF7CBFC0028C1D06FF08304204613B033
:10282000F0BD2146284603AAFFF75DFF0028F3D13B
:102830000134BFE76FF09104F0E72DE9F04F044653
:10284000884616469946C3B0DDE94CA51DB9284611
:1028500043B0BDE8F08FB5F5807F2F4628BF4FF419
:10286000807763680097D3F804B0494653462068E0
:1028700002AAD8470028EBD163680097D3F808B0C4
:1028800041463346206802AAD8470028E0D13E449A
:10289000BA44ED1BDAE7F7B5076804463846164632
:1028A000FFF7AAFC314605463846FFF7A5FC401B5A
:1028B000CDE900502A46204623696169FFF7BDFF34
:1028C00003B0F0BD2DE9F041436805461B68006880
:1028D00086B09847044628B92846FFF73BFD28B143
:1028E0006FF08304204606B0BDE8F08108266B68CF
:1028F00005F108070096D3F804803A462346296973
:102900002868C0470028EBD1394628462A69FFF7D6
:10291000F3FC0028E4D12846FFF754FC04460028C5
:10292000DED12B7B012B24D1014603AA2846FFF7D9
:1029300046FE04460028D5D1059B2A68C3F1FF2333
:10294000D26803F57F03F8331344CDE900633246C0
:1029500028462B696969FFF770FF04460028C1D13A
:102960006B7B2846AB7302232B73FFF757FD04469E
:10297000B8E7022B18BF6FF08304B3E710B586B039
:10298000002103AA0446FFF7EEFD60B92068049A0F
:10299000059BD118C36820465B1ACDE90023D4E912
:1029A0000431FFF74AFF06B010BDF0B504460D46EE
:1029B00087B009B94369136029462046FFF7F5FB44
:1029C0000146E0B9D4E904769DB90C2205FB022248
:1029D0000021206802F10805FFF70EFC401BCDE93D
:1029E00000503B462A4631462046FFF726FF07B0F7
:1029F000F0BD204603AAFFF7B6FD014610B16FF007
:102A00008300F4E7204603AA0396FFF7CEFB0028D5
:102A1000F5D1012DD9D00C2314226B430C3B01932B
:102A200031463B4620460092FFF707FF0028CCD0F6
:102A3000DDE7814206D8401A90422CBF00206FF09B
:102A4000860070476FF08600704700F10C039842D3
:102A500002D16FF08B00704710F8012B002AF6D0DE
:102A600000207047F0B503680446A3F2F233A7B024
:102A7000032B00F22081DFE803F0025AA4A7002311
:102A8000C269169300F11C03A2B10421E26A04F1A9
:102A90002C03DAB104222369042B19D0012070E041
:102AA0000029F3D053F8040D0A4601390028F7D065
:102AB0001146EBE70321F5E7002AECD053F8045D5B
:102AC0001046013A002DF7D00246E4E70322F5E76D
:102AD000206A0428E2D80129E0D1012ADED10021B0
:102AE000606806AA05F0FEFB0428D7D1A368069803
:102AF000002B15DB00220699A06803F084FB002858
:102B0000CCD1216A069816AA03F032FB0028C5D161
:102B10000146236A606816AA05F0EEFB002030E04B
:102B200006A903F085FB0028E4D0022029E0C26951
:102B300000F11C03002A30D00422E16A04F12C03C6
:102B4000002936D004212369042BA7D1012AA5D15D
:102B50000029A3D1606816AA05F0C4FB04289DD102
:102B6000A3681698002B26DB00221699A06803F0B4
:102B70004AFB002892D1169803F032FB003818BFA8
:102B8000012027B0F0BD002AD7D053F8040D11461C
:102B9000013A0028F7D00A46CFE70322F5E70029DB
:102BA000D1D053F8045D08460139002DF7D0014615
:102BB000C9E70321F5E716A903F03AFB0028D3D0B3
:102BC000B3E702F05BFBA9E700253C22294607A8F2
:102BD000CDE90255CDE9045506950CF06BFA3C227F
:102BE000294617A816950CF065FAE269019504F1DB
:102BF0001C0312B30426E26A04F12C034AB3042531
:102C0000731E012B3FF64AAF012D3FF647AF042359
:102C1000002160680DEB030205F064FB04281AD064
:102C20006FF08000ADE7002EE5D053F8041D32466A
:102C3000013E0029F7D01646DDE70326F5E7002D13
:102C4000DED053F8041D2A46013D0029F7D0154671
:102C5000D6E70325F5E7022E16D16669402E27D860
:102C600006AF33463A460121606805F03BFB8642D9
:102C7000D6D1CDE9027602A945B92A46019803F0DA
:102C8000FCF9054628467CE70021F5E7236A402B3E
:102C9000C6D816AACDE90423019804AA03F0EDF9D9
:102CA000DDE9042305460021606805F025FBE9E71E
:102CB0006FF0890065E76FF0850062E708B503F003
:102CC00055FA002814BF6FF09200002008BD0000E4
:102CD000BD1B000001100000BD0F0000D11B000053
:102CE000D51B0000010000000200000004000000ED
:102CF0005B4552525D5B43727970746F5D20556E17
:102D0000737570706F727465642072657175657328
:102D100074210D0A004D62656420544C5320332EFB
:102D2000362E35004372656174696E6720616E20CE
:102D3000656D7074792049545320666C6173682006
:102D40006C61796F75742E0D0A0043726561746948
:102D50006E6720616E20656D707479205053206617
:102D60006C617368206C61796F75742E0D0A0000B8
:102D700001680E4A0346914215D1C169A2F11022A1
:102D8000A2F1EF1291420ED18268012A0BD8C268DB
:102D900012B101698A4206D0586928B19B691B1A91
:102DA0005842584170470120704700BF55AA00FFA4
:102DB0000D4B70B59E68A6B13046FFF7D9FF0446AB
:102DC00078B9F3686BB935690DB9204670BD2846EE
:102DD000FFF7CEFF28B9EB68B34202D12E462D692A
:102DE000F2E70124F1E700BFE0AE00202DE9F04159
:102DF000394E3468F368D4B1B468C4B1002861D0E6
:102E000000295FD001FB00F5B5FBF0F0884259D1F5
:102E1000291D57D8AA070DD025F0030204321C46FD
:102E200003E0616891424FD2A469002CF9D1204699
:102E3000BDE8F0812A46F2E7891A232904F1200728
:102E4000D4E9050C1AD80123A360A0B1C0F818C0BA
:102E5000A36903B158610023C4E905333369DB0773
:102E600002D5FFF7A5FFA0BB2A46002138463C4605
:102E70000CF020F9DBE7C6F80CC0E9E702F1200806
:102E800004EB08032039C3E9011E2169DFF84CE097
:102E9000DC60196144F808E0AEF1102EAEF1EF1ECF
:102EA000C3F81CE001B1CB60C3E9050C40B18361FC
:102EB000996901B14B6101212361C4E90121CAE78C
:102EC000F360F5E70024B2E7D4F808E0BEF1000FA4
:102ED000B2D001200CF01AF8E0AE002055AA00FF95
:102EE000F8B5054600283AD0364E3368002B36D068
:102EF000B268002A33D0834203D8726813449842E0
:102F000002D301200CF002F8A0F120042046FFF7C4
:102F10002FFF0028F5D155F8183C012BF1D145F8C9
:102F2000180C55E90570DFB1BB68CBB955F81C2CFE
:102F30007B68203213447B60386100B1C760202277
:102F4000002120460CF0B6F8386908B183682BB32D
:102F500033699B0703D5FFF72BFF0028D1D1F8BDBC
:102F600040B3836833BB42686368134420336360B3
:102F70000369D4E90521236192B9B9B9426981692C
:102F80006261A161A2B19461A26902B1546103B10D
:102F9000DC60202200210CF08DF8D9E73C46E2E706
:102FA0009161A1690029E9D04A61E7E7F160F8E79A
:102FB000F460E9E7F36845F8083C03B15C61F4604C
:102FC000C6E700BFE0AE002038B50D461422002150
:102FD000044612480CF06EF81149124805F05AFAEE
:102FE000232D1AD914F003031FBF043DED18C3F1BC
:102FF0000403E4182A46002120460CF05BF8074B36
:10300000094AC3E900459C602260A2F11022203DDC
:10301000A2F1EF126560E261DC6038BDE0AE002035
:10302000E12E0000ED2D000055AA00FF0000000079
:103030000000000000000000000000000000000090
:1030400010B50F4C4FF4CC72204600210CF032F832
:103050004FF48073A36108A3D3E90023C4E90423D8
:103060000123A4F8903184F82830BDE8104000F026
:10307000D9BA00BFAFF3008000BD40DFE143E14EAD
:10308000C814002000000000002230B54C4C89B06C
:1030900002AD04904FF4C87301200021CDE9004532
:1030A000CDE906220394ADF814200BF039FD10B1E0
:1030B00001238DF81430049B0022009302204FF46A
:1030C000C873002101950BF02BFD10B101238DF881
:1030D00015304FF4807238A1D1E90001039BC3E998
:1030E00004019A61049BC3E904019A61002006A9C6
:1030F00000F020FE002858D12946012000F01AFED9
:10310000002852D1022007A900F014FE00284CD15B
:10311000079A029B9A429DF8143018BF0790012B22
:1031200003D0002003A900F05CFD9DF81530012BB1
:1031300003D0012003A900F054FD039B049993F8E8
:103140002830012B1CBF01238DF8143091F8283052
:10315000012B1CBF01238DF8153040F20113BDF87F
:1031600014209A4225D09DF81430012B07D14FF43A
:10317000C8721348A4F890310BF077FF07E09DF870
:103180001530022B13D04FF48073A4F8903194F8CB
:103190009101002101300BF013FD10B110F18C0FE3
:1031A00003D1074800F0B6FB002009B030BD012371
:1031B000DDE76FF08300F8E700BD40DFE143E14E5B
:1031C000C81400206FF47A72F0B5474B04461860BB
:1031D00003688DB01344042B08D8DFE803F00327FD
:1031E0004867770003698668082B02D06FF0800576
:1031F00059E08569042DF9D10021406808AA05F03D
:1032000071F80828F2D12B460221606806AA05F061
:1032100069F80428EAD1069B30460193636900935C
:10322000DDE9082300F08CFC05463CE00369082B2F
:10323000DCD14569042DD9D10021406808AA05F0E8
:1032400051F80828D2D12B460121606805AA05F063
:1032500049F80428CAD106AB0293236A0193059B5F
:103260000093A068DDE9082300F080FCDCE7036937
:10327000082BBBD1076A0C2FB8D10021406806AAE1
:1032800005F030F80828B1D1DDE9062308AE009634
:10329000A06800F07FFC054628B901463B4632464F
:1032A000606805F029F828460DB0F0BD0369082BC9
:1032B0009CD10021406808AA05F014F8082895D18F
:1032C000DDE90823A06800F075FCADE7056A042D70
:1032D0008CD100F082FC2B4608900021606808AA7F
:1032E00005F00AF80025DEE7601D002038B5074B21
:1032F00002461D680C460B466868012104F0F2FF87
:10330000844214BF6FF08000002038BD601D002093
:103310000B46044910B40C6802460021606810BCDA
:1033200004F0EABF601D002008B5074907480BF00C
:103330004BFF00F021F830B100F051FC18B9BDE8A6
:10334000084000F019B808BD00025005803D00009B
:1033500038B5084D2B4600F0FDF9044618B9BDE814
:10336000384000F089BA002128680BF029FC20467B
:1033700038BD00BF641D002010B5044C2046FFF787
:1033800083FE034B383C5C6010BD00BFB80C0020CE
:10339000641D00202DE9F347DFF864A01F46534663
:1033A00081468846164600F02BFA044608BB154DA8
:1033B000DAF80000294601AAC5E90498AE6100F0D8
:1033C00055FC044678B9AE6ABE4216D30A9BF61B7A
:1033D0009E4228BF1E4605F1380031463844FFF7AB
:1033E00097FF0B9B1E6040F64802002105480BF03A
:1033F00061FE204602B0BDE8F0876FF08604F2E778
:10340000641D0020800C00202DE9F04F85B0DDF810
:1034100038A00746BAF5006F0E4690469B4673D813
:10342000DFF8EC904B4600F0EBF9044600283FD162
:10343000384DD9F80000294603AAC5E90476C5F835
:10344000188000F013FC044600284CD12B6BDB07DE
:103450004FD4C5E90BAB4FF0010B5B46D9F80050D8
:1034600051462D480193FFF741FF0446C0BB019B25
:103470002749184600F03CF9044688BB2549D9F88D
:103480000000C1F828A000F023FC044628BB4246F7
:1034900038463146FFF75CFF044668B340F6480201
:1034A00000211C480BF006FE204605B0BDE8F08F59
:1034B00010F18C0FF8D1174C40F64802002120463D
:1034C0000BF0F8FDC4E90BAB4FF0000B02235D4697
:1034D000C4E90476C4F81880C2E70DB1C9F80050F9
:1034E000BBF1000FDAD0424638463146FFF730FFD5
:1034F000D4E76FF08404F6E7002DCFD021462846AC
:103500000BF05EFB0446C9E76FF08604CCE700BF12
:10351000641D0020800C0020B80C00202DE9F3472A
:10352000DFF84CA01E46534681468846174600F0F9
:1035300067F90446B8B90F4DDAF80000294601AA28
:10354000C5E90498AF6100F091FB044628B9AB6A65
:103550007360EB6A33602B6BB36040F64802002166
:1035600004480BF0A7FD204602B0BDE8F08700BF7D
:10357000641D0020800C00202DE9F7431A4F80467F
:103580003B460E46914600F03BF9044620BB174DE2
:103590003868294601AAC5E90486C5F8189000F0E4
:1035A00065FB044690B92B6BDB0719D44A464046AD
:1035B000314600F03BF9044640B900F05DF904469D
:1035C00020B9214638680BF0FBFA044640F6480261
:1035D000002106480BF06EFD204603B0BDE8F083E5
:1035E0006FF08404F2E700BF641D0020800C00200F
:1035F000F0B500250A4CD4E910768E4208BF874208
:1036000005D1A66C964202D100201D60F0BD0135A7
:103610000B2D04F12004EED16FF08B00F6E700BF14
:10362000C8140020002030B5DFB0029000F08DFB00
:103630000246002836D102A900F07CFB024688BB76
:103640002A4C029D204600F06DF9024650BB4FF413
:10365000B47204F1280103A85D950BF006FD4FF448
:10366000B672204603A900F009FA0246D0B994F8D0
:1036700091514FF4C872009023460021681C0BF052
:1036800031FA024670B994F89031039003A90120F1
:1036900084F8913184F89051029C00F04BFB68B1A2
:1036A0006FF0830210465FB030BD012000F04DFB8B
:1036B00002460028F6D1039B01330393039B9C42EF
:1036C000F3D8022003A900F035FB0028E8D1039BC2
:1036D0009C4201D80022E5E7022000F036FB0246BA
:1036E0000028DFD1039B01330393F0E7C8140020C7
:1036F00070B50D4648B300231C46154AD2E9101692
:10370000314304F1010106D00B2919D01C462032A7
:1037100023460C46F2E70B2900F1FF300FD0203290
:103720000028F5D12346DC1C204600210BF048FA86
:1037300010B110F18C0F01D100202C6070BD0A2354
:103740000028F0D06FF08D00F8E76FF08600F5E705
:10375000C81400202DE9F0471E4600238146884604
:1037600017468AB0244D02AC01930FCD0FC495E8E3
:103770000F0084E80F003A464846414601ABFFF788
:1037800037FF1E4D824668B9019C202205EB441488
:103790003034214602A80BF068FC20225146204616
:1037A0000BF088FC33687168DC1E05EB431343E9BA
:1037B000089805EB44131C463034102220469F64C1
:1037C0000BF053FCFFF72EFF064688B1DDE9063209
:1037D000134308D0019B202205EB431502A905F1F4
:1037E00030000BF042FC2022002120460BF062FC4E
:1037F00030460AB0BDE8F087603D0000C8140020E4
:1038000037B51D4601ABFFF7F3FE044648B9019BEF
:103810000549DA1C2A606868102201EB43110BF09D
:1038200024FC204603B030BDF8140020002330B53E
:103830008BB0019301ABFFF7DBFE0446B0B9019BEF
:103840000C4D202205EB4315294602A80BF00DFC78
:103850002146202228460BF02DFCFFF7E3FE04460C
:1038600020B12022284602A90BF0FFFB20460BB016
:1038700030BD00BFF8140020034B002193F89101E4
:1038800001300BF09DB900BFC814002030B589B0DD
:1038900004460D461822002102A80BF00BFC002361
:1038A0004FF440710093194B6846CDE903134FF470
:1038B0001053ADF8043080234FF00821ADF80630E6
:1038C0000BF09CF800BB40F201116846104A0BF067
:1038D0004FF8A0B90C232A4640F2012168460BF0AC
:1038E000B1F860B92246694601A80BF0D3F830B9A7
:1038F00068460BF061F838B120680AF07FFF68462F
:103900000BF05AF86FF0830009B030BD000250058B
:1039100002C0FF7F00F11C010C2201480BF0A5BB87
:103920006C1D00201FB50822184904460DEB02004B
:103930000BF09BFB042216490DEB02000BF095FBEC
:10394000029B039A013342F10002CDE90232134394
:1039500014D008220D480DEB02010BF086FB042267
:103960000B480DEB02010BF080FB0C22074904F120
:103970001C000BF07AFB002004B010BD019B01334A
:103980000193002BE5D16FF08300F5E76C1D00205B
:10399000741D00202DE9F0438DB00E4609A90446A0
:1039A00090469946159F179D00F046F909A908A869
:1039B000FFF76CFF18BB169BCDE90068CDE90473D7
:1039C000149B1049CDE9029308980C23069504F145
:1039D0001C020AF031FF28B108980AF00FFF6FF0BF
:1039E00083000CE0296810221039296020463944F0
:1039F0000BF03BFB08980AF001FF0028EFD10DB057
:103A0000BDE8F083000250052DE9F04104461D4653
:103A10008CB0129E0F4609A9904600F00DF9214680
:103A20001022A8190BF021FB09A908A8FFF72EFF07
:103A3000B8B9159B10360693149BCDE90256059331
:103A4000139BCDE9007804930B490C23089804F1EB
:103A50001C020AF03FFF38B108980AF0CFFE6FF061
:103A600094000CB0BDE8F08108980AF0C7FE002869
:103A700018BF6FF08300F4E70002500570B58EB0F8
:103A80000D460BA90446164600F0D6F80BA90AA865
:103A9000FFF7FCFEF0B909AB06931023CDE9020055
:103AA000CDE90443CDE900560C230B490A9804F1F3
:103AB0001C020AF0C1FE18B9DDE90930102B05D04F
:103AC0000A980AF09BFE6FF0830003E00AF096FE6E
:103AD0000028F8D10EB070BD0002500570B58EB050
:103AE0000D460BA90446164600F0A6F80BA90AA835
:103AF000FFF7CCFEB8B909ABCDE90503102304905C
:103B0000CDE90243CDE900560C230B490A9804F194
:103B10001C020AF0DFFE099B18430A9805D00AF040
:103B20006DFE6FF094000EB070BD0AF067FE0028C5
:103B300018BF6FF08300F6E700025005FFF7F4BBF3
:103B400030B4194604461046DDE9022350EA010567
:103B500005D0072B07D8224630BCFFF755BC6FF0C5
:103B6000860030BC70476FF08500FAE770B41946E4
:103B700004461046DDE9033250EA0106059D05D0F2
:103B8000CDE90325224670BCFFF704BC6FF0860028
:103B900070BC7047194610B40446104650EA010242
:103BA000019B03D0224610BCFFF7B8BC6FF0860023
:103BB00010BC7047194652EA010310B5044610467E
:103BC00008D02246FFF7D8FC10F1950F08BF6FF020
:103BD000830010BD6FF08600FBE700207047FFF701
:103BE0002FBA70B551F82060DCB0CB684FF4B472D6
:103BF00005460C4601A806F128015B930BF035FA47
:103C00004FF4B672304601A9FFF768FF80B123690F
:103C100083B14FF4B672304601A95B93FFF75EFFA4
:103C200000280CBF032301232C4423725CB070BD19
:103C30000223F9E70123F7E71FB5D0E904230C4677
:103C4000CDE90223042283690DEB02012046019392
:103C50000BF00BFA0822201D0DEB02010BF005FA08
:103C600004B010BD0F30000901307047F0B51646A2
:103C7000002289B005AB019301F11C030D460093AE
:103C8000114640F61C0307460AF04AFFD8B9059CC6
:103C900006970C3C2046FFF7E5FF07AB3060039327
:103CA0004FF4026305F12807CDE9017304223B4676
:103CB0002846009406A9FFF7A7FE30B9079B9C424F
:103CC00018BF6FF0830009B0F0BD6FF08300FAE712
:103CD0002DE9F04186B00490064608460D468F6AED
:103CE000FFF720FE0446B0B905AA03924FF4026222
:103CF00007F1100805F12803CDE901322846042216
:103D0000CDF8008004A9FFF745FE10B9059B984542
:103D100005D06FF08304204606B0BDE8F08121464F
:103D20000094304605F11C0307F11C020AF0DAFE8C
:103D30000446F0E70A4608B504210AF06FFF0028A0
:103D400014BF6FF08300002008BD08B50AF04EFFD5
:103D5000002814BF6FF08300002008BD00000000A1
:103D60000000000000000000000000000000000053
:103D70000000000000000000000000000000000043
:103D80005B494E465D5B50535D20456E63727970B2
:103D900074696F6E20616C673A20307825780D0A5F
:103DA0000000000000000000000000000000000013
:103DB0000000000000000000000000000000000003
:103DC000F83D010000AF002036000000C03D0100BA
:103DD000801D00200E000000C03D0100800C00206E
:103DE00000000000D8AF0020CB040000B81D002068
:103DF00052240000800C002040040000600C0020D1
:103E00000800000003F098BC08B572B60C4A0D4BD0
:103E10009A600D4B83F309880C4B83F30A8883F374
:103E20000B880B4B04A1D1E90001C3E9000100F0AC
:103E3000C3F804F003FA00BFA5EDF5FEA5EDF5FE0D
:103E40000000000000ED00E0580C0020600400209D
:103E5000580C002008B500F009F808B500F006F885
:103E600008B500F003F808B500F000F8EFF308809B
:103E7000EFF309812DE9F00F6B46724600F014F95B
:103E800008B0FFF7BFFFFEE708B5FFF7EFFF08B583
:103E9000FFF7ECFF08B5FFF7E9FF08B5FFF7E6FF0E
:103EA00008B5FFF7E3FF08B5FFF7E0FF08B5FFF738
:103EB000DDFF08B5FFF7DAFF08B5FFF7D7FF08B554
:103EC000FFF7D4FF08B5FFF7D1FF08B5FFF7CEFF26
:103ED00008B5FFF7CBFF08B5FFF7C8FF08B5FFF738
:103EE000C5FF08B5FFF7C2FF08B5FFF7BFFF08B56C
:103EF000FFF7BCFF08B5FFF7B9FF08B5FFF7B6FF3E
:103F000008B5FFF7B3FF08B5FFF7B0FF08B5FFF737
:103F1000ADFF08B5FFF7AAFF08B5FFF7A7FF08B583
:103F2000FFF7A4FF08B5FFF7A1FF08B5FFF79EFF55
:103F300008B5FFF79BFF08B5FFF798FF08B5FFF737
:103F400095FF08B5FFF792FF08B5FFF78FFF08B59B
:103F5000FFF78CFF08B5FFF789FF08B5FFF786FF6D
:103F600008B5FFF783FF08B5FFF780FF08B5FFF737
:103F70007DFF08B5FFF77AFF08B5FFF777FF08B5B3
:103F8000FFF774FF03689A070CD50368DB070DD5AC
:103F90000922074BC3F80C250F22C3F80425012280
:103FA0001A60FEE7034B0360EF3B0360704700BFFE
:103FB00000801050F000FA5008B501232F4A304815
:103FC000C2F80038A2F55722D2F800242D4AD2F8C0
:103FD0004023332A04BF2C4AC2F80C34FFF7D2FF27
:103FE0000830FFF7CFFF0830FFF7CCFF0830FFF7AE
:103FF000C9FF00F5F470FFF7C5FF244AD2F88C30F2
:1040000043F44063C2F88C300022D30003F57F03F1
:1040100003F54043D3F8001401310AD0D3F800145B
:1040200039B1D3F800140132D3F80434402A0B60BC
:10403000EBD1174BD3F80026D2071AD4154B1349EE
:10404000D3F8182522F00302C3F81825D3F8182551
:10405000C3F81825D1F88C2042F44062C1F88C20B6
:104060000022C3F8A0250C4AD2F80034012BFBD063
:1040700008BD6FF00102C3F80026DFE70000125010
:1040800000F50E5000C0FF000030055000ED00E0CC
:1040900000E0105000E00450009004507C220149E0
:1040A0000AF0E3BFA0B5002038B51D46394B3A4CA5
:1040B0005B68C3F308032360EFF303836365530670
:1040C000C4E90120E16039D502F00C020C2A08BFD6
:1040D000084601462061202230480AF0C6FF25B17B
:1040E000202229462E480AF0C0FF2A4B9A6AA26570
:1040F000D96AE165986B206602F400406066586BEF
:10410000A06602F08000E0669A62D962D3F8E420EB
:1041100024482267D3F8E810616702F04001A167E4
:10412000C3F8E4200E2101F0A9FB2268D31E042B62
:1041300025D8DFE803F00F181B1E2100EFF394834E
:10414000990704D5130702D5EFF38980C1E7EFF390
:104150008880BEE70C21144801F090FBEFF38883C0
:10416000EFF3898338BD12211048F5E70B21104881
:10417000F2E70D210F48EFE70E210F48ECE70F2A79
:1041800095BF142125210D480D4888BF103A02F033
:10419000D3F8E3E700ED00E0A0B50020B4B50020BF
:1041A000D4B50020307E00003E7E00004A7E000034
:1041B0005C7E0000677E0000747E0000827E00004E
:1041C000967E000037B5084C6369984748B9E56AA0
:1041D000A847C307FCD4236A019303B0BDE830406D
:1041E0001847002003B030BDBC7E000010B50B4C5A
:1041F0000020A368984780B902202369984760B9D6
:104200004FF4E1310120A46AA04730B90121152003
:10421000A04710B90122024B1A7010BDBC7E0000ED
:1042200074C20020064B82B01868002382B262F389
:104230000F03000C60F31F43184602B0704700BF25
:10424000047F0000014BD86D704700BF04AF002011
:10425000014B186E704700BF04AF002008B502483C
:1042600000F0E6FB002008BD04AF0020F0B5C2B2AC
:10427000012A04460B4685B00AD0A2F11501012996
:1042800000F2D280002B00F0BD80002005B0F0BD10
:10429000684D01AE95E8070086E807004DF6C0229C
:1042A00093427CD028D8B3F5615F7BD011D8B3F5A9
:1042B000965F79D008D8B3F5966F77D0B3F5166FBF
:1042C00077D06FF00700E1E7B3F5165FF9D15A4BED
:1042D00033E047F6122293426ED007D8B3F5964FDB
:1042E0006DD0B3F5E14FECD1544B26E0B3F5164F4A
:1042F000E7D14FF41D0320E0514A934261D011D819
:10430000B3F5E13F60D007D8B3F5614F5FD0B3F5A7
:10431000963FD6D14B4B10E0B3F5613FD1D14FF072
:104320006C730AE0B3F5612F54D0474A934254D0DE
:10433000B3F5E12FC5D14FF0E86314F4E06F55D128
:1043400014F4404103D0B1F5804F52D110213F4FBA
:1043500004F44052B2F5805FB7F8940040D0B2F553
:10436000005F40D0002A47D114F4403403D0B4F5A4
:10437000403F44D101248DF804408DF805208DF88C
:104380000610ADF8080096E8070085E807003049F8
:10439000C7F88C30A1F1640001F0E3FB75E74FF43E
:1043A0006503CAE72B4BC8E72B4BC6E74FF49E23A8
:1043B000C3E74FF41D23C0E74FF40003BDE7274BCD
:1043C000BBE74FF08063B8E74FF0EB73B5E74FF40E
:1043D0006B03B2E74FF07063AFE74FF08053ACE789
:1043E00000200E22C0E74FF48070FAE76FF008005B
:1043F0004CE76FF00A0049E76FF0090046E76FF0FD
:104400000B0043E71148162A4FF0FF3315BF014652
:1044100000F1640141F8643F836601F0A2FB10F1F2
:10442000100F04D0C01731E76FF003002EE76FF0D4
:1044300001002BE794AF00200050270000C075005A
:1044400090D0030000903A0140420F0004AF0020DA
:1044500068AF002000F03A0000B0130000A04E004A
:1044600073B506461B480C4601F0B7FB194D18B949
:104470004FF0FF3002B070BD22463146284601F0B1
:104480008AFC10F1100F02D16FF00100F2E7002852
:10449000EEDB0321284600F029FB10F1100FF3D0CA
:1044A0000028E5DB00230193284601A901F01FFD48
:1044B00010F1100FF8D07830DAD0019B9C42D7D899
:1044C00001220448114601F010FD0028D0DB002035
:1044D0002C66CFE704AF0020F0B51B4E054691B027
:1044E00030460C4601F079FB18B94FF0FF3011B09F
:1044F000F0BD05F06043B3F1005F20D100232246F8
:104500002946304601F06FFB10F1100F19D000283A
:10451000EBDBF46511E0A71B402F28BF4027A9194A
:104520003A4668460AF0A1FD39466846FFF7D4FFCF
:104530000028DCD14036B442EDD80020D7E7002671
:10454000F9E76FF00100D2E704AF002010B50A4C84
:1045500004F16400D4E9151201F0A6F90146002225
:10456000204600F0DFF90028AABF00206FF001000C
:10457000C4E9170010BD00BF04AF00207FB50025BF
:104580000C46C0F810511646D0F81021D0F8002281
:1045900022F02002C0F80022104AC0F8082301F0DF
:1045A000D4F9A560256104F14C03D3E8EF1F21F491
:1045B0007F0121F47041C3E8E21F002AF5D11022E7
:1045C000294668460AF076FD042368468DF80030D7
:1045D0000196D4E90013984704B070BD200218007A
:1045E000044B054A1B68B3FBF2F35843034B43F0FB
:1045F0000103184700AF002040420F00207F000059
:104600007F2800F01F034FEA50110BD8084A52F8D8
:10461000212002EB8303D3F88010064A0A40C3F836
:10462000802070470022203352F82330FFDE00BF85
:10463000087F0000F0F0FCFF7F284FEA501208D8F6
:10464000054B00F01F0053F82220012383405360E4
:10465000704700235B60FFDE087F00007F2800F0CA
:104660001F034FEA50110DD8094A52F8212002EBDE
:104670008302D2F88010074B0B4043F00303C2F8CB
:10468000803070470022203352F82330FFDE00BF15
:10469000087F0000F0F0FCFF91F839302DE9F74F6A
:1046A00005460C460E682BBB076D47F0007303658B
:1046B000701C05D03046FFF7BFFF3046FFF7CEFF36
:1046C0006068411C01D0FFF79BFF94F82C30012B50
:1046D00010D1E06847F02067421C2F6501D0FFF73A
:1046E0008FFFA1684B1C05D00846FFF7A5FF0846C1
:1046F000FFF7B4FF94F838E0BEF1000F03D12B6D43
:1047000043F080732B65D4E90183278EB4F832A07F
:104710000093E36894F82D9094F82E10A08E94F8EE
:104720002CC0E28EDFF8A0B0019347EA0A072B689D
:104730003843A56A41EA09015B4542EA00024CEAB6
:10474000010108BFED080A43C3F82455C3F86C25DE
:10475000BEF1000F0DD1BCF1010F08BF009AC3F8E4
:104760000466C3F80C8602BFC3F81026019AC3F88A
:104770000826002194F83B20C3F84C11D3F84C01D3
:10478000C3F86811D3F86801C3F81411D3F8140101
:10479000C3F82411D3F82401C3F830110B48D3F81F
:1047A00030115201C3F30F31C3F30833D2B2C4182E
:1047B00084F80023012201F01F015B098A4040F8C0
:1047C000232003B0BDE8F08F00D0045000E100E0EA
:1047D0007F2800F01F034FEA50110DD8094A52F804
:1047E000212002EB8302D2F88010074B0B4043F0EC
:1047F0000203C2F8803070470022203352F8233081
:10480000FFDE00BF087F0000F0F0FCFFF8B50546B2
:104810002B6D046803F48223B3F5805FD4F80002A3
:1048200005D009B100232B626FF07600F8BDD4F8F3
:104830000463C4F8086309B9830647D4D4F8003286
:1048400023F02003C4F800324FF4A11305F1500700
:10485000D7E8EF1F1943C7E8E01F0028F8D112B9C5
:10486000AB68002B59D12E4BC4F808330123E36207
:10487000D4F82431002BFBD00023C4F85031D4F8F5
:104880005021C4F84C31D4F84C21C4F82431D4F868
:1048900024212A6D12F400421BD12A62204601F025
:1048A00054F80023EB606B61D7E8EF3F23F47F03FC
:1048B00023F47043C7E8E23F002AF5D126F4C0167E
:1048C00026F408760020C4F80463AFE74FF4803381
:1048D000BCE7C4F85031D4F85021EA69C4F8042781
:1048E0000522C4F80827C4F84C31D4F84C31012310
:1048F000E361D4F84C31002BFBD00022C4F84C21EA
:10490000D4F84C31D4F850310BB1D4F80C372B62B9
:10491000C4F85021D4F85031C0E70123E362D1E755
:10492000200218002DE9F34104460F4694F84C107C
:1049300090460430002966D150220AF0BBFB3B6947
:1049400063607B69E363BB6903B1013B23643B6A3A
:104950002568042B81BFFB69E36100232362D5F83E
:10496000003243F48023C5F80032012384F84C3030
:10497000D5F85021C4F80880EAB939462046FFF737
:104980008BFE0822002325688DF80730C5F8002526
:104990000DF10702C5F83C27C5F8403701230A2668
:1049A0002B656B65D5F8303183BB0120FFF718FE0E
:1049B000013EF7D120E008226426C5F80025EB620D
:1049C000D5F82431EBB9D5F81431D3B90A20FFF763
:1049D00007FE013EF4D10023C5F85031D5F850212F
:1049E000C5F84C31D5F84C21C5F82431D5F824212F
:1049F000C5F80035002EC0D16FF08B0002B0BDE8C5
:104A0000F0810126E7E76FF07700F7E70020C5F8AF
:104A100068018045D5F86831044B08BF0346226819
:104A2000C5F80005C2F80433E8E700BF200218000B
:104A30002DE9F041012503682A4A2B4EC3F80823CB
:104A4000C3F30431C3F3434205FA01F120320446B3
:104A500046F82210BFF34F8FBFF36F8FD3F80022B9
:104A6000294622F48022C3F800222A46FFF7CEFE10
:104A70002946204601F04AF9256D2368E901D3F85B
:104A80000406D3F80C86D3F81066D3F8087609D557
:104A90004FF0FF32C3F80426C3F80C26C3F81026E3
:104AA000C3F80826AA0115D5431C01D0FFF790FED4
:104AB000B8F1FF3F02D04046FFF78AFE290109D531
:104AC0007A1C02D03846FFF783FE731C02D03046B2
:104AD000FFF77EFE002384F84C302365A360BDE819
:104AE000F08100BF2012180400E100E0F8B506468E
:104AF000044656F8505B071DD6E8EF3F43F480525A
:104B0000C6E8E02F0028F7D1DA0468D44B0702D5B5
:104B1000E369002B66D0354BC5F808330823C5F888
:104B200000350023C5F84C31D5F84C21C5F850317B
:104B3000D5F85021C5F824310A03D5F824318B0368
:104B400003F4804302F400524903134301F400418B
:104B50000B43D6E8EF2F1A43C6E8E12F0029F8D11E
:104B6000E368C3B9A3687BB9236DD80435D5D6E80B
:104B7000EF3F23F47F0323F47043C6E8E23F002AAB
:104B8000F5D16FF00B00F8BD0321384600F0B8FEF8
:104B9000E368002BE8D0D5F80433D90610D5A36814
:104BA00073B1236D1A030BD5D6E8EF3F23F400232E
:104BB000C6E8E23F002AF7D10621384600F0A0FE01
:104BC000236DDB0409D5D5F850310BB90123AB6255
:104BD000A36813B1054BC5F804330020D3E76FF089
:104BE0000F00D0E74FF0FF30CDE700BF20021800E4
:104BF00072B6024A13680133136070471CB6002076
:104C0000034A1368013B136003B962B6704700BFE3
:104C10001CB6002000487047547F00001FB50B4AA7
:104C200001AB10685168128903C31A800123002167
:104C300001A88DF8043000F0BBF818B110F1780F1E
:104C400008BF002005B05DF804FB00BF6C7F0000CA
:104C5000F8B58507144618D10D4DA84215D82D1A60
:104C6000B5EB820F11D30B4ED6F80075D6F8005570
:104C700007F00107C6F8007500F072F8204605F449
:104C80007C553D43C6F80055F8BD6FF00400FBE7C6
:104C900000D01F0000E0045038B50346094D084617
:104CA000AB4214460AD8ED1AB5EB840F4FEA8202E4
:104CB00004D319460AF0D9F9204638BD6FF0040034
:104CC000FBE700BF00D01F0070B50478437841882F
:104CD0000679C288057A44EA0324184B41EAC67172
:104CE00042EA0542C3F80045C3F80C15C3F8102585
:104CF000D3F80424D207FBD5114A1268E2B100218F
:104D0000427AC3F80C11D3F80C01C3F80411D3F89C
:104D10000401C3F80811D3F80801C3F80011D3F84F
:104D2000001152010749D2B281F84E234FF480425C
:104D30008A600F22C3F80423002070BD00E00450F5
:104D400054C2002000E100E0044B40EA0120C3F817
:104D50000005D3F80024D207FBD5704700E00450CB
:104D60002DE9F04104460D461646DFF8408001204B
:104D7000D8F80075D8F8001507F00107C1F3052130
:104D8000FFF7E2FF04EB86062B1FA64204D138464C
:104D9000BDE8F041FFF7D8BF53F8042FD8F804045A
:104DA000C007FBD544F8042BEFE700BF00E0045038
:104DB00010B5064C237933B92160FFF785FF08B998
:104DC0000123237110BD6FF07700FBE754C2002070
:104DD000003A18BF0122003918BF01210368890079
:104DE000074841EA4201186359605A6842F00102DB
:104DF0005A60BFF34F8FBFF36F8F0020704700BF23
:104E000004AAFF000123084AC2F8043302F58022F5
:104E1000C2F8043302F58022C2F8043302F580227E
:104E2000C2F80433704700BF000004500D4BD3F8A4
:104E3000000103F58023D3F8003183B9003818BF8F
:104E400001208000084BD3F80031002B074B18BF1E
:104E50000420D3F80031002B18BF04207047042031
:104E6000F0E700BF0000045000000C50000010509C
:104E70000122024BC3F80423704700BF0010045006
:104E8000034BD3F80001003818BF0120C000704761
:104E9000001004500022034BC3F80021D3F8003166
:104EA000704700BF0010045000230A4AC2F80031C6
:104EB000D2F80021084AC2F80031D2F80021074A8E
:104EC000C2F80031D2F80021054AC2F80031D2F808
:104ED00000317047000004500000085000000C50E2
:104EE000000010500022104630B50749074C51F819
:104EF000043BD3F800511DB1D3F8040423401843F8
:104F00000132042AF3D130BD787F00000000FFFF9A
:104F100010B5FFF78BFF0D4C4207206002D5FFF75D
:104F2000E1FF6060FFF7ACFF2368184303072060D0
:104F300006D5074BD3F800246260D3F80434A3608D
:104F40001621BDE81040034800F098BC5CC2002068
:104F500000100450887F00000C2201490AF085B837
:104F60005CC2002038B5044600B30B291ED9114D90
:104F70002868431C02D143F6DA3038BD78B10822E4
:104F80000D4920460AF071F804220A4904F108008C
:104F90000AF06BF82B68002001332B60EDE7082244
:104FA000054905F037FD0028E9D0E4E74CF2DA20A6
:104FB000E3E700BF68C200207AC200202DE9F04F6D
:104FC00017461C22ADF2044D044689460DEB020043
:104FD00000211D46DDF828649DF834840AF06AF843
:104FE0004FF46A72002116A80AF064F810230693A1
:104FF000002C78D0236813B96268002A73D1A268A4
:1050000012B9E268002A6ED1226912B96269002AD7
:1050100069D1DDF82C24002A65D0DDF830240F2A70
:1050200061D9B8F1000F01D0BE425CD34FF0200B24
:105030000DF1380ACDF808B0CDF804A0626802205E
:1050400000920022114609F005FE00284ED14FF4CF
:105050004072284B07A9CDE90923274A00930792FC
:105060005B46524616A8B8F1000F2ED007F03EFC62
:1050700038BBD4E9041216A807F070FC08BBD4E9C9
:10508000021216A807F096FCD8B905AC2B463A4692
:105090004946CDE9006416A807F0ACFC88B922683F
:1050A000A918B21AB8F1000F12D006AB0293DDF8BE
:1050B000303416A80193DDF82C340093234607F012
:1050C000BFFC0DF2044DBDE8F08F07F02BFCCFE7DD
:1050D000DDF8303416A80193DDF82C340093234614
:1050E00007F0DAFCEDE74CF2DA20EAE743F6DA30D3
:1050F000E7E700BF0005100504200001F8B502F045
:105100004DFD044680BB09F005FE50B93221194817
:1051100000F0B4FB09F048FE40BB0A21164800F03D
:10512000ADFB164A2721D368154823F008031B045A
:105130001B0C43F0BF6343F40033D36000F09EFBCD
:1051400000220C210F4801F0F7F8002501260E4F30
:1051500006FA05F39B0704D02A460621384601F0DB
:10516000EBF80135202DF3D12046F8BD45F223544C
:10517000FAE700BF9E7F0000D07F000000ED00E056
:10518000DA7F0000018000000D800000024B1860F3
:10519000024B00201960704770C200206CC20020D2
:1051A0001FB5274C426923685A6282699A62C269B4
:1051B000DA62026A1A63426A5A63826A9A63C26A4C
:1051C000DA63026B1A64426B5A60826B9A60C26B3C
:1051D000DA60026C1A61426C5A61826C9A61C26C2C
:1051E000DA61026D1A62826D5A65C26D9A65026F4C
:1051F000DA65026E1A66826E5A66426F9A66EFF33D
:1052000088825A64EFF389829A644268DA64EFF321
:1052100094821A65026801A81A67FFF79DFE236849
:10522000019ADA6601221A70064B1C686408640051
:1052300020462146224623460EF03CFA04B010BD1B
:1052400070C200206CC2002000B5A1B001A8FEF71A
:1052500025FF029B63B15B060AD4019B23F0020386
:10526000052B05D1044B1B6813B101A8FFF798FF6C
:1052700021B05DF804FB00BF6CC20020BFF34F8F6C
:105280000549064BCA6802F4E0621343CB60BFF3E2
:105290004F8F00BFFDE700BF00ED00E00400FA05FE
:1052A000254B264A4FF47A611A600122244B254887
:1052B000C3F80424D0F82436C3F30802C3F3094327
:1052C0004B4382F480722049883201FB02334FF451
:1052D000FA215B00B3FBF1F201FB12331B49B3F57A
:1052E0007A3F28BF0132C1F80429D0F820364FF4A4
:1052F0007A60C3F30802C3F30943434342F21C50EC
:1053000082F4807202F2172200FB02334FF47A70AB
:105310001B0AB3FBF0F200FB12330020B3F5FA7F57
:105320004FF0010328BF0132C1F81C27C1F8000962
:10533000C1F80036704700BF00AF00200020A10771
:10534000002008E000C0FF00F82A00800000125092
:10535000F8B5C0F30B0686B920F47F650A4F25F037
:105360000F054418AC4201D83046F8BD2846FB6909
:10537000984728B905F58055F4E74AF2C536F3E7B2
:1053800043F65C26F0E700BF287F00002DE9F74FC9
:10539000DFF864A08346DAF804300F4615469847D4
:1053A0000024164BC0F3410013F82090DFF8508022
:1053B00004F18003AB4294BF80262E1BB6FBF9F2AA
:1053C0004146DAF8143004EB0B00019298470028AC
:1053D0000EDB4146DAF81830019AE01998470028A8
:1053E00006DB3444A542E3D8002003B0BDE8F08FCB
:1053F00043F65C20F9E700BF287F0000148000001E
:1054000082C200202DE9F3471B4D81466B680F4691
:1054100014469847194BC0F3410013F820A0B9FB7C
:10542000FAF60AFB16961EBB6CB1D5F81480B4FBD5
:10543000FAF509F588292A4639464846C047002822
:1054400005DA43F65C26304602B0BDE8F0870AFB79
:1054500005F5641BF7D0012201A909EB0500C0473F
:105460000028EEDB224601A9781909F0FEFDEAE7E3
:105470004AF2C536E7E700BF287F0000148000002D
:105480002DE9F04F861806F6FF7525F47F6525F0A7
:105490000F0585B0B5F5805F0446019104D943F648
:1054A0005C2005B0BDE8F08FDFF86C81D8F80430DF
:1054B00098470422594BC0F3410053F82070D8F8A4
:1054C000143057480093FBB2B2FBF3F203A9009BE0
:1054D0009847039A531C023208BF01230393002DFF
:1054E00034D024F47F6B2BF00F0BA5EB0B010BF5E5
:1054F0008820FFF72DFF0028D3D1B5F5BE7FAA463F
:1055000028BF4FF4BE7ADA4529D8B5F5BE7F5ED301
:10551000FBB20427B7FBF3F7424D3A462946404811
:10552000009B9847B6F5BE7F5CD8042203A93D488E
:1055300009F09BFD384B3A463A493B489B699847EE
:1055400008B18742ABD100F07DFEAAE74FF480514D
:105550004FF48820FFF7FCFE0028C2D0A1E70BF132
:1055600080039A452CBF4FF08009AAEB0B095FFA24
:1055700087F8B9FBF8F82B494246009B0BF58A20C7
:1055800098475E4516D909EB0B039C4212D2A345FE
:105590005A4638BF2246111BA2EB0B009E4294BF15
:1055A000C2EB0602C2EB0302019B19441D4B1844D7
:1055B00009F05BFD184B42469B691A490BF58820A0
:1055C000984710B180457FF46AAFCB449BE74FF416
:1055D000BE724FF488214FF48A20FFF7D7FE0028CF
:1055E00096D05EE7B4F5C07F9FD2B4F5BE7F224669
:1055F00038BF4FF4BE72019B111BA2F5BE700B4465
:10560000B6F5C07F94BFC2EB0602C2F5C072194660
:10561000284409F02AFD88E7287F00001480000054
:105620007C51040082C200207C4104002DE9F0413D
:10563000504F86B00020BB689847002870D10422E4
:105640006946FFF7DFFE0446002840D104224FF4EC
:10565000BE700DEB0201FFF7D5FE0446002836D1DF
:10566000454D009BAB4203D1019B013B033366D9FF
:105670007B689847414BC0F3410053F820600422F7
:105680004FF4805004A9FFF7BDFE0446F8B9042288
:1056900041F27C1005A9FFF7B5FE0446B8B9049B9A
:1056A0004FF48051AB424FF4882014D1059B013B4D
:1056B000033310D8FFF74CFE044640B94FF4805234
:1056C0004FF488214FF48A20FFF760FE04462046FD
:1056D00006B0BDE8F081FFF73BFE04460028F6D196
:1056E00001468022264809F0E5FCF3B28026B6FB8D
:1056F000F3F6DFF88C8004F5882032464146BB691A
:1057000080349847B4F5805FF5D300F09BFD0446E4
:105710000028DCD1042202A90295FFF7B1FE10B1E6
:1057200043F65C24D3E7012304224FF4BE7003A99F
:105730000393FFF7A5FE04460028C8D0F0E7042233
:1057400041F27C1005A9FFF75DFE04460028BED19A
:10575000059B5A1E033206D8019A934203D30233A3
:10576000B5D1012AB3D100F06DFD002818BF044661
:10577000ADE700BF287F00001281DEC0148000006A
:1057800082C200201E2811D801230A4A83401342F6
:1057900008D113F0980F07D11D2807D1402300200E
:1057A0000B6070472023FAE70423F8E74CF25A30E5
:1057B000704700BF650F004038B543680C2B01D01F
:1057C000022038BD4B68042BFAD14FF0FF33046838
:1057D0000D6821682B600029F2D0A268002AEFD062
:1057E0000623012002F00CF80028E9D161680B4B78
:1057F00099420AD9A26805338818984208D82068C7
:1058000009F033FC00202860DBE7054B9942D7D92B
:10581000A268044B88189842D2D8F0E7030508E044
:10582000FFD4FF0000DAFF00436810B50C2B14D141
:105830004B68042B11D10A680121036811601868B4
:105840000C49884209D1022111609968032904D1C9
:105850005B6813F0020002D01160022009E00649E3
:10586000D1F81845634003F003036340C1F81835CD
:10587000106010BD18E5045000E00450FEF7A2BC13
:10588000012070476FF003007047002070476FF0F1
:105890000300704700207047022814BF6FF0030018
:1058A00000207047FEF718BE70B540F2FF1501EBFF
:1058B0008202914200D170BD51F8044BC4F3080339
:1058C000240EAB4208BF4FF0FF33032CF1D8DFE8C2
:1058D00004F0020406080360EBE74360E9E7836035
:1058E000E7E7C360E5E70346D0F8300130B931B9E6
:1058F000D3F86801003818BF0120704701207047B5
:1059000030B504460D4685B010220021684609F0E6
:10591000D1FBD4E9001368468DF80050984705B0D4
:1059200030BD7FB504460E4615460021102268465C
:1059300009F0C0FB012368468DF80030CDE9016510
:10594000D4E90013984704B070BD10B50446FFF7C2
:105950004FF9D4F8303133B1D4F8043313F4805311
:1059600008BFC4F80035BDE81040FFF749B9D0F8CA
:10597000303133B1CB6CC3F30032DB0458BFC0F815
:10598000002570472DE9F74F866804460D463EB165
:1059900013F0020604D0C36B002B00F095800126A3
:1059A000276D17F0100740F08F804FF00109AB18FA
:1059B0000193019BAB4200F0898005F060439B4658
:1059C000E26BD4F8008082B9BBF1005F40F08780C1
:1059D0009246FFF70DF9216D404601F00101FFF7F6
:1059E00082FF28B9FFF70CF9EAE74FF0010AF0E768
:1059F000A26CAB46002ABCBFD8F84427A264BAF117
:105A0000000F07D0D4E90F1228788854D4E90F2169
:105A100002EB010BBBF1000F03D0C8F83CB7C8F88C
:105A200040970023C8F86831D8F86811C8F83031B9
:105A3000D8F83011C8F86C31D8F86C110821C8F8C2
:105A40000015BEB14FF48052C8F80423C8F8509036
:105A5000FFF7D6F8A368002B3FD1236D1B073CD579
:105A60005034D4E8EF3F23F00803C4E8E23F002AB3
:105A70002AD0F6E7C8F85090FFF7C2F8216D01F080
:105A800001014046FFF72FFF0246D8F84407D8F837
:105A90003C375AB99B45F4D004F1040AD1B1FFF761
:105AA000A7F851464046FFF762FFD1E79B4504F156
:105AB000040AF3D10028F1D1FFF79AF85146404685
:105AC000FFF755FFFFF79CF84FF0FF37384603B05C
:105AD000BDE8F08FC8F85490E1E7013569E76FF051
:105AE0001507F3E770B5CE6C0D4606F001010446CC
:105AF000FFF7F9FE38B94FF4805346F00406EE6420
:105B0000C4F8043370BDD5E90A365AB1296CEA6B82
:105B1000761A964228BF164619443246A86B09F0F9
:105B2000A4FAAB6B4FF0FF326A641BB1C4F83C3788
:105B3000C4F840670023C4F86831D4F86821C4F879
:105B40003031D4F83021C4F86C31D4F86C310823EA
:105B5000C4F800354FF48053C4F80433012323659F
:105B6000D0E737B590F84C3004463BB3036B4BBBE2
:105B70000268C2F8003583680BB10B6943602046A8
:105B8000FEF78AFD0822002324688DF80730C4F848
:105B900000250DF10702C4F83C27C4F84037012363
:105BA0000A2523656365D4F8303173B90120FEF707
:105BB00017FD013DF7D16FF08B0001E06FF076002B
:105BC00003B030BD6FF00F00FAE70020C4F86801A1
:105BD000D4F86831C4F80005F2E790F84C000038BA
:105BE00018BF012070472DE9F04704460D4699463D
:105BF0001646D0F80080002A68D087685FB953B98C
:105C0000076B002F65D10263FFF7BCFE05462763D3
:105C10002846BDE8F08719F0030F07D04B463246FF
:105C200029462046BDE8F047FFF7ACBE05F06043CB
:105C3000B3F1005F07D0E36B13B119F0040F14D078
:105C40006FF00C05E4E7236DDB0702D519F0040FB4
:105C500042D1FEF7CDFF226B9AB9C4E90B564046FC
:105C6000211DFFF73FFF002527E0FEF7C1FF236B53
:105C70003BB9236D012243F00203C4E90B562365AF
:105C8000EDE7A36BE3B919F0040F19D0E36A03F051
:105C90006043B3F1005F16D10A27236DC4E90D56A6
:105CA00043F010032365D8F86C31C3B90120FEF727
:105CB00097FC013FF7D16FF08B05FEF7A1FFA7E737
:105CC0006FF00F05F9E74FF0FF35F6E76FF00605C7
:105CD0009EE76FF00F059BE74FF0FF3598E74FF019
:105CE00080622368C3F80423D8F8003223F48023A9
:105CF000C8F800320023C8F86C31D8F86C31002D98
:105D0000B1D0C8F83C57C8F84067ACE7F8B50468AC
:105D1000036BD4F804630546C4F8086323B96FF035
:105D20007600C4F80463F8BD00F15003D3E8EF0F28
:105D300040F00800C3E8E20F002AF7D101236365B1
:105D400001B3296D01EA030739462046FFF7CBFD71
:105D50000028FAD0FEF74CFFC7B9D4F868314BB130
:105D600001236365D4F83031002BFBD02046291D78
:105D7000FFF7FDFDFEF744FF0023C4F86831D4F8B7
:105D800068212B630020C4F80463CCE7D4F83031D9
:105D9000002BEBD1EEE72DE9F84F0568036DD5F840
:105DA00004A313F4802804460F461646C5F808A33A
:105DB00040F0928001F06042B2F1005F40F08F80CD
:105DC000C26852B18268002A75D1D5F84C21002AE8
:105DD00071D0C5F84C81D5F84C31226AC4E90376FC
:105DE000002A47D09642E16933D84FF00009324685
:105DF0003846C4E9039909F038F9226AE069921B30
:105E00002262811909F0FBF8A368BBB1236D04F18C
:105E1000040B990417D55034D4E8EF3F43F48023A2
:105E2000C4E8E23F002AF7D1324639465846FFF728
:105E300078FD4A4659462846FEF7A0FB4046C5F87D
:105E400004A3BDE8F88F324639465846FFF769FD8E
:105E5000F4E7384609F009F9236AA36200232362B4
:105E600004F15003D3E8EF1F41F40021C3E8E21F1F
:105E7000002AF7D1A16A2369E2685B1A0A44C5F8CF
:105E80000427C5F80837236DDA04D7D55034D4E891
:105E9000EF3F23F48023C4E8E23F002AF7D1012337
:105EA000AB62D5F82431002BC8D00023C5F82431CB
:105EB000D5F82431C2E76269A2B95B04C4E905766A
:105EC000C5F80477C5F80867B8D5D5F8003243F0AF
:105ED0002003C5F80032B1E76FF07608AEE76FF047
:105EE0000C08ABE76FF00F08A8E7FEF78FBC8368DC
:105EF000A3B90368D3F80025082A06D011B1D3F856
:105F00000C370B606FF077007047D3F84C2142B12B
:105F100011B1D3F80C370B60002070474FF0FF3001
:105F200070476FF00F0070470420704700207047E3
:105F3000002070474B6830B513F01F052DD1026863
:105F40000C681068C0F30720844226D25068556060
:105F500094600C7C23F01F0304F001041C438B7C31
:105F6000DB0003F018031C434B7C5B0003F00603CB
:105F70002343D3608B68013B23F01F04CB685B0095
:105F800003F00E03234343F0010313615060BFF39A
:105F90004F8FBFF36F8F284630BD0120FCE70368A9
:105FA00000205A68C9B258609960D86018615A6078
:105FB000704770B50546002403681E68C6F30726BF
:105FC000B44201D1002070BD21462846FFF7E7FF0B
:105FD0000134F5E700F47C0343F0A0431A0BC2EB55
:105FE0001030C0B203EB8003D3F8002542F010025A
:105FF000C3F80025D3F8002542F02002C3F800259D
:1060000029B1D3F8002542F48072C3F80025704707
:106010001FB501240394089C0294079C0194069CDC
:106020000094FEF7CBFF43F6DA33002818BF18467A
:1060300004B010BD1FB500240394069CCDE90134C3
:10604000089B0093079BFEF7B9FF43F6DA3300285D
:1060500018BF184604B010BD08B5FFF7F5F872B6C2
:1060600020BFFDE7034610B10020187070474AF2C8
:10607000C53070470020704770470346012B084623
:1060800070B5114607D0042B09D0002B31D1BDE8E3
:106090007040FFF791BBBDE87040FFF7C5BB436898
:1060A000082B01D0022070BD5468042CFAD14FF0A7
:1060B000FF3305681668296833600029F2D06B68E1
:1060C000002BEFD026237422012001F099FB002839
:1060D000E8D1224623230120696801F091FB0446A0
:1060E0000028DFD1D5E90001FFF750F830602046E5
:1060F000D9E70320D7E748B14FF48C224FF480430F
:10610000C0E9002301230372002070474CF2DA201B
:10611000704748B14FF480224FF48043C0E9002318
:1061200001230372002070474CF2DA20704737B524
:1061300004225C3084000D4620460DEB0201FFF77F
:1061400061F958B9019B5A1C0AD0AB420BD8042202
:1061500020460DEB02010195FFF792F903B030BD27
:1061600045F2A350FAE74AF2C530F7E7FFF75EBA07
:106170000B46042B114611D1012807D0022809D063
:1061800078B91A464FF4B870FFF73CB91A464FF485
:10619000BA70F9E71A464FF4BC70F5E743F65C2095
:1061A00070474CF25A307047012837B504460D4607
:1061B00002D0022800D080B9FFF7B9FF58B90421F6
:1061C000204601AAFFF7D4FF28B943F65C23019AC1
:1061D000AA4218BF184603B030BD4CF25A30FAE755
:1061E00013B5042101AA0446FFF7C2FF30B9019993
:1061F0004B1C05D020460131FFF7D6FF02B010BD81
:1062000045F2A350FAE7022905D90839022909D92C
:106210004CF25A307047B0F5807F4CF25A3008BFCC
:106220000020704700284CF25A30B8BF0020704759
:10623000022804D819B108300860002070474AF2DB
:10624000C530704708B54FF480514FF48A20FFF7EE
:106250007FF848B9BDE808404FF480524FF48A21D6
:106260004FF48820FFF792B808BDFFF7DFB973B588
:106270000C4601A916461D46FFF784FA58B9019B42
:1062800032469E4228BF1A462946204602B0BDE843
:106290007040FFF7B7B802B070BD13461E2848D84B
:1062A000DFE800F0104715191D2125292D3135395A
:1062B000474747474747474747474747474747476E
:1062C000473D42000A4600200421FFF7D0BF0A469E
:1062D00002202421F9E70A4603204421F5E70A4673
:1062E00004204821F1E70A4605204C21EDE70A4643
:1062F00006206C21E9E70A4607208C21E5E70A46DB
:1063000008209021E1E70A460920B021DDE70A468E
:106310000A20D021D9E70A460B20F021D5E70A460A
:106320001D204FF48871D0E70A461E204FF4A87153
:10633000CBE74CF25A30704730B50C46154685B065
:1063400038B139B1FFF79AFA041E03DA204605B0D6
:1063500030BD044640F60D23ADF80E3009230B493D
:1063600001A805F00F028A5C2D091A54013B012B8C
:10637000F7D147F630030C21ADF80430FFF77EFA71
:106380000028B4BF04462418E0E700BF20800000C6
:1063900007B51A4B83F30A88194801F060FA48B12F
:1063A00001F0CAF900F066F800DF7047002003B082
:1063B0005DF804FBFEF7A2FE0028F1D1232111486D
:1063C000FFF75CFAFFF751FF0028E9D10DF1070054
:1063D000FFF748FE0028E3D19DF807301BB1FFF717
:1063E00049FE0028DCD1FFF747FE01F0FAF935211C
:1063F0000548FFF743FA00F047FBD3E760040020AD
:1064000020B600203080000053800000EFF30880A9
:106410007146EFF30982EFF30B830CB406B400F07E
:1064200045FE8646009900F0080001F00801401A78
:1064300002DC12DB04B070471EF020031CBF2DE904
:10644000F00FBDF1080D0A4C254626462746A0460A
:10645000A146A246A34630B4704704B030BC1EF03B
:1064600020031CBF1DF1080DBDE8F00F04B07047FC
:10647000A5EDF5FE084BDA6882F07F4282F47F02D8
:1064800042F48042DA6000221A765A76DA76DA77B7
:10649000602283F82220704700ED00E0009A0A4B4A
:1064A0009A420FD101229043014602460346044618
:1064B0000546064607468046814682468346844610
:1064C00086460447FEE70000A5EDF5FE2DE9F04104
:1064D000044618B943F6DA30BDE8F0810029F9D056
:1064E0008368002513F4406F14BF012300234FF08D
:1064F000180843F002030F4E0B6000F13807236ABF
:10650000AB4201D80020E7E7A369E26907EB830308
:1065100008FB02330C226A4399188968090707D5DA
:106520009B58B342D6D1306810B10121FFF752FD1C
:106530000135E4E7A8AF0020F0B53B4C87B03B48FD
:10654000FFF737FD236801255A1C0193384B226061
:10655000DA681B694FF4407603930023334801A99E
:1065600002920495ADF814608DF81630FFF7E2FC46
:1065700018B143F6DA3007B0F0BD23688DF8160085
:106580005A1C01932B4B294802932B4B01A9CDE9AF
:1065900003352260ADF81460FFF7CCFC0028E8D189
:1065A00023688DF816005A1C0193244B1F48029350
:1065B000234B01A9CDE903352260ADF81460FFF744
:1065C000B9FC0028D5D1022740F2011623688DF8C6
:1065D00016005A1C01931B4B144802931A4B01A935
:1065E000226003930497ADF81460FFF7A3FC002822
:1065F000BFD123688DF816005A1C0193134B0B482A
:106600000293134B01A92260CDE90337ADF8146062
:10661000FFF790FC04460028ABD12A4629460348E0
:10662000FEF7D6FB2046A6E728B60020A4AF002040
:106630008880000020810000C03D01004030000043
:10664000C03D0000800C0020801D0020600C002058
:10665000800C002008B5FEF75BFCFEF725FC0C4B18
:106660005B6899B2C3F30803103B002B9AB20BDBB3
:106670005309A1F11002012102F01F0201FA02F2F6
:106680000449603341F82320BDE8084001F054B8C4
:1066900000ED00E000E100E0EFF30880EFF3098196
:1066A0002DE9F00F6B467246FDF7FEFC08B0FEF7D1
:1066B0002FFCFEF7EFFB0222024BC3F8882101F00A
:1066C0003BF8FEE700E100E0194A10B5D2F80031CE
:1066D00053B3D2F80034D2F80404164A164CD2F858
:1066E000F010A34202F50072D2F8B82001F00101C7
:1066F00018D9124C03F16043A3428CBF002301233D
:1067000091B102F03002302A0ED1C2040CD510F43F
:10671000C04F09D143B9FEF7BDFB0222084BC3F8B5
:10672000882110BD0123EBE7BDE81040FFF7B4BF9F
:106730000010045000ED00E0FFCF1F003FFE0700F7
:1067400000E100E00020034BD8765A6A42F4702240
:106750005A62704700ED00E00349044BCA6800200C
:1067600092B21343CB60704700ED00E00800FA05D9
:1067700010B504461C22002108F09CFC034B23604A
:10678000012323710823636110BD00BF00010100D4
:10679000054B00F01F0003EB8003D3F8802022F0AC
:1067A000E042C3F88020704700820D50164BD3F8AA
:1067B000D02042F00102C3F8D0200022C3F8D82034
:1067C000124A516821F01F01C3F8DC101049C3F8C8
:1067D000E0100221C3F8D810D168126921F01F011E
:1067E00022F01F0242F00302C3F8DC10C3F8E020DD
:1067F0000322C3F8D820074AC3F8DC206FF01E023A
:10680000C3F8E020704700BF00ED00E08880000082
:1068100001D0FF000000012030B5002589B001A89B
:10682000FFF7A6FF134B01A85B6807950393124B74
:106830000224049301F06DF8FFF79AFF0F4B01A8B3
:10684000039303F5DF2303F5C86304930123079340
:1068500001F05FF801A8FFF78BFF234601A8013480
:106860008DF80650079301F054F8052CF2D1002062
:1068700009B030BD8880000000D0FF00000001207A
:1068800030B585B06C460025114B01211868FFF723
:10689000A1FB01210F48FFF79DFB01210E48FFF7E7
:1068A00099FB01210D48FFF795FB0D4B0FCB84E8B9
:1068B0000F00012154F8040B0135FFF78BFB042D69
:1068C000F7D10121074805B0BDE83040FFF782BB92
:1068D000A8AF00200020055000F00C5000300550FB
:1068E000B4800000000012502DE9F0414FF45C62CA
:1068F00086B00021344808F0DDFB4FF45C620021D3
:10690000324808F0D7FB4FF45C620021304808F0B1
:10691000D1FB4FF45C6200212E4808F0CBFBFFF75F
:10692000AFFF032300220124CDE90132DFF8A8C024
:10693000DFF8A8E001AD0DF10C08002155F8047B4B
:10694000560104FA01F33B4216D0CDE903CE58F8C4
:106950002230701803F47C0343F0A04303EB800360
:10696000D3F8000840F01000C3F80008D3F800087E
:1069700040F48070C3F8000801312029E1D10AB940
:106980000122DAE72D20FFF703FF2E20FFF700FF9B
:10699000134A144B10695169C3F8044403AB03C391
:1069A000128B00211A8003A88DF80C40FEF700FA24
:1069B00038B9FEF775FC08B143F65C2006B0BDE8B7
:1069C000F0817830F5D0F7E700000450000008505F
:1069D00000000C500000105000A0105000820D501C
:1069E000B4800000002008E008B54FF0FF3000231D
:1069F000104A03F1A0010133102B42F82100F8D115
:106A0000402000F0A0FF802000F09DFFC02000F09B
:106A10009AFF4FF4807000F096FF592000F093FF2A
:106A2000412000F090FF4FF4827000F08CFF0020B6
:106A300008BD00BF00E100E010B5FEF7E3F9012456
:106A400000210F4850F8043BC3F30432C3F343431F
:106A50009B0003F1604304FA02F203F56143C3F8BB
:106A600080211A6001310429ECD1FEF713FAFEF7F8
:106A7000FFF90222034BC3F888219A60002010BD61
:106A8000A480000000E100E00122014B1A60704781
:106A90002CB6002010B504460A4B22891B68616899
:106AA0005868062350F8140C00F0AAFE28B9064BCB
:106AB0001B68012B01D100F05DF86FF086032360A5
:106AC00010BD00BFD0B600202CB6002030B5094C58
:106AD000024661680023084640B105686D6895422A
:106AE00005D11BB1826860609A60816030BD034649
:106AF0008068F1E7B0B6002038B504462AB10B68CB
:106B00009B68DB0515D5002038BD0C4B1B685D6804
:106B1000182D01D100F010FE002255F8183C99699B
:106B200034338A4203D053F8040FA04204D1914277
:106B3000E9D16FF0FC00E7E70132F2E7D0B60020C0
:106B400070B504460E461546002130220C3008F080
:106B5000B1FA074B20461B68A6605B686561183B6D
:106B6000636000F07DFB00232061236070BD00BFE7
:106B7000D0B60020054B1B685B68182B04D053F877
:106B8000180C10B14068704700207047D0B6002044
:106B9000084B10B51B685C68182C01D100F0CCFDC7
:106BA00054F8183C9B6813F4406F14BF0120002078
:106BB00010BD00BFD0B600202DE9F0410746904639
:106BC0000C4621B96FF080042046BDE8F0814B00EF
:106BD000F8D5144B01F01F0253F82250002DF1D0CC
:106BE0002B685E68FFF7D4FF294602463046FFF760
:106BF00083FF88B9C4F30721284600F000FF04464C
:106C00000028DFD100F054FB064640B14246294639
:106C1000FFF796FF3E60D7E76FF08104D4E76FF08F
:106C20008204D1E730B600202DE9F04100F030FBBE
:106C30000023134E134F73607B6000F005FBDFF8F9
:106C40004880304600F022F80446A0B1394680233F
:106C5000424600F0ABF80546204600F006FF2068EB
:106C6000211DFFF733FC08B100F066FD29462046E0
:106C700000F024F9E5E7BDE8F04100F079B900BF84
:106C8000BCB60020B0B6002030B60020F8B50546EE
:106C900008B900F051FD404E346814F1310F78D836
:106CA0003E4B196804F130038B4272D2D4E90632AC
:106CB00006200E3300FB0233226A02EB4202134429
:106CC000626AC2EBC20213449B00E31801D29942EC
:106CD00001D200F031FD2368314A1B0C1B049342A2
:106CE00001D000F029FD2388B3F5817F01D300F0A6
:106CF00023FD6368002B01DA00F01EFDD4E90A23AE
:106D00009A4201DD00F018FDA36813F4406F22D110
:106D1000244A176807F140031360234A126893421C
:106D200001D900F009FDD4E9063206210E3301FB3A
:106D30000233226A3C6002EB42021344626AC2EBF5
:106D4000C2021344326802EB83026B683260FB6359
:106D50006F603846F8BDA26A002A04DAE36A002BA5
:106D600001DA9A4201DD00F0E7FC6F68002FCFD016
:106D70003B689A6812F4406F09D0E16A9A6A9142BE
:106D800005DBA26ADB6A9A4201DC00F0D5FCFF6BEE
:106D9000ECE70027DDE700BFB8AF0020D880000097
:106DA00000005F5FB4AF0020D48000002DE9F04FF9
:106DB00085B0884691460746029300B109B900F0B4
:106DC000BBFCD7F800A0DAF818100AF1380303EB7F
:106DD00081030193DAF81C40234B1D6854B10C2148
:106DE00001FB04541C60214B1B689C4201D900F03C
:106DF000A3FC2C4600262546B346DAF81C305B453A
:106E000000D91CB9304605B0BDE8F08F1822019BAF
:106E100002FB0B310023AB604B69C5E900171E4331
:106E20008B689A0516D5B9F1000F02D0029A802A14
:106E300003D0039300F080FC039B13F0E00FD9B262
:106E400002D159F821301BB1039100F075FC039970
:106E500049F82150D8F804300BF1010BAB60C8F8A9
:106E600004500C35C9E700BFB0AF0020D08000004F
:106E700083680B4383600023C0E90D3303689A687D
:106E800092054CBFD8680148704700BFB9E60000C2
:106E900070B50646044656F8183B1546D3E90A0174
:106EA00000F0C2F9044B1E602368DC6800F026FA8B
:106EB0002860204670BD00BFB8B600200368F7B553
:106EC0001A6B9D681B6904461344073223F00703BD
:106ED00022F00702C0E9082383610023C36180F820
:106EE0002930438500F11803C3621F4B80F82850F6
:106EF000C5F3C02553F8253001AA984725680146F7
:106F0000AA68A06912F4007214BF0C23EB69AE6981
:106F100004BF9B000C33073323F00703C31A134845
:106F2000A3615860E86818600020986052B918277B
:106F300005F1380000EB8600EE6903F10C05B24262
:106F40000AD19A6063616FF00102019B04F128008D
:106F500000F048F903B0F0BD07FB020CDCF810C0EC
:106F6000013245F804CBEAE7DC800000383B010041
:106F700038B5094D094800F0F5F8284600F000FE44
:106F80002B6804465B6853E9060100F02BFC08B14E
:106F900000F0D2FB204638BDD0B600206D7A00004C
:106FA00038B50E4B1B685C68183CEFF30583C3F3E0
:106FB00008030BB100F0C0FB094BA2691B689C6879
:106FC000A24202D9D9688A4205D91D6800F09CF90D
:106FD0002846214638BD00242546F7E7D0B60020D4
:106FE000B8B600202DE9F047EFF3108A72B6DFF84B
:106FF000B490D9F800305F68EFF3098310F0200FE8
:107000000CBF002228229B1A3B6000F0B1F8D9F88F
:10701000003006465D68B846183DA0F12804D0B19E
:10702000A54218D0EFF30982BB682833934201D9F7
:1070300000F082FB6168686800F026FC38B1616886
:1070400056F8280C00F0CEFB08B100F075FBD6F81E
:107050000480C9F8006063690BB900F06DFB124E43
:1070600063691835AF42336001D000F065FB04F16D
:107070001803984501D000F05FFBD9F800302834A0
:10708000A34201D000F058FB58F8042C33689A4210
:1070900001D000F051FB8AF3108838464146BDE824
:1070A000F08700BFD0B60020600C002001F00C0378
:1070B00070B50C2B0CBF144604464A060D4620D56D
:1070C0008B0658BF2834A36913F8026C85F00803B7
:1070D000C3F3C003C6F38012934201D000F02CFB2F
:1070E00016F0A00F32D1022E13D0032E0DD026BBE6
:1070F000FFF79AFD05460146164800F06AFD28464E
:1071000070BD00F019FB2026E0E72046FFF7C2FC27
:10711000F5E7114BD4E900121B685868334650F864
:10712000140C00F06DFB28B9D4E90001FEF7A6FBB2
:107130002060E4E700F000FBE1E732461C2107484D
:10714000FFF7FAF86FF083032360D8E732461F2178
:107150000348F5E7580C0020D0B60020E48000007A
:1071600000810000014B1860704700BFC4B60020CA
:10717000104B73B51C6800230193EFF3108572B6B2
:107180000D4E6CB12046336801A99847C0B205285E
:1071900060700AD10199606800F01FFD01236370DF
:1071A00085F31088204602B070BD0128F8D0A4688D
:1071B000E7E700BFC8B60020C4B60020C9B2012965
:1071C000064B417005D11A682AB1017812789142B4
:1071D00001D3034A10681860704700BFC8B600208A
:1071E000CCB60020F8B50F4E0446306815461A4656
:1071F00018B1237807789F420BD3A0603460606891
:107200002B4600F0A9F82046BDE8F8400121FFF721
:10721000D5BF0646806810B107789F42F9D3A060B9
:10722000B460ECE7CCB60020014BC3E90001704725
:10723000D4B60020034BD3E900308342C8BF0020FE
:10724000704700BFD4B6002008B500F04BF8034BE0
:10725000986000F04DF880F3888808BD00ED02E0EA
:10726000054A1368013303F007031360034A01332F
:10727000801A03EBC0007047DCB60020E0B60020A7
:1072800018B1024B013803EBD0007047E0B6002084
:1072900008B58C22082340F2AC41044800F02FFDD1
:1072A00018B1BDE8084000F047BA08BDE0B60020BC
:1072B000014800F0D9B800BFE0B60020014608B58B
:1072C000044800F0E1F800280CBF6FF0FC0000203B
:1072D00008BD00BFE0B600200146014800F03DBDFA
:1072E000E0B60020014B1868704700BF888000009E
:1072F000014B1B681868704788800000014B1B68B1
:107300005868704788800000024801210160BFF37F
:107310004F8F704724B600200349086800220A6096
:10732000BFF34F8F7047000024B600200848026862
:10733000002A08D107484FF080510160BFF34F8FFA
:10734000BFF36F8F704702220260BFF34F8F704709
:1073500024B6002004ED00E02DE9F84305461E4662
:107360000068134B9046AA68A0F1080440E9023374
:10737000503890420F4601D200F0DEF9A4F14809DE
:1073800048220021484607F095FE002344E90733D0
:1073900044F8143C4FF0807344F8043C6FF002034F
:1073A00044E9036744F8208CC5E90093BDE8F883FD
:1073B000A5EDF5FE0D4B70B51B6804465D680E46E5
:1073C00055F8103C183D1BB1034201D100F0B4F94F
:1073D000002E08DA2146284600F074FB002808BF7A
:1073E0006FF0FD0070BD28692040FBE7D0B600209B
:1073F00070B50E46044610B1431E034201D000F0A2
:107400009BF9184B30221B6831465D68062355F8FE
:10741000140C183D00F0F4F908B100F08DF92B6957
:107420000BB900F089F92B69234201D100F084F9EE
:10743000042C07D1284600F09BFA0346D0F88800B8
:10744000F36070BD2146284600F0B4FA38B100F16F
:107450000C013022304607F008FE0020F1E76FF003
:107460008B00EEE7D0B60020034648B1006838B183
:1074700002681A600022034BC0E9002308307047FD
:10748000704700BFAACCF0F000F10C03994212D370
:107490008268CB1A9A420ED942680832B3FBF2F0E6
:1074A00002FB1033082B06D151F8040C034BC31A0E
:1074B0005842584170470020704700BFAACCF0F0F6
:1074C0002DE9F04F93B000935F4B07461B680D46C4
:1074D0005B681646A3F1180A0BB2002BC1F30269D0
:1074E000C1F3024B04DA6FF0800013B0BDE8F08FF7
:1074F0008B42C36001D10020F7E709EB0B03042B9B
:10750000F1D8CC0F64014FEAC90831464246DAF897
:10751000040044F0020300F073F901460028E2D1B0
:10752000202202A807F0C6FD4246314602A84FEAD3
:10753000CB0607F09AFD32460099DAF8040044F0D1
:10754000060300F05DF980460028CCD101462022D8
:107550000AA807F0AFFD324600990AA802AE07F06C
:1075600084FD334608F10108C14514D91A46C446C2
:107570000DE0D2F808E0D16818687144884203D25F
:10758000596808448645AED30CF1010C0832CC454D
:10759000EFD10833E6E715F0006F18BF2024102262
:1075A000002107F11C0007F085FD07F118081022E3
:1075B000002107F12C0007F07DFD08EB890944F05C
:1075C0000203C84512D1202C27D1002D02DBC5F3C0
:1075D000C0456C0107F128050AAE05EB8B0B44F0A2
:1075E00006045D451BD1009BFB6784E77268DAF8EF
:1075F000040056F8081B019300F002F900287FF4FC
:1076000072AF56F8042C019B48F8042F56F8082C4A
:10761000C8F83000C8F82020D3E70024DAE7726801
:10762000234656F8081BDAF8040000F0E9F80028B1
:107630007FF459AF56F8043C45F8043F56F8083C2F
:1076400028642B63CDE700BFD0B600202DE9F041C0
:107650001F461A4B0D461B681646D3F8048000F0EF
:10766000E0F9044608B900F067F8E368002B01DA96
:1076700000F062F8032D01D900F05EF804EB8504F8
:10768000E569E36CED1A16D006233A46314658F800
:10769000140C00F0B5F808B100F04EF8BD4228BF58
:1076A0003D46E36CE16B2A461944304607F0DDFCA9
:1076B000E36C2B44E3642846BDE8F081D0B600209B
:1076C0002DE9F0411D461B4B0F461B6816465B68B3
:1076D000A3F1180800F0A5F9044608B900F02CF849
:1076E000E368002B01DA00F027F8032F01D900F03E
:1076F00023F804EB8704E36AE26E9B1AAB4201D2E3
:1077000000F01AF802232A463146D8F8040000F0A7
:1077100077F808B100F010F8E36EE06D2A463146C4
:10772000184407F0A2FCE36E00202B44E366BDE89A
:10773000F08100BFD0B60020FEF78EBC70B52DE9F9
:107740001F1072B6BFF36F8FFFF72AFCEFF30B85A4
:107750006E4600281FBF002282F30B88854681F306
:107760000B8862B6BFF36F8FB6E81F10E04772B6A2
:10777000BFF36F8F00F0F5F94FF0000282F30B8832
:10778000B54685F30B8862B6BFF36F8F70BD40209E
:1077900010EA0E0024D001B57046FFF723FCBDE8C7
:1077A000044088421CD072B6BFF36F8FEFF309829A
:1077B0001EF020031CBF22E9F00F083A80E80440C5
:1077C000B1E804401EF020031CBF0832B2E8F00FFD
:1077D0000B6882F3098883F30B8862B6BFF36F8F5F
:1077E00070477047EFF3148381F00201C1F3400149
:1077F00061F3000383F31488BFF36F8F0020704799
:1078000010B50446084611460AB9002010BD18B349
:1078100003F00602062A1DD09A071DD508229B06F2
:1078200048BF42F01202A30758BF42F00402E40727
:1078300009D5EFF39483DB074CBF42F0040222F03A
:10784000040242F0120207F0D5FA0028DDD16FF0F1
:107850007F00DBE70122E2E74CF2DA20D6E710B541
:107860000446FEF7A3FFFEF7D7FF10B143F6DA3068
:1078700010BDFFF739F80028F8D1FEF75DFE0028AB
:10788000F4D102232360F3E7884206D0830706D5AC
:1078900081F00200C0F340007047002070470120D3
:1078A0007047EFF30880EFF309812DE9F00F6B4685
:1078B0007246FCF7F9FB08B0FEF7CCFEFEE7EFF3EB
:1078C0000880EFF309812DE9F00F6B467246FCF753
:1078D000EBFB08B0FEF7BEFEFEE7EFF30880EFF328
:1078E00009812DE9F00F6B467246FCF7DDFB08B00D
:1078F000FEF7B0FEFEE7EFF30880EFF309812DE914
:10790000F00F6B467246FCF7CFFB08B0FEF7A2FE05
:10791000FEE7037E81685B0103F1A04202F582224B
:10792000C2F80418C1688378C2F8081801695B02BC
:10793000C2F810184169C2F81418417843EA0123CB
:10794000C2F800387047012143099B0003F16043EE
:1079500003F56143D3F8802200F01F00814022EA42
:107960000102C3F88022D3F88032704700207047AC
:1079700038B50446EFF3108572B6436B0BB9FFF7C9
:10798000DBFE0022636B04F1340163B91068D0F8A8
:1079900084301360636B1BB9236923F004032361F4
:1079A00085F3108838BD03F184000A46D3F884308B
:1079B0000146EAE7F0B50346EFF3108672B60024FD
:1079C000826B00F1380520466AB948B10568012C80
:1079D000D5F880200260284602BF1A698A431A61DE
:1079E00086F31088F0BD97683F687F698F4204BFB7
:1079F0002846013402F18005D2F88020E4E70368CC
:107A00009A68DB6812F4806F05D18B422CBF00208E
:107A10006FF0FA0070478B420CBF00206FF0FA0045
:107A2000704710B5FFF72CFC0446FFF747FC50B930
:107A3000FFF7A0F8A3685B681B685B68834218BF08
:107A40000024204610BD0024FBE738B5054648B1A8
:107A5000FFF7F0FBB5EBD07F044601D0FFF76CFEDB
:107A6000204638BDFFF786F8F4E7704738B544681C
:107A70004278183CEFF3108572B6E0682369034042
:107A80001BD0042B17D1A268520714D42369606B52
:107A900023F004032361D0F888300B600368022BC5
:107AA00001D1FFF719FC0023636300230520E36085
:107AB00085F3108838BD0B60F7E700280CBF10462F
:107AC0000220F5E738B50D46044608B9FFF734FE45
:107AD000EFF3108372B62069284008BFE56083F396
:107AE000108838BD38B50D46044608B9FFF724FEA6
:107AF000EFF3108272B623692B4323612169E36897
:107B0000194214BF6FF0FD00002082F3108838BDC9
:107B100038B50546B8B18368ABB11A689AB15868F0
:107B200088B1836B5169C5F880308563FFF7DAFF50
:107B3000042104466868FFF7C5FF002808BF6FF0FE
:107B4000FD04204638BD6FF08004FAE70346406824
:107B5000C3F88810426B0421C3F884204363FFF705
:107B6000C1BF10B5044600F046F8FFF7D5FB14F18D
:107B7000FE0F01D0022801D1FFF7D8FB204610BD2F
:107B800038B50546FFF7F4FA0446FFF7CFFB05B119
:107B90002C606068BDE8384000F022B808B5FEF7F8
:107BA000D1FD10B143F6DA3008BDFEF7D5FD00284F
:107BB000F8D1FFF7DBFE0028F4D162B6FCF716FB24
:107BC000FEF712FF0028EDD1FEF736FF0028EBD0BC
:107BD000E8E704460D46A5462847036899627047C2
:107BE0000368283383F30988836883F30B88BFF322
:107BF0006F8F406870478230012808B506D8FEF7BD
:107C0000C7FF18B9BDE80840FFF796BD08BD07B526
:107C10000421072001AAFEF740FB98B9019B072B1E
:107C200007D8DFE803F0041106090606060C4FF436
:107C3000805003B05DF804FB4FF44050F9E74FF477
:107C4000C040F6E70020F4E74FF40050F1E7F8B544
:107C500005460E46FFF7E5FE044608B9FFF76CFD42
:107C6000A7680FB9FFF768FDE368991C1FD05A1C7D
:107C700020D1002E34D016F1820F11D102233546C7
:107C80002360EFF3108672B629462046FFF75EFFA9
:107C900086F310882368022B1CBF00232360F8BDE5
:107CA00016F1830FEAD0FFF747FD0025E9E702232D
:107CB0002360FAE7002BF6DB002304F1280252F8D8
:107CC000041F19B1E16F106C194448600833202B70
:107CD000F5D13B6835469B689B0544BF0223236072
:107CE00015F1810FCDD16369002BCADBFFF724FDAD
:107CF000C7E708B5FEF7B0F96FF0830008BD2DE9BE
:107D0000F8430D4617461E46044618B313B302F156
:107D1000080903FB09F808F10C038B421AD10A4643
:107D2000002107F0C7F9002004F10C031A460146B0
:107D300001318E42106002EB090C104608D1002080
:107D4000A8EB09084344C4E90037A560BDE8F883FF
:107D50006246EDE76FF0F800F8E7002241F8042CE6
:107D60000268A1F1080341F8082C036070472DE96F
:107D7000F3410E46174698460546FEF709FFFFF702
:107D800064FE2946024601A8FEF716FF044660B9C4
:107D900043463A4631460198FFF792FB044640B10C
:107DA0006B0002D50198FFF797FA204602B0BDE8B4
:107DB000F0810198FFF7ACFE0122019B04461A6096
:107DC000F3E740F20110704770B50546FEF7E0FE9C
:107DD00006462846FEF77AFE044608B9002070BD24
:107DE000014632462846FEF787FE0028F6D1236872
:107DF000D868F4E770B50D461646FFF712FE044644
:107E000008B9FFF799FCE368002B01DAFFF794FC4F
:107E1000032D01D9FFF790FC04EB8504E36CE069C6
:107E2000C01A04D0B04228BF30460344E36470BD9A
:107E3000464154414C204552524F523A200048612D
:107E400072644661756C740D0A004D656D4D616E0E
:107E5000616765206661756C740D0A004275734632
:107E600061756C740D0A0055736167654661756CC8
:107E7000740D0A005365637572654661756C740D07
:107E80000A00526573657276656420457863657093
:107E900074696F6E2000506C6174666F726D20653E
:107EA000787465726E616C20696E7465727275703B
:107EB0007420284952516E293A20000025420000C2
:107EC000815800004D4500005D42000099580000B7
:107ED000A55800006144000085580000454200009C
:107EE000514200006D4200008B5800008F58000086
:107EF000955800000600000008000002070000017D
:107F0000090000030402020200A0105000820D507C
:107F10000004055000860D50000000000000000025
:107F20000338FDD87047000000000000295F000002
:107F30001D4C00002D5F000000000000994C000067
:107F4000514C0000315F0000000000000000000004
:107F5000154C000000000000FD01000000100000B2
:107F60000400000004000000FF000000002080006A
:107F7000010000010107000000000450000008504B
:107F800000000C5000001050506C6174666F726DF0
:107F900020457863657074696F6E3A0D0A005772F8
:107FA0006974696E672072616E646F6D20486172DA
:107FB000647761726520556E69717565204B6579CE
:107FC0007320746F20746865204B4D552E0D0A0088
:107FD000537563636573730D0A0050696E7320688F
:107FE000617665206265656E20636F6E6669677590
:107FF000726564206173207365637572652E0D0A66
:10800000004750494F20706F72743A200050696EDB
:108010003A200000010000000200000004000000FF
:1080200030313233343536373839414243444546AE
:108030001B5B313B33346D426F6F74696E67205444
:10804000462D4D2076322E322E322A2A1B5B306D81
:108050000D0A001B5B313B33346D5B536563205469
:1080600068726561645D2053656375726520696D32
:1080700061676520696E697469616C697A696E67A8
:10808000211B5B306D0D0A0000A0040000A004005D
:10809000FFAF1F00E00400002005000000B01F003B
:1080A000FFCF1F00000004500000085000000C50DB
:1080B000000010500060055000C0085000600E50D5
:1080C00000F01050002080000100000101070000B6
:1080D00048B1002018B10020A8060000716E000011
:1080E000916E0000556E6B6E6F776E2053504D2071
:1080F000535643207265717565737465643A200048
:10810000556E6B6E6F776E20535643206E756D62A1
:0F8110006572207265717565737465643A20003D
:1081200077B46C4684E80300194E009D1146B542B1
:1081300018460BD00136B54213D0023EB54214D0DA
:1081400094E8030003B070BC03F0EEBA0AA3D3E9CD
:108150000023C0E9002300200E4B0B6003B070BC6D
:10816000704707A3D3E90023F3E707A3D3E900236C
:10817000EFE700BFAFF3008002C0FF7F0000000008
:1081800003C0FF7F0000000001C0FF7F000000006F
:1081900002C0FF7F03004E80009A074B9A4208D12D
:1081A00010B500F075F806F0D5FE06BC96460C46F4
:1081B000744700F0B3F80000A5EDF5FE009A074BF8
:1081C0009A4208D110B500F06BF806F0C3FE06BC69
:1081D00096460C46744700F0A1F80000A5EDF5FEA8
:1081E0000CB4029A084B9A420CD14FF00043194349
:1081F0000CBC10B500F05CF806F0ACFE06BC964670
:108200000C46744700F08AF8A5EDF5FE009A044B81
:108210009A4202D103490868744700F07FF80000D1
:10822000A5EDF5FEF0370100009A034B9A4200D10C
:10823000744700F073F80000A5EDF5FE38B5104C5A
:10824000104DAC420BD3104C104DAC420FD306F086
:1082500035FEBDE8384000210846FEF799B8A2680F
:10826000D4E90010920006F000FF0C34E9E76268E0
:10827000002154F8080B920006F01CFFE5E700BF50
:10828000C03D0000E43D0000E43D0000043E00006D
:10829000024B1B685B689B68184700BF600C00209E
:1082A000024B1B685B685B68184700BF600C0020CE
:1082B00010B4034C246864682468A44610BC60476A
:1082C000600C0020024B1B685B68DB68184700BF2E
:1082D000600C0020024B1B685B681B69184700BFDD
:1082E000600C002010B4034C246864686469A446E0
:1082F00010BC6047600C002010B4034C2468646814
:10830000E469A44610BC6047600C0020024B1B6867
:108310005B681B6A184700BF600C0020024B1B689B
:108320005B685B6A184700BF600C00202DE9F046CF
:1083300000278BB00C4606460197002800F092807B
:10834000317849B9019919B102A806F04CFF0744E8
:1083500038460BB0BDE8F086252906F101057CD131
:108360007178302925D1B378322B2AD1F27802F0F6
:10837000DF03582B25D154F8045BDFF8F0A0DFF8B9
:10838000F090C5F30311782A14BF52464A4601A85B
:1083900006F0F0FEF278074405F00F01782A14BFCA
:1083A00052464A4601A806F0E5FE351D07442E4612
:1083B000C6E769290FD017D8582933D007D82529FF
:1083C00046D02C4901A806F0F2FE0744EFE76329E6
:1083D0003CD06429F5D1642254F8041B01A806F0AE
:1083E0009AFE0744B51CE2E77039CBB2082BE8D8F7
:1083F0000829E6D801A353F821F000BF3384000018
:10840000C3830000C383000041840000C3830000D5
:1084100021840000C3830000C38300003D8400006A
:108420007522D9E7114A54F8041B01A806F0A2FEF0
:10843000D7E7114901A806F0BAFE07440C4AF2E753
:1084400054F8041B01A806F0B2FECAE714F8041B96
:1084500001A806F052FE0137C4E701A806F04DFE60
:108460000137A4E74CF2DA2772E700BF203C010095
:10847000303C01000E3C01000B3C0100014B1B682D
:10848000184700BFC4AF0020014B1B68184700BF4E
:10849000C0AF0020024B1860024B002019607047EB
:1084A000C4AF0020C0AF0020014B1860002070470F
:1084B000BCAF002010B50A46044619B1024B00219A
:1084C0001B68984710BD00BFC8AF00200E4B03408B
:1084D000B3F1607F06D1B1F5885F14BF6FF08600FD
:1084E00000207047B3F1707F0BD101F4E043B3F586
:1084F000005F06D111F4E06F0CBF6FF08600002022
:1085000070476FF0860070470000C07F9142F8B559
:1085100006460C4600F04A8121F4875521F0FF0001
:10852000AC4925F01F058D4200F09080AA4B98427F
:1085300000F0988024F4FF7323F00103B3F1062FB9
:1085400000F0C080A54DA84205D114F0FF0340F013
:10855000C08000242AE1A24DAB42F6D0A14DAB422F
:1085600040F0008114F0FF03F3D022F0FF038B42B0
:1085700040F08380D1B20029EBD084EA0201FF29C8
:1085800000F2F080944924F4FF7525F001058D4236
:1085900010D0954988420DD0924F24F47F7121F07C
:1085A0000301B94206D08D49884203D001F57451C8
:1085B0008D4208D114F0FF0105D08C4841F00071C4
:1085C000814200F0768183498B4240F0A78012F00F
:1085D000FF0340F0C28004F0FE41B1F1A06FB8D0BB
:1085E000B1F1407FB5D102F0FE43B3F1407FB0D18D
:1085F00084EA020333F47E15ABD131462046FFF7FF
:1086000065FF0028A5D114F47C1300F0F380C4F3B7
:10861000054312F47C1104F4004702F4004500F015
:108620000E81C2F30540002F00F040810146002D6D
:1086300000F03781994238BF1946090424F47E14AA
:1086400001F47C11214341F40044AFE014F0FF0336
:108650003FF47FAF22F0FF03AB420ED112F0FF01D7
:108660008BD176E714F0FF0533D184427FF471AFEC
:1086700022F0FF038B423FF46CAF5B498B4231D059
:10868000A1F588518B4200F09380594D02EA05070D
:10869000B7F1062F2CD0514DAB421ED005F57455C5
:1086A000AF42DBD0A5F58445AF42D7D08A4259D13D
:1086B000494984EA0105FF2D8DD824F4FF7525F082
:1086C000010524E014F0FF057FF44FAFB4F1062F4D
:1086D000CCE722F0FF038B42BFE7D5B2002D7FF439
:1086E0004CAFE3E7D1B200297FF447AF3A49DDE769
:1086F00012F0FF077FF441AFB2F1062F7FF429AFEC
:1087000084F0062CBCF1FF0F3FF623AF25408D42CD
:108710007FF43FAF14F0FF017FF44FAF32498B423B
:108720003FF455AFA1F588518B423FF450AF22F48E
:10873000FF7121F00101B1F1062F0AD027488342D1
:108740003FF445AF264B994203D0A3F584439942A9
:1087500008D112F0FF033FF4FCAE244943F000734C
:108760008B4223D004F0FE41B1F1A06F7FF438AF0B
:1087700002F0FE43B3F1A06F7FF4EBAE84EA020394
:1087800033F47E137FF4E5AE2504C4F30543C2F34E
:10879000054002F4004116D581B1834238BF03463B
:1087A00024F47E1444EA034444F400442046F8BD13
:1087B000D1B200297FF4E1AE9A4278E7834294BFB8
:1087C00014460024F2E700293FF4C3AE834238BFC9
:1087D0000024EBE700030006000200060009000683
:1087E000004600060004000600130006FF00000219
:1087F00000FEFFFF30492140B1F1607F0ED12F48CC
:10880000E1B241F00071814217D001F17E4104399B
:1088100011293FF6FEAE2A4B5B5CFAE6B1F1707FA0
:108820007FF4F7AE06F4E041B1F5005F7FF4F1AEFE
:108830000123C6F302218B40EBE61023E9E61E4834
:108840001040B0F1607F1DD11C4ED0B240F00070DE
:10885000B04224D000F17E40043811280FD92846B8
:10886000002F7FF4E4AE002DA0D183427FF471AEDF
:108870001B0403F47C1324F47E141C4396E7114973
:10888000085CD0E6B0F1707FE9D106F4E040B0F5C5
:10889000005FE4D10120C6F30226B040C3E61020F9
:1088A000C1E68B4294BF144600247FE7002DDCD044
:1088B0008CE714467AE700BF0000C07F0300000287
:1088C000403C0100403C01008A42F8B506460D4696
:1088D00000F0188101F0FE41B1F1C06F6BD18D4CF9
:1088E00022F4875121F01F01A14222F0FF0015D090
:1088F000894988422CD022F4FF7121F00101B1F1A5
:10890000062F2CD004F5C064A04207D004F574549F
:10891000A14203D0A4F58444A1421DD1D1B221BB10
:108920008BB122F4FF7323F00103B3F1062F06D0BD
:108930007A4922F4FF6323F007038B4203D122F428
:10894000807225F48075954214BF00200120F8BD87
:10895000D1B251B9824208D0002BE9D1F3E7D1B2AC
:1089600019B9B2F1062F40F0D1806B4E25F4FF719A
:1089700021F00101B14225F0FF0411D006F588561F
:10898000B4420DD0664F25F47F7626F00306BE4232
:1089900006D0644EB44203D006F57456B142BFD13E
:1089A00015F0FF01BCD0604E41F00071B14204BF30
:1089B00002462546B4E7B1F1A06F17D102F0FE439D
:1089C000B3F1A06F40F08C8082EA050333F47E138C
:1089D00040F086802E0440F18380C5F30540C2F349
:1089E000054290428CBF00200120B0E74F4B9D42D2
:1089F00009D1A3F500439A4200F084804C4B22F445
:108A00007E109842A0E7B1F1407F69D102F0FE43A9
:108A1000B3F1407F64D182EA050030F47E145FD167
:108A200031462846FFF752FD00286DD1414B12F424
:108A30007C1103EA020318D0B3F1607FC2F3054151
:108A40003DD13D48D3B243F0007383423DD003F1A2
:108A50007E43043B112B01D83848C45C15F47C1FBD
:108A6000C5F3054333D18C426EE7B3F1607F0DD17E
:108A70003148D3B243F0007383421ED003F17E43EA
:108A8000043B112BDDD82E49C95CDAE7B3F1707FC6
:108A900019D106F4E043B3F5005F03D10121C6F319
:108AA0000223994006F4E043B3F5005FD6D10120DC
:108AB000C6F3022600FA06F4D0E71021C1E7B3F1AD
:108AC000707FCBD1EEE70024C8E71024C6E712F48C
:108AD0007C1F01D1A34215D02C0401D58B4281E724
:108AE00025F0004323F47F03B3F1106F0CD102F0A3
:108AF000FE43B3F1106F07D11248104040F01060F0
:108B0000A84221E7012022E7002020E7002B7FF484
:108B100016AF18E70003000600020006004000063A
:108B20000004000600090006FF0000020093C004D4
:108B3000000140050000C07F03000002403C01002E
:108B4000403C01000000FFF60E4A20F47E139342E1
:108B500010D002F5807293420ED0B3F1052F0DD0E4
:108B6000094A93420CD0094802F58072934218BF1B
:108B7000002070470648704706487047064870470F
:108B80000648704700014005000600050007100573
:108B900000015005000250050005100500061005F3
:108BA00000F0FE43B3F1A06F47D1254B20F0FF0248
:108BB0009A4203D110F0FF002FD17047214B9A4207
:108BC00028D0A3F588539A4220D020F4FF7323F0D5
:108BD0000103B3F1062F15D01B498A420ED01B4A60
:108BE000934207D0A2F5844293421FD110F0FF00B8
:108BF00013D1704710F0FF000FD1704710F0FF0045
:108C00000BD1704710F0FF0007D1704710F0FF0044
:108C100003D1704710F0FF0011D00D4B40F00070F1
:108C2000984214BF00206FF08600704710F4004F88
:108C30000CBF00206FF0860070476FF08600704711
:108C400000030006001300060009000600460006A7
:108C5000FF000002436830B5002B6CD003F0FE42E9
:108C6000B2F1106F02BF23F01F6323F4702343F0AF
:108C700000634A1C0FD1314A23F0FF01914236D1E3
:108C8000038903F40473B3F5047F54D1437A43F0AA
:108C90000403437229E0427A55074CD4274C23F051
:108CA000FF05A54229D140F2022399420AD040F2A1
:108CB0000323994214D040F2011399420AD06FF075
:108CC000860030BD037A13F0180F34D143F0080347
:108CD00003720AE0037ADC062DD443F01003F7E7B1
:108CE000910728D442F0020242720020E9E7B3F172
:108CF000082F1DD06FF08500E3E7B3F1082FF9D1FD
:108D000040F2012399420BD040F206239942D2D17E
:108D1000037A03F09002102A0DD143F08003D7E7C5
:108D2000037A03F0D002102A05D143F04003CFE7C5
:108D3000037ADB06AAD46FF08800C2E700010008BE
:108D400008B5FFF701FF0D4B984208D00C4B984235
:108D50000ED100290CBF6FF08600002008BD0C2941
:108D600009D0082914BF6FF086006FF08500F5E781
:108D70006FF08500F2E70020F0E700BF0005100566
:108D8000000250052DE9F3476E4686E8030096E899
:108D9000030090461D460A9C00F004FF064600288A
:108DA0003AD1D8F80070B7F8009009F4E043B3F571
:108DB000804FBB6808BF25F0010535EA030323D1C6
:108DC00054B3B5F5006F2BD0A5F50052554255416F
:108DD000294B24F0FF029A4224D114F0FF0104D061
:108DE000264B41F0007199423BD02B462246484623
:108DF000F968FFF769FD824670B92B46224648465E
:108E00003969FFF761FDA8BB6FF08406002338467F
:108E1000C8F8003007F0E2FB304602B0BDE8F0874A
:108E20000125D5E7164B9A42D7D0A3F588539A422D
:108E3000D3D024F4FF7323F00103B3F1062FCCD079
:108E400010498A42C9D0104A9342C6D0A2F5844242
:108E50009342C2D004F0FE43B3F1407F04D1230417
:108E6000C3D56FF08606D1E7B3F1A06FF7D0034BFF
:108E70009C42B9E75646CFE700030006FF00000218
:108E800000130006000900060046000638B5037905
:108E900004460D4663B9D4E9050185E80300237F44
:108EA0000020012B13D0C5E900006FF096000DE003
:108EB0004369084A03F14043A3F580539342EAD93A
:108EC000D0E9091207F024FC0028E4D038BD0223C1
:108ED0002377FBE7FFDFFF3F38B500F0FE43B3F138
:108EE000407F04460D4602D06FF0860038BDFFF784
:108EF000EDFA0028FAD114F47C1F12D0C4F3054314
:108F0000032B137022D9284A2240B2F1607F3DD151
:108F1000264AE4B244F0007494422BD1102BE5D9D8
:108F2000E2E7214B2340B3F1607F15D11F49E3B243
:108F300043F000738B4202D110231370D6E703F184
:108F40007E43043B112B04D9002313706FF085007E
:108F5000CCE71749CB5CD3E7B3F1707FF4D101F4D0
:108F6000E043B3F5005FEFD10123C1F302218B4051
:108F7000DBB2C5E704F17E44043C112CB4D80D4AA1
:108F8000125D9342B0D8202BB0D9DFE7B2F1707FE9
:108F9000AAD105F4E042B2F5005FA5D10122C5F3E4
:108FA0000225AA40EDE700BF0000C07F03000002D9
:108FB000403C0100403C01001FB56B46044683E87D
:108FC000030088B393E8030003AA00F0EBFD044616
:108FD00050BB039B1A7F022A29D103221A771A79E0
:108FE000FF2A27D062B15A69144902F14042A2F522
:108FF00080528A4204D9D3E9050107F068FB044690
:1090000003980E4A436903F14043A3F5805393420A
:1090100004D801F04DFA002C08BF0446039807F06D
:10902000C8FA002818BF0446204604B010BD6FF0EF
:109030009604F3E76FF08404F0E700BFFFDFFF3F23
:109040002DE9F0411F46002388B088460546018877
:109050001646CDE90433C7E900330792002A5FD0F2
:10906000B2F1005F80F0998021F0FF03B3F5E24F89
:1090700002D0B3F5824F20D1284606F0C3F804464B
:1090800000287ED1EB6863B16B8853B101F44F4285
:10909000B2F5824F05D1C9B2222936D02DD8122976
:1090A00038D04246002308EB060112F8010B91422A
:1090B00043EA0003F9D1002B32D0284605AA04A9BF
:1090C00006F06CF90446A0B9049B9B6A5BB3049B51
:1090D00041465A882846069206AA029203F12802BF
:1090E00001929A6A00925B6A324600F06DFF044674
:1090F00070B3049806F03DFA43E02739C9B21B2942
:10910000CFD8274ACA40D207CBD50733B6EBD30F07
:10911000C7D205E040F209229342F6D1402EC0D8D2
:109120006FF086042DE06B681B0A07D1079904983D
:1091300006F0B3F904460028C9D0DAE732464146C2
:10914000284607AB00F0E8FE04460028EED0D0E742
:109150000498069B4288C2B943804FF6F872934246
:1091600018D82B8813B102889A4210D16B8813B19A
:1091700042889A420BD13946FFF788FE0446002800
:10918000B7D1204608B0BDE8F0819A42E5D06FF033
:109190008604AEE76FF08504ABE76FF08504F0E777
:1091A0000102000CF0B506461D46002387B09DF96C
:1091B000307002A880E806003268012F05930CBFCA
:1091C0004FF480734FF40073002A7ED105F0FE4205
:1091D000B2F1806F7CD1009505AA03C8FFF7D2FDDC
:1091E0000446002858D13379059A60F341033C487E
:1091F00012888542337102F4E041DBB213D164F38B
:109200000003B1F5005F33710BD112F4E06FC2F3CC
:1092100002214AD142F204039A4248D1314B9D4285
:109220004ED0002325E043F00103B1F5005F337118
:1092300004D112F4E06FC2F3022108D142F2040318
:109240009A4234D1284B9D42E8D10C2311E02748A3
:1092500025F48073834209D02548854206D02548ED
:10926000854203D0A0F53F408342E7D101238B40E4
:10927000DBB24FF49C720021737106F1080005F017
:1092800019FF05990095012F3046D1E9092319D11D
:1092900000F0A2FF0446F0B1304606F092FC0598BB
:1092A00007F09CF9204607B0F0BD2B46D4E742F208
:1092B00007039A42B2D10C4B9D42AFD11823D8E795
:1092C0000D23D6E700F0A0FFE4E76FF08804E3E7A2
:1092D0006FF08604E0E7059807F080F90446E1E7BF
:1092E000004440040013C004000180040010C004C6
:1092F0000012C00400FF40042DE9F0411F46002386
:109300008AB0099302F0FE4306ACB3F1806F1546B4
:1093100084E80300DDF84080139E10D06FF08604CF
:10932000099807F05BF9002818BF04462046336807
:10933000E21723EA020333600AB0BDE8F08100922D
:1093400094E803004FF4007309AAFFF71BFD0446DD
:109350000028E5D10998038803F4E042B2F5005FE4
:1093600014D10122C3F302218A4079B11A4C25F4A9
:109370008071A14212D004F50074A5420ED0174CA2
:10938000A5420BD0A4F53F44A14207D042F204020B
:10939000934213D1124B9D4217D10C224245BDD8A6
:1093A000129B04960393119B0097CDE901832B46F2
:1093B000D0E9091200F0EAFE0446B1E742F20702E2
:1093C000934202D1064B9D4204D0064B9D42E7D109
:1093D0000D22E3E71822E1E70010C00400FF40047B
:1093E000000180040013C0042DE9F0434FF0000990
:1093F00087B00E9E05460DF1080830460F4688E8F6
:109400000C00CDF81490FFF7CBFB044600286BD17D
:109410002B6843B1002007F0E1F86FF0880428467C
:1094200006F0DAFC59E02B7D1A07F3D101464FF420
:109430006A7205F1180005F03DFE002F009618BF76
:109440004FF4807398E8030008BF4FF4007305AA37
:10945000FFF798FC044618B1059807F0BFF8DEE75F
:10946000224826F47E1282420599C6F305431AD09B
:109470001F48824208D0B2F1052F14D0084607F0E9
:10948000ADF86FF08504CAE7043BDBB20C2B04D8BF
:10949000184A42FA03F3DB0707D5084607F09EF89F
:1094A0006FF08604BBE7102BF7D1D1E909232846DA
:1094B0000096B7B100F03EFF04460598002CCCD1D1
:1094C00003882B8107F08AF804463046FFF73CFBFF
:1094D0002B7D686067F304132B75204607B0BDE849
:1094E000F08300F03DFFE7E74846B6E700060005D9
:1094F00000024005EEE0FFFF2DE9F743DDF828907C
:1095000007460D4616469846FFF7A4FB044600287A
:109510005AD17B68B3F1082F0AD140F2011295426B
:109520001AD1338823F0FF03B3F5105F42D010E067
:10953000394A23F0FF0191420ED140F201129542C7
:109540000AD13388B3F5885F34D0B3F5905F31D05A
:1095500083B36FF0860437E040F20122002E3FD043
:109560009542318805D141F20103994222D009B3D5
:10957000EFE717D8B5F5817F0DD141F20322914273
:1095800018D0B1F5905F15D0A1B1B1F5105FE0D161
:10959000B3F1082FCAE740F2011025F0020282421F
:1095A000EFD0D6E740F202239D4214D141F20623C8
:1095B0009942D8D14346324629463846CDF80090E4
:1095C00007F046FA044610B1384606F015FD20466D
:1095D00003B0BDE8F083A5F20323032BB9D8C2E79B
:1095E000954209D00FD8B5F5817F05D040F2011220
:1095F00025F002039342ACD14B46424629463846F9
:1096000007F01AFADEE740F202239D42F4D0A5F2F9
:109610000323032B9DD8EFE700070008F8B5476840
:1096200005460E46002F4DD121F0004323F47F0361
:10963000B3F1106F49D001F0FE43B3F1106F29D19F
:1096400021F01F6424F4702444F0006400214FF4DE
:10965000886205F1100005F02DFD2146284607F02F
:10966000D9F9B0B91A4A24F49F6323F0070393424F
:109670006E6017D1174BE4B244F000749C420ED0D8
:1096800004F17E44043C112C02D8134B33F81470BF
:10969000EF60F8BDB3F1006F17D10C46D6E74FF479
:1096A0007F67F5E70D4B24F0FF029A4207D0B4F133
:1096B000082F0CBF6FF060474FF0FF37E8E76FF0FF
:1096C0006047E5E76FF08800E3E76FF08600E0E7CA
:1096D0000001000803000002643B010000070008CD
:1096E000F8B51E4640F2052399420546174605D0B7
:1096F0006FF08604284606F07FFC1CE0FFF7AAFA0C
:1097000004460028F6D16B680D4A23F0FF01914210
:1097100003D002F58072934203D157EA0603E7D0E3
:109720005EB93A46334640F20521284607F09CF9D7
:1097300004460028DED12046F8BD6FF08504D9E745
:10974000000180082DE9F04192B00E4606A981E89B
:109750000C004368054603F0FE42B2F1106F52D18F
:10976000009308AA4FF4804303C9FFF70BFB04469C
:1097700040BB01461C220A900BA8DDF8208005F0B2
:1097800099FC6A68214B0AAF134009AA049220226F
:109790000392199A02970192189A4046009243F058
:1097A0001063D8E90912099400F062FE044668B11A
:1097B00038460999FEF77EFE284606F01DFC0898FB
:1097C00006F00CFF204612B0BDE8F081099B02466E
:1097D0003146009328463B46FFF78EFE0446099922
:1097E0003846FEF767FE002CE6D140F201139E4298
:1097F00008BF2B7A089804BF43F001032B7206F0D0
:10980000EDFE0446DEE76FF08604DBE70000FFF6BE
:10981000074B0A465978022906D11978072903D13E
:109820000146181D07F040B96FF08800704700BF6F
:109830008CBB00202DE9F04790B008AC84E8030011
:10984000DDE9198900209A4602F0FE43B3F1806FEA
:1098500016461B9F0B9005D006F0C0FE6FF08605E4
:1098600000247DE000924FF4807394E803000BAA7B
:10987000FFF788FA05460B9815B106F0AFFEEFE743
:10988000028802F4E043B3F5005F1DD112F4E06FEB
:10989000C2F3022118D0374C26F48073A3420AD0B9
:1098A00004F50074A64206D0334CA64203D0A4F5BA
:1098B0003F44A34208D101248C40102C0CD906F05F
:1098C0008DFE6FF08305CBE742F204039A420AD182
:1098D0002A4B9E420ED10C24A14510D206F07EFEEA
:1098E0006FF08905BCE742F207039A4202D1234B8D
:1098F0009E42E4D0224B9E4209D10D24ECE7214642
:109900000CA8FFF785FF054610B10B98B5E70024BA
:109910000B98D0E90912B8F1000F26D008EB040526
:10992000A9EB0403CDE90453189B0DF13009CDE9EF
:1099300002A3069733460194CDF8009000F004FC92
:1099400006460B9806F04AFE054686B9002887D1E0
:1099500024B122464946404605F087FB3B681C443B
:1099600028463C6010B0BDE8F0874546D8E735464C
:1099700076E700BF0010C00400FF4004000180042F
:109980000013C00410B5124C2378590744BF23F0CC
:109990000403237023789A0705D500F0A7F82378ED
:1099A00023F002032370637813B10A4807F07FF8AD
:1099B0000023042107486370FEF77CFD2378DB0752
:1099C00005D506F053FF237823F00103237010BD63
:1099D0008CBB002090BB002038B51C4D6A782B78DA
:1099E000022A01D1072B12D0D80713D52B7899075B
:1099F00007D400F073F82B78044643F002032B7071
:109A000088B96A782B788AB12B785A0719D500243F
:109A1000204638BD06F028FF2B78044643F00103AA
:109A20002B700028E2D0FFF7ADFFF1E7DB07EBD5A5
:109A3000074807F036F8022304466B700028F2D17D
:109A4000E2E743F004032B70E1E700BF8CBB00208A
:109A500090BB002073B56B46144600F140421F2AAC
:109A60000E46054683E8030014D82C231A4803FB4E
:109A70000200037F022B24D143699D4221D18369D7
:109A800099421ED10146084606F070FD00B92160DA
:109A900002B070BD012293E8030006F074FDB8B176
:109AA0000D4B00221846197F022905D159698D42B4
:109AB00002D199698E4207D00132202A03F12C038A
:109AC000F1D16FF08B00E3E72C2303FB0201DAE70F
:109AD0006FF08700DCE700BF94BB00200122024B3F
:109AE000002083F88025704794BB00202DE9F041C9
:109AF0000A4C002526464FF0010803272046C4F8EB
:109B000020802777013505F017FD202D04F12C0466
:109B1000F4D1002386F88035BDE8F08194BB0020A5
:109B2000F8B51E4D064695F880350F467BB30024E8
:109B30002B462246197FD1B13CB9022905D1196AB9
:109B400019B91979002918BF1C460132202A03F1DE
:109B50002C03EFD114B96FF08C0006E0204606F01C
:109B600005FD204605F0E8FC10B100240DE01C4680
:109B7000237F7BB90123237736B1094B651BAD10D9
:109B80005D4305F18045356000203C60F8BD6FF015
:109B90008800EAE76FF09600E7E700BF94BB00207B
:109BA000A38B2EBA2DE9F04100256C4B156092B0C5
:109BB00093F8803502AF164687E80300002B00F0CB
:109BC000C98097E80300FFF745FF10F18C0F0446AA
:109BD00040F0958031462846FFF7A2FF0446002852
:109BE00040F08D8097E80300012335681C2205F1C1
:109BF000140888E803006B6021460BA805F05AFAA8
:109C000000220023CDE908236B69554A03F1404344
:109C1000A3F580539342CDE90644059422D898E8F1
:109C2000030008AB05AA06F045FF0446B8B9D5E91C
:109C300005231193059BCDE900000C9313F0FF035E
:109C400018BF13460BAA10930346DDE9080100F084
:109C50004FFA10F18A0F044614D0002853D014F1A3
:109C60008C0F52D100236FF04042356808930B935C
:109C70006B69013B93424ED3284605F05DFC6FF0C3
:109C8000870445E006A90BA800F05EF90446002809
:109C9000E5D12846069905F000FC04460028DED1EF
:109CA000DDE9080107AB0193AB6A0BAA00936B6A6D
:109CB00000F01EFA044618B1284605F032FCCEE743
:109CC000079B0BACAB620FCC0FC594E8070085E88F
:109CD000070030688368D90444BF43F4806383601D
:109CE00083689A0444BF43F400638360037F012BBD
:109CF00004BF0223037706F039FC044640B920462E
:109D000012B0BDE8F0816FF09604306805F014FCE5
:109D100000233360F3E728460BAA08A906F050FD9C
:109D2000044650B10B99089806F048FD306805F0DC
:109D300003FC14F18C0FA2D0EAE7089928460B9A8D
:109D400005F0BEFB04460B99089806F037FD002C81
:109D5000BFD0EBE76FF08804D1E700BF94BB0020D1
:109D6000FFDFFF3FF7B515460E46074608221846A7
:109D700029491C4605F079F9042200230DEB020164
:109D800004F10800019305F070F904226B680DEBF3
:109D9000020104F10C00019305F067F92B8801A979
:109DA000022204F11000ADF8043005F05EF96B8872
:109DB00001A9022204F11200ADF8043005F055F9B2
:109DC0000422AB680DEB020104F11400019305F0CD
:109DD0004CF90422EB680DEB020104F11800019329
:109DE00005F043F904222B690DEB020104F11C007C
:109DF000019305F03AF9042204F120000DEB020171
:109E0000019605F032F93246394604F1240003B0D8
:109E1000BDE8F04005F029B9523C01002DE9F743B7
:109E2000232904460F46914698460A9E05D86FF0AE
:109E30009805284603B0BDE8F0830822354909F0AB
:109E4000E0FB05460028F2D1042204F108010DEBE5
:109E5000020005F00AF9019B002BE8D1042204F16D
:109E600020010DEB020005F000F90199243F8F421B
:109E7000C8F80010DBD3B1F5005FD8D2002938D183
:109E8000C9F80050042204F10C010DEB020005F0AA
:109E9000ECF8019B0222736004F1100101A805F0A7
:109EA000E4F8BDF804300222338004F1120101A865
:109EB00005F0DBF80422BDF8043004F114017380CE
:109EC0000DEB020005F0D1F80422019B04F118010A
:109ED000B3600DEB020005F0C8F80422019B04F109
:109EE0001C01F3600DEB020005F0BFF8019B33612C
:109EF0009FE70120FEF7C2FAC9F8000030B1D8F898
:109F0000002004F1240105F0B0F8BBE76FF08C05E8
:109F10008FE700BF523C0100194610B4002443688B
:109F20000C60074C1A0AB4EB132F02D0054B9A426F
:109F300002D110BC00F0B0BC6FF0860010BC7047BE
:109F4000004E80004B4E800010B4002443680C602B
:109F5000074C1A0AB4EB132F02D0064B9A4202D1D7
:109F600010BC00F099BC6FF0860010BC704700BFB9
:109F7000004E80004B4E80002DE9F04145680446BC
:109F80002D0A0E461746984606D00E4CA54214D010
:109F90006FF08600BDE8F08105886D0407D4434664
:109FA0003A4631462046BDE8F04106F052BA00F08C
:109FB00021FF10F1860FEDD1F1E7BDE8F04100F08F
:109FC00019BF00BF4B4E80002DE9F04FD0F804E0E0
:109FD000DFF87CB085B0BBEB1E2F0446DDE90E89AF
:109FE0000D4616461F46DDF840A04FEA1E2C1CD039
:109FF000DFF860E0F44518D0BCF1000F22D1CDE9C4
:10A00000019ACDF8008000F077FE10F1860F1BD189
:10A010003B46324629462046CDE90F9ACDF8388096
:10A0200005B0BDE8F04F05F05BBA3B463246294625
:10A030002046CDE90F9ACDF8388005B0BDE8F04F45
:10A0400000F05ABE6FF0860005B0BDE8F08F00BF8B
:10A05000004E80004B4E8000F0B44468DDE90456A9
:10A06000240A06D0084FBC4208D0F0BC6FF086002E
:10A070007047CDE90456F0BC05F09DBACDE9045611
:10A08000F0BC00F049BF00BF4B4E80002DE9F74304
:10A090000D46DDE90A891646134942681F46B1EBB1
:10A0A000122F04464FEA12230ED0104A934200D0DA
:10A0B000ABB93B46324629462046CDE9008900F03F
:10A0C000E3FD10F1860F0CD13B463246294620466F
:10A0D000CDE90A8903B0BDE8F04300F0D5BD6FF0CB
:10A0E000860003B0BDE8F083004E80004B4E800038
:10A0F000F0B4DFF82CC05468DDE90456BCEB142F33
:10A100004FEA142702D0074CA74204D1CDE90456E8
:10A11000F0BC00F0D9BE6FF08B00F0BC704700BF00
:10A12000004E80004B4E8000F0B44768054EB6EB01
:10A13000172F02D1F0BC00F03FBF6FF08600F0BCDB
:10A14000704700BF4B4E80002DE9F0474468DDF8B2
:10A150003890240ADDE90856DDE90A7CDDE90CE8DF
:10A1600003D0DFF824A054450AD1CDE90D89CDE90B
:10A170000BCECDE909670895BDE8F04702F096B827
:10A180006FF08600BDE8F0874B4E80002DE9F0436C
:10A190004568DFF83C90DDF82C80B9EB152F4FEACD
:10A1A0001524DDE90767DDE909CE03D0094DAC428E
:10A1B00000D044B9CDE90AE8CDE9087C0796BDE8AE
:10A1C000F04302F0CFB86FF08600BDE8F08300BF27
:10A1D000004E80004B4E800037B504464868000AA8
:10A1E00002D0084DA8420AD10698009004F1080058
:10A1F00001F0A4FE08B90523236003B030BD6FF061
:10A200008600FAE74B4E800037B504464868000ADE
:10A2100002D0084DA8420AD10698009004F1080027
:10A2200001F0A4FE08B90523236003B030BD6FF030
:10A230008600FAE74B4E800070B4054EB04202D063
:10A2400070BC06F0A6BD6FF0850070BC704700BF03
:10A2500005000002074B10B59942044606D00430B1
:10A2600006F0D1FD08B90523236010BD6FF085000D
:10A27000FBE700BF050000022DE9F74F0C9CDDE96C
:10A280000D5601944468DDE90F7C240ADDE911E8EC
:10A29000DDE9139A03D0DFF830B05C450ED1019CA4
:10A2A000CDE9139ACDE911E8CDE90F7CCDE90D5642
:10A2B0000C9403B0BDE8F04F02F02CBC6FF08600A8
:10A2C00003B0BDE8F08F00BF4B4E80002DE9F74F83
:10A2D0000C9C4568DFF854B000940D9CBBEB152F27
:10A2E0000194DDF850A04FEA1524DDE90E67DDE9A1
:10A2F00010CEDDE9128903D00D4DAC4200D07CB9FF
:10A30000019CCDE9139A0D94009CCDE911E8CDE9AB
:10A310000F7C0E960C9403B0BDE8F04F02F08CBC9D
:10A320006FF0860003B0BDE8F08F00BF004E8000E4
:10A330004B4E800070B44C68039D240A02D0074E37
:10A34000B44206D1052440F8184B039570BC02F0C6
:10A35000CDBA6FF0860070BC704700BF4B4E8000D6
:10A3600070B44C68039D240A02D0074EB44206D153
:10A37000052440F8184B039570BC02F0D3BA6FF077
:10A38000860070BC704700BF4B4E80002DE9F04343
:10A39000DFF84490DDB2446845F000754D45DDF8C6
:10A3A0002C804FEA1424DDE90767DDE909CE0CD0E3
:10A3B00014B10A4DAC420CD1CDE90AE8CDE9087CD4
:10A3C0000796BDE8F04302F04BB96FF08500BDE899
:10A3D000F0836FF08600FAE7050000024B4E800024
:10A3E000F7B5089E0E4FF5B2044645F00075486873
:10A3F000BD424FEA10200DD010B10A4DA8420CD139
:10A40000009604F1080006F0D3FE08B90523236086
:10A4100003B0F0BD6FF08500FAE76FF08600F7E754
:10A42000050000024B4E8000F7B5089E0E4FF5B2B6
:10A43000044645F000754868BD424FEA10200DD033
:10A4400010B10A4DA8420CD1009604F1080006F0A4
:10A45000B1FE08B90523236003B0F0BD6FF085009D
:10A46000FAE76FF08600F7E7050000024B4E800028
:10A470002DE9F04144681D46DDE9087CDDE906363A
:10A48000240ADDF828E003D0DFF82080444508D115
:10A49000CDE909E5CDE9077C0696BDE8F04101F07C
:10A4A000DDBA6FF08600BDE8F08100BF4B4E800042
:10A4B0004268044BB3EB122F01D106F0BABC6FF027
:10A4C000850070474B4E800010B50D4C207809F088
:10A4D000D6F80C4A1368591C116063B90A4AD2F8BD
:10A4E000003443F00703C2F800344FF00072074B0A
:10A4F0009A6003F0D7F82078BDE8104009F0C1B8A1
:10A5000075C2002018C100200090055000E100E055
:10A5100038B5174C207809F0B2F8164B1A68013A92
:10A520001A6002BB4FF000751348C0F88850BFF3A3
:10A530004F8FBFF36F8F0721104BC3F80813D3F869
:10A54000001421F00701C3F80014C3F80021D3F868
:10A550000011C3F80421D3F80411C3F80821D3F87B
:10A560000831C0F888512078BDE8384009F089B832
:10A5700075C2002018C1002000E100E000900550E5
:10A5800070B5104D104E2B68B3420DD0FFF79CFFF5
:10A5900003F0ACF903F076FA40B106F097FA0446FE
:10A5A000FFF7B6FF44B92E60002405E001F07EF805
:10A5B000044618B1FFF7ACFF204670BD06F0C6FC9C
:10A5C000EDE700BFCCAF0020117365001FB5114C43
:10A5D000D4F84034012B14D0B72000F029F918B179
:10A5E0006FF0210004B010BDB82000F021F9002860
:10A5F000F6D1B92000F01CF90028F1D10123C4F8EC
:10A60000403410220021684604F054FD684607F0EB
:10A610009FFCE7E70090055000230B6010F0FF035C
:10A6200010B514D043F0007303F17E43053B102BAB
:10A630000DD801220B4C9A40224203D1042B06D1A3
:10A64000094B0B600B6853B96FF0850006E000F012
:10A65000FE40B0F1007FF7D06FF0860010BD002003
:10A66000FCE700BF6978010004390100F8B5054630
:10A670000E4618461C2117461C4606F037FB6B6831
:10A680002B491A0AB1EB132F1BD12A4A33782261C6
:10A69000294A13F00303E26066610CD0023303F031
:10A6A0000303012B3AD86B880733DB086360234B25
:10A6B00023600020F8BD6B880733DB086360204B04
:10A6C000F6E7204B9A4226D16B691F4A1A44022AA8
:10A6D00013D81E4AE2601E4A22611E4A93420AD0E3
:10A6E000013293421DD10223A3602346AA6943F895
:10A6F000182F6361DDE70123F6E72246A96942F8D6
:10A70000181F62610022C4E90322134A934201D157
:10A710002023D3E747B1C4E90067CAE76FF084009C
:10A72000C8E76FF08600C5E76FF09600C2E700BF8C
:10A730004B4E800025B20000E5B000000000002074
:10A7400000FF0720004E8000FF3F0080CDA50000E5
:10A75000C90A010002C0FF7F04C0FF7F0022074B2F
:10A76000C3F81021C3F80C21C3F80021C3F8042159
:10A77000C3F80821C3F81821704700BF00900450A7
:10A7800008B5FFF7EBFF01230360104B0A6832B9ED
:10A79000D3F80C211AB9D3F80821002AF6D00B6897
:10A7A0007BB90B4B99420ED0A3F58473D3F80831D3
:10A7B000002B0CBF4FF0FF306FF00200FFF7CEFF11
:10A7C00008BD0020FAE74FF0FF30F7E70090045093
:10A7D00008910450034670B5F1B14A69120704D0DC
:10A7E0000F4804F0F1FCFCF7A7FF0E4D0E48D5F81A
:10A7F0000065D5F8004506F0010604F47C54C5F860
:10A8000000653443C0F80035C0F804150749FFF768
:10A81000B7FFC5F8004570BD6FF00100FBE700BF52
:10A820005A3C010000E00450009004500091045094
:10A83000034B0449C3F800050348FFF7A1BF00BF5D
:10A84000009004500491045004900450034B0449B8
:10A85000C3F800050348FFF793BF00BF0090045002
:10A86000089104500890045038B50C4659B1074D72
:10A870000749C5F800050748FFF782FF10B9D5F86A
:10A880000835236038BD6FF00100FBE700900450ED
:10A89000109104500C90045070B544681B4E02880F
:10A8A000B6EB142F43884FEA142513D14069184B97
:10A8B00098420BD003F5FF437D330344012B02D8AC
:10A8C000B2F5105F20D06FF0860016E047F2121349
:10A8D0009A42F7E70F488542F5D102F44F40B0F5B0
:10A8E000824F0BD144F21210073382424FEAD30356
:10A8F00001D15B00013300200B6070BDB2F5885FB1
:10A9000002D10733DB08F6E70223F4E7004E8000AC
:10A9100001C0FF7F4B4E80002DE9F04780460025A7
:10A920004FF010091C4E94B00DF1270424F01F04C1
:10A9300006F1200A01221021184806F032F96319A5
:10A9400000935246102320211348CDF8049002F0C2
:10A9500005FC0746E0B9D6E90C321035013342F167
:10A960000002302DC6E90C32E4D1B8F1000F04D05A
:10A970002A464146204606F007F92022214606488D
:10A9800004F073FB1022054804F1200104F06DFB74
:10A99000384614B0BDE8F08760B5002080B50020CF
:10A9A000F0B5194D194FAB6B8DB0BB4229D0184E85
:10A9B000307808F064FE402300221946284606F04D
:10A9C0008AF93021684606F0A7F9044678B9684646
:10A9D000FFF7A2FF044690B93023024619466846A5
:10A9E00006F079F901220023C5E90C23AF63307822
:10A9F00008F047FE204606F069F80DB0F0BD0E24C1
:10AA0000F5E70020F9E700BF60B50020B4A5B4A5C4
:10AA100076C200202DE9F04F99B00DF1570802F1F0
:10AA20000F0982460C46154628F01F084FEA1919EF
:10AA300022B100296CD0B2F5005F69D8364F374E8D
:10AA4000387808F01CFED6E90C3213430BD150467F
:10AA5000FFF7A6FF834630B1387808F012FE58465B
:10AA600019B0BDE8F08FD6E90C2319EB020943F1C8
:10AA70000003B9F5803F73F1000314D3302102A81D
:10AA800006F04AF9B8B902A8FFF746FF8346002846
:10AA9000E2D130230246194602A806F01CF9002232
:10AAA0000023C6E90C23DFF878903DB92846FFF76C
:10AAB00033FF8346D0E76FF0920BCDE7102D4FF0B8
:10AAC00001024FF010014846AA4628BF4FF0100A75
:10AAD00006F067F810234A462021CDE900830F488D
:10AAE00002F03CFB83460028B6D1434604EB0A0241
:10AAF00013F8011B04F8011B9442F9D1D6E90C327A
:10AB0000013342F10002C6E90C32A5EB0A05CCE79D
:10AB10006FF0860BA3E700BF76C2002060B500206F
:10AB200080B500202DE9F047054688461646DAB183
:10AB300021B9344804F048FBFCF7FEFDD0F8583149
:10AB4000934214D9006806F04BFFD5F8582105F55B
:10AB5000AE73801A18443246414604F086FAD5F89E
:10AB600058319B1BC5F858310020BDE8F08706F02E
:10AB7000FDF80446002840D1286806F031FFD5F8DA
:10AB8000582105F1040905F5AE7A821A5146484666
:10AB900006F080FE044680BB2868D5F8587106F0A0
:10ABA0001FFFF71BB7FBF0F303FB1077F61B3246D2
:10ABB0004146484606F06EFE0446F0B9484606F0A7
:10ABC00095FE0446C8B9484606F000FF0446A0B901
:10ABD000286806F005FF4021C5F85801504606F0E8
:10ABE00085F857B13A46504608EB060104F03DFAA5
:10ABF000D5F85831DB1BC5F858312046BDE8F04781
:10AC000005F064BF5A3C01002DE9F0410546884635
:10AC100014461F4623B91B4804F0D6FAFCF78CFDF6
:10AC2000006806F0DBFEA04227D8284606F09EF812
:10AC30000446E8B92E4656F8040B06F0D1FED5F8C6
:10AC4000582105F5AE71821A304606F023FE0446FF
:10AC500070B94146304606F08BFE044640B9304696
:10AC600006F0B4FE044618B9286806F0B7FE38604E
:10AC70002046BDE8F04105F029BF6FF08900BDE82E
:10AC8000F08100BF5A3C01002DE9F0419446DDE916
:10AC900006E50F461C4623B9164804F095FAFCF762
:10ACA0004BFD002DF8D04FF000080688C5F8008055
:10ACB000BEF1000F16D026F0FF06B6F5E24F05D123
:10ACC000CDE906E5BDE8F04103F0B6B8B6F5824F30
:10ACD0000CD173462246384606956146BDE8F041E0
:10ACE00007F08CBA6FF08600BDE8F0816FF0850048
:10ACF000FAE700BF5A3C01002DE9F04F8DB0044641
:10AD0000DDE91656894692469846189F23B937487A
:10AD100004F05AFAFCF710FD002EF8D0002FF6D000
:10AD20004FF0000CB0F800E0C7F800C0C6F800C053
:10AD3000002D52D0D0F804C0DFF8B4B04FEA1C2C7C
:10AD4000CDF80CC0D0F804C0BBEB1C2F2BD103F006
:10AD5000D5F8002844D004A92046D4F814B0FFF751
:10AD60009BFD0146C0B9049B9D4219D35FFA8BFB42
:10AD7000594653464A46204600F0AEFA014658B9B5
:10AD800043465846CDE9005605AA00F0F3FC0146BB
:10AD900010B9BDF816303B6008460DB0BDE8F08F25
:10ADA0006FF08901F8E7039CECB92EF0FF04B4F5CD
:10ADB000E24F07D1CDE9176716950DB0BDE8F04F0A
:10ADC00007F0B0B9B4F5824F0DD1CDE917671695EC
:10ADD0000DB0BDE8F04F07F0CCB96FF08601DBE7AE
:10ADE0006FF08401D8E76FF08501D5E75A3C010088
:10ADF0004B4E80002DE9F043044616461D460F4693
:10AE000093B021B92E4804F0DFF9FCF795FC002B34
:10AE1000F8D0D0F804E0DFF8AC90B0F800C0B9EB9F
:10AE20001E2F4FEA1E2834D103F068F800283ED0C8
:10AE3000628823880732B2F5C47F4FEAD2083CD239
:10AE400023F0FF02B2F5E24F13D12B4642462046D3
:10AE500006A907F0FBF848B905ABCDE90153424616
:10AE60003B462046009606A9FFF746FF13B0BDE813
:10AE7000F083B3F5105F06D0B3F5885F03D042F2DC
:10AE80000402934219D1424606A90020FFF7C2FDF1
:10AE9000E1E7B8F1000F10D162B12CF0FF04B4F576
:10AEA000E24F0AD113B0BDE8F04307F0CFB86FF01E
:10AEB0008400DBE76FF08600D8E76FF08500D5E708
:10AEC0005A3C01004B4E80002DE9F047114F0446DB
:10AED000DDE9089AC71961F1000C032F7CF1000C21
:10AEE0000D461646984603D2BDE8F04703F052B827
:10AEF000104603F003F848B143463246204629463F
:10AF0000CDE9089ABDE8F04700F034BC6FF084004A
:10AF1000BDE8F087FF3F00802DE9F84304881E4616
:10AF200004F44F43B3F5824F9046DDE908270D4600
:10AF30000CD0B4F5885F0ED142462946304604F065
:10AF400094F80020C7F80080BDE8F883E4B2422CF2
:10AF5000F2D0122CEFE743880733B2EBD30F4FEA5E
:10AF6000D30921D3DFF8488098F8000008F087FB68
:10AF7000284600F0B7F8044630B94A4630460D4935
:10AF800004F073F8C7F80090284600F04BF9054626
:10AF900098F8000008F075FB002D14BF28462046E5
:10AFA000BDE8F84305F092BD6FF08900CCE700BF23
:10AFB00077C20020000000202DE9F0479846038862
:10AFC0000E4603F44F4186B0B1F5824F0446DDE9E9
:10AFD0000E9A02D0B3F5885F0ED105ABCDE901A37F
:10AFE000314643462046CDF80090FFF785FE0446E3
:10AFF000204606B0BDE8F087144F387808F03FFBD4
:10B00000304600F06FF80546D8B9628805AB0732C4
:10B010002046CDE901A30E494346CDF80090D20861
:10B02000FFF76AFE0446304600F0FCF80646387822
:10B0300008F027FB46B9002DDAD0284605F046FD7A
:10B04000D5E76FF09604EEE73546F6E777C20020C5
:10B050000000002030B5ADF26C4D122205460C46C2
:10B060000DF10E00002104F025F84FF410530021DB
:10B07000ADF80C30184B4FF48862CDE90831174B0E
:10B080000AA8049304F016F84FF008210AA800F06B
:10B090007BFCE8B90346009040F2011103AA0AA81C
:10B0A00000F0C0FCA0B9032340F201210C4A0AA819
:10B0B00000F08CFC60B910232A4640F206210AA851
:10B0C00000F084FC20B9202221460AA800F022FDCD
:10B0D0000DF26C4D30BD00BF02C0FF7F03004E80FB
:10B0E0006B3C0100F0B50378064603F00303022B26
:10B0F0009DB018D0033303F00303012B11D86FF078
:10B1000021000CE070782044FFF792FB00285CD10E
:10B1100001343378C3F38203A342F3D800201DB077
:10B12000F0BD0024F5E70BAF39464078FFF79CFBF4
:10B1300004460028E3D13578C5F38205AC4222D31A
:10B14000182200210EA803F0B5FF4FF41053ADF8FC
:10B1500034304FF480731E4E4FF400710DA8ADF8DB
:10B160003630109605F067FE32231A4C00211C225F
:10B1700015A8149303F09EFF204614A9FFF76AFF59
:10B1800040B10E20CBE770782044FFF751FBE0B9C7
:10B190000134D0E70CAB08936023CDE9064304F1FA
:10B1A000100304930423CDE902730C23013D2D0108
:10B1B000CDE900430C9033462022059514A90DA833
:10B1C00001F03AFD0028AAD0DBE70220A7E700BF84
:10B1D00000025005000000206029F8B505460E4623
:10B1E00018D80E4F387808F04AFA2846FFF77AFF49
:10B1F00005F06CFC044640B909493246284603F084
:10B2000034FF6021064805F071FD387808F039FAFE
:10B210002046F8BD6FF08904FAE700BF77C200202E
:10B220000000002008B503789B0705D00548602181
:10B2300005F05CFD002008BD05F088FE0028F5D073
:10B240000220F8E700000020F7B5436821490446D2
:10B25000B1EB132FDAB239D1032A03D16FF0840096
:10B2600003B0F0BD466901A9F5B2284605F018FE05
:10B270000028F5D16A462146019805F0E6FD002830
:10B28000EED10446009FA74219D89DF8043007F07C
:10B29000070223F01F0343EA820301A88DF804305C
:10B2A0008DF80560FFF7BEFF3946284605F013FE0E
:10B2B0000028D5D103B0BDE8F04005F024BE6019E8
:10B2C000FFF7B6FA0028C9D10134DBE76FF08B0035
:10B2D000C6E700BF4B4E80002DE9F04F89460021A4
:10B2E000B5B0074616461DA85C220B931C9103F0CF
:10B2F000E1FE05F008FE0446B8B9042201460CA898
:10B3000003F0D8FE9DF830507A6964F30305C2F368
:10B31000013C6CF305158DF8305015F0300508D15F
:10B32000BB68990710D06FF08604204635B0BDE8A1
:10B33000F08F102D08D1BDF8323023F4F87343F4A8
:10B34000A873ADF832309BE0FB688F498B421ED06A
:10B350000BD88E498B422DD08D498B4224D08D49FC
:10B360008B422AD0D2B2F82A1AE0B3F1082F1ED0AD
:10B3700089498B4256D089498B42F3D10C220C9BD0
:10B3800062F393330C933B88B3F5105F08E0082217
:10B390000C9B62F393330C9342F204033A889A4273
:10B3A00010D06FF08504C0E714220C9BE8E7202240
:10B3B0000C9BE5E724220C9BE2E734220C9B62F312
:10B3C00093330C9300214FF0010B0A4608469DF879
:10B3D0003330D7F808E0DFF8C8815B0858F804ABD1
:10B3E0001EEA0A0F07D00BFA00F1194301F07F03A0
:10B3F000012142EA0A0201300728EFD129B19DF864
:10B40000331063F347018DF833103EEA0202C8D1CE
:10B410007B88FF2B3CD014D8802B3BD0C02BC0D1D5
:10B42000022315E0BB685A04BBD53B8803F44F42A6
:10B43000B2F5824FB5D1DBB2122BB2D138220C9BC0
:10B44000BDE7B3F5807F27D0B3F5C07FA9D1062330
:10B450009DF8322063F306128DF832201DB91EF0DC
:10B46000030F7FF460AF3B79022B22D016D8012B5B
:10B470007FF459AFBDF8322063F3C812ADF8322023
:10B48000BCF1030F3FF64FAFDFE80CF01848282C53
:10B490000323DDE70123DBE70423D9E7032B02D0F5
:10B4A000FF2B7FF440AF0222BDF8323062F3C813A5
:10B4B00047E7BDF8323043F4C07342E73B88B3F549
:10B4C000105F7FF46EAF0B9B23F00802102A02D0AE
:10B4D000202B7FF428AFDFF8CC8025E00B9B602B7E
:10B4E0003FF65FAF0B9B412B14D0302B0FD8172B9F
:10B4F00005D8102B7FF417AFDFF8AC8014E02B4A8F
:10B50000183B22FA03F3DB077FF50DAFF4E7612B5D
:10B510007FF409AF013B01360B93EDE70B9B302B1A
:10B520007FF401AFDFF88880202D0B9A66D1314679
:10B53000002620AF384603F098FD0B9B1C223146B5
:10B5400015A80A93149603F0B5FD182231460EA8EB
:10B5500003F0B0FD4FF410524FF48071DFF83CB0AF
:10B560000DA80DF1700AADF83420ADF83610CDF805
:10B5700040B005F060FC102251463046FFF74AFA11
:10B58000C0B10446D1E600BF000510050002C003AB
:10B590000044400409008003000002090002500535
:10B5A000F437010000FF0720000000200101000126
:10B5B00010940550504614A9FFF74CFD0028E0D127
:10B5C0000BAB08935023CDE90673042303930CAB14
:10B5D00002930C230A9ECDE900A30F3626F00F0636
:10B5E0005B462A46CDE9047614A90DA801F092FA2B
:10B5F0000028C6D156460B9B10330B9300250B9F9A
:10B600000F374FEA171A554513D11F2F18D81C2290
:10B61000002114A803F04EFD0025554517D11F2F1A
:10B620007FF683AEBA20FFF711F900283FF47DAE14
:10B630002BE009EB050005F065FB98B30135E2E767
:10B640002946484605F047FC0028E0D099E708EB7A
:10B6500005124FEA051B1992D5B904220CA91AA8A4
:10B6600003F003FDBDF8322006EB0B01C2F3C1125B
:10B67000189214A8102203F0F8FC14A909EB050095
:10B68000FFF7A8F840B105F03EFC6FF092044CE6DD
:10B690004FF0FF331A93E5E71C2114A805F026FBB1
:10B6A0000135BAE76FF08A043FE600BF10B590B0ED
:10B6B0001C22002101A803F0FDFCF82005F022FB6C
:10B6C00008B3202200200DEB0201FFF7A3F9044686
:10B6D000F8B901A84FF4807105F0ADFB0E4B0F498E
:10B6E00004930F4BCDE901130E4BF8210693202351
:10B6F0000DEB0302FFF7F0FD202104460DEB0100E6
:10B7000005F0F4FA05E0F92005F0FCFA0028D8D19C
:10B710000446204610B010BD0010C00400240001F3
:10B72000014B4E80F800FF7F7FB56C4684E8030034
:10B730009DF8006003A9304615461C4605F0B0FB95
:10B7400088B9BDF80E10C1F3C1110139C9B202297F
:10B750008FBF6FF08600054B5A5C054B9EBF1343AD
:10B760002B60C4E9006004B070BD00BF6F3C0100F5
:10B77000004B4E802DE9F04385B0884601A906466E
:10B7800014461D460C9F05F08BFB48B9B6F1F80333
:10B7900048F1FF38022B78F1000804D26FF08600E0
:10B7A00005B0BDE8F08305F0AEFB0028F8D1002C11
:10B7B000F4D09DF8048018F00F0240F0C180BDF86D
:10B7C0000630C3F3C113013BDBB2022B00F2BB8096
:10B7D000634908F03008C95C624BB8F1100F43EAC6
:10B7E0000103636038D1604B2360204602A9FFF754
:10B7F00053F80028D4D1029BBB4200F2AD8044F242
:10B80000121221880198914204BF042205F8012BED
:10B810000D9A214613609DF804302A78C3F3011372
:10B8200063F301022A7003AA08BF07F1FF3705F08E
:10B830000CFB0028B4D12B78039A6E7062F384035A
:10B840002B70238803F44F42B2F5824F73D13946EF
:10B850002846FFF7C1FCA3E7134691469DF8071061
:10B860004248490891B94946204605F0E4FA019B4F
:10B87000C3F38533202B2BD013D80C2B2DD0142BB6
:10B880002FD0082B31D06FF0920089E7CA0705D579
:10B89000062B5BD850F8232049EA020949080133F6
:10B8A000E0E7342B25D0382B27D0242BEBD14FF4D5
:10B8B00010532F4AE2609DF806202380C2F3021243
:10B8C000013A052A45D8DFE802F0341C2C2E443119
:10B8D0004FF410534FF00822ECE74FF41053254A71
:10B8E000E8E74FF41053244AE4E742F20403234A02
:10B8F000E0E74FF48853224ADCE747F21213214A6B
:10B90000D8E7C0226280B8F1000F7FF46EAFB3F5C4
:10B91000105F03D119F0030F3FF467AF6FF096008B
:10B920003EE7FF22EEE74FF48072EBE74FF4C07280
:10B93000E8E78022E6E7B3F5885F7FF431AF86E77A
:10B940006FF088002CE76FF0910029E76FF083001B
:10B9500026E76FF0980023E76FF0890020E700BF2B
:10B960006F3C0100004B4E8001108001F437010054
:10B970000002C00300025005004440040005100509
:10B98000090080030000020910B421F49F620D4CED
:10B9900022F00702A2420346016004D00A4A21F0C5
:10B9A000FF04944203D1184610BC00F04DB9B1F128
:10B9B000082F02D110BC05F058BB6FF0850010BCF9
:10B9C000704700BF00010008000400082DE9F041A5
:10B9D0000568DFF8488025F49F6E2EF0070EC645F7
:10B9E00004460E4617469C4605D0DFF834E025F0A5
:10B9F000FF08F04507D13A4631462046BDE8F04100
:10BA0000634600F051B9B5F1082F03D1BDE8F0410C
:10BA100005F037BB6FF08500BDE8F081000100083C
:10BA20000004000870B404681D46B4F1082F039E9A
:10BA300009D0094B24F0FF049C4208D033462A4623
:10BA400070BCFFF7C3BF039670BC05F050BB6FF02E
:10BA5000850070BC704700BF000700082DE9F04367
:10BA6000002405880E4605F44F41B1F5824F418808
:10BA7000254887B01F46DDE9119300EA030023F053
:10BA8000004323F47F0390462A4618BF2546B3F1AE
:10BA9000106FC9F800401D4B40F010600BD1984268
:10BAA0000BD122F0FF03B3F5E24F0CD06FF086000C
:10BAB00007B0BDE8F083984202D0154B9842F5D10B
:10BAC0006FF08500F4E7EDB2284605AA02F0AAF867
:10BAD000B8B9059B5C684445E8D1284602F0E2F815
:10BAE0000028EDD0109B224602930F9B3146019314
:10BAF0000E9B05980093CDF80C903B4602F0A6FAF9
:10BB0000D6E72046D4E700BF0000FFF60000020998
:10BB100000000109F0B40468DFF83CC024F49F671A
:10BB200027F00707674503460D46164604D00B4F1E
:10BB300024F0FF0CBC4505D132462946F0BC18461E
:10BB400000F042B9B4F1082F02D1F0BC00F082B984
:10BB50006FF08500F0BC7047000100080004000889
:10BB600038B50368084A23F0FF039342054609D11C
:10BB700005F01BFA044628464FF4886105F0B6F834
:10BB8000204638BD0024F6E70001000803782C4A5F
:10BB900043F0007393422DE9F34105463ED003F193
:10BBA0007E43043B112B3BD8264AD65C0023324609
:10BBB000284605F2D121019302F0D4FA0446D0BB05
:10BBC00095F8D03205F1540763BB95F8D03238466A
:10BBD0000133D5F8D42385F8D03205F2513100F085
:10BBE00093FC044638BB0122384605F5347100F059
:10BBF0008BFC0446F8B905F2113832464146384606
:10BC000001AB00F0A3FC0446A8B93246414605F159
:10BC1000100003F02AFA85F850600CE01026C5E702
:10BC20000026C3E73246384605F2113100F06CFCBD
:10BC300004460028C9D0204602B0BDE8F08100BF0C
:10BC400003000002823C01000378164A43F00073AF
:10BC500093421FD003F17E43043B112B1ED8DFE833
:10BC600003F009091D1D1B1315171B131D1D1B13A5
:10BC700015171D1714230022C3EB0323C0E902325A
:10BC800010238380104670472023F4E73023F2E727
:10BC90004023F0E71023EEE71C23ECE76FF085006C
:10BCA000704700BF030000022DE9F341002716464C
:10BCB000026804461D464148D3B243F000738342F4
:10BCC00001971BD003F17E43043B0F2B01D83C4866
:10BCD000C75C3C4B22F0FF029A4211D140F20113A3
:10BCE00099420DD1402D65D82A46314604F2D12023
:10BCF00003F0BBF91223A380002014E04027E8E7FB
:10BD0000A388DA0641D5132B3FD040F2022291429C
:10BD10000CD040F2032291423AD040F201129142FB
:10BD20000FD06FF0860002B0BDE8F081102B2CD14F
:10BD30002A463146204602F015FA0028F3D1112395
:10BD4000D9E7102B1FD104F2D1284021404604F03E
:10BD5000CDFF3A464146204602F004FA0028E2D1DF
:10BD600004F154082A463146404600F0CDFB002835
:10BD7000D9D112233A46A380404601AB04F2D12127
:10BD800000F0E4FBCFE7112BEAD06FF08800CAE7A0
:10BD900094F8D833002BF8D1802D0BD82A463146A1
:10BDA00004F2513003F061F90123C4F8D45384F84C
:10BDB000D833A1E76FF08C00B5E700BF03000002A5
:10BDC000723C0100000500082DE9F04104680E46B0
:10BDD0001C4924F0FF078F4213460546828820D174
:10BDE000112A2BD91322E4B28280174A44F000743E
:10BDF00094420BD004F17E44043C112C08D8134A21
:10BE0000125D9A4205D96FF0890008E01022F8E728
:10BE10000022304605F2D12103F027F90020BDE8C9
:10BE2000F081112A0AD990F8D8233AB1132208498F
:10BE300082803246BDE8F04106F0C0BA6FF088005B
:10BE4000EDE700BF0004000803000002823C01008F
:10BE50008DBB00008388F7B51746A3F14102032A82
:10BE600004460E4632D8442B08D13B463246204683
:10BE7000184903B0BDE8F04006F0A0BA4423856835
:10BE80008380EA02C5F3475343EAC56302F47F02A5
:10BE90006D09134305F47F452B43D0F80C23C0F8FC
:10BEA0003C3400F53B7102F05DF968B9204605F0BD
:10BEB0007FF848B9102201AB04F5347104F1540045
:10BEC00000F044FB0028D0D003B0F0BD6FF0880034
:10BED000FAE700BFFB0F01002DE9F8430C46DDE94E
:10BEE00008981946144B0746984515461DD11388E6
:10BEF000B3F5105F19D1B9F1200F19D804F5827686
:10BF00004A46304603F0B1F84A463146284604F125
:10BF1000E803FEF7ABFB30B91023C4F8008084F8C7
:10BF2000367184F83531BDE8F8836FF08500FAE7A3
:10BF30006FF08600F7E700BF0044400437B5069C69
:10BF4000094DAC420DD10D88B5F5105F09D1CDE991
:10BF5000003413460A4601460120FFF7BDFF03B037
:10BF600030BD6FF08500FAE70044400437B5069C09
:10BF7000094DAC420DD10D88B5F5105F09D1CDE961
:10BF8000003413460A4601460020FFF7A5FF03B020
:10BF900030BD6FF08500FAE70044400408B521B9D0
:10BFA000074803F011F9FBF7C7FB102A04D1D5307D
:10BFB00003F05BF8002008BD6FF08600FBE700BFD0
:10BFC0005A3C01002DE9F04F87B00446DDE910B876
:10BFD00015461E46894661B922B1764803F0F4F849
:10BFE000FBF7AAFBB8F1000FF7D0C8F8002000203B
:10BFF00071E0B8F1000FF0D00023C8F80030002A3B
:10C00000F5D0002E00F0D08090F8343198185845C3
:10C0100000F2CA8094F83571E3B1A7EB030A04F586
:10C0200092705245184407D203F01FF894F8343147
:10C030002B4484F83431DAE75246059303F015F8BF
:10C0400094F83421059B1744FF1A84F83471D144C5
:10C05000A5EB0A0594F8353194F834A15F422F40DE
:10C0600022D1BAF1000F00F0A280226852498A4220
:10C070003AD15345B1D194F836C104F59272BCF16E
:10C08000010FCDE901B804F1E80104F104000096C4
:10C0900024D106F0E8F9F0B994F8343184F8340189
:10C0A000002F47D01E4406E0226843498A421BD134
:10C0B000BAF1000FDDD194F836314A46012BCDE9B3
:10C0C00001B83B4604F1E80104F10400009608D1F0
:10C0D00006F0C9F970B307B0BDE8F08F06F0E8F9D3
:10C0E000D9E706F0E5F9F5E794F8D430ABB3201DB5
:10C0F00000F0EAFF00284CD194F8343104F1040B2D
:10C10000002B3AD13FB133463A464946584605F0EE
:10C1100091FA00283DD1584605F0F3FAC8BB5846BD
:10C1200005F03CFBA8BBD8F800309A440AEB0703A3
:10C13000C8F80030BD427FF65AAF94F83431002B76
:10C140007FF44BAFED1B2A4609EB070104F5927013
:10C1500002F08BFF84F8345149E7184B9A424FF0B4
:10C16000010314BF6FF002006FF0200084F8D43098
:10C1700004F0ACFC0028BFD0ADE794F835219A421A
:10C180007FF42BAF3346584604F5927105F052FA0E
:10C1900020B107B0BDE8F04F04F098BC94F83531F9
:10C1A00084F834011E44ADE76FF0890093E7002D59
:10C1B000C8D11CE75A3C010000444004000180043F
:10C1C000F0B504460E4617461D4685B023B93348E0
:10C1D00002F0FAFFFBF7B0FA00232B6090F834313D
:10C1E000ABB10029F3D002682D498A421CD104F575
:10C1F000927294F8364100F1E801012CCDE9017505
:10C2000000F1040000960CD106F02DF904E002685C
:10C21000244B9A4202D0002005B0F0BD0029FAD18B
:10C22000D5E706F045F9F7E790F8D4306BB1043064
:10C2300000F04AFF08BB94F83421BA422A6014D9AE
:10C2400000236FF089002B60E6E7174B9A424FF00E
:10C25000010380F8D43014BF6FF002006FF02000AB
:10C2600004F034FC0028E6D0D6E7251D33462846E6
:10C2700004F5927105F0DEF920B105B0BDE8F0409B
:10C2800004F024BC284605F00FFA0028F5D1284612
:10C2900005F084FA0028BED0EFE700BF5A3C010049
:10C2A0000044400400414004000180042DE9F04FA7
:10C2B000D3B09B46DDE95E895C9B05460E4617467A
:10C2C000DDF880A1629C23B9244802F07DFFFBF7D2
:10C2D00033FAB8F1000F02D1B9F1000FF4D1BAF17D
:10C2E000000FF1D0002CEFD000214FF49C722160A0
:10C2F00004A802F0DFFE1A4A934513D13A463146AC
:10C3000028463EABFEF7B2F948B9619B4246CDE9FB
:10C3100000A302944B463EA905A806F0A4F853B02A
:10C32000BDE8F08F33462A460120CDE9007B04A901
:10C33000FFF7D2FD0028F2D1DDE95C1204A8FFF777
:10C340002DFE0028EBD1619B4A460093414653469F
:10C35000019404A804F0FDFEE1E700BF5A3C01008F
:10C36000004440042DE9F04FD3B08046DDE95C7411
:10C37000894692469B46609E2FB924B12B4802F015
:10C3800023FFFBF7D9F95E9B002BF7D0002EF5D0E9
:10C390004FF49C72002104A802F08CFE244A9345BD
:10C3A0004FF00002326004D1E4B9002053B0BDE880
:10C3B000F08F002CF9D01F4A934531D1524649469F
:10C3C00040463EABFEF752F90028EFD15F9B3A465C
:10C3D00001935E9B029600933EA9234605A806F0B2
:10C3E00067F8E3E70C25AC421CD34B4642460020DD
:10C3F000CDE900AB04A9FFF76FFD0028D6D12A468E
:10C40000394604A8FFF7CAFD0028CFD15F9B0196EB
:10C410000093621B5E9B791904A804F09AFEC5E79D
:10C420001025E0E76FF08600C0E700BF5A3C01002E
:10C4300000018004004440042DE9F04115461A46ED
:10C44000069B03F0FE44B4F1407F04D0294802F07B
:10C45000BBFEFBF771F90468002C43D1264C13F4A2
:10C460007C16036004EA03040AD0C3F30546B4F162
:10C47000607F46602BD12946BDE8F04105F0CFBE74
:10C48000B4F1607F12D11D49DCB244F000748C42DB
:10C4900002D110214160EEE704F17E44043C112CEE
:10C4A00001D94660E7E71649095DF3E7B4F1707F0B
:10C4B00001D046600BE00C8804F4E047B7F5005F5C
:10C4C000F7D10126C4F3022406FA04F4446023F4ED
:10C4D0007E140C4B9C4209D113462A46BDE8F0411C
:10C4E00000F00EB96FF08800BDE8F0816FF08500B4
:10C4F000FAE700BF5A3C01000000C07F03000002C1
:10C50000943C01000002C00310B4046884B19AB1E5
:10C510000C4B2340B3F1607F02D110BC05F0AABEE2
:10C52000094B24F47E149C4208D110BC04F08ABE4E
:10C530006FF0880010BC70471046FBE76FF0850075
:10C54000F8E700BF0000C07F0002C0032DE9F04102
:10C55000046805460F461E4694B3A1B34368934250
:10C5600034D81C4BDFF870802340B3F1607F0DD0CE
:10C5700024F47E14444512D1284604F0A0FE04465B
:10C5800084B1002333602046BDE8F08105F0E0FE71
:10C590002B68044623F47E134345F1D1ECE76FF09A
:10C5A0009604EEE705F10C0138466A6802F05DFD7D
:10C5B0006B684FF41F712846336004F097FBE2E785
:10C5C0006FF08804DFE76FF08604DCE76FF0890422
:10C5D000D9E700BF0000C07F0002C003F8B50368C0
:10C5E00005460E467BB389B34168914203D06FF094
:10C5F00094042046F8BD184A184F1A40B2F1607FE3
:10C6000018D023F47E13BB4223D1284604F057FEF2
:10C610000446002CEDD131466A6805F10C0004F0A7
:10C620001FFB04460028E2D14FF41F71284604F096
:10C630005DFBDEE705F08CFE2B68044623F47E13D9
:10C64000BB42E6D1E1E76FF08804D2E76FF08604E1
:10C65000CFE76FF09604CCE70000C07F0002C00374
:10C660002DE9F04F05461C460E461746ADF5237DD5
:10C670004FF41F72DDE9ACABDDE9AF89002103A8FF
:10C6800002F018FD29463B463246009403A8FFF706
:10C69000D3FE054660BB194B24F47E149C4212D194
:10C6A000049B434526D85A465146AE9B03A804F046
:10C6B00051FE0446B8B9049BC9F8003028460DF570
:10C6C000237DBDE8F08F5A46514603A8FFF71CFFB3
:10C6D000044640B94B464246AE9903A8FFF736FFE1
:10C6E00004460028EAD003A804F066FD2546E5E7E5
:10C6F0000446F8E76FF08904F5E700BF0002C003C5
:10C70000F8B50E46114632881D46B2F5105F044654
:10C7100073680FD1A5F1100010280ED8174AC24037
:10C72000D20714D416481A0AB0EB132F0FD0154BAA
:10C730009A420CD06FF085001CE011481A0AB0EB49
:10C74000132F02D00F4B9A42F4D1202D13D804F5A9
:10C75000B2772A46384602F088FC2A4639463046E7
:10C7600004F5A473FDF782FF20B91023A360012311
:10C7700084F84C30F8BD6FF08600FBE70101010042
:10C780004B4E8000004E8000064B984202D0064B74
:10C79000984204D1A1F10C0358425841704700203F
:10C7A000704700BF000510050002500510B5026873
:10C7B000044690F84D101046FFF7E6FF58B3174BAC
:10C7C0009A4215D0164B9A4222D194F89A3004F12D
:10C7D000A000211D04F1400294F858402CB904F047
:10C7E0003AFEBDE8104004F071B904F032FEF8E7FB
:10C7F00094F89A3004F1A000211D04F1400294F84D
:10C80000584014B904F0ECFFEBE704F0E1FFE8E76F
:10C810006FF00200E5E76FF0880010BD000510051D
:10C82000000250052DE9F843DDE90895B9F1200F24
:10C830000E4604469046194644D800F120074A4661
:10C84000384602F012FC4A4639464046231DFDF7A1
:10C850000DFF28BB1D4A25F47E13934202D11C4BC9
:10C8600023600DE01B4A934220D0B3F1052F0BD07B
:10C87000194A934216D002F58072934214D0206078
:10C8800084F85860002509E0144B84F85860236050
:10C890006B4033F47E13F5D1C5F3054584F89A5007
:10C8A000BDE8F8830E4BDBE70E4BD9E785F0AA62B3
:10C8B0000D4B82F4807232F47E12236084F858604B
:10C8C000EAD0E5E76FF08600EAE700BF0001400527
:10C8D0000001500500024005000600050005100596
:10C8E00000061005000710050002500570B4202B4B
:10C8F000039C0ED80A4E24F47E15B54202D170BCBA
:10C9000005F04DBFB5F1052F07D1039470BC06F0BB
:10C910007EB96FF0860070BC70476FF08500FAE753
:10C920000002400570B4202B039C0ED80A4E24F45C
:10C930007E15B54202D170BC05F03CBFB5F1052FA4
:10C9400007D1039470BC06F06DB96FF0860070BC1F
:10C9500070476FF08500FAE70002400510B40368E5
:10C96000074CA34202D110BC05F02FBF054CA342D7
:10C9700002D110BC06F061B96FF0850010BC7047A1
:10C98000000250050005100510B40368074CA342CF
:10C9900002D110BC05F028BF054CA34202D110BC47
:10C9A00006F05AB96FF0850010BC704700025005C0
:10C9B0000005100530B490F89C506DB982B1036841
:10C9C0000A4CA34202D130BC05F012BF084CA3426E
:10C9D00008D130BC06F044B96FF0880030BC704715
:10C9E0001046FBE76FF08500F8E700BF0002500536
:10C9F00000051005F0B40024DDE9045634608AB166
:10CA00009BB1AA4211D804680B4FBC4202D1F0BCC2
:10CA100005F016BF094FBC420AD1CDE90456F0BC5F
:10CA200006F03BB91046F0BC70476FF08900FAE79A
:10CA30006FF08500F7E700BF000250050005100504
:10CA4000F0B54FF0000EDDE905C5079EC3F800E024
:10CA5000C6F800E090F89A70AF4212D804680C4F04
:10CA6000BC4203D1BDE8F04005F053BF094FBC42C2
:10CA70000AD1CDE90656CDF814C0BDE8F04006F065
:10CA800073B96FF08900F0BD6FF08500FBE700BF60
:10CA90000002500500051005F0B400271F6090F853
:10CAA0009A50059F049EBD420FD104680A4FBC42B4
:10CAB00003D10595F0BC05F048BF084FBC4208D132
:10CAC000CDE90465F0BC06F074B96FF09400F0BCD9
:10CAD00070476FF08500FAE7000250050005100569
:10CAE00008B50A4A0368934206D0094A934207D11F
:10CAF000BDE8084005F060BFBDE8084006F085B914
:10CB00004FF46A7104F0F2F8002008BD000510052A
:10CB1000000250052DE9F04F88464649914623F41E
:10CB20007E12ADF56D7D8A420746DDE9FD5A9B46D2
:10CB3000F79EFB9C7AD001F580718A4202D0B2F157
:10CB4000052F73D14FF46A72002102A802F0B2FAE5
:10CB5000A54268D33A4643460121CDE9009B02A88D
:10CB6000FFF760FE074600284ED1F99B3146029838
:10CB7000CDE91634FFF708FE002843D03246F69977
:10CB800012A802F072FA02A88DF85560FFF70EFEA7
:10CB90000746002838D1DDE9F8122AA804F066FC1F
:10CBA00003F094FF074678BB2246FC9BFA992AA81B
:10CBB00004F092FC03F08AFF064678BBFC9B2D1B19
:10CBC00019199DF8A2309D422AD32AA800F01CF919
:10CBD00058B103F07BFF0746B0B93C44CAF80040A7
:10CBE00030460DF56D7DBDE8F08F2AA804F0E5FC18
:10CBF0000028EED14FF46A7102A89DF8A27004F0EB
:10CC000075F8EAE76FF0850700234FF46A71CAF8F8
:10CC1000003002A804F06AF83E46E1E70746F3E771
:10CC20006FF08907F0E76FF08906D9E76FF08506A6
:10CC3000D6E700BF000140052DE9F04F9346414A79
:10CC40001C4623F47E13ADF56D7D93428146DDE9EC
:10CC5000F9578A46DDF8DC83FE9E70D002F58072BB
:10CC6000934202D0B3F1052F69D14FF46A720021CB
:10CC700002A802F01FFACDE900B453464A4600214B
:10CC800002A8FFF7CFFD044600284AD19DF8A22054
:10CC9000FB9B9B1AFD9A3360934240D84146029811
:10CCA000CDE91653FFF770FD002843D04246F699B0
:10CCB00012A802F0DAF902A88DF85580FFF776FD88
:10CCC000044670BB2A46F8992AA804F0CFFB03F06B
:10CCD000FDFE044628BB3946FC9B32682AA804F0B6
:10CCE000FBFB03F0F3FE054638BB31682AA8394444
:10CCF00000F0EEF840B103F0E9FE044688B928469A
:10CD00000DF56D7DBDE8F08F2AA804F056FC0028D3
:10CD1000F1D14FF46A7102A803F0E8FFEFE76FF07A
:10CD2000890400234FF46A71336002A803F0DEFF28
:10CD30002546E4E76FF08504F3E70446F1E76FF07A
:10CD40008505DCE7000140052DE9F04104469046E9
:10CD50001F460D4619B10A688B681AB953B96FF0AE
:10CD6000210647E033B94B6823F00802102A01D0AE
:10CD7000202B42D101232046A376E56104F041FB3C
:10CD80000646002836D121461D4B04F1200041F80B
:10CD9000843BAB689A069B01DBB202F0E0421A4387
:10CDA00042F48042112300F00DFBAB68226873B996
:10CDB000616A2B68103141F8103C6B6843F00053F6
:10CDC00041F8083C93685B6841F8043C6162616A21
:10CDD0000C4BC1F800808B60936810319B6841F860
:10CDE000043C00232776C4E9023363612361D368DE
:10CDF000616263603046BDE8F0816FF04106F9E79B
:10CE0000103801000C00002090F8203070B5044666
:10CE10000D46002B56D003685A68052A0ED1016BC7
:10CE20009A6911420AD0C26842B9826832B904F0E4
:10CE3000DAFA002808BF6FF0530070BD5A6AD4E9CF
:10CE400004100E18964207D2204604F0CCFA0028AF
:10CE500008BF6FF00200F0E71B6904F1F402984785
:10CE600068B1E26A636AC4321A60184A103343F840
:10CE7000082C22689268526943F8042C63622046A9
:10CE800004F0A0FA207EA36A00F10F0222F00F0244
:10CE900003F1100190421D609860A16207D000214B
:10CEA000121A42F0804219619A612033A362002570
:10CEB00004F12000B621656004F1840200F092FACA
:10CEC0002846BAE76FF02000B7E700BF1000002047
:10CED00090F8203070B504460D46002B77D00368DB
:10CEE0005A68052A0ED1016B9A6911420AD0C268AC
:10CEF00042B9826832B904F076FA002808BF6FF0B0
:10CF0000530070BD5A6AD4E904100E18964207D235
:10CF1000204604F068FA002808BF6FF00200F0E72E
:10CF20001B6904F1F40298472168636A80B3E26ADE
:10CF30001033C43243F8102C264A43F8082C8A6870
:10CF4000526943F8042C63626560204604F03AFAA3
:10CF5000D4E90A30217EC43001F10F0222F00F0221
:10CF60001860914203F110009960A06207D0002080
:10CF7000521A42F0804218619A612033A36204F190
:10CF80002000B62104F1840200F02CFA0020B8E75A
:10CF90008A681033906900F0C002C02A02BF53F8BB
:10CFA000142C42F0200243F8142C217E43F8105C2C
:10CFB00001F10F0222F00F0242F00055521A40EA2E
:10CFC000022043F8085C43F8040C6362BDE76FF08D
:10CFD000200096E7100000202DE9F0410446174696
:10CFE00098460D4619B10A688B681AB953B96FF0A3
:10CFF000210649E033B94B6823F00802102A01D01A
:10D00000202B44D100232046C4E90085A36004F00E
:10D01000EDFA0646002837D12146012051F8703B31
:10D02000AA68D3F800C098F8073008339840069BE8
:10D0300018439301DBB29206184302F0E042DCF899
:10D040000030024304F10C0000F0BCF9AB687BB97E
:10D0500023692A68103343F8102C6A6842F00052A2
:10D0600043F8082C22681268526843F8042C2361A4
:10D0700057B12369074A1F609A602268103312680B
:10D08000D26843F8042C23613046BDE8F0816FF08C
:10D090004106F9E71000002007B50022034B00927B
:10D0A000FFF79AFF03B05DF804FB00BF543801009E
:10D0B000012307B500220093024BFFF78DFF03B059
:10D0C0005DF804FB54380100037B70B50446002B67
:10D0D0003CD10368DB7A002B3BD004F087FA05468D
:10D0E000002831D12368E26959791B6822EA0102DC
:10D0F000E26104F170011B6804F10C0000F062F9B8
:10D10000D4E900126AB193685BB916685268236962
:10D11000086842F000529A6042681E60DA6010337C
:10D120002361A2692369A4321A600B4A103343F8C1
:10D13000082C0A68D26843F8042C23618A79E369D1
:10D140001343E3610023A360284670BD6FF0200500
:10D15000FAE76FF04705F7E7100000202DE9F341EB
:10D160001D464FF48073284C8046002017460E461B
:10D17000019300F079FB01AB23601123234A0121C5
:10D18000C4E9022304F11003636040F61103E36174
:10D1900004F1200363612123089AE3621C4B46F0EB
:10D1A00000561A60099A45F0005542F00052C3E952
:10D1B00001122022C4F81080A6612762A562616274
:10D1C000DA60BFF35F8F134A1460BFF35F8FBFF362
:10D1D0005F8F1361BFF35F8FBFF35F8F03235363D1
:10D1E000BFF35F8FBFF35F8F9363BFF35F8F00F079
:10D1F0006FF9431C0446FAD0002000F05FFB204684
:10D2000002B0BDE8F08100BF2CC100200400002066
:10D210001CC10020000001502DE9F04198464B68E8
:10D220000446202B0E46174636D10025C16185766F
:10D2300004F0E7F821461A4B424641F8843B04F1DA
:10D240002000142300F0BEF83268636A20681A6078
:10D250008168144A9A604A68DA604FF08072C4F8B4
:10D260000421E26AD4321A610F4A9A618A68C3E9DA
:10D2700007270E4A303343F8082CCA6843F8042CB9
:10D280006362069B2376C3682846C4E90135C4E976
:10D2900003556561BDE8F0816FF04100FAE700BF1A
:10D2A0009438010020000020040000200C00002021
:10D2B0002DE9F0411F464B680546202B0E4690464F
:10D2C00028D1416004F092F92946144B069A41F89E
:10D2D000703B42F00102142305F10C0000F072F8DB
:10D2E00033682C69002023600D4BA3602B681B68FA
:10D2F0005A68DB68C4E90328C4E9073742F61443D7
:10D30000084AA261084AC4E90A2330342C61A860A3
:10D31000BDE8F0816FF04100FAE700BF743801000A
:10D3200020000020040000200C00002070B50446FE
:10D330000D4619B10A688B681AB953B96FF0210606
:10D3400039E033B94B6823F00802102A01D0202BB2
:10D3500033D12046256104F06CFB064658BB184BC0
:10D3600004F17801236001236360AB6804F11400C9
:10D370009A069B01DBB202F0E0421A4342F480328B
:10D38000112300F01FF8AB688BB92A68A3691A60F3
:10D390006A68103342F0005243F8082C2268926900
:10D3A000926843F8042CA361636801336360002230
:10D3B0001023C4E90223304670BD6FF04106FAE73E
:10D3C000D8380100026100F11402826000F11002FD
:10D3D000C2600A60024AC1E902231031416070470D
:10D3E000040000204368A3F11001914240D80122BB
:10D3F00043F80C2C53F8042C42F0200243F8042C80
:10D4000053F8082C42F0005243F8082C836800F1CE
:10D410001402A3F1100191422ED8012243F80C2CE2
:10D4200053F8042C42F0200243F8042C53F8082C43
:10D4300042F0005243F8082CC36803F15402BFF3D2
:10D440005F8F0F4B1A60BFF35F8FC2680432BFF368
:10D450005F8F1A61BFF35F8FBFF35F8F03225A6341
:10D46000BFF35F8FBFF35F8F9A63BFF35F8F704728
:10D47000103242F80C2CB8E7103242F80C2CCAE7F4
:10D480000000015038B5BFF35F8F104CE569BFF362
:10D490005F8FBFF35F8F10236363BFF35F8F012044
:10D4A00001F096FCBFF35F8F00236363BFF35F8FD0
:10D4B000BFF35F8FE36BBFF35F8F5B06F8D425B1DB
:10D4C000BFF35F8FE561BFF35F8F38BD0000015090
:10D4D00008B500F055FA104A20B9BFF35F8F906A83
:10D4E000BFF35F8FBFF35F8FD36BBFF35F8F10F01E
:10D4F000240F03F0230304D0FFF7C4FF6FF01F00D5
:10D5000008BD4FF0FF30002BFAD1BFF35F8F1063DF
:10D51000BFF35F8F1846F3E700000150C26870B593
:10D5200072B9C36900F128041C603B4C103343F806
:10D53000084C4468E46844F4806443F8044CC361D4
:10D54000836A9B052CD4044654F8EC3BDD68302DEF
:10D5500034BF082610261D6901366B1E1340EB1AD6
:10D56000B34238BF5B191C44D50004F8015C03F1D9
:10D57000EB045209044400F1ED05A54248D1802294
:10D58000446A80F8EC20C269C43414604468936033
:10D59000E468103242F8044CC26102691A44026124
:10D5A00002690568D31C23F003039B1AC26952F871
:10D5B000044C44EA032442F8044C52F8084C234437
:10D5C000EC6843F0005342F8083C036AE21C22F086
:10D5D00003021960944203F110019C60016207D0BC
:10D5E0000021121B42F0804219619A6120330362CC
:10D5F000836A13F480610AD16B699C4207D0026A86
:10D600001B1B43F08043116093601032026270BDB7
:10D6100004F8012D120AB0E704000020B1F5AA7F3A
:10D6200070B505461BD303681C6814F0400419D17B
:10D6300000F11806304600F017F929460B4B51F857
:10D640007C2B30466B6012681323FFF7BBFE084B40
:10D6500020466B610123C5E90344AB6070BD6FF0E8
:10D660002200FBE76FF00200F8E700BF2439010059
:10D670001DD50000BFF35F8F094A1368BFF35F8FAA
:10D6800043F48071BFF35F8F1160BFF35F8F23F4AA
:10D690008073BFF35F8F1360BFF35F8F704700BF6E
:10D6A00000100150BFF35F8F1522064B5A62BFF383
:10D6B0005F8FBFF35F8F40F237129A62BFF35F8FC5
:10D6C000704700BF0010015008B5FFF7D3FFBFF34C
:10D6D0005F8F064A1368BFF35F8F43F00103BFF308
:10D6E0005F8F1360BFF35F8F08BD00BF0010015054
:10D6F00070B50026C0E9006605460C46FCF7E4FE5E
:10D7000001232B70FFF7B6FFBFF35F8F204BDB6861
:10D71000BFF35F8F9B08013BACB3226842B19A42D2
:10D7200005D9FCF7F5FE6FF03F002E7070BD134673
:10D73000D4E90115E068002908BF4FF40071002802
:10D7400008BFF1202469BFF35F8F114A9360BFF3D4
:10D750005F8FBFF35F8F1564BFF35F8FBFF35F8F82
:10D760005064BFF35F8FBFF35F8F5163BFF35F8F71
:10D7700044F4802444F00104BFF35F8F1460BFF3CE
:10D780005F8F0020D2E74FF40071F1202546DAE7E1
:10D7900000100150037870B50D461446002B53D08D
:10D7A000BFF35F8F2D4A136BBFF35F8F5908C3F32D
:10D7B0004203052B4BD011F0060F02D14FF0FF3082
:10D7C00070BD4368D3B9BFF35F8F5368BFF35F8FFA
:10D7D000032BF3D9224B2349BFF35F8FD2F880602C
:10D7E000BFF35F8FBFF35F8F43F8046BBFF35F8FAF
:10D7F0008B42F1D1FFF768FF01234360BFF35F8FD6
:10D80000164B9A68BFF35F8F0132B4EB021F21D829
:10D81000BFF35F8F5A68BFF35F8FB4EB820FCDD831
:10D8200084B1BFF35F8FD3F88020BFF35F8F291DD2
:10D8300005F8012B8D424FEA122204F1FF34EFD09C
:10D84000002CF5D10020BBE76FF02000B8E76FF0A7
:10D850005100B5E76FF03F00B2E700BF0010015084
:10D86000101001502010015010B50446FCF72CFE9A
:10D87000104B187805F003FF0CB101232370BFF3A0
:10D880005F8F00220C4BDA61BFF35F8FBFF35F8FB6
:10D890004FF0FF321A63BFF35F8FBFF35F8F342205
:10D8A000DA61BFF35F8F012203F59223C3F80423EB
:10D8B00010BD00BF77C200200000015010B5044623
:10D8C00038B9FCF725FEBDE81040074B187805F085
:10D8D000D8BE03783BB1FCF71BFE034B187805F06C
:10D8E000D0FE0023237010BD77C2002008B5054B81
:10D8F000186805F0C8FE044B1868BDE8084005F03C
:10D90000C2BE00BFD4AF0020D0AF002038B5174C46
:10D91000D4F80051BDB1BFF35F8F154B996ABFF3C7
:10D920005F8FBFF35F8F4FF0FF321A63BFF35F8FDC
:10D930000023C4F80031D4F800310E4B1868BDE85C
:10D94000384005F0B0BED4F8083153B100F062F8A9
:10D9500004F057F9C4F80851D4F808310121064BF6
:10D96000ECE7064801F030FCF9F7E6FE00900550C0
:10D9700000000150D4AF0020D0AF00205A3C01007D
:10D9800038B5074B4FF0FF311D68284605F07EFE85
:10D9900004464FF0FF31284605F080FE204638BD92
:10D9A000D4AF002010B5064CE36C3BB9214651F8CA
:10D9B0004C3B986904F07BFA0123E364014810BDF5
:10D9C00064C10020B0C1002010B504460E4B187889
:10D9D00005F055FE0D4B1A68236122605A6862609B
:10D9E0009A68A2600A4A12689A660023A364FCF748
:10D9F0006BFD204604F0E7F80028FAD1204604F039
:10DA0000E7F80028F5D110BD78C2002064C10020DD
:10DA1000443901000048704764C100200048704745
:10DA200064C1002000487047B0C1002010B5044612
:10DA3000054A036912689A6600F04AF82046BDE874
:10DA4000104004F0FBB800BF5C39010010B504467B
:10DA5000FFF7ECFF0422084BC3F80823FCF758FD3E
:10DA6000064A236912689A6600236364044BBDE882
:10DA70001040187805F005BE0090055044390100AB
:10DA800078C2002010B5104B104C236003F5C04342
:10DA900063602461FFF786FF98B1236D2046B3F5DC
:10DAA000007FCCBF4FF480634FF40073A360FFF797
:10DAB0008BFF2046FFF7BAFF2046FFF7C7FF002085
:10DAC00010BD0E20FCE700BF0020015064C1002003
:10DAD00010B5044604F020F9BFF35F8F204604F030
:10DAE0001AFA032280B141F21C01204604F0BBF86F
:10DAF000204604F0C1F8074B1B68834203D0042280
:10DB0000054BC3F8042310BD2046BDE81040082192
:10DB100004F0A9B87439010000900550244B03406B
:10DB2000B3F5806F2FD017DC402B2ED008DC102BE4
:10DB30002DD0202B2DD0181E18BF0120400070477B
:10DB4000B3F5807F27D0B3F5007F26D0802B08BFA8
:10DB50000B2018BF02207047B3F5804F1FD00ADC9E
:10DB6000B3F5805F1DD0B3F5005F1CD0B3F5006F37
:10DB700008BF0620EDE7B3F5004F16D0B3F5803FA0
:10DB800008BF0320E5E7112070470A2070470C20EA
:10DB900070470920704708207047072070471420FD
:10DBA000704705207047042070470F20704700BF62
:10DBB000F0FF010010B50C4641F22C0104F056F8BC
:10DBC000C0F3812003280EBF0023024B1B562361A4
:10DBD00010BD00BF763D010070B50F4E0F4C0546DD
:10DBE000307805F04CFD206830B980220C49FCF7F4
:10DBF00011FF70B9202323602368094A013B236089
:10DC0000002452F823202A60307805F03AFD20469F
:10DC100070BD0224F8E700BF79C20020D0C1002007
:10DC2000D4C1002012281BD0A0F11203302B2DD814
:10DC300026280DD81738C3B20B2B27D81648184101
:10DC400000F00100C0F1FF2000F57F007A3070473E
:10DC50002738C3B21148D84000F001008738704718
:10DC6000B1F5807F0ED006D8E0290CBF6FF085009B
:10DC70006FF086007047B1F5C07F0AD040F20923EB
:10DC80009942F2E7064B0020136070476FF0860060
:10DC900070476FF085007047EEF7FFFF1102000C30
:10DCA00034390100A0F11203DBB21E2B9DBF0348E3
:10DCB000D84000F001000020704700BF210221423F
:10DCC00070B50446A4B0466811A80D46FFF77CFE67
:10DCD000174B11A8196803F0CCFF21466B460022B0
:10DCE00011A804F082F8044680B911A804F025F8C0
:10DCF000DDE900120346284605F0C7F811A8FFF732
:10DD0000E7FE11A803F09AFF044648B111A8FFF7F7
:10DD10009DFE204602F0DAFE0446204624B070BD87
:10DD200011A8FFF793FE3146684602F0DFFFF4E7E3
:10DD3000083B010070B5D51D1C78ED080646042C83
:10DD4000084611464FEA450286B002F101021DD194
:10DD50000A9C94421AD1104C104A344044F010648A
:10DD600094424FF0000414D15A1CCDE902526A1CAF
:10DD7000134401AACDE904530194FFF753FF18B9E6
:10DD8000019802A9FFF79CFF06B070BD6FF08600F6
:10DD9000FAE72046F8E700BF0000FFF6000002099E
:10DDA00003882DE9F04103F44F44B4F5824F08BFD6
:10DDB0001C4603F4E04C1E4B18BF00240025984677
:10DDC000C768E4B21E78A6421ED1D3E90260BCF552
:10DDD000804F08BF06461068D3F804E018B98E4299
:10DDE00008BFC2F800E0106870450DD18E4203D024
:10DDF0006FF08600BDE8F081142303FB05831B7CD4
:10DE000043B96FF08500F5E70135132D03F11403D5
:10DE1000D8D1EDE7422C09D1064B9F4206D003F240
:10DE20000B139F4202D00A339F42E1D10020E1E769
:10DE30008C390100000800062DE9F74305881F46CC
:10DE400005F44F43B3F5824F0E4680469146418814
:10DE50001BD1EDB2422D2FD8402D13D8A5F11203BE
:10DE6000DBB21E2B28D8224A42FA03F3DA0723D466
:10DE7000CC1DE408640001340A9BA34207D26FF072
:10DE8000890016E0CC1DE408F6E700242546284664
:10DE900001AAFFF7C7FE60B9D8F80420154BB3EB11
:10DEA000122F0BD1B9F1020F0CBF6FF085006FF08C
:10DEB000860003B0BDE8F0830024E8E7123DEDB230
:10DEC0001E2D12D80C4BEB40DB070ED53946042330
:10DED000019A01F8013B304600F062FA02F0F6FDCB
:10DEE0000028E6D10B9B1C60E3E76FF08500E0E7BC
:10DEF000DEFFFFBF004E800021000040F0B504228D
:10DF000000258469017D134B187E38B1012810D09B
:10DF1000013A03F12003F7D1104619E01868A04236
:10DF2000F6D1D3E90260A84208BF8E42F0D10120A9
:10DF30000EE01E68A642EBD1D3E90276B94275EB3A
:10DF40000606E5D3D3E904768F4276F10006DFD3E7
:10DF5000F0BD00BFF836010000220D4BF0B5D0E94E
:10DF60000540194615461E6886420AD1D3E9027655
:10DF7000AE4208BFA74204D1182303FB021108696F
:10DF8000F0BD0132052A03F11803ECD10020F7E7B8
:10DF900078370100F7B51F46284B0546002908BF12
:10DFA00098420E46144639D003F5FF437D33C3181B
:10DFB00061F10002022B72F1000238D24FF41052CC
:10DFC0004FF00823E3601E4B228063604FF48073A0
:10DFD00020466380FFF7C0FFC20448BF40F4806062
:10DFE000830448BF40F40060A06001A92046FCF70C
:10DFF00053FC88B9019B089A93421BD8099A136075
:10E00000104AA369864208BF95420BD0013286426E
:10E0100008BF954209D07B7003B0F0BD47F21212E1
:10E02000094BCFE701223A70F5E70222FBE76FF0D8
:10E030008600F1E76FF08900EEE700BF01C0FF7FC7
:10E0400003004E8002C0FF7F0906000670B514462B
:10E05000C4B01D460FABCDE90121CDE904320392D6
:10E0600020AB10220646002107A8069301F022F8F3
:10E07000489A630001339A426CD12B78042B69D102
:10E080004A9B9C4269D86B1CCDE90743631C1D4425
:10E09000304607A9CDE90945FFF712FE04460028DE
:10E0A00055D131A8FFF790FC2D4B31A8196803F02A
:10E0B000E0FD0A25002231460BAB31A803F095FEA6
:10E0C0000446002834D131A803F037FE0446024646
:10E0D0000B9901A804F0B0FEDDE90C12234607A855
:10E0E00004F0D3FE31A8FFF7F3FC31A803F0A6FD3E
:10E0F0000446E8B9013DDDD131A803F05BFE0546D9
:10E1000031A803F01AFE03AB0246D5E9000104F082
:10E11000ACFE049B039A0C93059B49990D93069BB7
:10E120000BA80B920E9304F087FE4B9B0B9A1A6080
:10E13000DDE9031002F0DAFDDDE9051002F0D6FD9D
:10E14000204602F0C3FC044631A8FFF77FFC2046BE
:10E1500044B070BD6FF08604F9E76FF08904F6E70C
:10E16000203B0100F0B58BB0164605461C220F4639
:10E1700003A8002100F09EFF4FF6F8724FF4A05361
:10E18000B2EBC60F4FF6FF7205934FEAC60338BFD6
:10E1900013462C68ADF80E30B4F1082F19D1D5E92B
:10E1A000B9230993D5F8E032049313F0FF0308BFB5
:10E1B0001A4608924FF410530A4CADF80C303A4608
:10E1C0003346009403A905F1540002F0F1FF0BB0AF
:10E1D000F0BD054B9C42EDD0E4B24FF4885344F0BF
:10E1E0006074EAE70002C003000280082DE9F84FDE
:10E1F0000446DDE90AA50F4600F5F0704FF4A07162
:10E200009B46914602F072FD85F0AA6383F4807309
:10E2100033F47E1306D085F0AA6383F4007333F4DD
:10E220007E1344D1C5F30548A8F104020C2A3ED858
:10E2300041F61173D340DB0739D504F1200652466D
:10E240005946304600F011FF314652464846231DDC
:10E25000FCF70CFA0646F8B9402104F1590002F027
:10E2600045FD144A25F47E13934284F8996016D034
:10E2700002F58072934214D0B3F1052F13D00E4AE9
:10E28000934212D00D490E4A8B4218BF00222260E1
:10E2900084F8587084F89A803046BDE8F88F094AAF
:10E2A000F5E7094AF3E7094AF1E7094AEFE76FF0B2
:10E2B0008606F1E70001400500060005000700059D
:10E2C000000710050001500500025005000510056B
:10E2D000000610052DE9F84F0446DDE90AA7884637
:10E2E00000F54870882191469B4602F0FFFCBAF188
:10E2F000200F43D8234D87EA050333F47E133DD125
:10E30000C7F30543102B39D104F120065246594674
:10E31000304600F0AAFE314652464846231DFCF71F
:10E32000A5F9064608BB402104F1590002F0DEFCC5
:10E33000154B27F47E129A4284F8996018D003F5A1
:10E3400080739A4216D0B2F1052F08D00F4B9A4233
:10E3500012D00F4905F500758A4218BF35461023C3
:10E36000256084F8588084F89A303046BDE8F88FEC
:10E37000084DF4E7084DF2E7084DF0E76FF0860628
:10E38000F3E700BF00051005000140050006000589
:10E3900000070005000150050002500500061005A9
:10E3A0002DE9F04796B0814603A80E4615465768FA
:10E3B000FFF70AFB254B03A8D3F800A04FF0000895
:10E3C000514603F056FC6B460022294603A803F091
:10E3D0000CFD044618B103A8FFF738FB21E03A46CC
:10E3E0004946009804F0B2FDDDE90123294603A85F
:10E3F00003F0CEFC03A8FFF76BFB03A803F01EFCA1
:10E400000628044611D108F10108B8F10A0F04D01A
:10E41000514603A803F02DFCD5E703A8FFF716FB30
:10E420006A24204616B0BDE8F0870028D3D103A89F
:10E4300003F0C0FC05463A460168304604F0B4FDDE
:10E440003A466968F01904F0AFFDC4E7203B0100CB
:10E450002DE9F04F0446CB7B904603F00F020E46A9
:10E46000110100EB0212D2E9025061582F0947EA6C
:10E470000077000940EA017089B0CDE906700027F5
:10E48000DFF880B1526805F00F053BF81500090967
:10E4900041EA0271120982EA0042CDE9041203F056
:10E4A000F003E51804AB03EB070A0422514602A867
:10E4B00000F0DBFDE919042202A8DDF8089000F065
:10E4C000D4FD029B042289EA0303504602A90437C3
:10E4D000029300F0CAFD102FE4D106F10F09DDE927
:10E4E0000601070947EA01770909DDE9042341EA42
:10E4F0000271CDE90671002700F00F003BF8101003
:10E50000120942EA03721B0919F8015D83EA01430B
:10E51000CDE904234FEA151A05F00F0504EB0515A4
:10E5200004ABFB181946042202A8019300F09DFDDC
:10E53000029BE919042202A8009300F096FD029ABA
:10E54000009B02A95A40019B0292184604220437FC
:10E5500000F08BFD102FE3D1DDE90601DDE9042396
:10E56000050945EA0175090941EA0271CDE906513B
:10E570000025244900F00F0031F81010120942EA7A
:10E5800003721B0983EA0143CDE9042304EB0A1A51
:10E5900004AB2B441946042202A8009300F065FD49
:10E5A0000AEB0501042202A8029F00F05EFD029A18
:10E5B000009B57401846042202A90435029700F038
:10E5C00054FD102DE4D14E4589D1049B059A1BBA08
:10E5D00012BACDE90223082240460DEB020100F0F9
:10E5E00044FD069B079A1BBA12BACDE90223082202
:10E5F0000DEB020108EB020000F037FD09B0BDE8A9
:10E60000F08F00BF883B0100042273B504460DEB78
:10E6100002000D4600F029FD0422019BA91823F0F9
:10E62000704323600DEB020000F01FFD0422214E19
:10E63000019B05F10801334063600DEB020000F01F
:10E6400014FD0422019B05F10C013340A3600DEB86
:10E65000020000F00AFD0422019B05F11001334085
:10E66000E3600DEB020000F000FD0422019B05F1C8
:10E67000140123610DEB020000F0F7FC0422019B62
:10E6800005F1180163610DEB020000F0EEFC0422BD
:10E69000019B05F11C01A3610DEB020000F0E5FCFC
:10E6A0000020019BC4E90800C4E90A00E36120637B
:10E6B00002B070BDFCFFFF0F2DE9F04F0125214B8B
:10E6C0008DB0D3F80090D9F80830D9F800409D40BB
:10E6D000013D3CB1A04728B121461B4800F074FD24
:10E6E000F9F71CFE4FF0010A4FF000412846F9F7F8
:10E6F000E9FD0026044609F10C07002CF4D0D9F8F6
:10E700000830B34202D8F9F709FEEDE70AFA06F835
:10E7100014EA080F12D03B680BB9F9F7FFFD694600
:10E720004046F9F7D7FD3B686846DDF804B09847E6
:10E7300001465846F9F7EAFD24EA08040136043791
:10E74000DBE700BF600C0020793D010010B5024CF2
:10E75000A446F8F7F3FF10BDC37D000010B5024CCE
:10E76000A446F8F7EBFF10BDC97D000010B5024CC0
:10E77000A446F8F7E3FF10BD6F7D000010B5024C12
:10E78000A446F8F7DBFF10BDB573000010B5024CCE
:10E79000A446F8F7D3FF10BDF173000010B5024C8A
:10E7A000A446F8F7CBFF10BD4D76000010B5024C23
:10E7B000A446F8F7C3FF10BDF57D000010B5024C6C
:10E7C000A446F8F7BBFF10BDC176000010B5024C9F
:10E7D000A446F8F7B3FF10BD4F7C000010B5024C03
:10E7E000A446F8F7ABFF10BDF37C000010B5024C57
:10E7F000A446F8F7A3FF10BD0F7C000010B594B03D
:10E8000004463C22002105A800F054FC4FF401739B
:10E81000ADF8383004AB002102934023CDE900115C
:10E82000039302AA01230348049404F0FAFE14B0EF
:10E8300010BD00BF000100402DE9F0439BB08046B1
:10E84000DDE922690F461446002138220CA81D4636
:10E8500000F030FC4FF4C063CDE90A87ADF85030CA
:10E860003EB9B9F1000F04D06FF086001BB0BDE8CF
:10E87000F083249B102D0693259BCDF82490CDE9A1
:10E880000736269B0293279B0393EDD834B122468B
:10E890000DF13B0361198A4215D113950AAB04931C
:10E8A000402305930123002E019302AB009304AA99
:10E8B0000CBF022303230021054804F0B2FE289B6D
:10E8C000039A1A60D2E712F8010B03F8010FE2E78E
:10E8D000000100402DE9F0439BB08046DDE922694C
:10E8E0000F461446002138220CA81D4600F0E2FB1A
:10E8F00040F20163CDE90A87ADF850303EB9B9F175
:10E90000000F04D06FF086001BB0BDE8F083249B9D
:10E91000102D0693259BCDF82490CDE90736269B34
:10E920000293279B0393EDD834B122460DF13B03AC
:10E9300061198A4215D113950AAB049340230593BC
:10E940000123002E019302AB009304AA0CBF022303
:10E9500003230021054804F064FE289B039A1A60F3
:10E96000D2E712F8010B03F8010FE2E700010040C3
:10E9700070B5054694B00C46164600213C2205A809
:10E9800000F098FB2B680021069340F60513ADF8C4
:10E99000383004AB02934023CDE90011039302AA5F
:10E9A000012304480496ADF83A4004F03AFE14B04E
:10E9B00070BD00BF0001004030B5402597B004464F
:10E9C00006AB2A460021184600F074FB0423226897
:10E9D0000593089240F60A120123ADF8402004AADC
:10E9E000CDE9020500920021019302AA0248049495
:10E9F00004F017FE17B030BD0001004070B540268E
:10EA000096B0044606AB0D4632460021184600F08B
:10EA100051FB042322680593089240F6011201235A
:10EA2000ADF8402004AACDE902060092002101932E
:10EA300002AA03480795049404F0F3FD16B070BDD4
:10EA4000000100402DE9F0414FF04008074696B024
:10EA50001C4606AB0E46154600214246184600F0FD
:10EA600029FB3A680021089240F60412CDE9020819
:10EA7000ADF840200223CDE9001102AA0448CDE9F7
:10EA80000454ADF8426004F0CCFD16B0BDE8F0814E
:10EA900000010040F0B5402799B008AB05460E468E
:10EAA000144600213A46184600F004FB1C23079345
:10EAB00004233268039301230A9240F6091201935A
:10EAC00002ABCDE90407ADF84820009300210223F2
:10EAD00004AA03480695029404F0A3FD19B0F0BD02
:10EAE0000001004000B58BB0CDE9020102A90491FC
:10EAF0000821CDE905130CAB0893042309930023E7
:10EB00000792CDE9003340F2E931032304AA034818
:10EB100004F087FD0BB05DF804FB00BF020100406C
:10EB200010B58CB0CDE9020102A908910821099124
:10EB300005A90A9104210F9C0B910E990592CDE92C
:10EB4000061374B10123019306AB009340F2EA313E
:10EB50000223054808AA04F064FD079B23600CB05B
:10EB600010BD6FF08600FAE70201004010B58CB0CE
:10EB7000CDE902010021CDE909110B9102A905910E
:10EB8000082109ABCDE906130C23144608938AB17A
:10EB9000012307AA0193009240F2EB31074805AA2E
:10EBA00004F03FFD099B23600A9B63600B9BA360FD
:10EBB0000CB010BD6FF08600FAE700BF0201004004
:10EBC0007FB502AB0493082305930023CDE902012E
:10EBD000CDE900334FF47B71012304AA024804F00D
:10EBE00020FD07B05DF804FB020100407FB503ABD8
:10EBF00004930423059300230390CDE9003340F2EE
:10EC0000F331012304AA044804F00BFD0028B8BF27
:10EC1000012007B05DF804FB0501004000B589B094
:10EC200003AB04930423CDE90532012306AA039024
:10EC30000791009240F2F231019304AA044804F0D3
:10EC4000F0FC0028B8BF012009B05DF804FB00BF4C
:10EC500005010040F0B50446ADF26C4D0D46164678
:10EC600000211C2203A81F4600F024FA022C05D024
:10EC7000042C1CD022480DF26C4DF0BD214B0893A2
:10EC80004FF41053ADF80C301F4B4FF48862002145
:10EC90000AA8049300F00EFA4FF008210AA8FCF726
:10ECA00073FE034628B18C33E4D01848E3E7184BD1
:10ECB000E5E7009040F2011103AA0AA8FCF7B2FEB2
:10ECC0000028F2D13A4640F20121DDF880340AA84A
:10ECD000FCF77CFE0028E8D133462A4640F20621A4
:10ECE0000AA8FCF773FE0028DFD1DDF88824DDF8E0
:10ECF00084140AA8FCF70EFF0028BCD0D5E700BF9B
:10ED0000FF9AFEFF02C0FF7FFF004E80FC9AFEFFCD
:10ED100003C0FF7F7FB50023074A06A9CDE904237E
:10ED200002AB01AA11E90300FCF7FEFCB0FA80F087
:10ED3000400907B05DF804FBB710FF7F10B58EB037
:10ED40000C46122200210DF11E0000F0B3F9002341
:10ED5000124A2146CDE90C2341F20103ADF81C30E3
:10ED600003F1004303F59C0303F56C53089305ABD3
:10ED7000029306AB019302233022009307A804AB51
:10ED8000FBF7BAFF38B9059A054BB2F5C07F18BF3B
:10ED900018460EB010BD0348FBE700BFB710FF7F59
:10EDA000FB9AFEFFFE9AFEFF00B58DB03022694649
:10EDB0000020FBF72FFE30B96946FF20FFF7BEFFAA
:10EDC0000DB05DF804FB0148FAE700BFFD9AFEFFB5
:10EDD00048B1054B054A1B68B3FBF2F35843044B9B
:10EDE00043F001031847704700AF002040420F0076
:10EDF000F0360100431810B501D21F2A01D90020B6
:10EE000010BD013902F014030144102B80EA010403
:10EE10003CD009DC8BB1042BF1D11F2C40E840F32E
:10EE200015D941E840F10EE0142BE8D11F2C40E841
:10EE3000C0F30CD941E8C0F105E01F2C40E800F315
:10EE400005D941E800F11C460B468C42D7D122F08F
:10EE50001402013A0A2AD2D801A151F822F000BFC7
:10EE6000AFEE0000A9EE00009BEE0000FFED0000F9
:10EE7000FFED0000FFED0000FFED0000B5EE00002B
:10EE8000AFEE0000A3EE00009BEE00001F2C40E858
:10EE900080F3DCD941E880F1D5E713F4001FAFD14E
:10EEA000ADE713F4801FFAE75B02A9D5A7E713F4D7
:10EEB000002FF4E713F4802FF1E700BF70B50E4D7B
:10EEC00000260E4C641BA410A6420BD10C4B0BB1B8
:10EED000AFF300800B4D00260B4C641BA410A64220
:10EEE00005D170BD55F8043B01369847ECE755F85D
:10EEF000043B01369847F2E7C03D0000C03D0000EA
:10EF000000000000C03D0000C03D000008B5054BFA
:10EF1000044613B10021AFF3008000F005F820464D
:10EF200000F06CF80000000038B5074D074C641B7A
:10EF3000A41024B9064B0BB1AFF3008038BD013CDF
:10EF400055F824309847F4E7C03D0000C03D00006C
:10EF500000000000002383F300887047F8F7ECBB43
:10EF6000EFF30880EFF309812DE9F00F6B4672464D
:10EF7000F5F79AF808B0FFF7F1FFFEE7F8F7DCBB0A
:10EF8000EFF30880EFF309812DE9F00F6B4672462D
:10EF9000F5F78AF808B0FFF7F1FFFEE7F8F7CCBB0A
:10EFA000EFF30880EFF309812DE9F00F6B4672460D
:10EFB000F5F77AF808B0FFF7F1FFFEE7F8F7BCBB0A
:10EFC000EFF30880EFF309812DE9F00F6B467246ED
:10EFD000F5F76AF808B0FFF7F1FFFEE7F8F7ACBB0A
:10EFE000EFF30880EFF309812DE9F00F6B467246CD
:10EFF000F5F75AF808B0FFF7F1FFFEE7FEE78142A8
:10F0000070B40546144602D370BC00F02EB88218C6
:10F0100021443CB141EA020313F003030FD1E0188D
:10F02000032812D86FF00300A308434300201944BB
:10F030001A442344984210D1284670BC704711F8F6
:10F04000013D013C02F8013DE3E7581850F8046C1B
:10F05000981840F8046C043BE1E70C1A14F8016CB2
:10F06000141A04F8016C0130E4E770B504463AB1B3
:10F0700041EA040313F003030CD1D518032D0FD874
:10F0800022F003031C441944002302F003029342BC
:10F090000CD170BD11F8013B013A04F8013BE6E7E1
:10F0A000CD1A2E68E51A2E60043BE6E75D5CE55458
:10F0B0000133ECE7F0B5044662B922F003032344C0
:10F0C00002F003021A44934214D1F0BD04F8011B6C
:10F0D000013AF1E7A307F9D115460B0443EA0163AE
:10F0E0000B4343EA01231619032DE6D9771B3B6036
:10F0F000043DF9E703F8011BE5E703685A1C1F2AE2
:10F1000003440260197105D90023202140F8043B13
:10F1100000F069B870472DE9FF410024642A0746D2
:10F120000D46CDE90144039406D1A14204DA2D2114
:10F13000FFF7E3FF01246D4201AB002698460A2049
:10F14000B5FBF0F100FB1152303203F8012B2A46D7
:10F15000092A0D4606F10106F2D83546013D38462A
:10F1600018F80510FFF7C9FF002DF7D1A01904B05A
:10F17000BDE8F081F0B5002485B001AB06461F461E
:10F18000CDE90144039401F00F00105C090904F17A
:10F19000010403F8010BF6D12546013D3046795DA7
:10F1A000FFF7ABFF002DF8D1204605B0F0BD70B5DC
:10F1B00006460D460024295D09B9204670BD30463B
:10F1C000FFF79BFF0134F6E70FB407B504A951F828
:10F1D000040B0191F9F7AAF803B05DF804EB04B051
:10F1E000704702DF7047FFF7FCBF00207047704791
:10F1F00010B5044608B1F9F75DF92046BDE81040A6
:10F20000F9F742B90346C068E0B15888D0B11B880D
:10F2100003F44F42B2F5824F09D1DBB2272B2AD03B
:10F2200008D8172B0FD0222B34D0122B16D06FF00A
:10F2300085007047302B2FD0413B012BF7D8FF289A
:10F2400039D100207047C028FBD0E128F9D0B0F5B3
:10F25000807F0CBF00206FF08600704720F02003F5
:10F26000C02BEED020F08003B3F5807FE9D040F2D0
:10F2700009239842EDE7E928E3D0EF28E1D040F2F6
:10F280001B139842DDD040F299139842D9D040F236
:10F290003B23EEE7E928F1E720F02003C02BD0D094
:10F2A00020F04003B3F5807FCBD0B0F5C07FC8D04D
:10F2B000B0F5007FCDE7B0F5E07FCAE7036802460E
:10F2C00073B1037DD9070BD513F002000DD0D368BD
:10F2D0004BB91369002B0CBF00206FF086007047FC
:10F2E0006FF0880070476FF0860070473AB10029D0
:10F2F00018BF00232121D21A1844FFF7DBBE704744
:10F300002DE9F047994600238AB006AC84E8030053
:10F31000DDE913868DF82330169B0092002B94E8CC
:10F32000030015460CBF4FF400634FF4806309AA35
:10F33000159FF9F727FD0446E8B9DDF824A0284613
:10F34000BAF800100DF12302F9F7C6FD044690B992
:10F350009DF82330B3421ED8CDE90337129BCDF878
:10F360000880CDE900935046DAE909122B46FBF7F5
:10F370000DF8044600B13E603246214640463B68E7
:10F38000FFF7B4FF099801F029F9002C18BF2046B7
:10F390000AB0BDE8F0876FF08904ECE72DE9FF4182
:10F3A00000234768D0F8148004460E4638461146BC
:10F3B000136001F015F9054688B9384601F012F9D5
:10F3C000054660B9FFB277B9B8F1000F05D1A06862
:10F3D00020F0031020F47F4080B16FF086052846AE
:10F3E00004B0BDE8F08102ABD4E90501012283E855
:10F3F000030001F0C8F80028E9D1EEE74FF6F873F2
:10F4000062889A4217D8277907B901A83146FAF7D6
:10F4100087FB05460028E2D10FCCD6F800C066462F
:10F420000FC694E8070086E80700002FD7D1019B9C
:10F43000CCF81430D3E76FF08505D0E741F206230E
:10F4400098421AD8B0F5905F09D241F20103984270
:10F450000CD0B0F5885F09D06FF085007047692344
:10F46000A0F5905080B2C340DB07F5D511F0070F2F
:10F470000CBF00206FF086007047B0F5105FEBD135
:10F4800021F04003802B06D0B1F5807F0CBF002017
:10F490006FF0860070470020704770B5446A0546DB
:10F4A0000E463CB90120F8F7E9FF686228B1204612
:10F4B000AE6270BD6FF08A00FBE76FF08C00F8E77A
:10F4C000F8B50F46114606461546FFF7E6FF044617
:10F4D00020B92A463946706AFFF7C7FD2046F8BDB5
:10F4E000F8B500880F461E461546BAB100F4E04351
:10F4F000B3F5805F02D0B3F5005F0FD1089BE90040
:10F500001960FFF79BFF044630B92A46394630465A
:10F51000FFF7ABFD079B1D602046F8BD6FF085042B
:10F52000FAE710B50446406A10B1A16AFFF760FE21
:10F530000020C4E9090010BD38B50546FFF7F1FF0A
:10F540002B7F0446012B0ED0023B012B0ED82B6AD9
:10F55000012B18BF6FF096042C2200212846FFF7DC
:10F56000A9FD204638BD2B6A002BF2E76FF0960408
:10F57000F2E708B1FFF7E0BF704770B586B002ADA3
:10F5800085E803001046144600F0ECFF00230093CA
:10F5900005AA95E80300F9F7F5FB50B9059E354635
:10F5A0000FCD0FC495E8070084E80700304601F04E
:10F5B00015F806B070BD70B5049E1446B2421D46E3
:10F5C0000BD81846FFF751FD0021321B2819FFF711
:10F5D00071FD0020059B1C6070BD6FF08900FBE78A
:10F5E000F0B587B002AD16461C4685E803000C9FB7
:10F5F000D3B100233B60009305AA012395E80300E3
:10F60000F9F7C0FB70B9CDE9004705983346D0E95A
:10F610000912FAF721FD0446059800F0DFFF002CDF
:10F6200018BF204607B0F0BD6FF08900FAE7F0B5CB
:10F6300087B002AC16461D4684E803000C9F1BB33E
:10F6400000233B60009394E8030005AAF9F79AFBB6
:10F65000044638B9059803885B0406D400F0BEFF61
:10F660006FF08604204607B0F0BDCDE90057334661
:10F67000D0E90912FAF70AFD0446059800F0AEFF3A
:10F68000002C08BF0446EDE76FF08904EAE72DE996
:10F69000F047164600271D4690B00DF1080C09AC46
:10F6A0008CE8030090460FCE0FC496E80700C5E92A
:10F6B000007784E80700009702239CE8030005AA6E
:10F6C000CDE90577CDE90777F9F75CFB044640B94A
:10F6D000B8F80030059C73B122889A420BD06FF0C5
:10F6E00086040698FFF745FF059800F077FF20464F
:10F6F00010B0BDE8F087B8F8022063880AB19342E1
:10F70000EDD12788DDF83090D4F80C804946424688
:10F710003846ADF82630ADF82470F8F7F7FE064607
:10F72000DDF834A0384651462269F8F7EFFE2EB9CD
:10F73000B9F1000F02D0B8F1000FD0D120B9BAF161
:10F74000000F01D0002ACAD1A2680B9B0D90134074
:10F7500006A907AA09A8CDE90B36FFF71FFE044644
:10F760000028BED1DDE905305A684168120AB2EBC3
:10F77000112F31D10A9A120A29D008A909A8FAF73B
:10F78000E3FB04460028ACD108990698FFF785FEF4
:10F7900004460028A5D1DDE9051303F128020192F2
:10F7A0009A6A09A800925B6AD1E90912FAF7BCFCCF
:10F7B0000446002895D129460698F9F767FB0446C8
:10F7C00000288ED1059800F009FF04468FE7D3E9A1
:10F7D0000912FFF775FEEBE76FF0850481E7036818
:10F7E00010B5044623B101F09DF80023236010BD3D
:10F7F0001846FCE738B50C4601680546A1B904F087
:10F80000FE43B3F1007F12D14FF4D0720430FFF702
:10F8100051FC21462846FAF71DFD044610B1284642
:10F82000FFF7DDFF204638BD6FF08804F7E76FF083
:10F830008604F4E738B50468054664B112B90024BB
:10F84000204638BD01F059F804460028F7D0284674
:10F85000FFF7C5FFF4E76FF08804F8E770B50026FE
:10F860001E60046805463CB101F050F80446284685
:10F87000FFF7B5FF204670BD6FF08804FAE7F0B5DA
:10F880008BB00E46174601AB202202A90546FFF7B2
:10F89000E5FF044638B1202102A8F8F70BFE284600
:10F8A000FFF79DFF14E0019ABA4206D0202102A87A
:10F8B000F8F700FE6FF09404F1E7304602A903F078
:10F8C000D1FE04460028F1D1202102A8F8F7F2FD6C
:10F8D00020460BB0F0BD70B4DDE9036500242C6058
:10F8E00000F0FE44B4F1007F02D170BCFAF7A4BC72
:10F8F0006FF0860070BC704730B51D4600F0FE43C7
:10F90000B3F1007F8DB01DD103AB01932023009391
:10F9100004ABFAF791FC044628B9039A109B9A426B
:10F9200008D06FF09404202104A8F8F7C3FD204606
:10F930000DB030BD284604A903F094FE044600280B
:10F94000EFD1F0E76FF08604F1E738B503680446BD
:10F950000D468BB1096879B94FF4D072281DFFF7B5
:10F96000A9FB2046294600F0B6FF044610B1284600
:10F97000FFF735FF204638BD6FF08804FAE70368CB
:10F9800010B5044653B101F03DF800232360A3886D
:10F9900023F4FF7323F00103A38010BD1846FCE796
:10F9A0002DE9F0411E46002386B002AC84E8060033
:10F9B00001680546DDF830800593002936D14FF403
:10F9C0001F720830FFF776FBB8F1000F009694E83D
:10F9D000030014BF4FF480634FF4006305AAF9F7E6
:10F9E000D1F9044620BB059F304639882A1DF9F716
:10F9F00073FA0446E0B96B79394668F300036B711A
:10FA0000D7E9092328460096B8F1000F0BD0FAF782
:10FA1000E7FC044660B9059800F0E0FD0446204686
:10FA200006B0BDE8F081FAF7FFFCF2E76FF088045A
:10FA30002846FFF7A4FF059800F0D0FDEFE71FB5BB
:10FA400002AC84E806000122009294E80600FFF769
:10FA5000A7FF04B010BD1FB502AC84E80600002269
:10FA6000009294E80600FFF79BFF04B010BD38B584
:10FA70000468054664B112B90024204638BD00F080
:10FA8000A3FF04460028F7D02846FFF778FFF4E7E5
:10FA90006FF08804F1E72DE9F0411746026805464A
:10FAA0000E46984682B14279D2070DD502795AB1F5
:10FAB000BA4216D800F091FF044638B9A6B92846D4
:10FAC000BDE8F041FFF75BBF6FF088040023C8F882
:10FAD00000702B7146B92846FFF751FF2046BDE85C
:10FAE000F0816FF08904F1E721463A463046D8F8B4
:10FAF0000030FFF7FBFB2846FFF741FF002C08BF53
:10FB00000446EBE738B50468054634B92846FFF7E4
:10FB100036FF6FF08804204638BD4479E407F5D4F9
:10FB20000479944204D0FFF72AFF6FF09404F2E7BF
:10FB300000F05FFF04462846FFF721FF002C08BFB6
:10FB40000446E8E710B588B006AC84E8030001215C
:10FB500004910D9903910C9902910B9901910A99C5
:10FB6000009194E80300FFF7CBFB08B010BD30B55F
:10FB700093B006AC84E803000021049109A9039125
:10FB80002021029116990AAD0195009194E8030095
:10FB9000FFF7B6FB044628B9099A189B9A4208D089
:10FBA0006FF0940428462021F8F784FC204613B017
:10FBB00030BD2946179803F055FD04460028F1D0C2
:10FBC000EEE7036810B504463BB100F071FE002378
:10FBD0002360237923F003032371002010BD1FB598
:10FBE00002AC84E806000122009294E80600F9F7CE
:10FBF000D9FA04B010BD1FB502AC84E8060000229B
:10FC0000009294E80600F9F7CDFA04B010BD38B5BB
:10FC10000468054684B1047904F00304012C0BD177
:10FC2000102A0FD800F023FE044638B92B7943F090
:10FC300002032B71204638BD6FF088042846FFF779
:10FC4000C0FFF7E76FF08604F8E737B504680546AC
:10FC500094B1047904F00304012C0DD0079C0194A5
:10FC6000069C009400F00CFE044610B12846FFF7F5
:10FC7000A8FF204603B030BD6FF08804F6E770B5EA
:10FC8000046805461E46A4B1047904F00304012C5F
:10FC90000FD000F001FE04462846FFF792FF00282F
:10FCA00018BF04463368E21723EA02032046336094
:10FCB00070BD6FF08804EFE72DE9F04F4FF00009B9
:10FCC0008FB00AAD85E80300DDE91E6B1046CBF866
:10FCD000009014461F46F8F763FFDDF860A08046E9
:10FCE00070BB00944FF4807395E803000DAAF9F7F8
:10FCF00049F8804620BB51462046F9F721F8804656
:10FD0000D8B91D9BCDE9076B06931C9B0D980593F5
:10FD10001B9B009704931A9B0393199BCDE901A3A6
:10FD20002346D0E90912FAF7A7FA804628B126B18E
:10FD3000324649461D98FFF7BDF90D9800F04EFC7C
:10FD400040460FB0BDE8F08F2DE9F04F4FF00009AD
:10FD50008FB00AAD85E80300DDE91E6B1046CBF8D5
:10FD6000009014461F46F8F71BFFDDF860A08046A0
:10FD700070BB00944FF4007395E803000DAAF9F7E7
:10FD800001F8804620BB51462046F8F7D9FF80464F
:10FD9000D8B91D9BCDE9076B06931C9B0D98059365
:10FDA0001B9B009704931A9B0393199BCDE901A316
:10FDB0002346D0E90912FAF789FA804628B126B11C
:10FDC000324649461D98FFF775F90D9800F006FC7C
:10FDD00040460FB0BDE8F08F38B50468054644B121
:10FDE00000F0EAFD4FF47072044600212846FFF748
:10FDF00061F9204638BD1FB502AC84E806000093C7
:10FE0000012194E80C00F9F7EFFA04B010BD1FB51A
:10FE100002AC84E806000093002194E80C00F9F796
:10FE2000E3FA04B010BD38B503680D460446114628
:10FE30009BB1037DDB0710D44068F8F781FF90B9D0
:10FE40000A462046294600F078FD054638B9237D4C
:10FE500043F001032375284638BD6FF0880520461E
:10FE6000FFF7BAFFF7E76FF08605F8E7F8B5036824
:10FE700004460F4616467BB1037D13F00E0F0BD1DF
:10FE800000F064FD054648B9237DC4E9037643F0DC
:10FE9000020323752846F8BD6FF088052046FFF75A
:10FEA0009BFFF7E738B503680446EBB1037D03F029
:10FEB0000900012818D132B90025237D43F004033D
:10FEC0002375284638BD9B0704D5E36893420ED3BB
:10FED0009B1AE360204600F042FD05460028EBD067
:10FEE0002046FFF779FFECE76FF08805F8E76FF041
:10FEF0008605F5E737B504460020079D2860206891
:10FF0000D8B1207D10F0010F17D0800706D5E0682A
:10FF1000C8B92069904216D3801A206106980195CD
:10FF20000090204600F024FD054640B9237D43F0B3
:10FF300008032375284603B030BD6FF088052046BE
:10FF4000FFF74AFFF6E76FF08605F8E72DE9F04F77
:10FF50001E46002385B0DDF840803360DDE90E9752
:10FF6000C8F8007005468A469346FFF7A7F904468D
:10FF700068B92B7DDB0618D533465A4651462846CC
:10FF8000CDE90178CDF8009000F0FEFC04463A4639
:10FF900021464846D8F80030FFF7A8F92846FFF771
:10FFA0001BFF204605B0BDE8F08F6FF08804EEE738
:10FFB0002DE9F3411E460023336005460F46904667
:10FFC000FFF77CF9044668B92B7DDB0611D4099B49
:10FFD00042460193089B394600932846334600F079
:10FFE000DFFC04462846FFF7F7FE204602B0BDE8D6
:10FFF000F0816FF08804F5E738B54468054614B120
:020000021000EC
:1000000000F047FD044628464FF48A61F8F752FA9B
:10001000204638BDF8B5C368044693420F461646DD
:1000200011D300F02DFDE36805469B1BE36040B152
:100030002046FFF7E1FF27B1324621213846FFF77E
:1000400039F82846F8BD00F024FD00236FF08E0536
:10005000E360F0E743681BB1C36800200B607047A2
:100060006FF08800704710B4446834B1C4688C42A3
:1000700007D310BCC16000F0D6BC6FF0880010BC84
:1000800070476FF08600FAE770B50D464FF0FF310C
:1000900004461646F8F7DEFD58B9237A9B0706D4C6
:1000A000324629462046BDE87040FFF7B3BF6FF0E7
:1000B000840070BD00232DE9F04F89B0CDE90433F1
:1000C000C2E900334388064688461746002B00F0F5
:1000D00084804FF0FF314046F8F7BCFD044600280D
:1000E00068D198F8083003F00303012B78D130462B
:1000F00005AA04A9FFF752F9044668B9049D72885D
:100100002B88D61D03F4E043F608B3F5804F069222
:10011000079605D16FF086040498FFF72AFA49E0A4
:10012000B3F5805F05D0B3F5005F02D06FF08504B2
:10013000F2E75307EED131460120F8F79FF98146E7
:1001400010B96FF08C04E7E7069B6B806B681B0AA5
:1001500034D128460799FFF7A0F90446002834D186
:100160000DF1180A05F1280B324649464046FFF7C3
:1001700051FF044688B9CDE901BAAB6A3246009313
:100180006B6A49462846F9F71FFF6A88069B0446B2
:100190009A421FD110F18F0FE6D031464846FFF743
:1001A00027F8002CB8D139460498F8F76FFE0446BA
:1001B0000028B1D1204609B0BDE8F08F284607A934
:1001C000F9F7C2FE04460028C3D031464846FFF77F
:1001D0000FF8A1E76FF08604DFE76FF08604E9E728
:1001E0006FF08404E6E707B5009313460022F9F7A1
:1001F00083F903B05DF804FB70B586B00E4602A922
:1002000081E80C00002342680546009203C905AA54
:100210000593F8F7B7FD044638B1059800F0DEF90C
:100220002846FFF7E9FE204626E0059A9168480433
:100230000BD42B7A090443F002032B7205D4104629
:1002400000F0CCF96FF08404EAE76FF48073F318E0
:10025000012B98BF2B7A31469CBF43F001032B72D0
:10026000936A28460093536AF9F746F904460598BD
:1002700000F0B4F9002CD3D106B070BD2DE9FF41D8
:10028000056806460F46984635B3037903F0030325
:10029000012B20D1457995422DD8102D2ED82946F5
:1002A0006846F9F7B5FA0446C0B92A4669463046A9
:1002B00000F0DDFA044688B92A4669463846FEF75A
:1002C000D4FEC8F80050337943F00203337120465E
:1002D00004B0BDE8F08100256FF0880400233046AB
:1002E000C8F80030FFF76DFC002FF0D029463846E3
:1002F000F8F7E0F8EBE76FF08904EFE76FF08304BD
:10030000ECE72DE9FF4100241C601F460368064608
:100310008846002B58D0037D03F01103102B53D1D6
:10032000038903F4E041B1F5005F29D1C3F3022151
:10033000042925D1436883F0AA6181F4807131F4E6
:100340007E113DD083F0AA6383F4007333F47E13EF
:1003500022D021466846F9F75BFA0546B0BB224633
:1003600069463046FFF75FFD054678BB2246694681
:100370004046FEF77AFE3C60284604B0BDE8F081B6
:1003800042F204018B4209D1736883F0052383F4A0
:10039000801333F47E1315D10C240CE042F20701D4
:1003A0008B420FD1736883F0A26383F4C06333F48C
:1003B0007E1307D118249442CBD96FF0890505E04C
:1003C0000D24F8E70024C4E76FF088053046FFF7F6
:1003D00003FDD1E72DE9F0430546994600238BB094
:1003E000099325F0004323F47F0306A8B3F1106FAF
:1003F00080E80600DDE91386159F1FD100954FF4B4
:10040000804303C809AAF8F7BDFC0446C0B9129B93
:10041000CDE90367CDE900930998CDF808802B4614
:10042000D0E90912FAF724F8044648B9099800F00F
:10043000D5F8044620460BB0BDE8F0836FF0860483
:1004400031464046F9F7E4F909983E6000F0C6F8F5
:10045000F0E703461B88084603F4E043B3F5805FEA
:10046000114602D0B3F5005F01D1F9F7D1B96FF0B1
:10047000850070477FB500220388CDE90122C1E9DC
:100480000022428806460D46002A68D003F4E04266
:10049000B2F5804F63D023F0FF03B3F5E24F02D0F3
:1004A000B3F5824F04D13046FEF7ACFE0446D8B90E
:1004B000304602AA01A9FEF771FF0446002843D185
:1004C000019B9B6A9BB10199304601F12803D1E958
:1004D0000912F9F751FD0446002839D1294601983F
:1004E000F8F7D4FC044678BB204604B070BD7368AE
:1004F0001B0A22D13088718800F4E043B3F5805F95
:1005000015D0B3F5005F12D020F0FF03B3F5E24F32
:1005100022D1C0B242280ED10831C90803910399F3
:100520000198FEF7BAFF04460028CCD00CE0FEF795
:1005300085FF044640B90731EFE7304603A9F9F7D4
:1005400003FD04460028EAD00198FFF712F8CBE734
:100550000198FEF7E6FFF7E76FF08504F4E76FF028
:100560008604C1E71C220021FEF7A4BD037F022BF5
:1005700006D1036A5A1C03D001330362002070477E
:100580006FF09600704782B002AB03E9030010469B
:100590006FF04042009B591E914208D328B103F1ED
:1005A000404393428CBF0020012002B070470120DD
:1005B000FBE7034668B1017F8A1E012A0BD8032995
:1005C000026A03D1012A01D1FEF7B6BF1AB1013A7E
:1005D0001A62002070476FF096007047FFF7E9BF7E
:1005E00000207047C0B2FF280CBF6FF086000020CB
:1005F000704730B585B06D4685E80300144695E830
:10060000030003AAF9F7CEFA48B995E8030084E895
:100610000300039805B0BDE83040FFF7CABF10F1F2
:10062000880F4FF0000308BF6FF08B00C4E9003360
:1006300005B030BD1FB56B4683E8030050B193E8A9
:10064000030003AAF9F706FA38B110F18C0F08BFBE
:100650006FF0870005B05DF804FB0398036A012B77
:1006600004D105B05DF804EBFEF766BF05B05DF898
:1006700004EBFFF79EBF1FB56B4683E8030003AA98
:1006800093E80300F9F7E6F978B9039803793BB1E9
:10069000036A012B04D105B05DF804EBFEF74CBFF3
:1006A00005B05DF804EBFFF784BF05B05DF804FB0F
:1006B0007FB56B4683E8030003AA00980199FEF713
:1006C00055FA8C3018BF012007B05DF804FB30B537
:1006D00087B06B4683E80300009D019C28462146B5
:1006E00003AAFEF743FA8C3002D1002007B030BDD8
:1006F00028462146FEF764FA10B16FF09800F5E73E
:100700002846214603AAFEF731FA8C30EDD0F4E7F3
:100710002DE9F04104461646884688B0002944D0A9
:10072000002A42D0B2F5005F42D202F124073946D6
:100730000120F7F7A3FE054600283CD003463146CA
:1007400040462246F9F70EFBD4E9050103AB83E8E6
:1007500003006669D4F81880FFF7AAFF012821D0AA
:1007600000233A46009330462B464146FEF7BAF93D
:10077000044678B93046414605AAFEF7F7F9044623
:1007800020B9069B9F4205D06FF098043046414641
:10079000FEF716FA39462846FEF72AFD204608B02D
:1007A000BDE8F0816FF08A04F4E76FF08604F5E7A6
:1007B0006FF08D04F2E76FF08C04EFE7FEF718BDE1
:1007C0002DE9F04FD0F818A0D0F814B087B0074644
:1007D000894690465846514603AAFEF7C7F9044693
:1007E00010BB049E01203146F7F748FE054600285D
:1007F00037D05846514603AA0294FEF7B7F904468B
:1008000070B902AB0246CDE9005358463346514613
:10081000FEF786F9029B04469E4209D06FF09804C9
:1008200031462846FEF7E4FC204607B0BDE8F08FCD
:100830000028F5D143464A46314628460097F9F745
:10084000EDFA04460028EBD1D9F8003033B1D8F8DE
:100850000030002B08BF6FF09104E1E76FF09104C6
:10086000DEE76FF08C04DFE7F9F78ABE70470368B4
:10087000052B02D10830FBF791BB6FF08600704763
:1008800070B40668052E03D170BC0830FBF79ABB24
:100890006FF0860070BC704710B40468052C03D15B
:1008A00010BC0830FBF78CBC6FF0860010BC7047A2
:1008B00038B50368052B0CD100F10804204600F080
:1008C00065FC4FF49C7105462046F7F7F3FD28467A
:1008D00038BD0025FBE708B503461A680846052A17
:1008E00008D140F8042B191D4FF4D072FEF7BDFB60
:1008F000002008BD6FF08800FBE70368052B02D1DC
:100900000430FAF70FB96FF08800704710B404682C
:10091000052C03D110BC0430FAF776B96FF08800CB
:1009200010BC704708B50368052B04D14FF4D07193
:10093000043000F0DBF9002008BD0368052B02D16C
:100940001830FCF70BB86FF0860070470368052B72
:1009500002D11830FCF718B86FF0860070470368B2
:10096000052B02D11830FCF725B86FF086007047D0
:1009700070B40668052E03D170BC1830FCF73AB885
:100980006FF0860070BC7047F0B40768052F03D184
:10099000F0BC1830FCF754B86FF08600F0BC70471C
:1009A00070B40668052E03D170BC1830FCF774B81B
:1009B0006FF0860070BC70470368052B02D11830B9
:1009C000FCF78EB8002070470368052B02D1083071
:1009D000FBF79ABD6FF08600704710B40468052CD1
:1009E00003D110BC0830FBF7B1BD6FF0860010BC1E
:1009F00070470368052B02D10830FBF7EFBD6FF09D
:100A0000860070470368052B02D1083000F0D4BB84
:100A10000020704710B504461030FAF7B5FF08B94A
:100A20000523236010BD0368052B02D1103000F0B0
:100A3000A4BA6FF08800704710B40468052C03D185
:100A400010BC1030FAF7C2BF6FF0880010BC7047BE
:100A500030B40568052D03D130BC1030FAF7E2BF81
:100A60006FF0880030BC704710B40468052C03D1C7
:100A700010BC103000F096BA6FF0880010BC7047C0
:100A80000368052B02D11030FBF744B86FF08800E3
:100A900070470368052B02D11030FBF761B80020C6
:100AA00070470020F9F77CBF0020F9F7B3BF0020A2
:100AB00000F05AB917B46C4684E8030094E80300C8
:100AC00003B010BCF7F72CBB002070470A2840DCAD
:100AD000C31C22DA10F1400F47D010F13F0F2BDA80
:100AE00010F1410F44D010F1550F44D010F1490FCF
:100AF00008BF6FF0840018BF6FF0860070470928A8
:100B00002AD8DFE800F00529290816293829292FD5
:100B10006FF09800704700207047C31C0D2B1BD846
:100B2000DFE803F0072F1A1C1A1A1A1A1A1A1D1ACC
:100B30001A1D6FF08500704710F1210F1ED00BDBDE
:100B400010F1200F1DD010F1100F08BF6FF09400AE
:100B5000D1E764380928D2D96FF0860070476FF06A
:100B6000940070476FF08C0070476FF084007047FE
:100B70006FF0890070476FF0930070476FF0880046
:100B800070476FF09200704710B501380A449142E7
:100B900000D110BD10F8013F11F8014B6340037004
:100BA000F5E70144814200D1704711F8013D1A4434
:100BB0000A70120AF6E730B5002503F58073013A92
:100BC000002A0DDAFF2BDAB28CBF0021012152EA94
:100BD000050003D0FF2B94BF00200120401A30BD38
:100BE000845C1C448B5C013AE41A230AE4B2FF33B0
:100BF0002543E5E72DE9F8430E46174608994FF4DB
:100C0000AA7204461D46DDF8248000F01BFEB8B928
:100C100081464D4509D14146204600F0A9FE78B9EC
:100C20002046BDE8F84300F0D1BE204657F8292001
:100C300056F8291000F02EFE10B909F10109E8E775
:100C4000BDE8F8831FB5CDE90221069A03A9CDE9D5
:100C50000032012302AAFFF7CDFF05B05DF804FBC7
:100C6000002373B58DF80730934203D19DF8070038
:100C700002B070BDC55CCE5C9DF8074075402C434A
:100C80008DF807400133EFE7002313B58DF80730E7
:100C90008B4206D19DF80700B0FA80F0400902B0FF
:100CA00010BDC45C9DF80720013322438DF8072056
:100CB000EEE78B4230B50CD8002421469C4203D18C
:100CC000081E18BF012030BD155D055529430134AC
:100CD000F4E70020F7E710B58B4294BFC41844181E
:100CE000A04200D110BD00F8012BF9E700231A46FD
:100CF00082B001908B4201D102B070470198C2547A
:100D00000133F7E707B501A9F9F7AEFD003818BFC1
:100D1000012003B05DF804FBF7B506460D46202D13
:100D20002F46A8BF202700216846FCF7E1FC0446B7
:100D300070B93A4631466846FCF72CFD10F1520F67
:100D4000044608D0431CF4D0684600F02FFF34B1AD
:100D5000204603B0F0BD684600F028FFE3E7EC1B37
:100D60003E44F5D02546DAE70020704710B504462A
:100D700094F89C31043043B14FF4AA72216800F01A
:100D800061FD08B984F89C0110BDBDE8104000F079
:100D90005DBDF0B5D7B007460D46164600214FF4AD
:100DA000AA7201A81C46FEF785F900236946384659
:100DB0000093F9F731FC08BB009800F00FFE5C9B34
:100DC00098421DD8009800F009FE5D9B4FF4AA726E
:100DD0001860009901A800F035FD68B9324629462F
:100DE00001A800F057FD38B9214601A800F0C0FD68
:100DF00010B901A800F0EAFDFFF768FE57B0F0BD9A
:100E00006FF08900FAE738B5044608462146F9F73D
:100E100003FC054660B90123206884F89C3100F08A
:100E2000DFFDC4F858012846BDE83840FFF74EBE44
:100E300038BDFAF709BACA0448BF41F480618B048F
:100E400048BF41F4006181607047C0F30253013B29
:100E500010B5052B21D8DFE803F0030B0B0B1B1398
:100E6000012300F030002028136013D0002010BDB3
:100E70000B8844F212118B420CBF04230223F0E7CB
:100E80000B8844F212118B4214BF03230623E8E7B8
:100E90000323E6E702331360E8E76FF09800E6E724
:100EA00013B50C46F9F7E0FCC31C0FD0013009D094
:100EB00004224FF0FF3321460DEB0200019302F0B4
:100EC000A0FB30B96FF08B0002B010BD6FF0840052
:100ED000FAE70020F8E730B589B0054618220C463D
:100EE00001A80021FEF7E6F8012344EA052401A940
:100EF000BA2007940593F9F76DFC002818BF6FF02E
:100F0000920009B030BDF7B5BA2001A9F9F7ACFCE1
:100F1000044610B1002003B0F0BD019D2F0AEDB2D0
:100F2000AC4205D1BA20F9F791FC0028F2D008E0D4
:100F3000E6193046F9F78AFC30B13046FFF7E2FE99
:100F400010B96FF09200E6E70134E9E708B5F82040
:100F5000FFF7D8FE18B9F920FFF7D4FE10B16FF0F3
:100F6000920008BDF820F9F763FC0028F7D1F920BA
:100F7000F9F75EFC0028F4D0F1E7838810B55BB187
:100F8000D0E902428C4272F100024FF0000306D316
:100F9000C0E90213184610BD6FF08800FBE76FF040
:100FA0008600F8E76FF085007047543000F004B910
:100FB00070B5044600F54576D0F89403012130441D
:100FC000FFF794FED4F8942304F1540531462846E3
:100FD0000132FBF799FA78B92846D4F8382404F599
:100FE0006671FBF791FA38B9284604F23C410422B5
:100FF000BDE87040FBF788BA70BD37B5D0F80C2358
:1010000000F53B710446FDF7ADF8D0B9D4F81033C4
:1010100004F154051BBA0422694628460093FBF7E5
:1010200073FA70B92046FFF7C3FF50B92368B3F1D4
:10103000082F08D01022284601ABA118FBF786FA2A
:1010400050B103B030BD1022284604F53471FBF7CF
:101050005BFA0028EED0F4E7102384F85030D4F87F
:1010600010330133C4F81033EBE76FF06042002314
:10107000C0E90223402383800123C0F810330020FD
:10108000704738B504461D46084640F20123984291
:10109000114606D040F20623984212D06FF0860027
:1010A00038BDA388412B1CD17F2D1DD82A4604F5BD
:1010B0004570FDF7DAFF4223C4F894530020A38063
:1010C000EEE7A388413B9BB2012B0AD8A02D0BD899
:1010D0002A4604F56670FDF7C8FF4323C4F8385468
:1010E000ECE76FF08800DBE76FF08C00D8E770B5B5
:1010F00004460E461046194613882268049DB2F134
:10110000082F02D1B3F5105F1AD1A388402B1AD152
:1011100040F201139E4216D14368202DC4F8E032FC
:10112000D0E90523C4E9B92310D82A4604F53B7059
:10113000FDF79BFF41230020C4F80C53A38070BD32
:101140006FF08500FBE76FF08800F8E76FF086002E
:10115000F5E7F0B5002785B00A9ECDE9027702AF2A
:10116000CDE9006704461D46FAF72CFF60B90299E5
:101170002046721A03AB2944FBF722F820B9DDE9B7
:10118000023213440B9A136005B0F0BD38B5054622
:10119000043000F01AFA044618B1BDE83840FFF7F1
:1011A00095BC28464FF49C71FFF7A0FD204638BD42
:1011B000FBF742B9FBF740B908B54FF41F71FFF7D1
:1011C00095FD002008BD002310B500F1100210317C
:1011D00012F8014D43EA4403824201F8013D4FEA0F
:1011E000D413F5D110BD002370B588B0CDE900331C
:1011F000CDE902330C46154600F5A4716A4604ABEE
:1012000000F5D67001F079F90646C0B9214604A868
:10121000FFF7D9FF9DF910302946002BB8BFE37BBB
:101220002046BCBF83F08703E373FFF7CCFF94F93C
:101230000030002BBEBFEB7B83F08703EB7330469F
:1012400008B070BD2DE9F84F0446884615460027C2
:1012500000F5CA7900F5C27AADB92DE032464946AB
:101260005046FFF791FC5346524604F5A47104F52D
:10127000D67001F042F900BB0146C4F8A401324621
:101280004846FDF717FFD4F8A40108EB0701C0F1A9
:10129000100BAB4528BFAB4648445A46FDF7E5FE68
:1012A000D4F8A4615F445E44102EC4F8A461A5EB99
:1012B0000B05D1D1002DD1D10020BDE8F88F00233E
:1012C00070B58CB008AA04A90446CDE90033CDE975
:1012D0000233FFF788FF054640BBD4F8A45104F55C
:1012E000CA76102D2A4624D1304604A9FFF74CFCBB
:1012F0002A4631466846FDF7B8FE04F5C27610224C
:1013000069463046FFF740FC3346324604F5A47187
:1013100004F5D67001F0F1F8054638B910223146CF
:1013200004F10C00FDF7A1FE1023636028460CB009
:1013300070BD31466846FDF798FE8022D4F8A4318E
:10134000684630336B4403F8302C08A91022FFF7AD
:101350001BFCD2E7F8B500F150040E4600F5A4716D
:10136000204617461D46FBF7E1FF18B1BDE8F840DF
:10137000FFF7ACBB3A463146204600F07DFB002823
:10138000F4D12946204600F0A5FB0028EED12046E6
:1013900000F0FFFB0028E9D1F8BDC000C90002F150
:1013A000080303F8010D93424FEA1020F9D103F12D
:1013B0001002083302F8011D9A424FEA1121F9D1B7
:1013C0000120704783686BB100210F3323F0804305
:1013D000826A23F00F0343F0804311609360103260
:1013E000826281607047C26938B51469054614B1DC
:1013F0005069A047044605F12000FCF75FFA20463B
:1014000038BD837E37B505468BB905F12000FCF762
:101410002BFAAB7E93B1019800F0F1F9044668B164
:101420002846FFF7E0FF002808BF204604E001A897
:10143000FCF7D2FB0028E8D003B030BDEA69D368DE
:101440000BB90020F8E75069984704460028E7D117
:10145000F7E7FBF779BC10B50446FBF775FC20B93C
:101460002268236B12681343236310BD38B590F8CC
:10147000203004466BB3B2F1807F06D3FFF7B3FF91
:10148000002808BF6FF03F0038BD036933B1FFF794
:10149000AAFF002808BF6FF04800F5E7406902F195
:1014A0000F0510446061A06825F00F051044A0608E
:1014B000606A016045F0005181602168AD1A896859
:1014C00010300A6942EA052240F8042C606218468E
:1014D000DAE76FF02000D7E7F8B51E4690F8203025
:1014E00004460F461546002B35D0B2F1807F06D357
:1014F000FFF779FF002808BF6FF03F00F8BDFFF746
:1015000061FF0DB90020F9E705F10F00626A20F0D4
:101510000F0040F0005393602368411B9B681760E5
:101520005B69103243EA012342F8043C236962629A
:10153000A26A2B44C4E90353854202F110031660EA
:101540009560A362DED0002341F080411361916178
:101550002032A262D6E76FF02000CFE7F8B590F80E
:101560002030054633B3FBF7B3FF431C044606D0D7
:1015700038B12846FFF737FF002818BF0446204639
:10158000F8BD2B682A6B5B691340F2D169680029AA
:10159000EFD02E7E05F1F4009E4204D8002C18BF37
:1015A0006FF00F04E5E7CA5C10F8017B01337A4065
:1015B0001443F1E76FF02004E1E710B5044620463C
:1015C000FFF7CCFF431CFAD010BD38B54368054681
:1015D00053B11C6914B15869A047044605F10C00C9
:1015E000FCF76CF9204638BD1C46F7E773B5064694
:1015F00001A8FCF7F1FA044680B906F10C00FCF7EB
:1016000033F9019800F0FBF8044650B973682BB128
:10161000DA681AB158699047054618B9204602B0F1
:1016200070BD05463046FFF7D0FF002814BF0446C2
:101630002C46F3E770B5057B0446002D31D0B2F19E
:10164000807F06D3FFF7C1FF002808BF6FF03F007F
:1016500070BD806802F10F051044A060206925F07C
:101660000F05016045F0005181602168AE1A0968DC
:1016700010300969AA4241EA062140F8041C616958
:1016800020610B6001F110038A60636101D10020C9
:10169000DEE7002346F080460B618E6120316161F8
:1016A000F5E76FF02000D3E7027B38B532B301686D
:1016B00082680C7AA24206D2FFF787FF002808BF93
:1016C0006FF0530038BD4C7AB2FBF4F504FB1522E1
:1016D00032B1FFF77AFF002808BF6FF04500F1E74D
:1016E000C269497911421CBF8A43C261602100F17D
:1016F00070020C30FBF776FE0020E3E76FF020006D
:10170000E0E738B5037B93B30268D37A33B9FFF7C8
:101710005CFF002808BF6FF0470038BD8468937AEB
:101720009C4206D2FFF751FF002808BF6FF053001C
:10173000F3E7013B1C4006D0FFF747FF002808BF36
:101740006FF04500E9E75279C36960211343C36133
:10175000D0E90532A4321A6010229A601344436122
:1017600000F170020C30FBF73DFE2046D5E76FF02C
:101770002000D2E738B5037B054663B1FBF7A8FE2E
:10178000431C044605D02846FFF71FFF002818BF5A
:101790000446204638BD6FF02004FAE710B5044631
:1017A0002046FFF7E7FF431CFAD010BD10B5531ECB
:1017B000D41D03F8010FA3424FEA1020F9D10F32D4
:1017C00003F8011F93424FEA1121F9D1012010BD06
:1017D00007B500930023FBF71FFD03B05DF804FB82
:1017E00007B500930423FBF717FD03B05DF804FB76
:1017F00013B500240094FBF75BFD02B010BD10B5DB
:101800009EB0024646F611031AA901A8FBF7DAFDBD
:101810000022039B10211A609A6001A810331AAAB3
:101820000393FBF7DFFDFBF753FE431C0446FAD09E
:1018300001A87421FFF75AFA20461EB010BD1830D7
:10184000FCF73CB8CB6901601146184738B503680E
:101850000446E3B1027ED2B94FF4AA71DB69C568D0
:10186000984798B92368E5605A69E369C2F59675A7
:1018700042F00052616A9A606268294452681960B5
:10188000DA601033E361A3680233A36038BD6FF000
:101890002000FBE7037E10B52BB312B38468062C3F
:1018A00005D91830FCF70AF86FF0440010BDB2F10A
:1018B000807F05D31830FCF701F86FF03F00F5E7A3
:1018C000C3690134196041689A60C968103343F8EC
:1018D000041CC3610369846013440361C368134437
:1018E000C3600020E2E76FF02000DFE7F8B5037E79
:1018F0000246002B39D050F8183BD5681969B5FB62
:10190000F1F401FB145525B1FBF7D8FF6FF045004A
:10191000F8BDD3E905412144682904D9FBF7CEFF7E
:101920006FF02200F4E7D3E901315940936A566A17
:101930004B409362E11C136AC4F596773E4421F054
:1019400003011E608C4203F110069C60166206D0F3
:10195000091B41F080411D61996120331362D82138
:101960007C32FBF73FFD0020D2E76FF02000CFE78D
:10197000037E10B50446A3B1D0E903239A4204D0F4
:101980000268836A526853408362204663699847BD
:1019900004F11800D82104F17C02FBF723FD00209C
:1019A00010BD6FF02000FBE738B5037E054653B14C
:1019B000FBF78EFD431C044603D005F11800FBF72E
:1019C0007DFF204638BD6FF02004FAE710B50446CD
:1019D0002046FFF7E9FF431CFAD010BDC0687047EE
:1019E00000697047026938B51469054614B1506939
:1019F000A047044605F11400FBF760FF204638BD00
:101A0000826808B503465AB902681169426A1142F0
:101A100006D0FFF7E7FF002808BF6FF0530008BDAE
:101A200003F11400702103F17802FBF7DBFC0020C6
:101A3000F5E773B5064601A8FCF7CEF8044678B979
:101A400006F11400FBF710FF0198FFF7D8FE0446DB
:101A500048B93269D3681BB150699847054618B92F
:101A6000204602B070BD05463046FFF7BBFF002898
:101A700014BF04462C46F3E710B5047D034634B387
:101A8000B2F1807F06D3FFF7ADFF002808BF6FF0EB
:101A90003F0010BD4468062C06D9FFF7A3FF0028BD
:101AA00008BF6FF04400F4E70AB90020F1E780694D
:101AB000013401601968826089691030C96840F892
:101AC000041C9968986111445C609960EDE76FF0BF
:101AD0002000DEE7037DF0B4002B42D00468876865
:101AE000256887B9836900F124021A606A1C42F0F4
:101AF00000569E60A6691202F66802F4F85232435C
:101B0000DA601033836182697B1952F8046C23EA2E
:101B10000503DB1B46EA032642F8046C52F8086C06
:101B20003344C66843F0005342F8083CC369721955
:101B300022EA05021960964203F110019E60C1611C
:101B400007D00021921B42F0804219619A61203334
:101B5000C361E268436AF0BC23EA02034362FFF711
:101B60004FBF6FF02000F0BC704738B5037D0546CD
:101B700063B1FBF7ADFC431C044605D02846FFF7D4
:101B800031FF002818BF0446204638BD6FF02004FE
:101B9000FAE7037D10B504462BB12046FFF7E5FFB9
:101BA000431CFAD010BD6FF02000FBE7037810B59E
:101BB00004461BB1F8F7ACFC00232370002010BDD5
:101BC0000020FBF7A3BE0368D868C0F3004070474D
:101BD000036803F580535B6A13F4A02F14BF012040
:101BE0000020704710B5044600F095F920B120465A
:101BF000BDE81040FFF7ECBF2046BDE81040FFF7FE
:101C0000E2BF38B50225036804469D6000F083F901
:101C100018B1236803F58053DD6138BD10B5044663
:101C200000F079F920B12046BDE8104000F07AB903
:101C30002368BDE81040D868FBF770BF10B50446B4
:101C4000236803F580535B68C62B09D02046FFF755
:101C5000C9FF0028F4D12046BDE81040FFF7DEBFE1
:101C60006FF0010010BD03685A5070470368585860
:101C700070470369996670470369986E704770B53D
:101C800006460D461446FFF7F7FF013D026844EA99
:101C90000524304622430421BDE87040FFF7E3BF2E
:101CA00073B5D0E90146CDE900230546FFF7E4FF0F
:101CB00003689DF8002013F0805FE8689DF8073006
:101CC00004EB061416D002F03F0242F0200243F06B
:101CD0000103A0F10801201A8DF800208DF80730CB
:101CE00001F009F9083C08226946204601F02EF966
:101CF00002B070BDA41B03F03F0342F0010243F0A9
:101D00002003A0F1080104F108008DF800208DF8EF
:101D1000073001F0F0F8E6E710B50446FFF7ACFF36
:101D2000C2684AB142F420222046BDE8104000219A
:101D300042F40062FFF797BF10BDC06870470A68A1
:101D40002DE9F84312F4700F0C4615D1D0E9015972
:101D5000D1F80880FFF790FF03682046DB0048BFFA
:101D600063684FF0000744BFA9EB0303ED1800F0D0
:101D7000C4F80646B74201DBBDE8F8834146284671
:101D8000626801F0E3F863684D4498440137F1E775
:101D900070B50C461E461046D1E9012505EB4205FB
:101DA000294601F0D3F862683046A918BDE87040B2
:101DB00001F0CCB838B50446FFF75EFFD4E9013531
:101DC00001684268C90042BFE168691A5B180021D6
:101DD00012B904F1140038BDD00742BF04EB8100F2
:101DE000436101312B445210F2E72DE9F04F0446D4
:101DF00085B00F4691460193FFF73EFFD4E9018B72
:101E0000D4F848A005468668BAF1000F07D02046EE
:101E1000FBF71CFE1025284605B0BDE8F08FFBF748
:101E2000C1FD3A6811064CBFC068406879688142BC
:101E300004DD2046FBF70AFE0D25ECE749EA02091E
:101E40002A69204649EA0202E160FFF718FF2A6882
:101E5000D20003D5E268ABEB020290443EB93946AA
:101E60002046FFF76CFF2B696BB90025D3E7F3071A
:101E700048BF019B4FEA660644BF43F82A800AF137
:101E8000010AD844EAE702A801F00EF8054618B1A5
:101E90002046FBF7DBFDBEE72046DDE90223FFF726
:101EA000FFFE08210DEB0100FEF720FFDDE7C0F388
:101EB0000B03482B4B6028BF482310F4003F8B6076
:101EC00008BF0023CB6010F4803308BFC1E90133A1
:101ED00000F47003B3F5700F14BF00238B68002863
:101EE0004FF0010C4FF008028B60B8BF0023C1E92E
:101EF00005C2B8BFC1E9053370470368024613F451
:101F0000700F06D1806828B1D368506893FBF0F059
:101F100070470020704708B5FFF7AEFE006800F478
:101F2000003008BD10B541F224010446FFF79EFEC3
:101F3000C20709D4830709D420460C21FFF796FE77
:101F4000BDE81040FBF7EABD082010BD0220FCE709
:101F50002DE9F0410546FBF761FD0746012241F2FC
:101F60002801FFF780FE002241F228013846FFF7E2
:101F70007AFE41F204013846FFF778FEC406F8D431
:101F800010F0200602D00220BDE8F08141F22C01C1
:101F90003846FFF76BFE0122044641F2080138463D
:101FA000FFF761FE8DB901224FF480513846FFF7EB
:101FB0005AFE41F204013846FFF758FE420700F08E
:101FC00023033BD4002BF4D0DDE72B68C4F3036874
:101FD00003BBE10458BF6C68AB684BBF41F20C0611
:101FE00041F21006C4F30354A8EB0404002BDAD02A
:101FF000EB68002BD7D0A34211DC0024EB689C4295
:10200000D1DAAB68314653F824203846FFF72BFE6F
:102010000134F3E76B68002BDBD098450ADA0D201A
:10202000B2E72B6841F2100153F826203846FFF73B
:102030001AFE01366B689E42F3DBCAE7FBF7F2FC3F
:1020400001463846FBF7B6FD00209DE72DE9F04F2D
:102050004FF0000B91461E46448805888BB005F46E
:102060004F4300940734B3F5824F82460F464FF03A
:102070001C0259464FEAD40803A818BF5D46CDF8A4
:1020800008B0FDF717F8C845C6F800B041D8B4F558
:10209000847F41D26A4649465046FBF781FE04469A
:1020A00040BBEDB22846009901AAFBF7BBFD0446F0
:1020B00000BBA5F14103012B20D8424602A9F8F745
:1020C000A9FC20BB414602A8FEF7DEFD38BB412D2E
:1020D00005D1B8F1200F02D102A800F080FF4246DE
:1020E000384602A9FCF7C1FF202102A8FEF7FEFD39
:1020F000C6F8008020460BB0BDE8F08F4A4639464E
:10210000019801F007F80028EED0FEF7DFFC044646
:10211000F0E76FF08904EDE76FF08504EAE76FF010
:102120009304E7E72DE9F341DDF820801E4643885C
:1021300042450F461546019315D8294601AAFBF7DB
:102140002FFE044658B92B463A4641463046FEF724
:10215000B0FD58B10A9B019A1A60099B1D60204688
:1021600002B0BDE8F0816FF08904F8E76FF08604F3
:10217000F5E72DE9F04105881F46438894B00293A6
:1021800005F44F43B3F5824F064614461346D0F884
:102190000C800A4603A84FF0410118BF0025FEF746
:1021A00088FD18B31A9B9C4223D83046214602AAC8
:1021B000FBF7F6FD0646A8B9E9B21229029D01D047
:1021C000302906D12A464046009403ABFBF7B2FD06
:1021D00090B92246384603A9FCF747FF1C9B1D60B7
:1021E0001B9B1C60304614B0BDE8F0816FF0860682
:1021F000F8E76FF08906F5E70646F3E78B4238B556
:1022000005460C46104607D30A462946FCF72DFF23
:102210000020049B1C6038BD6FF08900FBE7F0B51F
:102220001746002285B00546D8B20E4640F0007031
:1022300003A90392F8F7F0F9044680B960230193EB
:1022400005F5D273009332463B46039805F15001E1
:1022500000F027FF044628B1FEF738FC044620466C
:1022600005B0F0BD0398FFF7BBFB0123A86085F81C
:102270004C30F4E700232DE9F74F054600788946F6
:102280001646019308B140F0007001A9F8F7C4F9AF
:102290000446F8B90198FFF7A3FBAB688046B34248
:1022A0000CD9A8EB030305F10C001844324649464B
:1022B000FCF7DBFEAB689B1BAB600BE095F84C308A
:1022C00005F1500A53B95046FFF7C0FA30B1FEF796
:1022D000FDFB0446204603B0BDE8F08F0023AA684A
:1022E00005F10C0B5946504685F84C30A8EB02021C
:1022F000FFF7D0FA0028EAD1AF684946F31BB3FBD9
:10230000F8F308FB037750463A46FFF7C3FA002874
:10231000DDD15046FFF7EAFA0028D8D15046FFF742
:1023200055FB0028D3D1A6EB070A40215846C5F833
:102330000880FEF7DBFCBAF1000FCBD052465846BE
:1023400009EB0701FCF791FEAB689B1B3B44B3E72D
:102350000023F0B50446007885B0039308B140F03F
:10236000007003A9F8F758F918B1FEF7AFFB05B0F4
:10237000F0BD0398FFF732FB0398FFF731FB94F8A9
:102380004C30064604F1500523B92846FFF75EFAA3
:102390000028EAD1A26804F10C0739462846B21A8F
:1023A000FFF778FA0028E0D104F5D27440233A46CA
:1023B00028460399009400F03BFED6E72DE9F84348
:1023C000044617461D46884681B3D0E90232AB4227
:1023D00072F100012DD35B1B62F10002C0E90232F1
:1023E00000F110090DB928461EE094F85060BEB106
:1023F000AE4228BF2E46384632464946FCF735FEE7
:1024000094F850203744921BD2B2AD1B84F8502070
:10241000002AE7D0484609EB0601FCF7F0FDE1E7AA
:102420002046C0470028E0D0BDE8F8836FF0850063
:10243000FAE76FF08E00F7E770B5059E0446154683
:10244000FFF7F8F818B1BDE87040FEF73FBB204633
:10245000FFF72AF90028F6D12046FFF79FF9002858
:10246000F1D13560EFE72DE9F047DDE908879F42BC
:10247000054616461C46DDF8289012D3230714D1D2
:10248000FAF70AFE18B1BDE8F047FEF71FBB434656
:10249000224631462846CDE90879BDE8F047FFF7E6
:1024A000CBBF6FF08900BDE8F0876FF08600FAE7D8
:1024B0002DE9F047DDE908879F42054616461C4690
:1024C000DDF8289012D3230714D1FAF7F1FD18B1E3
:1024D000BDE8F047FEF7FABA4346224631462846A1
:1024E000CDE90879BDE8F047FFF7A6BF6FF0890096
:1024F000BDE8F0876FF08600FAE77FB50446154621
:102500001E46FAF7C9FD20B104B0BDE87040FEF7E1
:10251000DDBA102203AB01932946334620460092D0
:10252000FFF78AFF04B070BD01440B1A9A4202D330
:102530006FF08600704711F8013D0133DBB20B707C
:10254000002BF2D00020704710B5002408449C42B4
:1025500000D110BDE10022FA01F100F8011D0134A3
:10256000F5E710B50023044688B0CDE90033CDE986
:102570000233CDE90433CDE9063394F81D33084620
:1025800013B1002008B010BD6A4604AB211DFFF74F
:10259000B4FF0028F6D104F5F07104A800F0C6FDE0
:1025A000012384F81D33ECE72DE9FF47002304469F
:1025B0000D46CDE90033CDE9023301EB020A00F507
:1025C000F07800F5387700F15909554502D104B08B
:1025D000BDE8F08794F899305E1CF6B284F89960F3
:1025E00015F8012B2344102E83F85920EDD13246E3
:1025F00049463846FEF7C8FA6A4639464046FBF770
:1026000027FF324669463846FCF72FFD002384F841
:102610009930DAE71FB5002390F89920CDE900330F
:10262000CDE9023322B16946C2F11002FFF7BCFFC7
:1026300005B05DF804FB2DE9F84F044615468946C0
:102640000A9F0B995E1EC1F11008174400F53C7AF1
:1026500000F5407BBD4202D10020BDE8F88FD4F8E0
:1026600010330F2B10D9424610215046FFF75CFF64
:102670000028F2D15B4652464846211DFFF73DFF38
:102680000028EAD1C4F81003D4F8103315F8012B50
:10269000591CC4F81013234493F80033534006F830
:1026A000013FD7E7082330B50025D0F8142385B0C3
:1026B000044619466846D200CDE90055CDE90255D9
:1026C000FFF742FF0823D4F8182319460DEB030047
:1026D000D200FFF739FF102269462046FFF764FF5A
:1026E0001021684684F89950FEF700FB05B030BD14
:1026F00038B590F81C330446BBB900F53C75102181
:102700002846FEF7F3FA94F84D200C2A07D1284604
:1027100004F14001FCF7A9FC012384F8FF321023E7
:10272000C4F81033012384F81C3338BDF0B50023FE
:10273000044689B00E46684610211546CDE904339B
:10274000CDE90633FEF7D2FA94F84D200C2A07D1D2
:10275000684604F14001FCF788FC01238DF80F3036
:1027600028466A4604AB211DFFF7C7FE054638B16F
:1027700010210DEB0100FEF7B9FA284609B0F0BDB3
:10278000102204F538770DEB02013846FEF7FCF90C
:102790003946304694F89A20FCF767FCE8E713B511
:1027A000049CCDE9003413460A460121FBF71EFDC7
:1027B00002B010BD13B5049CCDE9003413460A469F
:1027C0000021FBF713FD02B010BD0C2A38B50446FA
:1027D000154606D14030FCF748FC002084F84D50E7
:1027E00038BD6FF08600FBE7C0E914120020704787
:1027F0002DE9F043B5B08946694604461746FFF710
:10280000B0FE064638B98046B84508D3D4F814332C
:102810003B44C4F81433304635B0BDE8F08394F837
:102820009950A7EB0803C5F110059D4228BF1D462E
:1028300009EB08012A462046FFF7B6FEA844E3E765
:102840002DE9F04F9B460123B9B08A4680F89C30B1
:1028500004A90446904690F84D90FFF782FE064684
:10286000002850D12046FFF743FF2046FFF7D2FE55
:1028700094F858303546012BC9F110093AD0454536
:102880003AD294F89970A8EB0503C7F110079F425C
:1028900028BF1F460AEB05013A4620460391FFF781
:1028A00083FE039920460A46CDE900790BEB050328
:1028B00004A9FFF7C0FE50BB3D44E0E794F89970CF
:1028C000A8EB0503C7F110079F4228BF1F4620460B
:1028D0000BEB0503CDE900790AEB050204A903938C
:1028E000FFF7A9FE98B9039B3A4619462046FFF721
:1028F0005BFE3D444545E1D3439B1D60D4F818334E
:102900002B44C4F81833304639B0BDE8F08F064682
:10291000F9E710B5B4B069460446FFF722FE90B956
:102920002046FFF7E5FE2046FFF774FE2046FFF73E
:10293000B9FE6A4620463699FFF7F8FE18B994F8B2
:102940009A20389B1A6034B010BD002370B5B8B01F
:1029500004A90546CDE90033CDE90233FFF701FEB6
:102960000446F8B92846FFF7C3FE2846FFF752FE93
:102970002846FFF797FE6946284604AAFFF7D6FEC9
:10298000044658B96E4602463C9B95F89A10194485
:102990008B420AD1002A18BF6FF0940410216846B8
:1029A000FEF7A4F9204638B070BD16F8010B13F8F5
:1029B000015B68400243EBE708B54FF46A71FEF72C
:1029C00095F9002008BD2DE9F04104460D468E180A
:1029D00000F1590700F55A78B54201D1BDE8F08100
:1029E00094F899104B1CDBB284F8993015F8012B40
:1029F0002144102B81F85920EED101233A46194683
:102A0000404600F04DFC002384F89930E4E71FB500
:102A10000022CDE90022CDE9022290F89C203AB9AB
:102A200090F8992022B16946C2F11002FFF7CBFF5E
:102A300005B05DF804FB90F8A43310B5044663B903
:102A4000012304211A4600F54870FFF77DFD40235D
:102A5000C4F86433012384F8A43310BD70B5044670
:102A6000DDE90456FEF7C4FE18B1BDE87040FEF77C
:102A70002DB83346402229462046FEF7DBFD0028CC
:102A8000F3D12046FEF710FE0028EED12046BDE827
:102A90007040FEF783BE2DE9F04F884600210446C2
:102AA00015461E4693B03C2203A80291FCF702FB98
:102AB0001C9F013E2F4404F5487904F1400A04F1BB
:102AC000040BBD4203D1002013B0BDE8F08FD4F851
:102AD00064333F2B15D904F54973019302AB00937E
:102AE0004A46534659464046FFF7B8FF0028EBD107
:102AF000024604214846FFF717FD0028E4D1C4F838
:102B00006403D4F8643315F8012B591CC4F864131A
:102B1000234493F82433534006F8013FD1E7F0B53E
:102B200000240546ADB03C220F460DA821460C946A
:102B3000FCF7C0FA3C2221461DA803941C94FCF724
:102B4000B9FA1C22214605A80494FCF7B3FA95F8BB
:102B5000A5330BBB0CAB1CAE00933846019605F1B8
:102B6000400303AA291DFFF779FF044660B920221C
:102B7000314604A8FCF779FA04A905F55A70FBF769
:102B800043FD012385F8A53340213046FEF7AEF81A
:102B9000202104A8FEF7AAF820462DB0F0BD1FB5ED
:102BA000002390F899200446CDE90033CDE90233A3
:102BB00022B16946C2F11002FFF705FF68461021F5
:102BC000FEF794F86A460023D4F89C0320FA03F138
:102BD0000833402B02F8011BF8D10023D4F8A003DE
:102BE0000DF1070220FA03F10833402B02F8011F10
:102BF000F8D1102269462046FFF7E5FE0023102198
:102C0000684684F89930FEF771F804B010BD13B52A
:102C1000049CCDE9003413460A460121FBF75AFB18
:102C200002B010BD13B5049CCDE9003413460A462A
:102C30000021FBF74FFB02B010BD0C2A38B504464B
:102C4000154606D14030FCF710FA002084F84D50AC
:102C500038BD6FF08600FBE7C0E914120020704712
:102C6000F0B590F89C3004460F461646B5B08BB9C7
:102C70006946FFF754FF054648B9324639462046B3
:102C8000FFF7A1FED4F89C333344C4F89C332846A4
:102C900035B0F0BD6FF08805F9E72DE9F04FB7B01A
:102CA0009A46409B054693428946174657D302A948
:102CB000FFF735FF064600284DD12846FFF7BBFE3B
:102CC0002846FFF7A4FE012385F89C3095F858307C
:102CD0003446012B36D0BC4236D295F899803B1B46
:102CE000C8F14008984528BF984609EB040B4246B6
:102CF00059462846FFF767FE5A462846CDF8008019
:102D00000AEB040302A9FFF7C6FE58BB4444E2E7FE
:102D100095F899803B1BC8F14008984528BF984614
:102D20000AEB040B5B462846CDF8008009EB040251
:102D300002A9FFF7B0FEA8B9424659462846FFF758
:102D400042FE4444BC42E3D3419B1C60D5F8A0330F
:102D50002344C5F8A033304637B0BDE8F08F6FF09C
:102D60008906F8E70646F6E730B5B5B090F89A2040
:102D7000399B04469A4219D86946FFF7D0FE0546AA
:102D800088B92046FFF757FE2046FFF740FE204651
:102D9000FFF705FF389904F55A7000F07DFB94F8B1
:102DA0009A203A9B1A60284635B030BD6FF08905ED
:102DB000F9E7002330B5B9B004A90546CDE90033E1
:102DC000CDE90233FFF7ABFE0446D8B92846FFF73A
:102DD00032FE2846FFF71BFE2846FFF7E0FE694655
:102DE00005F55A7000F058FB3C99684695F89A2012
:102DF000FDF736FF1021041E684618BF6FF09404DB
:102E0000FDF774FF204639B030BD08B54FF46A7144
:102E1000FDF76CFF002008BDF8B50D4606460768B3
:102E20002846D41B214600F066F83A4671682819F6
:102E3000BDE8F84000F08AB8FFF7EEBFF8B50746E6
:102E40001646D2E900208A420C460BDB551A294669
:102E500000F051F82246394670682844BDE8F84031
:102E600000F0A2B8891A3944F8E770B514460E4646
:102E70001D4621461A46FFF7E1FF2146304605F17F
:102E80000802BDE87040FFF7D9BF70B50546164689
:102E90001C461A46FFF7C0FF2246314605F10800DE
:102EA000BDE87040FFF7B8BF10B50446FAF77AFDE9
:102EB000436963B12046FAF78FFE50B9D4E9003276
:102EC0001343F7D0201DBDE81040FAF785BE6FF020
:102ED000020010BD13B504680B44019401AC2244F8
:102EE000994203D1019B036002B010BD11F8014B60
:102EF00002F8014BF4E7F7B505460C4609B3002389
:102F000010F0030601930BD0C6F1040732463B468E
:102F100001A920F00300FFF7DDFF26443D44341FE4
:102F20002A46002124F003032B449A420BD114F0CB
:102F3000030306D024F00304002201A92819FFF797
:102F4000C9FF03B0F0BD42F8041BEEE72DE9F041E4
:102F500010F0030705460E4614460BD0C7F10408CF
:102F600043463A4620F00300FFF7B4FF043C4544D3
:102F700046443C44324624F00303291F33449A421A
:102F80000BD114F003030DD024F0030431192819D8
:102F90000022BDE8F041FFF79DBF52F8040B41F855
:102FA000040FECE7BDE8F08173B50AB902B070BD5B
:102FB00021F003031B6801F003040193C4F104032F
:102FC000934228BF134601AD2C44C51814F8016B79
:102FD00000F8016BA842F9D11944D21AE5E7037849
:102FE00023F007030370C37F03F07F0343F0400324
:102FF000C377704770B514464FF4AA7205460E4663
:10300000FEF720FC98B93046FEF7EAFC234602465C
:103010002018984205D121462846BDE87040FEF7A9
:1030200039BC197881F0360103F8011BF1E770BD56
:103030002DE9F047044608461E460D469146DDF848
:103040002080FEF7CBFCB042074606D92046FEF7AB
:10305000F6FB6FF04000BDE8F0872846FEF7C0FCA5
:1030600008EB000A064651462046FEF781FC002880
:10307000F1D12046FEF7AAFC0028ECD143469A4540
:1030800009D12B4641462046CDF82090BA19BDE81B
:10309000F047FDF7D7BD1A7882F06A0203F8012BDA
:1030A000EDE72DE9F74F1C46DDE90C6B05460F46B1
:1030B0009246FEF793FC81462846FEF791FCA0421B
:1030C000804618D222462B46514638460096FDF7D8
:1030D000B9FD0246D8B9A8EB0903ABEB090106EB31
:1030E0000900FDF7F8FD32462946384603B0BDE831
:1030F000F04FFFF77FBF224651463046FBF7B5FF42
:103100000022A8EB0403ABEB04013019E9E703B09C
:10311000BDE8F08F0B46D0E901108A42084402D383
:103120001A4600F01EBA6FF0400070472DE9F04FCC
:10313000D0E90023C1E92023D0E90223C1E92223F9
:10314000002200230C464FF003080425C1E90023A8
:10315000C1E9022385B0082204EB4516B1180DEB36
:103160000200FBF782FF039B029A1BBA12BA5B08AC
:1031700043EAC27352081BBA12BACDE902230822ED
:1031800004EB05170DEB0201B818FBF76EFFF2799F
:103190003B7A314643EAC21308223B720DEB020030
:1031A000FBF763FF039B029A1BBA12BA5B0843EA60
:1031B000C27352081BBA12BACDE90223082238465C
:1031C0000DEB0201FBF751FFF27B4FEA051912F0FC
:1031D000010F0CBF00226FF01E0214F80930B8F185
:1031E000010883EA020304F809304FEA6505B2D109
:1031F0000427082604EB06153301E3586A681BBA56
:1032000012BACDE90223082228460DEB0201FBF792
:103210002CFFAB68EA681BBA12BACDE90223082278
:103220000DEB0201A818FBF720FF013F4FEA6606ED
:10323000E0D103274FF0020901264FEA091303F1F9
:103240001008E3180093002504EB061B04EB080AA2
:10325000009B0422591902A8FBF707FF029B0BEB06
:103260000501042202A80193FBF7FFFEDDE901320C
:103270000AEB0500534002A9042204350293FBF730
:10328000F4FE102DE4D101364E4508F11008DAD1D4
:10329000013F4FEA4609CFD1384605B0BDE8F08F6F
:1032A0002DE9F04FD0E90854D0E90A7691B0CDE984
:1032B0000B1303688046029343680192039383686B
:1032C0000793C3680993039B03EB93030A93079B3C
:1032D00003EB93030893099B03EB93030493036BA2
:1032E0000593002399460693069B0B9A934209D1B6
:1032F000059BC8E90854C8E90A76C8F8303011B00F
:10330000BDE8F08F042201990FA8FBF7AEFE04225E
:103310000F9B0FA80D93019B9918FBF7A6FE019B2D
:10332000042203F108010FA8DDF83CB0FBF79DFE75
:10333000019B042203F10C010FA8DDF83CA0FBF770
:1033400094FE0D9B14EB0B0049EB0901ED1849EBC2
:10335000090B1BEB000B41F100010F9A17EB0A0A56
:1033600049EB090311EB0A0A43F10003B2180C9868
:1033700049EB09019A18059B034443EB010C049B9C
:103380000299ABFB0330A5FB01411B1940EB010087
:103390000899AAFB01411B1940EB01000A99A1FB06
:1033A00002145B1805930799039B40EB0400ABFBE9
:1033B0000336A5FB01411B1946EB01060299AAFB46
:1033C00001411B1946EB01060499A1FB02145B188D
:1033D000089946EB0406ECFB01360D93079B099C0C
:1033E000A3FB0B13E5FB0413039CAAFB0474C9198C
:1033F00043EB0403029CA4FB02470919049C43EB22
:103400000703ECFB04138E46039C0299A5FB0454AE
:10341000ABFB01B11BEB050541EB04040499AAFBCE
:1034200001A115EB0A0A44EB0101089CA4FB02254B
:103430001AEB020A41EB05010A9A1AEB000A41F164
:103440000001ECFB02A10D9A8F1846F10006029ACA
:1034500016EB0E0643F100030CFB023323F00302CC
:103460009D08AD18059A49EB0904AD1844F1000414
:103470001AEB040449EB0902BF1849EB0902B6181C
:1034800003F0030343F100030593069B0133069306
:10349000019B1033019327E72DE9FF47D0E90A9CF0
:1034A00000220E46D0E9081811F1050A42F1000782
:1034B00018EB070742EB020319EB0303056B42EB22
:1034C000020E1CEB0E0E45F10005AD086C42013DED
:1034D0000CEA050C08EA050809EA0509294005690E
:1034E00027400195456947EA08077F190AEA040A57
:1034F000019D41EA0A0142EB0208491942EB02052B
:103500007F1903EA0403856943EA090348F10008C7
:103510005B1904EA0E04524113EB0805C36944EA3F
:103520000C041C4444EB02040391042203A930461A
:10353000FBF79BFD042203A9B0180397FBF795FD49
:1035400003A9042206F108000395FBF78EFD04226F
:1035500003A906F10C000394FBF787FD04B0BDE856
:10356000F0872DE9F0470446104639B12246002382
:10357000164612F8015B35B98B4202D16FF0530445
:1035800035E00133F4E78B42F8D04A1E9A4201D16C
:10359000022DF3D9A25CD2072FD5FF2415EA04022D
:1035A00028D1E443A1EB0308C718FDF794FBE5B26B
:1035B00008EB070A424639460020F7F72BFA044683
:1035C000E8B93B7881462B403B703B4613F8012B12
:1035D000534549EA0209F9D10023424631463846AB
:1035E000FDF7E9FAB9F1000FE4D00028E2DA20464D
:1035F000BDE8F0876400E4B2D0E76624F7E7022470
:10360000F5E70346002030B5013A00D230BD1D7801
:103610000C78A54202D008B9281BF5E70133013127
:10362000F2E72DE9F047B1F5004F0746DDE90896CE
:103630000D4690461C4603D2042B01D8042E01D916
:10364000F4F76CFE2406360406F4E02604F0E06489
:103650003443A9B24B46424638462143BDE8F047C1
:10366000F4F726BE70B5044600200346934200D10D
:1036700070BDE55CCE5C013375402843F6E7002061
:1036800070470020704700230360704703680B42B7
:1036900002D000680840704720BFF7E7036823EABC
:1036A000010303607047034600681A6808400A4334
:1036B0001A6070472DE9E04F2746A046A146A24672
:1036C000A346A446A2B02DEC000A84F30088254648
:1036D0002646A447EFF3148515F0080F18BFB0EE87
:1036E000400A3DEC000A22B0BDE8E08F0000000077
:1036F0000338FDD870470000000000000000000003
:103700000000000000000000FF00000000000000BA
:1037100001000000000000000101000000000000A6
:103720000000000000000000FF000000000000009A
:103730000100000000000000030100000000000084
:103740000000000000000000FF000000000000007A
:103750000100000000000000000000C400000000A4
:103760000000000000000000B300000000000000A6
:103770000100000000000000000000000000000048
:1037800002C0FF7F0000000000C000000000000039
:10379000010100000000000002C0FF7F00000000E7
:1037A00000C0000000000000000100000000000058
:1037B00002C0FF7F0000000000C000000000000009
:1037C000000000C40000000001C0FF7F00000000F6
:1037D0000028000000000000000000C400000000FD
:1037E00002C0FF7F0000000000C0000000000000D9
:1037F0007AFFFFFF00010100000202000014000038
:10380000002800000040000001000000020000004D
:103810000100000006000000383801000000000030
:103820009B130100200000001000000010000000A9
:10383000200000000000000011000000110800003E
:1038400011280000000000004100000001000000FD
:10385000010000006038010001000000101010009D
:10386000110000001108000011480000112800009C
:1038700001000000803801000440200101014010D7
:1038800014000000140400000000000014280000D0
:10389000040000000400000000000000BC3801002B
:1038A000A63C0100AD170100400000002000000010
:1038B0004000000030000000000000001400000084
:1038C0001404000014280000142C00004400000020
:1038D00004000000040000000F00000010000000C1
:1038E0001000000020000000100000001000000088
:1038F000F438010011000000112800001108000038
:1039000001000000080600000002000000040000A2
:1039100020000000400000002000000048000000DF
:103920001DD600001300000063000000A30000008B
:10393000030000000000100020000000B63C010061
:10394000C000000048390100000000000000000035
:1039500000000000000000000000000060390100CD
:103960000F00000000000000000000000600000042
:103970000000000078390100000002000000000093
:103980000000000000000000000000003000000007
:10399000C00000001800000031000000000000001E
:1039A00030000000E00000001C00000039000000B2
:1039B00000000000300000000001000020000000B6
:1039C0004100000000000000300000004001000045
:1039D000280000005100000000000000300000003E
:1039E00080010000300000006100000000000000C5
:1039F00030000000000200004000000081000000D4
:103A00000000000017000000C000000018000000C7
:103A1000310000000000000017000000E10000007D
:103A20001D0000003B000000000000001700000027
:103A30000001000020000000410000000000000024
:103A400012000000C000000018000000310000005B
:103A50000100000012000000E00000001C00000057
:103A60003900000001000000120000000001000009
:103A700020000000410000000100000012000000D2
:103A8000400100002800000051000000010000007B
:103A90001200000080010000300000006100000002
:103AA00001000000120000000902000042000000B6
:103AB000850000000100000041000000FF00000040
:103AC0002000000020000000000000004100000075
:103AD000C0010000380000003800000000000000B5
:103AE00042000000FF000000200000002000000055
:103AF0000000000042000000C0010000390000008A
:103B000039000000000000000C3B010026000010FE
:103B100000000000003000000C0000000000000069
:103B2000243B010022000010000C000000310000C6
:103B30000C000000000000036DE700005DE70000DE
:103B40004DE700007DE700008DE700009DE70000E5
:103B5000ADE70000BDE70000CDE70000DDE70000B5
:103B6000EDE70000EC13EC1300000000E41BE01F85
:103B7000D02FC03FE41BE01F00000000E41BE01F4B
:103B8000D02FC03F0000C03F0000201C4038602400
:103B90008070A06CC048E05400E120FD40D960C5B1
:103BA0008091A08DC0A9E0B554464D5F4352595055
:103BB000544F0054464D5F50524F54454354454472
:103BC0005F53544F524147455F5345525649434511
:103BD0000054464D5F494E5445524E414C5F54523D
:103BE00055535445445F53544F524147455F5345E5
:103BF00052564943450054464D5F504C4154464F40
:103C0000524D5F53455256494345003078005B554D
:103C10006E737570706F72746564205461675D00B7
:103C200030313233343536373839414243444546F2
:103C30003031323334353637383961626364656622
:103C4000141400001C2030401C2000001C203040B8
:103C50000040505341004B45590041535345525485
:103C6000494F4E204641494C0D0A004B4D5500012D
:103C70000302404000004040808080800000908827
:103C80006848141400001C2030401C2000001C2038
:103C900030400040141400001C2030401C20000064
:103CA0001C20304000400000000000000000000028
:103CB000000000000000FFFFFFFF00000001000007
:103CC00000000000000000000000FFFFFFFFFFFFFA
:103CD000FFFFFFFFFFFFFFFFFFFF00000000FFFFF0
:103CE000FFFFFFFFFFFFBCE6FAADA7179E84F3B905
:103CF000CAC2FC6325516B17D1F2E12C4247F8BCD4
:103D0000E6E563A440F277037D812DEB33A0F4A1B7
:103D10003945D898C2964FE342E2FE1A7F9B8EE760
:103D2000EB4A7C0F9E162BCE33576B315ECECBB653
:103D3000406837BF51F5FFFFFFFF000000010000A2
:103D400000000000000000000000FFFFFFFFFFFF79
:103D5000FFFFFFFFFFFC5AC635D8AA3A93E7B3EB43
:103D6000BD55769886BC651D06B0CC53B0F63BCEEB
:103D70003C3E27D2604B20304250617274697469B6
:103D80006F6E20696E697469616C697A6174696FBC
:103D90006E204641494C454420696E203078257894
:103DA0000D0A0000000000000000000000000000FC
:103DB0000000000000000000000000000000000003
:103DC000287F00000000000000000000000000004C
:103DD0000000040048080D0000000000287F0000DB
:103DE00000000000000000000000000000000400CF
:083DF00000020B0000000000BE
:103DF8000090D003004010500000000000000000B8
:103E080000000000000000000000000000000000AA
:103E1800000000000000000000000000000000009A
:103E2800000000000000000000000000000000008A
:103E3800000000000000000000000000000000007A
:103E48000000000000000000F47E000004000000F4
:103E58000000000000000000FFFFFFFFFFFFFFFF62
:103E6800FFFFFFFFFFFFFFFF000000000000000052
:103E7800000000000000000000000000000000003A
:103E88000000D60100000000000000000000000053
:103E98000000000790ED00E0004010505B47105014
:103EA80018B10020D8AF002020050000C9F100009B
:103EB800EFF10000EBF10000B5F00000677420009E
:083EC8005CC1002060C1002074
:0400000300003E09B2
:00000001FF
