:1000000068970020A16D0000074401008D6D00007D
:100010008D6D00008D6D00008D6D00008D6D0000F8
:100020000000000000000000000000003D6F000024
:100030008D6D000000000000A56E00008D6D0000B9
:100040008D7100008D7100008D7100008D710000B8
:100050008D7100008D7100008D7100008D710000A8
:100060008D7100008D7100008D7100008D71000098
:100070008D7100008D7100008D7100008D71000088
:100080008D7100008D7100008D7100008D71000078
:100090008D7100008D7100008D7100008D71000068
:1000A0008D7100008D7100008D7100008D71000058
:1000B0008D7100008D7100008D7100008D71000048
:1000C0008D7100008D7100008D7100008D71000038
:1000D0008D7100008D7100008D7100008D71000028
:1000E0008D7100008D7100008D7100008D71000018
:1000F0008D7100008D7100008D7100008D71000008
:100100008D7100008D7100008D7100008D710000F7
:100110008D7100008D7100008D7100008D710000E7
:100120008D7100008D7100008D7100008D710000D7
:100130008D7100008D7100008D7100008D710000C7
:100140008D7100008D7100008D7100008D710000B7
:100150008D7100008D7100008D7100008D710000A7
:100160008D7100008D7100008D7100008D71000097
:100170008D7100008D7100008D7100008D71000087
:100180008D7100008D7100008D7100008D71000077
:100190008D7100008D7100008D7100008D71000067
:1001A0008D7100008D7100008D7100008D71000057
:1001B0008D7100008D7100008D7100008D71000047
:1001C0008D7100008D7100008D7100008D71000037
:1001D0008D7100008D7100008D7100008D71000027
:1001E0008D7100008D7100008D7100008D71000017
:1001F0008D7100008D7100008D7100008D71000007
:100200008D7100008D7100008D7100008D710000F6
:100210008D7100008D7100008D7100008D710000E6
:100220008D7100008D7100008D7100008D710000D6
:100230008D7100008D7100008D7100008D710000C6
:100240008D7100008D7100008D7100008D710000B6
:100250008D7100008D7100008D7100008D710000A6
:100260008D7100008D7100008D7100008D71000096
:100270008D7100008D7100008D7100008D71000086
:100280008D7100008D7100008D7100008D71000076
:100290008D7100008D7100008D7100008D71000066
:1002A0008D7100008D7100008D7100008D71000056
:1002B0008D7100008D7100008D7100008D71000046
:1002C0008D7100008D7100008D7100008D71000036
:1002D0008D7100008D7100008D7100008D71000026
:1002E0008D7100008D7100008D7100008D71000016
:1002F0008D7100008D7100008D7100008D71000006
:100300008D7100008D7100008D7100008D710000F5
:100310008D7100008D7100008D7100008D710000E5
:100320008D7100008D7100008D7100008D710000D5
:100330008D7100008D7100008D7100008D710000C5
:100340008D7100008D7100008D7100008D710000B5
:100350008D7100008D7100008D7100008D710000A5
:100360008D7100008D7100008D7100008D71000095
:100370008D7100008D7100008D7100008D71000085
:100380008D7100008D7100008D7100008D71000075
:100390008D7100008D7100008D7100008D71000065
:1003A0008D7100008D7100008D7100008D71000055
:1003B0008D7100008D7100008D7100008D71000045
:1003C0008D7100008D7100008D7100008D71000035
:1003D0008D7100008D7100008D7100008D71000025
:1003E0008D7100008D7100008D7100008D71000015
:1003F0008D7100008D7100008D7100008D71000005
:100400008D7100008D7100008D7100008D710000F4
:100410008D7100008D7100008D7100008D710000E4
:100420008D7100008D7100008D7100008D710000D4
:100430008D7100008D7100008D7100008D710000C4
:100440008D7100008D7100008D7100008D710000B4
:100450008D7100008D7100008D7100008D710000A4
:100460008D7100008D7100008D7100008D71000094
:100470008D7100008D7100008D7100008D71000084
:100480008D7100008D7100008D7100008D71000074
:100490008D7100008D7100008D7100008D71000064
:1004A0008D7100008D7100008D7100008D71000054
:1004B0008D7100008D7100008D7100008D71000044
:0804C0008D7100008D71000038
:1004C80081F0004102E000BF83F0004330B54FEAFD
:1004D80041044FEA430594EA050F08BF90EA020F6A
:1004E8001FBF54EA000C55EA020C7FEA645C7FEAFD
:1004F800655C00F0E2804FEA5454D4EB5555B8BF20
:100508006D420CDD2C4480EA020281EA030382EA90
:10051800000083EA010180EA020281EA0303362D22
:1005280088BF30BD11F0004F4FEA01314FF4801CF5
:100538004CEA113102D0404261EB410113F0004F07
:100548004FEA03334CEA133302D0524263EB4303BE
:1005580094EA050F00F0A780A4F10104D5F1200E5C
:100568000DDB02FA0EFC22FA05F2801841F10001B7
:1005780003FA0EF2801843FA05F359410EE0A5F18B
:1005880020050EF1200E012A03FA0EFC28BF4CF0BC
:10059800020C43FA05F3C01851EBE37101F0004572
:1005A80007D54FF0000EDCF1000C7EEB00006EEB7F
:1005B8000101B1F5801F1BD3B1F5001F0CD3490809
:1005C8005FEA30004FEA3C0C04F101044FEA445260
:1005D80012F5800F80F09A80BCF1004F08BF5FEAE7
:1005E800500C50F1000041EB045141EA050130BDC7
:1005F8005FEA4C0C404141EB0101013C28BFB1F5D9
:10060800801FE9D291F0000F04BF01460020B1FA23
:1006180081F308BF2033A3F10B03B3F120020CDAF6
:100628000C3208DD02F1140CC2F10C0201FA0CF0D4
:1006380021FA02F10CE002F11402D8BFC2F1200C39
:1006480001FA02F120FA0CFCDCBF41EA0C019040EF
:10065800E41AA2BF01EB0451294330BD6FEA040438
:100668001F3C1CDA0C340EDC04F11404C4F1200223
:1006780020FA04F001FA02F340EA030021FA04F335
:1006880045EA030130BDC4F10C04C4F1200220FA8C
:1006980002F001FA04F340EA0300294630BD21FACA
:1006A80004F0294630BD94F0000F83F4801306BF90
:1006B80081F480110134013D4EE77FEA645C18BF84
:1006C8007FEA655C29D094EA050F08BF90EA020F1B
:1006D80005D054EA000C04BF1946104630BD91EA13
:1006E800030F1EBF0021002030BD5FEA545C05D116
:1006F8004000494128BF41F0004130BD14F5800455
:100708003CBF01F5801130BD01F0004545F0FE41C8
:1007180041F470014FF0000030BD7FEA645C1ABFFD
:10072800194610467FEA655C1CBF0B46024650EA34
:10073800013406BF52EA033591EA030F41F4002160
:1007480030BD00BF90F0000F04BF0021704730B5E6
:100758004FF4806404F132044FF000054FF00001BB
:1007680050E700BF90F0000F04BF0021704730B57C
:100778004FF4806404F1320410F0004548BF404251
:100788004FF000013EE700BF42004FEAE2014FEAA6
:1007980031014FEA02701FBF12F07F4393F07F4F81
:1007A80081F06051704732F07F4208BF704793F084
:1007B8007F4F04BF41F40021704730B54FF4607497
:1007C80001F0004521F000411CE700BF50EA01029A
:1007D80008BF704730B54FF000050AE050EA010243
:1007E80008BF704730B511F0004502D5404261EBB3
:1007F80041014FF4806404F132045FEA915C3FF4F4
:10080800D8AE4FF003025FEADC0C18BF03325FEA90
:10081800DC0C18BF033202EBDC02C2F1200300FA41
:1008280003FC20FA02F001FA03FE40EA0E0021FA66
:1008380002F11444BDE600BF70B54FF0FF0C4CF454
:10084800E06C1CEA11541DBF1CEA135594EA0C0F06
:1008580095EA0C0F00F0DEF82C4481EA030621EA41
:100868004C5123EA4C5350EA013518BF52EA03357C
:1008780041F4801143F4801338D0A0FB02CE4FF02E
:100888000005E1FB02E506F00042E0FB03E54FF05E
:100898000006E1FB03569CF0000F18BF4EF0010E56
:1008A800A4F1FF04B6F5007F64F5407404D25FEA52
:1008B8004E0E6D4146EB060642EAC62141EA555105
:1008C8004FEAC52040EA5E504FEACE2EB4F1FD0C47
:1008D80088BFBCF5E06F1ED8BEF1004F08BF5FEAC5
:1008E800500E50F1000041EB045170BD06F0004677
:1008F80046EA010140EA020081EA0301B4EB5C0424
:10090800C2BFD4EB0C0541EA045170BD41F480111B
:100918004FF0000E013C00F3AB8014F1360FDEBF40
:10092800002001F0004170BDC4F10004203C35DA1C
:100938000C341BDC04F11404C4F1200500FA05F39F
:1009480020FA04F001FA05F240EA020001F0004240
:1009580021F0004110EBD37021FA04F642EB0601B6
:100968005EEA430E08BF20EAD37070BDC4F10C04E0
:10097800C4F1200500FA04F320FA05F001FA04F2A4
:1009880040EA020001F0004110EBD37041F1000190
:100998005EEA430E08BF20EAD37070BDC4F120059B
:1009A80000FA05F24EEA020E20FA04F301FA05F203
:1009B80043EA020321FA04F001F0004121FA04F2AB
:1009C80020EA020000EBD3705EEA430E08BF20EA7B
:1009D800D37070BD94F0000F0FD101F000464000B5
:1009E80041EB010111F4801F08BF013CF7D041EA37
:1009F800060195F0000F18BF704703F0004652003B
:100A080043EB030313F4801F08BF013DF7D043EA0B
:100A18000603704794EA0C0F0CEA135518BF95EAC1
:100A28000C0F0CD050EA410618BF52EA4306D1D148
:100A380081EA030101F000414FF0000070BD50EA67
:100A4800410606BF1046194652EA430619D094EAF1
:100A58000C0F02D150EA013613D195EA0C0F05D1DB
:100A680052EA03361CBF104619460AD181EA03012F
:100A780001F0004141F0FE4141F470014FF00000E7
:100A880070BD41F0FE4141F4780170BD70B54FF082
:100A9800FF0C4CF4E06C1CEA11541DBF1CEA135502
:100AA80094EA0C0F95EA0C0F00F0A7F8A4EB0504E4
:100AB80081EA030E52EA03354FEA013100F08880DB
:100AC8004FEA03334FF0805545EA131343EA1263A4
:100AD8004FEA022245EA111545EA10654FEA002659
:100AE8000EF000419D4208BF964244F1FD0404F512
:100AF800407402D25B084FEA3202B61A65EB03056E
:100B08005B084FEA32024FF480104FF4002CB6EB2A
:100B1800020E75EB030E22BFB61A754640EA0C00AA
:100B28005B084FEA3202B6EB020E75EB030E22BFEA
:100B3800B61A754640EA5C005B084FEA3202B6EB2B
:100B4800020E75EB030E22BFB61A754640EA9C00EA
:100B58005B084FEA3202B6EB020E75EB030E22BFBA
:100B6800B61A754640EADC0055EA060E18D04FEA78
:100B7800051545EA16754FEA06164FEAC30343EA18
:100B880052734FEAC2025FEA1C1CC0D111F4801FE5
:100B98000BD141EA00014FF000004FF0004CB6E7DE
:100BA80011F4801F04BF01430020B4F1FD0C88BF7D
:100BB800BCF5E06F3FF6AFAEB5EB030C04BFB6EB88
:100BC800020C5FEA500C50F1000041EB045170BD7B
:100BD8000EF0004E4EEA113114EB5C04C2BFD4EBA8
:100BE8000C0541EA045170BD41F480114FF0000E2C
:100BF800013C90E645EA060E8DE60CEA135594EAA8
:100C08000C0F08BF95EA0C0F3FF43BAF94EA0C0FAA
:100C18000AD150EA01347FF434AF95EA0C0F7FF41F
:100C280025AF104619462CE795EA0C0F06D152EA73
:100C380003353FF4FDAE1046194622E750EA410657
:100C480018BF52EA43067FF4C5AE50EA41047FF468
:100C58000DAF52EA43057FF4EBAE12E74FF0FF3CCD
:100C680006E000BF4FF0010C02E000BF4FF0010C9E
:100C78004DF804CD4FEA410C7FEA6C5C4FEA430C17
:100C880018BF7FEA6C5C1BD001B050EA410C0CBF66
:100C980052EA430C91EA030F02BF90EA020F0020C8
:100CA800704710F1000F91EA030F58BF994208BF2F
:100CB80090422CBFD8176FEAE37040F001007047EC
:100CC8004FEA410C7FEA6C5C02D150EA013C07D143
:100CD8004FEA430C7FEA6C5CD6D152EA033CD3D08E
:100CE8005DF8040B704700BF8446104662468C4688
:100CF8001946634600E000BF01B5FFF7B7FF0028BB
:100D080048BF10F1000F01BD4DF808EDFFF7F4FFE3
:100D18000CBF012000205DF808FB00BF4DF808ED6E
:100D2800FFF7EAFF34BF012000205DF808FB00BF91
:100D38004DF808EDFFF7E0FF94BF012000205DF8B3
:100D480008FB00BF4DF808EDFFF7CEFF94BF012068
:100D580000205DF808FB00BF4DF808EDFFF7C4FF61
:100D680034BF012000205DF808FB00BF4FEA410CAA
:100D78007FEA6C5C02D150EA013C0AD14FEA430C8D
:100D88007FEA6C5C02D152EA033C02D14FF00000CA
:100D980070474FF0010070474FEA410212F5001208
:100DA80015D211D56FF47873B3EB625212D94FEAAA
:100DB800C12343F0004343EA505311F0004F23FA94
:100DC80002F018BF404270474FF00000704750EAE9
:100DD800013005D111F0004008BF6FF000407047A6
:100DE8004FF00000704700BF4FEA4102B2F1E04304
:100DF80024BFB3F5001CDCF1FE5C0DD901F0004CFA
:100E08004FEAC0024CEA5070B2F1004F40EB830049
:100E180008BF20F00100704711F0804F21D113F175
:100E28003872BCBF01F00040704741F480114FEAAE
:100E38005252C2F11802C2F1200C10FA0CF320FA37
:100E480002F018BF40F001004FEAC1234FEAD32354
:100E580003FA0CFC40EA0C0023FA02F34FEA4303BE
:100E6800CCE77FEA625307D150EA01331EBF4FF047
:100E7800FE4040F44000704701F0004040F0FE4062
:100E880040F40000704700BF53B94AB9002908BFB1
:100E980000281CBF4FF0FF314FF0FF3000F00CB8B6
:100EA800ADF1080C6DE904CE00F010F8DDF804E0AF
:100EB800DDE9022304B07047704700BF034613F80A
:100EC800012B002AFBD1181A013870472DE9F04789
:100ED80086468C460846089E154674461946002BD9
:100EE80040F0C1808542B2FA82F245D94AB1C2F1D6
:100EF800200300FA02FC954094402EFA03F343EADB
:100F08000C0C4FEA154EA8B2230CBCFBFEF80EFBE6
:100F180018CC08FB00F943EA0C43994528D9EB188B
:100F280008F1FF3704D2994502D9A8F102072B44EA
:100F3800A3EB0903A4B2B3FBFEFC0EFB1C330CFBB2
:100F480000F044EA0344A04214D92C190CF1FF33F1
:100F580004D2A04202D9ACF102032C44241A43EA79
:100F680007401EB1D440002334607360BDE8F087A9
:100F78004746DDE76346F1E792BB431B01214FEA91
:100F8800154EAFB2200CB3FBFEFC0EFB1C330CFB62
:100F980007F840EA0343984561D9EB180CF1FF3094
:100FA80004D2984502D9ACF102002B44A3EB080304
:100FB800A4B2B3FBFEFC0EFB1C330CFB07F744EAA0
:100FC8000344A7424DD92C190CF1FF3304D2A74290
:100FD80002D9ACF102032C44E41B43EA0040C0E709
:100FE800C2F120039540944020FA03F12EFA03F34E
:100FF8004FEA154E9040AFB20343B1FBFEFC0EFB27
:101008001C10190C0CFB07F841EA0041884522D94D
:1010180069180CF1FF3004D2884502D9ACF10200FE
:101028002944A1EB08019BB2B1FBFEFC0EFB1C118D
:101038000CFB07F743EA01439F420ED9EB180CF16A
:10104800FF3104D29F4202D9ACF102012B44DB1BD1
:1010580041EA004193E76046E3E76146F7E7604607
:10106800A4E76346B8E7834206D916B900210846C3
:101078007CE7C6E900E0F9E7B3FA83F78FB9834262
:1010880001D3724508D8BEEB020460EB03030120CC
:101098009C461EB9002169E73846FAE7C6E9004CC4
:1010A800F8E7C7F1200CBB400EFA07F522FA0CF45A
:1010B8002EFA0CF1BA401C4320FA0CF3B8404FEA60
:1010C800144901431FFA84FEB3FBF9F809FB1830F1
:1010D8000B0C08FB0EFA43EA00439A4540D9E31883
:1010E80008F1FF3004D29A4502D9A8F1020023443E
:1010F800A3EB0A0389B2B3FBF9F809FB183308FB21
:101108000EFE41EA03418E452CD9611808F1FF33E0
:1011180004D28E4502D9A8F10203214443EA0040D3
:10112800A1EB0E01A0FB02984145CE46434602D3EF
:1011380006D14D4504D20138B9EB020E68EB040321
:10114800002EA7D0B5EB0E0261EB030101FA0CFCEF
:1011580022FA07F3F9404CEA0303C6E9003199E79C
:101168004046C5E74346D9E72DE9F04F8246174682
:101178001C4600259FB00391387810B9284600F026
:10118800A9BD252809D00399D0470028C0F2A28517
:101198007B1C01350593059FEEE71822002110A856
:1011A80015F0DDFC7B78252B00F0BC8000239846E9
:1011B8009E469C461846791C0E4611F8012B2B2A90
:1011C80000F0E38000F2DA80202A00F0E180232A90
:1011D80000F0E1802BB19DF8483043F040038DF8D2
:1011E8004830B8F1000F05D09DF8483043F020038F
:1011F8008DF84830BEF1000F05D09DF8483043F017
:1012080010038DF84830BCF1000F05D09DF8483028
:1012180043F008038DF8483028B19DF8483043F072
:1012280004038DF848309DF8483003F04401442900
:1012380003D16FF386138DF848309DF848302A2A79
:1012480043F080030E968DF8483040F0A9809DF851
:10125800493043F001038DF84930731C1A782E2A5F
:101268000CBF012100219DF8492061F341028DF84E
:1012780049200CD15A1C0E925A782A2A40F0A08094
:101288009DF84920023342F004028DF849201A786B
:101298006C2A00F0C18000F2A380682A00F0A980BF
:1012A8006A2A00F0C2804C2A00F0C78013F8012B8C
:1012B800782A05938DF84B2000F209816D2A00F2F7
:1012C800C980692A00F20381572A00F2E280412A84
:1012D80004D0A2F14503022B00F2F98004219DF805
:1012E8004A3002F0DF02A2F1410961F30203D9F1A9
:1012F80000029DF8491042EB090262F3C7110A0681
:101308008DF84A308DF84910CBB200F11F8103F0F7
:101318007802182A40F009816FF3C6038DF8493026
:101328000023F8E08DF84B30BB1C05939DF849303D
:101338009DF84A20DE0702F0070040F1098154F8C1
:10134800041B0029049108DA9DF8481041F00401B3
:101358008DF84810049949420491590740F10081D9
:1013680054F8046B002E80F2FF809DF849306FF32B
:1013780041038DF849304FF0FF36F5E02D2A0DD0A6
:10138800302A7FF427AF012316E74FF0010C13E74B
:101398004FF0010E10E74FF001080DE701200BE7B1
:1013A8000EA803F099FA0E9BB3423FF457AF9DF88D
:1013B80048201390C00F60F341028DF848204DE794
:1013C8000EA803F089FA9DF848301490C3F3400240
:1013D80042EAD07262F341038DF848300E9B56E71B
:1013E800742A26D07A2A7FF461AF06219DF8492015
:1013F8000CE05A78682A9DF8492006D1012161F34A
:10140800C6028DF84920023350E7022161F3C60273
:101418008DF84920013349E75A786C2A9DF849200C
:1014280001D10421EBE70321F0E705219DF84920CC
:10143800ECE707219DF84920E8E7BDF8482022F4A9
:10144800F04222F0020242F4804242F00202ADF879
:101458004820DFE76E3AD3B201229A4040F2824335
:101468001A429DF8493039D112F0240F61D1D107C1
:101478002DD503219DF84A2003F07803A3F14008F5
:1014880061F30202D8F100038DF84A2043EB080308
:1014980041E00120A2F15801C9B200FA01F111F4AA
:1014A800624F7FF41BAF40F6010319429DF84930A3
:1014B8001AD111F4043F0AD09DF84A2060F30202C1
:1014C80003F07803402B8DF84A207FF429AF9DF86C
:1014D800483043F001038DF8483021E702219DF898
:1014E8004A2061F30202EBE702209DF84A1003F05C
:1014F800780360F30201402B8DF84A1002BF9DF873
:10150800481041F001018DF84810632A7FF408AFB4
:10151800003B18BF01239DF84820C2F340010B434C
:1015280063F341028DF8482000E713F0380FCED15D
:10153800F6E603219DF84A2013F0780F61F30202C2
:1015480014BF012300238DF84A20E4E70123E2E7D2
:101558009DF948100029ACBF4FF0FF311399FBE605
:101568009E077FF508AF149E00230428CDE91333A6
:101578009DF8493007D1990705D49DF949100029EC
:10158800ACBF06260D2602F00702012AC3F3C303E7
:1015980032D1DA1E042A04D8DFE802F020454520BB
:1015A80020002268012B4FEAE271CDE910211BD1FE
:1015B8009DF94020D117CDE9102104349DF8482029
:1015C800069292074FD03A465046059B039912F06F
:1015D80057FB0028C0F27E830544DCE554F8042B51
:1015E800D117CDE91021E9E7022BE6D111B242F378
:1015F800C032CDE91012E0E7022A24D1DA1E042A0B
:1016080004D8DFE802F0181010181800012B4FF06A
:10161800000154F8042B14D0022BCDE91021CDD1B0
:1016280092B21092CAE7073424F00704F4E80201E2
:10163800CDE91001C2E754F8042B10920022119250
:10164800BCE7D2B2CDE7042A08D1073424F0070456
:10165800D4E900010834CDE91001AFE7032AADD180
:1016680054F8042BDDE79DF84B80B8F1780F3FF66E
:1016780092ADB8F1570F5CD8B8F1250F00F0A480EF
:10168800B8F1240F7FF687ADB8F1410F04D0A8F167
:101698004503022B3FF67FADDDE91023002BC0F296
:1016A8004D810699080700F14C81C1F300194FEAF2
:1016B8004919C3F30A51C3F31303002940F04481C5
:1016C80052EA030014BF4FF0010C4FF0000CD8028F
:1016D80040EA5250D702CDE90C70B8F1460F47EAFC
:1016E800010740EAE17008BF4FF06608384300F090
:1016F800B781BCF1000F10D01B0343EA1253170344
:101708003A4618464FF0000C002880F25681BCF18A
:10171800000F40F05981CDE90C730D9BA1F2FE3BFF
:1017280043F000430D930021DDE90C230F4605200B
:1017380060E1A8F15802202A3FF62DAD01A151F829
:1017480022F000BF171900009F1100009F11000030
:101758009F1100009F1100009F1100009F110000C1
:101768009F1100009F110000A11600009F110000AA
:10177800C3180000D7180000A1160000A116000029
:10178800A11600009F110000D71800009F1100004B
:101798009F1100009F1100009F1100001D190000FB
:1017A80017190000671800009F1100009F11000022
:1017B800E11700009F110000171900009F11000099
:1017C8009F1100001719000040460399D0470028D0
:1017D800C0F280820135DEE4002E109F3BDB3146EB
:1017E800384615F0A5FA002F3FF4D5AC4FF00009A4
:1017F8003E18F31B9DF84A2012F01001069100F0E4
:101808005E82023312F04002DDF84C80089218BF65
:10181800149A434418BF9B18049ACDF81C80002AD8
:1018280040F36882D31A9DF8482004935007C2F306
:10183800800B00F15F82510640F14F82B9F1000F31
:1018480007D048460399D0470028C0F24382D946BA
:101858000135302242E23846FFF730FBC6E71098E0
:10186800002800F027820DF175030093002117ABC3
:1018780012AA03F047F84FF000090746BDF84A30AE
:1018880003F0EF0343F4F04343F01003ADF84A309C
:10189800002E0CDB9DF848200DF17503DB1B6FF360
:1018A80086129E428DF8482001D9F31A1393002F0F
:1018B8003FF471AC0DF175066DE0109B4FF0000917
:1018C8008DF85C300DF15D06012317AF92E7069B9A
:1018D8001F0754BFC3F300194FF02B09DDE910238C
:1018E80058BF4FEA4919002B06DA4FF02D0952422A
:1018F80063EB4303CDE91023DDE910010DF1750316
:10190800009312AA17AB02F0FDFF0746C0E74FF09D
:101918000009F1E7109A072B3FF63DACDFE803F02A
:101928000C04060C08080C0C157034E4158032E41D
:10193800EB17C2E900532EE415602CE44FF02D0993
:10194800B7E64FF02B09B4E640F2FF70814231D17F
:10195800A34908F101085FFA88F811F80810134341
:1019680001F003011ED101290BBF492369234E2130
:101978006E210CBF462266228DF85C309DF84830F7
:101988008DF85D106FF386138DF85E208DF8483062
:101998000DF15F0617AFF31BB9F1000F3FF42AAF43
:1019A800013327E7012915BF6E234E236121412109
:1019B8001A46E1E74FF0000C89E692184FF0010C47
:1019C80001F1FF3140419FE6CDE90C20A5E6520820
:1019D80042EAC3725B08B3F1333F59460BF1010B7E
:1019E800F5D201F1020B012100FB03FCA2FB00234D
:1019F800013F63441BF1020FE9DB09B1CDE90C2378
:101A0800DDE90C32BBF1000F2DDCCBF10401A1F1B3
:101A180020000BF11C0B02FA0BFB22FA00F0CA4063
:101A2800CB40079208F0DF0243EA0B03472A43EA58
:101A380000037BD1F91C01DBBE422ADAA8F10208B7
:101A4800002E5FFA88F87ADD9DF84820013E92065C
:101A580075D4B6F1000B18BF4FF0010B721C26E0CD
:101A68004FF0000B5FE6023342F100020CA80BF1C5
:101A7800FF3B0137CDE90C3212F0D3F8DDE90C3227
:101A8800DB185241002A0BF1FF3BF9DACDE90C32A1
:101A9800B6E79DF84820F61B90064DD4B6F1000B2A
:101AA80018BF4FF0010BF2194FF066084AD4102AFC
:101AB800A8BF10229FED487B10208DED0E7B0B9068
:101AC800DDE90E01002A3FD1079A1B1842EB0101FC
:101AD800B1F1805F47D2CDE90C31069BB8F1660FB2
:101AE80003F0200240F0C680002F47DC30238DF839
:101AF8005C30002A76D1002E40F3BD812E238DF86C
:101B08005D3087B17B42B342A8BF3346002B1393A5
:101B1800A6EB0306D4BF002301239DF84A2063F3F4
:101B280045128DF84A200DF15E0340E0B8F1660FCA
:101B38004FF0000BB7D091E74FF0000BB3E74FF031
:101B4800000B8BE70022B5E7400840EAC17049085E
:101B5800CDE90E010EA8CDE9082312F062F8089A23
:101B6800099B013AACE75B0843EAC1730CA8490832
:101B7800CDE90C31013712F054F8AEE717AB0B99E9
:101B880000290BDD0BA90CA8CDE9063212F061F88B
:101B9800069B013F079A03F8010BF0D11397AAB9E6
:101BA800002E40F366812E2103F8011B0027002E2A
:101BB80021DD0B9A002A1EDD0BA90CA8069312F052
:101BC80048F8069B013E03F8010BF0E72E2203F8C4
:101BD800012BEBE7AFF300800000000000000008D5
:101BE8005F5202002E238DF85D30002F9BD0002E0F
:101BF80088DC0DF15E03BBF1000F4FD114961E4631
:101C080008F0DF03452B24D1002FBABF7F422D23D4
:101C18002B23632FC8BF64227370C4BFB7FBF2F3D2
:101C280002FB13774FF00A02C8BF03F13001B7FB7C
:101C3800F2F3C8BFB17003F1300102FB137386F8E9
:101C4800008003F13003D4BF02360336317073705D
:101C58000236139B002B2BDC149B002BD4BF0023D4
:101C680001239DF84A2063F3861200238DF84A2049
:101C780033708FE60BA90CA8069211F0EAFF069ABA
:101C880030288DF85C0018BF07F1FF3712B9002E15
:101C980040F3F1802E238DF85D3044E71E4616F898
:101CA800012C013B302AF9D02E2A08BF1E46A7E78F
:101CB8000123D6E7714E81460523771F9AE5110760
:101CC80048BF01339EE5104609920399D047002882
:101CD800099A05DA1FB0BDE8F08F2022DDF810B0B0
:101CE800594600290BF1FF3BEDDC049BCDF810B001
:101CF8002B445D1AB9F1000F05D048460399D04727
:101D08000028E7DB0135089B002B77D09DF9493087
:101D1800002B28DB3B46DFF8689118789B4619F8BA
:101D28000020013352073FD49DF84A30EF1B980634
:101D38005F4407D44246002A08F1FF383BDC079B82
:101D48003B449F1A9BF800002E280AD10399D047DC
:101D58000028BFDBB8F1000F07F1010731DC0BF1F8
:101D6800010B5D4638E0B94699F80000C84670286E
:101D780009F1010913D1EF1B149D47443D44EB1BA6
:101D8800002B33DC334642465046039911F078FF66
:101D980000289FDB3844049E0546064464E0039906
:101DA800D0470028E0DA95E706930399D047002842
:101DB800069BB2DA8EE730200399D0470028B9DABB
:101DC80088E730200399D04708F1FF38C0E7039926
:101DD800D0470028FFF67EAF2878A84619F80030CB
:101DE80001355907F3D4A7EB0B07C5E73020039952
:101DF800D0470028FFF66EAF0137C0E79DF84A309C
:101E0800DA0601D41B0706D530200399D0470028ED
:101E1800FFF660AF0135069B3BB103999DF84B0077
:101E2800D0470028FFF656AF0135A84406E0302019
:101E38000399D0470028FFF64DAF0135A8EB0503FD
:101E4800002BF4DC33463A465046039911F018FF4C
:101E58000028FFF63FAF28449DE720200399D0478C
:101E68000028FFF637AF0135731B002BF5DCFFF7B1
:101E780092B91746BFE60DF15D03BCE69224020055
:101E880060520200000000002DE9F04F2DED028B9A
:101E9800154687B000F14202044601919200002BDA
:101EA80000F0A18035B91A60284607B0BDEC028B56
:101EB800BDE8F08F19681A60914201D20025F3E756
:101EC8002E460FF22C19D9E9008900274FF0000A95
:101ED800019BDFF82CB128606B602046FEF742FCBE
:101EE800BC4241EC100B52DDCDE904013846FEF747
:101EF80039FC41A3D3E90023FEF79EFC9DED040BBA
:101F080053EC102BFEF7C2FD019B41EC180B3BB1C3
:101F180018EE903A03F10043029003939DED028B73
:101F2800B0EE480AF0EE680A00F01AF9424651ECA1
:101F3800100B4B46FEF780FC52465B46FEF7C6FA8E
:101F480041EC100B00F060F951EC100BFEF724FF88
:101F5800B0EE480AF0EE680AA6F8080100F0D4F9D5
:101F6800424651EC100B4B46FEF766FC52465B4668
:101F7800FEF7ACFA41EC100B00F046F951EC100BEF
:101F8800FEF70AFF0137A6F80A010436A5E710F0A4
:101F9800FBFB00F039F9042659EC108B05F1080712
:101FA80094FBF6F306FB1342AAB1022E0FD0042EBF
:101FB8000FD002363046FEF7D5FB02460B464046A8
:101FC8004946FEF7ABFE002818BF2646E8E7032679
:101FD800F0E70226EEE7012B1C46C7E900637FF70E
:101FE80063AF0837DCE71D465EE700BFAFF300804C
:101FF80000000000C0FFDF40182D4454FB2119C029
:102008000000E03F000000002DE9F04F2DED028BAD
:1020180010F0010687B01546029112D1441004F160
:10202800420004EB4402800002EBD272521000F12D
:102038000C07059007EB82021BB11F681A609742D4
:1020480006D20025284607B0BDEC028BBDE8F08F0C
:10205800002DF6D005F10C021318A0F58470184471
:102068006B60A8602A60204605ABFFF70DFF4FF0B4
:10207800000A04EBD477DFF8E0B07F10B742E1DD67
:1020880001363046FEF76EFB804620468946FEF74D
:1020980069FB02460B4640464946FEF7F7FC5246A6
:1020A8005B46FEF713FA28A3D3E90023FEF7C4FB27
:1020B800029B41EC180B3BB118EE903A03F1004338
:1020C800009001939DED008BB0EE480AF0EE680A8F
:1020D80000F046F81EA3D3E9002351EC100BFEF7DD
:1020E800ABFB52465B46FEF7F1F941EC100B00F0F2
:1020F8008BF84FEA8609AB6851EC100BA9F104097B
:1021080003EB09080393FEF747FE039BB0EE480A6A
:10211800F0EE680A23F8090000F0F6F80CA3D3E9FA
:10212800002351EC100BFEF787FB52465B46FEF787
:10213800CDF941EC100B00F067F851EC100BFEF7ED
:102148002BFEA8F8020099E7182D4454FB2109C07A
:1021580000000000C0FFDF400000E03F000000007A
:102168001FB553EC102B23F000412548814206D8B7
:102178009FED211B05B05DF804EB00F0D5BC2148AC
:10218800814208D910461946FEF79EF941EC100B1A
:1021980005B05DF804FB684600F0CAFA00F00300D9
:1021A80001280BD0022815D0D8B99DED021B9DED52
:1021B800000B00F0B9FC51EC100BE7E79DED021B9A
:1021C8009DED000B01F0D4F853EC102B104603F1F1
:1021D8000041DBE79DED021B9DED000B00F0A4FC28
:1021E800F2E79DED021B9DED000B012001F0C0F808
:1021F800E1E700BFAFF3008000000000000000002E
:10220800FB21E93FFFFFEF7F51EC100BC1F30A53AD
:102218002DE9F041A3F2FF360C4605468046132E01
:1022280035DC002E17DA34A3D3E90023FEF74EF984
:1022380000220023FEF790FD50B1002C56DA24F05E
:1022480000442C430025AC422D4C08BF4FF00044FD
:102258002146284624E02B4F374101EA0703034370
:102268001ED025A3D3E90023FEF730F9002200236E
:10227800FEF772FD0028EBD0002C4FF00005BEBF22
:102288004FF480133341E41824EA0704E0E7332EBF
:102298000ADDB6F5806F03D102460B46FEF716F944
:1022A80041EC100BBDE8F081A3F213434FF0FF3768
:1022B800DF400742F4D010A3D3E90023FEF706F964
:1022C80000220023FEF748FD0028C1D0002C0ADABE
:1022D800142E01D1013406E0C6F134060123B340BF
:1022E8001D444545F6D325EA0705B1E700252C46E8
:1022F800AEE700BFAFF300809C7500883CE4377EF2
:102308000000F0BFFFFF0F001FB553EC102B23F0A8
:1023180000412548814207D800209FED211B05B0C8
:102328005DF804EB01F024B82048814208D9104632
:102338001946FEF7C9F841EC100B05B05DF804FB2F
:10234800684600F0F5F900F0030001280CD00228D7
:1023580011D0E8B901209DED021B9DED000B01F0A5
:1023680007F851EC100BE6E79DED021B9DED000B05
:1023780000F0DAFBF5E79DED021B9DED000B012057
:1023880000F0F6FF53EC102B104603F10041D2E7A2
:102398009DED021B9DED000B00F0C6FBF2E700BFB0
:1023A8000000000000000000FB21E93FFFFFEF7F75
:1023B80038B52DED028B55EC104B00F049F8224B47
:1023C800B0EE408AF0EE608A93F90030013312D003
:1023D80045EC104B15F061FA68B12046294612A366
:1023E800D3E90023FEF7B8FC60B112F07FF822238E
:1023F8009FED0F8B0360B0EE480AF0EE680ABDEC63
:10240800028B38BD0CA3D3E9002320462946FEF7EA
:1024180085FC0028EFD012F069F822239FED088B85
:102428000360E8E7AFF30080EF39FAFE422E8640FA
:10243800000000000000F07F51302DD5104987C002
:102448000000000000000000080400200000000058
:102458002DE9FF4755EC104B25F00042AA49EE0F35
:102468008A4233D9A9498A4214D82046294690A3DA
:10247800D3E90023FEF770FC00BB204629468EA353
:10248800D3E90023FEF74AFC002800F0A0800024CE
:1024980000250EE0C5F313032246234307D02B463D
:1024A80020462946FEF712F804460D4601E0002EA4
:1024B800EDD145EC104B04B0BDE8F08780A3D3E91B
:1024C800002310461946FEF7B7F9EDE7904B9A42FC
:1024D80040F2A9808F4B9A4279D88F4B20462946E3
:1024E800F70003EBC603C6F1010AD3E90023FDF7A1
:1024F800EBFF8A4B804689463B44AAEB060A93EDDC
:10250800007B8DED007BDDE9002340464946FDF761
:10251800DBFF04460D4622462B4620462946FEF799
:102528008BF906460F4668A3D3E90023FEF784F922
:1025380067A3D3E90023FDF7C7FF32463B46FEF702
:102548007BF965A3D3E90023FDF7C0FF32463B467C
:10255800FEF772F962A3D3E90023FDF7B5FF32460F
:102568003B46FEF769F960A3D3E90023FDF7AEFF08
:1025780032463B46FEF760F902460B46204629469E
:10258800FDF7A2FF02460B4606460F46204629469F
:10259800FEF752F9CDE90201BAF1000F5CD1002231
:1025A8004FF0804330463946FDF78EFF02460B4612
:1025B800DDE90201FEF76AFA22462B46FDF784FFA1
:1025C80002460B4600205649FDF77EFF6CE7554B47
:1025D8002046294603EBC60645A3D3E90023FEF7A8
:1025E8002BF9D6E90023FDF771FFFEF7D5FB8246EC
:1025F800FEF7B8F806460F463FA3D3E90023FEF7D7
:102608001BF902460B4620462946FDF75DFF80462A
:102618008946304639463AA3D3E90023FEF70CF938
:10262800CDE900016FE7404B9A4210D82046294671
:1026380023A3D3E90023FDF749FF0022384BFEF717
:102648008BFB38B10022364B204629462AE74FF04B
:10265800000A60E782465EE732463B4600204FF0BC
:102668008041FDF731FF02460B46DDE90201FEF726
:102678000DFA02460B46DDE90001FDF725FF42464B
:102688004B46FDF721FF02460B4600202449FDF783
:102698001BFF6FF47F72924502DB01EB0A5103E7DF
:1026A8000AF57A7A00224FF0B87301EB0A510AE76B
:1026B800EF39FAFE422E864051302DD5104987C099
:1026C8009C7500883CE4377ED0A4BE726937663EAC
:1026D800F16BD2C541BDBB3E2CDE25AF6A56113F1A
:1026E80093BDBE166CC1663F3E5555555555C53F01
:1026F800FE822B654715F73F0000E0FE422EE63FBD
:10270800763C7935EF39EA3D412E8640FFFFEF7F71
:10271800422ED63FB1A2F03F90870100808701008A
:102728000000F03FA0870100FFFF2F3E00000000DF
:102738002DE9F04F57EC106B27F00048C44B8DB0D3
:1027480004469845049707D80022002380ED000B23
:10275800C0E90223002528E0BE4B984578D8049BA1
:102768003046BD4D3946002BABA3D3E9002338DDF5
:10277800FDF7AAFEA84506460F461AD0A8A3D3E936
:102788000023FDF7A1FE02460B46804689463046E7
:102798003946FDF799FEA2A3D3E900230125FDF7E9
:1027A80093FEC4E90089C4E9020128460DB0BDE8DA
:1027B800F08F9DA3D3E90023FDF786FE06460F465A
:1027C8009BA3D3E90023FDF77FFE02460B46804614
:1027D800894630463946FDF777FE95A3D3E90023AD
:1027E800DCE7FDF773FEA84506460F4618D08CA314
:1027F800D3E90023FDF76AFE02460B468046894668
:1028080030463946FDF760FE85A3D3E90023FDF77E
:102818005DFE4FF0FF35C4E90089C4E90201C4E751
:1028280081A3D3E90023FDF751FE06460F4680A396
:10283800D3E90023FDF74AFE02460B468046894647
:1028480030463946FDF740FE79A3D3E90023DEE799
:10285800824B984500F2D18015F017F857EC106BB1
:1028680075A3D3E9002330463946FDF7E5FF00227A
:102878007B4BFDF72BFEFEF78FFA0546FDF772FF3F
:1028880002460B46CDE9022363A3D3E90023FDF7F3
:10289800D3FF02460B4630463946FDF715FE824601
:1028A8008B465FA3D3E90023DDE90201FDF7C4FFEE
:1028B8001F2D06460F460CDC6A1E6A4B53F8223061
:1028C800434506D032463B4650465946FDF7FCFD87
:1028D8000EE03B46324650465946FDF7F5FD4FEAB5
:1028E80028530593C1F30A53C3EB1853102B02DC8A
:1028F800C4E9000139E04CA3D3E90023DDE9020172
:10290800FDF79AFF06460F4602460B4650465946C3
:10291800FDF7DAFD02460B46804689465046594681
:10292800FDF7D2FD32463B46FDF7CEFD06460F4683
:102938003FA3D3E90023DDE90201FDF77DFF32461D
:102948003B46FDF7C1FD02460B4606460F4640468C
:102958004946FDF7B9FD059AC1F30A53D31A312B3D
:1029680020DCC246CB46C4E90001D4E900895046C0
:10297800594642464B46FDF7A7FD3B463246FDF712
:10298800A3FD049B002BC4E90201BFF60EAF09F1B9
:102998000043C4F80080A060636001F10043E36075
:1029A8006D4202E726A3D3E90023DDE90201FDF722
:1029B80043FF06460F4602460B4640464946FDF78A
:1029C80083FD02460B4682468B4640464946FDF744
:1029D8007BFD32463B46FDF777FD06460F461AA3B8
:1029E800D3E90023DDE90201FDF726FF32463B4625
:1029F800FDF76AFD06460F4664E71B4B984535D937
:102A080032463B4630463946FDF75EFDC4E90201D1
:102A1800C4E900019EE600BF00004054FB21F93FD5
:102A28003163621A61B4D03D0000601A61B4D03DD0
:102A38007370032E8A19A33B83C8C96D305FE43FC6
:102A48000000002E8A19A33BC14920259A837B39AF
:102A5800FB21E93F7BD90240FB21F93FFB213941AA
:102A68000000E03FAC150200FFFFEF7F4FEA28555A
:102A780030460DF13009A5F21645A8EB05514FF087
:102A880003080F46FEF788F9FDF76CFE02460B4671
:102A980030463946CDE90623FDF716FD0022204BC6
:102AA800FDF7CAFE0F460646FEF776F9FDF75AFE11
:102AB80002460B463046394600260027CDE9082352
:102AC800FDF702FD0022164BFDF7B6FECDE90A011F
:102AD80032463B46C24608F1FF3879E90201FEF763
:102AE80013F90028F4D10F4B2A46214606A8019372
:102AF80002230093534600F0DFF8049B0546002BA1
:102B0800BFF653AED4E9002101F10043C4E9002324
:102B1800D4E9022101F10043C4E9022340E700BFE0
:102B2800000070412C1602002DE9F74F57EC106B8E
:102B380027F00048B8F1795F8DED001B06D23046CA
:102B48003946FEF729F9002800F0888032463B46CE
:102B580030463946FDF770FE04460D460022504BBC
:102B6800FDF76AFE82468B46204629463EA3D3E9F6
:102B78000023FDF761FE3EA3D3E90023FDF7A6FC81
:102B880022462B46FDF758FE3BA3D3E90023FDF769
:102B98009BFC22462B46FDF74FFE39A3D3E90023C1
:102BA800FDF794FC22462B46FDF746FE36A3D3E9F3
:102BB8000023FDF789FC22462B46FDF73DFE34A392
:102BC800D3E90023FDF782FC22462B46FDF734FEAD
:102BD80022462B46FDF730FE04460D463046394660
:102BE800DDE90023FDF728FE0B460246294620466C
:102BF800FDF76AFC2B4B06460F46984510D802464F
:102C08000B4650465946FDF75FFC02460B4600202E
:102C18002549FDF759FC41EC100B03B0BDE8F08FD6
:102C2800224B0024002020499845224694BFA8F54D
:102C380000151F4D2B46FDF747FC22468046894666
:102C48002B4650465946FDF73FFC32463B46FDF7BA
:102C58003BFC02460B4640464946DAE79FED0E0B21
:102C6800DBE700BFAFF30080D43888BEE9FAA8BD1F
:102C7800C4B1B4BD9EEE213EAD529C804F7E923EC3
:102C88009015CB19A001FA3E7751C1166CC1563F79
:102C98004C5555555555A53F000000000000F03F24
:102CA8000000E03F3233D33F0000F03F0000E93F2F
:102CB8000000D23F000000002DE9F04F2DED028BFF
:102CC800ADF51B7D12F1140F4FF000050993A8BF55
:102CD800D41EBD4BB8BF0024019122AEA6990A901C
:102CE80053F821300493099B03F1FF330693A4BFE3
:102CF800182394FBF3F46FF0170304FB033303EB7F
:102D0800020B049B069A03EB0208A71AA79B9FEDE8
:102D1800AA8B03EB8709454513DD22AA099B0DF50C
:102D2800E47A4FF0000802EBC305049B984530DCB9
:102D3800DDF828902F4600269FED9F7B8DED027BC6
:102D48001BE0EF4207D459F82500FDF70BFD0135CC
:102D5800E6E80201DFE751EC180BF8E7D7E90023B2
:102D6800F9E802010136FDF767FD02460B46DDE989
:102D78000201FDF7ABFBCDE90201069B083F9E422D
:102D8800ECDD08F1010808359DED027BAAEC027B19
:102D9800CBE7049B0EAADDF8109002EB83030C939B
:102DA800A79B03EB84030B934FEAC9030DF1380A81
:102DB8004F460D939AABD04603EBC90313ED287B1E
:102DC80072AB03EBC9068DED027B002FA6F1080656
:102DD80077DC58469DED020B00F086FB00224FF091
:102DE8007F5355EC104B20462946FDF725FD41EC55
:102DF800100BFFF709FA0022744B51EC100BFDF78A
:102E08001BFD02460B4620462946FDF75DFB0D4695
:102E18000446FDF7C1FF0890FDF7A4FC02460B46E7
:102E280020462946FDF750FBBBF1000F06460F462A
:102E38006BDD09F1FF310EABCBF11800089C53F89C
:102E4800213043FA00F2144482409B1A0EAA0894D7
:102E580042F82130CBF1170213410293029B002B59
:102E680062DD089B00226FF07F400133144608930F
:102E7800914500F3B780BBF1000F07DDBBF1010FEF
:102E880000F0C980BBF1020F00F0D080029B022B3A
:102E98004AD132463B4600204D49FDF715FB064610
:102EA8000F46002C40D058469FED450B00F01CFB08
:102EB8003046394653EC102BFDF706FB06460F4605
:102EC80032E00022434B013FDDE90201FDF7B4FC8B
:102ED800FDF762FFFDF746FC00223F4B04460D4616
:102EE800FDF7AAFC02460B46DDE90201FDF7ECFA04
:102EF800FDF752FF294648F8040B2046D6E900237F
:102F0800FDF7E4FACDE902015FE706D109F1FF33E5
:102F18000EAA52F82330DB159FE700222F4BFDF74E
:102F280011FF002843D10290002200233046394681
:102F3800FDF7EAFE002800F0CB8009F1FF330022FC
:102F480004998B427ADA002A00F0958009F1FF395A
:102F58000EABABF1180B53F82930002BF6D05846BE
:102F68004E464FF0000ADFF86CB09FED150B00F0ED
:102F7800BBFA09F1010372AA4FEAC30802EBC307BF
:102F880055EC104B002E80F2DB804C46002CC0F232
:102F98000981134B4FF0000A4FF0000B00261F4623
:102FA80072ABA9EB040503EBC4030693EEE002231E
:102FB800029356E7AFF30080000000000000000015
:102FC800000000000000F03FE41A0200000020406A
:102FD8000000F03F0000703E000070410000E03F3C
:102FE800B0870100514651F8043B54B96BB1013226
:102FF800C3F18073914541F8043C0ADD0B680AF17E
:103008000801C31A41F8043C012301328A461C46D0
:103018002EE701242FE709F1FF320EAB53F82230D7
:10302800C3F316030EA941F822302FE709F1FF3246
:103038000EAB53F82230C3F31503F3E70EA951F88A
:103048002310013B0A437BE7013453F8042D002A7F
:10305800FAD00D9B22AA09F101074C4403F51A7313
:103068000DEB0305099B4B44983D02EBC306BC429C
:1030780004DAA14698E60C9B0124E6E70B9B4FF087
:10308800000853F82700FDF76DFBDDF828909FED49
:10309800AC7BE6E80201B2468DED027B069B9845C3
:1030A80005DD01379DED027BA5EC027BDFE77AE9C0
:1030B8000223F9E80201FDF7BFFB02460B4608F1BF
:1030C8000108DDE90201FDF701FACDE90201E5E7B2
:1030D800CBF1000047EC106B00F006FA00229A4B87
:1030E80055EC104B20462946FDF72CFE00B3002274
:1030F800964B20462946FDF79FFB0BF1180BFDF771
:103108004BFE0646FDF72EFB00228F4BFDF794FB86
:103118000B46024629462046FDF7D6F9FDF73CFE48
:103128000EAB43F8290009F1010943F8296016E7B5
:1031380020462946FDF730FE0EAB43F829000EE77E
:103148000EAB53F82600013EFDF70CFB22462B463A
:10315800FDF772FB52465B4667E9020120462946A5
:10316800FDF76AFB04460D460CE706990136F1E8BF
:1031780002230691F7E80201FDF75EFB02460B46C3
:1031880050465946FDF7A2F982468B46049B9E425B
:1031980001DCB542E9DA4AAB013C03EBC505C5E9F8
:1031A80000ABF3E6A69B022B0BDC002B38DC5AD0D5
:1031B800089B03F007000DF51B7DBDEC028BBDE8F5
:1031C800F08FA69B032BF3D108F51A73CA460DEBB3
:1031D8000304A4F5A4742546BAF1000FA5F1080567
:1031E80067DC4D46012DA4F1080400F383804AAB47
:1031F8000020002103EB0804B9F1010F00F39880C7
:10320800029BDDE94A78DDE94C56002B40F0A080AE
:10321800019BC3E90078C3E90256C3E90401C7E783
:103228004AAB4C46002000219844002C32DA029B1D
:10323800002B35D0024601F10043019C4CADC4E996
:103248000023012402460B46DDE94A01FDF73CF95B
:10325800A14528DA029B13B101F100431946019BED
:10326800C3E90201A4E74AAB002000219844B9F160
:10327800000F08DA029B13B101F100431946019BC4
:10328800C3E9000194E778E9022309F1FF39FDF762
:103298001DF9ECE778E90223013CFDF717F9C4E7CB
:1032A80002460B46C9E7F5E802230134FDF70EF99B
:1032B800CEE795ED007B0AF1FF3A8DED047B95EDA5
:1032C800027BDDE9040153EC172B8DED067BFDF73E
:1032D800FDF802460B4606460F46DDE90401FDF7F8
:1032E800F3F8DDE90623FDF7F1F8C5E90067C5E95C
:1032F800020171E794ED007BD4E902AB013D52462F
:103308005B4651EC170B8DED047BFDF7DFF80246A9
:103318000B4606460F46DDE90401FDF7D5F852468F
:103328005B46FDF7D3F8C4E90067C4E9020159E731
:1033380074E9022309F1FF39FDF7C8F85CE700BF1B
:103348000000000000000000000070410000703E16
:10335800019B08F10044019A1F605C609D6006F1C2
:1033680000431061D36001F10043536120E700BFBF
:103378002DE9F04F55EC104B25F0004385B0804601
:10338800B3F1795F8DED021B05D220462946FDF782
:1033980003FD002852D022462B4620462946FDF739
:1033A8004BFA82468B4602460B4620462946FDF7D5
:1033B80043FA42A3D3E90023CDE900015046594618
:1033C800FDF73AFA3FA3D3E90023FDF77DF852460B
:1033D8005B46FDF731FA3DA3D3E90023FDF776F804
:1033E80052465B46FDF728FA3AA3D3E90023FDF7D6
:1033F8006BF852465B46FDF71FFA38A3D3E9002362
:10340800FDF764F806460F46B8F1000F1BD10246D7
:103418000B4650465946FDF70FFA25A3D3E900237A
:10342800FDF752F8DDE90023FDF706FA02460B46E0
:1034380020462946FDF74AF804460D4645EC104B50
:1034480005B0BDE8F08F00221B4BDDE90201FDF756
:10345800F3F98046894632463B46DDE90001FDF72F
:10346800EBF902460B4640464946FDF72DF8524611
:103478005B46FDF7E1F9DDE90223FDF725F806468D
:103488000F460BA3D3E90023DDE90001FDF7D4F9CA
:1034980002460B4630463946FDF718F802460B46F9
:1034A80020462946FDF710F8C6E700BFAFF30080B5
:1034B800495555555555C53F0000E03F7CD5CF5A75
:1034C8003AD9E53DEB9C2B8AE6E55A3E7DFEB1579D
:1034D800E31DC73ED561C119A0012A3FA6F8101106
:1034E8001111813F0000000070B555EC104BC5F379
:1034F8000A5206462B4692B925F00043234339D099
:10350800334B204629460022FDF796F9314B0446F5
:103518000D469E420FDA26A3D3E900231FE040F2AE
:10352800FF718A420BD1224620462946FCF7CEFF7E
:1035380004460D461EE0C1F30A520B46363A3244A1
:1035480040F2FE718A420DDD002D1BA1D1E9000178
:1035580002DA1BA1D1E9000117A3D3E90023FDF783
:103568006BF9E5E7002A08DD23F0FF4323F4E003C5
:1035780043EA025545EC104B70BD12F1350F08DADD
:10358800002D0BA1D1E90001C5DA0FA1D1E9000195
:10359800C1E723F0FF433632204623F4E00343EA31
:1035A800025500220C4B2946D9E700BFAFF3008033
:1035B80059F3F8C21F6EA5019C7500883CE4377E5C
:1035C8009C7500883CE437FE59F3F8C21F6EA5814C
:1035D80000005043B03CFFFF0000903C03462DE93B
:1035E800F04119790068DB8803F03002302A066957
:1035F800D0E901470ED1214940F2F733204A21484A
:1036080010F05EFB204810F05BFB40F2F7311C48DD
:1036180010F04DFB03F00602042A09D11B4940F2C1
:10362800FE33174A174810F04BFB40F2FE31EEE725
:1036380001252468DA0705FA01F554BF43F4B013ED
:1036480083F4D013254223F480120CD1104940F2A0
:1036580011430B4A0B4810F033FB0E4810F030FBB7
:1036680040F21141D3E73468DB074CBF2C43AC432D
:1036780034603B68BDE8F041184700BF791B020081
:10368800481B0200B21B0200CF1B02000C1C0200E8
:103698003F1C02007D1C0200034610B50A4619793A
:1036A8000123006803FA01F1436804691B681942A1
:1036B8000ED10E4940F2A2630D4A0E4810F000FBED
:1036C8000D4810F0FDFA40F2A261094810F0EFFA37
:1036D8002368194218BF82F0010222B18368DB68AF
:1036E800BDE81040184783681B69F9E73F1C0200D2
:1036F800481B0200B21B02007D1C02002DE9F04F9E
:1037080087B000AFA84811F0CEFC58B9A74A0121EC
:10371800A74810F0EDFC6FF0120420461C37BD4698
:10372800BDE8F08FA04811F0BEFC08B9A14AEEE749
:103738009D4811F0B8FC08B99F4AE8E79F48FFF791
:103748004DFF041E06DA23469D4A0121984810F0D1
:10375800D8FCE2E79B48FFF741FF041E02DA9A4AC9
:103768002346F2E79948FFF739FF041E02DA984A20
:103778002346EAE700219148FFF78EFF0021914890
:10378800FFF78AFF00219148FFF786FF00220023F8
:10379800DFF870828F4DC8E90023C5E900230023B4
:1037A8008D4E336000F0B6FA04460028B5D100F01B
:1037B80073F904460028B0D10321884A7C4810F0E8
:1037C80097FC00F0E3FA041E27DBDFF83C9210F0C8
:1037D8000AF9D8E900239042994112DB804B1B7803
:1037E80033B100217748FFF757FF00237C4A137055
:1037F8007C4C23782BB100217448FFF74DFF002340
:103808002370642207F1140107F1100000F0DEFABA
:10381800041E05DA744A234697E7744A234694E758
:10382800D7E904325408002B7DD0D4B10020002100
:1038380003EB440C33F9022B9C45C2FB8201F9D1FE
:1038480022460023FDF720FB4FF0804400239842D6
:1038580071EB040247D30022944653EA040E47D181
:103868001446D9F8002002F14603A34206D91821CC
:10387800A31A93FBF1F31344C9F800305C48D9F854
:1038880000200378002B63D102F1780BA3454CD2BA
:1038980032680132012A326048D90121554A017043
:1038A8004648136033607B60FFF7F6FE10F09BF824
:1038B80010F5487041F10001EA468AB0C5E90001F7
:1038C8006A46D9F80010C2E9071B05214A48C2E92F
:1038D800050442F8101F7B684FF42351344802F066
:1038E800C3F9D54622E09B0843EA8473A408AEE7EF
:1038F80012EB030E4CEB040A70454FEA520271EBCF
:103908000A0B42EACC724FEA5C0C07D3B0EB0E0EFE
:10391800704661EB0A01D2184CEB040C9B0843EA91
:103928008473A40899E71C469BE733607969386972
:1039380007F10F02C1F34F0100F004F910F1100F65
:1039480004463FF444AF002860DA2C4A0346FCE6FC
:1039580002F1460BA345274A1BD913680133222BD2
:103968001360E3D900231946037014481360EA462C
:103978003360FFF791FE8AB06A46D9F80010C2E9B1
:10398800071B05211E48C2E9050442F8101F002341
:10399800A2E70023136010F026F810F5487041F1F3
:1039A8000001C5E90001C1E7B87901008F1C0200D8
:1039B800F0830100A81C0200C11C0200008801005D
:1039C800DA1C0200F8870100FC1C0200F0870100E5
:1039D8001E1D0200D01F0020982C0020401D020050
:1039E8009275002091750020B61D02008F1D0200FF
:1039F800907500209C2C0020D41D02002E1E020071
:103A0800011E0200D81F0020F0000020FC7B002CC3
:103A18003FF4DDAE0FF0E7FF2B6883467B606B68F1
:103A28008A463B607B68164A83423B6815488B414F
:103A3800ACBF01230023032110F063FB01211248CE
:103A4800FFF72AFE0121114B19707B685B453B6823
:103A580073EB0A030DDB0E48FFF71EFE0D4B1C70BF
:103A68000FF0C1FF10F5FA7041F10001C8E900013B
:103A7800ADE600210648FFF70FFE0024EEE700BF81
:103A8800511E0200F0830100F887010092750020A2
:103A9800F08701009175002038B500F037F91E4D08
:103AA800286048B91D4920231D4A1E4810F008F90E
:103AB80020211B4810F0FBF811F07CFC044640B1B3
:103AC80001210346184A194810F01BFB6FF001004A
:103AD80038BD286811F05FFC154A0346108038B9D4
:103AE800144929230E4A0F4810F0EAF82921E0E783
:103AF800B0F5007F07D910492A23094A094810F070
:103B0800DFF82A21D5E70D4A1480084803210C4A1A
:103B180010F0F7FA2046DBE7A82C00209F1E0200D1
:103B2800731E0200B21B0200A81E020030840100AE
:103B38008E750020CD1E0200E21E02008C7100204E
:103B4800C11F02002DE9F74F89461746064648B9B6
:103B58005F4975235F4A604810F0B2F875215D48E7
:103B680010F0A5F83AB95D4976235A4A5A4810F038
:103B7800A7F87621F3E70025DFF8808115704D4519
:103B880080F0A180564BB8F800A0B3F800B0A9EBBC
:103B98000504ABEB0A03A4B29BB29C4228BF1C46A7
:103BA800504B620003EB4A00A24406EB45011FFAA2
:103BB8008AFA12F0ADFF2C44D3454A4BA8F800A06E
:103BC800A5B2DCD1DFF838A119465A46DAF8000068
:103BD80011F0B0FB7E28034615D068B1424A012196
:103BE800424810F08EFA00233046A8F8003000F062
:103BF80039F94FF0FF300EE0DAF8000011F0AEFBB3
:103C08007E2804460AD100233046A8F8003000F088
:103C180029F96FF00F0003B0BDE8F08F10B1344AF6
:103C28000346DCE711F025FBDAF80030DFED317AE6
:103C3800B3F84820DB6CDFF8CCA003EB820393EDEC
:103C4800007AB4EEE77AF1EE10FACCBF0122002236
:103C5800DFF8B4B0DAF800C0DBF80030CCF3401E6F
:103C6800A3EB0E031344032B42EA4C02CBF80030BB
:103C7800CAF8002004D800233B70A8F800307EE77B
:103C88004FF47A7CA0FB0C0E47F6122200230CFBA3
:103C980001E1FDF7F9F8184BCBF800405A68CAF86B
:103CA800004001921A68B0EB020C019A61EB020223
:103CB800BCF5966F72F10002DDDBC3E90001012358
:103CC800A8F800403B70304600F0CCF80020A2E78E
:103CD800EF1F0200731E0200B21B0200FC1F02004D
:103CE8008E7500208E7100200820020030840100AB
:103CF800272002003333333FE01F00208C7100205F
:103D0800A82C0020A42C0020A02C002000487047DC
:103D1800F400002030B5174D87B001AC0FCD0FC4AB
:103D28002B682360144C204611F0BDF948B90121D5
:103D3800124A134810F0DCF96FF01204204607B05D
:103D480030BDA368204600211B6801AA9847041EBD
:103D580006DA012123460B4A094810F0D2F9EDE7AB
:103D68004FF47A530321084A054810F0CAF9002491
:103D7800E4E700BF908401000C7A0100642002008F
:103D8800D08301007C2002009520020010B500229B
:103D98000A48114683681B699847041E07DA0121FF
:103DA8002346074A074810F0ACF9204610BD032106
:103DB800054A044810F09CF90024F6E70C7A010043
:103DC800BC200200D0830100D12002007FB54FF44F
:103DD800A06306461D48029383680D469B6802AAA5
:103DE80001A99847041E08DA01212346184A1948F0
:103DF80010F087F9204604B070BD00220023164851
:103E080003A908F065F8041E0ADA01212346134ABB
:103E1800104810F076F90199114808F0E5F8E9E73B
:103E280000230198039950F83320121421F8132025
:103E38000133A02BF7D10199094808F0D5F8039B65
:103E4800002433604FF4A0732B60D3E70C7A010091
:103E5800ED200200D0830100580400200121020057
:103E6800780400200146014808F0BEB85804002034
:103E7800B2F5802F2DE9F04110D2042A28D84549FF
:103E880040F21A23444A45480FF01AFF44480FF0FD
:103E980017FF40F21A2140480FF009FF0823D21AF1
:103EA800CC1D114424F0070421F00701091B172930
:103EB8004FEAD1060ED83B4940F22323364A374809
:103EC8000FF0FEFE36480FF0FBFE40F22321E2E73A
:103ED8000423E4E70025046031462046A660E56037
:103EE8000FF0C8FDB6F5004F2CBF08230423421D70
:103EF80092000833D11DDB0803EBD103B3424FEA2C
:103F0800D10739D801302946A2F1100204F1100076
:103F1800B8BF2A4612F023FE3A46294620460FF03B
:103F2800A5FD2B462A46294620460FF076FDA6EB2E
:103F380007082046294601220FF080FD42463946EF
:103F48000FF094FD3B462A46394620460FF065FDA2
:103F5800314620460FF08AFD43462A463146204620
:103F68000FF05BFD3146204601220FF067FD394610
:103F7800BDE8F0410FF08DBD0B494FF40E73064AB2
:103F880006480FF09DFE06480FF09AFE4FF40E719A
:103F980081E700BFFC2102002E210200B21B0200B3
:103FA8001D220200362202005F2202002DE9F04F96
:103FB80091B0009302F004030293C2F3C2030133E9
:103FC800840705460E46DDF868900392059340F095
:103FD800F881041D30B1072909D86FF01B0011B012
:103FE800BDE8F08F01F007063444C6F108064FF02B
:103FF80000084FF0040B009B4FF0FF32591E474654
:104008004346DA46CDF8108001920DB10098206041
:104018000598002800F3D7809948009A824203D374
:1040280098488242C0F0CF80039AA4EB050E92070D
:104038004FEA9E0040F1E2804FF0000CCCE07A2875
:104048005CD84B280CD8472858D829282AD825289E
:1040580051D053D8202877D023384342434173E0C6
:104068004C382E284AD8DFE800F06F4949494949B9
:104078004949494949494B49494949494949495996
:10408800494B4B5959596F4B6C496F49184B184953
:1040980049807D4B49494B497D00002000234FF062
:1040A800040B39E001222A38C0B202FA00F010EA03
:1040B8000E0F49D110F0625C30D110EA020343D0F0
:1040C8006046013C5C44B4FBFBF40BFB04F4002D9C
:1040D80060D0AAEB050CA444B4453FF67EAF002897
:1040E8006AD1BAF1040F45D159F8040B20604FF09A
:1040F800040A043428E0019B013B0193002323E0D8
:1041080011F8013C6C2B32D1002011F8023C6C2BC9
:104118000346C4D14FF0080BDA46D2E709F1070984
:1041280029F00709073424F00704F9E802AB35B190
:1041380006982044B0423FF650AFC4E900AB0023D4
:1041480008344FF0080BDA4611F8010F002800F088
:10415800C080002B7FF473AF2528F5D1019B013374
:10416800019301234FF0040BEDE7184696E7002072
:104178000346A6E7BAF1080F40F09D8009F1070948
:1041880029F00709B9EC027B84ED007B4FF0080A9F
:104198000834D9E780B9BAF1040F02D109F104094A
:1041A800A5E7BAF1080F40F0868009F1070929F060
:1041B800070909F10809E9E705980138059059F850
:1041C800040B009021E7039A90074CD54FF0010C9F
:1041D800A4EB050E4FEA9E00BEF5007F1FD32A49C7
:1041E8004FF41F73294A2A480FF06AFD29480FF037
:1041F80067FD4FF41F7125480FF059FD0F2F10D898
:10420800002D4BD007F140020DEB020C019A0CF87F
:10421800200C0CF8102C04980130049022E00F2F89
:104228000CD9194940F28123184A19480FF048FD62
:1042380019480FF045FD40F28121DCE7D5B107F1BF
:1042480040020DEB020E019AC0B20EF8200C0EF8D7
:10425800102CBCF1000FDED060F07F000EF8200CAF
:1042680008F101080137C5F108024FF6DA7E043477
:10427800069269E7BCF1000F10D00136F2E700BFE3
:10428800E878010094530200424102008A220200A9
:10429800B21B0200B8220200D9220200029A02369A
:1042A800002ADFD10098CDE90631FCF707FEDDE9E9
:1042B80006310644D6E740F2C623434A43494448F8
:1042C8000FF0FEFC514643480FF0FAFC40F2C621BD
:1042D80091E7631BB3F5806F0CD33C4940F2D223BE
:1042E800394A3B480FF0ECFC3B480FF0E9FC40F240
:1042F800D22180E71DB9A6F10804E0186FE6029AFA
:104308009B0828602B709DF81030C2B1EB7085F8BF
:104318000280B8F1000F05D0002208A8C5F1010CF1
:1043280097420ED14FF0000AC5F101030DF12009A3
:1043380001930DF1300B574512D1601B4FE66B709E
:10434800E5E710F8013B190608D50CEB040EB64555
:1043580003F07F033FF641AE04F8013B0132DFE78B
:10436800B8F1000F03D099F90020002A17DB029B4F
:10437800D3B11AF80B2004F8012B0022019B18195D
:104388001044B0423FF629AE99F80000009904F8AD
:10439800010B2046039212F0BBFB039A14440AF166
:1043A800010A09F10109C6E799F8002055F82230F9
:1043B8000093029B009845F82230FCF77FFD421CD1
:1043C800DCE76FF00D000AE68A2202004241020093
:1043D800B21B0200F3220200082302002DE9F04F6D
:1043E80097B000AF89460446D7F880B0FA623B62BE
:1043F80058B9A94940F29933A84AA9480FF060FC76
:1044080040F29931A5480FF052FCCBF3C00390F865
:1044180002A07B6141B9457800780AEB800020440E
:104428004D4517D8A0EB0409E378FB61BAF1000FFA
:1044380002D01BF0010F16D1FB6953BBFB6A1BB1FD
:10444800494620463A6A98474D4628465C37BD4655
:10445800BDE8F08F461C3046FCF730FD0130304493
:1044680009F10109DCE7626823787A62FA6A99003F
:10447800B96104EB8301002A40F002810E464FF037
:1044880000084D4601EB0A094E454CD101EB0A06DE
:1044980010E01BF0020FD1D023789A00BA6162684D
:1044A80004EB83017A62FA6A002A77D14D46904676
:1044B80001EB0A061BF0050F0CBF02230123FB6268
:1044C800FB6906EB430A0BF00203BB625645BCD0FE
:1044D80016F8021B16F8013C54F82390714B9945C5
:1044E80002D3714B994536D37B69002B40D0786A4B
:1044F8000FF042FB00283BD0E9468AB06A466B4B76
:1045080053617B6AC2E906314FF400731384684B28
:1045180042F8103F00234FF41251664801F0A4FB03
:10452800023DCD46D2E716F8013BF96254F8230064
:10453800FCF7C4FCD7F88430F96A01304BB1D7F8DE
:10454800883098453EBFD7F8843023F8180008F122
:104558000108054498E77B6923B1786A0FF00CFBE2
:104568000028C9D11BF0010F05D1FB6AED1AADE790
:10457800BB6A002BAAD04846FCF7A0FCD7F88430C9
:1045880053B1D7F8883098453FBFD7F88420431CEB
:1045980022F8183008F10108054497E7BAF1000F2E
:1045A80074D01BF0040674D0D046002607F14800EA
:1045B80052463B61B96212F0ABFAB96A3B6901EB4A
:1045C8000A02BA62FA69F9695200FA60BA6A02EB39
:1045D80041023A610BF00202BA60BA6A39698A424A
:1045E8006AD162781BF0020F18BF00217A6208BFF7
:1045F8004FEA5801B2181BF0010FD2B240F0E58023
:104608001BF0040F14BF404600207B616270A0704D
:10461800E17020463A6AB969FB6A9847051EFFF6B9
:1046280014AF7B69414623707B6A3A6A6370FB6901
:1046380084F802A0E37007F14800FB6A9847B0F1DC
:104648000008C0F2F680BB69A9EB0A01C91AFB6829
:104658003A6AC91AD7E90A0398470028C0F2EB80DA
:104668004FF0000BA84408EB000507F1380AB345E2
:10467800C0F0AD8000213A6A0846FB6A9847E4E634
:1046880056464FF0000807F1380091E75646D046E5
:1046980095E7B04693E700BF1F2302008A22020075
:1046A800B21B0200E8780100945302003A2302008A
:1046B80004000001B8830100BA6A12F8021B12F85C
:1046C800015CBA6254F825005C4A904202D35C4A05
:1046D800904218D37A693AB1786A7B600FF04CFA45
:1046E8007B6800287FF479AFBA68002A4CD00F2E77
:1046F80040D9544940F24D43534A54480FF0E0FA28
:1047080040F24D417EE67A693AB1786A7B600FF0F3
:1047180033FA7B6800287FF460AF1BF0010F0BD0E1
:104728000F2E27D9474940F24343474A47480FF0DD
:10473800C7FA40F2434165E61BF0040F3FF44DAF62
:10474800B8F10F0F09D9424940F246433E4A3F4863
:104758000FF0B6FA40F2464154E608F1280207F194
:10476800300008F1010102EB000808F8105C5FFA5C
:1047780081F832E706F1280207F13000711C16189B
:1047880006F8205CCEB228E7B8F10F0F09D93049F6
:104798004FF48A632C4A2D480FF092FA4FF48A613D
:1047A80030E608F1280207F1300C08F101009444C2
:1047B80007F1580208F1020852FA80F00CF8101CB0
:1047C8005FFA88F800F8105C07E700201DE71BF87F
:1047D8000A3054F8239087F83730D7F884302BB351
:1047E800D7F888309B4521D2D7F8843033F81B801E
:1047F80001213A6AFB6A07F13700984700281ADB5B
:104808000544B8F1000F06D14846FCF757FB00F104
:1048180001081FFA88F8414648463A6AFB6A9847F1
:10482800002808DB05440BF1010B20E74FF00008D6
:10483800DEE7454609E6054607E600BFE8780100D9
:1048480094530200DD2302008A220200B21B0200F8
:10485800FC230200014B1860704700BF8C01002048
:1048680030B5002587B0CDE903010446009503A9BA
:1048780005480595FCF778FCDDE904309842B8BF97
:10488800255407B030BD00BFCF3B0100044608B532
:10489800084611461A46A0470A4B1B7873B90A49BD
:1048A80040F24633094A0A480FF00AFA09480FF05D
:1048B80007FA40F2463105480FF0F9F909F0D6FB3E
:1048C80002F0D6FAA8750020582402002D24020010
:1048D800B21B02006B240200F0B5024601680A27E9
:1048E8000020074E0B461C780131355D6D0701D459
:1048F8001360F0BD07FB0043A3F13000F2E700BFEF
:10490800605202002DE9F84F15469A46D378234A9B
:104918006F2B12F803B081460F460BF0030B2BD018
:1049280026D8582B0CBF10260A26DDF828803246D8
:10493800002348463946FCF7A7FA092A08F1FF3848
:10494800D4B21ED83034B145E4B277F1000788F804
:10495800004001D3D04511D82B789B0605D5082EE9
:1049680015D1AB7843F00803AB704046BDE8F88F2B
:1049780003F0F703702BD5E70826D6E781460F46E4
:10498800D5E7BBF1010F0CBF37345734DBE7102EE6
:10499800EBD1AB7843F01003E6E700BF60520200AA
:1049A80038B50D4604462022002112F0D8F800221E
:1049B800EB68E361AB68A3612B6823626B68A26252
:1049C80063622A6923B1591E194208BF42F00102E5
:1049D80022610122002104F12C0010F0B7FB48B13C
:1049E800054906482F23064A0FF06AF92F21044883
:1049F8000FF05DF938BD00BFB9240200B21B0200F8
:104A0800932402002DE9F04F002789B0CDE9012356
:104A1800436A04468B428846BA460597079754D39B
:104A280000F11406EFF31185202383F31288BFF3F6
:104A38006F8F3046A94609F0F7FD58B988234D4ACB
:104A48004D494E480FF03CF931464D480FF038F9C2
:104A5800882163E0304609F00BFE079A2AB13946EF
:104A680020460FF016FA0023079306A920460FF0F8
:104A780034F906998346414530D32268236A204693
:104A880013F8221003EB820A21F0030103F8221025
:104A9800216842460FF045F9E3682060984218D033
:104AA8004FF0000B304609F0CDFD50B389F3118863
:104AB800BFF36F8F059929B1A2690AB120469047C3
:104AC80000230593BBF1000FACD1504609B0BDE8F7
:104AD800F08F236943F008032361E1E718B120460A
:104AE8000FF039F9DEE7DDE90132134339D00391DC
:104AF80010F05BFB0399A0BB9DBB304609F0A2FDFB
:104B080078B94FF49A731B4A1E491C480FF0D8F81D
:104B180031461D480FF0D4F84FF49A7115480FF03C
:104B2800C6F885F31188BFF36F8F04F12C00DDE917
:104B3800012307F061FF8346EFF31189202383F3F4
:104B48001288BFF36F8F304609F06EFD00283FF4DE
:104B580075AFBBFA8BFB304609F08AFD4FEA5B1B49
:104B6800A0E7204607AB05AA27680FF013F983468C
:104B780098E700BFC2240200EF240200B21B020023
:104B8800042502001A250200312502002DE9F04112
:104B98000446C36908460E46984704F114050746BB
:104BA800EFF31188202383F31288BFF36F8F284611
:104BB80009F03AFD68B988231A4A1B491B480FF0C7
:104BC8007FF829461A480FF07BF8882115480FF01E
:104BD8006EF8284609F04CFD33783A4643F0010355
:104BE8003370616820460FF09CF8606020460FF033
:104BF8006BF9284609F026FD68B94FF49A73094AFB
:104C08000C490A480FF05CF829460B480FF058F891
:104C18004FF49A71DAE788F31188BFF36F8FBDE814
:104C2800F08100BFC2240200EF240200B21B020080
:104C3800042502001A250200312502002DE9F0475B
:104C48000446002700F11406EFF31188202383F3AC
:104C58001288BFF36F8F304609F0E6FC054668B945
:104C680088233A4A3A493B480FF02AF831463A48ED
:104C78000FF026F8882135480FF019F8304609F06A
:104C8800F7FC2369A16813F0080F02D16368994201
:104C980000D9636A5B1A002B41D0206A10F82130D2
:104CA80000EB810913F003023CD0022A04D150F82A
:104CB80021205FEA920A05D1DA0720D44846E36941
:104CC80098478246A168524620460FF02AF8514676
:104CD800A06020460FF033F82F46304609F0B2FCAA
:104CE80010BB4FF49A73194A1C491A480EF0E8FF92
:104CF80031461B480EF0E4FF4FF49A71BBE743F0CE
:104D0800020300F82130E3694846A5689847294618
:104D1800024620460FF005F80025A060DDE71D4695
:104D2800A946DAE71546FBE788F31188BFF36F8FCA
:104D3800002D89D137B1B9F1000F03D104F12C004E
:104D480007F0DCFD4846BDE8F08700BFC22402003A
:104D5800EF240200B21B0200042502001A250200FB
:104D6800312502002DE9F0410446C36908460D4685
:104D7800984704F114060746EFF31188202383F3BC
:104D88001288BFF36F8F304609F04EFC68B988234C
:104D9800274A284928480EF093FF314627480EF045
:104DA8008FFF882122480EF082FF304609F060FC10
:104DB8002B786FF300032B7023699B0705D5E268F6
:104DC800236A03EB82039D4222D12B786FF34103C0
:104DD8002B70D4E90231994204D13A4620460EF0AC
:104DE800A0FFA060394620460EF0A9FF304609F022
:104DF80029FC90B94FF49A730D4A11490E480EF0E8
:104E08005FFF31460F480EF05BFF4FF49A71C9E718
:104E18002B6867F39F032B60E8E788F31188BFF3DB
:104E28006F8F04F12C00BDE8F04107F067BD00BFAB
:104E3800C2240200EF240200B21B02000425020073
:104E48001A2502003125020070B5044600F1140548
:104E5800EFF31186202383F31288BFF36F8F284660
:104E680009F0E2FB68B988231A4A1B491B480EF06F
:104E780027FF29461A480EF023FF882115480EF00F
:104E880016FF284609F0F4FB2369A06813F0080F01
:104E980002D16368984213D9646A241A284609F033
:104EA800D1FB78B94FF49A730A4A0E490B480EF0B1
:104EB80007FF29460C480EF003FF4FF49A71DDE70F
:104EC8001C1AEBE786F31188BFF36F8F201E18BFFB
:104ED800012070BDC2240200EF240200B21B0200B0
:104EE800042502001A250200312502002DE9F84F99
:104EF8000446A38B08461907154612D4022803F066
:104F0800070165D120460EF0ECFF88B1013804286E
:104F180000F23781DFE810F05C0035018200D40030
:104F2800040101280CBF43F0100143F02001A183C4
:104F38001434204609F086FB002840F09D819A49E8
:104F48004FF49A73994A9A480EF0BAFE2146B1E096
:104F580003F00702501F01281ED80020062A2768E0
:104F6800C4E9000014D13A4603E0E08B0130E08345
:104F78001268002AF9D123F0070343F00202204601
:104F8800A2830EF0AEFF90B342F02002A2832EE07F
:104F980023F007039AB2F2E7042A33D123F0070378
:104FA8009AB22046A2830EF09CFF10B142F0200274
:104FB800A283A38B03F00709894540F0EC80A18BFD
:104FC800CA0640F1508121F01003A38301F00701C4
:104FD800D4F81880A38BB8F1000FB9DA002227683B
:104FE80023F00703C4E9002243F00103A383A38B42
:104FF80003F00709894540F0CF80002FDFD0002655
:10500800B24644E06B4940F21B136B4A68480EF005
:1050180057FE40F21B1168480EF049FE49B1674936
:105028004FF4AB73644A62480EF04AFE4FF4AB711A
:10503800F1E723684BB9624940F257135E4A5C486E
:105048000EF03EFE40F25711E5E723691E684EB99F
:105058005C494FF4AD73584A55480EF031FE4FF491
:10506800AD71D8E70F4688464FF00609A38B23F0A9
:10507800070343F006039BB2A383A268002A40F00B
:105088008D80002F40F08D80002E98D0BA4643F0D6
:10509800080304F1140B5846A38309F0D3FA002837
:1050A80040F09A8040494FF49A73404A40480EF0C5
:1050B80007FE594644480EF003FE4FF49A71ADE0DE
:1050C800022909D0414940F25D133B4A38480EF0A5
:1050D800F7FD40F25D119EE7E78B4FB13C494FF475
:1050E800AF73354A32480EF0EBFD4FF4AF7192E7DB
:1050F80023695E684EB9334940F261132E4A2C4841
:105108000EF0DEFD40F2611185E7A38BB84623F06F
:10511800070343F004039BB24FF00409A383ACE7F1
:10512800012909D02B494FF4B273234A20480EF0C5
:10513800C7FD4FF4B2716EE723684BB9204940F2BE
:1051480065131D4A1A480EF0BBFD40F2651162E76F
:1051580023699E684EB91B494FF4B473164A144824
:105168000EF0AEFD4FF4B47155E70027A38BB84697
:1051780023F0070343F005039BB24FF00509A3830F
:105188007BE70C4940F26B130B4A09480EF098FD77
:1051980040F26B113FE7002700266EE74FF0010A47
:1051A80075E7924673E700BF1A250200C224020081
:1051B800B21B02004241020051250200762502007E
:1051C80082250200A525020031250200BC25020027
:1051D800D2250200E125020085F31188BFF36F8F05
:1051E800BAF1000F1CD177BB16B120462549B0474C
:1051F800EFF31185202383F31288BFF36F8F58468E
:1052080009F012FA38BB88231F4A204920480EF0BB
:1052180057FD59461F480EF053FD88211A48FBE6F2
:10522800A1680029DFD00D680029DCD043464A4632
:105238002046D1F804A0D0471DB12B6829461D4649
:10524800F2E72B46FAE7394643464A4620463F6886
:105258000EF073FEC7E7584609F00AFAA38B23F04D
:105268000803A383ABE68B067FF562AE21F020032B
:10527800A38301F0070145E685F31188BFF36F8F1B
:10528800BDE8F88FA1520000C2240200EF240200FA
:10529800B21B020004250200F8B504460D4600F1D1
:1052A8001406EFF31187202383F31288BFF36F8F5F
:1052B800304609F0B9F968B988230C4A0C490D48F9
:1052C8000EF0FEFC31460C480EF0FAFC8821074827
:1052D8000EF0EDFC304609F0CBF9A5613A462046C0
:1052E800BDE8F8400121FFF701BE00BFC22402005B
:1052F800EF240200B21B0200042502002DE9F0474A
:1053080004460F460EF009FE051E68DB04F1140979
:10531800EFF3118A202383F31288BFF36F8F484677
:1053280009F082F9804660B98823384A38493948F3
:105338000EF0C6FC494638480EF0C2FC88213348B6
:1053480042E0484609F094F94FF6FF72E38BA68BCA
:10535800934206F0070645D0022E15D13546013393
:10536800E383484609F06EF9002841D14FF49A7357
:10537800264A2A4927480EF0A3FC494628480EF039
:105388009FFC4FF49A71DAE7062E13D8DFE806F08F
:10539800092D1212090409006FF085054FF0000865
:1053A800DFE700233B60636883B9C4E9007786B10F
:1053B8003546F3E71B4917484FF4E4731A4A0EF0D1
:1053C8007FFC4FF4E47118480EF071FC1F606760B1
:1053D800EDE7524602212046FFF788FD354628466C
:1053E800BDE8F0876FF00A05D8E76FF00405D5E748
:1053F8008AF31188BFF36F8FB8F1000FEFD0002345
:105408003246394620460EF098FDE8E7C2240200ED
:10541800EF240200B21B0200042502001A25020034
:1054280031250200E125020051250200F8B50546A4
:1054380000F11406EFF31187202383F31288BFF3DA
:105448006F8F304609F0F0F860B98823254A26495D
:1054580026480EF035FC314625480EF031FC8821EF
:1054680020482BE0304609F003F9AC8B04F0070420
:10547800022C17D0012C0CBF6FF004046FF08504C8
:10548800304609F0DFF838BB4FF49A73154A1949CA
:1054980016480EF015FC314617480EF011FC4FF473
:1054A8009A71DDE7EB8B5BB91449104840F2EF13B2
:1054B800134A0EF005FC40F2EF1111480EF0F7FB0D
:1054C800013B9BB2EB83002BDAD13A4621462846B2
:1054D800FFF70CFD2046F8BD87F31188BFF36F8FE7
:1054E800F8E700BFC2240200EF240200B21B02004A
:1054F800042502001A25020031250200F7250200C2
:105508005125020008B54268034602F00302032A47
:10551800816002D02AB1002000E0006800225A60B1
:1055280008BD054905484523054A0EF0C9FB452134
:1055380003480EF0BCFB00BF42410200B21B020050
:105548000526020030B5002289B00F490F480FF038
:1055580092FE002200230024CDE906230E230C4DE1
:10556800CDE903344FF400622846CDE90144094BE4
:105578000949009407F00CFE0849284607F044FD45
:10558800204609B030BD00BFF1560000D8260020E3
:10559800C8210020315A0000287600202B2602005E
:1055A8002DE9F047044607464FF00109DFF850801F
:1055B80014B93846BDE8F08794FAA4F5B5FA85F52C
:1055C80009FA05F32E0108EB05156FEA030A24EA28
:1055D80003042B7B002BEBD058F806301B694BB922
:1055E8004644736804222846196807EA0A070EF039
:1055F8000FFDDDE7284698470028D9D1F0E700BF1E
:10560800388401002DE9F047DFF8D8902E4C804609
:10561800A9EB04038F2B0F460BD92C494FF4A67323
:105628002B4A2C480EF04CFB4FF4A67128480EF07C
:105638003EFB29480EF0D0FC064678B300252846E4
:10564800BDE8F087237B83B12368DB680BB1204674
:105658009847636883F806A023681B69B3B9636831
:105668000422204619680EF0D3FC013610344C454C
:1056780018D91A494FF4AC73154A16480EF020FB96
:1056880017480EF01DFB4FF4AC71CFE72046984742
:105698000028E4D00AFA06F31D43E6E705464FF072
:1056A800010AE4E7CED3B8F1000FC8D0002DC5D069
:1056B8002846FFF775FF0546002FF7D0002140F276
:1056C800391008F03FFCF1E7388401006026020039
:1056D80033260200B21B0200F46600209026020066
:1056E800B126020048840100014807F007B900BF4D
:1056F8006C050020014B53F820007047AC100200E5
:1057080008B5034608462BB1044A136000F0C8FDEB
:10571800002008BD6FF01500FBE700BF90010020D6
:1057280010B5044C237813B9034807F0E7F80123B0
:10573800237010BD937500206C05002010B5044639
:1057480009480EF049FC3CB1084BD3E8EF1F01397A
:10575800C3E8E21F002AF8D105480FF098FDBDE81C
:105768001040044807F0CAB8EC660020F066002034
:10577800D82600206C05002000200146034BD3E802
:10578800EF0FC3E8E21F002AF9D17047EC6600204A
:1057980070B5FFF7F1FF05460F4C104EB44219D90A
:1057A8000F494FF403730F4A0F480EF089FA0F4858
:1057B8000EF086FA4FF403710A480EF078FA63681F
:1057C8005B792BB123685B6813B12946204698475B
:1057D8001034E3E7F3D370BD388401004884010036
:1057E8009026020033260200B21B0200B1260200F6
:1057F80010B5044C04492046FFF7D2F8034B1C604F
:1058080010BD00BF1804002098100200E0660020B8
:105818000023154A10B51370144A15491360154A28
:1058280015481360FFF76CFFFFF7E2FF134B1449AD
:1058380018468B4215D9134940F22713124A1348C8
:105848000EF03EFA12480EF03BFA40F227110E48CD
:105858000EF02DFA1A1A5C681211013222711033F7
:10586800E7E7F7D310BD00BF94750020EC66002071
:1058780040420F00F0660020DD3F0100388401003F
:10588800488401009026020033260200B21B020061
:10589800B12602000146002200230148FFF7B2B8F2
:1058A800180400200148FFF7C9B900BF18040020F8
:1058B800024B01461868FFF755BA00BFE0660020A2
:1058C8000148FFF7C1BA00BF1804002070B52F4B7C
:1058D8001878002859D0FFF7E5FF0546002844D17D
:1058E8002B4B2C4C1B68002B19DD0FF0C2FC4FF41E
:1058F8007A75A0FB050647F61222002305FB016115
:10590800FBF7C2FAD4E90032C01A40F2E93361EB7E
:105918000201984271F1000101D3FFF739FFD4E980
:10592800003213F57A7342F10002C4E90032BDE88F
:105938007040FFF7C5BF63685B7923B123682946C8
:1059480020461B6898471034B44211D912494FF4C5
:105958000073124A12480EF0B3F912480EF0B0F96B
:105968004FF400710D480EF0A2F90F4C0F4EEBE703
:10597800E1D32846FFF79CFF0D4BD3E8EF1F013911
:10598800C3E8E21F002AABD0F7E770BD937500208B
:10599800EC660020D0260020902602003326020064
:1059A800B21B0200B12602003884010048840100BD
:1059B800F066002070B5154D297829BB0120FFF746
:1059C80021FE134C134EB44217D9134940F2C513A4
:1059D800124A13480EF074F912480EF071F940F2A9
:1059E800C5110E480EF063F963685B791BB1236833
:1059F80020469B6898471034E5E7F5D3FFF766FF24
:105A08000028FBD101232B7070BD00BF94750020C6
:105A180038840100488401009026020033260200E1
:105A2800B21B0200B12602002DE9F047374B384F70
:105A3800FB1A1B090AD1374940F2A933364A3748BD
:105A48000EF03EF940F2A931334819E0002108462A
:105A5800FFF7D8FD0446A8B140F21B684FF00009D3
:105A68002F4B1B789BB92F4940F246332E4A2B48BF
:105A78000EF026F92D480EF023F940F246312A4857
:105A88000EF015F94FF0FF384FF0FF39E8E708F04E
:105A9800EDFA274B186030B1264B1B68092B02DD45
:105AA800254806F02BFF0025DFF88CA044B12046DE
:105AB800FFF776FD044618B94FF0FF384FF0FF396D
:105AC800FFF704FF064628B935B942464B4650460B
:105AD80006F092FF3546E9E70C4D08E0F5D22B6851
:105AE8009B691BB100222846114698471035BD42D4
:105AF800F4D9124940F29D33074A08480EF0E0F8FD
:105B08000F480EF0DDF840F29D319DE73884010022
:105B180048840100D026020033260200B21B02008E
:105B2800A8750020582402002D2402006B240200CE
:105B3800E8660020F06600206C0500209026020030
:105B4800B126020013B52C480EF046FA2B4B1B78F1
:105B5800002B35D0EFF31184202383F31288BFF391
:105B68006F8F274808F060FD68B98823254A2649C1
:105B780026480EF0A5F8224925480EF0A1F88821FC
:105B880020480EF094F81E4808F072FDFFF79EFEBC
:105B98001B4808F057FD68B94FF49A73194A1D4914
:105BA8001A480EF08DF816491B480EF089F84FF484
:105BB8009A71E5E784F31188BFF36F8F02B010BDC7
:105BC800164B1B68002BF9D050B90022002314484B
:105BD800CDE9002347F61222002309F0CFF8EDE7BC
:105BE8000928EBD10E480FF052FB0E4802B0BDE871
:105BF800104006F083BE00BFF066002094750020B8
:105C0800E4660020C2240200EF240200B21B020056
:105C1800042502001A25020031250200E86600204A
:105C2800D82600206C05002010B5064B04461B68DA
:105C380098472146A0600448FEF7A8FFBDE8104039
:105C4800FFF780BF9001002018040020044A054B8C
:105C58009B1AB1EBD30F34BF52F8310000207047C4
:105C6800B0830100388401002DE9F04F8FB0C1F3F3
:105C78004A2804AF0D469146B8607B600C0DB8F118
:105C8800000F68D000264FF0040B4FF00A0A07F106
:105C98001403C7F80C80C7E907667E620193CDF844
:105CA80008B0CDF800A007F11C0332464846F96851
:105CB800FEF794FBB0F5006F03461CD36C468AB020
:105CC800D9F8041004AB2C481A46C3E9050140F280
:105CD800FF71D9614FF400711984284B42F8103FC5
:105CE8004FF4125133462648FFF7BEFFA5462C371E
:105CF800BD46BDE8F08FC0F30A0804F11700184448
:105D080020F0070080083B60FFF7C4FD68F35325C7
:105D1800044640B33B6800F11001C7E9083607F1B3
:105D28001403F961CDE900A3CDF808B04846154A37
:105D3800F96807F11C03FEF751FB002813DA124932
:105D480012484FF4A373124A0DF0BAFF4FF4A3712F
:105D58000F480DF0ACFF04F1170020F00700800891
:105D6800FFF798FD044668F353252A4620467B68CA
:105D7800B9680EF06DF9BAE7F926020004000001CF
:105D8800D88301002B40010065270200B21B0200E6
:105D9800382702002DE9F04F87B00446DDE9106A84
:105DA800DDE9127993469846039127B33B4652465C
:105DB80010210020CDF80090CDF81490FEF7F6F8E9
:105DC800051E0BDA264940F26513264A26480DF0CF
:105DD80077FF40F2651123480DF069FFB5F5006FB4
:105DE8000ADB40F2FF730221204A214807B0BDE8D0
:105DF800F04F0EF086B93D4606F11700284420F012
:105E080007008008FFF746FD04F007040BF0070BB6
:105E1800E40044EA8B1444EA452444EA065406465E
:105E2800A0B19FB13B4652462946CDF800901030AC
:105E3800FEF7BCF8002809DA09494FF4C473094A87
:105E480009480DF03DFF4FF4C471C4E743462246AC
:105E58003046039907B0BDE8F04F0EF0F9B800BF1F
:105E68006427020038270200B21B02006E270200D6
:105E7800D8830100406820B1034BC01A40F3CF001B
:105E880070474FF0FF307047B08301000EB403B580
:105E980003AB53F8042B0146044801930EF062F952
:105EA80002B05DF804EB03B0704700BFD55E000098
:105EB800CA0605D48B064CBF02490349FFF7E6BF63
:105EC800704700BF5A440200A627020038B54B6845
:105ED80005461A68CB680C469A4202D108460EF06D
:105EE80034F96368D3E8EF2F511CC3E8E01F00289A
:105EF800F8D1A3689D5463681A68E3689A4209D97F
:105F0800054906487223064A0DF0DAFE7221044854
:105F18000DF0CDFE002038BDD8270200B21B0200CC
:105F2800A92702002DE9F04F8BB09A46169B9DF8E1
:105F380054B00693179B04460593189B0D4690464C
:105F4800199E0493BBF1000F00F0AE80BBF1040F63
:105F58000BD9A44940F24D23A34AA4480DF0B0FE42
:105F680040F24D21A0480DF0A2FE06F0010308936F
:105F780006F00803079306F4807309930EF046F8B9
:105F880006F00209024600283CD020469849FFF74F
:105F98007DFF0746B9F1000F08D016F0440F33D142
:105FA8002A4620469349FFF771FF0744089B53B1DF
:105FB800914B204653F82B20904B9149002A08BF5B
:105FC8001A46FFF763FF099B002B49D0079B002B5C
:105FD80063D1B8F1000F65D0424620468949FFF7E2
:105FE80055FF0546069B3D44002B6CD1049B002BB6
:105FF80040F08180F30700F1EF8031462046FFF73B
:1060080057FFE3E00746C5E77F4B18680028CCD068
:106018007E4B4FF47A791B684FF03C0CB5FBF3F5D7
:10602800B5FBF0F14FF4616300FB115509FB05F571
:10603800B1FBF3F2B5FBF0FE03FB121100FB1E559A
:10604800B1FBFCF309FB05F5B5FBF0F50CFB1311EF
:1060580020460091CDE901E56D49FFF717FFA4E758
:10606800079BEBB16B4B204653F82B206A49FFF78F
:106078000DFF0546B8F1000F05D04246204661499C
:10608800FFF704FF0544BAF1000FABD05246204693
:106098006249FFF7FBFE0544A4E74FF0000AE1E779
:1060A800079DE7E745469DE7BAF1010F069B06D134
:1060B800DBB9049B002B00F0898000251BE0002B36
:1060C800F7D0574812E057482246069B56490DF02C
:1060D80022FD00280CDA554940F2A723424A4348DA
:1060E8000DF0EEFD40F2A7213CE74E485D46EBE798
:1060F800049B002B66D0DFF84881DFF84891049FA5
:106108003146102F204628BF10274FF0000AFFF70E
:10611800CFFE554543DC059B494620461A78FFF7D4
:10612800B5FE4FF0010A1AF0070F03D14146204689
:10613800FFF7ACFE574539D9059B4946204613F869
:106148000A20FFF7A3FE0AF1010ABAF1100FEAD1FB
:106158004FF0000A20463649FFF798FE5246059B45
:1061680020469A5C334B995C11F0970F08BF2E229A
:106178003149FFF78BFE0AF1010ABAF1100F1AD064
:106188001AF0070F03D141462046FFF77FFE574517
:106198005246E4D841462046FFF778FEEBE74146F1
:1061A8002046FFF773FE0AF1010AB2E720462349A9
:1061B800FFF76CFEC7E7059B3B440593049BDB1B7D
:1061C80004939CD1BBF1000F7FF414AF20460BB0B1
:1061D800BDE8F04F0DF0B9BF2046084A0849FFF75F
:1061E80055FE0AE70D280200A9270200B21B02008B
:1061F800182802001C280200BC100200082802000F
:106208004128020044280200FC660020F8660020AD
:1062180025280200D0100200482802004E2802005B
:106228007B410100D55E00006D410100532802004A
:1062380066280200605202006828020062280200F4
:10624800642802005C28020042F20F7373B58B4287
:1062580028BF0B4605680446052168460D4A0DF01F
:10626800D3FC0646636828460B225B680A490DF092
:106278005EFF63683246694628465B680DF057FF43
:1062880063681B2228465B6804490DF050FF02B082
:1062980070BD00BFD13A0200872802006B280200B7
:1062A80000210123064A904206D8064A01B9012373
:1062B8001360054B18607047012140085B00F2E746
:1062C80040420F00F8660020FC660020F8B50D4635
:1062D8000446064F4618B44201D12846F8BD14F8C2
:1062E800011BBB680148DB699847F4E7F0790100B6
:1062F80010B543681C6809480EF0D5FE48B908492E
:1063080008489923084A0DF0DBFC992106480DF04E
:10631800CEFC23685B685C6010BD00BFF0790100AB
:10632800F1280200B21B0200B3280200014B0360EF
:10633800002070471811020010B5B9B190F93D203E
:10634800002A05DA0A480EF038F86FF0C90010BDC7
:10635800182303FB020402FB033318448388228AB0
:10636800E0685343A28A5A4310F0D2FB0020EEE7BC
:10637800252902002DE9F04F2DED028B800017280A
:106388000C4683B042D9002940D08B7DCBB9B1F8F7
:106398000E8008F00108237D4FF00009D4E900576A
:1063A800042B08BF0026DFED468A1EBFE689764229
:1063B80006F00306228A1FFA89F39A4278D8002049
:1063C80026E04FF00008E6E7B5F9003007EE903A0E
:1063D800F8EEE77A68EEE77A17EE900AFAF7D4F95A
:1063E80041EC100BFBF7E4FF51EC100BFAF7FCFC47
:1063F80007EE100A37EE087A217DC8EE077A0129E0
:106408000BD004294FD02F480DF0D7FF4FF0FF30A5
:1064180003B0BDEC028BBDE8F08F9FED2B7A67EEE1
:10642800877A17EE900AFAF7AFF941EC100B0CF0E7
:106438001DF851EC100BFAF7D7FC9FED247A07EE04
:10644800900A77EEC77A9FED227AF4EEC77AF1EEDA
:1064580010FA23DC9FED1F7AF4EEC77AF1EE10FAFA
:106468001ED4FDEEE77ACDED017A9DF9043007F8E8
:10647800013B02350BF1010BE2891FFA8BF39A42BB
:10648800A2D805EB480537440AF1010AA2891FFA88
:106498008AF39A4211D94FF0000BEDE77F23E6E724
:1064A8006FF07F03E3E7FEEEC17AE7EC017AE0E7FD
:1064B8004FF0000AB7EE008AE8E709F1010979E729
:1064C800000080394C29020000008043000000438E
:1064D8000000FE42000000C31FB500230193039390
:1064E800012369460F480293FEF708FF48B10E4999
:1064F800F2230E4A0E480DF0E3FBF2210B480DF093
:10650800D6FB029B9B07FCD1039B3BB10949F823AF
:10651800064A07480DF0D4FBF821EFE705B05DF80F
:1065280004FB00BF3C670020BF290200732902005A
:10653800B21B0200C729020008B50A4A0121D2F895
:106548000034002043F00103C2F800340DF0D0FFFE
:10655800054B064A1860D2F8183543F02003C2F8F4
:10656800183508BD006005503867002000E0045069
:10657800054A0021D2F8003423F00103C2F80034A0
:10658800024B186801F022BB0060055038670020F4
:106598004FF0FF324FF0FF33014806F02DBA00BF2D
:1065A8005C050020014806F0A9B900BF5C05002081
:1065B800014806F0B3BC00BF2867002038B5164B69
:1065C8001B7873B9154940F24633154A15480DF042
:1065D80077FB15480DF074FB40F2463110480DF07A
:1065E80066FB07F043FD114D04462B68834210D02B
:1065F8002B6823B10E4BD3F80831834209D0FFF73B
:106608006BFF4FF0FF324FF0FF330A4806F0F4F902
:106618002C60012038BD00BFA87500205824020056
:106628002D240200B21B02006B2402002467002004
:10663800082A00204C05002008B50A48FEF7F6FE97
:1066480010F0C5FF084B38B1084AD2F808211A6083
:10665800BDE8084010F0D3BF18600548BDE8084001
:1066680006F04CB93C67002024670020082A002067
:106678004C050020002208B5044B05481A60FEF7B7
:10668800D5FEBDE80840034806F038B92467002065
:106698003C6700204C05002010B5104910480DF04B
:1066A80062FC002816DB0F490F4806F0A7FBFFF72E
:1066B80043FF0E4810F07DFD044648B9024601210B
:1066C800562000F079FC562000F046FCFFF750FFFA
:1066D800204610BD4FF0FF34FAE700BF1811020042
:1066E8003C670020874301002867002000600550B0
:1066F80008B504480DF07BFA03480DF078FA00203D
:1067080008BD00BFD8290200162A020008B50348B0
:10671800034A0021121A0DF06AFE08BDA0050020E8
:1067280028760020074808B5074A0849121A0DF0CC
:1067380060FEBDE808400648064A0749121A0DF0EF
:1067480058BE00BF600000209C0500209453020042
:106758006000002060000020945302002DE9F84FEB
:1067680080460C4600AF002965D0D1E90012E94601
:106778008AB0A3686D464FF0050A2E463748C5E92A
:106788000723C5E9050146F810AF002332464FF448
:1067980021513348FFF768FAD4E90312CD466369FB
:1067A800AD463048C5E90723C5E90501C5F810A07D
:1067B800002332464FF421512948FFF755FACD46B8
:1067C800E3690121284A26480DF09BFC264600254E
:1067D8004FF00A0ADFF8A0B0E946D6E908E0D6E9A2
:1067E8000A138EB06A46C2F81CE005F1010EC2E930
:1067F80008E0A81CC2E90A01E91CC2E905B5C2E91A
:106808000C1342F810AF002345F240011448043538
:10681800FFF72AFA102DCD4606F11006DCD1236EBB
:106828000121124A0E480DF06CFCA3690121104A9F
:106838000B480DF066FCB8F1010F07D1EFF30583A3
:106848000C4A41460648103B0DF05BFC2146404689
:1068580005F02EF9BD46BDE8F88F00BF442A0200B6
:1068680008840100732A0200A22A0200F42A020006
:10687800032B0200312B0200B12A020030BFFFF7C0
:10688800FDBF00BF054B9A699B689A421FBF044A27
:10689800536843F080535360704700BF146A002068
:1068A80000ED00E070B5344C06460D4633483449D7
:1068B8000DF0ACFDA36AD9064DD5304831490DF02D
:1068C800A5FD1120A36A1A0704D52C482E490DF0FE
:1068D8009DFD1220284CA36A9B0712D52B492748F7
:1068E8000DF094FD636BA26A110609D50121284AAF
:1068F80022480DF006FC1EB1A36A23F08003A362B0
:1069080013201D4CA36ADA0704D51C4821490DF051
:106918007DFD1420A36A9B0604D518481E490DF076
:1069280075FD1520144B9A6AD60602D49A6A940704
:1069380013D59B6AD90610D5184940F22D13184A69
:1069480018480DF0BDF918480DF0BAF940F22D11AC
:1069580013480DF0ACF91020B4E7074B9A6A920679
:1069680042BF5A6A22F400525A629A6A42F0FF02FF
:106978009A6200232B7070BD00ED00E008840100CE
:10698800442B02005A2B02008D2B0200A02B020080
:10699800B82B0200CE2B0200ED2B02004E2C020079
:1069A8001C2C0200B21B0200982C020010B5244CCB
:1069B800244925480DF02AFDA36A99013ED52248AD
:1069C80022490DF023FD1E20A36ADA0104D51E48D2
:1069D8001F490DF01BFD1F20194CA36ADB0204D5CB
:1069E80019481C490DF012FD0220A36A1C0304D5A6
:1069F800154819490DF00AFD2120114CA36A5903C5
:106A080004D5114815490DF001FD2220A36A9A0307
:106A180004D50D4812490DF0F9FC2320084CA36A4F
:106A2800DB0304D508480F490DF0F0FC2420A36AC5
:106A38006FEA03436FEA1343A36210BD1D20C3E747
:106A480000ED00E0FC2C020008840100142D020077
:106A5800272D0200412D02006B2D0200892D020016
:106A6800AE2D0200C82D020070B5294C06460D4611
:106A7800284829490DF0CAFCA36AD9043CD5254801
:106A880026490DF0C3FC1720A36A1A0504D521482E
:106A980023490DF0BBFC18201D4CA36A9B0512D599
:106AA8001C4820490DF0B2FCA36BA26A100409D55A
:106AB80001211D4A17480DF024FB1EB1A36A23F4D7
:106AC8000043A3621920124CA36A590504D5114842
:106AD80016490DF09BFC1A20A36ADA050ED50D485D
:106AE80013490DF093FC1B20094A936A43F47F4332
:106AF800936200232B7070BD1620C5E7A36A9B0420
:106B0800F2D504480B490DF081FC1C20ECE700BFCE
:106B180000ED00E008840100F32D0200092E0200B8
:106B28008D2B02001A2E0200332E0200482E02007E
:106B3800632E0200ED2B0200F0B59DB0754B0546A3
:106B48005868002600AFC0F3080386F31188BFF326
:106B58006F8F02F07F44B4F17F4F07D102F00C042D
:106B6800082C12D16C496D480DF050FC6C4940F26C
:106B780014436C4A6C480DF0A3F86C480DF0A0F86B
:106B880040F2144167480DF092F814074CBF0D46C7
:106B98000126002DEAD00022FA71DA1E092A00F235
:106BA8009780DFE802F0058D9070959595959593FF
:106BB8005F495A480DF02AFC0023564CFB71E36AE2
:106BC8009A0705D55B4955480DF020FC002429E0BB
:106BD800E36A002B01DA5849F5E7E36A5B0062D5FE
:106BE80056494E480DF012FC6369AA6943F4807354
:106BF8006361BFF34F8FBFF36F8F636932F8022C65
:106C080023F480736361BFF34F8FBFF36F8F4DF62B
:106C180002739A4221D12B680121494A3F480DF05D
:106C280070FA2C68FB79ABB96822294607F108008D
:106C38000FF06EFF7B6A002E66D0C3F3080222B9FC
:106C48006FEA53236FEA43237B62204607F108016A
:106C5800FFF784FD7437BD46F0BDA36ADBB22BB1E4
:106C68000120F91DFFF71EFE0446DBE7A36A13F4B3
:106C78007F4F04D00120F91DFFF7F6FEF4E7A36A61
:106C8800B3F5803F02D3FFF791FEEDE72D4940F2BF
:106C9800ED23244A24480DF013F82B480DF010F882
:106CA80040F2ED216EE727494FF43C731D4A1E4818
:106CB8000DF006F825480DF003F84FF43C7161E734
:106CC8000020F91DCEE70020F91DD5E720497AE715
:106CD800204A6C4610F4F87F8AB01F4918BF114645
:106CE8006A46103BD3614FF400731C4813841C4B55
:106CF800C2E9050142F8103F00234FF4115107483B
:106D0800FEF7B2FFA54661E723F4FF7323F0010302
:106D18009AE700BF00ED00E0A92E020008840100F8
:106D2800D42E02001C2C0200B21B0200E72E020027
:106D3800252F02003C2F02005D2F02006B2F02005E
:106D48008A2F020042410200A62F0200CA2F020029
:106D5800FA2F0200902E02007B2E02001E30020045
:106D680004000001064B5A6942F010025A615A6940
:106D780042F480625A615A6922F008025A617047E7
:106D880000ED00E0EFF30880EFF3098101B57246EA
:106D9800FFF7D2FE01BD00BF002080F31488BFF3C7
:106DA8006F8F002080F30A8880F30B88104880F3E7
:106DB800088800200F49087003F07EF800200E496B
:106DC8000860BFF34F8F00F02DF8202080F3118862
:106DD8000A484FF40061401880F30988EFF31480E3
:106DE8000221084380F31488BFF36F8F00F024F961
:106DF80068970020A875002094ED00E0287E002008
:106E0800002318460649D1F89020C2F3072293427E
:106E180000DB7047C1F89830C1F8A0000133F6E7ED
:106E280000ED00E010B572B6002484F31388FFF774
:106E3800E7FF23464FF0FF300C4A03F120010133EE
:106E4800102B42F82100F8D100234FF0FF30074AF9
:106E580003F160010133102B42F82100F8D162B62A
:106E6800BFF34F8FBFF36F8F10BD00BF00E100E08D
:106E7800084B9B6883420BD1EFF3058343B1064B64
:106E88005A6842F080525A605A6A22F400425A62A2
:106E980007F0F2B8146A002000ED00E023498A6880
:106EA80082F801E14FF030001044EFF3098C80E8DC
:106EB800F01F1EF0100F03D102F1C00080EC108A01
:106EC800202080F31288BFF36F8F194F4FF00066B0
:106ED8008A698A603E6092F901E1D2F8B80000231D
:106EE800C2F8B83080F311881EF0100F03D00023C9
:106EF800E1EE103A03E002F1C00090EC108AEFF3E3
:106F0800148323F0040383F31488BFF36F8F02F113
:106F1800300090E8F01F8CF3098802F1000004B5F6
:106F28000DF07CFABDE8044070470000146A0020A8
:106F380004ED00E01EF0040F0CBFEFF30880EFF340
:106F48000980816911F8021C0229FFD001B5724637
:106F58000DF051FA01BD00BF00B2002807DB012384
:106F68004109034A00F01F00834042F8213070476E
:106F780000E100E000B200280CDB012206494309C9
:106F880000F01F008240203341F82320BFF34F8FC9
:106F9800BFF36F8F704700BF00E100E0054B420967
:106FA80053F82220012300F01F0003FA00F01040DC
:106FB800704700BF00E100E038B54B1C072B0446C2
:106FC8000D460FD96B23104A104911480CF078FE72
:106FD80029461048072322460CF072FE6B210A4806
:106FE8000CF065FE00B20028ACBF00F160400A4A10
:106FF8004FEA4313DBB2ABBF00F5614000F00F006E
:1070080080F80033135438BD313002006830020074
:10701800B21B02008330020014ED00E0044B054A65
:1070280023F07F039360BFF34F8FBFF36F8F7047D9
:107038000000000000ED00E008B5FFF7EFFF104B7F
:10704800D3F8882022F47002C3F88820D3F8882067
:1070580042F4A002C3F888204FF04042C3F834221B
:10706800BFF34F8FBFF36F8F0023E1EE103AFFF7A6
:107078004DFBFFF757FB00F077F804F079FE00BFEF
:1070880000ED00E04FF47D41C0F8001142F8203CCB
:10709800009B0B4942F81C3C019B21F0010142F87E
:1070A800183C029B42F8081C42F8143C4FF08073CD
:1070B80042F8043C0023203A0265C0F8B830704713
:1070C80095480000104B9B6883421AD1EFF3058066
:1070D800B8B9EFF31181202282F31288BFF36F8FC2
:1070E8001A7B22F002021A73EFF3148323F00403CD
:1070F80083F31488BFF36F8F81F31188BFF36F8F09
:1071080070476FF015007047146A00200E46154648
:10711800002300B5E1EE103AEFF3148323F00403E3
:1071280083F31488BFF36F8FBFF36F8F0A4B986098
:10713800D0F8A83083F30B882C4686F30988002002
:10714800034B98472046002100220023014C20478A
:107158003344010095480000146A00201022014BB6
:107168001A61704700ED00E0002320210448C2188E
:107178000133B3F5917F82F80013F8D1704700BF4F
:1071880000E100E008B5EFF30583064A103B02EB87
:10719800C30152F8330049688847BDE80840FFF743
:1071A80071BB00BF287A01001FB5094C094A234664
:1071B8000121094800F012F900230393074B01212C
:1071C800E41A01A80193029400F02CF904B010BD50
:1071D80000FC07200000002024110200A005002068
:1071E80010B50C7A0B6804F01F0223F01F031A4332
:1071F800CB68640923F01F03054943EA440343F0BD
:107208000103C1F89800C1F89C20C1F8A03010BD56
:1072180000ED00E010B50A4BD3F89030C3F3072314
:10722800013B984208D901210346064A06480CF05A
:1072380068FF6FF0150010BDFFF7D2FFFBE700BF36
:1072480000ED00E0C7300200008401002DE9F04F96
:107258008946144606464FF00008514D85B0C8458A
:1072680027DAD6F804A0BAF1000F44D0BAF11F0FFC
:1072780017D91AF01F0F14D1D6F800B01BF01F0F42
:107288000FD158460DF0F4F807460AEB0B00013809
:107298000DF0EEF8874210D06FF01507414A3B46D3
:1072A80001E04346404A012140480CF02AFF6FF0B4
:1072B8001504204605B0BDE8F08F17F1160FEDD084
:1072C800BC42EBDDC5F89870D5F89C10C5F89870ED
:1072D800D5F8A03021F01F0143F01F0BD6E900328A
:1072E8001A44994202F1FF3A1DD1D34507D13146DC
:1072F800F8B20DF0C6F808F101080C36AFE73146D0
:10730800C5F89870D5F89C3022F01F0203F01F03CF
:107318001343C5F89C30E0B20DF0B3F810F1160F26
:10732800C5D0441CE7E7C5F89870D5F8A020013B04
:1073380023F01F0302F01F021343D3453146E0B286
:10734800C5F8A030E8D00DF09CF810F1160FAED0BB
:10735800C5F89870D5F89C209DF808300BF1FF3BD4
:1073680062F304038DF80830D5F8A0309DF80820A2
:107378005B0863F347128DF80820D6E900321344FE
:10738800009323F01F035B44A3EB0A03013023F0AF
:107398001F036946C0B20393FFF73CFFBEE700BF77
:1073A80000ED00E010310200ED3002000084010021
:1073B8000522044BC3F89420BFF34F8FBFF36F8FA0
:1073C800704700BF00ED00E0BFF35F8F0022024B63
:1073D800C3F89420704700BF00ED00E038B50C4DAD
:1073E8000C462A78FFF732FF287016300FD14FF479
:1073F800C473084A084909480CF062FC2146084849
:107408000CF05EFC4FF4C47102480CF050FC38BD1F
:10741800967500203331020042410200B21B02007F
:10742800623102002DE9F74F314E894605464FF08B
:107438000008B3462F4FC84502DB03B0BDE8F08F04
:10744800D5F804A0BAF1000F4CD02968084601917C
:107458000DF00EF8019904460AEB010001380DF011
:1074680007F884424FF01402234B15D002FB08F3AF
:107478006FF015024BF803204FF4CC731F4A2049D4
:1074880020480CF01DFC49461F480CF019FC4FF42D
:10749800CC711A480CF00BFC14F1160F3460EBD0C9
:1074A8001978A142E8DD02FB08B0C7F89840C7F890
:1074B8009840D7F89C4000F10801007B64F3040071
:1074C8000871D7F8A0000C79400860F347140C71D4
:1074D800D7F89C1021F01F017160D7F8A01021F097
:1074E8001F01316108F1010814360C35A3E700BF0C
:1074F8005C67002000ED00E0967500203331020043
:1075080042410200B21B02008E3102002DE9F04117
:10751800694C6A4ED4F890303568C3F307239D420E
:1075280086B013D940F20123654A664966480CF0D3
:10753800C7FBD4F8902029466448C2F307220CF010
:10754800BFFB40F201215E480CF0B1FB0020FFF7C1
:107558003BFF5F4BC4F8C03085421BD15D4C01A88E
:107568002570FEF7E3FE002506464FF006085A4F41
:10757800AE4216D1002023784F49D1F89020C2F3AB
:1075880007229342C0F292800020FFF711FF06B055
:10759800BDE8F081716801EB0011FFF721FE0130B1
:1075A800DAE7019A290102EB0513D3F80CC00CEABB
:1075B8000700B0F5800F47D007D8B0F5801F17D067
:1075C800B0F5001F23D00135D2E7B0F1006F5CD0D1
:1075D800B0F1805FF7D158689B685258013B20F0A2
:1075E8001F010B44CDE9020223F01F0301220BE027
:1075F800586852589B68CDE902022122013B20F0CD
:107608001F010B4423F01F038DF8102029E0586850
:1076180052589B68CDE902024122013B20F01F012C
:107628000B4423F01F031CF0010F8DF81020059365
:1076380018D02A498323224A23480CF041FB2848C2
:107648000CF03EFB83217EE7586852589B6820F077
:107658001F01013BCDE902020B4423F01F038DF803
:1076680010800593207802A9FFF7D4FD002819DAC5
:10767800144940F22B23124A13480CF021FB1948F5
:107688000CF01EFB40F22B215DE758689B685258AE
:10769800013B20F01F010B44CDE9020223F01F0338
:1076A8006122B1E72378013323708CE7C1F8983061
:1076B800C1F8A000013360E700ED00E030110200DE
:1076C8003331020042410200B21B0200BD31020008
:1076D800AAFF4400967500200000F0FFF131020077
:1076E800173202004632020008B50A4A0A4B9B1AB2
:1076F800B3F5006F0CD209499223094A09480CF0E6
:10770800DFFA09480CF0DCFA922105480CF0CFFAB0
:10771800002008BD68A5002000FC0720AF32020049
:107728007F320200B21B0200F7320200014B1860E0
:10773800704700BFA0010020F8B506460D4600249A
:10774800064FAC4208DA3B6898470A28305504F1DE
:10775800010401D00D28F4D12046F8BD9C01002079
:10776800F8B50D46094F461EC0F10104A3199D4204
:1077780001DC2846F8BD73780A2B02D10D203B683E
:1077880098473B6816F8010F9847EFE7A0010020DB
:1077980010B5064C06492368C2180648091A8A42D9
:1077A80036BF22604FF0FF30C01810BD7067002050
:1077B80000FC072068A5002010B5044658B91149F7
:1077C80040F29713104A11480CF07AFA40F29711D8
:1077D8000D480CF06CFA142009F0AEFC206060B97A
:1077E8000B4940F29F13084A08480CF069FA094807
:1077F8000CF066FA40F29F11EAE7BDE810400DF080
:107808009EBC00BF7F3302007F320200B21B020021
:107818007E330200BA33020010B558B909490A4844
:1078280040F2C713094A0CF04BFA40F2C711074857
:107838000CF03DFA4FF0FF32BDE810404FF0FF3337
:1078480004F09CBE7F330200B21B02007F320200AC
:1078580008B558B90749084840F2E313074A0CF03D
:107868002FFA40F2E31105480CF021FABDE8084070
:1078780004F054BF7F330200B21B02007F320200C3
:1078880008B505480CF0B3F9002383F31188BFF35A
:107898006F8F0423184602DFDD33020008B5234A40
:1078A800234B1A6000F028FA4FF47A612148D0F887
:1078B8002436C3F30802C3F309434B4382F48072AE
:1078C8001D49883201FB02334FF4FA215B00B3FBF8
:1078D800F1F201FB12331949B3F57A3F28BF01329F
:1078E800C1F80429D0F820364FF47A60C3F30802AF
:1078F800C3F30943434342F21C5082F4807202F2FC
:10790800172200FB02334FF47A701B0AB3FBF0F224
:1079180000FB1233B3F5FA7F4FF0010328BF0132A1
:10792800C1F81C27C1F80036002008BD0020A107B7
:107938002803002000C0FF00F82A00800000125031
:1079480048B1054B054A1B68B3FBF2F35843044B97
:1079580043F00103184770472803002040420F00F6
:107968006087010010B502F039FC214C206002F05C
:1079780031FC606002F036FC4FF6FF71A060002019
:1079880002F034FC6FF07F41012002F02FFC4FF62B
:10799800FF71022002F02AFC0F21032002F026FCCE
:1079A80040F6FF71042002F021FC4FF6FF7105201C
:1079B80002F01CFCFF21062002F018FC0F21072012
:1079C80002F014FC0321002002F02CFC3F210120CE
:1079D80002F028FC3F21022002F024FC0321084683
:1079E80002F020FC204602F0DDFA002010BD00BFA6
:1079F800746700207FB502F09FF900284FF001035B
:107A0800184C0DDB2268834013432360012215467E
:107A18002468154E64B9039802F096FB204619E0D5
:107A280002210093114A002311480CF074FBEDE782
:107A380094FAA4F3B3FA83F30E4805FA03F19B0012
:107A480024EA010418443AB1314603AA0DF0D0F9EA
:107A5800002804DA04B070BD03990DF0B7F90022CC
:107A6800D8E700BF8467002000E00450EA33020032
:107A78001084010000210E502DE9F041044688468B
:107A880015461F46EFF31186202383F31288BFF3B0
:107A98006F8F414806F0C8FD60B988233F4A4049C6
:107AA80040480CF00DF93C493F480CF009F9882191
:107AB8003A4823E0384806F0DBFD3C4A13680FB922
:107AC8000E2C4CD9002B4BD093FAA3F50121B5FA13
:107AD80085F5A94023EA01031360002F38D00F3C35
:107AE80048F1FF310B2D0BDD31494FF4A063314ACA
:107AF8002C480CF0E5F84FF4A0612E480CF0D7F8AC
:107B0800B1F5801F09D32C4940F20253294A254870
:107B18000CF0D6F840F20251EFE72B0103F1A04335
:107B280003F56223C3F82045C3F824151A4806F064
:107B380089FD48BB4FF49A73184A204919480CF03C
:107B4800BFF815491E480CF0BBF84FF49A71AFE71F
:107B58003A46A4F10F01E8B203F044FEE6E703B9A0
:107B68007DB118490A6842B91748D0F8183523F08A
:107B7800030343F00103C0F81835013220250A60D9
:107B8800D4E76FF05705D1E786F31188BFF36F8FFD
:107B98002846BDE8F08100BF80670020C2240200AB
:107BA800EF240200B21B02000425020084670020B3
:107BB8005334020020340200673402001A25020000
:107BC800312502008867002000E00450002810B525
:107BD80008DA3A49D0233A4A3A480CF071F8D021E9
:107BE80037480FE0202823D0B1B1C3B20B2B0BD9F3
:107BF8003549344840F24473344A0CF061F840F295
:107C0800447132480CF053F800221B0103F1A043E1
:107C180003F56223C3F82C2501232D4A8340D2E8BB
:107C2800EF0F1843C2E8E10F0029F8D1002010BD7A
:107C3800EFF3118480F31288BFF36F8F254806F0A5
:107C4800F3FC60B98823244A24491E480CF038F80C
:107C5800204923480CF034F888211F48D2E71D48F2
:107C680006F006FD1F4A13683BB91F49DF23144A73
:107C780014480CF025F8DF21B2E7013B136033B953
:107C88001A4AD2F8183523F00303C2F818351148F8
:107C980006F0D8FC68B94FF49A730F4A144909489A
:107CA8000CF00EF80B4913480CF00AF84FF49A71CF
:107CB800D3E784F31188BFF36F8FB7E7B9340200B5
:107CC80084340200B21B0200533402002034020044
:107CD8008467002080670020C2240200EF2402008D
:107CE8000425020088670020C534020000E0045023
:107CF8001A250200312502000122024BC3F8042490
:107D0800704700BF002008E037B540230C460A49F9
:107D18000093411A491105462346084A08480CF0C1
:107D2800F2FB011E05DA2846234603B0BDE83040C1
:107D3800184703B030BD00BFA06700207745010099
:107D48008079010010B5EFF31184202383F31288A2
:107D5800BFF36F8F074A136823F00201DB07116036
:107D680002D4012002F00EFB84F31188BFF36F8F59
:107D780010BD00BF24680020C9B2022908B509D97E
:107D8800084909487E23094A0BF09AFF7E210748D3
:107D98000BF08DFF0C22036901FB0233986E00F093
:107DA800070008BD1F350200B21B0200E2340200C2
:107DB80070B5C9B2022903690BD9184918484FF49C
:107DC800E873184A0BF07CFF4FF4E87115480BF084
:107DD8006EFFEFF31185202484F31288BFF36F8FB1
:107DE8000C2606FB0134A46E14F0C00408D0A2428D
:107DF80006D085F31188BFF36F8F4FF0FF3070BD49
:107E0800012271430B449A6685F31188BFF36F8F83
:107E180043680B445B6898470020F0E71F35020071
:107E2800B21B0200E234020070B50D460649044652
:107E3800411A491140220548FFF7BAFF2B4601466F
:107E48002046BDE870401847A067002080790100EF
:107E58002DE9F0470022012107464FF48770FFF70C
:107E6800ABF8124802F006FA0446D0B902F02CFA30
:107E780025464FF00C0A4FF00108DFF834903E69B0
:107E8800494606EB45100CF06EF8031E0CDB0AFBA6
:107E980005660135032DC6F86880F0D12046BDE897
:107EA800F0876FF00404F9E71C46F7E73D7F000010
:107EB800581102001FB500220123CDE902236B46A9
:107EC800084ACDF800D0CDF804D00CF049FB0028C2
:107ED80005DB43F609520023684604F08DFD05B022
:107EE8005DF804FB8F4501000C22104B014602FB94
:107EF8000033002030B4D3E918521866EFF311802C
:107F0800202484F31288BFF36F8F9C6E04F0C004A2
:107F180044F002049C6680F31188BFF36F8F1DB193
:107F28002B4630BC0248184730BC7047A067002079
:107F38008079010008B507281ED8DFE800F0272758
:107F48000F110427270D124B986E10F007001DD152
:107F5800BDE80840FFF7C8BF0220F9E70120F7E7AE
:107F68000C4940F2FA230C4A0C480BF0A9FE40F2E7
:107F7800FA2109480BF09BFE06494FF44173064A63
:107F880006480BF09DFE4FF44171F2E708BD00BFB3
:107F9800A067002042410200E2340200B21B020046
:107FA80010B4EFF31182202383F31288BFF36F8F8D
:107FB8001748016841F002040460C80708D482F336
:107FC8001188BFF36F8F01205DF8044B02F0A4B94C
:107FD8001049D1F80C14C903F1D5EFF3118083F3DC
:107FE8001288BFF36F8F0C498B6E03F0C00343F008
:107FF80002038B6680F31188BFF36F8F82F31188B9
:10800800BFF36F8F00205DF8044BFFF76DBF00BF13
:108018002468002000E01050A0670020024BC0B286
:1080280003EB4010704700BFA06700202DE9F04126
:10803800012206464149D1E8EF3FC1E8E02F002878
:10804800F9D1A3B93E493F484B60CB608A60FDF740
:1080580055F900280BDA3C4940F2A3233B4A3C4837
:108068000BF02EFE40F2A32138480BF020FE5EB341
:10807800731E012B57D8012E06D1364BD3F8503436
:1080880003F00303012B1FD00DF08FF80546E8B964
:10809800314B1B78D3B1042207462E4BC3F8082373
:1080A8002C4CDFF8BC80D4F84C24D4F84C34D203E0
:1080B80015D503F00303012B01D0012E0FD16DB3A9
:1080C80087F31188BFF36F8FBDE8F081EFF3118755
:1080D800202383F31288BFF36F8F0125E0E7C5B132
:1080E80038460CF0B6F9D4F8403413F0FF03DAD16F
:1080F800D4F80821002AD6D0C4F80831D4F80831B9
:108108004FF480420123C4F84034C8F8A021236109
:10811800C9E70021202005F015FFE4E704220D4BF4
:10812800C3F80423D0E70D4940F2B523074A0848AD
:108138000BF0C6FD40F2B52196E700BF9C67002012
:108148008C670020C067002053280200E234020038
:10815800B21B020000E01050A87500204241020046
:1081680000E100E008B507480CF09DFF38B106486B
:10817800FFF7DCFA0448FCF76DFB002008BD6FF040
:108188001200FBE7F0790100958100000A2838B554
:108198000446074D04D1AB680D212846DB69984792
:1081A800AB680348DB69E1B29847204638BD00BF99
:1081B800F079010010B5036961B920494F23204ABD
:1081C80020480BF07DFD20480BF07AFD4F211C481C
:1081D8000BF06DFD486850B91C495023184A1948DE
:1081E8000BF06EFD1A480BF06BFD5021EFE7586855
:1081F800F8B1884219D19C680868A142586000D13A
:108208009860002008602AB15A680A609A68596024
:1082180002B99960002010E0814206D10868206008
:1082280098688142EDD19C60EBE70446006800281D
:10823800F2D1002AE8D16FF0150010BDAF35020069
:1082480073350200B21B0200B8350200C7350200C0
:10825800D935020008B503687F2B4FEA531107D8B8
:108268000C4A03F01F0332F91120DA40D2070BD46D
:1082780009490A484FF47473094A0BF021FD4FF479
:10828800747107480BF013FD0360064B53F8210087
:1082980008BD00BF301B020023360200B21B0200DB
:1082A800F03502008811020070B5446801F01F051E
:1082B800207C86B045EA4015A06800286DD0B2F54C
:1082C800001F04D1294602F0E5FE002049E00026FF
:1082D800B2F5800F01A80196466031D1B3F1007F55
:1082E80014BF052304238DF804300023CDE90403CB
:1082F8000393E368CB40D90735D4B2F1A07F32D1DC
:1083080068460095FFF7A6FF009B203350F82330FE
:10831800DB0728D46A462946A06802F03FFD1630DC
:1083280019D0CDF808D02946A06803AA02F0CCFBE2
:10833800002816DB01222946A06802F029FEC4E7BE
:10834800B3F1C06F05D0B3F1007F14BF012302233E
:10835800C9E70323C7E76946A06802F0F5FD0028CE
:10836800DFDA06B070BD6A462946A06802F016FD3D
:108378000028D8D19DF80010A06802F0C5FD00289B
:10838800D1D0074907484FF4F373074A0BF098FC1C
:108398004FF4F37104480BF08AFC6FF08500E0E7B6
:1083A800B9240200B21B0200463602002DE9F04350
:1083B800466840F20635337CD00601F01F0747EACD
:1083C800431748BF032302EA050558BFC2F3401309
:1083D80087B0B5F5837F14468DF8033044D00DD8A7
:1083E800062D43D005D8A5B1022D12D06FF0150087
:1083F80037E0B5F5807FF9D101250AE040F2022285
:10840800954235D0B5F5407F34D0B5F5007FEDD134
:1084180004250123220303FA01F12DD5736859605D
:10842800B06870BB03A80397FFF714FF039B00EB2A
:10843800830084F48033C3F30043C4F34044D0F88A
:10844800802044EA43049DF8033022F4706244EA31
:10845800830422F00F0244EA05231343C0F8803056
:10846800002007B0BDE8F0830925D2E70825D0E74A
:108478000625CEE70525CCE7630344BF73689960FA
:10848800CEE739460DF1020202F088FC14F4403FB1
:10849800804617D13946B06802F01EFDB8F1000FCA
:1084A800DED19DF80210B06802F02EFD0028D7D06A
:1084B8001E491F48F5231F4A0BF002FCF5211D48F1
:1084C8000BF0F5FB4FF0000901ABCDE90199CDE9BF
:1084D8000439CDF80C903946B06803AA02F0F4FAD2
:1084E8004845BDDB14F4003314D09DF8033084F400
:1084F8008034C4F300448DF80E308DF80C508DF89C
:108508000D404B463946B06803AA02F0A5FB002887
:10851800C4DAA5E7CDE904330DF103030393394623
:10852800B06803AA02F0D0FAF1E700BFB92402004C
:10853800B21B0200463602004209022A034670B501
:1085480003D0012A1FD002B370BD154E326951689D
:108558000029F9D0012503F01F030C689D4000296C
:10856800F2D08A682A4014D04B6883B90D49742325
:108578000D4A0E480BF0A4FB0D480BF0A1FB74212B
:1085880009480BF094FB0B4EE0E70B4EDEE7304654
:1085980098471CB1236821461C46E0E72346FAE7C2
:1085A800D47901007236020073350200B21B020052
:1085B800D9350200B87901009C79010038B54568C1
:1085C800A868C0B102F06EFC0146A0B9A86802F024
:1085D80019FC044688B902460949A86802F0C6FB96
:1085E80022460121DB20FEF7E7FC2246012140F26A
:1085F8000D10FEF7E1FC002038BD6FF00400FBE72A
:108608004185000010B500220C460023406F0C3154
:1086180003F05EFC021E05DA044805490CF01AF85E
:10862800002010BDE36801202360FAE720840100E0
:10863800A0360200F8B590F8D1300546012B0C465B
:10864800D0F8C46014D0FFF7DDFF58B904234222E4
:1086580085F8D030B368C3F8082301225A60002790
:108668003846F8BD95F8D13013B9AB6F9B08238213
:108678006368D5F8C420C5F8C830A368C5F8CC30FD
:108688009368166922686AB962685AB91449154824
:1086980040F28113144A0BF013FB40F28111124887
:1086A8000BF005FB3279C2F30017D206D7D5228A20
:1086B80006F108059200C3F84827228A9200C3F8F9
:1086C80008272268C3F804276268C3F844270FCC38
:1086D8000FC523682B6033796FF304133371BFE739
:1086E800F3360200B21B0200C6360200F7B5044694
:1086F80000220121E820FEF75FFC01232569666856
:1087080085F8D03077680021384601AA0CF072F855
:10871800002828DB019B3A681979186800F0B0FD39
:10872800002820DB04230C2210491148C5F8C46036
:108738000CF0E6FC04230C220E490F480CF0E0FC78
:1087480002202469FFF76AFC206058B90B490C48DD
:1087580040F282430B4A0BF0B3FA40F282410948D7
:108768000BF0A5FA002003B0F0BD00BF546900204B
:108778008C68002024690020E46800204237020049
:10878800B21B0200C636020013460022F0B5056986
:1087980089B0029295F8D5200C46D207CDE900138E
:1087A80004D4314931480BF05AFF08E095F8D0203D
:1087B800511E012906D92E492C480BF04BFF6FF0AA
:1087C80004002CE02A6A9A4201D22A49F4E713F0FD
:1087D800030101D1082B02D808222749ECE70294AB
:1087E8006C6A05F14006631C1BD047F6122740F25D
:1087F800E73024EAE4744FF47A720023C4FB0701DB
:10880800F8F742FB02460B46694630460CF088FCF6
:10881800002804DB95F8D030022B06D0002009B0E0
:10882800F0BD4FF0FF321346EEE795F8D430002B39
:10883800F4D00021142203A80EF091F9284603A9C8
:108848000BF0F3FE20B90D4908480BF008FFE5E7E7
:108858000023284685F8D43003A9FFF7EBFE00284B
:10886800DCD107499EE700BF63370200208401007E
:108878007C37020096370200C73702000B38020027
:108888002A380200F0B5044687B01422002101A856
:108898000EF065F994F8D1300BBB204601A9FFF71B
:1088A800B1FE002845D120460BF0B3FE94F8D53030
:1088B8005B0702D52068FCF7B9FD029B1BB1039941
:1088C800E06903F091FB019B1BB10499606F03F011
:1088D8008BFB04236FF00B0084F8D03076E0204641
:1088E80001A90BF0A2FE20B939493A480BF0B7FEAE
:1088F800D9E794F8D130012BCFD1039A029BC4F861
:10890800CC20DDF804C0D4F8C420C4F8C83094687A
:108918001669BCF1000F15D1A3B92F492F4840F2B1
:1089280051132F4A0BF0CCF940F251112C480BF09F
:10893800BEF994F8D130002BDFD1A36F9B08ADF8B6
:108948001430DAE7BCF1000218BF0122337906F1CE
:10895800080762F300033371029B01AD1A1E18BFAA
:108968000122337923F03E0343EA420333710FCDEA
:108978000FC7002001212B68029D3B60C6E9070054
:10898800C4F80015C4F80401D4F804318542C4F8C9
:108998001801D4F8183107BF0A46022342230246B9
:1089A800844504BF4023022243F00C03C4F8043377
:1089B800BDF814309B00C4F84837C4F84457C4F8CD
:1089C8000837C4F804C7C4F80825216007B0F0BD0B
:1089D8003F3802002084010056380200B21B020012
:1089E800C63602000023F0B589B00F460446CDE92B
:1089F8000033029301F0020280B9764D95F8D03029
:108A080022BB744B93F8D020032A6AD14222724BBE
:108A1800C3F8082301225A6009B0F0BD038A9B00FD
:108A28000193002A3FD06B4D95F8D020D5F8C83077
:108A3800032A04BF012285F8D020EBB928460BF0A1
:108A4800E8FD95F8D5305A072DD50FE0032B04BF64
:108A5800012385F8D030D5F8C830002B33D15D48D4
:108A68000BF0D7FD95F8D5305907CAD5594B18687A
:108A7800FCF7DCFCBCB9C4E742689A4206D0D5F8DA
:108A8800CC10E8690293009103F0AEFA0023514834
:108A9800C5F8C8300BF0BDFD95F8D5305E0702D596
:108AA8002868FCF7C3FC2568FDB9636853B3494AD5
:108AB800A168D2F8C8000091984202936AD10123B4
:108AC80082F8D330A2E700234248C5F8C8300BF03B
:108AD800A0FD95F8D530580793D52868FCF7A6FC73
:108AE8008FE7042283F8D02090E73A4EE168029598
:108AF80096F8D350009115B3706F03F075FA636858
:108B0800002B45D1FB0787D5324C1422002103A83E
:108B18000EF025F894F8D13063B194F8D230002BD8
:108B28003FD0D4F8C8300493D4F8CC30059301234F
:108B3800ADF81C3003A92748FFF77CFD6CE700223D
:108B48000023694606F198000CF0EAFA002810DACA
:108B5800224923480BF083FD04230099706F86F89F
:108B6800D03003F041FA6368002B3FF44FAF012582
:108B78009DE796F8D130002B97D196F8D250002D6A
:108B880093D0012386F8D3306368002B8FD13DE75B
:108B980000258CE7D06903F027FA002D7FF436AF63
:108BA800B0E7204603A90BF040FD0028C2D194F895
:108BB800D030032B4FF0010308D1D4F8C82084F833
:108BC800D2300492D4F8CC200592B1E784F8D4309E
:108BD80022E700BF4C68002000800E50B538020024
:108BE800208401002DE9F04F04698B4694F8D0A049
:108BF8001546BAF1010FD0F804808DB009D052465D
:108C0800A749A8480BF026FD6FF015000DB0BDE888
:108C1800F08F5368029343BB20460BF0C3FD0BF162
:108C2800FF33012B1DD894F8D530029A029962F3CC
:108C3800000384F8D5302C2204F114000DF08FFFC6
:108C4800BBF1020F0BD194F8D5302C226FF34103FE
:108C5800002184F8D53004F16C000DF080FF00206D
:108C6800D4E7BBF1000FEED0F9E793680BB1D368F6
:108C78005BB98D498D4840F2E1138D4A0BF020F81D
:108C880040F2E1118A480BF012F813F0030701D102
:108C9800082B02D808228749B3E71678182E0BD07C
:108CA80006D8082E0BD0102E26D032468249A8E7C7
:108CB800202EFAD1032300E00223019300E001975C
:108CC800AA7802F00703042B18D87C487C49C05CBA
:108CD800C95C05907B48C05C06907B48C05C0790E7
:108CE8007A48C05C08907A48C35C039312F0380352
:108CF800049305D0774984E70123DEE7764980E7C6
:108D080095F80190B9F1010F02D1039B012B04D012
:108D1800494504D24A46714973E7039B0493049A70
:108D280009F1FF331344DBB20B930123EA7803FA0A
:108D380009F3013B0A9302F00603062B03D00BB19B
:108D480067495EE79A4698F81D30012BD8F8083035
:108D580018BFD8F81820D3F8703508BF614A002B1F
:108D68000ADBD8F814703FB102EB57023805390B0B
:108D78000023F8F789F80703BAF1000F14D1029914
:108D8800049B71434B44594398F81C300805012B48
:108D980014BFD8F81820534A002302EB5102090BDC
:108DA800F8F772F803030993B8F81C3094F8D52043
:108DB800003B18BF012363F3820284F8D52095F99C
:108DC8000330EA78002B01DB530601D5464918E742
:108DD8000BF1FF33012B30D9BBF1000F7FF43FAF0C
:108DE8000FCD04F16C060FC62B683360059B84F821
:108DF80080A084F88130019BC4F88C7084F882309C
:108E08009DF82830C4F884300B9B84F88830069B82
:108E180084F88930099BC4F89030079B84F8943013
:108E2800089B84F89530039B84F8963094F8D530E5
:108E380043F0020384F8D53011E7AC4604F1140678
:108E4800BCE80F000FC6DCF80030BBF1020F33603E
:108E5800059B84F828A084F82930019B676384F86F
:108E68002A300A9B4FEA034303F47F03E3620B9B18
:108E780084F83030069B84F83130099BA363079B44
:108E880084F83C30089B84F83D30039B84F83E30DE
:108E980094F8D53043F0010384F8D530A0D0DEE64D
:108EA800C938020020840100E7380200B21B020022
:108EB800C6360200243902006B390200043B020066
:108EC800093B0200FF3A0200FA3A0200F53A0200B2
:108ED800F03A0200A539020085390200C7390200BC
:108EE800EA39020000366E010D3A02002DE9F84316
:108EF800022906460D4690460469D0F8049000AF52
:108F08000CD194F8D53003F00303032B1CD09D49F2
:108F18009D480BF0A4FB6FF004005FE001290CD121
:108F280094F8D53013F0010FF1D0B8F1040F4ED8F2
:108F3800DFE808F0252B2B5741000029E7D194F8EA
:108F4800D53013F0020FEFE7E36AD4F8841081EA12
:108F58001342D2B20AB18D49DAE70B431822E36211
:108F6800C4F8843004F1800104F128000DF0C0FD3C
:108F780018B9226AA36F9A42D7D08549C8E794F8EE
:108F8800D030012B4AD08349C2E794F8D030022B65
:108F9800F9D194F8D1309D422DD1B8F1020F4FF09C
:108FA800030340F0DB80B5FA85F56D0984F8D0300D
:108FB80084F8D250D7E094F8D030042BE3D1294676
:108FC80030690BF0EFFB012384F8D030CBE0424648
:108FD80071496D480BF03EFB6FF01500BD46BDE8CA
:108FE800F88394F8D030022B40F0BF8094F8D13049
:108FF8009D4200F0BD806C468AB06A46C2E90753BC
:1090080005236649C2E9051842F8103F00234FF4CA
:1090180021515D48FCF728FEA546DDE7002384F8CA
:10902800D150A4F8D23084F8D4303569766895F8F0
:10903800D130D6F800C0012BD5F8C4300CBF05F1EB
:10904800280405F180049868196923784FF000080E
:10905800C0F804356378C0F82835A378C0F82435FB
:109068006368C0F82C35237AC0F83035637AC0F8C5
:1090780034352369C0F81835A37DC0F83C35E3685A
:10908800C0F81035237D003B18BF0123C0F82035F8
:10909800637DB3FA83F35B09C0F83835D0F80C3533
:1090A800E26823F00103002A18BF43F00103C0F867
:1090B8000C35C1F800C0C0F80481D0F80431C0F8FC
:1090C8001881D0F81831C0F80881D0F80831C0F3F9
:1090D8000830FDF741FF022385F8D0302369B268D4
:1090E800B3F1004F94BF00210121337F581E434242
:1090F800434143EA0123C2F81C35E268737FB2F1A9
:10910800004F94BF002201225C1E6342B168634194
:1091180043EA0223C1F8143595F8D5305E0717D510
:109128001F4B2868AB600323C5F81080EB60291D2E
:10913800FCF7E4F8041E16DA28460BF06AFA012355
:1091480022461849104885F8D0300BF083FAE2E639
:109158002846FFF797FB00EAE0703FE784F8D03035
:10916800012384F8D230002038E7012B3FF427AFE1
:109178000122422184F8D320D9F80830C3F8081313
:109188009A601CE76337020020840100293A020034
:10919800593A0200943A0200803A0200A03A0200CA
:1091A80085470100D43A0200F0B50369144693F8E4
:1091B800D5200D46920785B007D41A491A480BF0F6
:1091C8004EFA6FF0040005B0F0BD93F8D02003F11B
:1091D8009807042A24D0DE6F731C1DD047F6122C82
:1091E80040F2E730002126EAE6764FF47A7200234F
:1091F800C6FB0C01F7F748FE02460B46384601A9A4
:1092080003F0D6F810F1230FDBD00028DBD1019B47
:109218002B60029B2360D6E74FF0FF321346EDE741
:109228000022FBE7633702002084010008B50368C9
:109238007F2B4FEA531107D80C4A03F01F0332F96A
:109248001120DA40D2070BD409490A484FF4747345
:10925800094A0AF035FD4FF4747107480AF027FDF2
:109268000360064B53F8210008BD00BF381B0200FD
:1092780023360200B21B0200F0350200141202006D
:109288002DE9F04F1546824640F2FF19DFF850B23B
:1092980085B000EB8108D04503D1002005B0BDE8BA
:1092A800F08FDAF80010C1F3C322082AC1F30804CA
:1092B80000F21081894B4C4508BF4FF0FF34B1F1E3
:1092C800D05F9F5C4FEA116238D3383A162A02D928
:1092D8006FF08500E2E7162AFAD801A151F822F0CA
:1092E800B3940000D9920000D9920000D9920000EE
:1092F800D9920000D9920000D9920000D9920000BA
:10930800D9920000D9920000D9920000D9920000A9
:10931800D9920000D9920000D992000089940000E7
:109328008F940000959400009B940000A194000085
:10933800A7940000AD9400005B940000192AC7D8D8
:1093480001A151F822F000BFB9930000D5930000A5
:109358005B94000055940000E3930000F193000033
:1093680055940000D9920000D9920000D9920000CB
:10937800D9920000D9920000D9920000D992000039
:10938800D9920000D9920000D9920000D992000029
:10939800D9920000D9920000D9920000D992000019
:1093A80061940000779400007D940000839400008D
:1093B800C5F80446601C14D0012603A80394FFF7DF
:1093C80035FF039A06FA02F2426004E0C5F80C463B
:1093D800631C06D00026314614E0661CC5F800461A
:1093E80076D10AF1040A56E7C5F80446621CF8D09B
:1093F800012603A80394FFF719FF0121039A01FA34
:1094080002F28260DAF80020039402F40040002897
:1094180018BF002103A818BF012601920091FFF789
:1094280005FF039C019A00EB8400D0F88040C2F34A
:10943800412C00993A0242EA8C020A4304EA0B04DE
:10944800224342EA4602C0F88020CAE7C5F8084627
:10945800BEE7C5F81046ADE7C5F86045611CDAF807
:109468000020BED0C2F30042002AA5D1C0E7C5F84B
:109478006445F3E7C5F86845F0E7C5F86C45EDE7DE
:10948800C5F87445B2E7C5F87445A1E7C5F878454D
:10949800ACE7C5F878459BE7C5F87C4598E7C5F87B
:1094A8008045A3E7C5F87045A0E703A80394FFF734
:1094B800BDFE039A631C00EB8200D0F8802022F0E6
:1094C800E04242F08042C0F880208AD0012682E73C
:1094D80000268EE76FF01500E0E600BF203B020093
:1094E800F0F0FCFF70B5036986B0456804461422A5
:1094F800002101A81E680DF032FB05238DF8043009
:10950800002386F8633063680D4A1B68C3F8082394
:109518006B689B070ED5EFF31185202383F3128820
:10952800BFF36F8F022120460BF079FA85F311887B
:10953800BFF36F8F204601A90BF076F906B070BD16
:109548003002180038B5044600220121C620FDF774
:1095580033FDC620FDF700FD65680121E8680BF0C2
:109568004FFA636819686B69C1F82435EA8BAB8BCD
:10957800A87E13432A8C13436A8C13436A7E9BB2DA
:109588000243287E02431343C1F86C3525692868D5
:1095980078B100221A4908300BF06DFE2B68DC63A5
:1095A80028680022174968300BF065FE2B68C3F85D
:1095B8009C4061680B68D3F8002242F48022C3F80B
:1095C80000220822C3F80025CA6A0121C3F83C27F3
:1095D8000022C3F840271965D3F830110029FBD0C1
:1095E800C3F800256368596811F0020106D1D868EC
:1095F8001C680BF005FA0823C4F80035002038BDB4
:10960800134B01000D4B01002DE9F84304460F46AA
:1096180046680BF0CAFD20B32369626815682022EA
:10962800EFF3118882F31288BFF36F8F61680968BE
:10963800D1F8301181B31B689BBBF36A01221F70FC
:109648002046F16A0BF013FA73689B0744BF4FF486
:109658008053C5F8043388F31188BFF36F8FBDE8D2
:10966800F8831F4B62681B780BB92369D6E74FF064
:10967800200915684FF0640863681B68D3F8303117
:10968800E3B901200BF05AFBB8F10108F4D100212D
:10969800202004F057FCEDE788F31188BFF36F8FA3
:1096A800BEE7D3F8A420002AC7D0D3F8B420002AF4
:1096B800C3DAD5F84427C3F8B420BEE7EFF3118323
:1096C800984689F31288BFF36F8F62681268D2F8E0
:1096D8003021002AB1D183F31188BFF36F8FD6E709
:1096E800A87500202DE9F04F1F46D0F804900369B3
:1096F80085B01C68029399F8083083468846164658
:10970800D9F8005073B15D4940F2FB635C4A5D488B
:109718000AF0D6FA5C480AF0D3FA40F2FB615848DE
:109728000AF0C5FA94F86330002B40F0A38094F84F
:10973800642002F0FF03002A40F09C80791C7BD053
:10974800D9F810104FEAE77CA1FB070E00234F4A17
:1097580001FB0CE1F7F798FB40F2FF33984228BF72
:109768001846C5F87805D5F8003243F00053C5F817
:10977800003227EAE773DA171F3342F100025B0968
:1097880043EAC26352094FF0000AC4E91632C4E939
:109798001086C4E912AAC4F850A0D9F80420920788
:1097A8004FD5EFF311822021039281F31288BFF382
:1097B8006F8F022158460BF049F9039A82F31188FA
:1097C800BFF36F8FD9F8042093073AD594F8612036
:1097D800BAB3B24228BF324693464046D9F8281059
:1097E8000DF096F9B6EB0B0628D194F86120A2EBA0
:1097F8000B02D2B284F86120D9F8280000EB0B01E3
:109808000DF093F9029B03F1080ADAE8EF3F43F001
:109818000403CAE8E23F002AF7D10122C5F3434313
:10982800C5F3043502FA05F5194A403342F82350C6
:10983800002005B0BDE8F08F1A46A4E701370CD127
:10984800D844144BC5F80487C5F80867C5F804332D
:10985800012384F86330AB62EAE7C5F810A1D5F8B4
:109868001031D4E91623CDE9002304F1080005F0EE
:1098780085FAE5E76FF00F00DBE700BF4241020021
:10988800293B0200B21B02005D3B020040420F0070
:1098980000E100E0200218002DE9F04F4368D0F8FD
:1098A80010B01D680446D5F804938DB04B464FF4AC
:1098B80000724FF4BA712846DBF800600BF094F898
:1098C80020B1F36C13B9012386F862304B464FF48C
:1098D80000724FF4927128460BF086F8074608B1DB
:1098E80096F862704B464FF400224FF4A671284652
:1098F8000BF07AF84B4610224FF4887103902846F3
:109908000BF072F84B464FF480124FF4A871049094
:1099180028460BF069F84B46804620224FF48A719E
:1099280028460BF061F838B3636814221B680021DD
:1099380007A8D3F880A405930DF011F906221AF0B0
:10994800010F059B8DF81C2040F0D2801AF0020F01
:1099580040F0D0801AF0040F40F0CE800AF00802E0
:1099680020468DF8202007A9C3F880A40AF05CFFE0
:10997800002120460AF0DBFF049B93B100212369F4
:109988006268D2F800A01A6882F860101868D0E9F6
:109998001623CDE90023083005F0F0F91023CAF8A2
:1099A8000833039B002B00F0A980F36C002B40F0D8
:1099B800D980B8F1000F40F0A98000222046114656
:1099C8000BF0DAF8A7B3002386F862302369D4F8DD
:1099D800048053F8087BD3E8EF2F22F48031C3E8E2
:1099E800E01F0028F7D1D00303D507F108000BF0DA
:1099F8004EFC396C21B120460AF01DFF00233B6460
:109A080097F86430002B00F0B880002387F86430A2
:109A1800636820461B68D3F8002222F00052C3F87E
:109A280000220022C3F81021D3F81031FFF75AFDA5
:109A380019F4805F3ED0D5F83031002B3AD06368F6
:109A48002569D3F80080EFF31189202282F3128868
:109A5800BFF36F8F2A685B68D2F8B4100029ACBFD7
:109A6800D2F8B470D8F844779A0707D54FF48053E2
:109A780001212046C8F808330AF0D1FF89F311887C
:109A8800BFF36F8F2B68D3F8A0209AB193F8B81062
:109A9800002900F09680EFF31187202383F31288C2
:109AA800BFF36F8F294620460AF0F6FF87F3118827
:109AB800BFF36F8F0BF10803D3E8EF2F22F00401F7
:109AC800C3E8E01F0028F7D1530740F1B8802046CB
:109AD800716C0AF0C4FE2046316C0AF0ACFE00231B
:109AE8002046C6E910330DB0BDE8F04FFFF7FABCC9
:109AF800012235E7022233E7042231E7B8F1000FEB
:109B08003FF460AFF36C93B94FF0000800211422C2
:109B180007A80DF024F80323204607A98DF81C3068
:109B28000AF082FEB8F1000F7FF447AF4AE7D5F894
:109B38004C315BB94349444840F6B813434A0AF0EC
:109B4800BFF840F6B81141480AF0B1F8039B01216B
:109B5800C5F84C31204607F00102D5F84C310BF01E
:109B68000BF8D1E74146204607F001020BF004F854
:109B7800B8F1000F3FF426AFC6E7D8F804309907CC
:109B88007FF546AF62681368926AC3F80427052216
:109B9800C3F808270122DA61D3F84C21002AFBD048
:109BA8000021C3F84C11D3F84C21D3F850212AB125
:109BB800C3F85011D3F85021D3F80C2787F8612047
:109BC80026E7D3F8A8108A4211D0D3F8AC10D3F8FE
:109BD800B020B9423A4430D12046C3F8B0200AF048
:109BE800E4FE00287FF457AF2B68D3F8B0702868DC
:109BF80068300BF04CFB1422002107A80CF0AFFFD3
:109C08002B682046D3F8A03007A9CDE908372B6880
:109C1800D3F8A4309F421CBF01238DF81C304FF4A9
:109C28008053C8F8083300232A68C2F8A0302A688D
:109C3800C2F8A4300AF0F8FD3CE71746D7E70DB0A4
:109C4800BDE8F08F763B0200B21B0200293B020000
:109C580070B5134E144630681D46002805DB0021F8
:109C6800FDF7B4FF4FF0FF3333600E4BD3E90061CB
:109C7800A01B65EB0102400940EAC260420192194B
:109C880041EBD061C3E90021074BC3E9004500243B
:109C98000025064BC3E90045BDE8704004F0B0BE9E
:109CA80018030020F0270020D8270020E8270020EC
:109CB80008B500220121E420FDF77EF9164A0020AC
:109CC800D2F8183723F44033C2F8183701F030FCC3
:109CD800002820DB0120114901F0DAFC00281ADBFA
:109CE80001F0E6FB0E4B20F01F00C3E900010D4B0D
:109CF8000022C3E900014FF0FF304FF0FF310A4B5B
:109D0800C3E90001094B0A49187A01F0FBFB6722F5
:109D18000020084B1A6008BD00200E5024030020C4
:109D2800F0270020D0270020D82700201C0300207F
:109D3800599C0000B469002013B50A4C2378032B02
:109D480003D96FF00B0002B010BD0DF107000BF046
:109D580098F90028F5DB23789DF807000133237074
:109D6800F1E700BFA675002008B501F0A1FB064A7F
:109D7800D2E90032C01A054B61EB0201C3E90001C8
:109D8800400940EAC16008BDF0270020E82700200C
:109D98002DE9F341354D80462868354B00281E7A59
:109DA80005DB0121FDF712FF4FF0FF332B60314F28
:109DB8003149D7E90032D1E900018A4208BF83421C
:109DC8001FD1B8F1806F1CD24FEA4814012C38BF5C
:109DD8000124E31842F10002B8F11E0FC7E900326E
:109DE8000CDC002120460AF083FB28600122214672
:109DF800304602B0BDE8F04101F0F4BC4FF0FF304E
:109E0800F3E71E49DFF878C0D1E90041DCE9000C2E
:109E1800241841EB0C0C4FF0200E20466146C8FB7D
:109E28000E01834272EB010EC7E9000118D21B1B19
:109E380062EB0C02C82B72F10002B4BF01240024AB
:109E4800B8F11E0F0EDC00220AF05AFB28600094BD
:109E58003046D7E9002301F085FC02B0BDE8F08167
:109E68000024EDE74FF0FF30F0E700BF18030020B3
:109E78001C030020E0270020D8270020F02700201E
:109E8800E827002003689A070CD50368DB070DD57F
:109E98000922074BC3F80C250F22C3F80425012219
:109EA8001A60FEE7034B0360EF3B0360704700BF97
:109EB80000801050F000FA5008B50123314AC2F86A
:109EC8000038A2F55722D2F800242F4AD2F84023AE
:109ED800292A01D0332A02D12C4AC2F80C342C4842
:109EE800FFF7D0FF0830FFF7CDFF0830FFF7CAFFB4
:109EF8000830FFF7C7FF00F5F470FFF7C3FF254AE6
:109F0800D2F88C3043F44063C2F88C300022D3007E
:109F180003F57F0303F54043D3F8001401310AD059
:109F2800D3F8001439B1D3F800140132D3F804344B
:109F3800402A0B60EBD1184BD3F80026D2071CD46B
:109F480000201649134BC1F81805D3F88C2042F4A9
:109F58004062C3F88C20D3F8882042F47002C3F81A
:109F68008820BFF34F8FBFF36F8F0D4AC1F8A0054C
:109F7800D2F80034012BFBD008BD6FF00102C3F802
:109F88000026DDE70000125000C0FF000030055039
:109F980000F50E5000ED00E000E0105000E0045025
:109FA80000900450014B1860704700BFB86900204A
:109FB8002DE9F04F604C87B0019222685AB95F4989
:109FC8005F4840F26F135F4A09F07AFE40F26F1162
:109FD8005C4809F06CFE526888428BBF52F8212019
:109FE80052F82020401A091A87BF52F8202001266B
:109FF80052F821200026EFF3118C202181F31288DA
:10A00800BFF36F8F00211579A94225D300204FF0A7
:10A01800010E04AF117988422CD300208CF31188EB
:10A02800BFF36F8F002840F08380216886F0010716
:10A038000C687106141BE40841EA84610446BF00F9
:10A048000297B70004AD03971779A74233D8019B4D
:10A05800196007B0BDE8F08F106850F8210023B1EF
:10A06800B3F800E04778BE4502D040680068F8B110
:10A078000131C9E7116851F820104BB1B3F80080DD
:10A088004D78A84504D1997807F8011B0130C1E73C
:10A09800D1F80480D8F80050B5FA85F1C1F11F0154
:10A0A8000EFA01F925EA0905C8F80050C9B2EBE72C
:10A0B8006FF00B00B2E7176857F824E09EF80070BD
:10A0C800012F21D195F8008095F801C015F8017C81
:10A0D80016B9B9466746CC4647F000470097029F35
:10A0E80008F1200B0EEB0709039FD9F808900EEB37
:10A0F800070ADAF808A0009F4CF0004C08F1600845
:10A108004AF82BC049F8287004EB84072BB19EF855
:10A1180001E0B3F800C0E64507D095F800C00CFA96
:10A1280007F73943013401358EE74FF01F0CF6E786
:10A138006FF00B008DE700BFB8690020023C0200F9
:10A14800B21B0200C53B020070B5124B840E1B689F
:10A1580001261A6800F01F0302EBC40152F83420EC
:10A168001268D46800220D79954200D870BD1F2B63
:10A178001CBF06FA03F3C4F804350C68023254F81D
:10A18800224002EB820320FA03F3E46803F01F0382
:10A19800E9E700BFB869002030B50D4B1A68830E97
:10A1A800126802EBC302002314799C4202D86FF0B4
:10A1B80015000AE0156855F823506D788D4205D1D1
:10A1C80003EB8303D84000F01F0030BD0133ECE7F8
:10A1D800B8690020004870472C03002000487047E9
:10A1E8007C1202000048704734130200072808B5A3
:10A1F80009D9084908488823084A09F061FD8821D7
:10A20800064809F054FD064B03EB00135B68196020
:10A2180008BD00BF6A3C0200B21B0200183C0200E5
:10A2280034130200032808B509D9084908488F23C0
:10A23800084A09F045FD8F21064809F038FD064B0C
:10A2480003EB00139B68196008BD00BF893C02003E
:10A25800B21B0200183C020034130200014B1B68B9
:10A26800184700BFEC690020014B07201B681847FE
:10A27800EC69002010B5104C2379D3B90123237160
:10A288000E4B0028206018BF184600F0BFF990B99F
:10A2980023680B48002B08BF184600F0C3F850B9D4
:10A2A80023680848002B08BF1846BDE8104000F096
:10A2B80089BA6FF0770010BDEC69002065A2000034
:10A2C800714E010071A2000008B50E4B1A794AB907
:10A2D8000D490E48B1230E4A09F0F2FCB1210C4891
:10A2E80009F0E5FC1B6843B14FF48770FCF756FE94
:10A2F80018B94FF48770FCF72FFE0122054B1A702E
:10A3080008BD00BFEC690020EA3C0200B21B020055
:10A31800AD3C0200A775002008B5154B1B795BB949
:10A32800144940F20513144A144809F0C9FC40F2D4
:10A338000511114809F0BBFC012806D0022808D0F5
:10A3480058B9BDE8084000F07FB8BDE8084000F003
:10A358006BB9BDE8084000F043BA09494FF492735D
:10A36800054A064809F0ACFC4FF49271E1E700BFDA
:10A37800EC690020EA3C0200AD3C0200B21B02007E
:10A388004241020008B5154B1B795BB9144940F2EC
:10A398002B13144A144809F093FC40F22B1111486E
:10A3A80009F085FC012806D0022808D058B9BDE874
:10A3B800084000F099B8BDE8084000F07FB9BDE852
:10A3C800084000F03DBA09494FF4A573054A06480C
:10A3D80009F076FC4FF4A571E1E700BFEC690020B5
:10A3E800EA3C0200AD3C0200B21B020042410200FE
:10A3F80038B504230A4C42F21075C4F80833012317
:10A4080063610023C4F80831D4F80831D4F84C3417
:10A41800DB0304D501200AF091FC013DF6D138BDDB
:10A4280000E01050064A13793BB901211060117100
:10A43800044A1846C2F8403470476FF077007047F6
:10A44800F469002000E0105010B5224C23794BB974
:10A4580021492248E523224A09F032FCE521204817
:10A4680009F025FC1F4BD3F84C14D3F84C24C8032F
:10A4780018D502F00302012A03D00AB1FFF7B8FF8A
:10A488000022184BC3F840240022C3F80821D3F84F
:10A49800082101221A61226872B9D3F80821002A1A
:10A4A800FBD011E0D3F84824D107E9D5D3F85024DC
:10A4B8009207E3D422681AB10422C3F8042310BD1A
:10A4C800D3F80821002AFBD00022C3F80821D3F8CA
:10A4D8000831F4E7F4690020EA3C0200B21B0200EC
:10A4E800083D020000E0105008B5094B1B795BB924
:10A4F800084909484FF49173084A09F0E1FB4FF401
:10A508009171064809F0D3FBBDE80840FFF770BF1A
:10A51800F4690020EA3C0200B21B0200083D020078
:10A5280070B501251E4C1F4ED4F80C0300F00C002A
:10A5380000B970BDB0FA80F00021C0F11F0083009F
:10A5480003F580739BB203F1A04303F587131960E9
:10A5580005FA00F202281B68C4F8082313D1D4F8BE
:10A568004C34D4F84C349B070AD10423C4F8405423
:10A57800C4F804332561D4F80C0300F00C00D7E7C5
:10A5880033689847F7E7084908484FF4F573084ACD
:10A5980009F096FB4FF4F571054809F088FB00BFF8
:10A5A80000E01050F469002042410200B21B020092
:10A5B800083D0200712238B5114B0021C3F8082369
:10A5C80001225A60C3F80011D3F800110D49D1F8DF
:10A5D8004013292901D0332900D1DA6042F21074DE
:10A5E800074DD5F80C3413F4803305D001200AF058
:10A5F800A5FB013CF5D138BD034A5371FBE700BF09
:10A6080000E0105000C0FF00FC690020054B024626
:10A61800187918B91A6001221A7170476FF077001B
:10A62800704700BFFC69002008B51E490B794BB97B
:10A638001D491E4892231E4A09F042FB92211C48DC
:10A6480009F035FB00221B4BC3F81021D3F8100189
:10A65800C3F81821D3F81801C3F81421D3F814212A
:10A66800154AD2F84023292A01D0332A01D10122E0
:10A678009A600022C3F80021D3F8002101221A6051
:10A688000A6852B90B4BD3F80021002AFBD00022EC
:10A69800C3F80021D3F8003102E07122C3F8042383
:10A6A80008BD00BFFC690020EA3C0200B21B0200A2
:10A6B8004B3D020000E0105000C0FF0008B5084BF9
:10A6C8001B794BB907490848B223084A09F0F8FA38
:10A6D800B221064809F0EBFABDE80840FFF76ABF67
:10A6E800FC690020EA3C0200B21B02004B3D02005C
:10A6F800F8B50126214C224DD4F80C3303F0710330
:10A7080003B9F8BDB3FA83F30021C3F11F039A001C
:10A7180002F5807292B202F1A04202F5871211602E
:10A7280006FA03F7052B1268D8B2C4F808731DD0CF
:10A73800202F0ED8D3B1042B0FD0124912484FF452
:10A748009D73124A09F0BCFA4FF49D710F4809F045
:10A75800AEFA062BF1D1697108E002236B71C4F8D7
:10A768001411D4F814312023C4F804332B68984703
:10A77800D4F80C3303F07103C2E700BF00E01050B7
:10A78800FC69002042410200B21B02004B3D02005E
:10A7980038B580230A4C42F21075C4F808330123F7
:10A7A800A3620023C4F81C31D4F81C31D4F86C34EB
:10A7B800DB0304D501200AF0C1FA013DF6D138BD0A
:10A7C80000E01050054B0246187918B91A600122AA
:10A7D8001A7170476FF07700704700BF046A002055
:10A7E80008B5124A13794BB9114912486123124A24
:10A7F80009F066FA6121104809F059FA00210F4B57
:10A80800C3F81C11D3F81C110121596212681AB13E
:10A818008022C3F8042308BDD3F81C21002AFBD0EA
:10A828000022C3F81C21D3F81C31F4E7046A002085
:10A83800EA3C0200B21B02008B3D020000E010500F
:10A8480008B5084B1B794BB9074908487323084AD0
:10A8580009F036FA7321064809F029FABDE80840DC
:10A86800FFF796BF046A0020EA3C0200B21B020010
:10A878008B3D0200094BD3F8042312060DD5D3F8FB
:10A888001C2152B10022C3F81C21D3F81C218022BC
:10A89800C3F80823024B1B681847704700E01050A4
:10A8A800046A00207F2898BF074B4FEA50129FBFC9
:10A8B80033F9123000F01F0023FA00F000F0010015
:10A8C80088BF0020704700BF401B0200034A4309AD
:10A8D800D35C00F01F001844C0B27047EF3E02007E
:10A8E80010B504460846FFF7F1FF00B204EB40003C
:10A8F800838ADA051CD5C3F3432123F4F8538382F2
:10A9080004F1120204F1960032F8023F13F4807F3A
:10A9180003D0C3F3432399420AD09042F4D10022D2
:10A9280004EBC1035A6004F19C000AF023FA00B951
:10A9380010BD064906484FF4DB73064A09F0C0F912
:10A948004FF4DB71034809F0B2F900BFB9240200E3
:10A95800B21B02000D3E020010B50168044608460D
:10A96800FFF7A0FF58B910494FF474730F4A104805
:10A9780009F0A6F94FF474710C4809F098F901F040
:10A988001F037F2923604FEA511209D9094940F270
:10A99800D933064A064809F093F940F2D931EBE772
:10A9A800054B53F8220010BD23360200F035020093
:10A9B800B21B020042410200B4130200072808B586
:10A9C8000BD90849084840F2A733084A09F078F932
:10A9D80040F2A731054809F06AF9800000F5807057
:10A9E80008BD00BF033E0200B21B0200CE3D0200BC
:10A9F800F0B58446002587B0DFF84CE0114F01918F
:10AA080002AE1EF8013B06AA02EBD30212F8144C60
:10AA180003F00703DC4014F0010406D10135042DCE
:10AA2800EFD10024204607B0F0BD97E80F0086E874
:10AA38000F0056F82520136A4CF825301362002BB6
:10AA4800ECD0EFE7A4840100FF3E0200F7B504460E
:10AA58000846FFF73BFF06B204EB4606B38A0D46ED
:10AA6800DB072BD520460AF0E9FA294620460AF0EA
:10AA780006FA58B120460AF030FA0022276800B2D8
:10AA880007EB8003C3F81025C3F8102520460024DF
:10AA98002946FFF725FFB48201A80195FFF75CFF5F
:10AAA800019B00EB8300D0F88020064B134043F055
:10AAB8000203C0F88030204603B0F0BD6FF01500E7
:10AAC800FAE700BFF0F0FCFF2DE9F0430E46174609
:10AAD800044685B058B95D495D4840F23A435D4A3D
:10AAE80009F0EEF840F23A415A4809F0E0F8084611
:10AAF800FFF7ECFED7F800800546B8F1000F1AD032
:10AB080020460AF0DFF928BB4346CDE900008DF85E
:10AB18000E008DF80F000DF10F0230460DF10E01F9
:10AB28000AF004FA2AB204EB4202938A23F00203E1
:10AB380043F0010393827B68002B34D031462046D2
:10AB480093F80080D3F804900AF0B1F928B1B9F16C
:10AB5800000F1FD06FF0150028E028B204EB40006A
:10AB6800838A23F4604323F020038382B9F1000F22
:10AB780010D0B8F1030FEDD87B6821685B6893F8B3
:10AB880000C001EB8C01B8F1000F12D1C1F810859B
:10AB9800C1F810852AB204EB4202938A23F01C0301
:10ABA80043EA88039382BB6853BB002005B0BDE825
:10ABB800F083D1F8102522F00302C1F8102522688D
:10ABC80002EB8C03D3F8102522F4473222F47C726E
:10ABD800C3F8102541F6F072D3F8101502EA0612F0
:10ABE80042EA08420A43C3F8102504EB4C03A3F8D1
:10ABF800A060838A43EA4C3343F020038382C9E789
:10AC08003146D3E900782046FFF76AFE002FCCD002
:10AC180063689F4206D004F19C000AF091F800286E
:10AC280004DAC3E7A3689845F5D1002004EBC00314
:10AC3800C3E901782DB204EB4505AB8AC0B243EAFB
:10AC4800402343F48073AB82AFE700BFCF3E0200DE
:10AC5800B21B02000D3E02002DE9FF410D461746CA
:10AC68001E46044658B93D493D4840F244433D4AD2
:10AC780009F026F840F244413A4809F018F8084625
:10AC8800FFF724FE804627B320460AF010F918B9CA
:10AC980020460AF0F4F818BB294620460AF0FAF8CC
:10ACA80010B17B78012B1BD001238DF80F300023C6
:10ACB8007A1CCDE900732846BB1C0DF10F010AF080
:10ACC80035F90FFA88F304EB43039A8A42F003023A
:10ACD8009A82002E40D0294620460AF0E8F820B98A
:10ACE8006FF0150004B0BDE8F081002237782368C2
:10ACF8004FEA870C03EB8703C3F81025C3F8102528
:10AD08000FFA88F204EB4202938A23F4604323F09B
:10AD1800200393827078F8B12168134B6144D1F80D
:10AD28001045B6782340C1F8103541F6F073000499
:10AD380000F4403003EA051303433005D1F8104509
:10AD480000F4801003432343C1F81035938A43EA83
:10AD5800473343F0200393820020C3E7CF3E02002D
:10AD6800B21B02000D3E02000FE0ECFF08B558B917
:10AD78000749084840F24D43074A08F0A1FF40F24E
:10AD88004D41054808F093FFC0E9031208BD00BF14
:10AD9800CF3E0200B21B02000D3E020070B5154600
:10ADA800044658B9134940F25643134A134808F069
:10ADB80087FF40F25641104808F079FF4AB9104918
:10ADC8004FF445730C4A0D4808F07AFF4FF445716B
:10ADD800F1E70AF054F848B10846FFF777FD04EBAD
:10ADE80040040020A38A5B0B2B7070BD6FF0150028
:10ADF800FBE700BFCF3E02000D3E0200B21B02007F
:10AE0800DA3E02002DE9F041044658B920492148AC
:10AE180040F26443204A08F053FF40F264411E4860
:10AE280008F045FF90F8B05090F8B1706DBBA84697
:10AE38008422294614300BF092FE184B266853F8EA
:10AE48003770AF4214D1002540F20D10C6F84451B6
:10AE5800D6F84431124B9E4208BFDB20FCF77CF841
:10AE68000123284684F8B030C4F89C30BDE8F0814E
:10AE7800E8B2FFF7A3FDA0F580739B08112B04BF70
:10AE880046F8008033580135DBE76FF07700EDE7CF
:10AE9800CF3E0200B21B02000D3E0200C4130200A6
:10AEA80000A00D5008B558B90849094840F26B434D
:10AEB800084A08F005FF40F26B41064808F0F7FE23
:10AEC80090F8B000003818BF012008BDCF3E02003E
:10AED800B21B02000D3E020008B558B907490848E0
:10AEE80040F27943074A08F0EBFE40F27941054801
:10AEF80008F0DDFEBDE80840FFF7A8BDCF3E020020
:10AF0800B21B02000D3E020008B558B90A490B48A9
:10AF18004FF490630A4A08F0D3FE4FF49061084852
:10AF280008F0C5FE074B90F8B10003EB8000BDE8C0
:10AF3800084009F01FBF00BFCF3E0200B21B02004D
:10AF48000D3E02006403002010B50C4658B90C49A8
:10AF58000C4840F287430C4A08F0B2FE40F28741A1
:10AF6800094808F0A4FE094B90F8B10003EB8000F3
:10AF780009F0E6FE0028A4BF2070002010BD00BF25
:10AF8800CF3E0200B21B02000D3E02006403002007
:10AF98002DE9F3410D461646044658B9384940F2A2
:10AFA8000453384A384808F08BFE40F204513548BB
:10AFB80008F07DFE09F06EFF48B9344940F21143AC
:10AFC800304A314808F07CFE40F21141EFE7204654
:10AFD80009F055FF276800B3204609F068FF80464E
:10AFE800D8B9204609F079FF0546FFF7E7FC47F88E
:10AFF80000803B5823682AB203EB8203D3F810255C
:10B0080042F00102C3F8102526B101232268AB40A3
:10B01800C2F8143302B0BDE8F081D7F814339B03AB
:10B028005CBF4FF40033C7F814334EB9184940F2E7
:10B038002B43144A144808F043FE40F22B41B6E76C
:10B048002846FFF743FC04EB4004A38AC3F38203BA
:10B05800042B11D0052B11D001A80195FFF77CFC1A
:10B06800019BC168D94001F001010231284602B0B4
:10B07800BDE8F04109F0A7BF0321F7E70221F5E792
:10B08800CF3E02000D3E0200B21B0200AE3E02009F
:10B09800E43E020008B558B90749084840F20B5386
:10B0A800074A08F00DFE40F20B51054808F0FFFD75
:10B0B800BDE8084009F0C2BFCF3E0200B21B020043
:10B0C8000D3E02002DE9F04F07468DB058B977497B
:10B0D80077484FF4C763774A08F0F2FD4FF4C76129
:10B0E800744808F0E4FD814659F8043B90F8B140F3
:10B0F800D3F814130093704BC9B241F4003153F8DC
:10B108003420009809F06EFF810305463BD51022D4
:10B11800002108A80BF023FD674B08A803EBC40324
:10B128005B6819460193FFF763FC042303EBC40330
:10B1380003934FF0000B614B0DF1200A0293029A22
:10B148005D4912F8013B0292039A02EBD3028A5C32
:10B1580003F0070322FA03F3DA071AD40BF1010B01
:10B16800BBF1040F0AF1040AE9D14FF400310022BF
:10B17800009809F037FF019908A8FFF739FC002863
:10B18800D7D125F400350124002D77D10DB0BDE8C5
:10B19800F08F4B4B5B440493DAF800100029DDD0A4
:10B1A80091FAA1F1B1FA81F1049B1C7841EA4414A7
:10B1B8002046FFF78BFB07EB4000B0F81480C80867
:10B1C8004FEA9803059301231AF8002001F00701BC
:10B1D80003FA01F122EA01020AF8002007A80794FD
:10B1E800FFF7BAFB079A059B203250F82220C8F3D4
:10B1F80082065B07B046C2F3014223D52146484682
:10B20800D6B2424609F073FE07A80794FFF7A4FBDD
:10B21800079B203350F82330C3F301439E4207D1E4
:10B228000021204609F0CFFE3146204609F0CBFE2A
:10B2380007A80794FFF790FB0122079B02FA03F384
:10B248000362A9E7022A0DD10321204609F0BBFEBB
:10B2580006F00503012BEBD142462146484609F08A
:10B2680046FEE5E702212046059209F0ACFE032ED2
:10B27800F2D0059A032ADBD1022EECE795FAA5F362
:10B28800B3FA83F3009904FA03F225EA020503F5F9
:10B29800A27251F8222007EB43034846B3F8A010E6
:10B2A800C2F3014209F023FE6EE700BFCF3E020061
:10B2B800B21B02000D3E0200C4130200FF3E020052
:10B2C800FF3E02000123034A03FA00F09368034398
:10B2D800936070476000002073B504460191EFF356
:10B2E8001186202383F31288BFF36F8F0B4D019BC8
:10B2F8006A6801A81340019309F022FD002807DBC2
:10B3080001226B68824023EA02036B6020700020F0
:10B3180086F31188BFF36F8F02B070BD6000002004
:10B3280008B5154B027AD3F8101521F001010A432C
:10B33800C3F810250268B2F5803F0BD30F4940F2DD
:10B34800B9730F4A0F4808F0BBFC40F2B9710C48BA
:10B3580008F0ADFCC3F8A4264268FF2A09D90A49B7
:10B3680040F2C473064A074808F0AAFC40F2C471C8
:10B37800EDE7C3F8AC2608BD00200E50033F0200DD
:10B3880020340200B21B02002B3F02000B2808B534
:10B398000BD9114940F21653104A114808F090FC95
:10B3A80040F216510D4808F082FC002909DA0D49CF
:10B3B80040F21753094A0A4808F082FC40F2175134
:10B3C800F0E7000100F1A04041EAC27100F56220F7
:10B3D800C0F8281508BD00BF53340200203402000D
:10B3E800B21B0200993F02000B2808B50BD90B4984
:10B3F8000B4840F20B530B4A08F062FC40F20B5129
:10B40800084808F054FC000100F1A04000F5622053
:10B41800D0F82415D0F8200508BD00BF5334020029
:10B42800B21B0200203402000B2808B50BD91149C1
:10B438004FF4A063104A114808F042FC4FF4A06191
:10B448000D4808F034FCB3F5801F09D30C4940F2CD
:10B458000253094A094808F033FC40F20251EFE769
:10B46800000100F1A04000F56220C0F82025C0F8D6
:10B47800243508BD5334020020340200B21B0200F8
:10B4880067340200012303FA00F010F0670F0AD0B6
:10B49800064B5B68DB4303F0670303420CBF6FF0A6
:10B4A8001500002070474FF0FF3070476000002003
:10B4B80038B50F4B1B78012B0ED14FF0FF306FF0D2
:10B4C80040410C4CD4E90023904271EB0305F9D3B9
:10B4D8001046C3F3130138BD0749084840F2191351
:10B4E800074A08F0EDFB40F21911054808F0DFFBA8
:10B4F8006000002040270E50BA3F0200B21B020035
:10B50800513F020030B50C25074B1C1894F85440E5
:10B5180005FB0433C3E9031218750123034A83406A
:10B52800C2F8243330BD00BF6000002000200E5058
:10B53800F0B5504D85B02C78002C40F095804E4ADF
:10B5480001AB07CA83E807004C491846D1F8102513
:10B5580022F00202C1F81025FFF7E2FE0723672256
:10B5680002F001012144013BCCB24FEA5202F7D16B
:10B57800052C7CD119464FF0010C3E4E0024672063
:10B58800CFB204E00CFA02F220EA0200013490FA89
:10B59800A0F25FFA84FEBE45B2FA82F2F2D301311C
:10B5A800327505292A4482F8547006F10C06E5D153
:10B5B8000121002432489A0801FA02F212F0670FBA
:10B5C80018BF1C500433302BF5D1E420FBF7C4FC22
:10B5D8002A4B0024D3F81025012622F00202C3F8D2
:10B5E800102540F6FF72C3F82823C3F88041C3F83A
:10B5F8008040C3F88441C3F88440C3F88841C3F845
:10B608008840C3F88C41C3F88C40C3F89041C3F814
:10B618009040C3F89441C3F89440C3F89841C3F8E4
:10B628009840C3F89C41C3F89C40C3F8A041C3F8B4
:10B63800A040C3F8A441C3F8A440C3F8A841C3F884
:10B64800A840C3F8AC41C3F8AC401E660D4B0E4A87
:10B658001B685D20B3FBF2F358430C4B3343984708
:10B6680020462E7005B0F0BD6FF07700FAE76FF056
:10B678008B00F7E760000020B484010000200E5022
:10B6880000210E502803002040420F00708701005F
:10B6980038B52D4B0C461B78012B0BD02B492C4869
:10B6A80040F207232B4A08F00BFB40F207212948F8
:10B6B80008F0FDFA284BD3F8102595073DD4D3F8A8
:10B6C800102542F00202C3F81025C0B1D3F848276C
:10B6D80012F0010202BFD3F8481741F00101C3F884
:10B6E80048171D4BD3F84017D3F844174900F9D42D
:10B6F8002AB9D3F8482722F00102C3F84827174B84
:10B70800174A1B681449B3FBF2F303EB4313BBB1AD
:10B71800D1F84027D1F8445715F080450BD14FF0A8
:10B72800FF312046FFF7D8FD002803DB2078FFF71C
:10B73800C9FD284638BD013BE9E76FF07700F9E716
:10B748006FF07300F6E700BF60000020BA3F020008
:10B75800B21B0200513F020000200E5028030020B7
:10B7680040420F002DE9F04104461D46FFF78AFECE
:10B77800904607469DF8186058B1154915484FF48A
:10B788002E73154A08F09CFA4FF42E71124808F0EF
:10B798008EFA12490B1993F854300C3301EBC3009D
:10B7A80041F8332045602B4620466EB10C4EA4006C
:10B7B800FFF73AFE33592BB1FFF77AFE4045A9410E
:10B7C80000D23751BDE8F081BDE8F041FFF72CBE4B
:10B7D800E33F0200B21B0200513F0200600000205C
:10B7E80000210E50F8B50546FFF74CFE58B1114937
:10B7F800114840F21733114A08F062FA40F2173143
:10B808000E4808F054FA0E48431993F854300C3394
:10B8180050F8334000EBC30CDCF80460641846F1C0
:10B82800000640F83340CCF804602846BDE8F840EC
:10B83800FFF7ACBDE33F0200B21B0200513F02001C
:10B84800600000202DE9F7432C4B2D4FD3F82C63D3
:10B8580007F1880916B903B0BDE8F08396FAA6F88F
:10B868000123B8FA88F803FA08F3D94326EA03064D
:10B8780007EB080393F854500C2303FB0573187D5A
:10B8880040450BD01F49204840F2B7331F4A08F003
:10B8980017FA40F2B7311D4808F009FA1C4CDB686A
:10B8A8004FEA880214441BB3D9E8EF3F03EA0102C8
:10B8B800C9E8EC2FBCF1000FF6D123FA08F3DB0737
:10B8C80011D5FFF791FD02460B4621680029C1D02A
:10B8D800002121600C2101FB057529694046009172
:10B8E800E9688847B6E707EBC503D3E91823ECE70F
:10B8F8002268002AAED02360ACE700BF00200E50BB
:10B908006000002002400200B21B0200513F02000A
:10B9180000210E5010B5294BD3F80443E10417D584
:10B92800D3F83021A2B10022C3F83021D3F8303146
:10B93800234B1B685BB9234940F26F13224A234803
:10B9480008F0BEF940F26F111F4808F0B0F99847A7
:10B95800A20416D5194BD3F8342192B10020C3F8AC
:10B968003401D3F834311A4B1B684BB919494FF4D9
:10B97800BC73154A154808F0A3F94FF4BC71E3E706
:10B988009847630419D50D4BD3F83821AAB1002282
:10B99800C3F83821D3F838310D4B1B684BB90D4922
:10B9A80040F27F13084A094808F08AF940F27F11EB
:10B9B800CAE70120BDE81040184710BD00E010504C
:10B9C800106A00206C40020026400200B21B0200F0
:10B9D8000C6A00208D400200064C08B5064907484D
:10B9E80040F2D623224608F06BF940F2D6212046D1
:10B9F80008F05DF9AF400200E3400200B21B02000C
:10BA0800202908B501D9FFF7E7FF054B40EA0120D7
:10BA1800C3F80005D3F80024D207FBD508BD00BF42
:10BA280000E0045038B5436905463BB90024EA688C
:10BA38006042537843F00103537038BD9847044679
:10BA48000028F3D000F1FF03FE2B0ED92123094A69
:10BA580009490A4808F034F929680948224608F0D3
:10BA68002FF92121034808F022F9EB6844421C70A1
:10BA7800DDE700BF094102002C410200B21B0200B1
:10BA880044410200014B9868A4307047146A0020B2
:10BA980010B50446F9F78EFF03480121034A08F060
:10BAA80027FB204609F00AFB0884010069410200CF
:10BAB8002DE9F84304460D4600AFEFF31188202323
:10BAC80083F31288BFF36F8F0428314A98BF314B34
:10BAD800E9468AB09668117C98BF53F820306A46C8
:10BAE80088BF2D4BC2E9073140F201332B489384BC
:10BAF8002B4BC2E9050442F8103F00234FF43151A3
:10BB08002848FAF7B1F8CD4645B1EB69C3F3080305
:10BB180023B10121244A234808F0EAFA2EB130461D
:10BB280009F049FB08B1037803B92048E9468AB00F
:10BB38006A461F4BD061C2E9053640F201331384CF
:10BB48001C4B42F8103F00234FF411511548FAF7E7
:10BB58008BF82946CD462046FFF79AFF042C0CD1D6
:10BB680015498723154A164808F0AAF8154808F019
:10BB7800A7F88721114808F09AF888F31188BFF3CD
:10BB88006F8F3046FBF774F9BD46BDE8F88300BFF8
:10BB9800146A0020D4130200784102008E4102008A
:10BBA8000500000108840100B64102008641020038
:10BBB800D74102000400000111420200EF410200D7
:10BBC800B21B02002E42020038B50A4B53F820403F
:10BBD800013053F82050A54200D838BD606830B114
:10BBE800037EDB0701D4FFF71DFF0834F3E7236862
:10BBF8009847FAE7E8130200012270B5374B032093
:10BC080086B01A70FFF7E0FF09F05DFB0420FFF72C
:10BC1800DBFF334C334DAC42264628D93249442306
:10BC2800324A334808F04CF8324808F049F84421C1
:10BC38002E4808F03CF854F80C3C059354F8103C96
:10BC4800049354F8143C039354F8183C029354F8A2
:10BC58001C3C019354F8203C009354E90A2354E90E
:10BC68000C0101F0E1F954F8303C5E65D3E7AE42CF
:10BC780004F13004DFD301F041FF194C1E4EAC42F1
:10BC88001FD919496823194A194808F019F8194899
:10BC980008F016F86821CBE7D4E90A23B3F1FF3F8F
:10BCA80008BFB2F1FF3F05D052EA0301206803D173
:10BCB80002F084F93034E2E73146183002F066FDCC
:10BCC800F8E7E9D301F08CFFF7F718FD0B4A137B6F
:10BCD80023F00103137306B070BD00BFA8750020E0
:10BCE8003883010038830100CE420200AD420200D1
:10BCF800B21B0200B12602002352010000290020D5
:10BD08004FF4847370B5144E86B003FB0066134B72
:10BD1800012205930F23CDE903320023CDE9013336
:10BD280018234FF4A0720E4D0E4903FB005504462C
:10BD380002FB00110C4B3046009501F075F9737B3E
:10BD48002C7423F004037373084B013403EBC423EE
:10BD5800EE606B6006B070BDF8270020FB42020061
:10BD6800146A00202886002069C10000287E00206F
:10BD78007FB50020FFF728FF334B03F5006282F3FD
:10BD8800088883F30A88E023304C84F822300023A3
:10BD9800E37723766376A37684F82030626A42F4E8
:10BDA800E022626284F82330FAF7DCFFFBF7D6F969
:10BDB8004FF0FF33A362E362FBF7A8FBFBF7F4F94C
:10BDC800F9F726FD224801F029FA224B224A93422C
:10BDD8000ED92249CC23224A224807F071FF224873
:10BDE80007F06EFFCC211E4807F061FF1C33EEE719
:10BDF800FCD30120FFF7E8FE02201C4CFFF7E4FE0D
:10BE080001F07EFF1A4B00259C611A4B4FF48052BB
:10BE1800059301231849CDE903532046174BCDE973
:10BE28000155009501F000F90646637B204623F092
:10BE38000403637301F05EFB2846FFF761FF314698
:10BE480020460E4AFBF762F9287E002000ED00E04C
:10BE5800302B002080790100287A0100004302007D
:10BE6800AD420200B21B0200B126020000290020E8
:10BE7800146A00206E1E02006887002001BC0000C2
:10BE8800002038B50C4C0D4DAC4213D90C49952304
:10BE98000C4A0D4807F014FF0C4807F011FF9521D4
:10BEA800084807F004FF204609F010F9002802DBD3
:10BEB8002034E9E7F7D338BD58040020980400205F
:10BEC800404302001B430200B21B0200B1260200DD
:10BED8002DE9F74305460F4691461C4600F1080632
:10BEE800EFF31188202383F31288BFF36F8F304656
:10BEF80002F09AFB60B98823314A3249324807F088
:10BF0800DFFE3146314807F0DBFE88212C4826E069
:10BF1800304602F0ADFB2B691BB33B601C68EB6934
:10BF28002C610133EB6114B96A6993421FD0EB6845
:10BF3800E41A09D4D5E905235A43A24204D9B4FB2B
:10BF4800F3F203FB124494B12149EA23214A1E4823
:10BF580007F0B6FE204807F0B3FEEA211D4807F0B7
:10BF6800A6FE59EA040214D16FF00B043B60304678
:10BF780002F068FBF0B94FF49A73114A1749124856
:10BF880007F09EFE3146164807F09AFE4FF49A7164
:10BF9800BCE7CDE900942A464146304601F094FBBF
:10BFA800044618B90F4B9B681B693B60204603B0D9
:10BFB800BDE8F08388F31188BFF36F8FF6E700BF01
:10BFC800C2240200EF240200B21B02000425020072
:10BFD8005D4302001B430200D94302001A250200F8
:10BFE80031250200146A00202DE9F843C36805468C
:10BFF800CB1A0E4623D4D0E90512514399421ED9D3
:10C00800B3FBF2F102FB1133CBB900F10807EFF3F0
:10C018001189202484F31288BFF36F8F384602F009
:10C0280003FBD8B98823414A4149424807F048FEF2
:10C038003946414807F044FE88213C480CE03F4916
:10C048004FF489733E4A3B4807F03AFE3D4807F0F3
:10C0580037FE4FF489713A4807F029FE384602F056
:10C0680007FBD5F81080B8F1000F40D1EFF311832A
:10C0780084F31288BFF36F8F83F31188BFF36F8F38
:10C088005BB93149A623314A2A4807F019FE3048DE
:10C0980007F016FEA6212D48DEE72C68A54226D01B
:10C0A8002CB3A3683BB92B498F23284A214807F0B2
:10C0B80007FE8F21EFE7D4E9003213605A60637BF3
:10C0C800C4E9008823F002036373C4F8088004F10C
:10C0D800180002F037FC2046C4F8BC80266101F045
:10C0E80009FA49463846BDE8F84301F0ADBC2B696A
:10C0F80038463360EB692E61013BEB6102F0A2FA2E
:10C1080068B94FF49A73094A13490A4807F0D8FDE9
:10C118003946124807F0D4FD4FF49A718DE789F338
:10C128001188BFF36F8FBDE8F88300BFC2240200F7
:10C13800EF240200B21B0200042502004241020063
:10C148001B430200F443020041440200164402006B
:10C15800594402005C4402001A25020031250200FD
:10C1680008B50D4B9B6893F90E30002B09DB202492
:10C17800EFF3118384F31288BFF36F8F08F05CF933
:10C18800F6E7064906481C23064A07F099FD1C21D4
:10C19800044807F08CFD00BF146A00209444020094
:10C1A800B21B02007344020008B583684BB90B49FF
:10C1B8000B488F230B4A07F083FD8F21094807F0AE
:10C1C80076FDD0E9003213605A600023427BC0E953
:10C1D800003322F002024273836008BD5C4402000F
:10C1E800B21B0200164402002DE9F74F04460F4621
:10C1F80091461E469DF830A0EFF3058373B152EACD
:10C2080006030BD05D4981235D4A5E4807F058FD5F
:10C218005D4807F055FD8121594819E004F10805EA
:10C22800EFF311884FF0200B8BF31288BFF36F8F59
:10C23800284602F0F9F968B98823544A5449514804
:10C2480007F03EFD2946534807F03AFD88214F483C
:10C2580007F02DFD284602F00BFA626A23699A421C
:10C2680074D2EFF311838BF31288BFF36F8F83F3CC
:10C278001188BFF36F8F5BB94749A623474A4148E6
:10C2880007F01EFD404807F01BFDA6214348DFE7E5
:10C298002668B4421AD0CEB13046FFF785FF06F1C2
:10C2A800180002F04FFBE2680024394630690AF0B2
:10C2B8002FFC3046C6F8BC4001F01CF94146284620
:10C2C80001F0C2FB204603B0BDE8F08F206A616927
:10C2D800884202D3A369984207D331499C23284A4C
:10C2E800284807F0EDFC9C2196E7E268BAF1000FB8
:10C2F80021D039460AF00CFC236AE2681344A2698B
:10C308002362934201D163692362636A01336362E2
:10C318000024284602F096F950BB4FF49A731B4A42
:10C328002049184807F0CCFC29461F4807F0C8FCEC
:10C338004FF49A718BE7E069814208BFE361E069D5
:10C348003946801AE0610AF0E3FBDEE759EA0603A2
:10C358000BD0164B22469B6841461F612846CDE903
:10C36800009601F0B1F90446ACE76FF02204D0E77B
:10C3780088F31188BFF36F8FA4E700BFDE44020083
:10C38800BC440200B21B020059440200C22402004D
:10C39800EF24020004250200414402001644020072
:10C3A800234502001A25020031250200146A0020E4
:10C3B8002DE9F7430446884617461D46EFF30583E3
:10C3C80083B152EA05030DD05F494FF48A735F4A7F
:10C3D8005F4807F075FC5F4807F072FC4FF48A71FC
:10C3E8005A4818E004F10806EFF31189202383F373
:10C3F8001288BFF36F8F304602F016F968B98823A8
:10C40800554A5649524807F05BFC3146544807F0F4
:10C4180057FC8821504807F04AFC304602F028F9BA
:10C42800636A002B64D0E2684046E1690AF070FB59
:10C43800E369E2681344A269E361934204BF636954
:10C44800E361636A013B6362EFF31183202282F3A5
:10C458001288BFF36F8F83F31188BFF36F8F5BB9B7
:10C468004049A623404A3A4807F02AFC394807F0D1
:10C4780027FCA6213C48CEE72568AC4248D0002DD1
:10C4880047D02846FFF790FE05F1180002F05AFA47
:10C49800206A6369984202D3A369984209D3334951
:10C4A8004FF49773294A2A4807F00AFC4FF497710A
:10C4B80096E72969E2680AF02BFB236AE2682846B6
:10C4C8001344A2692362934204BF63692362636AC7
:10C4D800013363620024C5F8BC4001F00BF84946FB
:10C4E800304601F0B1FA2546284603B0BDE8F0838E
:10C4F80057EA05031FD01E4B22469B684946C3F8DE
:10C5080010803046CDE9007501F0DEF80546EBE70E
:10C518000025304602F096F880B94FF49A730E4A17
:10C5280014490B4807F0CCFB3146134807F0C8FB09
:10C538004FF49A716EE76FF02205EAE789F31188E4
:10C54800BFF36F8FD0E700BFDE440200BC44020097
:10C55800B21B020059440200C2240200EF24020068
:10C56800042502004144020016440200234502004B
:10C57800146A00201A250200312502002DE9F34132
:10C58800044617461E46EFF3058565B158496F23E3
:10C59800584A594807F094FB584807F091FB6F2117
:10C5A800544807F084FBEFF31188202383F31288A3
:10C5B800BFF36F8F524802F037F860B98823514AA9
:10C5C80051494D4807F07CFB4D49504807F078FB2E
:10C5D80088214C48E5E74A4802F04AF8E3684C4AA3
:10C5E8009BB1A0689168884229D057EA06032ED1EA
:10C5F800434802F027F8A0B188F31188BFF36F8F82
:10C608006FF00F0002B0BDE8F081916891F90E104B
:10C618000133E36093683A482161A36002F012F89D
:10C6280078B94FF49A73374A3A49334807F048FBC8
:10C638003349394807F044FB4FF49A71C9E7216937
:10C64800E6E788F31188BFF36F8F0020DAE791F9E6
:10C658000E1090F90E306FF07E029942A8BF19466D
:10C668009142B8BF11468B4202DD08F060FD0546D5
:10C6780022464146CDE90076214801F025F80028F8
:10C68800E3D0EFF31186202383F31288BFF36F8F73
:10C698001B4801F0C9FF002890D0194801F0E8FFB5
:10C6A800A068C0B1236821699C420AD04BB193F9B4
:10C6B8000E309942A8BF19466FF07E039942B8BF61
:10C6C800194608F034FD30B131460D4801F0BCF987
:10C6D8006FF00A0096E7002DF6D1094801F0B2FF85
:10C6E80000289ED086F31188BFF36F8FF0E700BF54
:10C6F800914502006F450200B21B0200A3450200EB
:10C708003C6A0020C2240200EF2402000425020033
:10C71800146A00201A25020031250200F8B50546E2
:10C72800EFF3058363B15549D723554A554807F0B8
:10C73800C7FA554807F0C4FAD721514807F0B7FAA5
:10C748008368002B00F09380504A9268934240F02F
:10C758009180C3683BB94E49EF23494A494807F0DD
:10C76800AFFAEF21E9E7012B03D0013BC3600020BA
:10C77800F8BDEFF31187202484F31288BFF36F8F7D
:10C78800444801F051FF60B98823434A43493D4872
:10C7980007F096FA3F49424807F092FA88213E4846
:10C7A800CCE73C4801F064FF2969A86808F0BFFCA1
:10C7B800EFF3118384F31288BFF36F8F83F311882B
:10C7C800BFF36F8F5BB93749A623374A2D4807F067
:10C7D80077FA364807F074FAA6213348AEE72C6892
:10C7E800AC4215D100232B48C5E9023301F02AFFDA
:10C7F800002837D14FF49A73274A2D49214807F06A
:10C808005FFA24492B4807F05BFA4FF49A71C6E7A0
:10C81800002CE7D0A3683BB927498F23224A19483F
:10C8280007F04EFA8F21D8E70026D4E900321360CA
:10C838005A60637BC4E9006623F002036373A66051
:10C8480004F1180002F07EF8AC6094F90E3020462E
:10C858002B61C4F8BC6000F04DFE39460D4801F06C
:10C86800F3F884E787F31188BFF36F8F7FE76FF0E2
:10C8780015007DE74FF0FF307AE700BF91450200D1
:10C888006F450200B21B0200A3450200146A002093
:10C89800C84502003C6A0020C2240200EF240200BE
:10C8A80004250200414402001644020059440200D3
:10C8B8001A250200312502005C44020008B583688D
:10C8C8004BB90B490B488F230B4A07F0F9F98F2115
:10C8D800094807F0ECF9D0E9003213605A600023E8
:10C8E800427BC0E9003322F002024273836008BD34
:10C8F8005C440200B21B02001644020070B50446F4
:10C90800EFF31186202585F31288BFF36F8F304827
:10C9180001F08AFE60B988232E4A2F492F4807F074
:10C92800CFF92B492E4807F0CBF98821294818E080
:10C93800274801F09DFEEFF3118385F31288BFF3BA
:10C948006F8F83F31188BFF36F8F63B92549A623CF
:10C95800254A224807F0B4F9244807F0B1F9A6217E
:10C96800214807F0A4F92568AC4213D095B12846B0
:10C97800FFF7A4FF05F1180001F0E4FF00232846A3
:10C98800C5F8BC3000F0B6FD3146BDE8704010482F
:10C9980001F05AB8D4E902329A4218BF01330C4860
:10C9A800A36001F04FFE68B94FF49A73094A104921
:10C9B8000A4807F085F906490E4807F081F94FF44F
:10C9C8009A71B3E786F31188BFF36F8F70BD00BF0C
:10C9D800406A0020C2240200EF240200B21B0200B9
:10C9E8000425020041440200164402005944020092
:10C9F8001A25020031250200F7B5044616461D46E1
:10CA0800EFF305837BB152EA05030CD02D49882347
:10CA18002D4A2E4807F054F92D4807F051F988217E
:10CA2800294807F044F9EFF31187202383F312888C
:10CA3800BFF36F8F274801F0F7FD60B98823264AB6
:10CA48002649224807F03CF92249254807F038F9D9
:10CA580088212148E5E71F4801F00AFEA368D3B101
:10CA6800013B1C48A36001F0EDFD68B94FF49A73CF
:10CA7800194A1C49154807F023F916491A4807F0BE
:10CA88001FF94FF49A71E4E787F31188BFF36F8FAA
:10CA9800002003B0F0BD56EA05030BD10D4801F0A4
:10CAA800D1FD0028E2D087F31188BFF36F8F6FF0B4
:10CAB8000F00EEE722463946CDE90065054800F04B
:10CAC80003FEE6E7FF450200DF450200B21B020055
:10CAD80059440200406A0020C2240200EF240200E8
:10CAE800042502001A2502003125020007B5074B6C
:10CAF8004FF48062009306494FF0FF33054800F079
:10CB080013FA002003B05DF804FB00BF0014020014
:10CB180068970020082A00202DE9F0430446764E45
:10CB2800764F85B0EFF31188202383F31288BFF383
:10CB38006F8F304601F078FD68B98823704A7149D3
:10CB4800714807F0BDF86C49704807F0B9F88821BA
:10CB58006B4807F0ACF8304601F08AFDD4F80C5168
:10CB6800F5B9022104F5927008F0FCFA002840D0CB
:10CB780004F58E7500220121284601F0B5FB002836
:10CB8800F8D100234FF0FF3202934FF0FF334146B4
:10CB9800CDE90023304604F58A7201F003FCC1E7B1
:10CBA800D4F810212B68954208BFC4F81031C4F896
:10CBB8000C31D4F82431304643F00203C4F8243150
:10CBC800EB68D5F8049023F0040343F00103EB600D
:10CBD80001F038FDF8B94FF49A73494A4C494A486C
:10CBE80007F06EF844494B4807F06AF84FF49A7119
:10CBF800AEE7D4F82431DD06C3D5C4F824013E4895
:10CC080001F020FD0028E6D088F31188BFF36F8F6C
:10CC180005B0BDE8F08388F31188BFF36F8FB9F1D1
:10CC2800000F0AD13C4938484FF438733B4A07F0A3
:10CC380047F84FF4387139488BE72846C847EFF36F
:10CC48001188202383F31288BFF36F8F304601F0D9
:10CC5800EBFC00283FF471AF304601F009FDEB68AA
:10CC6800D90623F0010231D4EA60EB689A0716D599
:10CC7800386823F00203EB6088B10021036870B1C3
:10CC88004268954230D1036841BB7A683B60824272
:10CC980000D17B60002340F8083BFFF72FFED4F853
:10CCA8002431304623F00203C4F82431C3F30025AD
:10CCB80001F0C8FC00288ED088F31188BFF36F8F6D
:10CCC800002D7FF42FAF01F023F82BE723F0110399
:10CCD800EB6005F11000FFF711FEC6E70B607B68FB
:10CCE800834208BF7960D5E723B11A680146184620
:10CCF8001346C4E71A46F9E74C6A0020446A002044
:10CD0800C2240200EF240200B21B02000425020024
:10CD18001A25020031250200AB46020055460200E2
:10CD2800F8B5C36804469A070F46C3F340063BD4D8
:10CD38005B0727D40B680BB983680B60E368DD07D2
:10CD480023D5A3685BB92949294840F25713294AD2
:10CD580006F0B6FF40F25711264806F0A8FF022653
:10CD68003B603D68002D3ED0234B9A68D5F80831CA
:10CD78009A420CD0D5F82431D807C3F3800216D4D0
:10CD88006FF0120600233B6027E00126E9E708F070
:10CD98000CFAD5F824310028EED1D907C3F3C00224
:10CDA800EED552B15B0708D46FF00F06EAE7002A08
:10CDB800FAD1C3F3C003002BF6D100232360D5F8C2
:10CDC800103163B9C5E94344284608F0D6F9E36849
:10CDD80043F00403E3603B68A3603046F8BD1C6081
:10CDE800C5F81041F0E76FF01506CBE7764602006C
:10CDF800B21B020055460200146A002038B50D46E1
:10CE0800044648B90C499C230C4A0D4806F058FFC3
:10CE18009C210A4806F04BFF39B90A499D23074A65
:10CE2800074806F04DFF9D21F3E71022002109F085
:10CE380096FE656038BD00BF914602005546020067
:10CE4800B21B0200AB46020037B50C46019059B937
:10CE5800284940F27D13284A284806F031FF40F25D
:10CE68007D11254806F023FF4B684BB924494FF440
:10CE7800BF73214A214806F023FF4FF4BF71F0E742
:10CE8800EFF31185202383F31288BFF36F8F1D48BA
:10CE980001F0CAFB60B988231B4A1C49174806F0F1
:10CEA8000FFF18491A4806F00BFF88211648D9E7E2
:10CEB800144801F0DDFB204601A9FFF731FF0446C5
:10CEC800104801F0BFFB68B94FF49A730E4A114934
:10CED8000A4806F0F5FE0B490F4806F0F1FE4FF43C
:10CEE8009A71E3E785F31188BFF36F8F204603B08B
:10CEF80030BD00BF9146020055460200B21B020039
:10CF0800A54602004C6A0020C2240200EF24020059
:10CF1800042502001A2502003125020001460148B5
:10CF280008F033B9082A0020F0B589B004460E9DF0
:10CF380058B92F4940F232332E4A2F4806F0C0FE26
:10CF480040F232312B4806F0B2FE49B92B4940F283
:10CF58003333284A284806F0B3FE40F23331F1E76C
:10CF6800D0F8240110F0010009D025494FF44D7381
:10CF7800204A214806F0A4FE4FF44D71E2E7C4E9C7
:10CF8800430004F58A70C4E9450004F58E70C4E9CD
:10CF9800470055B32879002840F2011008BF012046
:10CFA800C4F8240100204FF0FF364FF0FF37CDE9D9
:10CFB8000330CDE90100CDE906672046114B009406
:10CFC80000F0E6F855B1296811B1204600F01CF8C8
:10CFD8006B791BB1237B43F001032373204600F0D8
:10CFE800EDFFC4F8084109B0F0BD0120D8E700BF43
:10CFF800C338020055460200B21B0200F646020082
:10D00800C246020021CB000010B5044608B9054B02
:10D018009C681F2204F1840009F077FE002084F840
:10D02800A30010BD146A00202DE9F04F85B0DDE99A
:10D0380010870F2F0446DDE90EA99B46139E40D1A9
:10D04800474B9B4541D104F15803C4E91633129B61
:10D05800002523730423073222F00702A7738F18D1
:10D06800C4E92A126373C4E90655A560E573C4F8D8
:10D07800B0505B463A462046CDE90198CDF800A06D
:10D08800FAF700F8C4E91CBAC4E91E98656584F883
:10D098006C50EFF31189202383F31288BFF36F8F4D
:10D0A800304801F0C1FA18BB88232F4A2F4930486D
:10D0B80006F006FE2B492F4806F002FE88212A4872
:10D0C80014E007F110031E2BBDD940F24B232A4A66
:10D0D8002A49274806F0F4FD394629486FF00F031E
:10D0E8000E2206F0EDFD40F24B21234806F0DFFD4D
:10D0F800DFF898801B4801F0BBFAD8F824301948AB
:10D10800C4F88030C8F8244001F09CFA68B94FF49C
:10D118009A73154A1B49164806F0D2FD11491A4858
:10D1280006F0CEFD4FF49A71C9E789F31188BFF371
:10D138006F8F96B11F22314604F1840009F0E5FD96
:10D1480084F8A350D8F808300BB1D3F8B430384677
:10D15800C4F8B43005B0BDE8F08F84F88460F1E716
:10D1680069C100005C6A0020C2240200EF240200AA
:10D17800B21B020004250200FC4602001F47020001
:10D188009F4702001A25020031250200146A002078
:10D19800F0B587B00446DDE91276EFF3058575B181
:10D1A800194940F21A33194A194806F089FD1948F5
:10D1B80006F086FD40F21A31144806F078FD059510
:10D1C800109D04950F9D03950E9D02950D9D01954B
:10D1D8000C9D0095FFF728FFB6F1FF3F08BFB7F198
:10D1E800FF3F05D056EA070305D1204600F0E6FECA
:10D1F800204607B0F0BD3A46334604F11800064908
:10D2080001F0C4FAF4E700BF91450200FC460200B1
:10D21800B21B0200D04702002352010040F2011362
:10D2280083810023C0E92A33C0F8B430014B9860E9
:10D23800704700BF146A002070B590F90D20437B39
:10D24800002A5ADBDC0658D12D4A43F0800390426D
:10D25800437309D12B4952232B4A2C4806F030FD41
:10D268005221294806F023FDD90707D52849532319
:10D27800254A264806F024FD5321F2E7254C22468C
:10D2880052F81C3F216A934207D1C0E90021086087
:10D29800206211E09942F8D01B68002BF5D090F974
:10D2A8000E5093F90E60B542F4D0AE42F2DD5968E3
:10D2B800C0E9003108605860E569954200D005B9B9
:10D2C800E568A3685BB91449EA23144A0F4806F0D5
:10D2D800F7FC134806F0F4FCEA211048C2E75A7B31
:10D2E800D20604D1DA897F2A01D9AA6932B1AB42C0
:10D2F80002D0284601F010F9A56170BDA361FCE7D2
:10D30800F827002017480200F5470200B21B020068
:10D3180038480200146A00207D4802005148020083
:10D328005944020038B590F90D200146002A437B84
:10D338001BDA224A03F07F039042437309D1204944
:10D348005A23204A204806F0BBFC5A211D4806F003
:10D35800AEFCDC0707D51D495B231A4A1A4806F0BC
:10D36800AFFC5B21F2E707F028FF194D2A4652F877
:10D378001C4FAB68944200D004B9EC688B4214D0BF
:10D388005BB91449EA23144A0F4806F099FC13487C
:10D3980006F096FCEA211048D9E75A7BD20604D158
:10D3A800DA897F2A01D9A2692AB1A34202D020468C
:10D3B80001F0B2F82346AB6138BD00BFF827002062
:10D3C80017480200F5470200B21B02003848020065
:10D3D800146A00207D4802005148020059440200A6
:10D3E80008B583684BB9094909488F23094A06F0EB
:10D3F80067FC8F21074806F05AFC07F0DEFE437BE6
:10D4080023F0020343730023836008BD5C440200D9
:10D41800B21B02001644020008B5144A936880B192
:10D42800597B11F0090F0CD11149D223114A124826
:10D4380006F046FC114806F043FCD2210D4806F0E0
:10D4480036FC6FF00A01C3F8BC100D49C3F8B800E8
:10D458004B6843F080534B60002383F31188BFF37C
:10D468006F8F9368D3F8BC0008BD00BF146A002012
:10D47800CE480200A4480200B21B0200374902004D
:10D4880000ED00E038B5194CA168206A0B688142AC
:10D4980014BF1A46002249680B605960A368216AC4
:10D4A8002AB9134AC3E900210B6023620CE093F9FF
:10D4B8000E0092F90E50A84214D0854212DD516830
:10D4C800C3E900210B605360E569094B9D4200D018
:10D4D80005B9E568A3689D4202D0284601F01CF80A
:10D4E800A56138BD9142DCD01268D9E7146A0020E2
:10D4F800306A002038B50446EFF31185202383F302
:10D508001288BFF36F8F174801F08EF868B9882327
:10D51800154A1649164806F0D3FB1249154806F075
:10D52800CFFB8821104806F0C2FB0E4801F0A0F896
:10D538002046FFF781FE0B4801F084F868B94FF4E4
:10D548009A73094A0C490A4806F0BAFB05490B4880
:10D5580006F0B6FB4FF49A71E4E785F31188BFF340
:10D568006F8F38BD506A0020C2240200EF240200E9
:10D57800B21B0200042502001A2502003125020010
:10D5880038B50446EFF31185202383F31288BFF3DF
:10D598006F8F184801F048F868B98823164A174968
:10D5A800174806F08DFB1349164806F089FB8821B9
:10D5B800114806F07CFB0F4801F05AF8A36813B134
:10D5C8002046FFF70DFF0B4801F03CF868B94FF40F
:10D5D8009A73094A0C490A4806F072FB05490B4838
:10D5E80006F06EFB4FF49A71E2E785F31188BFF3FA
:10D5F8006F8F38BD506A0020C2240200EF24020059
:10D60800B21B0200042502001A250200312502007F
:10D6180070B504460D46EFF31186202383F3128874
:10D62800BFF36F8F214800F0FFFF68B98823204AB5
:10D638002049214806F044FB1C49204806F040FBDD
:10D6480088211B4806F033FB184801F011F8002325
:10D6580094F86C10627B84F86C3091B18DB11348EA
:10D6680000F0F0FFE8B94FF49A73114A14491248D0
:10D6780006F026FB0D49134806F022FB4FF49A7179
:10D68800DFE712F0280FEAD1A36813B12046FFF7AD
:10D69800A7FE637B204623F004036373FFF7CCFDEA
:10D6A800DDE786F31188BFF36F8F70BD506A0020E5
:10D6B800C2240200EF240200B21B0200042502006B
:10D6C8001A250200312502002DE9F047DFF800A1F4
:10D6D800344D1746DDE90898DAF80820324BA8429D
:10D6E80004460E461A600BD13049314840F29E2359
:10D6F800304A06F0E5FA40F29E212E4806F0D7FAA5
:10D70800EFF31183202383F31288BFF36F8F28462A
:10D7180000F08AFF60B98823274A2849244806F080
:10D72800CFFA2946264806F0CBFA88212248E5E7B1
:10D73800284600F09DFFDAF808503946284607F0D9
:10D7480044FDB8F1FF3F08BFB9F1FF3F06D04A4694
:10D7580043461C4905F1180001F018F8204600F06E
:10D7680071FF68B918494FF4B773134A104806F0A7
:10D77800A7FA2146154806F0A3FA4FF4B771D5E782
:10D78800084800F05FFF40B90F494FF4B7730A4AE1
:10D79800074806F095FA0349ECE73046BDE8F0473C
:10D7A800FFF73ABE506A0020546A00205F49020021
:10D7B800B21B0200F5470200C2240200EF24020057
:10D7C80004250200235201001A2502003125020017
:10D7D800146A002070B50546EFF31186202383F301
:10D7E8001288BFF36F8F1B4800F01EFF68B98823AB
:10D7F800194A1A491A4806F063FA1649194806F0F0
:10D808005FFA8821144806F052FA124800F030FFF7
:10D818002C68A54215D014B12046FFF7E1FD0D484C
:10D8280000F010FF78B94FF49A730B4A0E490C4870
:10D8380006F046FA07490D4806F042FA4FF49A7185
:10D84800E0E70024EBE786F31188BFF36F8F2046EB
:10D8580070BD00BF506A0020C2240200EF240200FD
:10D86800B21B0200042502001A250200312502001D
:10D878002DE9F04104460D46EFF31187202383F389
:10D888001288BFF36F8F624800F0CEFE60B988231C
:10D89800604A6149614806F013FA5D49604806F03C
:10D8A8000FFA88215B4818E0594800F0E1FE637BD5
:10D8B80003F01F02002A0CBF0126002671D1594A25
:10D8C80003F07F039442637309D157495A23574A97
:10D8D800524806F0F5F95A21544806F0E8F9D907F4
:10D8E80007D553495B23514A4C4806F0E9F95B21B7
:10D8F800F2E7204607F061FC637B6DB243F08003DA
:10D90800DA07A573637307D549495323474A434840
:10D9180006F0D6F95321DFE7DFF82881424652F8AE
:10D928001C3F93423AD1D8F82010C4E900210C607A
:10D93800C8F820400FE09942F7D01B68002BF4D0BC
:10D9480093F90E008542F6D0A842F4DD5968C4E97F
:10D9580000310C605C60D8F81C40944200D00CB9CF
:10D96800D8F80C40D8F808309C4202D0204600F085
:10D97800D3FDC8F81840264800F064FE00283FD1BF
:10D988004FF49A73234A2B49244806F099F9204901
:10D99800294806F095F94FF49A7183E7D8F82010D2
:10D9A800CCE79B072AD5A16841B924491B488F2396
:10D9B800234A06F085F98F2121488EE720466DB26B
:10D9C80007F0FBFBA5730B68994209D14B68C4E9C2
:10D9D80000131C604C60CEE74A689342F6D01B687F
:10D9E800002BF3D093F90E209542F5D0AA42F3DD2F
:10D9F8005A68C4E9003214605C60BCE7A573BAE7F2
:10DA080087F31188BFF36F8F3046BDE8F08100BF00
:10DA1800506A0020C2240200EF240200B21B020058
:10DA280004250200F827002017480200F5470200E5
:10DA3800384802001A250200312502005C44020021
:10DA480016440200146A002070B504460D46F9B960
:10DA5800EFF30586E6B91A4B9A699B689A4217D084
:10DA680000F0F0FD78B94FF4B773164A1649174815
:10DA780006F026F92146164806F022F94FF4B77148
:10DA8800104806F014F93046BDE87040FFF7C4BCF2
:10DA9800204600F0D7FD68B94FF49A73094A0A493D
:10DAA8000A4806F00DF92146094806F009F94FF42D
:10DAB8009A71E5E785F31188BFF36F8F70BD00BFDA
:10DAC800146A0020C22402001A250200B21B0200B8
:10DAD80031250200034648B9EFF3058232B9064AF8
:10DAE80091699268914201D0FFF796BC83F311883F
:10DAF800BFF36F8F704700BF146A002010B5EFF3B3
:10DB08001184202383F31288BFF36F8F284800F015
:10DB18008BFD60B98823274A2749284806F0D0F8A2
:10DB28002349274806F0CCF88821224812E02048EB
:10DB380000F09EFDEFF3058373B1224940F23B33B9
:10DB4800214A1E4806F0BCF8204806F0B9F840F211
:10DB58003B311D4806F0ABF81D4B9A68D37B012B6F
:10DB68000CD11C494FF44F73174A144806F0A8F813
:10DB7800164806F0A5F84FF44F71EAE7013BD37356
:10DB88000B4800F05FFD68B94FF49A73094A1249CF
:10DB98000A4806F095F80649104806F091F84FF43F
:10DBA8009A71C2E784F31188BFF36F8F10BD00BF6D
:10DBB800506A0020C2240200EF240200B21B0200B7
:10DBC8000425020091450200F5470200594402006D
:10DBD800146A0020984902001A2502003125020023
:10DBE80070B5EFF31186202383F31288BFF36F8F8C
:10DBF800374800F019FD60B98823364A3649374856
:10DC080006F05EF83249364806F05AF8882131485D
:10DC180013E0344D2E4800F02BFDAB68DA7B72B967
:10DC2800314940F24733314A2C4806F049F8304828
:10DC380006F046F840F247312C4806F038F8EFF382
:10DC4800058161B12B494FF45273284A234806F0E5
:10DC580037F8274806F034F84FF45271ECE70132F0
:10DC6800DA732A4652F81C4F944200D004B9EC6883
:10DC78005A7BD20604D1DA897F2A01D9A2692AB14E
:10DC8800A34202D0204600F047FC23461048AB616F
:10DC980000F0D8FC68B94FF49A730E4A16490F4839
:10DCA80006F00EF80A49154806F00AF84FF49A717A
:10DCB800ADE786F31188BFF36F8FEFF31180202350
:10DCC80083F31288BFF36F8FBDE87040FFF702BF80
:10DCD800506A0020C2240200EF240200B21B020096
:10DCE80004250200146A0020C9490200F547020011
:10DCF80059440200914502001A250200312502000C
:10DD0800024B03F11C02C3E907227047146A002082
:10DD180070B5EFF3058373B139494FF48E63394A0F
:10DD2800394805F0CDFF394805F0CAFF4FF48E6138
:10DD3800344805F0BCFFEFF31186202383F31288E3
:10DD4800BFF36F8F324800F06FFC60B98823314A07
:10DD580031492D4805F0B4FF2D49304805F0B0FF92
:10DD680088212C48E5E72E4C294800F081FCA16861
:10DD7800206A0B68814214BF1A46002249680B606A
:10DD88005960A368216A2AB9264AC3E900210B60B1
:10DD980023620CE093F90E0092F90E50A84225D0A8
:10DDA800854223DD5168C3E900210B605360E569B2
:10DDB8001C4B9D4200D005B9E568A3689D4202D07E
:10DDC800284600F0A9FB1248A56100F03BFC88B981
:10DDD8004FF4B7730F4A14490B4805F071FF0C490B
:10DDE800124805F06DFF4FF4B771BAE78A42CBD0FD
:10DDF8001268C8E73046BDE87040FFF70DBB00BFAA
:10DE080091450200F5470200B21B02005944020086
:10DE1800506A0020C2240200EF24020004250200F8
:10DE2800146A0020306A00201A25020031250200F9
:10DE38002DE9F04106460C46EFF3058777B13449E2
:10DE48004FF49163334A344805F03AFF334805F0FC
:10DE580037FF4FF491612F4805F029FF50EA01037D
:10DE680004D1FFF755FF0020BDE8F081EFF31188DA
:10DE7800202383F31288BFF36F8F294800F0D4FB67
:10DE880060B98823274A2849234805F019FF2449FF
:10DE9800264805F015FF88212248DDE7244D204853
:10DEA80000F0E6FBA868234B1860FFF73BFAA86868
:10DEB800234632462049183000F068FCAA68044618
:10DEC800537B174843F00403537300F0BBFB68B956
:10DED8004FF4B773134A19490F4805F0F1FE10497A
:10DEE800174805F0EDFE4FF4B771D5E74046FFF748
:10DEF80093FAAB68D3E90A23B3F1004F08BFBA42DB
:10DF0800B1D107F0B2F9201A20EAE070ACE700BFFF
:10DF180091450200F5470200B21B02005944020075
:10DF2800506A0020C2240200EF24020004250200E7
:10DF3800146A0020546A0020235201001A250200A6
:10DF480031250200F8B506460F46EFF3058474B193
:10DF5800164940F2B243164A164805F0B1FE164873
:10DF680005F0AEFE40F2B241114805F0A0FEFFF701
:10DF78005FFFB7F1FF3F08BFB6F1FF3F05463046E8
:10DF880012D04FF47A7647F61120214647F612222E
:10DF98000023C5FB0601F2F777FFB0F1004F71F1DE
:10DFA800000128BF6FF00040F8BD00BF9145020096
:10DFB800F5470200B21B02005944020038B5044676
:10DFC800EFF31185202383F31288BFF36F8F204866
:10DFD80000F02AFB68B988231E4A1F491F4805F02C
:10DFE8006FFE1B491E4805F06BFE8821194805F095
:10DFF8005EFE174800F03CFB637B5B0710D504F11D
:10E00800180000F09FFC637B204623F00403637331
:10E01800FFF712F92946BDE838400D48FFF714BD4F
:10E028000B4800F00FFB68B94FF49A73094A0D4981
:10E038000A4805F045FE06490B4805F041FE4FF435
:10E048009A71D3E785F31188BFF36F8F38BD00BF8E
:10E05800506A0020C2240200EF240200B21B020012
:10E06800042502001A25020031250200014B986898
:10E07800704700BF146A00202DE9F8430446077B67
:10E08800EFF31185202383F31288BFF36F8F844841
:10E0980000F0CAFA68B98823824A8349834805F0A0
:10E0A8000FFE7F49824805F00BFE88217D4805F068
:10E0B800FEFD7B4800F0DCFA637B180717D578482B
:10E0C80000F0C0FA68B94FF49A73764A79497748EC
:10E0D80005F0F6FD7249784805F0F2FD4FF49A71A3
:10E0E800E4E785F31188BFF36F8FBDE8F883D9099A
:10E0F80043F0080240F086806273A36813B120469B
:10E10800FFF76EF904F1180000F01CFCA66D04F18D
:10E118005808B04511D04FF0000976B13046FFF7E6
:10E128005FF906F1180000F00DFC3046C6F8BC9007
:10E13800FFF782F8A66DB045EFD1DFF8A881D8F8CF
:10E1480008309C427DD1EFF30589B9F1000918BF69
:10E158004FF00109D8F81C60584A964200D00EB911
:10E16800D8F80C60B34202D0304600F0D5F920460A
:10E17800C8F8186006F057F9204600F081FAB9F19E
:10E18800000F02D04E48FFF749F8D8F808309C42F3
:10E198006AD1EFF30586002E66D1237BDA071FD5F7
:10E1A8003F4800F04FFA00288DD085F31188BFF35F
:10E1B8006F8F86F31188BFF36F8F0423184602DF31
:10E1C800EFF31185202383F31288BFF36F8F344850
:10E1D80000F02AFA00283FF45EAF314800F048FA10
:10E1E8002F4800F02FFA78BB4FF4B7732D4A314906
:10E1F8002E4805F065FD2A492F4805F061FD4FF4CA
:10E20800B77153E72F4A03F07F0343F008039442A2
:10E21800637308D12C495A232C4A244805F050FD31
:10E228005A212A4843E7D90707D529495B23274AB2
:10E238001E4805F045FD5B21F3E7204606F0BDFFCB
:10E248005BE74FF0000985E72846FFF7E5F8214925
:10E258004FF4EE731D4A154805F032FD1E4805F0CF
:10E268002FFD4FF4EE71DCE70D4800F0EBF90028C4
:10E278003FF429AF85F31188BFF36F8FFB077FF554
:10E2880034AF40F28E53114A1449084805F018FD7E
:10E298002146134805F014FD40F28E51C1E700BF36
:10E2A800506A0020C2240200EF240200B21B0200C0
:10E2B800042502001A25020031250200306A0020D8
:10E2C800302B0020F827002017480200F5470200ED
:10E2D80038480200FA490200054A0200274A0200AB
:10E2E800324A0200146A00202DE9F843064688469F
:10E2F8001746EFF31189202383F31288BFF36F8F3A
:10E30800214800F091F9054668B988231F4A204939
:10E31800204805F0D5FC1C491F4805F0D1FC882190
:10E328001A4805F0C4FC184800F0A2F93468A6425F
:10E338001FD004B32046C4F8BC802761FFF750F80B
:10E3480004F1180000F0FEFA2046FEF775FF0E48AB
:10E3580000F078F988B94FF49A730C4A0F490D48C0
:10E3680005F0AEFC08490E4805F0AAFC4FF49A7176
:10E37800D6E70025EBE72546E9E789F31188BFF3DF
:10E388006F8F2846BDE8F883506A0020C224020037
:10E39800EF240200B21B0200042502001A25020025
:10E3A80031250200D3B5DDE90667089CCDE9006791
:10E3B800FFF78AF91CB1034B9B681B69236002B005
:10E3C800D0BD00BF146A00202DE9F84306460F4669
:10E3D8009046EFF31189202383F31288BFF36F8FE0
:10E3E8001F4800F021F968B988231E4A1E491F48B2
:10E3F80005F066FC1A491E4805F062FC8821194898
:10E4080005F055FC164800F033F93468A6421CD1D3
:10E418000025134800F016F9D0B94FF49A73114A41
:10E428001449124805F04CFC0D49134805F048FC06
:10E438004FF49A71E3E741462046B847054600285D
:10E44800E7D17368A342E3D02468002CF3D1DFE757
:10E4580089F31188BFF36F8F2846BDE8F88300BFA2
:10E46800506A0020C2240200EF240200B21B0200FE
:10E47800042502001A25020031250200427B0346CA
:10E4880012F01F0210D10A4988420DD009490868C4
:10E4980068B1D9897F2909D893F90E20064B1B68E2
:10E4A8009A42B8BF00207047002070471046704756
:10E4B800F82700206C030020586A002008B568B1CE
:10E4C8000F4B98420AD303F11802904206D2182241
:10E4D800C01AB0FBF2F302FB13034BB109490A4817
:10E4E8003F230A4A05F0ECFB3F21084805F0DFFB13
:10E4F8000122074BC0105843064B1A5408BD00BFF1
:10E50800382C0020784A0200B21B0200504A020050
:10E51800ABAAAAAAA975002070B50D4B0D4D1E7C9B
:10E52800FFF7ACFF06EB460305EBC3050446284698
:10E5380000F008FA0022084B9A553CB1621E2846A2
:10E54800BDE870400549D31700F020B970BD00BF81
:10E55800146A0020382C0020A9750020C5E40000AA
:10E5680038B5EFF31185202383F31288BFF36F8F3B
:10E57800234800F059F868B98823224A22492348D9
:10E5880005F09EFB1E49224805F09AFB88211D488C
:10E5980005F08DFB1A4800F06BF81E4B1E4A9C686C
:10E5A8001068A04213D1FFF7B7FF154800F04AF8EA
:10E5B80000BB4FF49A73134A1849144805F080FBBE
:10E5C8000F49174805F07CFB4FF49A71DFE70021EB
:10E5D8001B7C1160134AD35C002BE6D02046FFF762
:10E5E8004DFF0028E1D0637BDB0601D1FEF74AFF2F
:10E5F8002046D8E785F31188BFF36F8F38BD00BF79
:10E60800506A0020C2240200EF240200B21B02005C
:10E6180004250200146A0020546A00201A2502000A
:10E6280031250200A9750020006838B1044B00F0BC
:10E6380003001B7CC01A18BF0120704701207047D7
:10E64800146A0020002302680360EFF30581074B7A
:10E6580019B19968497BC90706D4197C9868084399
:10E66800831A58425841704701207047146A0020A5
:10E67800024B1A7C9B68134303607047146A00209E
:10E6880038B50446EFF31185202383F31288BFF3CE
:10E698006F8F1F48FFF7C8FF68B988231D4A1E49B6
:10E6A8001E4805F00DFB1A491D4805F009FB882195
:10E6B800184805F0FCFA1648FFF7DAFF194A536ABA
:10E6C800A34215D1D3F8803053621148FFF7BAFF3F
:10E6D800C8B94FF49A730F4A1349104805F0F0FA75
:10E6E8000B49124805F0ECFA4FF49A71E0E713462B
:10E6F800002BEAD0D3F88020A242F8D1D4F88020A9
:10E70800C3F88020E1E785F31188BFF36F8F38BD28
:10E718005C6A0020C2240200EF240200B21B02003F
:10E7280004250200146A00201A250200312502007F
:10E73800024B1868984208BF0020704770030020F9
:10E74800034B1B680BB9FBF70FBB0020704700BFDA
:10E75800606A002030B570B10B4B5B6898420AD0F4
:10E76800036843B1D3E90421D0E90445121941EB08
:10E778000501C3E90421D0E9003213605A6000237F
:10E78800C0E9003330BD00BF70030020B3F1FF3F84
:10E7980008BFB2F1FF3F2DE9F84F04469B461546E6
:10E7A8001F4600F0B280D0F80090B9F1000F0CD0ED
:10E7B80057497023574A584805F082FA574805F0D8
:10E7C8007FFA7021534805F072FA8160EFF31188DF
:10E7D800202383F31288BFF36F8F5148FFF724FF7C
:10E7E800824660B988234F4A4F494B4805F068FA7A
:10E7F8004B494E4805F064FA88214A48E3E74848FF
:10E80800FFF736FFBBF1000F494A1FDBFFF798FF00
:10E81800064601354BF1000B454A2D184BEBE073CA
:10E82800D2E90017C4E904536D1843EB0707FFF753
:10E838007FFF0346DFF808E1DEF80490EBB9C4E98E
:10E8480000E9C9F80040CEF8044028E06FF0010361
:10E85800D2E900125B1A4FF0FF3161EB02025B1B39
:10E8680062EB0B02012B72F10001BCBF01234A4687
:10E878004FF0000AC4E90432D9E7D3E9041CD4E90B
:10E8880004208A4270EB0C0B2EDA891A5A686CEB5A
:10E898000000C3E90410C4E9003214605C60FFF7AB
:10E8A80047FF84420ED1234B1B685BB9BAF1000FB6
:10E8B80002D1FFF745FF0646304606F0BFFC0021AF
:10E8C800FBF766FA1648FFF7BDFEB0B94FF49A7326
:10E8D800144A1949104805F0F3F91149174805F089
:10E8E800EFF94FF49A7188E7521A60EB0C009945DA
:10E8F800C4E90420A3D01B68A0E788F31188BFF3FC
:10E908006F8F28463946BDE8F88F00252F46F8E76F
:10E91800A34C02007F4C0200B21B020059440200C3
:10E92800646A0020C2240200EF24020004250200C9
:10E93800502C0020606A00201A25020031250200B0
:10E948007003002070B50446EFF31186202383F38B
:10E958001288BFF36F8F2348FFF766FE68B98823D4
:10E96800214A2249224805F0ABF91E49214805F001
:10E97800A7F988211C4805F09AF91A48FFF778FE8C
:10E98800236833B3FFF7D4FE05462046FFF7E2FEBF
:10E9980000224FF00043A542C4E9042306D1FFF743
:10E9A800CFFE06F04BFC0021FBF7F2F900240D48DE
:10E9B800FFF748FE80B94FF49A730B4A0E490C488A
:10E9C80005F07EF907490D4805F07AF94FF49A7178
:10E9D800D0E76FF01504EAE786F31188BFF36F8F6D
:10E9E800204670BD646A0020C2240200EF240200A1
:10E9F800B21B0200042502001A250200312502007C
:10EA08002DE9F04D0446EFF31186202383F3128895
:10EA1800BFF36F8F4348FFF707FE68B98823424A60
:10EA28004249434805F04CF93E49424805F048F947
:10EA380088213D4805F03BF9DFF808813948FFF7A0
:10EA480017FEC8F80040FFF773FE4FF0000A0446AF
:10EA58004FF0000B384FD8F80030D7E9001CD81712
:10EA680054B1D4E90452AB4270EB020E1EDAED1A2F
:10EA780062EB0002C4E9045200245B184CEB00006E
:10EA8800C7E900302046C8F8004006F0D7FB214609
:10EA9800FBF77EF92348FFF7D5FDA8B186F3118867
:10EAA800BFF36F8FBDE8F04DFFF75ABD69184CEB07
:10EAB800E5732046C4E904ABC7E90013FFF74AFE33
:10EAC8001848FFF7BFFD68B94FF49A73164A1B49F7
:10EAD800174805F0F5F81349194805F0F1F84FF40F
:10EAE8009A71A6E786F31188BFF36F8F2046A36853
:10EAF8009847EFF31186202383F31288BFF36F8FB3
:10EB08000848FFF791FD002888D00648FFF7B0FDB8
:10EB1800D8F800305B1BC8F80030FFF709FE044640
:10EB280099E700BF646A0020C2240200EF240200B3
:10EB3800B21B020004250200502C00201A250200F6
:10EB480031250200606A002070B5EFF3118620239A
:10EB580083F31288BFF36F8F1A48FFF765FD68B912
:10EB68008823194A19491A4805F0AAF81549194875
:10EB780005F0A6F88821144805F099F81148FFF720
:10EB880077FDFFF7DDFD144AD2E90045041945EB8E
:10EB9800E0750C48FFF756FD68B94FF49A730A4AB6
:10EBA8000E490B4805F08CF806490D4805F088F821
:10EBB8004FF49A71DFE786F31188BFF36F8F204611
:10EBC800294670BD646A0020C2240200EF240200B6
:10EBD800B21B020004250200502C00201A25020056
:10EBE80031250200F8B50646EFF31187202383F399
:10EBF8001288BFF36F8F5948FFF716FD68B988234D
:10EC0800574A5849584805F05BF85449574805F0A1
:10EC180057F88821524805F04AF85048FFF728FD70
:10EC280032689AB14D48FFF70DFD002840F09180F9
:10EC38004FF49A734A4A4E494B4805F041F8474900
:10EC48004C4805F03DF84FF49A71E3E7D6E90A54C9
:10EC5800691C44F10003022973F1000334D3013D18
:10EC680044F1FF34002CBCBF15462C4606F001FBCE
:10EC7800013041F10001401944EB0101012871F113
:10EC880000015DDB06F0F5FA6FF00203013041F197
:10EC98000001401944EB010183426FF000438B41AE
:10ECA80053DB06F0E6FA013041F100016FF0010292
:10ECB800401944EB01034FF0FF31121A61EB0303D3
:10ECC80030462D49FFF762FD336B01333363336AF6
:10ECD800DBB12248FFF7B6FC0028A9D087F31188DA
:10ECE800BFF36F8F3046336A9847EFF311872023BD
:10ECF80083F31288BFF36F8F1848FFF795FC00283D
:10ED08003FF47DAF1548FFF7B3FC304650F8184F75
:10ED1800844287D0002C85D02046FEF731FC0023A2
:10ED28000E48C4F8BC30FFF78DFC002880D087F36C
:10ED38001188BFF36F8F2046BDE8F840FEF7DABBB5
:10ED48006FF001024FF0FF33BAE700224FF00043A3
:10ED5800B6E787F31188BFF36F8FF8BD686A0020A4
:10ED6800C2240200EF240200B21B020004250200A4
:10ED78001A25020031250200EDEB00002DE9F843C9
:10ED8800064614461D4691469846EFF31187202300
:10ED980083F31288BFF36F8F2748FFF745FC68B9E4
:10EDA8008823264A2649274804F08AFF224926480C
:10EDB80004F086FF8821214804F079FF1E48FFF7F8
:10EDC80057FCB5F1FF3F08BFB4F1FF3F11D11A4816
:10EDD800FFF738FC50BB4FF49A73184A1B4919487F
:10EDE80004F06EFF14491A4804F06AFF4FF49A7150
:10EDF800E1E7002D0ADB012C75F100032246BCBFB8
:10EE08000122002512F1FF3945F1FF383046FFF79E
:10EE180099FDDDE90823C6E90A2300234A4633633E
:10EE2800304643460B49FFF7B1FCD0E787F311881A
:10EE3800BFF36F8FBDE8F883686A0020C224020020
:10EE4800EF240200B21B0200042502001A2502006A
:10EE580031250200EDEB000038B50D4C0D4DAC42EC
:10EE680013D90D4925230D4A0D4804F029FF0D48F3
:10EE780004F026FF2521094804F019FF2046D4E9AB
:10EE8800011206F021FA1834E9E7F7D3002038BD5B
:10EE98009804002098040020E54C0200C34C0200AE
:10EEA800B21B0200B126020073B51546069AD403B8
:10EEB80023D59F2921D9124EA039337800EB41047C
:10EEC8006BB97D2341F64C521E21CDE900324FF437
:10EED8007A5028230A2200F0A5F8012333702A4625
:10EEE800A021204600F0E6F828B90146A0222846CD
:10EEF80007F035FE282002B070BD0020FBE700BFF8
:10EF0800AA75002070B51F4D04462B78A0B03BB9F8
:10EF1800012378221C491D4806F0BAFA01232B70F8
:10EF2800236B1A4D19681A8AA06B0B46CDE900129B
:10EF3800E66B06F0C6FADDE90012284606F082FA0A
:10EF4800E8B902AB19462868421E273012F9015F5A
:10EF5800033303F8035C92F92850824203F8025CF9
:10EF680092F9505003F8015CF0D13246A06B06F0DC
:10EF7800A3FA003818BF0120404220B070BD7E209F
:10EF8800FBE700BF23760020AB7500206C6A0020E9
:10EF980070B585880C46012D03681DD01E4619469C
:10EFA800DFED1E7AAA0003EB8500814219D19FED9F
:10EFB8001C7AF4EEC77AF1EE10FA20DC184600212C
:10EFC80007F0CDFD03460022DFED147A1146AA4270
:10EFD80017D32180658002E04FF480320A606360B5
:10EFE80070BDB1EC017A77EE877ADEE7D2ED006A80
:10EFF80086EEA77AA2EC017A8242F7D1E3E71A46B5
:10F00800FAE7B6EC017AB4EEE77AF1EE10FAC4BF8B
:10F018001146F0EE477A0132D9E700BF0000000040
:10F0280000000034F0B51D461C4B91B004460F4655
:10F03800164618468822002107F091FDBDF8582091
:10F04800072107EE902AF8EE677ABDF85C20CDED2F
:10F05800047A07EE902A0A22CDE90512104A1149CE
:10F068000792114A0B9108921049114A0C91099282
:10F0780015210122CDE90D120A920622F8EE677ACF
:10F0880001460F9268462246CDED037ACDE9007617
:10F09800029500F0E9F811B0F0BD00BF786A0020D1
:10F0A800CDCCCC3C3333733F8FC2753D0000A042BA
:10F0B800CDCC4C3D10B586B0144603AA0B46009241
:10F0C8000F49024604A806F042FB059BB3B1049819
:10F0D80090B122469FED0B7A023804EB830130F899
:10F0E800024F07EE904AF8EE677A67EE877AE2EC0D
:10F0F800017A8A42F3D198B206B010BD1846FBE7F0
:10F10800786A00200000203D38B50A4D04462B7867
:10F1180033B9F7F7C1FA08B140B238BD01232B70F3
:10F12800204605F001F940B2003818BF01204042DE
:10F13800F3E700BF247600202DE9F04F014616467C
:10F148001D4618468FB07BB100248B691A9FDFF8E3
:10F1580040A0D3E900980DF1180B8DF830404445D4
:10F1680005D11A9BFA1A90100FB0BDE8F08F1B9BBF
:10F17800CDE90065DDE91801CDE903A3CDF808B0B4
:10F188003A4659F824309847013407EB8007E6E7F8
:10F19800BD5501002DE9F04F154692B21F4695B0B6
:10F1A800002A32D00024C369219A9E68D3E900A9B5
:10F1B80009ABD6F8008008930CAB0793DDF880B054
:10F1C80007AB8DF848408DF82C4093604C450BD127
:10F1D800B8F1000F01D1C6F80080209BABEB030209
:10F1E800901015B0BDE8F08F219BCDE90057DDE9FF
:10F1F8001E010493064B5A46CDE902635AF824309F
:10F20800984701340BEB800BE0E71046E9E700BFB5
:10F21800BD5501002DE9F04F1546120C1E4687B06A
:10F228001ED00024A346036A129FDFF838A0D3E952
:10F238000098444505D1129BFA1A901007B0BDE812
:10F24800F08F139B8DE86008DDE91001CDE903A379
:10F258003A4659F824309847013407EB8007E8E725
:10F268001046EBE7BD5501002DE9F3410D46064672
:10F27800174600218822284607F071FC3A4629469D
:10F28800304600F0B1F9044648B9314B31481B68A3
:10F29800D96801F0F9FD204602B0BDE8F081A84622
:10F2A80058F81C1B404600F015FA044620B9284BB4
:10F2B80029481B68D968ECE7404606F0B4FB6B6A3E
:10F2C8003A465B08013305F1340106F1080000F005
:10F2D80073FA044620B91E4B20481B68D968D8E742
:10F2E8006A6B05F1580106F1180000F099F8044618
:10F2F80020B9174B1A481B68D968CAE76B6AAA6E07
:10F30800B3FA83F3C3F119030193B5F8583005F143
:10F318006C01009306F128006B6B00F0F7F80446C7
:10F3280020B90B4B0F481B68D968B2E705F180017B
:10F3380006F1380006F063FA044620B9044B0A487F
:10F348001B68D968A5E7284606F047FA0124A2E712
:10F35800A4030020FE4C02001F4D02003D4D020098
:10F36800624D02008C4D0200B84D02002DE9F74FA6
:10F3780000244FF001094BF2721E4FF4004801922D
:10F388004268DFF898C00092C3F1000A019A9442DB
:10F3980040DA026851F824508AB3002BB4BF25FA2A
:10F3A8000AF59D40012D33D9B5FA85F6C6F11F0738
:10F3B8000F2F09FA07F2A5EB0202D5BF0F3EC6F1DF
:10F3C8000F06B24032415612751C3CF816B03CF894
:10F3D8001550A2EB4626A5EB0B056E435A4402EBEB
:10F3E800264606EB074742460026E7FB0E26009D09
:10F3F800120C42EA0642AA4002F50042150C4FF6EA
:10F40800FF72954228BF154621F814500134BDE714
:10F418000025F4E7084603B0BDE8F08F0C1402009D
:10F4280038B50346DFED186A93ED027A27EE267A9F
:10F43800BCEEC77AD3ED037A104617EE102A93ED87
:10F44800017A67EEA67A27EE267A0D46BCEEC77AD1
:10F45800FCEEE77A196817EE903AEA8017EE102A60
:10F468002960AA8004212B81E86001F0AFFC0446E2
:10F47800286138B9054B06481B68D96801F004FDB6
:10F48800204638BD0120FCE700008046A403002088
:10F49800DC4D020010B5012407EE902AC368B8EECF
:10F4A800677A04FA03F300EE103A04FA01F307EE60
:10F4B800903AF8EE677AD0ED010A2DED028BB8EE9E
:10F4C800408A87EE270AD0ED027AF1EE600A30EE24
:10F4D800270A03F08DF9DFED0C7A28EE000ABDEC5F
:10F4E800028BB4EEE70AF1EE10FADFBFF6EE007A0F
:10F4F80030EE270ABDEEC00A10EE103ACCBF47F630
:10F50800FF7018B210BD00BF00FEFF462DE9F74F8F
:10F518000C46016806460D9F216000295DD0FA203F
:10F52800C4E9012301F008FE0546E06048B92C4B08
:10F538002C481B68D96801F0A7FC284603B0BDE831
:10F54800F08FF368BDF83080DB1B0C3BA8EB070895
:10F558002361002241463046FFF79CFF01222880A4
:10F5680041463046E568FFF795FF688002254FF071
:10F578000109AA46E3680C3BE3606B1E202D09FADB
:10F5880003F20CBF4FF0FF330AFA03F3414630464B
:10F5980002EB52070193FFF77DFF3A468346414647
:10F5A8003046FFF777FF019B07461A46414630462B
:10F5B800FFF770FFE268A0EB0B03A7EB0B0722F83D
:10F5C80035B002EBC501C3EB87070135DB1B212DE5
:10F5D8004F808B80D1D10C32E2600120AEE700BFB2
:10F5E800A4030020FD4D02004FF47A732DE9F04189
:10F5F80006680D465643B6FBF3F62DED048B0E60F8
:10F6080041684FEA46084A43B2FBF3F24046AA6013
:10F6180001F092FD0446686050B9284B28481B68E1
:10F62800D96801F031FCBDEC048B2046BDE8F081BF
:10F6380007EE906A9FED237AF8EEE77A002787EEC7
:10F64800279AB6EE008ADFED208ABE421BD007EE6D
:10F65800907AB8EEE70A30EE080A20EE090A02F0BE
:10F668004BFFF0EE487AE0EE487AB0EE480AA7EE93
:10F67800A80A08F0E7F8BDEEC00A10EE103A24F820
:10F6880017300137E1E7002340462B6101F054FDB4
:10F698000446E86020B9094B0C481B68D968C0E7E4
:10F6A800404601F049FD0446686120B9034B08480B
:10F6B8001B68D968B5E70124B5E700BFA40300209B
:10F6C8001A4E0200DB0FC94000008045424E02007E
:10F6D800634E02000123F7B50546C1608360AF6839
:10F6E8008F424FEA470001D2A860F8E701F024FDF5
:10F6F8000446286040B9224B22481B68D96801F0AB
:10F70800C3FB204603B0F0BD78080130C00001F00B
:10F7180013FD0446686020B9194B1B481B68D9685B
:10F72800EDE7002638463246314601AB0196F2F73E
:10F738006BFC044638B1124B14481B68D96801F0B9
:10F74800A3FB3446DDE7019F384601F0F5FC064689
:10F75800286120B90A4B0E481B68D968EFE70246B2
:10F7680001AB2146A8686F61F2F74EFC2B69834212
:10F7780004D0034B07481B68D968C0E70124C0E7D9
:10F78800A4030020854E0200A74E0200CA4E0200C4
:10F79800E64E02000A4F0200DFED057A08B580EE5A
:10F7A800270A02F0EDFEDFED037A20EE270A08BDF6
:10F7B80000002F4400E08C442DE9F04F2DED088B1C
:10F7C80008EE903A036887B00B6001335D0082460B
:10F7D80028460C4608EE102A019301F0ADFCE060C3
:10F7E8000290284601F0A8FC20618346284601F0D3
:10F7F800A3FC019B60610646D80001F09DFC019BBB
:10F808002062980001F098FC0746284601F094FC15
:10F818008146284601F090FC029B804643B1BBF12B
:10F82800000F05D026B11FB1B9F1000F00D0A0B963
:10F83800384601F089FC484601F086FC404601F054
:10F8480083FCAE4BAE481B68D96801F01DFB002055
:10F8580007B0BDEC088BBDE8F08F9AED020AB5EE53
:10F86800C00AF1EE10FADAED019A05DA2521A54B66
:10F87800A54AA64801F08CFAB4EEE90AF1EE10FAAE
:10F8880003D42621A24BA04AF3E7FFF785FFB0EE89
:10F89800409AB0EE690AFFF77FFFDDED017A30EE9E
:10F8A800490AF8EEE77A3A46C0EE276A002303973A
:10F8B800019999420BDD013307EE903AB8EEE77AE9
:10F8C800F0EE497AE6EE877AE2EC017AF0E7B8EEF4
:10F8D800C88AB6EE00AAF8EEE87AF7EE00AA28EE93
:10F8E8000A8A77EEEA7A9AED027A88EE279AC7EEC4
:10F8F800097AB7EE087A77EE877A0026FDEEE77A7E
:10F90800B34617EE905AC4ED017ACDE90476A660A5
:10F91800019B9E4255DA0295DDED027AB8EEE70AC0
:10F9280020EE090AFFF738FF049BD3ED007AB4EE06
:10F93800E70AF1EE10FA029B02D801330293EBE7D3
:10F948005B1BD4E903E2D4F814C0700029F8165000
:10F9580028F8163002EB4601DBB92EF8163022F8EB
:10F9680016304FF004032CF81630059B5BB98A4219
:10F9780005D0B2F90000043022F8020BF7E70123A2
:10F988000BF1040B0593049B029D04330136049389
:10F99800BEE7002D05F00101B8BF494219444B1ECE
:10F9A80048BF8B1C23F0030105EBD575043125F006
:10F9B80001052EF8005022F800B02CF800108B44F6
:10F9C800E1E70221584601F001FA0221A06105464B
:10F9D800584601F0FBF9E06105B168B9384601F015
:10F9E800B3FB484601F0B0FB404601F0ADFB434B8A
:10F9F80048481B68D96828E79AED020AFFF7CCFE49
:10FA08000026F0EE409A9FED44BA019B9E425FDAD1
:10FA1800E16839F916A031F91650216938F916202C
:10FA280031F91630AAEB0505002E3FD0039951EDA8
:10FA380001BA4FF0000B1D446D000AEB0B03934510
:10FA480000EE103A35DAB8EEC00A039B20EE090A38
:10FA580093ED008A0592FFF79FFE78EE6B7A38EEF9
:10FA6800400A80EE278AB0EE4A0AE169A069A8EE4A
:10FA78000B0A0291049007F0E5FEBDEEC00A3AEECB
:10FA8800C88A10EE103AB0EE4A0A0498A8EE0B0A9B
:10FA9800435307F0D7FEBDEEC00A10EE103A0299A4
:10FAA800059A4B530BF1010B0235C6E7F0EE69BA24
:10FAB800BFE7002AACBF0AEB02010AF10001A36804
:10FAC80001369942039BC8BFA160043303939CE7A6
:10FAD800384601F039FB484601F036FB404601F054
:10FAE80033FB18EE902AA368934204DB034B0B48C0
:10FAF8001B68D968A9E60120AAE600BFA403002074
:10FB0800364F02005A4F0200784F0200B34F0200EE
:10FB18001A5002004850020000008045715002004F
:10FB2800F8B50D4E0D4C0E4D33680E489847677862
:10FB38002B680C48984733680B489847022F08D120
:10FB48002478E31F5C425C412B68074898472046AD
:10FB5800F8BD0024F8E700BFA0030020006B0020D8
:10FB68009C030020380500202405002070B51D4E98
:10FB78001D4C33681D4898472378590744BF23F024
:10FB88000403237023789A0705D500F0C1F8237879
:10FB980023F002032370164D14482B6898473368E6
:10FBA80014489847637813B1134806F099FD002369
:10FBB80004211148637000F0CBF82B680D48984772
:10FBC80033680A4898472378DB0705D506F085FD92
:10FBD800237823F0010323702B680448BDE87040A4
:10FBE800184700BFA0030020006B00202405002058
:10FBF8009C03002038050020046B00202DE9F0410B
:10FC0800FFF78EFF18B100242046BDE8F081364F7B
:10FC180036483B689847044620B16FF08F04FFF7D9
:10FC2800A5FFF1E7324D2B78D80706D406F053FD2F
:10FC380004462B7843F001032B702E4E2B48336873
:10FC4800984710B1002CE8D0E9E7002CE7D13B68D1
:10FC58002648984704460028DFD12B78990706D410
:10FC680000F04EF804462B7843F002032B703368FB
:10FC78001E4898470028E5D1002CD0D13B681B4886
:10FC880098470028C9D13368184895F800809847E4
:10FC98000028C2D13B681848984704460028BCD1C0
:10FCA8006B7843B918F0010F05D0144806F016FD1B
:10FCB800022304466B7033680F4898470028C1D167
:10FCC800002CACD13B68094898470028A5D12B786F
:10FCD80006485A075CBF43F004032B703368984703
:10FCE800002890D099E700BFA00300202405002039
:10FCF800006B00209C03002038050020046B0020C6
:10FD08000122024B002083F880257047086B0020F1
:10FD18002DE9F0410A4C002526464FF0010803273B
:10FD28002046C4F820802777013506F0B7FC202D3F
:10FD380004F12C04F4D1002386F88035BDE8F08165
:10FD4800086B0020014B1B68184700BF7803002090
:10FD580010B50A46044619B1024B00211B689847A2
:10FD680010BD00BF7C03002010B50D4C206800F0CA
:10FD7800CFFE0C4A1368591C11605BB90A4A592016
:10FD8800D2F8003443F00703C2F80034F7F7E4F878
:10FD980000F054FC2068BDE8104000F0D3BE00BF5E
:10FDA800840300208C7000200090055038B5164D53
:10FDB800286800F0ADFE154B1C68013C1C60ECB9CE
:10FDC8005920F7F7D7F80722114BC3F80823D3F8BF
:10FDD800002422F00702C3F80024C3F80041D3F836
:10FDE8000021C3F80441D3F804214FF00072C3F88E
:10FDF8000841D3F80831074BC3F888212868BDE8C3
:10FE0800384000F09FBE00BF840300208C700020A3
:10FE18000090055000E100E070B5104D104E2B68C1
:10FE2800B3420DD0FFF7A0FF00F074FD00F0FEFD17
:10FE380040B106F062FC0446FFF7B8FF44B92E60F3
:10FE4800002405E000F0FAFA044618B1FFF7AEFF07
:10FE5800204670BD06F061FDEDE700BF800300207D
:10FE6800117365000022074BC3F81021C3F80C2159
:10FE7800C3F80021C3F80421C3F80821C3F81821E6
:10FE8800704700BF0090045008B5FFF7EBFF01234F
:10FE98000360104B0A6832B9D3F80C211AB9D3F8A9
:10FEA8000821002AF6D00B687BB90B4B99420ED07B
:10FEB800A3F58473D3F80831002B0CBF4FF0FF3043
:10FEC8006FF00200FFF7CEFF08BD0020FAE74FF001
:10FED800FF30F7E7009004500891045070B50646CB
:10FEE8000D4619B34B6913F00F040CD01149552373
:10FEF800114A124803F0E4FE114803F0E1FE5521CF
:10FF08000D4803F0D4FE2146012005F0C5F80D4840
:10FF18000D49C0F80065C0F80455FFF7B5FF214644
:10FF28000546204605F0B8F8284670BD6FF0010573
:10FF3800FAE700BFF9500200A6500200B21B020007
:10FF4800225102000090045000910450034B0449D0
:10FF5800C3F800050348FFF797BF00BF009004509F
:10FF6800049104500490045010B504460021012067
:10FF780005F092F8064B0749C3F800450648FFF715
:10FF880083FF00210446084605F086F8204610BD88
:10FF980000900450089104500890045038B50C465D
:10FFA80059B1074D0749C5F800050748FFF76CFF29
:10FFB80010B9D5F80835236038BD6FF00100FBE7AC
:10FFC80000900450109104500C9004504FF480732A
:10FFD8002DE9F04796B0804603A80393002406F065
:10FFE80022FC4FF010091E4E0DF12F0525F01F05BC
:08FFF80006F1200A012210218C
:020000021000EC
:100000001A4806F0E9FB2B190093524610232021D1
:100010001548CDF8049000F053FA0746F8B9D6E930
:100020000C321034013342F10002302CC6E90C329C
:10003000E4D1B8F1000F04D022464146284606F02C
:10004000BEFB2E46084C0FCE0FC496E80F0020359D
:1000500084E80F0095E80F00103484E80F0038465C
:1000600016B0BDE8F08700BF582C0020782C002087
:10007000F0B5194D194FAB6B8DB0BB4229D0184E5E
:10008000306800F049FD402300221946284606F05A
:10009000ADFB3021684606F0D7FB044678B96846C8
:1000A000FFF798FF044690B9302302461946684688
:1000B00006F09CFB01220023C5E90C23AF633068E6
:1000C00000F044FD204606F01CFB0DB0F0BD0E24F0
:1000D000F5E70020F9E700BF582C0020B4A5B4A52F
:1000E000880300202DE9F04F99B00DF1570802F177
:1000F0000F0982460E46144628F01F084FEA1919C8
:1001000022B100296FD0B2F5005F6CD8374F384D5F
:10011000386800F001FDD5E90C3213430BD150468D
:10012000FFF7A6FF834630B1386800F00FFD584650
:1001300019B0BDE8F08FD5E90C2319EB020943F1A2
:100140000003B9F5803F73F1000314D3302102A8F6
:1001500006F07AFBE8B902A8FFF73CFF83460028C7
:10016000E2D130230246194602A806F03FFB0022E6
:100170000023C5E90C234FF4807302A8029306F014
:1001800056FBDFF870A03CB92046FFF723FF8346FB
:10019000CAE76FF0920BC7E7102C4FF001024FF047
:1001A00010015046A14628BF4FF0100906F014FB7D
:1001B000102352462021CDE900830D4800F080F93C
:1001C00083460028B0D14A463046414606F0A4FC9A
:1001D000D5E90C32013342F10002C5E90C32A4EB3F
:1001E00009044E44CFE76FF0860BA0E78803002098
:1001F000582C0020782C00202DE9F04F89B00746BC
:100200000C4615461E4606F069FB78B97B690090DE
:10021000C3F3013262F305108DF8000010F03000D6
:1002200007D1B96889070FD06FF0860009B0BDE823
:10023000F08F102808D1BDF8023023F4F87343F48E
:10024000A873ADF8023053E0DBB2F82B02D06FF0A8
:100250008500EBE700234FF0010B984619469C46BA
:10026000D7F808E0DFF8D89159F804AB1EEA0A0F76
:1002700008D00BFA0CF343EA080303F07F080123CC
:1002800041EA0A010CF1010CBCF1070FECD12BB1D2
:100290009DF8033068F347038DF803303EEA01010F
:1002A000D5D17B88FF2B35D005D8802B34D0C02BFF
:1002B000CDD1022306E0B3F5807F2FD0B3F5C07F08
:1002C000C5D106239DF8021063F306118DF80210C4
:1002D00010B91EF0030FA7D13B79022B2BD01FD8EA
:1002E000012BA1D1BDF8021063F3C811ADF80210C3
:1002F000012A39D0032A23D0002A95D13B88B3F5AF
:10030000105FA4D1182E03D0202E01D0102E8BD137
:10031000484F2DE00323D5E70123D3E70423D1E79A
:10032000032B02D0FF2B7FF47FAF0221BDF80230F8
:1003300061F3C81385E7BDF8023043F4C07380E76A
:10034000412E0ED0202E05D006D8102E02D0182E09
:100350007FF46AAF384F0BE0302EFBD0612E7FF474
:1003600063AF0135013EF5E7302E7FF45DAF334FCB
:100370004FF000080F364FEA1619C14515D11F2E50
:100380001CD81C22002101A806F0EDFB4FF0000A4A
:100390004FF0FF39D04518D11F2E04D9BA20FFF7EE
:1003A000E7FD002835D1002040E704EB080006F007
:1003B00034FA00283AD008F10108DEE74146204629
:1003C00006F074FA0028DCD030E707EB0A124FEA97
:1003D0000A130692BAF1000F1ED1009A0792BDF8D7
:1003E00002202B44C2F3C11205920DF1040C03F15B
:1003F000100E624618685968083303C27345944664
:10040000F7D101A904EB0A00FFF76CFD38B106F043
:1004100065FA6FF0920009E7CDF81C90DFE71C2128
:1004200001A806F0EEF90AF1010AB3E76FF08A00BD
:10043000FCE600BF00FF07200000002010940550DC
:100440001015020010B590B01C22002101A806F082
:100450008AFBF82006F0E1F908B3202200200DEB1A
:100460000201FFF73FFE0446F8B901A84FF480717E
:1004700006F012FA0E4B0F4904930F4BCDE901130E
:100480000E4BF821069320230DEB0302FFF7B4FE79
:10049000202104460DEB010006F0B3F905E0F92038
:1004A00006F0BBF90028D8D10446204610B010BD94
:1004B0000010C00400240001014B4E80F800FF7FB3
:1004C0002DE9F3411D464FF48073284C80460020EF
:1004D00017460E46019300F097F901AB23601123F4
:1004E000234A0121C4E9022304F11003636040F6AA
:1004F0001103E36104F1200363612123089AE3629D
:100500001C4B46F000561A60099A45F0005542F01F
:100510000052C3E901122022C4F81080A6612762AC
:10052000A5626162DA60BFF35F8F134A1460BFF3A4
:100530005F8FBFF35F8F1361BFF35F8FBFF35F8F79
:1005400003235363BFF35F8FBFF35F8F9363BFF3E7
:100550005F8F00F039F8431C0446FAD0002000F009
:100560007DF9204602B0BDE8F08100BFA0700020F8
:1005700004000020907000200000015038B5BFF347
:100580005F8F104CE569BFF35F8FBFF35F8F102360
:100590006363BFF35F8F012006F075FABFF35F8FCF
:1005A00000236363BFF35F8FBFF35F8FE36BBFF322
:1005B0005F8F5B06F8D425B1BFF35F8FE561BFF3B2
:1005C0005F8F38BD0000015008B500F0BBF9104A3C
:1005D00020B9BFF35F8F906ABFF35F8FBFF35F8F68
:1005E000D36BBFF35F8F10F0240F03F0230304D00D
:1005F000FFF7C4FF6FF01F0008BD4FF0FF30002B66
:10060000FAD1BFF35F8F1063BFF35F8F1846F3E734
:1006100000000150BFF35F8F094A1368BFF35F8F7B
:1006200043F48071BFF35F8F1160BFF35F8F23F4DA
:100630008073BFF35F8F1360BFF35F8F704700BF9E
:1006400000100150BFF35F8F1522064B5A62BFF3B3
:100650005F8FBFF35F8F40F237129A62BFF35F8FF5
:10066000704700BF0010015008B5FFF7D3FFBFF37C
:100670005F8F064A1368BFF35F8F43F00103BFF338
:100680005F8F1360BFF35F8F08BD00BF0010015084
:1006900070B50026C0E9006605460C46FFF768FB0A
:1006A00001232B70FFF7B6FFBFF35F8F204BDB6892
:1006B000BFF35F8F9B08013BACB3226842B19A4203
:1006C00005D9FFF777FB6FF03F002E7070BD134622
:1006D000D4E90115E068002908BF4FF40071002833
:1006E00008BFF1202469BFF35F8F114A9360BFF305
:1006F0005F8FBFF35F8F1564BFF35F8FBFF35F8FB3
:100700005064BFF35F8FBFF35F8F5163BFF35F8FA1
:1007100044F4802444F00104BFF35F8F1460BFF3FE
:100720005F8F0020D2E74FF40071F1202546DAE711
:100730000010015070B503780D461446002B53D0BD
:10074000BFF35F8F2D4A136BBFF35F8F5908C3F35D
:100750004203052B4BD011F0060F02D14FF0FF30B2
:1007600070BD4368D3B9BFF35F8F5368BFF35F8F2A
:10077000032BF3D9224B2349BFF35F8FD2F880605C
:10078000BFF35F8FBFF35F8F43F8046BBFF35F8FDF
:100790008B42F1D1FFF768FF01234360BFF35F8F06
:1007A000164B9A68BFF35F8F0132B4EB021F21D85A
:1007B000BFF35F8F5A68BFF35F8FB4EB820FCDD862
:1007C00084B1BFF35F8FD3F88020BFF35F8F291D03
:1007D00005F8012B8D424FEA122204F1FF34EFD0CD
:1007E000002CF5D10020BBE76FF02000B8E76FF0D8
:1007F0005100B5E76FF03F00B2E700BF00100150B5
:10080000101001502010015010B50446FFF7B0FA47
:10081000104B186800F080F90CB101232370BFF36E
:100820005F8F00220C4BDA61BFF35F8FBFF35F8FE6
:100830004FF0FF321A63BFF35F8FBFF35F8F342235
:10084000DA61BFF35F8F012203F59223C3F804231B
:1008500010BD00BF8C0300200000015010B50446FD
:1008600038B9FFF7A7FABDE81040074B186800F049
:100870006DB903783BB1FFF79DFA034B186800F0A0
:1008800065F90023237010BD8C03002038B51B4C84
:10089000D4F80051BDB1BFF35F8F194B996ABFF314
:1008A0005F8FBFF35F8F4FF0FF321A63BFF35F8F2D
:1008B0000023C4F80031D4F80031124B1868BDE8A9
:1008C000384006F0DEB8D4F8083153B100F086F8AD
:1008D00006F057F8C4F80851D4F8083101210A4B42
:1008E000ECE70A4950230A4A0A4803F0EDF90A489E
:1008F00003F0EAF95021064803F0DDF900900550B5
:1009000000000150940300209003002042410200A7
:1009100034510200B21B02009A51020008B5074B85
:10092000186806F09DF8064B186806F099F8BDE8BF
:100930000840002259201146F6F742BB94030020DC
:100940009003002038B5094B1C7864B1084B4FF078
:10095000FF311D68284606F085F84FF0FF31044648
:10096000284606F08CF8204638BD00BFA875002048
:100970009403002010B5064CE36C3BB9214651F8B6
:100980004C3B986906F03EF80123E364014810BD32
:10099000D07000201C71002010B504460D4B186863
:1009A00000F0BAF80C4B1A68236122605A68626042
:1009B0009A68A26000229A66A264FFF7D9F92046DD
:1009C00005F0D0FF0028FAD1204605F0D0FF00281E
:1009D000F5D110BD98030020D0700020004870476A
:1009E000D070002010B50446054A036912689A6663
:1009F00005F0FBFF2046BDE8104005F0CABF00BF70
:100A00002C1502000422094B10B50446C3F8082334
:100A1000FFF7E8FFFFF7CEF90023226993666364CE
:100A2000034BBDE81040186800F090B800900550E6
:100A30009803002010B5104B104C236003F5C04301
:100A400063602461FFF796FF98B1236D2046B3F5EC
:100A5000007FCCBF4FF480634FF40073A360FFF7B7
:100A60009BFF2046FFF7BEFF2046FFF7CBFF00208D
:100A700010BD0E20FCE700BF00200150D070002008
:100A8000244B0340B3F5806F2FD017DC402B2ED0C2
:100A900008DC102B2DD0202B2DD0181E18BF0120C4
:100AA00040007047B3F5807F27D0B3F5007F26D094
:100AB000802B08BF0B2018BF02207047B3F5804F72
:100AC0001FD00ADCB3F5805F1DD0B3F5005F1CD0EA
:100AD000B3F5006F08BF0620EDE7B3F5004F16D061
:100AE000B3F5803F08BF0320E5E7112070470A20D7
:100AF00070470C2070470920704708207047072076
:100B000070471420704705207047042070470F205D
:100B1000704700BFF0FF010008B54FF0FF324FF003
:100B2000FF33FBF72FFD48B1054906481723064A56
:100B300003F0CAF81721044803F0BDF808BD00BF50
:100B4000F7510200B21B0200B251020008B5FBF7D8
:100B5000E9FD48B1054906481F23064A03F0B4F8E9
:100B60001F21044803F0A7F808BD00BFF751020099
:100B7000B21B0200B25102002DE9FF4700270546D3
:100B80000C469246019700F10C06EFF311892023E1
:100B900083F31288BFF36F8F3046FDF749FD68B9C4
:100BA00088231A4A1A491B4803F08EF831461A481E
:100BB00003F08AF88821154803F07DF83046FDF7E8
:100BC0005BFDAB6828465C4004EA0A02134903EA6D
:100BD0000A08534001AACDE90237FDF7F9FB019C51
:100BE0003CB12046C4F8BC700021246EFCF714FD13
:100BF000F6E7DDE9023223EA020330464946AB60FC
:100C0000FCF726FF404604B0BDE8F087C22402008E
:100C1000EF240200B21B0200042502008B6A0100CF
:100C20002DE9F04F85B08846DDE90E1B05461746D5
:100C3000EFF305838BB151EA0B030ED040494FF41B
:100C40008573404A404803F03FF8404803F03CF8C1
:100C50004FF485713B4803F02EF80391B8F1000F73
:100C600055D007F001030293FDF704FA05F10C04D7
:100C70008146EFF3118A202383F31288BFF36F8F2D
:100C80002046FDF7D5FC039960B98823304A3149E5
:100C90002D4803F019F821462F4803F015F8882154
:100CA0002B48D8E720460391FDF7E6FC17F0020F2A
:100CB0001CBF0023AB60AB68029A039903EA0806E5
:100CC000BAB1B04517D17A0744BFB343AB602046F1
:100CD000FDF7BCFCE8B94FF49A731D4A1F491A4846
:100CE00002F0F2FF21461E4802F0EEFF4FF49A7127
:100CF000D6E7002EE7D151EA0B0312D12046FDF7CB
:100D0000A5FC0028E7D08AF31188BFF36F8F002677
:100D100003E08AF31188BFF36F8F304605B0BDE85A
:100D2000F08FC9E919872A46CDE9001B20465146B4
:100D3000FCF7CEFC0028EAD1D9F86460EDE700BFEB
:100D4000FF45020000520200B21B0200594402009B
:100D5000C2240200EF240200042502001A2502002A
:100D60003125020008B5EFF305834BB10749084868
:100D70003823084A02F0A8FF3821064802F09BFFFA
:100D8000C0E90233C0E9000008BD00BF9145020080
:100D9000B21B0200005202001FB514461A46094B4E
:100DA00005461B68D86854B9074B1C460091074993
:100DB000CDE901342B4600F015F8F6F765FD044B3C
:100DC000F4E700BFA40300205B440200305202009D
:100DD00023520200024B0A460146186805F0CBBEBA
:100DE000A40300200EB403B503AB0146054853F835
:100DF000042B0068019300F057FA02B05DF804EB91
:100E000003B07047A403002030B587B005460846FC
:100E100014460191F0F756F801AB05900290039348
:100E20000123049325B1AB6913B9284600F0E2FD14
:100E3000144B9C421BD16C68636ED80705D4A38900
:100E4000990502D4A06DF6F7EBFC03AA28462146CB
:100E500000F026F8636E0546DA0705D4A3899B05E2
:100E600002D4A06DF6F7F8FC284607B030BD064B5B
:100E70009C4201D1AC68DFE7044B9C4208BFEC68A0
:100E8000DAE700BF88150200681502004815020065
:100E9000024B0A4601461868FFF7B6BFA4030020BC
:100EA00093682DE9F74F06460C4691461BB9002082
:100EB00003B0BDE8F08F8B89180747D50B69002B6D
:100EC00044D0B4F90C30D9F8008013F0020762D195
:100ED00013F0010300F093803846BB46BA46BAF1DE
:100EE000000F00F0FA80002800F0018157452068CB
:100EF00021693A4628BF5246A5688842636940F294
:100F000003811D44AA4240F3FF8059462A4605F05A
:100F100010FE2368214630462B44236000F0ECFC91
:100F2000002867D17F1B40F007812146304600F042
:100F3000E3FC00285ED1D9F80830AB44AAEB050ADF
:100F40005B1BC9F80830002BC9D1B0E721463046F9
:100F500000F066FC0028B4D04FF0FF30A8E7D8E9D5
:100F600000A508F10808D4F828B0216A002DF6D0B1
:100F7000BD422B465246304628BF3B46D847002844
:100F800038DDD9F8083082442D1A1B1AC9F8083008
:100F9000002BE8D18BE74FF0000A684F5546E2E797
:100FA000D8E9007A08F10808B4F90C302068A26882
:100FB000BAF1000FF4D0990563D5524536D813F431
:100FC000906F33D021696569A0EB010B05EB4505F6
:100FD0000BF1010205EBD57552446D10954238BFF7
:100FE00015465B053DD52946304600F003F948B962
:100FF0000C233360A38943F04003A381ACE71F4671
:101000009A46D1E75A462169019005F085FDA289EB
:10101000019B22F4906242F08002A2812361524639
:101020005B446561A5EB0B052360A560524539461D
:101030002068554628BF5246019205F07AFDA36804
:10104000019A9B1AA360236813442360D9F80830DF
:101050002F44AAEB050A5B1BC9F80830002BA3D16B
:1010600025E72A46304605F094FD03460028D5D1F1
:101070002169304600F074F8A38923F08003A3812E
:10108000B6E72369834202D36169514515D95245B8
:10109000394628BF5246154605F04BFDA368226825
:1010A0005B1B2A44A3602260002BCFD1214630462F
:1010B00000F022FC0028C9D09CE76FF00043A56A2D
:1010C0003A463046534528BF534693FBF1F34B4312
:1010D000216AA847051EB9DC8CE7D8F804A043466E
:1010E00008F10808BAF1000FF7D0D3F800B0524663
:1010F0000A21584605F0F2FC18B10130A0EB0B07AD
:10110000F4E60AF10107F1E6934208DCA56A5A46C3
:10111000216A3046A847051E3FF704AF6AE75946E3
:10112000019205F006FD019AA36815469B1AA3607B
:10113000236813442360F5E60120FCE600FCFF7FF2
:10114000024B0146186800F055B800BFA403002008
:10115000024B0146186800F003B800BFA40300204A
:1011600038B50546002941D051F8043C0C1F002B2E
:10117000B8BFE41800F0FCFC1D4A136833B9636083
:1011800014602846BDE8384000F0F8BCA34208D9F6
:10119000206821188B4201BF19685B68091821601B
:1011A000EDE71A465B680BB1A342FAD911685018F3
:1011B000A0420BD120680144501811608342E0D155
:1011C00018685B68084453601060DAE702D90C23A2
:1011D0002B60D6E7206821188B4202BF19685B6834
:1011E0000918636008BF21605460CAE738BD00BFBA
:1011F00040710020F8B5CD1C064625F003050835E2
:101200000C2D38BF0C25002D01DBA94203D90C237E
:1012100033600020F8BD00F0ABFC21490A68144699
:101220009CB9204F3B6823B92146304600F096FA1E
:1012300038602946304600F091FA431C23D10C2334
:101240003046336000F09AFCE3E723685B1B17D459
:101250000B2B03D923601C44256004E06368A24281
:101260000CBF0B605360304600F088FC04F10B00AB
:10127000231D20F00700C21A1CBF1B1AA350C9E788
:1012800022466468CCE7C41C24F00304A042E3D0E7
:10129000211A304600F062FA0130DDD1CFE700BFFD
:1012A000407100203C7100202DE9F04F0D469DB0AB
:1012B00014469846064618B183690BB900F09AFBAC
:1012C000874B9D421BD175686B6ED90705D4AB89DE
:1012D0009A0502D4A86DF6F7A3FAAB891B0701D5CE
:1012E0002B69EBB92946304600F09AFAC0B16B6E13
:1012F000DC070ED54FF0FF301DB0BDE8F08F794B05
:101300009D4201D1B568DFE7774B9D4208BFF56884
:10131000DAE7AB899805EDD4A86DF6F79DFAE9E711
:101320000023CDF80C804FF00109DFF8C08109934C
:1013300020238DF8293030238DF82A3023469A4611
:1013400013F8012B0AB1252AF9D1BAEB040B0BD003
:101350005B4622462946304605F057FC013000F036
:10136000A680099A5A4409929AF80030002B00F09E
:101370009E8000234FF0FF320AF1010A0493079385
:101380008DF853301A93CDE905235446052257486A
:1013900014F8011B05F0A2FB049BD0B9D90644BF89
:1013A00020228DF853201A0744BF2B228DF853209A
:1013B0009AF800202A2A14D0079A544600204FF0A9
:1013C0000A0C214611F8013B303B092B4AD970B970
:1013D00014E0A0EB0800A24609FA00F018430490BC
:1013E000D3E7039A111D1268002A039101DB0792CB
:1013F00004E0524243F002030792049323782E2B19
:101400000AD163782A2B32D1039B02341A1D1B6840
:1014100043EAE37303920593DFF8E0A00322217807
:10142000504605F05BFB38B1A0EB0A004022049B5C
:10143000013482401343049314F8011B06222C4804
:101440008DF8281005F04AFB00283FD0294B1BBB24
:10145000039B073323F0070308330393099B3B44A3
:1014600009936BE70CFB02320C460120A9E700232D
:1014700001344FF00A0C19460593204610F8012B51
:10148000303A092A03D9002BC6D00591C4E70CFBDA
:10149000012104460123F0E703AB2A4604A93046A4
:1014A0000093154BAFF300800746781CD6D16B6EC6
:1014B000D90705D4AB899A0502D4A86DF6F7CCF903
:1014C000AB895B063FF516AF099815E703AB2A46D3
:1014D00004A930460093084B00F012F8E4E700BF7F
:1014E00088150200681502004815020060530200CA
:1014F0006A530200000000000B6C010066530200FA
:101500002DE9FF470F7E914680460C46782F9A467C
:101510000C9D01F1430207D8622F0AD8002F00F07A
:10152000E080582F00F0BB8004F1420684F842703E
:101530003AE0A7F16303152BF6D801A151F823F087
:1015400099150100AD1501002915010029150100AB
:101550002915010029150100AD150100291501000B
:10156000291501002915010029150100C9160100DE
:101570003D1601007F160100291501002915010003
:10158000EB160100291501003D1601002915010087
:1015900029150100871601002B6804F142061A1D67
:1015A0001B682A6084F842300123ABE02368296875
:1015B0001F0601F10400286001D50D6803E05E06F6
:1015C000FBD5B1F90050002D61687ADA2D20002991
:1015D000A16084F843002DDA6D425E480A23164666
:1015E000B5FBF3F103FB1157C75D06F8017D2F46EC
:1015F0000D46BB42F4D9082B0BD12368DF0708D571
:10160000236961689942DEBF302306F8013C06F188
:10161000FF36921B22614B4603AA21464046CDF875
:1016200000A005F004FB013071D14FF0FF3004B091
:10163000BDE8F08723F004032360CDE72B68206822
:10164000191D2960050601D51D6802E04106FBD57C
:101650001D886F2F3F4814BF0A230823002184F8F8
:1016600043106668002EA660B9DB216821F00401F2
:101670002160002DB3D1002EB1D11646BBE72368FF
:1016800043F0200323607827334884F845702968A5
:1016900023680E1D2E601E0603D50D6804E02D483C
:1016A000F3E75D06F9D50D88D90744BF43F0200361
:1016B00023600DB11023D1E7236823F020032360BA
:1016C000F8E724480A23CCE72B682668181D6169CF
:1016D000286035061B6801D5196002E07006FBD54D
:1016E000198000231646236195E72B6800211A1DF7
:1016F0002A601E686268304605F0F0F908B1801B68
:10170000606063682361002384F8433083E72369C2
:10171000324649464046D047013086D023689B0771
:1017200014D4E068039B9842B8BF18467FE70123B2
:10173000324649464046D04701303FF476AF013546
:10174000E36803995B1AAB42F1DCEAE7002504F198
:101750001906F5E7715302008253020038B50023E1
:10176000054D044608462B60F6F716F8431C02D1D7
:101770002B6803B1236038BD44710020F8B50E46D4
:101780001446054618B183690BB900F033F9214BB3
:101790009C4210D16C68A369A360A3891A0701D584
:1017A000236993B92146284600F03AF868B14FF012
:1017B000FF373846F8BD184B9C4201D1AC68EAE7C8
:1017C000164B9C4208BFEC68E5E72369F6B2206837
:1017D0003746C01A6369834205DC2146284600F07B
:1017E0008BF80028E3D1A3680130013BA360236894
:1017F0005A1C22601E706369834204D0A389DB07F0
:10180000D7D50A2ED5D12146284600F075F80028F4
:10181000CFD0CCE7881502006815020048150200F9
:10182000314B70B51D6806460C4625B1AB6913B93E
:10183000284600F0DFF82D4B9C420ED16C68B4F9BD
:101840000C301A072CD4DD0611D40922326043F083
:1018500040034FF0FF30A3813DE0254B9C4201D176
:10186000AC68ECE7234B9C4208BFEC68E7E75807FD
:1018700012D5616B41B104F14403994202D0304664
:10188000FFF76EFC00236363A38923F02403A38185
:101890000023636023692360A38943F00803A381C5
:1018A00023694BB9A38903F42073B3F5007F03D0F8
:1018B0002146304600F01CF9B4F90C3013F0010257
:1018C0000AD00022A26062695242A261226942B932
:1018D00013F08000BBD170BD990758BF6269A26048
:1018E000F4E70020F7E700BFA403002088150200FA
:1018F000681502004815020038B50B6905460C460C
:1019000013B90025284638BD18B183690BB900F01A
:1019100071F8144B9C421BD16C68B4F90C30002B4D
:10192000EFD0626ED00704D4990502D4A06DF5F70C
:1019300077FF2846214605F00BFA636E0546DA0765
:10194000E0D4A3899B05DDD4A06DF5F785FFD9E729
:10195000054B9C4201D1AC68DFE7044B9C4208BFB9
:10196000EC68DAE7881502006815020048150200E5
:10197000002310B504468360818119464366C28105
:1019800008228361C0E90033C0E904335C3005F00C
:10199000EAF8054B24626362044BA362044BE362E2
:1019A000044B236310BD00BF1B6F01003D6F01009E
:1019B000756F0100996F0100014905F062BA00BF1F
:1019C000F91801000148F5F72BBF00BFAC04002057
:1019D0000148F5F741BF00BFAC0400200148F5F70E
:1019E0001FBF00BFC00400200148F5F735BF00BF8E
:1019F000C004002010B50446FFF7F0FFA3691BB137
:101A0000BDE81040FFF7F0BFC4E91233236520465C
:101A1000124B134A1B68A262A34204BF0123A361B5
:101A200000F020F86060204600F01CF8A06020461E
:101A300000F018F800220421E0606068FFF798FFCA
:101A400001220921A068FFF793FF02221221E0681A
:101A5000FFF78EFF0123A361D2E700BF4415020008
:101A6000B9190100F8B50746FFF7ACFF1E4B1E6819
:101A7000B36913B93046FFF7BDFF4836D6E90134E4
:101A8000013B03D533680BB33668F7E7B4F90C5064
:101A9000D5B9164B04F158006566E360F5F790FE82
:101AA000FFF796FF0822294604F15C002560A56136
:101AB000C4E90155C4E9045505F055F8C4E90D55CC
:101AC000C4E912552046F8BD6834D9E704213846E8
:101AD00005F0C1F9044630600028D5D1FFF778FF42
:101AE0000C233B60EEE700BF441502000100FFFF3E
:101AF0008B89F7B59D0706460C4607D504F14703C9
:101B0000236023610123636103B0F0BD01AB6A462A
:101B100005F0D6F9009F054630463946FFF76AFBC7
:101B200048B9B4F90C309A05EED423F0030343F01E
:101B30000203A381E2E70D4BB362A389206043F067
:101B40008003A381019BC4E904075BB1B4F90E10C3
:101B5000304600F04DF828B1A38923F0030343F089
:101B60000103A381A3891D43A581CDE7B919010014
:101B70000148F5F755BE00BF980400200148F5F76D
:101B80006BBE00BF9804002038B50446064D0846D9
:101B9000114600222A601A4602F099FC431C02D129
:101BA0002B6803B1236038BD4471002038B5002391
:101BB000054D044608462B6002F08DFC431C02D103
:101BC0002B6803B1236038BD4471002038B5002371
:101BD000064D0446084611462B6002F086FC431C65
:101BE00002D12B6803B1236038BD00BF44710020CF
:101BF00038B50023054D044608462B6002F070FC02
:101C0000431C02D12B6803B1236038BD447100200E
:101C100038B50446064D0846114600222A601A4689
:101C200002F05CFC431C02D12B6803B1236038BD79
:101C30004471002038B50446064D0846114600227E
:101C40002A601A4602F03FFC431C02D12B6803B104
:101C5000236038BD4471002080B400AF024B1846A9
:101C6000BD465DF8047B70474871002080B586B0A2
:101C700004AF786039607B68B3F5005F05D13B68DD
:101C8000B3F58A7F01D100231DE0114802F099FBD2
:101C90004FF4005279680F4802F093FB3B681B0C2D
:101CA000D9B23B681B0ADAB23B68DBB2142002905F
:101CB0000120019000200090074802F082FB0748B5
:101CC00002F07FFB002318460837BD4680BD00BFE9
:101CD000C0840100E48401001485010058850100DE
:101CE00080B582B000AF78600921786805F082F98C
:101CF0000346002B08D00921786805F07BF90346DC
:101D00001946034802F05DFB00BF0837BD4680BDA1
:101D10007C85010080B584B000AFFFF79DFFB860FF
:101D2000BB68002B02D14FF0FF33A3E0BB6893F8F0
:101D30003C30012B66D10921B86805F05BF90246F9
:101D4000BB685A61BB685B691A460921B86805F02F
:101D500065F9BB685A69494B1340002B3AD0BB6800
:101D60005B6903F0D003002B12D0BB685B6903F002
:101D7000F0031946424802F024FB1221B86805F02E
:101D800039F903467B607B6819463E4802F019FB2F
:101D9000BB685A693C4B1340002B07D0BB685A699B
:101DA000394B13401946394802F00BFBBB685B699D
:101DB00003F02003002B07D0BB685B6903F020030E
:101DC0001946334802F0FDFA324802F0FAFAB868D0
:101DD00005F085F9BB685A692F4B1340002B06D0DC
:101DE0000323FB81BB68012283F83D203AE0BB68F6
:101DF0005969BB68DB691A46284802F0E2FA0023F9
:101E0000FB812FE02121B86805F0CAF80246BB68C3
:101E1000DA61BB68DB691A462121B86805F0D4F89D
:101E2000BB68DB691946B86800F0C4FABB68DB69B7
:101E3000002B0DD02021B86805F0B2F80346002B26
:101E400006D00323FB81BB68012283F83D2009E013
:101E5000BB685969BB68DB691A46104802F0B1FAE1
:101E60000023FB81B7F90E30032B01D1F4F7A4FB5B
:101E7000B7F90E3018461037BD4680BDF0F303FEAB
:101E8000DC850100F485010000F303FE04860100F7
:101E90001C86010038860100F2F303FE4C86010027
:101EA00080B584B000AF78607B6893F83C30012B3C
:101EB00017D10921786805F09DF802467B685A61C0
:101EC0007B685A69184B1340FB60FB68002B06D0F7
:101ED0007B685B691A460921786805F09FF8FB6802
:101EE0001EE07B6893F83C30002B18D121217868E4
:101EF00005F056F802467B68DA617B68DA697B6830
:101F00009B691340FB60FB68002B06D07B68DB6994
:101F10001A462121786805F057F8FB6800E0002395
:101F200018461037BD4680BDF2F303FE80B582B07F
:101F300000AF7860074A0821786805F06FF87B6881
:101F40009B691A462021786805F03EF800BF0837E3
:101F5000BD4680BDF2F303FE80B584B000AF78606B
:101F60000123FB817B6893F83930032B49D801A208
:101F700052F823F0851F0100D11F01008F1F0100BF
:101F8000A11F01007868FFF7D1FF01233CE07868CA
:101F9000FFF7CCFFF4F700FB7B68B3F93A3033E08E
:101FA0007868FFF77DFF0346002B0ED07B68012287
:101FB00083F83D2005F002FB0346FB81B7F90E30A4
:101FC000012B02D07868FFF7B1FFB7F90E301BE0A4
:101FD00000BF7868FFF764FF0346002BF9D07B68E9
:101FE000012283F83D2005F0E9FA0346FB81B7F9A9
:101FF0000E30012BECD07868FFF798FFB7F90E3060
:1020000002E000BF4FF0FF3318461037BD4680BDD9
:1020100080B58CB000AF0023FB85002387F82D30FE
:10202000FFF71AFEF861FB6993F83930002B02D1F3
:10203000FB691B6B00E00023BB61FB6993F839303F
:10204000002B03D1FB691B6B1B6801E0FB695B6B19
:102050007B617B699B68B3F1FF3F03D1012387F864
:102060002D306AE0FB6993F83D30002B65D07B6929
:102070005A687B699B689B0013441B687B60FB79F3
:1020800003F00803DBB2002B12D1FB6993F83C305C
:10209000012B14BF01230023DBB21A46FB6983F82E
:1020A0003C2000BFF869FFF7FBFE0346002BF9D088
:1020B000FF23FB74FB6993F83C30042B03D0FB69CE
:1020C00093F83C3000E00123FB74FB7C012B1DD115
:1020D000FB695A69724B1340002B03D04FF6FB7318
:1020E000FB850FE0FB6914331B7803F00203DBB2BE
:1020F000002B07D1FB695B6919466A4802F061F958
:102100000123C8E0FB6900225A6112E0FB691C331D
:102110005B7803F00103DBB2002B07D1FB69DB69BD
:102120001946614802F04DF90123B4E0FB69002231
:10213000DA61FB69002283F83D20B7F92E30002BCD
:1021400022D197F82D30002B15D0FB6993F8393048
:10215000002B10D1FB691B6BDB68002B0BD0FB69DC
:102160001B6B1869FB691B6BD968FB691B6B9B8A2E
:102170001A4604F0D1FC97F82D307A691946F869AF
:1021800005F0D8F80346FB85B7F92E30012B02D1B4
:10219000B7F92E307FE0FB6993F83930002B0CD073
:1021A000FB6993F83930022B04D1FB69FA8D5A8709
:1021B000F4F7FCF9B7F92E306DE002F00FF9F86092
:1021C000FB691B6B9A6AFB691A63FB691B6B002B2B
:1021D00014BF01230023FB72F86802F007F9FB7AB1
:1021E00083F00103DBB2002B01D0F4F747FABB699F
:1021F000DB69002B36D0BB695A8CBB691B8C9A42B9
:1022000009D1BB69D869BB699969BB699B8C1A46BE
:1022100004F082FC26E0BB69DB69BB62BB699B6999
:102220007B62BB699B8C7B8418E0BB691B8C1A4664
:10223000796AB86A04F070FCBB691B8C1A46BB6AE9
:102240001344BB62BB695B8C1A467B6A13447B6296
:102250007A8CBB691B8CD31A9BB27B84B7F9223072
:10226000002BE2DCBB699B68002B07D0BB699B6835
:10227000BA695168B7F92E2010469847FB7A002BAF
:1022800007D0FB691B6B1B681A460121F86905F032
:1022900051F8FB7A1BB218463037BD4680BD00BFEF
:1022A000F0F303FE708601009486010080B586B0CD
:1022B00000AF78604FF000737B61FB7D43F0030358
:1022C000FB75FB7D43F01003FB75BB7D6FF30413BF
:1022D000BB75BB7D43F02003BB75BB7D43F0400362
:1022E000BB75BB7D43F08003BB757B691A461D211E
:1022F000786805F0EFF9FF23BB74FF23FB74FF231D
:102300007B74FF233B743B691A461F21786805F0F4
:10231000E1F9274BFB60FB7B43F01003FB73FB6889
:102320001A461E21786805F0D5F94FF0FF33BB60DF
:10233000BB681A462121786805F0CCF97B68183310
:102340004FF0FF321A607B6803F1180213786FF3C5
:10235000000313707B6803F1180293786FF3000396
:1023600093707B6803F1180293786FF341039370C5
:102370007B6803F1180293786FF3820393707B6894
:1023800003F1180293786FF3C30393707B6803F132
:10239000180293786FF3041393707B689B691A4655
:1023A0002021786805F096F900BF1837BD4680BD3A
:1023B0000060000880B584B000AF786039603B6889
:1023C00003F01E03002B25D000221D21786805F0A4
:1023D00081F93A682121786805F07CF90F4801F00D
:1023E000F0FF0023FB600EE0FB68DBB21946786863
:1023F00005F05CF903461A46F968094801F0E1FF67
:10240000FB680133FB60FB68222BEDDD786805F08B
:1024100077F900E000BF1037BD4680BDB8860100E7
:10242000D086010080B586B004AF78607B68B3F5D4
:10243000877F01D1002314E07B681B0CD9B27B6835
:102440001B0ADAB27B68DBB20E20029001200190F9
:1024500000200090054801F0B4FF054801F0B1FFED
:10246000002318460837BD4680BD00BFE086010046
:102470003087010051EC100B70B5C1F30A540B46C4
:102480000546A4F2FF32132A1BDC002A0BDA01F006
:102490000043013204BF43F07F5343F44013002252
:1024A0001946104615E0154C144104EA010606438E
:1024B0000FD04FF4002141FA02F2134423EA04033F
:1024C000EDE7332A08DDB2F5806F02D10246EEF760
:1024D00001F841EC100B70BDA4F213464FF0FF342D
:1024E000F4400442F5D0C2F1330101228A4052196E
:1024F00028BF013322EA0402D2E700BFFFFF0F002A
:1025000010EE103A07B523F000431D4A934206D857
:10251000DFED1C0A03B05DF804EB00F0CFBEB3F1B1
:10252000FF4F04D330EE400A03B05DF804FB684669
:1025300000F096FD00F00300012809D0022810D019
:10254000B0B9DDED010A9DED000A00F0B7FEEBE742
:10255000DDED010A9DED000A01F088F9B1EE400AB7
:10256000E2E7DDED010A9DED000A00F0A7FEF5E7C8
:102570000120DDED010A9DED000A01F077F9D3E7B6
:10258000D80F493F0000000010EE102AF0EE407A0C
:10259000B2F1FF4F04DB70EE007AB0EE670A7047CD
:1025A0006D4B9A425EDC22F00043B3F17E5F0BD3A9
:1025B000BFEE007AB4EE470AF1EE10FA02D1012024
:1025C00001F09CB905F056B9B3F1445F12D29FED0A
:1025D000637A30EE077AB5EEC07AF1EE10FA02DDDA
:1025E000B3F1125FD9D367EEE76AB6EE007AE6EE92
:1025F000877AD2E75A4B1A449A4236D9F6EE006AE5
:10260000002360EE266A66EE806AB0EE007A9FEDE7
:10261000555ADFED554A37EE877AC7EE875A25EED1
:10262000A57AE7EE054A9FED515AA4EE875ADFEDF1
:10263000504AE5EE074A9FED4F5AA4EE875ADFED68
:102640004E4AE5EE074A9FED4D5AA4EE875AF0EE4A
:10265000664AE5EE074A65EEA45A002B6DD176EE88
:10266000E56A54E0B2F1B44F45DAB7EE007A77EE9E
:10267000876A16EE902AD3157F3B002BD5BF36EE26
:10268000C77A76EEE77A37EEC77A37EE677A87EE63
:10269000266AC2F316023A498A42CCBF42F07C5104
:1026A00042F07E51B7EE007AC8BFC2F5000207EED5
:1026B000901AF6EE006AC4BF9210013377EEC77A23
:1026C00067EEA66A66EEA76A002A9ED1F5EE407A0A
:1026D000F1EE10FA14D1DBB307EE903ADFED296A80
:1026E000B8EEE77ADFED287AA7EE276AF0EE467AB1
:1026F000E7EE267A51E7D3159FED246A7F3BC8E7C2
:10270000DFED1E5AA7EEE57A67EE266A13B977EE7B
:10271000E67A42E707EE103ADFED1B5AB8EEC77AC9
:10272000A7EE256A76EEC66A9FED166A76EEE76A30
:10273000F0EE667AD7EE067A2FE707EE103A9FEDB5
:10274000125AB8EEC77AA7EE056A36EE256AE9E7AF
:10275000DFED0E7A21E700BFD613D43E0000004C17
:10276000E0096A419788173E4FD01C3E25333A3E18
:10277000298E633E2549923ECDCCCC3EABAA2A3F62
:10278000F60435008071313FD1F7173700000000A3
:1027900038B52DED028B55EC104B00F0C5F8154BFC
:1027A000B0EE408AF0EE608A93F90030013319D020
:1027B00022462B4620462946EEF7DCFA90B9002245
:1027C000002320462946EEF7ADFA58B101F092FEFB
:1027D000212300220360002310461946EEF75AF920
:1027E00041EC180BB0EE480AF0EE680ABDEC028B23
:1027F00038BD00BF0804002008B52DED048BB0EEF5
:10280000409AF0EE608A00F049F9434BB0EE408AFE
:1028100093F90030013311D0F4EE688AF1EE10FA2A
:102820000CD6B4EE499AF1EE10FA0CD7F5EE408AC8
:10283000F7EE007AF1EE10FA07FE808AB0EE480A51
:10284000BDEC048B08BDDFED359AB4EE699AF1EE6C
:1028500010FA16D1F4EE698AF1EE10FA58D0B0EE03
:10286000680A05F030F80028E8D0F4EEE98AF1EEC5
:1028700010FAE3D501F03EFE212303609FED288A84
:10288000DCE705F020F858BBB0EE490A05F01BF86C
:1028900030B3B0EE680A05F016F808B3B4EE488A13
:1028A000F1EE10FA06D701F025FE212389EEA98A60
:1028B0000360C3E701F01EFEB5EEC09A2223F1EEDD
:1028C00010FA036002D49FED178AB7E7B0EE680AEA
:1028D00005F003F8B4EE680AF1EE10FAF3D0CDE794
:1028E000B5EE408AF1EE10FAA8D1B0EE490A04F034
:1028F000EAFF0028A2D0B0EE680A04F0E4FF002846
:102900009CD001F0F7FD22239FED048A036095E738
:10291000B7EE008A92E700BF080400200000000024
:10292000000080FF0000807F5B4A2DE9F04155ECFC
:10293000104BAA432B4620460FD122462946EDF7DD
:102940007FFF02460B4620462946EDF7C3FD0446AD
:102950000D4645EC104BBDE8F081002D0DDC25F057
:1029600000422243F5D095B122462946EDF7B0FD4D
:1029700002460B46EEF78EF8E9E72A1515D100213D
:1029800009E0C30A153A4005002BFAD0F7E72A46BA
:10299000FAE75B000131DD02FBD54C1E121BC1F1D1
:1029A000200420FA04F488402343C3F31303D4071C
:1029B000A2F2FF354FF0000643F480134FF0160EDD
:1029C0004FEA6505B04658BF5B004FF400125CBF8C
:1029D00003EBD07340005B00470003EBD07308EBC0
:1029E00002019942DEBF5B1A02EB0108B618BEF184
:1029F000010E4FEA43034FEA520203EBD7734FEA4B
:102A00004707ECD1F44620204FF00041984501EBF8
:102A10000E022FDB0BD1BA4209D8002A01EB020EBD
:102A200002DABEF1000F2CDA0023BF1A8C445B00DF
:102A300001384FEA510103EBD7734FEA4707E5D15D
:102A40003B4308D0BCF1FF3F13BF0CF1010301363B
:102A5000844623F0010C7210F1074FEA5C0302F187
:102A60007F5248BF43F0004302F50012184602EBC4
:102A700005516CE7002A01EB020E0BDABEF1000FE4
:102A800008DB08F10104BA42A3EB080300D9013BBB
:102A9000A046CAE74446F6E70000F07F2DE9F84378
:102AA00010EE904A34F000472DED028BB0EE408AD4
:102AB000F0EE608A00F0958210EE109A29F0004640
:102AC000B6F1FF4F06D8B7F1FF4F0AD9B6F17E5FD6
:102AD00000F087828948BDEC028BBDE8F84300F026
:102AE0001FBFB9F1000FB0462BDAB7F1974F11D3E2
:102AF000B7F1FF4F28D00225B4F17C5F3FD1B9F187
:102B0000000F69DBB0EE480ABDEC028BBDE8F8436C
:102B100004F09FBEB7F17E5F29D3FB15C3F1960386
:102B200047FA03F505FA03F3BB423AD1B7F17E5FEA
:102B30003FD1002C80F25B82F7EE007A87EE880AA4
:102B40000CE0B7F1FF4F3CD1B6F17E5F00F0498257
:102B500008D9002C80F248829FED690ABDEC028BF7
:102B6000BDE8F883002CF7DAB1EE680AF6E7B4F1B5
:102B7000804F2CD0B4F17C5F4FF000052CD0B0EE2C
:102B8000480A04F099FEB6F1FF4F03D016B1B6F132
:102B90007E5F3BD1002CBCBFF7EE007A87EE800A47
:102BA00023E0B7F17E5FC4D0B4F1804F0FD0002591
:102BB000E5E7B4F1804F0AD005F00105C5F1020543
:102BC000DDE7B7F17E5FB4D0B4F1804F02D128EEDB
:102BD000080AC3E700258FE7B0EE480A04F06CFE50
:102BE000B6F1FF4F01D0002ED1D1B9F1000FB5DA07
:102BF000A6F17E562E4304D170EE407A87EEA70AE6
:102C0000ACE7012DAAD1B1EE400AA7E74FEAD9708F
:102C1000013855EA000304D138EE488A88EE080AE4
:102C20009CE7B7F19A4F7DD9364B9E4206D8002CCF
:102C300092DA9FED350A20EE000A8FE7334B9E4271
:102C400002D9002CF5DC87E7F7EE007ADFED306A79
:102C500030EE670AF5EE007A20EE007AE0EE676A61
:102C6000F6EE007AE6EEC07A27EE277ADFED297AD3
:102C700067EEC77A9FED287AE0EE077A9FED277A14
:102C8000F0EE676AE0EE076A16EE903A23F47F638F
:102C900023F00F0306EE903AE0EE476A77EEE67A0D
:102CA000013D24F47F64B7EE007ABFEE008A05434D
:102CB00024F00F0467EEA80A07EE903A08FE078A90
:102CC00007EE104A38EEC77AE7EE270A07EE104AF9
:102CD00067EE877A30EEA77A17EE101A002921F0F6
:102CE000004340F3F080B3F1864F40F2DD80DFED2A
:102CF000067A28EE270A20EE270A2FE75B44020017
:102D000000000000F7FF7F3FCAF249710700803FD3
:102D1000ABAAAA3E3BAAB83F70A5EC3600AAB83FC2
:102D20000000804B19F0FF4F05BF5FED037A6FF095
:102D30001703002360EE277A08BF17EE908A4FEA48
:102D4000E852C8F316087F3A48F07E511A44A94B5E
:102D5000984506DDA84B984540F3A4800132A1F5C3
:102D600000010026A54B07EE101AF7EE006A491085
:102D700003EB860341F00051D3ED005A01F58021A9
:102D80009F4B75EE877A37EE656A01EB4651C6EECA
:102D9000A74A07EE901A77EEE55A37EE657ADFED2F
:102DA000995A26EE245A15EE107A1F4006EE907AB4
:102DB000A6EEE76A65EE057AA6EEC76A9FED927AFF
:102DC000E7EE875A9FED917A26EE246A67EEA74ACE
:102DD000A5EEA77ADFED8E5AE7EE275A9FED8D7AA2
:102DE000A5EEA77ADFED8C5AE7EE275A35EE267A64
:102DF000F0EE087A27EE067AA4EEA57AF0EE675A8E
:102E0000E6EEA65A75EE875A15EE901A194005EEB1
:102E1000901A75EEE77AE6EEE67A77EE677A67EE75
:102E2000857AE6EE257AB0EE676AA6EEA56A16EE1A
:102E3000101A194006EE101A7849B0EE467A01EBE6
:102E40008601A6EEE57ADFED765A77EEC77A9FED3A
:102E5000757A67EE877A9FED747AE6EE077A91EDE0
:102E6000007A77EE877A07EE102A704AB8EEC77AB2
:102E7000F0EE676A02EB860292ED005AE6EE256AF2
:102E800076EE856A76EE876A16EE902A134006EE95
:102E9000903A36EEC77A37EE457AA6EE657A77EE47
:102EA000C77AFDE601265DE71CD1DFED616A37EEEA
:102EB000677A70EEA66AF4EEC76AF1EE10FA3FF791
:102EC00016AF862312E05B4A934202D9DFED5A7AAD
:102ED0000FE707D137EE677AB4EEE07AF1EE10FA39
:102EE000EFDBF3E7B3F17C5F76D9DB157E3B4FF484
:102EF0000000524A002940FA03F00844C0F3C753C7
:102F0000A3F17F0342FA03F2C3F1170302EA0002BE
:102F1000C0F3160040F4000007EE102A40FA03F058
:102F200077EEC77AB8BF404237EEA07ADFED446A49
:102F30009FED446AB7EE000A17EE103A23F47F6360
:102F400023F00F0307EE103A77EE677A70EEE70A88
:102F5000DFED3D7A67EE277AE0EEA67AF0EE676A5B
:102F6000E7EE066AF0EE665AE7EE465A9FED376ADC
:102F700026EEA67A77EEE57ADFED355AA7EE256ADA
:102F8000DFED345AE6EEA77AE6EE075A9FED326A95
:102F9000A5EE876ADFED315AE6EE075AB0EE666AB3
:102FA000A5EEC76AB0EE007A66EE865A36EE476A3C
:102FB00085EE867A77EE677A77EEE67A30EE670A04
:102FC00010EE103A03EBC053B3F5000F06DA00F031
:102FD000ADFC20EE080AC1E50020A5E700EE103A9E
:102FE000F7E7B7EE000AB9E5B0EE680AB6E5B0EE6D
:102FF000480AB3E571C41C00D6B35D004417020053
:1030000000F0FFFF55326C3E42F1533E05A38B3E6C
:10301000ABAAAA3EB76DDB3E9A99193F341702005E
:103020000038763F4F38763FA0C39D363C170200EC
:103030003CAA3833000016436042A20D000080FF16
:103040001872313F0072313F8CBEBF350EEADDB5DC
:103050004CBB313355B38A38610B36BBABAA2A3E21
:10306000F0B510EE106A874B87B0044626F0004595
:103070009D4205D8002380ED000A4360002022E035
:10308000814B9D423AD826F00043002E9FED7F7A77
:1030900023F00F037E4A18DD934270EE477A09BF92
:1030A0009FED7C7ADFED7C6A77EEC77ADFED7B6A95
:1030B00037EEE67A77EEC77A80ED007A77EEE67A39
:1030C000C0ED017A012007B0F0BD934270EE077A9F
:1030D00009BF9FED707ADFED706A77EE877ADFEDDA
:1030E0006F6A37EEA67A77EEC77A80ED007A77EED0
:1030F000A67AC0ED017A4FF0FF30E4E7684B9D42BD
:1031000072D804F0D9FBF6EE007A9FED667AE0EE15
:10311000077AFDEEE77AB8EEE77A17EE900ADFED70
:103120005B7A1F28A7EE670ADFED5B7AB1EE476A8C
:1031300067EE277A70EE676A16EE901A09DC26F0C1
:103140000043471E584A23F0FF0352F827209342BA
:1031500006D1C1F3C752EB15C2EBD552082A14DCD5
:10316000216094ED007A002E30EE470A30EE670AB7
:1031700084ED010AA7DAB1EE477AB1EE400A84ED98
:10318000007A84ED010A40429DE7F0EE406ADFEDEF
:10319000415AE6EE256A70EE667AE6EE257ADFEDB4
:1031A0003F5AD7EE257A76EEE75A15EE902AC2F30B
:1031B000C7515B1A192B04DCB0EE660AC4ED005A45
:1031C000CFE7B0EE660ADFED395AA6EE250A76EEB5
:1031D000C07ADFED376AE6EE257AD7EE267A30EE52
:1031E000677A84ED007ABCE7B5F1FF4F06D370EE45
:1031F000407AC0ED017AC0ED007A3FE7EA15DFEDD5
:103200002D6A863AA5EBC25307EE903ABDEEE77AF7
:10321000B8EEC77A77EEC77A8DED037A67EEA67AB5
:10322000BDEEE77AB8EEC77A77EEC77A8DED047A0D
:1032300067EEA67AF5EE407ACDED057AF1EE10FA5A
:103240001ED1B5EE407AF1EE10FA0CBF0123022335
:10325000194903A8019102210091214600F086F846
:10326000002EBFF630AFD4ED007AF1EE677AC4EDF0
:10327000007AD4ED017AF1EE677AC4ED017A82E743
:103280000323E5E7D80F493FE3CB1640800FC93F42
:10329000D00FC93F004435374344353708A3852E46
:1032A000800F494384F9223F4C17020000A3852E6A
:1032B00032318D2400008043CC17020010EE103A0A
:1032C000F0EE406AB7EE000A23F00043B3F1485F26
:1032D00004D2FDEEE67A17EE902A42B326EEA67AE5
:1032E000DFED1A7A9FED1A6A60EEE60A194AA7EE38
:1032F000276ADFED197A9342E6EE077A9FED176AA7
:10330000A7EE876ADFED167AE6EE077A9FED156A7B
:10331000A7EE876AF6EE007A67EE277A26EE076A4E
:10332000E7EE060A04D877EEE07A30EE670A7047D7
:103330000D4A934296BF03F17F43B5EE027A07EE42
:10334000103A30EE470A77EEC77AECE74ED747AD32
:10335000F6740F319999993E7CF293B4010DD037F0
:10336000610BB6BAABAA2A3D0000483F2DE9F04FE9
:1033700090469B46C14B0F4618F1040F2DED048B70
:10338000D9B0669ADDF89CC153F822A00BF1FF3347
:10339000019025DBB8F1030248BF08F10402D21006
:1033A000551CD41A0AEB03060DF17009E9009FEDD4
:1033B000B77AA8EBC50502910CEB840E0021B1424F
:1033C00010DD1CA90DF58879002601EB8B0156450F
:1033D00028DCDDF804E00C46DFEDAC7A002018E0D4
:1033E0000022DDE7CC4254BF5EF82100F0EE477AC0
:1033F00001F101015CBF07EE900AF8EEE77AE9EC13
:10340000017ADCE7FEEC016A013094ED007AE6EE29
:10341000877A9842A4F10404F4DD01360431E9EC22
:10342000017AD4E708A90CEB82025446DFED968AB4
:1034300001EB8A019FED939A03920491A20044A9A3
:103440002046059258AA01EB840102EB840212ED9A
:10345000140A08AA16460028A1F104014EDC2846E9
:10346000CDE9063200F062FAB0EE408AB4EE000A0E
:1034700028EE000A04F0EAF9F2EE007A002DA0EE40
:10348000678ADDE90632FDEEC87A17EE909AF8EE0B
:10349000E77A38EE678A43DD601E08A9C5F1080C9B
:1034A00051F8206046FA0CF1894401FA0CF1761AC1
:1034B00008A941F82060C5F107010E41002E3EDD4C
:1034C0004FF0000C09F10109604664456ADC002DEB
:1034D00005DD012D00F08380022D00F08B80022E8F
:1034E0002DD1B7EE000A30EE488A40B32846069345
:1034F00000F01CFA069B38EE408A20E060EE287A45
:103500000138FDEEE77AF8EEE77AA7EEC90ABDEEDC
:10351000C00AA6EC010A91ED000A37EE800A9AE78C
:1035200005D1611E08A850F821603612C6E7F6EEF4
:10353000007AB4EEE78AF1EE10FA31DA0026B5EE41
:10354000408AF1EE10FA40F0A380611E0020514540
:1035500057DA002871D0013C08AB083D53F82430FD
:10356000002BF8D0B7EE000A284600F0DFF9631C04
:1035700044AA9FED457A990002EB83022346002B73
:1035800080F2B4802346002BC0F2D28044AADFF838
:10359000F0C0DFED3E7A002002EB8305E21ABCE0CA
:1035A00002268DE796465EF8041B60B981B10CF1E6
:1035B000010CC1F5807164454EF8041C0DDDDEF888
:1035C000001002F1080EC1F1FF014EF8041C0121A8
:1035D0000CF1010C7246084677E7012077E7611E7F
:1035E00008AA52F8212002F07F020DF1200C4CF8BD
:1035F000212074E7611E08AA52F8212002F03F0240
:10360000F3E708AA52F82120013910439FE701325D
:1036100051F8040D0028FAD0059904EB0B000DF1C8
:10362000700C661C01F5B07122440CEB80006944FB
:103630004C39B24204DA144600E704990122E7E764
:10364000039CDDF804C054F8264007EE904A059428
:103650000024F8EEE77AE0EC017A8646DFED0B7A9B
:103660009C4203DD0136E1EC017AE2E7FCEC016A01
:1036700001343EED017AE6EE877AF1E7201B020085
:10368000F41A0200000080430000803B00000000AC
:10369000029BB0EE480AA3EB080000F047F91FEDCB
:1036A000077AB4EEC70AF1EE10FA19DB5FED0A7A79
:1036B00008AA083560EE277AFDEEE77AF8EEE77A99
:1036C000A7EEC70AFDEEE77ABDEEC00A10EE103A8B
:1036D00042F82430013417EE903A42F8243041E7A2
:1036E000BDEEC00A08AA10EE103AF6E708A850F896
:1036F0002300013B07EE900A0190F8EEE77A67EEAF
:10370000807A20EE070A62ED017A38E7FCEC016A64
:103710000130B5EC017AE6EE877A504501DC824251
:10372000F4DA58A8013B00EB820242ED287A2AE73E
:10373000669B022B09DC002B2BDC44D009F0070030
:1037400059B0BDEC048BBDE8F08F669B032BF5D11F
:1037500030AA0B1F204613441A460028A2F1040287
:1037600052DC2246012AA3F104035DDC30AB5FED9D
:10377000397A0B44012C67DCDDED306A9DED317A3E
:10378000002E67D1C7ED006A87ED017AC7ED027A96
:10379000D4E730AB22461FED437A0B44002A24DAEB
:1037A0004EB3F1EE477AC7ED007A31AADDED307AFB
:1037B000012377EEC77A9C4220DA0EB1F1EE677AE8
:1037C000C7ED017ABAE730AB5FED507A0B44002CBD
:1037D00005DA0EB1F1EE677AC7ED007AAEE733EDA8
:1037E000017A013C77EE877AF1E773ED017A013ACD
:1037F00037EE277AD2E7F0EE477AD4E7B2EC017AD7
:10380000013377EE877AD6E7D2ED007A0138D2ED30
:10381000016A37EEA67A77EEC77A82ED007A77EE04
:10382000A67AC2ED017A98E7D3ED007A013AD3ED9A
:10383000016A37EEA67A77EEC77A83ED007A77EEE3
:10384000A67AC3ED017A8DE733ED017A013C77EE7C
:10385000877A8FE7F1EE666AB1EE477AF1EE677A22
:10386000C7ED006A87ED017A90E700BF10EE103ACD
:1038700023F00043B3F1485F04D2FDEEC07A17EEA7
:10388000903A5BB320EE007ADFED157A9FED156A72
:10389000A7EE276ADFED147A60EE076AE6EE077A94
:1038A0009FED126AA7EE876ADFED117AE6EE077ADE
:1038B00030B99FED106AA7EE276AA6EE260A704778
:1038C00067EEE67AB6EE006AE0EE867AD7EE870A11
:1038D000DFED097AE6EEA70A30EE600A704700BF16
:1038E000D3C92E2F342FD7B21BEF3836010D50B964
:1038F0008988083CABAA2ABEABAA2A3EF7EE007A1A
:103900000028BFEE007A9FED050A4FF0220047FE27
:10391000877A87EE800A03F09FBF00BF0000000097
:103920009FED010A704700BF0000C07F10EE103A03
:1039300033F0004229D0B2F1FF4F02D330EE000A3B
:10394000704713F0FF4F21D1214BDFED227A9842CF
:1039500020EE270A15DB10EE103AC3F3C752193ACE
:103960001044FE2814DDDFED1C7A10EE103ADFED76
:103970001B6AB0EE677A002B67FEA67A27EE870AED
:103980007047DFED177A27EE800A7047D20DE7E720
:10399000002806DD23F0FF4343EAC05300EE103A4F
:1039A000704710F1160F09DADFED0D7A10EE103ABC
:1039B000DFED0C6AB0EE677A002BDDE7193023F0FB
:1039C000FF439FED090A43EAC05307EE903ADAE756
:1039D000B03CFFFF0000004CCAF24971CAF249F145
:1039E0006042A20D6042A28D00000033704738B5DE
:1039F00001F043FC4FF47A74A0FB040547F6122251
:103A0000002304FB0151EDF743FA38BD836800EB56
:103A1000C101B3F5004F2CBF51F8220031F812005C
:103A2000704700EBC1018068B0F5004F2CBF41F832
:103A3000223021F812307047012208B5FFF7E6FF67
:103A4000D04008BD836800EBC101B3F5004F08D337
:103A50004B681AB143F001034B60704723F0010338
:103A6000FAE74B881AB143F001034B80704723F00B
:103A70000103FAE753000122FFF7D3BF8368481C14
:103A8000B3F5004F34BF042308230833A0EBD30061
:103A9000B0FA80F0C0F11F0070472DE9F0410D46EB
:103AA00086680446FFF7C8FFB6F5004F014601D30C
:103AB000012832D02046FFF7E1FF04EB80010E69B8
:103AC00096B90122E36882401343E36002220D614C
:103AD0002B4629462046FFF7A4FF0322294620460D
:103AE000BDE8F041FFF79DBF022231462046FFF7B7
:103AF0008DFF0746034629462046FFF792FF032223
:103B0000334629462046FFF78CFF39462B46204690
:103B1000FFF787FF02223146E1E7BDE8F0812DE99A
:103B2000F04706460D46174698462BB34FF0000A5D
:103B300098F8004093F80190DB78A40004EB43046C
:103B400098F802301C444444CA4509D339463046EB
:103B5000AC46D8F8042008F10803BDE8F0476047F8
:103B600014F8013B0AF1010A204648F82340EDF71A
:103B7000A9F901300444E7E76FF01500BDE8F087CC
:103B800070B5002502462846144614F8013B0BB9CF
:103B9000184609E098B18D4207D1702B04D0A3F1EB
:103BA00040023A2A0BD8002070BDA3F140063A2EFD
:103BB00005D853780135941C002BE9D00020252B23
:103BC000224608BF80F00100DEE70020704730B5D4
:103BD0000C688B6814B14A689A4202DC01338B602E
:103BE00030BD013A9A4214BF05460025E5548B6862
:103BF000F4E700F0FEB90FB407B504A951F8040BBF
:103C0000019100F0F6F903B05DF804EB04B07047E1
:103C10000CB407B504AB53F8042B0193F0F724FE62
:103C200003B05DF804EB02B07047D0E9002130B575
:103C30004FF03333A2FB0324D51843EB0405A1FB5B
:103C40000313521844EB0304521944F1000289187B
:103C500043F10003C0E9001330BD10B50A68034604
:103C6000002A0FDD013A0A6044680A201A68A2FBA4
:103C7000001200FB0422100F22F07042C3E9001270
:103C8000303010BD3020FCE72DE9F0410746884672
:103C900015461E461446B44205D30EB1601B08E01B
:103CA0002378002BFAD0414614F8010BB8470028BE
:103CB000F1DABDE8F081002383F31188BFF36F8F41
:103CC0000423184602DF70470FB407B504A951F862
:103CD000040B0191FFF78DFF03B05DF804EB04B016
:103CE000704710B50369024613F0080009D1136844
:103CF000D4689C429BBF0120526AE31AD31A0B601E
:103D000010BD00231846FAE713B501A90446FFF7D2
:103D1000E8FF20B1019BE268013B13440193606A14
:103D2000019BC01A013802B010BD10B504465018EE
:103D30002269636AD20702D5013B184010BD984240
:103D400028BFC01AFAE710B504460A46C168FFF753
:103D5000ECFF2369E06023F00803236110BD38B550
:103D60000D46026A8B00016843F00203044642F8E4
:103D7000213001682A46FFF7D8FFE368616898425E
:103D800008BF2369206008BF43F008032A46204685
:103D900008BF2361FFF7C9FF606038BD2DE9F74F09
:103DA000C768066A9B4606EB8703009316F8273020
:103DB000044603F00303022B884691464FF00003AC
:103DC0000BD01360CBF8003023699B0713D44FF05E
:103DD000000A504603B0BDE8F08F56F82710136074
:103DE0008908CBF80030EFD0FFF7ADFFE368A360A0
:103DF0004FF0010AEDE7E3690098984716F827208D
:103E0000054612F0010AE2D012F002021FD0B8F10A
:103E1000000F03D041462046FFF7A1FF61682A4604
:103E20002046FFF782FFD4E902219142606006D16B
:103E30002A462046FFF779FF4FF0000AA060A268EB
:103E40002260E260226942F008022261C1E7014675
:103E500020460192FFF777FFE368A360B8F1000FF7
:103E600004D02168236A019A43F8212005EB080257
:103E7000CBF8002021682046FFF757FF2369206018
:103E800043F00803236116F827306FF3000306F8A8
:103E90002730009BC9F80030AAE770B504461546E4
:103EA000FFF743FF2368834205D12369216023F094
:103EB0000803236170BD226AAB0043F0020342F89D
:103EC000213061682A462046FFF72FFF6060F1E746
:103ED00038B5036904465B0706D5856AFFF714FF0A
:103EE00085422CBFA562A06238BD838B13F0070307
:103EF00005D10368002B0CBF002003207047022B64
:103F000005D1C08BB0FA80F0400980007047012BCA
:103F100005D10368002B0CBF00200520704700204E
:103F2000704710B50C4600B111B96FF0150010BD07
:103F3000081D00F02FF80028F9D1A368032BF6D94B
:103F4000F3E72DE9F0410D4607461946281D904636
:103F50001E46F1F7DBFA044638B13346424629469D
:103F60003846A446BDE8F0416047BDE8F08138B569
:103F70000C46054658B151B10B6843B14B6833B19B
:103F80002022002102F0EFFD00202C6138BD6FF0EF
:103F90001500FBE7034658B1426802F00302012A0C
:103FA00003D0032A04D1026812B100209860704740
:103FB0006FF015007047704703785B075FBF0368B9
:103FC0004288C3F34A2303EB12105DBF173020F081
:103FD00007008008002070470020704700F09CBE5A
:103FE0000346D3E8EF0F421CC3E8E12F0029F8D1C4
:103FF00070471FB50023CDE902011A46194618463D
:10400000CDE90033F1F7CAFE05B05DF804FB0120ED
:10401000F1F798BB002070474368DA7101224368CA
:10402000196043685A71F1F77FBB70B515460C46AD
:1040300069B1D2E901369B1B99420AD813680A4636
:104040000146981902F068FDAB682344AB60204636
:1040500070BD6FF01B00FBE770B50E4615461946A4
:10406000044618B9BDE87040F1F76CBB33B1C2F338
:104070004A231030120D184402F04EFDC4E90056D8
:104080002046BDE87040F1F7D3BD2DE9F3415F1C38
:104090004FEA8708064608F1170020F0070080085D
:1040A0000C461546F1F7FAFB00238DF80470ADF8C5
:1040B00005308DF8073068B10346019AA8F1040174
:1040C00043F8102F2A46294452F8045B8A4243F8E9
:1040D000045FF9D100233146A20102F4E07242EA02
:1040E000482222F07F4222F4700222F03F0202B006
:1040F000BDE8F041FFF7B0BF07B50123019201AA67
:10410000FFF7C3FF03B05DF804FB07B5CDE900235B
:1041100002236A46FFF7B9FF03B05DF804FB1FB541
:10412000CDE90123069B01AA03930323FFF7ADFF0B
:1041300005B05DF804FBF8B506460D4614461F466B
:1041400004B9F8BD214628463A46B047241A05442A
:10415000F6E710B542680446D2E90023816800689A
:10416000FFF7E9FF002263681A6010BD13B5002451
:104170000094ECF7FDFF02B010BD0A2838B50446E4
:104180000D4602D10D20F1F7A5FE29462046F1F794
:10419000A1FE002038BD2DE9F043054687B0084652
:1041A0000E8891F800900C46D1F808801746F1F778
:1041B00065FE011EC6F38216C9F3C2091EDB48461E
:1041C000F1F748FD0346214651F8102B6088C2F3F1
:1041D0004A22002A01EB020408BF00210022C0F39A
:1041E0000B10CDE90407CDE902142846414601969B
:1041F0000092F1F79BFE07B0BDE8F0830023E2E7F1
:10420000436800201B685B681961704701212DE934
:10421000F04143681B685A6811751D682F68D5E91D
:104220000136D3E900481CB96B681C60BDE8F08119
:10423000214630464246B847241A0644F3E743680D
:104240001B681868F2F704B870B543680C461D681F
:104250006B681869F1F752FA214603460F22286865
:10426000BDE8704018470023182230B5083090F898
:104270003440D9B28C4202D84FF0FF3005E003FB46
:104280000225455D591C0DB158B230BD0B46F0E713
:104290002DE9F0410B460446002790F87650B0F81F
:1042A0007220D0F8408015FB02F5ADB2B4F874105E
:1042B000BAB2914213D8BDE8F0812A464146184669
:1042C00002F02AFC0346B4F87E202B4490440136C9
:1042D000B4F87010B2B29142EFD80137E6E7002689
:1042E000F6E77FB505460C461646016DC26D01A87E
:1042F00002F0AAFEF2F766F9B8B121462846F2F7B5
:104300001FF8041E04DAF2F79BF9204604B070BDD2
:104310000022022101A803F086F90446002EF2D003
:1043200031462846FFF7B4FFEDE76FF0CA04ECE72B
:1043300070B504460025B4F86C20ABB29A4201D89F
:1043400000200BE0A66EABB2180106EB03131A7B3C
:10435000012A04D0022A09D04FF0FF3070BD305836
:10436000D3E9012102F0FFFB0135E4E75B68325835
:1043700023F0010313449A42F6D0A16E01448968E8
:1043800022F8021BF7E703F019B970B50C46054691
:1043900002F00BFFF2F7F0F828462346BDE8704024
:1043A0000021184770B50C460546F2F7C9F802F02F
:1043B000EBFE28462346BDE8704000211847FDF774
:1043C000A9BC0FB407B504A951F8040B0191FFF77C
:1043D00010FC03B05DF804EB04B07047EFF31180FC
:1043E000202383F31288BFF36F8F704780F3118807
:1043F000BFF36F8F704702F0B6BB02F08DBB014672
:104400000068F2F7AFB908B5F2F73CFABDE808402A
:10441000F2F73CBA0A460121FFF76EBE00210120E7
:10442000F2F7A0B9D0F8A83083F30B887047F2F701
:104430004DBE61B662B680F31188BFF36F8F7047CF
:1044400072B6002383F31188BFF36F8FBFF34F8FD2
:1044500030BF62B6BFF36F8F704772B6002383F32D
:104460001188BFF36F8FBFF34F8F20BF80F3118888
:10447000BFF36F8F62B6704740E800F313F4803FDC
:10448000D8B208BF6FF01500704730B50C684B68A4
:1044900085B00A894D890094013B24F01F04234410
:1044A00002F01F0242EA451223F01F0369468DF80D
:1044B00008200393F2F7B2FE05B030BD002070472C
:1044C0004FF0FF30704708461146F3F739B90846F8
:1044D0001146F3F749B94FF0FF307047002070479D
:1044E0000228CCBF0020012070474FF40053002069
:1044F0004B607047F7F7CABA00230A46194682B0E4
:10450000009302B0F3F7BCBA0123F3F7B9BAF8B5D8
:10451000069F0469C9B2EFF31186202585F312883E
:10452000BFF36F8F0C2569430C44A56E05F0070C93
:10453000BCF1010F0BD1A76686F31188BFF36F8F13
:10454000C4E9182343685B5898470020F8BD05F07C
:10455000C005AF4286F31188BFF36F8F0CBF6FF0B9
:1045600077004FF0FF30F1E713B580240094FFF798
:10457000CEFF02B010BD0069CBB200EB43100021AA
:1045800010470220F5F7CCBE0220F5F7FFBE10461B
:10459000F8F7B8B9F5F7ACBFF5F75ABF8022F3F7D3
:1045A0000BBC436800205B68DB680B6070474368A6
:1045B00002EA01005B6821EA02015860002099606C
:1045C0007047436800205B6859607047436800206B
:1045D0005B689960704743685A68136821EA030072
:1045E0000B405060002093607047F6F76FBD0129C3
:1045F000036907D193F8D50010F001000CD003F146
:104600001400704739B993F8D50010F0020003D0B8
:1046100003F16C00704700207047D0F8C4309868F0
:104620004223C0F8083301234360C0F30830F2F797
:10463000A5BC1FB50C460022002301A94030F7F7A6
:10464000BBFE48B90120039B6360019BA360029BF2
:104650009B08238204B010BD0020FBE713460A46E6
:104660000121FFF752BD0A460121FFF745BDF0B514
:10467000426887B093681469D3F8202122B10022E0
:10468000C3F82021D3F82021D3F818217AB10022D1
:10469000C3F81821D3F81821227942F0080202F059
:1046A00012011229227104BF42F020022271D3F8B4
:1046B00004217AB10022C3F80421D3F8042122791D
:1046C00042F0040202F011011129227104BF42F0EC
:1046D00020022271D3F8082112B9D3F80C21CAB1F3
:1046E0000021C3F80811D3F80821C3F80C11D3F83E
:1046F0000C210C222046C3F80823C3F8001550F8FB
:104700001C3B98472046022150F8083B07B0BDE803
:10471000F0401847237903F00F020F2A07D0D8077B
:1047200001D4190703D49A072AD45B0728D5237923
:1047300023F00C0313F0200C237108D023F0300376
:1047400043F010032371012100202368DEE701AE4E
:1047500004F11C050FCD0FC62B6804F11C07336054
:1047600004F108060FCE0FC7336801212B602379AF
:10477000C4E902CC43F01003237101A823689847D1
:1047800007B0F0BD91F8CC3010B5012B0C46A1F16B
:10479000040007D1FFF741FF54F8040CBDE81040B6
:1047A000F0F748BEBDE81040F4F770B87FB54B1E77
:1047B000012B04460D461DD800F1400600220023BF
:1047C000304601A9F7F7F8FD78B1022D14D104F1B4
:1047D000980500220023284601A9F7F7EDFD58B9F6
:1047E0000199606FF7F704FCF3E70199E069F7F7C7
:1047F000FFFBE3E70029EAD004B070BD30B54368A1
:104800001360057A446804EBC504A34202D36FF039
:10481000010030BD5C798C4201D00833F0E7002004
:10482000F7E743681B68D3F88004C3F88004704737
:1048300003691A6813680BB152681847704730B59E
:1048400087B004460D461422002101A802F08BF91E
:10485000042320460DEB03018DF804300295FFF789
:10486000E7FF07B030BD70B586B0066904460D4657
:104870001422002101A802F076F902238DF80430F9
:10488000336820461B6C01A9029333689B6CCDE909
:104890000335FFF7CDFF06B070BD30B503691C6866
:1048A00043681B68EFF31185202080F31288BFF363
:1048B0006F8F206CA8B1E06CB0B90020C4E913126E
:1048C000042AC3F80417C3F8082782BFD3F80022CC
:1048D00042F02002C3F8002285F31188BFF36F8FE6
:1048E00030BD6FF00C00F7E76FF00F00F4E70369DD
:1048F000186820B101601B6800205A6070476FF093
:104900008500704710B5426800691368006860B997
:10491000D3F84C4164B1126B12780A70C3F84C01A1
:10492000D3F84C2101229A6210BD6FF08500FBE79D
:104930004FF0FF30F8E7F8B5036904461D68436897
:104940000F461E6805F1080000F0A5FCEFF3118288
:10495000202383F31288BFF36F8FEB6C53B1D6F82B
:10496000003223F02003C6F800320023C6F850318D
:10497000D6F85031002385F8633017B1012385F84C
:10498000643023691968012381F86230616809681D
:10499000CB6282F31188BFF36F8F0020F8BD0369EB
:1049A0001B681B6C13B10121FFF7C5BF6FF00D0031
:1049B000704710B503691968D1F8A420D1F8B04048
:1049C000121B13D0082A28BF08224068C1F8AC2067
:1049D0001968406AC1F8A8001B68D3F8A010D3F882
:1049E000B030194402F098F8012010BD1046FCE7E1
:1049F00010B5044612EA030005D0605818B1002330
:104A000001206350635810BD13B501AA0446FFF797
:104A1000F5FE002805DB019B226819791868F4F778
:104A200033FC02B010BD10B402694468936823EAF5
:104A30000101916011F0030109D143681B68C3F8BB
:104A40000015E06801215DF8044BFFF7DDBF5DF85C
:104A5000044B704710B5026993681943916013F0D5
:104A6000030107D14368D8681C68FFF7CDFF08230E
:104A7000C4F8003510BD10B543681C68C4F83C1775
:104A8000C4F840270022C4F830215B68D4F83021F4
:104A90009B0702D50121FFF7DDFF0123236510BD30
:104AA00010B5436804461B68D3F830210B684AB937
:104AB000012283F8B8204FF4805263681B68C3F862
:104AC000042310BD002283F8B8204FF0FF320B689A
:104AD000C3F8B4200B68D3E92A12FFF7CCFFEAE74A
:104AE00038B54268036915681A68D2F8A01051B148
:104AF000002482F8B8401868683000F0CCFB01232D
:104B000020466B6538BD6FF00D00FBE7406BFFF78B
:104B1000E7BFF7B5426B53681C681369D4F81011EE
:104B200053F8085BD3E8EF6F26F01007C3E8EC7F7B
:104B3000BCF1000FF6D1F3060FD561B1D5E916230C
:104B400000260027CDE90067FAF71CF90023C4F816
:104B50001031D4F8103103B0F0BD0029FBD1136936
:104B60001968CB6CB3FA83F35B0981F86230536840
:104B700001221B68DA6203B0BDE8F04000F08BBB95
:104B80002DE9F347174600224368D0F810901E68BD
:104B9000D9F80040884694F86130D6F80C1784F8AC
:104BA0006120A26C05469B1A1944002901DDFFF71C
:104BB0005AFE2846216CFFF742FEE36C2364236D06
:104BC00063640023C4E91333A36494F86330002BB7
:104BD00047D0EFF3118A202383F31288BFF36F8F3E
:104BE000236C53B3D6F8003223F02003C6F800320A
:104BF000B8F1000F31D187BB0123B362C6F824712D
:104C0000D6F8243184F86270D9F8083043F01003E4
:104C1000C9F808308AF31188BFF36F8FD4E91632D0
:104C200013431ED0D4E9162300200021CDE9000152
:104C300004F10800FAF7A6F813E0D4E9163213439A
:104C400003D004F1080000F026FB2B691A68012349
:104C500082F862306A681268D3628AF31188BFF3FF
:104C60006F8F02B0BDE8F0872DE9F3410646174685
:104C70001C460569EFF31188202383F31288BFF3E4
:104C80006F8F2B68D3F8A42042B188F31188BFF34B
:104C90006F8F6FF00F0002B0BDE8F081C3F8A47011
:104CA0002B68C3F8A01001F06043B3F1005F2B68DC
:104CB00014D1C3F8A8102B68C3F8AC70294630464D
:104CC000FFF7EEFE88F31188BFF36F8F73681B7ECA
:104CD000012B01D1631C06D10020DCE7C3F8B02012
:104CE000FFF767FEEAE724EAE4722868D3171F3269
:104CF00043F10003520942EAC36268305B090024B1
:104D00000025CDE90045FAF73DF8E5E708B50220B2
:104D1000F3F790F9002008BD08B5F6F7CDFB08BD04
:104D200008B5FAF76FFF48B1002383F31188BFF38A
:104D30006F8F0423184602DF6FF0040008BD03469E
:104D40000020184700F0AFB9024610B5116891B1C4
:104D5000B1FA81F3C3F11F000123834021EA030369
:104D6000D2E8EF4F8C4204D1C2E8EC3FBCF1000F17
:104D7000F6D1EBD110BD6FF00B00FBE710B5036867
:104D8000CB40DB0710D401238B40026843EA0201C9
:104D9000D0E8EF4F944204D1C0E8EC1FBCF1000F03
:104DA000F6D1F2D1002010BD6FF01500FBE7002313
:104DB000F5F702B941F2640200F13043A3F50A238A
:104DC000934294BF4FF48073802341F00041195007
:104DD0000020704738B50D46044600F045F80146FE
:104DE0002846F5F7DDF9011E05DB2046BDE8384011
:104DF000C9B2FFF7DFBF38BDF8B5164641F264020D
:104E000000F13043A3F50A23934294BF4FF480731B
:104E10008023C3580746002B0D4622DB01F13043A7
:104E2000A3F50A23934294BF4FF480738023CB5899
:104E3000002B16DB00F018F80446284600F014F8A2
:104E4000324601462046FFF7B2FF044638B93168C2
:104E50003846FFF7BFFF28463168FFF7BBFF204603
:104E6000F8BD6FF01504FAE7C0F3824001387047CF
:104E7000F5F7F8B908B5F5F73FFCF5F755FBBDE8D0
:104E80000840F5F7FBBC10B504460846F5F722FDCF
:104E900004EB4004A08AC0F3401010BD10B50446D6
:104EA0000846F5F717FD04EB4004A08A10F01C003B
:104EB00018BF012010BD10B504460846F5F70AFDDD
:104EC00004EB4004A08AC0F3400010BD10B50446B6
:104ED000FFF7F1FF10B12046FFF7D5FF00F001000A
:104EE00010BD10B504460846F5F7F4FC04EB400489
:104EF000A08A400B10BD70B5044608461646F5F76B
:104F0000E9FC083034F810300D46DA0509D5C3F352
:104F1000432304EBC3023146284654F83330526829
:104F20009847A3682BB131462846E268BDE8704037
:104F3000184770BD2DE9F3411746DDE90858019087
:104F400001A80C461E46F5F70BFD019B391E18BF44
:104F5000012100EB8300231E18BF0123002E43EA2A
:104F6000410314BF0C210021002D43EA010314BFAB
:104F70004FF470610021B8F1000F43EA010314BF40
:104F80004FF440310021D0F880200B4322EA030384
:104F900004B124780FB13F787F001C430EB13678FE
:104FA000B6003C438DB1297809023443B8F1000FB3
:104FB00003D098F800804FEA0848214341EA0801ED
:104FC000C0F8801002B0BDE8F0812946EDE71FB5BA
:104FD0000DF10F03019300238DF80F101A461946A7
:104FE0000093FFF7A7FF05B05DF804FB2DE9F0473C
:104FF00000250446884617462E464FF00109AA466A
:10500000BE420CD1D4F8443133B10023C4F844314A
:10501000D4F8443145F400352846BDE8F087F0B2B5
:10502000F5F7D0FCA0F580739B0809FA03F318EAA2
:10503000030F05D022581AB144F800A022581D438E
:105040000136DDE738B504460D46FFF71CFFB0B169
:105050002046FFF730FF90B92046FFF742FF0123BB
:1050600022688340C2F81833236800B203EB800340
:10507000D3F8102522F00302C3F8102538BD2846C6
:10508000BDE838400021FFF7A2BF4FF0FF31F6F72F
:1050900027B908B5F6F742FCBDE80840FFF7EABEBD
:1050A000C9B2F6F7B1BC08B1F2F74EBC704740B1D7
:1050B000C368587810F001001EBF1878B0FA80F06D
:1050C00040097047EFF31183202383F31288BFF365
:1050D0006F8FFEE78169C26842EA010313F00303A0
:1050E0000FD103614369013B03FB0122002B01DA6D
:1050F000002070470169013B116081690261521A09
:10510000F4E76FF015007047C0E9032303FB0212B8
:105110000023C0E90621C0E9000041610162436249
:1051200080F828308360704713B501240094F7F7A6
:105130005FF802B010BD90F90E308B4201D0F8F745
:105140009BBB0020704703460020C3E90033C3E93E
:10515000020070473AB18A4205D3C0E90212C0E9A1
:105160000000002070476FF01500704701230268AF
:105170008B4022EA0303036022FA01F000F00100F1
:10518000704728B1002200F58A701146F9F7B0B8CF
:10519000704710B5F7F75CFE041E08DDEFF31180D1
:1051A000202383F31288BFF36F8FF8F797FC204614
:1051B00010BDEFF30580003818BF01207047843020
:1051C0007047D0E9003213605A600023C0E9003311
:1051D000704738B504460D46F8F7A8F8637B43F0EE
:1051E00002036373E5B1A5602B689D4209D16B682A
:1051F000C4E900531C606C6012E06A689A42F6D001
:105200001B68002BF3D094F90E2093F90E108A42FC
:10521000F3D09142F1DD5A68C4E9003214605C6059
:1052200038BD01211838F8F7F7B908B5C3171F3092
:1052300043F10003400940EAC360C117F8F7FCFDE1
:10524000400108BD08B50246F9F776FA70B1D0E919
:1052500004319B1A61EBE272B3F1004F72F100016D
:1052600004DA002AACBF1846002008BD6FF00040E9
:10527000FBE708B5F9F76CFC08BDF9F769BC00233A
:10528000C0E9081200F11802C0E90622C0E90033A3
:1052900003634363704710B50446F9F757FBA8B999
:1052A000636A0BB12046984704F11800F8F796FAA4
:1052B00060B1F8F723F9EFF31180202383F312880C
:1052C000BFF36F8FBDE81040F8F708BC10BD704702
:1052D00010B400F10C04C0E90344002444615DF8FB
:1052E000044BEEF7C9BD08B500F08CF9002008BDED
:1052F00008B5806BF9F70CFF003818BF0120404259
:1053000008BD08B5CB070AD4438A406AB2FBF3F262
:1053100000F070F800280CBF00207E2008BD6FF060
:105320000500FBE708B5028B438AD0E9081000F0BE
:10533000B3F8002818BF6FF0010008BD10B448B1E1
:1053400041B162B1448B944209D8C36D5DF8044BFE
:10535000083018476FF002005DF8044B70476FF09B
:105360000100F9E738B50446B0B1036E016B0830AF
:105370009847054670B92046A36E9847054648B938
:10538000E36E04F134009847236F04F1480104F1FF
:105390003C009847284638BD6FF00205FAE7008CBC
:1053A000704740F20220704708B50346FFF7F9FF47
:1053B0001B79C0B21B1A5842584108BD10B50446AB
:1053C00060B1FFF7F1FF60B1A36D04F108009847E9
:1053D00030B92046636EBDE8104018476FF00200F8
:1053E00010BD6FF00600FBE78368828919464068AC
:1053F00000F0ABB82DE9F041C38884880546E61A71
:10540000B6B2D0F800C0964294BF981998182F8968
:1054100082B24FEA470E934215D1E41AA0B2002897
:1054200014BF1A460022EA80BDE8F08131F91680E7
:1054300001362CF81080204480B2B742F6D80133F0
:1054400071449BB2E7E718460026F6E7F0B5C3883B
:1054500084880546E61AB6B20789D0F800C096429D
:1054600094BF9819981882B293420DD01846CE195D
:1054700005E011F901EB0CF800E0204480B2B142E4
:10548000F7D101339BB2EFE7E41AA0B2002814BFB2
:105490001A460022EA80F0BD60B159B1012A0CD948
:1054A0005BB1828000229BB20160C2800381438194
:1054B000104670474FF0FF3070476FF001007047A3
:1054C00008B5FEF70EFF40B208BD2DE9F0410D46CC
:1054D000074690461E46FEF7C6FE012104B204EBC5
:1054E000440407EBC404A37F6FF07F0299401823A4
:1054F00003FB007707EE901A97ED067AF8EEE77A4D
:10550000B8EE477A2946C7EE876A701E05EB880811
:10551000414501D1BDE8F08194F91F30B1EC016A39
:1055200007EE903A86EE267AF8EEE77A77EE877AFB
:10553000FDEEE77A17EE903A9342B8BF13467F2B01
:10554000A8BF7F2300F8013FE2E770B50124D0ED4A
:105550001E7A90F87C50B8EE677AAC4007EE904A1D
:10556000F8EEE77A90F87640C7EE276A042C12D15D
:10557000013A00D270BD90F97D6051F8224003EBF2
:105580008205A41B07EE904AF8EEE77A67EEA67A4A
:10559000C5ED007AECE7012CECD1013AEAD38C5648
:1055A00090F97D6003EB8205A41B07EE904AF8EEAC
:1055B000E77A67EEA67AC5ED007AEEE770B50128C6
:1055C000049C0ED1A1F10800012803D89B681B6838
:1055D000236070BD0A39012903D89B685B6863604A
:1055E000F7E72146586804EB4205C4EB4006A942A0
:1055F00002D110445860ECE71C680C44A45F21F809
:10560000024BF4E72DE9F04F838A95B00C930B68B9
:105610008A460A93CB68068B1193002390F81CB03E
:1056200072000B92056A0BF1FF320A9C12930893E9
:1056300011AF0E920C9A08998A4205D80A9BE01A7B
:10564000801015B0BDE8F08F5A1C0692DAF81420CD
:10565000504602EBC303D3E90089CDE90247424635
:105660004B46CDE90056F9F76BFD04EB800442464A
:105670004B46CDE902475046CDE90056F9F78EFD7D
:1056800004EB8004CDE9024742464B465046CDE943
:105690000056F9F7C3FD04EB8004BBF1000F53D0B3
:1056A000B6FBFBF399B20BFB13639BB20D93069B06
:1056B00005950993002307930E9B079A5046934242
:1056C00008BF0D9B099A08BFC918DAF8143008BF43
:1056D00089B203EBC203D3E90089059B4246CDE9B9
:1056E0000247019100934B460F91F9F729FD0F995D
:1056F000059B04EB80044246CDE9024701910093EB
:1057000050464B46F9F74AFD0F99059B04EB800480
:10571000CDE902470191009342464B465046F9F7C6
:105720007DFD059B0F9904EB800403EB410305937A
:10573000079B01330793099B01330993079B9B4503
:10574000BAD8069B5B4406930B9B1D44089B013310
:105750000893069B6EE773B50C4611461A46002364
:105760000546C0E900332046069B00F0E5F8A8B3E3
:10577000B4F918606169B6FA86F6113E324604F152
:105780001C0000F034F9216A04F134000A46CDE926
:10579000000100F05FF9DDE9000100F072F9314627
:1057A000009800F0AFF90146009004F1580000F0B5
:1057B00030F8E36E009923B104F16C0000F096F824
:1057C0000099636A626BB3FA83F304F18000C3F15A
:1057D0001903F9F7CFFD636BC5E90003284602B052
:1057E00070BD10B5044600F0F0F804F11C0000F0A4
:1057F0001FF904F1340000F0FEF904F15800BDE88F
:10580000104000F03DB803680B60436801204B6016
:1058100070472DE9F0410025C7680439AF422DDDFE
:10582000EB07D0F810E054BFB0F80480B0F8068061
:105830005EF82530C8F58042A2FB0326D0F800C0F0
:1058400051F8044F04FA0CF4E4FB0826930B43EAE6
:1058500086434EF8253002890E689C42A2FB06263C
:1058600094BF241BE41A920B42EA864224FA0CF3FA
:1058700093422CBF0B600A600135CFE7BDE8F08191
:10588000C26800210069920001F06DB9022870B56C
:1058900002D831F9100070BDB0FA80F3C3F12006D0
:1058A000F2000A2EA2F10C0201EB0205D5BF153B56
:1058B000A6F10B039840D840AB88C0F3090013FB56
:1058C00000F4B5F902305B0103EB641358438B5EBF
:1058D00000F5804003EBE03000B2DCE7B0F5005F9C
:1058E00039BF4043000D800940387047F8B5044681
:1058F000002687680D1FB7421DDD6368E16853F815
:105900002600FFF7C3FF55F8043FD4F810C0A0FBF2
:105910000330CCF12001ACF1200223FA0CF300FAA1
:1059200001F10B4320FA02F243EA0200FFF7D6FF2F
:1059300001362860DFE7F8BD2DE9F0410768984699
:1059400003690446FE1A964228BF1646C0687200D4
:1059500000EB430001F0E0F8C8F800602269B518D8
:105960002268256195422ED300263546D4F804E0FE
:10597000E068D4F81480BD4216DA3EF8153030F8ED
:10598000151011FB03F141F30F33002B4FEA213CBB
:1059900028F81530BCBFCCF100031BB2B342B8BF2E
:1059A000334601351EB2E6E7A168521A520000EBF9
:1059B000410101F0BEF801202369A26826839B1AE9
:1059C0002361BDE8F0810020FBE710B504460268C2
:1059D00000215200C06801F0C6F822680021606909
:1059E000520001F0C0F800232361238310BDF8B5F5
:1059F000D0E90267044600230568BB4210D1F21AC1
:105A00005200B34288BF0022002105EB430001F0A1
:105A1000AAF8294662682069BDE8F84000F094BD04
:105A200031F81300904025F813000133E5E7704783
:105A300010B50446826800215200006801F093F816
:105A4000A2686068520801320021BDE8104092004F
:105A500001F089B830B5D0E9013502EB830201EBE2
:105A60008301AB4201F104010ADA31F9024C31F948
:105A7000040C644300FB0040013342F8040BF0E7E0
:105A800030BD2DE9F04FC36887B002930369076A00
:105A900003934369059104930368019300231A4615
:105AA0001D46019C9C422ADB91460022029CC6694D
:105AB00034F913E0039C059934F913C0846906EBAB
:105AC0004C0604EB4C0A049CAC4634F913B0154662
:105AD000144601EB8E0E5C450BDA3AF914805EF841
:105AE0002410C1FB089C36F914800134C1FB082541
:105AF000F1E747F8089B47F804CC0133D1E707B03A
:105B0000BDE8F08F2DE9F74F00274FF000480368FC
:105B1000006A0191009300F10809009B9F4267DA37
:105B200059F8085B59F8046C36BB2A4615B3B5FA28
:105B300085F343F0010328FA03F1C3F11F035B105F
:105B40000133013B08D3741894424FEA56069CBFB8
:105B50007618121B8908F4E7964204D24FF6FF73B9
:105B60009E4218BF0136B3B2019AD34040F82730A5
:105B70000137D2E72B46F7E7B6FA86F242F0010288
:105B8000C2F12001A2F1200328FA03F308FA01F17F
:105B9000194300231C4628FA02FCC2F13F025210AE
:105BA0000132013A1AD313EB010E44EB0C0A75458E
:105BB0004FEA530376EB0A0B43EAC4734FEA5404EB
:105BC00006D3B5EB0E0566EB0A06CB1844EB0C04C6
:105BD000890841EA8C714FEA9C0CE2E7AB4274EB16
:105BE0000601C1D2002C08BF9342BDD00133BBE7F0
:105BF00003B0BDE8F08F026800210132006AD200D4
:105C000000F0B1BF2DE9F04F1646A1B0DDE92A251D
:105C1000D2E9007A0AFB07F9039000EB890906FB39
:105C200003F0BAF1010F4FEA800810D1039B0A6814
:105C3000414443F8042B9945F9D1BB1E032B00F2D4
:105C40004484DFE813F01C007D004B016B02083236
:105C5000144606FB07F203984FEA8A0BCDE900458C
:105C6000CDE90401CDE90623FFF7CCFFDDE90623EA
:105C700004980599584481454144EFD1DDE7039BE1
:105C800043F6FF771C464FF480420AF10101B6004B
:105C900003EB8101043434F8043CBAF1010A13FB2C
:105CA00007234FEAE33324F8043C34F8023C01F1C3
:105CB000040113FB07234FEAE33324F8023C31F8D5
:105CC000083C04F1040413FB07234FEAE33C31F8DA
:105CD000063C21F808CC13FB07234FEAE33321F8F5
:105CE000063CB5F90881B5F90AE108FB0CF00EFB9A
:105CF000130008FB03F334F8089C0EFB0C3300F58B
:105D00008040C0F3CF30A9EB000921F8089C34F89B
:105D100006CC03F58043C3F3CF33ACEB030C21F87F
:105D200006CC34F808CC3544604424F8080C34F828
:105D3000060C034424F8063CADD121B0BDE8F08F39
:105D400006FB0AF3AB4605EB8303049542F6AA294A
:105D50004FF48045B3F90A314FEA8A000693B30045
:105D60000C93F3000D93039B4FEACA079A1C32F879
:105D7000023C039913FB0953DB1322F8023C039BFB
:105D8000BAF1010A5B8813FB09534FEAE3334B80F6
:105D90000B5A13FB09534FEAE3330B52135A13FB0D
:105DA00009534FEAE3331352CE5B16FB09564FEA11
:105DB000E636CE53D15B11FB09514FEAE133D353A1
:105DC0000593039BBBF90A411B5E09941946BBF975
:105DD0000831049C0793B4F90881B4F90AE1079CDF
:105DE000135E01FB04FC0893DDE9084304FB13CCBC
:105DF0000CF5804CCCF3CF3308FB06FC0A93059BD3
:105E00000EFB13CC0CF5804CCCF3CF330B93DDE9B8
:105E10000A3403EB040CDDE9073403FB04F42346E6
:105E2000099C01FB04330599039C08FB01F10EFB5F
:105E3000061632F802EC4CF34E08AEEB080E03F5F2
:105E4000804306F5804624F800E0C3F3CF33C6F361
:105E5000CF36B4F802E003EB060141F34E08AEEB97
:105E6000080E22F800E032F802ECA3EB06031EFA5B
:105E70008CFC22F802CCB4F802C01CFA81F16180DB
:105E8000069911FB0353215AC3F3CF331944E1534D
:105E9000DDE90A14A1EB040C06991CFB015C115A04
:105EA000CCF3CF3CA1EB0C01D1530399095AA1EBE0
:105EB000030303990B52135A9C440B4603F104034A
:105EC00003930C9B22F800C09B44049B0D9902F1A4
:105ED00004020B4404937FF44AAF2EE753460C228E
:105EE00041F6FF7C4FF4804802FB03FE9F00B300A5
:105EF0001393F300149302FB06F315936B68CDE93B
:105F000006551693039BCDF814A004954FEACA0AD0
:105F1000023333F8022C039912FB0C82D21323F8BC
:105F2000022C039A528812FB0C82D2134A80CA5B5D
:105F300012FB0C82D213CA53DA5B12FB0C82D2130F
:105F4000DA5331F80A2012FB0C82D21321F80A200E
:105F500033F80A2012FB0C82D21323F80A2031F8FE
:105F60000E2012FB0C824FEAE23B21F80EB033F810
:105F70000E2012FB0C82D21323F80E20C95F089169
:105F80000499B1F908110991D95F0A910499B1F9FD
:105F90000A110B91039931F90A100C910799B1F983
:105FA000081107980D91B0F90A91069833F90A1073
:105FB000B0F9080133F8025C0E900698B0F90A01B6
:105FC0000F90DDE90C40604301FB190000F58040B3
:105FD000C0F3CF302E1AB4B21094039C28446688C4
:105FE0000D9C80B261430C9C23F8020C04FB091148
:105FF00001F58041C1F3CF31741A0E44B1B20D9155
:106000000C9003990D9811944880DDE9080100FB7C
:1060100001F5DDE90A01BDF8444000FB1155129479
:106020000E99089E01FB0BF00F9905F5804501FBC9
:106030001200DDE9094161430B9C00F5804006FB3D
:1060400004110E9C01F5804162430F9CC1F3CF31D6
:1060500004FB0B2202F58042C2F3CF3201EB020BAC
:106060001FFA8BF4C5F3CF350894C0F3CF308C1AE8
:1060700005EB000909940C9C039E1FFA89F9A4EB17
:10608000090426F80A40089C0D9EA5EB000B361B60
:1060900023F80A6033F8026C039C4E4423F8026C28
:1060A0006688089C1FFA8BFB2644039C6680109C24
:1060B000109E611A119C1BFA84FB099C16FA84F647
:1060C000129C651B169CFCB11144039A0544D153E4
:1060D00023F807B022F80E6023F80E50039A1399A4
:1060E00004320392049A04330A4404921499079ADE
:1060F0000A4407921599069A0A440692059A013AAB
:1061000005927FF406AF18E6039C05441144E6535C
:10611000DD5324F80E1023F80EB0DFE70AFB06F378
:1061200005F5847101EB830231F92310CDE90B559C
:106130000691B2F902100595079102EB830132F93D
:1061400023300A950893B1F902300993039B03EBBE
:10615000CA019B4603EB8A0E01EB8A03039301EB12
:10616000CA030493B3001C93F3001D930C237343E1
:106170001E9333011F9300230D934FF48043039A22
:106180000BF1040B04320392049A0EF1040E043254
:1061900004920D9A043192457FF7CFAD41F69910E4
:1061A0003BF8042C039C12FB0032D2132BF8042C76
:1061B0003BF8022C12FB0032D2132BF8022C3EF8D3
:1061C000042C12FB0032D2132EF8042C3EF8022CC1
:1061D00012FB0032D2132EF8022C31F8042C12FBE1
:1061E0000032D21321F8042C31F8022C12FB0032B9
:1061F000D21321F8022C039A32F8042C12FB00323D
:10620000D21324F8042C34F8022C039C12FB003225
:10621000D21324F8022C049A059C32F8046C049AD8
:1062200016FB0036F61322F8046C32F8022C12FB2F
:1062300000320498D21320F8022C3EF9040C0E9080
:106240000598B0F908913EF9020CB4F90A410F948F
:1062500031F9044C0F9D10940A9CB4F90841119433
:1062600031F9024C12940A9CB4F90A411394039C2C
:1062700034F9044C14940B9CB4F908411594039C14
:1062800034F9028C0B9CB4F90A4116940C9CB4F9B5
:1062900008C1B4F90A4117940E9C179F04FB09F436
:1062A00000FB15440CFB06F507FB125504F5804472
:1062B00005F58045C4F3CF34C5F3CF35671918947D
:1062C0003C4609FB00F00CFB02F2BFB21A9727B262
:1062D0001997DDE90E4704FB0700179C00F5804085
:1062E00004FB062202F58042C0F3CF30C2F3CF3266
:1062F0008618B4B2821A1B9412B234B20E9417925A
:10630000189CDDE910024243641B24B2DDE91165EB
:1063100075430F94DDE9124004FB1022DDE91440BF
:106320006043109F139E169C07FB0655159E08FBA5
:10633000140006FB08F8149F169E02F5804200F533
:10634000804007FB0688C0F3CF30C2F3CF32141869
:10635000121A12B211921A9A05F5804508F5804872
:106360000FFA84F9C5F3CF35C8F3CF3812FA84F4A5
:106370001B9A3BF802CC05EB0806A5EB08083BF896
:10638000045C37B2199812FA86F6069A2C446644D1
:1063900000FB023010972BF8044C2BF8026C089A83
:1063A000089E09FB0232D213069C02EBE0320E98E3
:1063B0000FFA88F804FB003406FB0730C013179E61
:1063C00000EBE430079C079F06FB0434099E2A4437
:1063D00008FB0636F61306EBE4360F9CB6B207FB55
:1063E0000434099F1294119C92B207FB0434129F4B
:1063F000E41304EBE7346044971BA4B23244049ED8
:106400002EF8047C14FA80F7001B2EF8027C26F884
:10641000042C26F8020C089A199800FB0232069800
:1064200000FB09394FEAE93909EBE23208981544D3
:106430000E9A00FB02360698109A00FB0232D21325
:1064400002EBE636079A179802FB0838099AB4441B
:1064500000FB02320998C2F3CF360F9AC8F3CF3847
:1064600000FB0234119A0798C4F3CF3400FB0230CA
:10647000A8EB0602C0F3CF3012FA85F221F8042C03
:10648000221A12FA8CF221F8022C041B039AA6EBB2
:10649000080818FA85F814FA8CFC22F8048C22F803
:1064A00002CC0D9A1C9801320D92059A0244059275
:1064B0001D980A9A02440A921E980B9A02440B9263
:1064C0001F980C9A02440C9259E6002247F6FF7C72
:1064D00092457FF732AC154600218F4218DD039BB1
:1064E0008E0053F825009CFBF7F30FFA80FE001492
:1064F00003FB0EFE43430EF5804E03F580434FEA47
:10650000EE3EDB13A6F800E0738055440131E4E76A
:10651000002F05DD00231868039B43F82200FFDEEF
:106520000132D5E713B50446104604F1080288424B
:10653000CDE9002408BF00200122FFF763FB02B071
:1065400010BD0123FFF7EEBF2DE9F04F8046006834
:106550001746456889B0002D40F09680D8F8042091
:106560000468FFF7EEFF43F6FF7C4FF48040BA4625
:10657000D8F804E007EB8406BEF80030BEF802202D
:1065800013FB0C0312FB0C02C3F3CF33C2F3CF3265
:1065900099189B1A398027F824302AF8025F7580F1
:1065A000012504EBD4735B1005930EEB8403019378
:1065B0000EF102030793059BAB4265DB019B3EF89E
:1065C000252033F8041C079B12FB0C0233F82530FE
:1065D00011FB0C0113FB0C03C3F3CF330293019B9C
:1065E000C1F3CF3133F8023CC2F3CF325B4213FB2D
:1065F0000C03C3F3CF330393531A1BB204934FEA34
:106600008509DDE902340A441B1BD8F8084011B2A1
:10661000A9F1040904EB090B069134F909900499D6
:10662000BBF9024001FB09FB1BB203FB14BB0BF5DA
:10663000804B4BF3CF3B0BFA82F2521027F8252008
:1066400009FB03F3DDE902210A4411B20291049926
:10665000043E01FB043303F5804343F3CF3303FAD5
:1066600082F252102AF82520069A0135A2EB0B0B74
:10667000029A4FEA6B0B9B1A5B107380019BA6F882
:1066800000B0043B019396E709B0BDE8F08F10B568
:106690000446406A10B1A16A00F029F80020C4E95C
:1066A000090010BD38B50546FFF7F1FF2B7F044602
:1066B000012B0ED0023B012B0ED82B6A012B18BFE9
:1066C0006FF096042C220021284600F04CFA204658
:1066D00038BD2B6A002BF2E76FF09604F2E7F9F76A
:1066E0009FBB70470020704700207047704710B56F
:1066F000044608B1F9F730FB2046BDE81040F9F731
:1067000025BB0A2840DCC31C22DA10F1400F47D019
:1067100010F13F0F2BDA10F1410F44D010F1550F5B
:1067200044D010F1490F08BF6FF0840018BF6FF01C
:106730008600704709282AD8DFE800F005292908D3
:1067400016293829292F6FF09800704700207047CC
:10675000C31C0D2B1BD8DFE803F0072F1A1C1A1AD5
:106760001A1A1A1A1D1A1A1D6FF08500704710F1B7
:10677000210F1ED00BDB10F1200F1DD010F1100FD8
:1067800008BF6FF09400D1E764380928D2D96FF0C0
:10679000860070476FF0940070476FF08C00704770
:1067A0006FF0840070476FF0890070476FF09300BE
:1067B00070476FF0880070476FF09200704710B517
:1067C00001380A44914200D110BD10F8013F11F880
:1067D000014B63400370F5E70144814200D17047EB
:1067E00011F8013D1A440A70120AF6E710B58B42FF
:1067F00094BFC4184418A04200D110BD00F8012B6A
:10680000F9E700231A4682B001908B4201D102B011
:1068100070470198C2540133F7E707B501A9F9F7AA
:10682000C1FB003818BF012003B05DF804FB03680A
:10683000D90444BF43F48063036003689A0444BFEF
:1068400043F4006303607047F7B506460D46202DFC
:106850002F46A8BF202700216846F9F719FF0446F4
:1068600070B93A4631466846F9F764FF10F1520FA5
:10687000044608D0431CF4D0684600F069F834B1EF
:10688000204603B0F0BD684600F062F8E3E7EC1B79
:106890003E44F5D02546DAE7CA0448BF41F480619A
:1068A0008B0448BF41F400618160704730B589B006
:1068B000054618220C4601A8002100F054F90123D6
:1068C00044EA052401A9BA2007940593F9F70AFBC5
:1068D000002818BF6FF0920009B030BDF7B5BA209C
:1068E00001A9F9F75FFB044610B1002003B0F0BD29
:1068F000019D2F0AEDB2AC4205D1BA20F9F738FB61
:106900000028F2D008E0E6193046F9F731FB30B143
:106910003046FFF782FF10B96FF09200E6E70134CE
:10692000E9E708B5F820FFF778FF18B9F920FFF775
:1069300074FF10B16FF0920008BDF820F9F70AFB60
:106940000028F7D1F920F9F705FB0028F4D0F1E78A
:1069500010B5037804461BB1F9F72CFA0023237015
:10696000002010BD0368D868C0F30040704703687A
:1069700003F580535B6A13F4A02F14BF012000209D
:106980007047022203689A6070470368D868FAF774
:1069900077B8024608B5136803F580535B68C62BC9
:1069A00009D01046FFF7DEFF0028F4D11046BDE8FD
:1069B0000840FFF7EABF6FF0010008BD03685A50B6
:1069C00070470369986E704710B50446FFF7F9FFEA
:1069D000C2684AB142F420222046BDE8104000219E
:1069E00042F40062FFF7EABF10BD10B50446FFF79E
:1069F000EBFFBFF35F8F03222046BDE81040082164
:106A0000FFF7DCBFC0F30B03482B4B6028BF4823C4
:106A100010F4003F8B6008BF0023CB6010F480337C
:106A200008BFC1E9013300F47003B3F5700F14BF60
:106A300000238B6800284FF0010C4FF008028B6098
:106A4000B8BF0023C1E905C2B8BFC1E9053370472B
:106A5000F5F768BE4FF0FF324FF0FF33F5F792BD08
:106A6000FAF780B907B54FF0FF334FF0FF32CDE9A9
:106A70000023002200F02FF803B05DF804FB00F0C3
:106A800026B800F020B8FEF7D0BB10B54B68D0E9AF
:106A9000194212F0010F03EA040301D09C4210D105
:106AA0007BB14366520744BF8A681A430B6848BFEC
:106AB0008A6003660123086080F86C301830F7F7AD
:106AC00045FF002010BD4FF0FF32FAF755B80A46D7
:106AD0000021FAF751B85200FAF7A2B8C9B203463A
:106AE000024410B59342184601D1002003E0047817
:106AF00001338C42F6D110BD0139024410B59042E9
:106B000001D1002005E0037811F8014FA34201D024
:106B1000181B10BD0130F2E70A44431E914200D118
:106B2000704710B511F8014B914203F8014FF9D1AC
:106B300010BD884210B501EB020402D984422346FD
:106B400007D8431EA14208D011F8012B03F8012FEA
:106B5000F8E7024401468A4200D110BD13F8014D06
:106B600002F8014DF7E702440346934200D1704713
:106B700003F8011BF9E738B502FB01F52946FAF7DE
:106B800039FB044618B12A460021FFF7ECFF2046E6
:106B900038BDF8B5074615460C4621B91146BDE883
:106BA000F840FAF727BB22B9FAF7DAFA00242046B0
:106BB000F8BD00F0AAF9A842F9D229463846FAF7FA
:106BC00019FB06460028F1D021462A46FFF7A4FF0C
:106BD000214638463446FAF7C3FAE8E79368013BA2
:106BE000002B936010B408DA9469A34201DB0A29F0
:106BF00003D15DF8044BFAF7C1BD1368581C10604F
:106C0000084619705DF8044B7047F8B506460F4604
:106C10001446D518AC4201D1002007E03A4614F8DA
:106C2000011B3046FFF7DAFF431CF3D1F8BD2DE915
:106C3000F047164698468A6807460B690C46DDF809
:106C400020909342B8BF1346336091F843200AB1B5
:106C5000013333602368990642BF336802333360DF
:106C6000256815F0060506D104F1190AE3683268B3
:106C70009B1AAB422BDC94F843302268003B18BFD0
:106C80000123920630D404F1430241463846C847F6
:106C9000013023D023681A3454F80A2C03F0060379
:106CA000042B0ABF54F80E5C002533684FF0000631
:106CB00008BFED1A54F8123C08BF25EAE575934267
:106CC000C4BF9B1AED18B5421AD1002008E0012379
:106CD000524641463846C847013003D14FF0FF3095
:106CE000BDE8F0870135C1E7E1185A1C30200233B6
:106CF000224481F8430094F8451082F84310C2E71B
:106D00000123224641463846C8470130E6D00136C5
:106D1000D9E70139034610B532B111F8014F013AF4
:106D200003F8014B002CF7D11A440021934200D103
:106D300010BD03F8011BF9E70246014410B58A4271
:106D4000134603D01C780132002CF8D1181A10BD5C
:106D5000B1F90C202DE9F041170705460C4656D431
:106D60004B68002B02DC0B6C002B3DDDE66A002E2D
:106D70003AD0002312F480522F68216A2B6025D06C
:106D8000626DA389580705D56368D21A636B0BB18E
:106D9000236CD21A216A0023E66A2846B047411CB8
:106DA00024D00023636023692360A389DA0400D51B
:106DB0006065616B2F60B9B104F14403994202D060
:106DC0002846FAF7CDF9002363630DE00123284636
:106DD000B047461C0246D4D12B68002BD1D01D2BC6
:106DE00001D0162B2AD12F6000202EE02A68B4F99A
:106DF0000C3042B11D2A01D0162A21D10023636034
:106E000023692360D5E7626022692260CEE70F69BB
:106E1000002FE9D093070E680F600CBF4B69002369
:106E2000A6EB07088B60B8F1000FDDDD43463A465C
:106E3000216A2846A66AB047002808DCB4F90C305D
:106E400043F040034FF0FF30A381BDE8F0810744D9
:106E5000A8EB0008E7E770B568234D1E0E465D43BA
:106E600005F17401FAF7C6F9044640B1002105F1B5
:106E70006802C0E900160C30A060FFF774FE2046DF
:106E800070BD2DE9F8430646884600F14804002706
:106E9000D4E90195B9F1010905D52468002CF7D191
:106EA0003846BDE8F883AB89012B07D9B5F90E3018
:106EB000013303D029463046C04707436835E9E728
:106EC00070B50C46B1F90E1096B0154600291E4655
:106ED0000CDAA389002113F0800F14BF40234FF474
:106EE0008063002031602B6016B070BD6A46FAF7EF
:106EF0006DFE0028EDDB019901F47041A1F500530E
:106F0000594259414FF48063EBE751F8043C181F94
:106F1000002BBCBF0B58C018704710B50C46B1F918
:106F20000E10FAF787FE0028ABBF636DA3891B180C
:106F300023F48053ACBF6365A38110BD2DE9F041FC
:106F40001F468B8905460C46DB05164605D50223F0
:106F50000022B1F90E10FAF75BFEA3893246B4F9AC
:106F60000E10284623F48053A3813B46BDE8F04130
:106F7000FAF70ABE10B50C46B1F90E10FAF748FE42
:106F8000431CA38915BF606523F4805343F48053E9
:106F9000A38118BFA38110BDB1F90E10FAF706BE88
:106FA00080B483B000AF78600B46FB707B681A68D2
:106FB000FB7803F5E0739B0013441B6818460C37FD
:106FC000BD465DF8047B704780B485B000AFF860C3
:106FD0000B467A60FB72FB681A68FB7A03F5E07374
:106FE0009B0013447A681A6000BF1437BD465DF8F1
:106FF000047B704780B483B000AF78600B46FB70B1
:107000007B681A68FB7803F5A0739B0013441B6828
:1070100018460C37BD465DF8047B704780B485B0D8
:1070200000AFF8600B467A60FB72FB681A68FB7A67
:1070300003F5A0739B0013447A681A6000BF1437ED
:10704000BD465DF8047B704780B584B000AFF86042
:10705000B9607A60FB68002B05D0BB68002B02D0BA
:107060007B68002B02D16FF00C030BE00C22002197
:10707000F868FFF778FDFB687A681A60FB68BA6801
:107080005A60002318461037BD4680BD80B582B0D7
:1070900000AF78604FF0FF3209217868FFF7BEFF3C
:1070A00000BF0837BD4680BD80B584B000AF7860B2
:1070B00010217868FFF79EFF0346FB60FB6823F012
:1070C0000F031A4610217868FFF7A8FFF022092164
:1070D0007868FFF7A3FF00BF1037BD4680BD80B5BD
:1070E00086B000AF7860002208217868FFF796FF2D
:1070F0007868FFF7D9FF00237B613B7D43F00103F4
:107100003B757B691A4602217868FFF787FF3B7D54
:107110006FF300033B757B691A4602217868FFF71D
:107120007DFF7868FFF7B2FF7868FAF7D9FD4FF076
:10713000FF333B613B691A4612217868FFF76EFF07
:107140000023FB603B7B6FF300033B733B7B43F00F
:1071500002033B733B7B43F004033B733B7B43F0F5
:1071600008033B73BB7B43F00303BB73FB7B43F020
:107170001003FB73FB681A4610217868FFF74EFF77
:1071800000BF1837BD4680BD80B582B000AFFAF7AA
:1071900063FD78607868FFF7A2FF786800F0E6FA90
:1071A000002318460837BD4680BD80B400AF0023D9
:1071B0001846BD465DF8047B704780B584B000AFCB
:1071C0007860FAF749FDF860FB687A681A60FB6836
:1071D000022283F83820FB681B68002B02D14FF095
:1071E000FF331CE00021F868FFF704FF0246FB684C
:1071F0005A600121F868FFF7FDFE0246FB689A60BD
:10720000FB685A68FB689B6819461046FAF72EFD22
:107210000346002B02D06FF0050300E00023184660
:107220001037BD4680BD80B584B000AFF8600B4616
:107230007A607B81FB6800225A617B681A4638219C
:10724000F868FFF7EBFE7A8913461B0413441A46CD
:107250003921F868FFF7E2FE01223C21F868FFF7C8
:10726000DDFE012318461037BD4680BD80B582B0D3
:1072700000AF7860002208217868FFF7CFFE00BFDA
:107280000837BD4680BD80B582B000AF78607B68AE
:107290009B691A4620217868FFF796FE00BF0837E1
:1072A000BD4680BD80B582B000AF78600022082165
:1072B0007868FFF7B3FE002220217868FFF784FE8C
:1072C00000BF0837BD4680BD80B586B000AF78608E
:1072D00039603B681A1D3A601B683B610023FB82E2
:1072E0001FE03B68FB60FB681B68FA68526892B25B
:1072F000920090B2FA6808321146984703467B81A3
:10730000B7F90A30002B02D0B7F90A300EE0FB685B
:107310005B6802339B003A6813443B60FB8A01338D
:10732000FB82FB8A3A699A42DBD800231846183759
:10733000BD4680BD80B588B000AFF8600B467A606E
:10734000FB72FB6893F83C30042B14D1FB7A83F07A
:107350000103DBB2002B01D000232BE1FB7C0122D7
:1073600062F30513FB747B681B689BB23B827B68EE
:107370005B68BB616AE0FB7A002B0BD07B68002264
:107380009A607B685A687B689B689B0013441B6803
:107390003B611EE07B685A687B689B689B001344D6
:1073A0001B683B617B689B683A8A13445A1C7B6864
:1073B0009A607B689A687B681B689A4201D30023B5
:1073C000F8E07B685A687B689B689B0013441B68E5
:1073D0003B617B685A687B689B6801339B00134460
:1073E000BB6133E0FB6893F83930FB75B969F86825
:1073F000FFF76AFF0346FB83B7F91E30002B02D06C
:10740000B7F91E30D6E0FB68FA7D83F839207B6837
:107410009B683A8A13445A1C7B689A607B689A6816
:107420007B681B689A4201D30023C3E07B685A68DB
:107430007B689B689B0013441B683B617B685A68B0
:107440007B689B6801339B001344BB61FB7C03F0AA
:107450003003DBB2202BC5D01EE07B689B683A8AE4
:1074600013445A1C7B689A607B689A687B681B6827
:107470009A4201D300239DE07B685A687B689B6831
:107480009B0013441B683B617B685A687B689B6860
:1074900001339B001344BB61FB7C03F03003DBB280
:1074A000302BDAD0FB6893F83C30042B1BD0FB7CEC
:1074B00003F04003DBB2002B0DD0FB7C03F0300364
:1074C000DBB2102B14BF01230023DBB21A46FB688A
:1074D00083F83C2007E0FB7CC3F30113DBB21A46C0
:1074E000FB6883F83C20FB7C03F03003DBB2102BFD
:1074F00017D1FB7C03F00403DBB2002B02D1F86848
:10750000FFF7B4FE3B8ABA691946F868FFF78BFEAD
:107510000346FB83B7F91E30002B22DAB7F91E3081
:1075200048E0FB7C03F03003DBB2002B17D1FB7C7F
:1075300003F00403DBB2002B02D1F868FFF7A3FECF
:107540003B8ABA691946F86800F04DF90346FB8397
:10755000B7F91E30002B04DAB7F91E302AE00023F9
:1075600028E0FB7C03F00403DBB2002B1FD17B6817
:107570009B683A8A13445A1C7B689A607B685A68F5
:107580007B689B689B0013441B683B61FB7CC3F3D7
:107590000113DBB21A46FB6883F83C207B685A680B
:1075A0007B689B6801339B001344BB619BE700BF72
:1075B000B7F91E3018462037BD4680BD80B582B071
:1075C00000AFFAF725FD0346FB80B7F906301846F1
:1075D0000837BD4680BD80B584B000AFFAF73CFBEC
:1075E000F860FCF7FBFEB860FB681B6B002B14BF58
:1075F00001230023FB71B868FCF7F8FEFB791846FD
:107600001037BD4680BD80B582B000AFFAF724FBCD
:1076100078607B68002283F83920EEF7CDFF00BF49
:107620000837BD4680BD80B584B000AF78600B469A
:10763000FB701346BB700023FB81EEF7C3FFFAF724
:107640000BFBB8607B68002B02D14FF0FF3329E0C1
:10765000FB78032B02D0FB78012B02D1B868FFF72F
:1076600021FEBB68FA7883F83920BB687A685A63D0
:107670007A680121B868FFF75DFE0346FB81B7F920
:107680000E30012B04D1B868FAF766FC0346FB8183
:10769000BB7883F00103DBB2002B01D0EEF7D0FF03
:1076A000B7F90E3018461037BD4680BD80B483B0A0
:1076B00000AF78600B46FB707B681A68FB7803F5B7
:1076C000E0739B0013441B6818460C37BD465DF8F9
:1076D000047B704780B485B000AFF8600B467A60D9
:1076E000FB72FB681A68FB7A03F5E0739B00134496
:1076F0007A681A6000BF1437BD465DF8047B704796
:1077000080B584B000AF78600023FB60FB681A4648
:1077100020217868FFF7DEFF4FF00073BB603B7AF3
:1077200043F001033B72BB681A461D217868FFF7DE
:10773000D1FF1D217868FFF7B9FF0346BB603B7A94
:107740006FF300033B72BB681A461D217868FFF790
:10775000C1FF1D217868FFF7A9FF0346BB60786869
:10776000FAF7A4FD00BF1037BD4680BD80B584B0D8
:1077700000AF78607B68FB60FB68002B02D14FF0A4
:10778000FF3315E01221F868FFF790FF0246FB680F
:10779000DA60FB68DB681846FAF744FE0346002B04
:1077A00002D06FF0050303E0F868FAF77FFD0023CD
:1077B00018461037BD4680BD80B584B000AF7860F4
:1077C0007B680022DA610023FB607B7B43F00103CE
:1077D0007B73FB681A4610217868FFF77BFF00BFB8
:1077E0001037BD4680BD80B588B000AFF860B96085
:1077F0007A607B68FB61BB681B09BB760023FB7664
:1078000012E000237B61FB697B617B691A461B21C7
:10781000F868FFF75FFF97F91B30DBB20133DBB28B
:10782000FB76FB694033FB6197F91B2097F91A300F
:107830009A42E6DB97F91A30002B02DDF868FFF771
:10784000BBFF012318462037BD4680BDBBFE400A62
:107850007047B1EEC00A704710B52DED028BB0EE47
:10786000408A0446FCF746FE0460B0EE480ABDECD0
:10787000028B10BDF0EE407A30EE407AF4EE677A7B
:1078800087EE070AF1EE10FA02D62120FFF7E4BFD7
:10789000704751EC100B024621F0004343EC102BD3
:1078A000704782B08DED000B019840F0004000F56C
:1078B0008010C00F02B0704710EE103A23F0004362
:1078C00000EE103A704710EE103A23F00040B0F18D
:1078D000FF4FACBF002001207047B7EE400A704751
:0878E000F495FE7F0100000099
:1078E8006D79000000000000B99C00000000000055
:1078F800A578000000000000FD79000000000000ED
:10790800000000008079010089BE0000000000002E
:1079180061EE00000000000000000000B8790100DE
:10792800000000009C79010000000000D4790100EB
:1079380000000000F07901006D81000000000000E7
:107948000D4D0100000000004D5500000000000032
:10795800F176000000000000F5CA000000000000F9
:10796800000000000C7A0100214D01000000000019
:08797800F966000000000000A8
:107980004335020064110200708301000C040020E2
:10799000A0670020597E0000000000007E36020033
:1079A00098110200388301000E040020286800208E
:1079B000C5850000000000008A360200AC110200FC
:1079C000388301001004002034680020C5850000C1
:1079D0000000000095360200C0110200388301004B
:1079E0001204002040680020C5850000000000004F
:1079F000AA3B0200241202008C830100160400201E
:107A00000C0300204D950000000000000E3B02001A
:107A1000D41102005C830100140400204C68002093
:087A2000F586000000000000E3
:107A2800000000001D440100000000001D4401008A
:107A3800000000001D440100000000001D4401007A
:107A4800000000001D440100000000001D4401006A
:107A5800000000001D440100000000001D4401005A
:107A6800000000001D440100000000001D4401004A
:107A7800000000001D440100000000001D4401003A
:107A8800000000001D440100000000001D4401002A
:107A9800000000001D440100000000001D4401001A
:107AA800000000001D440100000000001D4401000A
:107AB800000000001D440100000000001D440100FA
:107AC800000000001D440100000000001D440100EA
:107AD800000000001D440100000000001D440100DA
:107AE800000000001D440100000000001D440100CA
:107AF800000000001D440100000000001D440100BA
:107B0800000000001D440100000000001D440100A9
:107B1800000000001D440100000000001D44010099
:107B2800000000001D440100000000001D44010089
:107B3800000000001D440100000000001D44010079
:107B4800000000001D440100000000001D44010069
:107B5800000000001D440100000000001D44010059
:107B6800000000001D440100000000001D44010049
:107B7800000000001D440100000000001D44010039
:107B8800000000001D440100000000001D44010029
:107B9800000000001D440100000000001D44010019
:107BA800000000001D440100000000001D44010009
:107BB800000000001D440100000000001D440100F9
:107BC800000000001D440100000000001D440100E9
:107BD800000000001D440100000000001D440100D9
:107BE800000000001D440100000000001D440100C9
:107BF800000000001D440100000000001D440100B9
:107C0800000000001D440100000000001D440100A8
:107C1800000000001D440100000000001D44010098
:107C2800000000001D440100000000001D44010088
:107C3800000000001D440100000000001D44010078
:107C4800000000001D440100000000001D44010068
:107C5800000000001D440100000000001D44010058
:107C6800000000001D440100000000001D44010048
:107C7800000000001D440100000000001D44010038
:107C8800000000001D440100000000001D44010028
:107C9800000000001D440100000000001D44010018
:107CA800000000001D440100000000001D44010008
:107CB800000000001D440100000000001D440100F8
:107CC800000000001D440100000000001D440100E8
:107CD80000000000BF430100000000001D44010037
:107CE800000000001D440100000000008D08010094
:107CF800000000001D440100000000001D440100B8
:107D0800000000001D440100000000001D440100A7
:107D1800000000001D440100000000001D44010097
:107D2800000000001D440100000000001D44010087
:107D3800000000001D440100000000001D44010077
:107D4800000000001D440100000000001D44010067
:107D5800000000001D440100000000001D44010057
:107D6800000000001D440100000000001D44010047
:107D7800000000001D440100000000001D44010037
:107D8800000000001D440100000000001D44010027
:107D9800000000001D440100000000001D44010017
:107DA800000000001D440100000000001D44010007
:107DB800000000001D440100000000001D440100F7
:107DC800000000001D440100000000001D440100E7
:107DD800000000001D440100000000001D440100D7
:107DE800000000001D440100000000001D440100C7
:107DF800000000001D440100000000001D440100B7
:107E0800000000001D440100000000001D440100A6
:107E1800000000001D440100000000001D44010096
:107E2800000000001D440100000000001D44010086
:107E3800000000001D440100000000001D44010076
:107E4800000000001D440100000000001D44010066
:107E5800000000001D440100000000001D44010056
:107E6800000000001D440100000000001D44010046
:107E7800000000001D440100000000001D44010036
:107E8800000000001D440100000000001D44010026
:107E9800000000001D440100000000001D44010016
:107EA800000000001D440100000000001D44010006
:107EB800000000001D440100000000001D440100F6
:107EC800000000001D440100000000001D440100E6
:107ED800000000001D440100000000001D440100D6
:107EE800000000001D440100000000001D440100C6
:107EF800000000001D440100000000001D440100B6
:107F0800000000001D440100000000001D440100A5
:107F1800000000001D440100000000001D44010095
:107F2800000000001D440100000000001D44010085
:107F3800000000001D440100000000001D44010075
:107F4800000000001D440100000000001D44010065
:107F5800000000001D440100000000001D44010055
:107F6800000000001D440100000000001D44010045
:107F7800000000001D440100000000001D44010035
:107F8800000000001D440100000000001D44010025
:107F9800000000001D440100000000001D44010015
:107FA800000000001D440100000000001D44010005
:107FB800000000001D440100000000001D440100F5
:107FC800000000001D440100000000001D440100E5
:107FD800000000001D440100000000001D440100D5
:107FE800000000001D440100000000001D440100C5
:107FF800000000001D440100000000001D440100B5
:10800800000000001D440100000000001D440100A4
:10801800000000001D440100000000001D44010094
:10802800000000001D440100000000001D44010084
:10803800000000001D440100000000001D44010074
:10804800000000001D440100000000001D44010064
:10805800F0790100A1980000000000001D44010013
:10806800000000001D440100000000001D44010044
:10807800000000001D440100000000001D44010034
:10808800000000001D440100000000001D44010024
:10809800000000001D440100000000001D44010014
:1080A800000000001D440100000000001D44010004
:1080B800000000001D440100000000001D440100F4
:1080C800000000001D440100000000001D440100E4
:1080D800000000001D440100000000001D440100D4
:1080E800000000001D440100000000001D440100C4
:1080F800000000001D44010058020020EB4501006B
:10810800000000001D440100000000001D440100A3
:10811800000000001D440100000000001D44010093
:10812800000000001D440100000000001D44010083
:10813800000000001D440100000000001D44010073
:108148004DB800003F4D0100000000001D44010033
:10815800000000001D440100000000001D44010053
:108168000C7A01006F460100000000001D44010068
:10817800000000001D440100000000001D44010033
:10818800000000001D440100000000001D44010023
:10819800000000001D440100000000001D44010013
:1081A800000000001D440100000000001D44010003
:1081B800000000001D440100000000001D440100F3
:1081C800000000001D440100000000001D440100E3
:1081D800000000001D440100000000001D440100D3
:1081E800000000001D440100000000001D440100C3
:1081F800000000001D440100000000001D440100B3
:10820800000000001D440100000000001D440100A2
:10821800000000001D440100000000001D44010092
:10822800000000001D440100000000001D44010082
:10823800000000001D440100000000001D44010072
:10824800000000001D440100000000001D44010062
:10825800000000001D440100000000001D44010052
:10826800000000001D440100000000001D44010042
:10827800000000001D440100000000001D44010032
:10828800000000001D440100A4010020EB4501008E
:10829800935001003F4D0100000000001D44010003
:1082A800000000001D440100000000001D44010002
:1082B800000000001D440100000000001D440100F2
:1082C800000000001D440100000000001D440100E2
:1082D800000000001D440100000000001D440100D2
:1082E800000000001D440100000000001D440100C2
:1082F800000000001D440100000000001D440100B2
:10830800000000001D440100000000001D440100A1
:10831800000000001D440100000000001D44010091
:10832800000000001D440100000000001D44010081
:10833800B5830000A3450100AF450100C345010016
:10834800CD450100D7450100B1820000BD81000084
:048358000000000021
:10835C00ED8B0000EF450100B1910000918700000A
:04836C00F58E00008A
:10837000BD7E00009D450100694501000000000030
:0C838000817D00000000000000000000F3
:10838C00EF480100694C0100E14A0100ED96000044
:10839C009B4801009F49010005490100119600000E
:0483AC002348010061
:1083B000D7340200030000001C2402000300000068
:1083C00065350200030000009F500200030000001A
:1083D0002921020003000000EC2602000300000037
:1083E000F0260200030000001C2902000300000028
:1083F0006E1E020003000000D329020003000000EB
:10840000C330020003000000184302000300000014
:10841000E6330200030000004625020003000000CE
:10842000183B020003000000B53B020003000000FF
:088430004820020003000000D7
:10843800FC100200940100200B290200010000003A
:10844800040000000F000000010000000800000008
:108458002400000070000000800000000D000000F3
:108468000C0000000E000000500000008400000016
:10847800B800000008000000FFFFFFFF49000000EF
:04848800FFFFFFFFF4
:1084900020020000803E000078040020000500005B
:1084A000D007000000A0105000820D5000040550BD
:1084B00000860D50050000000400000001000000CF
:1084C00061786F6E2D6E6E2065787065637465647B
:1084D000206861726477617265206D69736D617483
:1084E0006368210061786F6E2D6E6E206861726422
:1084F000776172652069643A207265616420307822
:1085000025782C2065787065637465642030782543
:10851000780A000061786F6E2D6E6E207374732080
:1085200076616C75653A2072656164202530327819
:108530002E253032782E253032782C2065787065E3
:108540006374656420253032782E253032782E25EC
:108550003032780A0000000044454255472120523D
:10856000455455524E494E47205355434345535366
:1085700020414E59574159210A0000005761726E3F
:10858000696E673A20495251207265676973746554
:1085900072207374617475732061667465722074DF
:1085A0007279696E6720746F20636C6561723A201E
:1085B000307825780000000061786F6E206E6E20A4
:1085C00064756D7020726567733A0A0030782530E3
:1085D0003278093078253038780A00004952513A0B
:1085E000205741544348444F472028307825782964
:1085F000000000005744472054696D65723A2030EE
:10860000782578004952513A204255532F46494621
:108610004F20283078257829000000004952513A2F
:10862000203634424954204F564552464C4F57202D
:108630002830782578290000526573657474696E56
:10864000672041786F6E2E2E2E00000073707572B9
:10865000696F757320696E746572727570743F20EE
:1086600030782578206F7220307825780A3F000016
:108670000A4552524F522121212041584F4E2D4E32
:108680004E20494E542053544154555320307825A0
:10869000780A00000A4552524F52212121204158A8
:1086A0004F4E2D44535020494E542053544154555D
:1086B0005320307825780A000A2121214453502084
:1086C000574154434820444F472121210A000000CC
:1086D000726567202564203D203078253038780089
:1086E00061786F6E2D647370206861726477617257
:1086F00065206964206D69736D61746368213A2037
:108700007265616420253032782E253032782E252E
:108710003032782C2065787065637465642025306C
:1087200032782E253032782E253032780A0000003B
:108730004445425547212052455455524E494E47D3
:10874000205355434345535320414E5957415921D6
:108750000A0000000000000000000000000000000F
:108760000338FDD870470000000000000000000042
:108770000338FDD870470000000001000000000031
:10878000763C7935EF39EA3D763C7935EF39EABD0B
:108790000000E0FE422EE63F0000E0FE422EE6BF73
:1087A000000000000000E03F000000000000E0BF0B
:1087B00000000040FB21F93F000000002D44743E02
:1087C000000000809846F83C0000006051CC783BE7
:1087D00000000080831BF0390000004020257A381B
:1087E000000000802282E336000000001DF369359E
:1087F000B87901001C000000B87901001B000000DE
:10880000B87901001900000014880100010000007F
:1088100000000000B1EE00000000000000000000B9
:10882000000201004B200200000000004034002044
:108830000100020028000100000000000400000008
:1088400000000000A0050020010003002800010036
:1088500027764E0003001380010000000201000093
:10886000A006002000000000A0170000000000008B
:1088700004890100F4AE0100A46100007C0900003D
:10888000C02C002020120000A48801000600000077
:108890000100010001000100000020001D80010016
:1088A00000000000C02C00200004000080FFFFFF3B
:1088B00001000000C03000200003000080FFFFFF27
:1088C00001000000C03300208000000080FFFFFF97
:1088D0000100000040340020A000000080FFFFFFE6
:1088E00001000000E03400200004000080FFFFFFD2
:1088F00001000000E03800200006000080FFFFFFBC
:10890000010000004B09FF1F80000006020001006B
:108910004034002004003300040000000000000088
:108920000000000028000300A00000080000000074
:1089300000000000000005000400010018060020EF
:108940000800030008000000000200000000000012
:10895000C80000040000000000000000000000004B
:108960000300000000000000F00000000001000013
:108970008000000303000100A00500200300330075
:1089800003000000B00000001C060020BC00000036
:1089900001000000F000000000010000800000075E
:1089A000020001001D06002008003300080000003E
:1089B00004000100A8150200280033000000000098
:1089C000AC00000402000100403400200400030059
:1089D0000400000003000000CC00000000000101C2
:1089E000D800000001000000F000000000010000BD
:1089F00080000007050028001A0600200800033048
:108A00000000040005002800F4AE01002000A302CD
:108A1000C8000000A80000030000150001000100CC
:108A20005807002004000500BC0000010000000001
:108A300080FF0000C80000030000010000000301E7
:108A40000000010303170100800100010300000082
:108A500000000000A401000000000000C8010001A7
:108A6000000000C0000000C064010001001F0300FE
:108A700029070000D800000001000001F0000000FC
:108A80000001000064010001003FFDFF360C000002
:108A9000640100010067FFFFE809000064010001B4
:108AA0008076FEFFA40900006401000180E204005A
:108AB000610900006401000100490000490A00004A
:108AC0006401000180A1FFFFC607000064010001EE
:108AD000805BFDFF210A00006401000180D1FFFFDF
:108AE0001C08000064010001802CFFFF8B090000BE
:108AF0006401000100E60600920800006401000124
:108B0000804DFEFFDE09000064010001800FFDFFC3
:108B1000250A000064010001801303001F07000004
:108B2000640100010021FEFFED0B00006401000163
:108B300080BF0000BD0E0000640100018085FDFFC4
:108B4000A80A00006401000100CB00001708000023
:108B50006401000180ABFDFFBD060000640100015F
:108B600000560600140A000064010001007B0100A9
:108B7000A5090000640100010021FFFF3E0B000079
:108B80006401000100A6FBFFF70A00006401000178
:108B90008027FDFFA4070000640100010024FFFFFF
:108BA000790B00006401000100640200060B000064
:108BB0006401000180C10100DA0B000064010001C2
:108BC0000039FEFFB70900006401000180090300BD
:108BD0007C0A00006401000100A7FEFF49090000B3
:108BE000640100018033FFFF3D09000064010001C2
:108BF00000A90400A50B000080000006040001008D
:108C0000C033002004003300040000000000000016
:108C10000000000020000300A80000040000050080
:108C200004000100A0050020080003000800000067
:108C3000C800000400000000000000000000000068
:108C40000300000000000000F00000000001000030
:108C5000800000010100010058070020B000000062
:108C6000A4050020BC00000003000000F00000008C
:108C7000000100008000000705000100A0050020A1
:108C8000080003180800000005000100F4C70100F7
:108C90002000330005000000A800000500001500BA
:108CA00001000100A00600200400050004000000EF
:108CB00000000000C80000030000010000000101E6
:108CC00000000103031B01008001000102000000FD
:108CD00000000080CC010000000000B06401000131
:108CE0007DF0FFFF15E70300D80000000100000140
:108CF000F00000000001000064010001FF48FFFFD8
:108D0000205707006401000101A2FFFF0B0D0600C0
:108D100064010001FFA6FFFF0DF3050064010001DF
:108D200000890000346D04006401000180F1FFFF40
:108D3000D324070064010001FB7F0000D6C20600B7
:108D40006401000101EEFFFF4C19070064010001FE
:108D5000026300001B80050064010001012BFFFF7E
:108D6000954E09006401000182F2FFFF2DE105002C
:108D700064010001800A0000AB5E0600640100018E
:108D8000FD330000C7C30700640100017F9FFFFFA0
:108D90005C40040064010001FEEA0000F753050096
:108DA00064010001FF16000009E7050064010001ED
:108DB00083A800004CB0030064010001F7480000E4
:108DC000CED203006401000100520000BB05030085
:108DD00064010001813700001302050064010001F5
:108DE0008339FFFF7D62030064010001058D0000EF
:108DF000D73F050064010001FFA600007FC4070003
:108E000064010001011300009D12040064010001CF
:108E10007FF6FFFFDFDB05006401000184CEFFFF6A
:108E2000047207006401000100600000C12C06000C
:108E30006401000183D2FFFF47DC050064010001EB
:108E4000013D00007B1F050064010001019200004C
:108E500080450500640100017DC8FFFF1B1306006B
:108E6000640100017FD8FFFFC1C805008000000732
:108E700080000100A00600200004030300000000A1
:108E800004000100A81502000100330004000000E6
:108E9000AC00000320000100200700202000030098
:108EA00020000000C000000000000000C800000317
:108EB00000000000000004010000000003000000AA
:108EC000D800000001000000F000000000010000D8
:108ED0008000000720000100200700202000330050
:108EE000000004002000010094C80100400033008D
:108EF00020000000A800000400000500010001009F
:108F0000400700200400030004000000C800000324
:108F1000000001000000010100000103031701002F
:108F2000800100010300000000000000CC010000EF
:108F3000000000C06401000189E5FFFF895B0100BA
:108F4000D800000005000001F00000000001000052
:108F500064010001E9FFFFFF96890100640100013F
:108F6000BD02000061D5010064010001A30B0000F7
:108F7000F10A010064010001F8F6FFFFBCEE0100F8
:108F800064010001F1FBFFFFC3A7010064010001C0
:108F90007D0B00007385010064010001A405000041
:108FA00038C001006401000103060000E75A010017
:108FB0006401000111F7FFFFFC7F01006401000163
:108FC00020FDFFFF30F900006401000151000000A6
:108FD00021A4010064010001BA1100009BC5010039
:108FE00064010001F1080000EA02010064010001CF
:108FF000140A000002F40000640100012DF2FFFFDA
:109000003DD3010064010001BFF4FFFF7A5001006D
:109010006401000138E6FFFF0FDA0000640100017F
:109020004A0800005B6F01006401000197EAFFFF3E
:1090300091A3010064010001BBFFFFFF8008010054
:1090400064010001AA05000016E3010064010001AB
:1090500050EBFFFFC0EA000064010001FF000000C8
:109060003F950100640100010C000000A0EF010029
:1090700064010001F80C0000C05701006401000108
:1090800062FCFFFF0DA2010064010001A4FEFFFFCE
:109090005AC5010064010001090A000020E5000032
:1090A0006401000151080000C3CC0000640100010C
:1090B00033FCFFFF02B70100640100017A080000E1
:1090C0001B500100640100012ADFFFFF32BD0000D8
:1090D000640100013F060000EE6B02006401000124
:1090E00035050000891B0100640100018AFAFFFFB9
:1090F0005CC5000064010001F1EBFFFFC10D010040
:109100006401000131F5FFFF6F16010064010001E9
:10911000201100008821010064010001BC0500004D
:1091200011AE01006401000128030000B4650100D4
:109130006401000150ECFFFFABB9000064010001C5
:1091400076040000C9EA0000640100019C0A0000E6
:10915000EA620100640100016CFFFFFFF2E700001A
:10916000640100015F040000661E0100640100014B
:10917000B4EEFFFF9F2801006401000125FDFFFF01
:10918000D18601006401000104010000F22A0100FF
:1091900064010001E10900002E6101006401000189
:1091A00069F8FFFF116D010064010001F80B000078
:1091B000C25D01006401000122FAFFFF4E79010047
:1091C00064010001E2F6FFFF8C4701006401000129
:1091D00052010000B4A801006401000192F2FFFFF7
:1091E0007A3301006401000184FCFFFF037B01006E
:1091F00064010001600B0000D6570100640100010A
:1092000039FCFFFFE66F0100640100016AFFFFFF08
:1092100060D9000064010001AA000000DA14010016
:1092200064010001B5E8FFFF256901006401000148
:109230005FF6FFFFC9A8020064010001DF0B000018
:1092400022EC01008000000704000100A1050020BD
:10925000080033000800000004000100A815020007
:109260002000330000000000AC00000104000100F9
:10927000C0330020BC00000003000000C800000054
:1092800000000000D0000002000000000300000009
:1092900001000000F0000000000100008000000656
:1092A0000A000100C03000200C0033000C00000058
:1092B000000000000000000040000300AC000004BB
:1092C0000C00010040080020100003001000000006
:1092D00000020000CC00000000000000D8000000E8
:1092E00000000000F000000000010000800000030A
:1092F00001000100400700200400330004000000CA
:10930000AC000001040001004C080020BC0000007B
:1093100003000000F00000000001000080000006D3
:109320000B00010042080020100033001000000074
:1093300004000100A815020020003300AC00000367
:109340000B000100A00600200C0003000C00000030
:10935000CC00000000000101D80000000100000066
:10936000F00000000001000084000000420A00201C
:10937000B0000000400C0020F000000000010000E0
:10938000800000010A00010043080020980000004E
:1093900040003300AC0000010A000100C030002092
:1093A000F000000000010000800000030700010041
:1093B000A40600200C0033000C0000009800000000
:1093C00020003300AC00000307000100C00D0020A6
:1093D0000800030008000000F00000000001000089
:1093E00084000004C00D00200800031808000000DD
:1093F0000700010094D001009C000000070000005D
:10940000A80000060000150001000100A0060020D1
:1094100004000500040000000000000080FF0000C0
:10942000C80000030000010000000101000001036A
:10943000031C010080010001020000000000008008
:10944000CC0100000000009064010001044B00000A
:1094500070C80700D800000001000001F000000003
:109460000001000064010001A5E2FFFFE0C5040067
:10947000640100012B2D000088C906006401000171
:10948000C50E0100B2B00600640100017540FFFF87
:10949000CD440500640100011D29FFFF2B220600B9
:1094A000640100015BB5FFFF630E09006401000168
:1094B000DA00FFFF73A7080064010001F65A0000FC
:1094C000A4080B0064010001AB980000D715090047
:1094D000640100019E1AFFFFAC5A060064010001FE
:1094E000853A000014A30700640100014B62FFFFEE
:1094F000CCF20800640100011659000096AE070086
:1095000064010001EB3C000045DA05006401000144
:109510003D08000090FA080064010001F584000095
:1095200008180A0064010001BFC0FFFFD6630600EF
:1095300064010001236D0000732A0500640100012D
:10954000840E0000306E060064010001A4150000C6
:109550009F42030064010001EA4100006A690700BC
:10956000640100010B6000006E54050064010001FD
:10957000614501002F700800640100011F7D00009B
:10958000353E0A0064010001917DFFFF7725070049
:109590006401000172AFFFFF572A09006401000156
:1095A0007580FFFF66B30800640100012E66FFFFAF
:1095B000F69C060064010001C5BF00006CEE0600C9
:1095C00064010001C0EAFFFFDE8A070064010001B8
:1095D000098B0000BBB70600800000050B000100EE
:1095E000400C00200C0003180C0000000B000100D0
:1095F00074D101009C0000000B000000B0000000CE
:1096000020070020CC0000000000010164010001DF
:109610007FA4FFFF6A450900D80000000100000197
:10962000F00000000001000064010001DEBA00004B
:109630007C6B0B00640100015AFBFEFF0C930500DC
:109640006401000198500000D65806006401000132
:109650003BAE0000C91E0600640100017E19000037
:109660009775050064010001E9B20000296E080049
:1096700064010001DA4EFFFF8776080064010001F3
:1096800039170000D10E080064010001A7EBFFFFAD
:1096900022C60700640100018F77FFFF68EE0B0010
:1096A0006401000195350000C96A060064010001EB
:1096B000BA010000DBCD0500640100012551FFFF68
:1096C0005D0E060064010001E487FFFF84140700BB
:1096D000640100012CCFFFFF9461060064010001CA
:1096E000BA99FFFFC883050064010001940C0100D2
:1096F0002619080064010001B580FFFF48BD09007C
:1097000064010001781B0000B4E30800640100015B
:109710003D3D000081D10D00640100010B130000EC
:1097200048240B006401000165EBFEFFF9A307006C
:1097300064010001AA230000FA6A0A006401000122
:109740001DDFFFFF785308006401000186770000E9
:10975000BA78090064010001A839FFFF916B070086
:1097600064010001DEF4FEFFC69A070064010001F7
:10977000B4FEFEFF7ACC050064010001638FFFFF99
:109780006498070064010001C6600000B345090049
:109790006401000140B3FFFF3D7208008000000635
:1097A00001000100A00600200400330004000000B6
:1097B000000000000000000020000300A8000006D8
:1097C0000000050004000100400C0020040003001C
:1097D000040000000300000000000000C8000004B6
:1097E0000000000000000000000000000300000076
:1097F00000000000F00000000001000084000000F4
:1098000020070020B0000000C00C0020F000000085
:10981000000100008000000700010100400C002052
:10982000000483010000000004000100A8150200EC
:109830000100330004000000A8000005000015002E
:1098400040000100A006002040000300400000008E
:1098500000000000CC00000000000401D80000005F
:1098600001000000F000000000010000800000077F
:1098700040000100A006002040003300000004006A
:1098800040000100D4D2010040003300400000003D
:10989000A80000040000050001000100E00600200F
:1098A0000400030004000000C800000300000100E1
:1098B0000000010100000103031701008001000105
:1098C0000300000000000000CC010000000000C008
:1098D00064010001BC0600005D510000D8000000DA
:1098E00005000001F000000000010000640100011B
:1098F000DB0F00008175000064010001CC04000052
:109900003A3700006401000110DDFFFF4D830000C5
:109910006401000142F7FFFF3E4F000064010001B7
:10992000591A0000DD490000640100014BE2FFFF0D
:109930004B800000640100017E070000497E0000AA
:109940006401000143100000416500006401000152
:1099500093F8FFFF415D0000640100012BF8FFFF59
:10996000245B000064010001ABFAFFFF3B600000D4
:10997000640100018AF7FFFFA36500006401000194
:109980008AF7FFFF1D6D0000640100015C230000E9
:109990005F5B0000640100019C0900008762000019
:1099A0006401000192FAFFFF9E8000006401000143
:1099B0008AFBFFFFAA78000064010001DDF6FFFFCB
:1099C000BA44000064010001F6120000068F000096
:1099D000640100017D0400001744000064010001DF
:1099E00056FCFFFF4E970000640100015CFBFFFF87
:1099F000E15B000064010001B0F3FFFF515700007C
:109A0000640100019AFEFFFFB156000064010001ED
:109A1000DFFDFFFF886C0000640100013D090000CC
:109A2000BE51000064010001480800000C6F0000F6
:109A3000640100018BDEFFFF5A6C0000640100012D
:109A400092FAFFFF60730000640100018C050000C2
:109A5000C14500006401000138080000875700007C
:109A600064010001CC0B0000844F00006401000180
:109A7000240D00001A73000064010001741200003C
:109A80001D550000640100015AF0FFFF045700005B
:109A900064010001BCF1FFFFE64B0000640100011E
:109AA00009F3FFFF4A490000640100019C1800000F
:109AB0008367000064010001750A0000C7670000A9
:109AC00064010001C4080000685000006401000146
:109AD000AC1A0000A76400006401000135EEFFFF2E
:109AE0004174000064010001B2EDFFFFDA430000A1
:109AF00064010001ABFAFFFF176F00006401000171
:109B00005DFDFFFF4E6E0000640100018F1100003B
:109B1000C85C0000640100010FF5FFFFE36700006F
:109B2000640100012FEFFFFF3F68000064010001A6
:109B3000E80900000F66000064010001CBF2FFFF9E
:109B40002B70000064010001B3040000C95A00003A
:109B500064010001C7FFFFFF368B000064010001B4
:109B60007B080000FF5E000064010001D40D0000CE
:109B7000C157000064010001BA00000043740000F6
:109B8000640100016AFEFFFF755D000064010001D1
:109B900061E7FFFFDF5F000064010001B80F000014
:109BA0009A6F000064010001A9FFFFFF0B73000022
:109BB000640100012CF1FFFFF26300006401000169
:109BC000FBFEFFFF75680000640100019E100000AD
:109BD000F463000064010001D11200008C760000E3
:109BE000800000060E000100C02C00201000330091
:109BF0001000000000000000000000004000030012
:109C0000AC00000410000100400C00201400030010
:109C10001400000000020000C80000040000000062
:109C20000000000000000000030000000000000031
:109C3000F0000000000100008000000301000100AE
:109C4000E00600200400330004000000AC00000126
:109C500004000100500C0020BC00000003000000C4
:109C6000F000000000010000800000070F0001006C
:109C7000420C002014003300140000000400010016
:109C8000A81502002000330000000000AC00000313
:109C90000F00010040110020100003001000000020
:109CA000CC00000000000101D8000000010000000D
:109CB000F00000000001000084000000C20E00203F
:109CC000B000000040130020F00000000001000080
:109CD000800000010E000100430C002098000000ED
:109CE00040003300AC0000010E000100C02C002039
:109CF000F0000000000100008000000309000100E6
:109D000046110020100033001000000098000000F1
:109D100020003300AC00000309000100A006002071
:109D20000C0003000C000000F00000000001000027
:109D300084000004A00600200C0003180C000000A2
:109D400009000100D4E201009C00000009000000AD
:109D5000A80000010000150001000100B40000038C
:109D600004000500040000000000000080FF000067
:109D7000C800000300000100000001010000010311
:109D800003190100800100010200000000000080B2
:109D9000CC0100000000004264010001192AFFFF0D
:109DA0001EE60000D800000001000001F0000000E5
:109DB0000001000064010001EA7FFFFFA8B101007B
:109DC000640100010280FFFFD4AB000064010001C8
:109DD00061EDFFFF4AA40100640100014800010099
:109DE000D7ED000064010001EB69FFFF13D3000011
:109DF0006401000105ADFEFF1A28010064010001A5
:109E0000F8B3FFFFE1F2000064010001BD5C010056
:109E100023D6000064010001DC1500009CB20000A4
:109E2000640100016651000047C1010064010001A6
:109E3000633E010089BB0000640100012291FFFF25
:109E4000A001020064010001C7D8FFFF292E010014
:109E500064010001186200008B1E02006401000111
:109E600022B3FEFF58E9000064010001D3CD0000D9
:109E7000DA85010064010001F96C0000430801006B
:109E800064010001E465FFFF17A300006401000105
:109E9000CE26FFFFBC2F0100640100012F65FFFFEC
:109EA0007DD20000640100011BFFFFFF934701000A
:109EB00064010001E6A5FFFF3F21010064010001EC
:109EC000CCB0FEFFED030100640100011B12FFFF97
:109ED0006801010064010001AC5AFFFF45E9000080
:109EE00064010001AA710000B39701006401000140
:109EF000FA77FFFFA4470100640100019875FFFF96
:109F0000CD4C010064010001B0AEFFFFCB15010094
:109F100064010001CFC5FFFFAF9D00006401000197
:109F2000B7E0FEFF49FB0000800000050F000100C4
:109F30004013002010000318100000000F00010063
:109F4000F4E301009C0000000F000000B0000000DE
:109F500020070020CC000000000001016401000186
:109F60007E7E0000EF2F0100D800000001000001FC
:109F7000F0000000000100006401000194BB00003B
:109F80005E810100640100012E1D0000D3D000009D
:109F900064010001113DFEFF9FEF0000640100011C
:109FA000D0FF000091E80000640100018D4B00002B
:109FB0002327010064010001F7E70000BFFF000054
:109FC00064010001671F000020F600006401000129
:109FD00021210000E9F20000640100011D050200DA
:109FE00000FF000064010001C3B3FEFF1B75010008
:109FF000640100019062FFFF7243010064010001EF
:10A00000DDF3FFFF82EA00006401000174EDFEFF52
:10A01000323F0100640100016CCE00001D660100AA
:10A0200064010001F5E3FEFF140301006401000177
:10A03000E177FEFFE315010064010001EF2F00004E
:10A04000EF160100640100010725FFFF1AE201007D
:10A05000640100018A96FFFF68CB000064010001E3
:10A0600038C9FEFF2DE8000064010001C1FCFFFFBC
:10A070005322010064010001C88800005C00010057
:10A0800064010001D2300000E3120100640100010C
:10A09000DB0700007CFC0000640100016ADEFEFFBB
:10A0A0003488010064010001CE620000CA6701002B
:10A0B00064010001CA2EFFFFF92C010064010001B8
:10A0C00014960000792501006401000119E7FEFFE4
:10A0D000BFE3000064010001ECF700001D13010064
:10A0E00064010001E322FFFF244C01008000000610
:10A0F00001000100A006002004003300040000005D
:10A10000000000000000000020000300A80000067E
:10A1100000000500040001004011002004000300BD
:10A12000040000000300000000000000C80000045C
:10A13000000000000000000000000000030000001C
:10A1400000000000F000000000010000840000009A
:10A1500020070020B0000000C0110020F000000027
:10A1600000010000800000070001010040110020F4
:10A17000000483010000000004000100A815020093
:10A180000100330004000000A800000500001500D5
:10A1900040000100A0060020400003004000000035
:10A1A00000000000CC00000000000401D800000006
:10A1B00001000000F0000000000100008000000726
:10A1C00040000100A0060020400033000000040011
:10A1D00040000100D4E501004000330040000000D1
:10A1E000A80000040000050001000100E0060020B6
:10A1F0000400030004000000C80000030000010088
:10A2000000000101000001030317010080010001AB
:10A210000300000000000000CC010000000000C0AE
:10A2200064010001A4D6FFFF01C50000D8000000B2
:10A2300005000001F00000000001000064010001C1
:10A24000001000009DD2000064010001C15EFFFF0C
:10A25000A080000064010001BA1A0000C3B500002C
:10A2600064010001280700007AB7000064010001C2
:10A2700053F8FFFF09C9000064010001DBCEFFFFB6
:10A28000F2FA000064010001D9B0FFFF54B90000E8
:10A29000640100016D2A00001FC800006401000174
:10A2A0009BFDFFFF61C9000064010001FAFFFFFF91
:10A2B00099D800006401000197FDFFFF785E01005E
:10A2C000640100013D0B000022F100006401000167
:10A2D0002C260000F3EB000064010001E7270000DA
:10A2E00049BC000064010001A4C9FFFF9CB3000049
:10A2F00064010001ADE6FFFF5F01010064010001A0
:10A30000AD010000A4D40000640100017B7FFFFFC9
:10A31000F9DB0000640100016ABBFFFF3FCD0000D4
:10A32000640100012CDAFFFF2485000064010001B4
:10A33000C328000079FC00006401000184A8FFFF2D
:10A34000942A01006401000164EAFFFF94BB00004D
:10A35000640100017BEBFFFF06E6000064010001E1
:10A3600099F7FFFF0B8100006401000185EFFFFFFB
:10A370003BCB00006401000142A5FFFFDDF60000B9
:10A38000640100011F26000065AB000064010001AC
:10A3900064CAFFFFD7F100006401000130C1FFFF74
:10A3A00045D400006401000135ADFFFFD3A40000D7
:10A3B00064010001E92600009CF100006401000135
:10A3C00067020000B2E6000064010001996C000021
:10A3D0005E0101006401000162DAFFFFCCEC0000C5
:10A3E000640100016A03000098DC000064010001C0
:10A3F000901400006DE6000064010001B346000007
:10A40000EA8E00006401000119ACFFFFD3BE00001A
:10A4100064010001C9800000EF0001006401000137
:10A4200065210000FAD100006401000138C3FFFF7C
:10A43000C005010064010001A0CFFFFF66330100E9
:10A4400064010001AAD2FFFF54DE00006401000194
:10A45000E1D6FFFF5EB20000640100011B130000A3
:10A46000BDA6000064010001F7BAFFFFDCE60000B2
:10A4700064010001DF2A00000FF700006401000101
:10A4800008DBFFFFA7C300006401000102E2FFFF39
:10A490003438000064010001F2C0FFFF64F70000DF
:10A4A0006401000101A1FFFF2FA50000640100016C
:10A4B000850800004EE30000640100015584FFFFA1
:10A4C0000A52000064010001DDBDFFFFFE6F0000C5
:10A4D000640100014A75FFFF1EE3000064010001F2
:10A4E0009005000010BB000064010001A2150000EF
:10A4F0008AEE000064010001ADCDFFFF198300006A
:10A50000640100011CB9FFFF4579000064010001EE
:10A51000CEF3FFFF770301006401000113FBFFFF8F
:10A52000780E010064010001310D0000F6AD00005D
:10A530008000000616000100E038002018003300FB
:10A5400018000000000000000000000040000300B0
:10A55000AC00000418000100401100201C000300A2
:10A560001C00000000020000C80000040000000001
:10A5700000000000000000000300000000000000D8
:10A58000F000000000010000800000030100010055
:10A59000E00600200400330004000000AC000001CD
:10A5A0000400010058110020BC000000030000005E
:10A5B000F00000000001000080000007170001000B
:10A5C000421100201C00F30F1C00000017000100C6
:10A5D000D4F501004000330017000000A800000679
:10A5E0000000150001000100A00600200400050085
:10A5F000040000000000000080FF0000C80000030D
:10A60000000001000000010100000103031A010025
:10A6100080010001020000000000008064010001D0
:10A62000F915FEFFBDBE0000D800000001000001CA
:10A63000F000000000010000640100014417FEFF6B
:10A640009F41010064010001A9DDFFFFBD9A0000E8
:10A6500064010001023A02005DF0000064010001A3
:10A6600007EBFDFF7009010064010001E91AFEFF1C
:10A67000C9B8000064010001D880FEFFEE4B010064
:10A68000640100018BCA0100CA00010064010001DD
:10A6900049570200ABD00000640100011068FFFFC1
:10A6A000EFC90000640100016E14FFFFC14C0100FE
:10A6B00064010001FE4500002E9E010064010001BE
:10A6C000049AFDFF343901006401000187D9FEFFBF
:10A6D000C27401006401000119C100005EFF0000A6
:10A6E000640100011FFEFEFFA91D010064010001BD
:10A6F000C5700100FE8201006401000156F70000F0
:10A70000B9AD0000640100018E63FFFF87610100A5
:10A7100064010001C914FEFF8AEA0000640100011F
:10A72000A4ED000054AC00006401000145B8000035
:10A730003B4B0200640100016E57FFFF8DCE00000D
:10A74000640100010508010046AC0100640100013C
:10A75000FC08FEFF4ACE0000640100012EE7FEFF68
:10A760007E4C0100640100017D2FFEFF20F20000FD
:10A77000640100015A0D0000E7DC000064010001E3
:10A78000FF0DFFFFC5CC00006401000137B8FFFFDB
:10A79000EF650100640100012530010084A3000081
:10A7A000640100015A390200E590000064010001D3
:10A7B00042410000461601006401000100CA000089
:10A7C00061EB000064010001A6F4FCFF45AB000052
:10A7D000640100012B730000FAB400006401000161
:10A7E000584500004CC900006401000195140100A7
:10A7F00076DE00006401000146340200C8820000D9
:10A80000640100010695FDFF6A4D0100640100012D
:10A8100006FEFEFF360901006401000180C5FEFF4F
:10A820002A8801006401000171B7FEFF5D4F01003D
:10A83000640100011C0AFFFFCBC00100640100019C
:10A8400059740100FEAB010064010001658EFFFF39
:10A850003AC30000640100019485FEFF76DB00002E
:10A86000640100018FF4FDFF769000006401000197
:10A8700056DFFDFF55EF000064010001CA32FEFF04
:10A8800099CA0000640100017827000020450000FB
:10A8900064010001B65DFFFFA7A101006401000192
:10A8A000D5E9010043B40000640100012D940200C9
:10A8B00050BF00006401000108170000104D0000A7
:10A8C000640100012E60FEFF5DBF00006401000115
:10A8D00009DCFFFF969A0100640100014827FFFF91
:10A8E0001F0C0100640100014522FFFF2DAE000096
:10A8F00064010001DF86FEFF62AE0000640100011A
:10A9000038710000EEB200006401000170ED01003A
:10A910001EEE000064010001D0910100232E010011
:10A92000640100018C6C0200BEC0000080000007C2
:10A9300000010100A00600200004830100000000C7
:10A9400004000100A815020001003300040000000B
:10A95000AC00000340000100A007002040000300FD
:10A9600040000000C000000000000000C80000031C
:10A9700000000000000004010000000003000000CF
:10A98000D800000001000000F000000000010000FD
:10A990008000000740000100A007002040003300B5
:10A9A000000004004000010094FB0100400033005F
:10A9B00040000000A80000040000050001000100A4
:10A9C000A00600200400030004000000C8000003EB
:10A9D0000000010000000101000001030317010055
:10A9E000800100010300000000000000640100017C
:10A9F000A9E8FFFFF8950000D8000000050000015D
:10AA0000F0000000000100006401000128130000B4
:10AA100092B5000064010001800100008D17010063
:10AA2000640100018F11000093AC0000640100017B
:10AA3000A199FFFFB05D000064010001E1C4FFFFC8
:10AA4000EECD00006401000101F1FFFF70E30000A2
:10AA500064010001B6F6FFFFFAA1000064010001E5
:10AA60008F190000BBF900006401000137EBFFFF04
:10AA7000EFA600006401000116E2FFFF87A80000B6
:10AA8000640100012B110000DE9F00006401000141
:10AA900081BCFFFF7C75000064010001C909000052
:10AAA000CEEE000064010001184A0000B2850000EB
:10AAB0006401000122DCFFFF9BAC00006401000187
:10AAC000121A00007BE2000064010001F8D2FFFFCF
:10AAD000C6AB0000640100012909000035D8000060
:10AAE0006401000165F5FFFF52B10000640100013F
:10AAF000D61600004CB50000640100013C070000C0
:10AB0000E0A7000064010001070A0000E0C20000A5
:10AB100064010001DDCFFFFF80BE00006401000181
:10AB200090DCFFFFBA9D000064010001B9E9FFFF5E
:10AB3000CDE10000640100015EFAFFFF32E9000090
:10AB4000640100018CE0FFFFDFA700006401000149
:10AB5000122E0000FCD400006401000157B8FFFF72
:10AB60001F8700006401000195E7FFFF34770000B4
:10AB700064010001B0D0FFFF51AE0000640100018C
:10AB800078E3FFFF526B0000640100016A010000DE
:10AB90002BEF000064010001ABE4FFFF8E8B00008F
:10ABA00064010001BEF8FFFFE9C400006401000178
:10ABB00093FAFFFF5DC80000640100015FD4FFFF4E
:10ABC000A992000064010001E50B00001CEA0000EE
:10ABD00064010001ECD3FFFF03D400006401000115
:10ABE000F7B1FFFF1A6800006401000121F8FFFFC0
:10ABF0008FD7000064010001773B00000371000063
:10AC000064010001CBC5FFFF34B000006401000106
:10AC1000EDE6FFFFE7E8000064010001A6E8FFFFA2
:10AC200052C100006401000150090000D22401005B
:10AC30006401000172F8FFFF94FA00006401000152
:10AC4000E50E0000BBE2000064010001A1FBFFFF74
:10AC5000BDA80000640100013034000092FE000035
:10AC600064010001B1C9FFFF11ED000064010001A2
:10AC7000F31F000020D700006401000164100000F1
:10AC8000A7610100640100011C070000EEF700004D
:10AC900064010001092900001AAD000064010001EF
:10ACA00053F1FFFF68D1000064010001B6E8FFFF27
:10ACB00009AB00006401000156D6FFFF39A5000072
:10ACC0006401000156170000A4A300006401000104
:10ACD0003BF0FFFFAAC7000064010001F2F4FFFF90
:10ACE000C1BF00006401000131F5FFFF49E200002F
:10ACF00064010001950700000FC6000080000006F7
:10AD000010000100E03400201000330010000000AB
:10AD1000000000000000000040000300AC00000341
:10AD2000100001004018002014000300140000006F
:10AD3000C800000400000000000000000000000047
:10AD40000300000000000000F0000000000100000F
:10AD50008000000301000100A00600200400330071
:10AD600004000000AC0000010400010050180020A5
:10AD7000BC00000003000000F00000000001000023
:10AD800080000006FF03010040180020FF0333008D
:10AD900000000000FF030100940B020001003300DB
:10ADA000A00000050100010094100200040005004D
:10ADB00001000100A006002002000500BC00000008
:10ADC00000000000D40000010500000005020000A2
:10ADD000800100010200000000000080A8010000C6
:10ADE0006F7D0000CC01000000000000F0000000BA
:10ADF0000001000080000001FE0001003F1C002057
:10AE000090000001FE000100930F0200A40000006A
:10AE1000A0060020B0000001A406002002000400EB
:10AE2000D000000100000103040F0100F000000049
:10AE3000000100000900FF2F010000007D630000F9
:10AE400006000000A4060020A0060020000000402C
:10AE50000100010001001680010001002500FF1F14
:10AE60008000000F10000100411800201400330082
:10AE70001400000004000100A81502004000330087
:10AE800000000000000000000000000000000500BD
:10AE900010000100E034002010000300100000004A
:10AEA00003000000C80000040000000000000101D1
:10AEB000000000000300000001000000F00000009E
:10AEC0000001000080000003160001004311002073
:10AED0001C0033001C000000AC0000031600010041
:10AEE000E03800201800030018000000F000000007
:10AEF00000010000230A46100432EB3BF612694BB6
:10AF0000F422FC0A2C1C5223481AF2250C5C0D2456
:10AF100068684B14283656DBB3DBDFE82426354857
:10AF200027371F2A26292614F41D16FFF5091EF9B6
:10AF3000341FDDDFD0120A0014F9C4E5C205E3D1E5
:10AF4000D19CC1EF15DCBEB48196D6A7C49310087E
:10AF50000EEBD4210F2F2522D2CE2CFB07EAFA07C5
:10AF60003B3A0BDEB2D8EFD9DFCA37F925181945BD
:10AF700027B1CA09EF4544133D7967141A2B2848B5
:10AF80002207052A1C28161251557767220715003B
:10AF9000CB041FDEE7E9CDF6FB2CF40BDA3CFDD544
:10AFA000D8A90300C9DBD63B1C12F80D07E5D5E98B
:10AFB000FC17E8DDDA0846C2002D3B2562453C3E21
:10AFC0002FA9AE8198BA0FEE0D1D2B381B351A1E16
:10AFD00013F30ADADCCAA6A9B799EE00D1CCE21ABB
:10AFE00005F503EA1108141B12F913E8E1E1D0C1D9
:10AFF000DDD9E7121A11170D2023172E28EBF300C5
:10B000001907E4E9FAFB26C1B8D4FBF8FC0E0922C3
:10B010001ED2D6FDFE07DCEE100C0AF5F907071C60
:10B020000A13001221EFE3D0E5EFEFEBF50D130566
:10B03000EE1C1E07CEDBCCC5D015EEEFCBBDEDE38D
:10B04000F2B3ED0E13101E26CC08EAED24F0D8E57D
:10B05000FF0A07FE15EE07EC02F9FAFC0A13F301EA
:10B0600007C6E6F0F1F2EA1516F220FC0FF1E6FD54
:10B0700005070C2817D3E4D3E1E3F6022F0C00CC2C
:10B08000EBF7FD06EBB9CB889E1FD9D981A425E744
:10B09000D4B29E7445E7C3BF27330CCDEFF213142F
:10B0A000BECE4F2C27120C4210E6CEC9540D010320
:10B0B000ECDCD8D0C7BE4228F1D4F034FED1FCC2BB
:10B0C000F512DDEDC916DAF2E9D620F0CBE5EF0690
:10B0D0001AE7BDCC351D22E1DE0D0409DF0004EDC9
:10B0E000FD14220BD200F012FB0E0101EC15DADB8D
:10B0F000ACE4131A071D0A1108210F050CF61406FB
:10B1000003DEDBD2D5DB260D2E26FDE4FCEEEFBC04
:10B11000EAFFFD0BE612F5ECE9AAF30F06F6FAEDED
:10B12000F51429F106EEE41D0ED5F40111F6E4ED57
:10B13000F90DEE1E1D3F3D1536313C2D1D4B666D44
:10B140007343FF110B281F3C5A5E6F173B27FEEE1F
:10B15000F9F937461E040CFFFAFD02284D0A4C4C43
:10B16000ECFD0D180CA4C700F42FD5FC101823D348
:10B17000CAFA13E005DDE7C1A5F21BFE1B42CFC6EC
:10B18000D7DCF22A23F7E8C6D62D100E3EEAED16DC
:10B190003739ADEB01E1CFD3FF0C2A4411FB1BE79C
:10B1A000F71E341AF0B8EE390CDACF0B013101FE7C
:10B1B000D5FEC8E1F3A8FD11E62AB8EEEE1115C7D9
:10B1C00015F82F1696DFDE160DE3453E5432A0BF6C
:10B1D000CFFC2984CB0AFF49C18BCEFA03DD0AD606
:10B1E000F3EFD0ECE2FF0EA2FA2D3357B4B5D71629
:10B1F0003CC92A073347DDFBF705132035427F465C
:10B200009DC0EEEF23D0E4065469869FACCDE2AC3E
:10B21000D50F031E413743422E402D554B27725602
:10B22000555A56502E7F544933145622481B242613
:10B23000526BF405F2F7F4B8BEAFCCDBE800E5E200
:10B24000EFE1CBA8BAB20AF10B08E9EFD3E8DFE4EB
:10B25000251600051AF50AED01E7010C162A009ED5
:10B26000BDB0D1E1F5E7090C13EFD8F3F8001801F0
:10B27000161D1CFC05EB06001C25212F491220136E
:10B2800015EA253848343325121CFB0DF2EEEADBB3
:10B29000F21F07F016E7160B3216111614160601E8
:10B2A000392A1A1E1B2A3C502120FC0D2401231E82
:10B2B000120BF71FE2EB09F40A1E2319302A0F03C1
:10B2C0001E340DD5E1B90304F4ED121A21BDB0C44A
:10B2D000D2EF29161F0F05193F1B4037FE217F565D
:10B2E00032050F23372D43594019212237461ED3EB
:10B2F000373502BBB91B0EEBCEAF00D4C2BBAEC418
:10B30000B6F9F2CB0618ED1CF60E16E702FB110596
:10B310000AEFE4224A1905F6101CFB08E9EE13298E
:10B320002217F7F1182B2FE2142F2927CBFDCFD3AB
:10B33000D6C4C8D0F5E123F201E2A56A3E25F8ABF8
:10B340004A26F6CA9BF5DDF606D6240DDAD3C7FBEE
:10B35000DEBFDC13F9C9A8B4BFFEE30611060CD5A5
:10B36000DC08FF5E40475160F1E4E1021BEAF80FA0
:10B37000FA2D444739241F0B1C11081F26060BF811
:10B38000F902DBEFE81D18170DFDEBB59AC8EED9F1
:10B390000FF709110BD2CBE9F32519223B2A43B64B
:10B3A000D6D5EB14F6E90AE7B544106C280E93B92C
:10B3B000F1FCD3493C4E5D49EC01DBF1C74C522016
:10B3C0001A36EE0DC4BEDA525F16223805E7EA1EC1
:10B3D000CC2B62321DF3B9F2CCF6C3E1040BE8DCEE
:10B3E000B1FED0CED2332E2526F9290DFF31065DD0
:10B3F000596E3423FC0C1DF6E95867746A3F28FD2A
:10B4000024FC0F5C4B76654F100DF40807182731AC
:10B410001B22BED6D3E5BCE4FE33FF2DBABAD9EA6F
:10B42000E00C2C3E2328A3BBBCE2F8C2DF2D38720F
:10B4300092BABB18F914E51E101AC1C0E3ED03D788
:10B44000BEA7BDEAC0D4A9DBEDDB17D410FBD8DD65
:10B45000D7E5E309213210188F93819CAF2E243950
:10B460001F709F869694BAC6EDDDD809E3FFC9DB4D
:10B4700007132B17142DEFD1000400E5C8FED306E7
:10B4800081A5AFC20035162D477C41281C1B373CD7
:10B490001DC5F9FD0CD5DDF61CFAF503F70DD5D069
:10B4A000A1BD0CD6B3D3E6E70D0CF21E140D12109D
:10B4B000113E1914431D5320F3E6F216DCCEFA0FA9
:10B4C00027EB9CE3EE2CEDCCCE071AC1E1B1E412E0
:10B4D000E0012A2E24EDE3E8EFFDEED1F4C9DF37D9
:10B4E0002338F9F3DBE6FC090EE818010F19C2C591
:10B4F000BEAFF027F8ECE952BBC4EA1331ED15FA00
:10B500001F3098B2BAF24988DEC9E852CD999DDE63
:10B5100029A8BDC3073233FC00392CFC1B013D5464
:10B5200005E5EA1459CCC7BCFF1A11DDED1C3FC676
:10B53000C3DAF427F716132D2E30315B522C465800
:10B540002F32164F3F391FF94B5B3D0BD14F3A332A
:10B55000470F10F3C6F3C8D897BC9A813317F3F698
:10B56000B52D060EC5CCF9EBC1D7CEC5E6B3C89B49
:10B57000F4FDE701C9A4B6D5E326D92120434EDA6C
:10B58000E51F06FDD2FA063A0ECFF3FF07F4D4FC0E
:10B5900046F7C5FEFD0204BB03113A10DD2418284E
:10B5A000F9D67D4D1E18442D2D3CFD0527E2F49D56
:10B5B000C00E02F7F0F2B5A2999D9AD8E7E60D3BCE
:10B5C000B0B7E4ACF790A8DCB7DAE0BFD4BEBB17E5
:10B5D0000917162E15F310F912FCF415283F3B3409
:10B5E000465B33FEF9FAFFDB23341F3A1AECC9D766
:10B5F000CFD247303F302F21451C020803F0ADFA6F
:10B60000114A2BF91768CAFDF1E709057B7F051E72
:10B610009CD2F1A6BE4B2429E21E08E4DDCAD6F076
:10B620000925C116C9E9D7D8BE230C374123C396D3
:10B63000DE18D41EDC0C343930F40431D23E0FD085
:10B64000452E0DF3DAEDF3EA090629FDFFEDC6E11B
:10B65000EC212EE540EEE611F3EDE01A3E2706D68A
:10B66000D8CFF3DDC2D50C1DD20CBF0BC2A4C53E92
:10B670000416D6FDF505F2E3C6FC200D1C2AF4FAEB
:10B68000FF04F53E515D64591A5430F3F43A4C31DD
:10B69000FBF115220406CAF9C8E4D19BDCECC59D78
:10B6A000A0FBE0E8FA0AE9CFDED4D3022A12171988
:10B6B000D705F2F0DA3763653928E7F233D4DAEAEE
:10B6C000E3DECBC819D4F4DD424A19300A471B1314
:10B6D0000333350C000D245418EDE202191816E559
:10B6E000D8011BF0DBDEBA19DBD4A6B3461DDAD7CE
:10B6F000DB501CFFD9CBF8F5EF16071CDFFE330D2E
:10B700000955163239233C153018E7F1E9C8D1C87C
:10B71000E7DB120DD0F2EE0409D1F7081A0BC4CD05
:10B72000E11719E6DECCC9D0A0B1C4EFFAF90704DD
:10B730000F165765544757E80A180608183E4F7FFA
:10B740007D0DEE19343B5A7872724FD6EF40513965
:10B7500074616B511F4B4F494C655553332B0A0491
:10B760003E574C69E80C433A3CF31E2F310ACEEAAF
:10B77000EAA2C2263E3830164A41361CFFE3FEF1EB
:10B78000021EE1F3FFF5E92D4E43421002FD0B08C6
:10B79000E0072B44363E1B404739752D230A56419E
:10B7A0000E1C301FFB0C09190B05221E2E34201D08
:10B7B000F01013F9090E040AFF3CF4EF2BFFE60129
:10B7C000D8F4EBFC10E5C4F708F701D0B9FBFA3563
:10B7D000F2F9DDAAD5F5CFE211FF172DE5F9F4094D
:10B7E000FBD1D6C3DDE7B59DD5FA10BBDAE740093A
:10B7F0008193B9DEF1B3B7A38AB6C9D9E8FBBDC35B
:10B80000CCE7CED3F70C25F3CE102C1E24F3354C09
:10B810003B45FCFEDDCCE1E730261DF0CDD9C7D796
:10B82000AAC6071CFED3C2250D1002EF2F446319D0
:10B83000040C1400C9283D302BF0EFE7EF1BD2F5C4
:10B8400019F3E0CDC2E6E8D7CDBA162A150E1717C0
:10B850001EEBC6FAB1A3A38EACB599BFCEEBDCDD6F
:10B86000E1EEE9FBCFC4CF04E107F0080821184757
:10B87000582B231011292A28211731464B2D292511
:10B880001F1D293F3625F805F6F60BDF09071D3584
:10B89000DFDC090B1CEA0813123AEEDC0610EE0896
:10B8A000D60E00FDF6FFE5F619D6C4B2B1E0C3D658
:10B8B000D3CAF1D4C1ABD9D292A2D8E3D98188CE70
:10B8C000D3FDE0BFCDD7FACED80D0C06D9F61213B2
:10B8D00043EBE62A2D271330272A343148472E160A
:10B8E0003332372229FD0C08FC2C292817041E0F9F
:10B8F0000702160F0DE3E8E9FBDCB2B6C2D9F90680
:10B90000E1DAF7D4A3D0E4FCF8E0F2F108D9E8F0EA
:10B91000CE1EF0FA0CE41DD4D0E9092ED9D9E910D5
:10B9200004DEBCF6FDC8ADC9E4BDD69A8A9DD6C07A
:10B93000C1CFB5BA01160DF7CCEC06240430FC21BA
:10B9400033755D4F4B2D582C474271614652102C78
:10B95000173A462D627A6567412238584E4C6D562B
:10B96000435B3A4E767F761F1A3F4D582428461186
:10B970004F2F222640111226072501E9DB00E61D84
:10B980009FF100D116D7FFFCED30E6ECEEC9E4E103
:10B9900005C9F6F60FDBF8F5E8DCE7F9E501F9ECA7
:10B9A000FA3732C5D5FF0505C5F0D4BED1DAE4B803
:10B9B000D8CCF9D8BA0708BBE8D1EC070AD61C01E5
:10B9C0001FE8EDD909E600F2C7FAF0E2FBDF05E275
:10B9D000FFFBF417C7244841324E2726FDEB09151B
:10B9E00033251E15CED2D7FE0B3D14334B2E221E0F
:10B9F000110FCF06F6F2F0C8B8BC818FE0FE050D3E
:10BA000019262C2C2205FD3230002C12201BFCECB8
:10BA1000030914EEE70DFC12CDFCF228FDFD06042F
:10BA2000F9EFDBDBDDC1C51AFAE5EFC904FFEDCFA5
:10BA3000D2211B0ED7DC0DDBE3E0052D1D17F5FA37
:10BA40002C0FE819EE2123E0F60206F5DCE2FAE419
:10BA500014F8EC0A1FFA00FCC1F803EB0B08F3CC56
:10BA600003383F0D101017EC02E4F425F307010A28
:10BA7000DAF4ACD7BFF9FAF9ECFFCECBE1BDD3E4F1
:10BA8000D301F6DDCCF4E4ED142C323C2C39E4CBBC
:10BA9000F9F1E7F0F0E4EEE9DECEECD4D2CEEE122E
:10BAA0000A22150A0D2509203738242C2E45644A10
:10BAB000253A3A1B1CDA17332615F4ED03272628FE
:10BAC00005F2191516E4EC281C1AE700243D42E49F
:10BAD000F50E587FE7E0FF2C3EF7ED001211281716
:10BAE0002D151FD6D0E9E2FD060B09170F0B0AF53D
:10BAF000F5E10E0CF3F7EE1102F8FBEA1621170E32
:10BB000011FAD5E5F7DE3B36290FFCF2E7FC0626F5
:10BB1000FFFE1F1539FBFCEB0B1D0FFEFCF1E5E1F1
:10BB2000D8D30B0D07D4D2D6E3FBE5DCF8FBFEE25D
:10BB3000D8E404F2E6E7F60805D8D1EEE1170301F0
:10BB40001A20FBE5DBF60C2C0EF1F0FF0706CCF714
:10BB5000E51D0BF30FF019DBDEE4DE2305FFE8F44F
:10BB600006DDD9EDF41AF8E7DAF411F1D7E4C712DB
:10BB7000E3F201FA14061618213BFB180414DFD374
:10BB8000E7DCFE12FD313759FAF61E0F093405586D
:10BB900021F3E401E3FEE8A2CD8EC3F90D001BEC16
:10BBA000F2BFE3C0FF17F9D5FDF6F6CEDFF8C9DA2C
:10BBB000EBF2F5E4D702F726D2B21814FAF30FEF3E
:10BBC0000412FC090A01101526F2F91318FAE7030A
:10BBD0000FFC37D4DCF804E8CC01EED5EFE2E8D670
:10BBE000E5EFC1C1D1DDC7B2D398C181A6C0B7B757
:10BBF000E0B0CDE0EAD6E7F407080FF7FAF1DBEBA7
:10BC00001B18380400524744633A2D313D2F1A2542
:10BC100012132317F2F51718EEE20311E6090D09C6
:10BC200010F507002727292D0E101C1DF5FCF8071D
:10BC30000B05E7F7F4E8BFF4DDD6E3ADE2F1C7B0FA
:10BC400098342B224130F7152A1647403A54793858
:10BC5000201F344C3F2A10360BE23D1804E9B92C62
:10BC60001734D9C5423019D4B36A42FCFAAD361A3A
:10BC7000DBF0B00013FDE5EAEE25E9F7C92B242E31
:10BC800026FAE614EC1C0BD30F1A285005CEEDE86B
:10BC9000ED32FF24F330D7C7B9C8C3B0C09F92A319
:10BCA000BFD1B6B2A502201BE8E23545475D2C475F
:10BCB00052443530414B4F28544D412E3CF75226CB
:10BCC000485B11C9FEE30900021319F213F6DDF611
:10BCD000C5E613F1E5D8B8B108EAD8EE3A404825F0
:10BCE00023C1D4C6C9E3FCEE1DDD19B7B6B2C4EF5B
:10BCF0000D29E2FEE98A8182A3A5032823EC1730EF
:10BD000016F6F519D9BB94BABBF7DE0D2510183419
:10BD100017F70021D80CECB9090E30CFDE382B43D1
:10BD20001E187D793B6556472E5C36595F2B365F72
:10BD300044E904262C47DDD2E1D30506D9EA132ACB
:10BD4000EAFCDDEA19D420EFF4330F17422E2B362C
:10BD50003A4F20491726F227FA27CFE5DAE1FAE829
:10BD6000CC03E3DDBA150B19C3C9A1B3C2CFA6D367
:10BD7000BACEE2BD85D3DAB1A381C225F7001A336A
:10BD800053E8F3C4F6275F11D3F6FF17E62C090634
:10BD9000F4D8FBCACBD3AFA1CD2A1EDBC8EC28CB8D
:10BDA000C9E3E84136F5071456ECD8C9D3F1643A33
:10BDB000C0D0E30F08E0B1DC40EECAAB99E3C9C2E2
:10BDC000BFE91D01B4C9F7E9E1D4A7D153547B7B86
:10BDD00061FC224A3D2634343C4541E207592F3963
:10BDE000F4004F517F0D13684D510B5A6C62551C76
:10BDF0001731230F474C453D2A18092B0FFE2427E6
:10BE000017070DEED3EEE7E9412122161E071A119E
:10BE100004ED2E27101BF3E7F8EFF604FCF1F90907
:10BE2000F707F8EE110F152B4B3204E4FB202F1906
:10BE3000E417313017E0FF1E0624D5EB351635C860
:10BE4000DD04191DD6F7E60B0B01021C1004FB0FD5
:10BE50005B4655ADD8FBFE2EBBC80A182EEDF6E9A1
:10BE6000E8E5EBF5003649D7C1C3E8F0F3E2E1FEBF
:10BE70000AF7FF1902E914E4FF0307F40A14132A6E
:10BE8000FDFD05121500E4D6FB03DAD0FFED01EB52
:10BE9000F321122DE8C6C9DFFEF400120C0C2811A4
:10BEA00020312A01DFEEF6EBF715210F1FE1F00A32
:10BEB0001A062F2F2E2544E6F513F12AF1FC18005F
:10BEC000182D122F201D04FE0C1A21E1D9E50E13A6
:10BED000D9CFF1E2ECDFD2C301F4A48CACD6F78F5A
:10BEE00081CFE90DE9DEFAFF0937294D4B4611F103
:10BEF000FCFBFD15EEF808CF302E291D1D2F2E2D31
:10BF0000392B354F596A742A12273B2560515D2C15
:10BF10003F181B0B1B0C0DEDE21501CDCED5B5B9AD
:10BF20001E1C463104FFE605E5CE163207150DB698
:10BF3000D0BEDEB012FEF8F1DB01F6F5F1E21F2310
:10BF40001AFE12BFDDF5E4CC0111331A05DADDDD8E
:10BF5000DCC3274022FD0CEA0F16F8FFF5CCE9F907
:10BF600012F7FD03330BEFF7001C0A11211A140618
:10BF70000410EA02E4D200F7D8CCF90CEFD5E2F6CF
:10BF80003B1307EEFA3529101806060F0F1CBCCE1E
:10BF9000D6D1D7F4C0EB01E18687AB8CA9D4F1FBF5
:10BFA000F80CBFD2D0EEDBDDD2D41EDBBB92C7C80B
:10BFB000BA1E203A1933021F06262B04192F101718
:10BFC0000D13FA1404333332392913243323232E67
:10BFD0002C233A30060A0321070D1831192AF7FFDE
:10BFE000D20CEE141F14110812F00327021D0427AF
:10BFF0001D2F05010CFF2106F10A040EE7F1DCFFFD
:10C00000FBD3E2071C2EC3E4EC0316DFF502281B6A
:10C0100081A99ABFF2D42232314BCAB1EEFE0DD1C2
:10C02000DDEE1054C3AE81ABB7F9FF08E5D7ECE6FF
:10C0300013FED187999A9CDE8C9081C1E8B1D5C25C
:10C04000CEFBECC690D0AAEF1B10151FDD0BF7D569
:10C05000D904EFEDFFF3F8E4E2F5E3120A12101849
:10C060000B0AE7E3B50B1AEBDCFB172E08162D21A4
:10C07000F7FA11FF36312D31174C311B3941ECE005
:10C08000E3EED3A195CCB603C5A3C3B8D316273F1F
:10C0900012160114FB14573C09DFD70C01EEE0B077
:10C0A000BB231D2A2202FE0609EBD7F6EA18FA0482
:10C0B0000B11EEDFB40D19F7E2ED03DEEDCDDE2658
:10C0C0001D121D060D2725EE1C1F194A313200DEF8
:10C0D000031A121213153D11F2DBE7FFD2260E1AD6
:10C0E00004F6C7BEDCE4D1DCE021E5FD33333427C0
:10C0F000EFBC8185A4AE02C585DFA106E090C6A68F
:10C100002D28E5B3C6E2C7B2C100EDBCE7D2ECC34F
:10C11000F405FD20FC152E5E42A4B8C4D52B35F9DC
:10C12000E8F0CFA1F40131200CCDC3174AE3ECE7CE
:10C13000F42223FAC629FE18F398C61513D2A8CD07
:10C14000BAD403A8BD9EF3FCC1DFE327EDB4DAF750
:10C15000F0B081E42412F0BFD202F3D6D8C520CCCF
:10C16000A8AAF0EDF3D812FDFAA8A4D7D01902D2EC
:10C17000EF15251DE2E51D1C322B304E76061829E1
:10C180003A5759401F180C1D26261E4BF625121132
:10C190004FFAD4F3273C05EC04DEFDD2F229153B1F
:10C1A0000937473445C7021814453B565B4B58D9ED
:10C1B000EA291D423B3E4B4D154B332F0A092620E1
:10C1C0000FF703EBD7AEC3C00CBCAEC3B903C8C8EE
:10C1D000D8CE1EF009D9E52B182023F73B40334574
:10C1E00023F91D05FEF80901F4EF0A0D25FB0E3AAF
:10C1F000230F1120F71F09FF09011E12190DF8D690
:10C20000F5FDF5EB143C1C03FD2D111819057F28D5
:10C210000AD9F151352209C91DF3E6E3D200E0FB4A
:10C22000D5BB12D1A6A0B002E2D2C0E119FFCFE087
:10C23000F424F6D1B598F6D0C6D8D71D0DDEE7EABE
:10C24000DFEBF50416050D3E1420FCFA1414E91872
:10C25000F1F3EFEF15FB060D0FFAEEF3DBD70A0251
:10C26000F8D5EBC6C4C3D8EE05E9F711F7E4F5C677
:10C27000FDEC04152A30211F2902281EC6D0E9F63C
:10C2800008A3C4CBE0EBD2E5D9F3DB10FAF2EB0460
:10C29000D4EFD9FD0FB0F30AF9EE05051B071D0D0C
:10C2A0001C471614F1183B34190A0D544C6CDAEE85
:10C2B000F802FDF203403F28DE08F6F9ED0A0F18F8
:10C2C0001414E7FCDBC3EBD8C3C9CCFBE9E1C8D34A
:10C2D000DDEFFDF205F3F7D8BCCBD7DDF6F0D5DA0C
:10C2E000C7DBDCEA0AD0E4F9FEFBA5DCF50009FDBA
:10C2F0001D48271EF020252228E1171D0F350011AB
:10C30000193419EF061F20DB3F34526140281449CD
:10C3100040054E412E00E1E90F291F15FDEC372E97
:10C320003BC3CDECE7F4EA03222C29EAF82E472B95
:10C330004B4E63593CD4FC03051C495C7F6C2C209C
:10C340002134330020FC11F0DE443164543C1DEEF6
:10C35000EFF4CC7F717D7545140E0902E805235377
:10C360004030E40D07FADB1C393E18FC08F70BE6F9
:10C37000E30310F7FE0B02E7FAD3D30D1B051C10E5
:10C380000C0617EBEE300F05140CEEFDDEF4E9069B
:10C390001D0706FB0F11EE0EEF080406E6D6D0B21D
:10C3A000CAA2B8FBE4E6BBD4050712FFF11A32FBC0
:10C3B00009F10108E6E4E50A0F1A30F01917FBFB52
:10C3C00000160F131F0D0EEAFCE1D5E4FAE5E1DAE1
:10C3D000EC0AF3DAE503FCE8E0FC10F9F9F7F015F4
:10C3E00027F2F3EAFAE4D8EABEF8DFF0E2D9202D2A
:10C3F000291AFE2012EC0CD4322A412C24070A0DF3
:10C4000009DF262B05191329341B290B224B433531
:10C410001231372C0CFB15ED02D3B72C3819E5F28D
:10C420005F5A511CD0E405ED06D21403E4D6EC0D9E
:10C43000FA091CE0C5D6CCF3F9DED4AADF08CCBEDD
:10C44000B9E6C612FF12EEF4EB02FC03D83AE7227B
:10C4500001BBF72C2922172B402F4A1C334A0726F1
:10C460000D2B08E9F9D23D46FCB4C71B0210FD04B0
:10C470000A1F1BFB0DBDDFCEAA810E11C3938C13C7
:10C480001201DEE9CBD7D4C2E8010202FDE1CAE81D
:10C49000D8DBBCF31824010206E0F8CCDCFC212A2E
:10C4A000DC090F3107F3C21F67F1E4BC0300E9F0B8
:10C4B000DF1A3911E522F9F818052D13D903180FE1
:10C4C000EEBED4F8F7DDF00AE700FF06FFFFEE0945
:10C4D000FED5C5D928EB10FF472D34FEEAD8E4E994
:10C4E0001A17F4C7EFDB305CB6D5D2E719C4F3F501
:10C4F000273EFA05F30709001CE8F4EF3F42241138
:10C50000CE0F210FE2DBE8C0C6B9C826D6E90EEB94
:10C51000CEE7D8FB33EAFF0A04040BF90CE30EDC88
:10C5200005240820DBEEF4334F414E5A5C260226E8
:10C53000004922352BD214DE1212EED001FF3CED61
:10C54000E4F5062F27225606291A242107F2D2C61F
:10C55000F3FEFCE2ECF6E3EEF7070FF6FB0413261E
:10C560001A3742223A34291D1BDCE5F4E701C6F6EE
:10C57000F72D08F00D554926FFF0FFEBE4E42A36CD
:10C580002313CF2741250ED457696114B81F051511
:10C59000EFA17A7F551A9E3D45F7E7A203DDF4D956
:10C5A000D3B9C1C6B6A10FD8D6ECE1B69C95898E99
:10C5B0001712F5FDDF22281700EC6D6B7F581F4521
:10C5C000274123EA3C4D5A4B500C1D1C09F6411CD7
:10C5D0001B15191B2132230A2C06280E0CE4F9F92D
:10C5E000EDEF08FE02FE2BCED8DCE9E3162228226E
:10C5F00037CBEAE5F902EDF8FA1C1AC4F101DE1AAC
:10C60000F5E9FF2417F8E6E3FEF6201612FC18EE13
:10C61000CFD4DED31808F91405DFE3C7E8F93221D7
:10C6200031481507010B0C0CEA040FF7EEFD0BE97E
:10C63000E30D2A181C0F2AE6F0DCDDE908100213CE
:10C6400022DCC4B4DBE708FFDEE0D7E7DDBEB2D210
:10C65000F000F8EDCCE7E6C9C5EE03F8EAF5F0E442
:10C66000F1E9DFEA2A4C434368F0FAA9F909F20A32
:10C670002C411EE4E71B27291A25594A40B3C3C1A0
:10C68000B5C1EEF5F6F420A5A4BF0908D1BFF5FFAA
:10C690002618E6F109F33F6057361CE8F508F50760
:10C6A000D2DFFEFAFAF5001B11132C18331D35D911
:10C6B000BAC7D4A1FDF31500F0D9C5E8DBEDE4EC71
:10C6C000125D63AEB7F60D5BE40C4D5D7F9EAFF877
:10C6D000F9E0D40D3C5376ABD308FB02E6D8E5FA7B
:10C6E000FEC9C6C9EABCD9DEF0D31DF2EA1511288D
:10C6F000080C080D251207E6F7DD18291903090EA5
:10C70000F2E4DCDDEA06C2B1C53C0E0604E81C2CEE
:10C710000F0309FBCDEEBBE906F306D4EB12F1B62D
:10C72000CEDB482510F5E732020A040D3A1A1CE266
:10C7300004F001EEE6E2FA24472D320E437974410B
:10C740003C657F6A431A1F411B1832152F1C12F8D3
:10C75000281F403F07081B0A1907FA05070B2F3946
:10C76000FF040AF0E1FAE71EE400091016F8E9EB0D
:10C7700001F2F103E5F7E8D8D3D7EFF1F60E090B94
:10C78000064115FFE8CD52340EFAC2FD2F25F9F807
:10C790002D2B4B29401D2E1B090A5E6C6448202E50
:10C7A000192D2503160023162613020921001A2726
:10C7B0002E3619EB0B4A4E2D291B3010F92D162C55
:10C7C00000E90D10271A2CC0E7FE231BFF030A0BFC
:10C7D000F7FBE8EEF800B7CCDE0431C7C7D009FCA0
:10C7E000E8DBE7D2ECB1AFB6C6E9CFADCEE7D4E235
:10C7F000D3F80B06CEE407A97F81A2DEC9C82D8934
:10C800008114F98186EE491039DE28547F5ACE8191
:10C81000D8627F621520EA7F209EC1DEEBF4293FBB
:10C820007FD0BCB9908181F9571AFA641E060C8139
:10C8300004D0E0357F81C5FF1EDC63417F684B6417
:10C840009F822A7F43CF727F4E81F6677B393E7F7E
:10C850001CB714A3D8F97C7F9481B9FCA97F69180F
:10C860001CFE34311A507FAF81627E164062BE8159
:10C870000CDE571281D51DE7FF3E7FC081323BF7AA
:10C880007FA4A472410D3DFF7F5C81EA4528B98BEE
:10C89000D3646E81F6CAF0600ACAD8D3D700821E6C
:10C8A000DCD37FA2C1C6180C111136F41A48E9F482
:10C8B0009BF38C990D335118F3F418F70BDAA22E71
:10C8C000BD0F1DE9D5073636F8BA332D8140DBF9A7
:10C8D0003505D9E905CFF9F51A2E19C41B143D0EFB
:10C8E000CCD9307FF1503A11E8B7DFDD55F83F0978
:10C8F000FDDDF9DCBDD54CAEF1A9DE04444030606D
:10C90000E7F8937EE9214362E229CEDAA30F1163AF
:10C910007F52633427C439DC37CCFE7FE1E7C9D8C6
:10C92000FB23250F39EBF8103AB610FBA3DBD5BE7D
:10C93000660EC500EBFD03B7E0DBF37F01040B18C7
:10C9400054BDAC030F2F3113CB220BFEC104E83DC5
:10C950000B6DFCC861C9D6503EFEBA5F0DFC29C103
:10C96000401C182818B1814817F2A0F5653035121F
:10C97000AF1EEC2C08E12ED1B814E81CFF74FE2F7A
:10C9800006FD0EDFCF05F4E603FB3D0E231B81E819
:10C99000EEFED9023CAF2063013BBFB02F3EB7AEE5
:10C9A0001CE41E223BDDDC55300481C3322D67F9C7
:10C9B000BA30FC274A6D94E9D77F64D66443058476
:10C9C00078DC84CD15FB1CFAC2F6A8F2DBE15CAA88
:10C9D0001E250AB0F1F803DB45FCD3BC1A172C0B5B
:10C9E000DB12C9F5187FEF5DD80D20D62EE73A147B
:10C9F0001C940A2023981C7C01E900DE16FAE2410F
:10CA000095FAEA3E7FF10319EEE4F6EBF2315C4D64
:10CA1000E182E9ADE919FD68FA52E7FE162721FF28
:10CA2000E71D02E0F70C15EAF7EA81FB191510354E
:10CA3000ACFF196EF86E0663BB47F2B935BDD01472
:10CA4000171A19D7F6FD3F37FFDCADAA0A7F22D1AE
:10CA5000AFCE271D2975DBD3C87F3FD4EF171C0F3E
:10CA600020F79473D0FCF502BA4B23473D8B70003E
:10CA700061A42DFCE9A5EF560DC210F02F07F7C2F7
:10CA80002CD5099CF90DDA1ABDF5EC420FF77F3071
:10CA9000AABFF343641D2ACB45621921D0EFFB598D
:10CAA000FDBB8CC7F700516F04F5920C57C9FA8192
:10CAB000E9DCDDB448D6E713C6258C8B08E92CF6F3
:10CAC000AA56D5E0F0EC856AEC3F39F02DB3A39976
:10CAD0004F81DEA52CC419F94557057FF824F3D200
:10CAE00001F43C15D7E40E2C1222E4260AFB24BFE5
:10CAF0001B16EF2AB8A82735F499C813F4C011D62D
:10CB0000D4051B4900F22CC62BDDD61EF29F07BCB4
:10CB1000141581DC1D00E219BF1005DB0DCDE1E528
:10CB2000057FF63E00D7B00EF10D1FAF20FB52146B
:10CB300012A80EF429B7F4C3120BC97F2C0E40F0D3
:10CB400000102F04FBD8FAEB05F4F424F903C92EE6
:10CB5000C016FB46DD35F952E9FF42D1F6F18146B8
:10CB600004F409B0A5E60616CDCDB0DD2BCFFA0F43
:10CB700024F1299C23E4F43B2C28F8CEBB2D24433C
:10CB8000C1EE3C7F49D3103F0AC2FBCC4B2307B315
:10CB900010DCF0BD1FF4D1C7E54CE8AE81CF251FF6
:10CBA00016032A02DBC4D01A500A3DFE3452C814C0
:10CBB000C3080DE22C17FF0416C9CC1E1D431DDC53
:10CBC00065F8D1E303272C3EEE7FD923C9D7F9417D
:10CBD0002C522E01D93504E8B023293AF0CE9F0D0E
:10CBE000C0F35A9CF4F114FF7F135CAF96DAFDC7D3
:10CBF000342DCA49EE32C235D659FA18C2B8DB1DF7
:10CC000040346333C1DFADEE9E718159042CF93697
:10CC1000245882D825982507EDD412320D8166C894
:10CC20004FEA72EA181AEF96EEDC596D11C0DCA9D2
:10CC3000101EED792D7D723366F362123BFF43CFF8
:10CC400032AAF781BD3C5F7EC90CFCD31E4BFBEBC7
:10CC5000F629A2069441B27F2DD721DD2B0FF621B4
:10CC6000CB99F44DC3EDFEB4012D42A5420C011A3F
:10CC7000A90825F5BCDD092DF47F04C0FBFDF806ED
:10CC8000CB171230FE12C425F6B649C72D45FC0A53
:10CC9000C1C91E3C3E38B3BBF4C31E04CAC7FCDE88
:10CCA00061E5FC2422CB04ADD450016DA881209A0B
:10CCB0002D09EAB70E46D4D3C6193905F3AEEAE119
:10CCC000E71029F40F03EFF943121DD602011EE508
:10CCD00016B47F17080A0D2ADFF42A1F18C158DE80
:10CCE000CB0A30F10A1BF5B42F810245F6DBD301E4
:10CCF0000A96EF104FBBF659DDDB522D08D404EA3B
:10CD0000C892F181532D0325BEE8E0E012081627F2
:10CD1000254E5130C7FAE60CE9B4FC0EB39950D158
:10CD2000F8271B7F5FD5D5DE29A4002DBCCAE904F6
:10CD3000FBB4D3AD08E8DC1113E80E29CCB7FDDF56
:10CD4000EBB8D019FF117FD81A0C027D0A96CBF2EE
:10CD50006733DB0236924420D77BB662C25077E05D
:10CD60001E1DE20882AE81F843141ACF1DD88A3501
:10CD7000E30F4E66FCD24A050FCCD9BE34FCC97F06
:10CD8000944D53FE4FB014F606D33A1DDE5410F8FE
:10CD900028C60CCAE01FD70205F41C2B2703F72E68
:10CDA000248116BF31C642A71A260AF32EF5EA39A6
:10CDB000C02D2D046BBF0222D6F607F490ACD60628
:10CDC000265C37AD1FA9E5181EA1E52DEFE9E91B8B
:10CDD000259CF8810465D3BAB742E6ECCD1CF03C43
:10CDE0001B2C7614EFD933812CF9CE213C1D9FD01A
:10CDF000C3C9F1D8588B60EB2C68CABBFC1DFFF38C
:10CE0000C41E0BF9FDC903FC0D63F70C7FE115A9E6
:10CE100038C1503FFDE5AC4921291715F40612FD34
:10CE200016AE35042A1CFAB4468DB3157FF2FBE426
:10CE3000ABD1E8532B06F7E61F34338BF0D5451AF8
:10CE400025EF24504605FD051AE9EAEA447FD0BFE4
:10CE5000071C0D87D508432534E6E8CB28ACFEB285
:10CE6000CDFE1BA281460D2D05E9D2EFC13728F971
:10CE700021F0E119D808D2141AC32EFE1108F916B0
:10CE8000B4E7384E49AF1F04041BDEFE8155FE3E59
:10CE9000DA0F0BE3094C06A6ECBB3B49FBEC1E3357
:10CEA00019F32B5B28DECDF8C927D810E418241815
:10CEB0006C100281DF07F113F8351A23D4231F12F7
:10CEC000B6E72B12FA10191F0E01F9DCF27FCDEA3A
:10CED000AF04E3311B9C069F9C5B3907F0A3810DD7
:10CEE0001E1825A635CCC7115C144D0B1883EFDB3B
:10CEF00070F1C76538CBE622A8EAC8E2EC92123B93
:10CF00007F05D9245FC5E8DD6ED5593D03D71907E4
:10CF100019205CF5135AB9C8C32D27E6E1CEF12CD0
:10CF200023EFCF3201F429A0F9171C3C54ACEB815C
:10CF3000061418E702DB3DF0EDB1EBC4E6CCF923B3
:10CF4000172F101FE7B2DDC27DA8E4160CDDE0123A
:10CF5000FA8103EAFB15CDEA0BE97F1CE4F6283BD6
:10CF600005BE15C627DC24E50248082D06E2FFEAC7
:10CF70001D0102FD1F8112D41323992D1DA520D060
:10CF8000215EF6B2D123AC17F8F9DF10F3E1F6D544
:10CF9000B32B2F23D012B52D76060ABF6AB1DD2739
:10CFA000320C4CD12D7FF0CAA1032DCA5E21042082
:10CFB000EFD1F101EE5017EDBF101F3CCEE1150689
:10CFC000EADD0D1CFE19EE061506F5B5137F11F30B
:10CFD0008D1D4E12F726BC3A0671EAAFE3D8F5D4A0
:10CFE000EB38E4EC1801E5293BD881C0017EBAFE9C
:10CFF000D6F15BB410EC06CF15C4734A3CF848FF79
:10D00000B82A0E2477D713A6D7AD467F29B822FBBE
:10D010005CAEF5A0E84BDF1BCF65F2FA3666C74E73
:10D02000A7018121EBBB16A6E842B0294F11FEDE15
:10D03000E4A3E21D0DD3F1A713B6397FC2DEA6F536
:10D0400076E413B8F4E4B2F9FB02A605F8D6E3FAE5
:10D050001548208C2C0E81EFF3F41E3D0C08320293
:10D060001BCCE1D7DCF2190DF127C5F10002D6EF98
:10D07000FC2018C1F92146170EDE3B0E683C815298
:10D08000FF0C47B7F2B3F2F1E7494B01C0F40328B4
:10D09000F90954EE65797F42818AEB6E5357F1911D
:10D0A00081A8832136D3B7717F17316A7F7D2A39F2
:10D0B00004048381DA148AFFAF1DA8C4819B452D27
:10D0C000CFFA119D81E6C3E8BBB08D811F05DFD685
:10D0D0000A527F093A10F7204D7F088EBEB2B3FF87
:10D0E000812254028FB7357FBEEFF1E0819F28FB8C
:10D0F000457F3CEEE4E47FC3D90E3A50C43A7FFF4B
:10D100009E9EE536FF07C9213D5E7F080D1F28184A
:10D110009281963E537F4FFDE058A48D95307F5508
:10D120007FF4E1848B497F89D3477F6832C7F30955
:10D130002D7F464289017F7D6C664B7004F6103F5F
:10D140007F47E8C4ED1C2DD7A8811E4CEA8189E3F6
:10D150001EAA81AF17F734E299BC0BE8CF8139E200
:10D16000F14F217F75445D1968FA9281EB0B7F7650
:10D170000CC3ED5A1607F02540F3D5DBECC8817FD0
:10D18000514117031C2003E7170DB0A69881A9F69B
:10D190004CF3A0F90A7F2A0C3709E0FD12FEC20207
:10D1A0009AFD1EF90B08484A2D5A7F5B797F43DAB6
:10D1B000ED05ACC6ADB7E5CBEF2349361308276ABA
:10D1C0007FC08186A3BFF2DA2B3F231EEDBEC09E37
:10D1D000E4EE6A7F5728EB7F09C6DD04DB12011DF0
:10D1E000DEBFF9F6E7E20330FFECE3B781ED0C397F
:10D1F0006B31ECC184B8367F7FFEDB1861DCF5E96A
:10D20000CE03A921058185C9535491B6AC10A2E281
:10D2100012FBFF193F31D7A28104503A2B5E40BB6D
:10D220009DD8818F8CEF45690B86811A1A3494281A
:10D23000424B3DEF0CE9447F760DAFC9DDAECAD657
:10D240003E7F2FACC20DDFCEF0F31C4F723C01814C
:10D250001A0B0204DBD3E308F5447FD7FEF411F682
:10D26000E7C9D520347F81A9CCFFA5A3EEEEDCD49D
:10D270000C1303E0E4FBF8F2FBF4177F7F4519F889
:10D28000D2A79EC1EA0E1B7F78305140D4C8CE1180
:10D29000DAE25C45D0B895EE26C681A6B6BEBB1ACA
:10D2A000D5B0CEE210E1B681E7D8071100C20E9EDC
:10D2B000818FB39AA8BACCDE4D54D990EF7F5F6AC4
:10D2C000ECCAD12F12CCC11D7FE2170B0A81819FBE
:10D2D000F85A7BEBD9B229331AA1F3021418D601FC
:10D2E0003C55FC6A55BFE70AF5E71C31DBE1FC134E
:10D2F000350A7F2E1CBB02D2BE2C3504A5B950378F
:10D3000055DE1BF219BC06D619BA0C460611D32CF1
:10D310000DCDB43DE6F514BB2E10EA01D9C76C66FD
:10D320005C68A845EA01F24C2418FE1D990C81F6B0
:10D3300014C3362218F8D23DEC0A9A0BE52BE00212
:10D34000E2400301B5CA75DBC9243225F3E549DEA5
:10D350001AD827FCE6000B01D2E43246C14462C071
:10D36000231B04150A01D526A3DC0C10CB0DF206F5
:10D370000D0CFAD12B2B40FA0FB3E57F1EF6E61FFA
:10D38000E914E2A7ABFB30F30A1EFEB9F90E131D38
:10D390001DF7FC1B654C818BBF0FE11409E3F11EE7
:10D3A000D4E3DB100ADB3257F77205160BBD44E9F4
:10D3B00089FD120386329C2621C916D8D9C331C6ED
:10D3C00008DE010BD7EDC0C7545107D5C8AFBC0567
:10D3D00034425BB7484BA9383DA4FF29F24461D7DA
:10D3E000C6E256DAD217190B818BF1D7FDC8ECA132
:10D3F000C5B7EAC6C4F2601AE2C5A66276301B3C25
:10D400001C2F06BEAD3B02BE3D22BCC8232A37F40A
:10D4100090F776B731204B26FF11F77FCD06A5F1A7
:10D42000F444D6E16624471BFCBF180EF5180FC95B
:10D430007C52F112D9164A2E3DB9199FE09D1D2A42
:10D440009A21BF31E542F3F54E4D603136484DF734
:10D450001E4EE4F2B9F9EABFCB0CEF1740F338B730
:10D46000BDCCB006F64BE78100A2F6242F184CF491
:10D47000DF13CDF9ACE2E8EA2606EB0BE539073815
:10D4800030DE19EDB455D71B16DAD4FCF813D1D021
:10D490003A03BEC07E44EF1909552202A9C6D6FD43
:10D4A000DAF4AB81E11F292B1C00F92A1B113BDEAA
:10D4B0001532F3ECE6E5FC44171AF5E995A71A09CD
:10D4C0001511E429F90701D3DC401908F9FDEC0630
:10D4D000FE37ED045A1DDFED2BB812A4D8DE1A205A
:10D4E0003DD1182039E095F9ECD7FA9D18D2FD3FCF
:10D4F0003AEA48F010DCF629DA0E24E4C91134388F
:10D500002246FB470619F1F50DF919DEE6047F61A5
:10D51000D51A1EE7C9C2D82AE41E0046DD33141707
:10D52000CE09F10045F4F8EB95FEA7E3ED12E7CA4A
:10D53000E00AFDEA0F3BB51A1C21FC3DE2E9513936
:10D54000051919B80664E13813F804D20D031BF469
:10D55000327F3106B23ADB1D5F2027008A12E8EDE8
:10D56000B27220C6C498FE55EB9BB002FD0C2E583B
:10D57000FCEBF748AA25FC1735FC14F1ACAE8EEF96
:10D5800026293B6A34F4C7B95F7ABBFF1ECC0FC1B2
:10D59000D01FE77FE5ECF25CE9C9EFEBF20D09047F
:10D5A0000F1A070CDC2515111656E1150A2F12C0AB
:10D5B00018EA9412F4024E16E6F8C2454C0D8109A1
:10D5C000BED122D5FC2BF6046D1205EB23D9FF64E6
:10D5D000EEF5400DEB5BCA061D007FC3E6D14501A9
:10D5E000CFE4EF8BCC2BFA9F3AD62896660E29090A
:10D5F000213B17AEDE3A01F222530C1635EA83F7CF
:10D60000E7C13427311FD8D71C77EB053261A9E970
:10D61000DFEEB2FC90CB2FC7E20E03F9A84A3BAC79
:10D62000B42D9E57411112FCB0031906050CAD1024
:10D630001AE45CE9E7E0060E043D003BE4111581C5
:10D6400055D412BB4D2125150BBFD0F5B604ECF314
:10D6500019BC28594813A6D5062237C5CBC468E3A0
:10D660002A3227D88148BD04E0D9FBB2C95109B696
:10D67000F7B0171D3402FCDEC7141408353C010353
:10D680001EFD5C4C18FED820132832D9280C0E251C
:10D69000F1DAF20E54DABDEE469AF0DA2822FF0AE9
:10D6A000F79928D1C6C6EF0896DA0AD2D9BA6AF431
:10D6B000FCA867C506BB6DF78A25FBE7D0FF2707E7
:10D6C0000850DF3A27D437ED93F4D420DEC5767FB7
:10D6D000D2ED2EFF212A0BF9FE0BB7315AF510328D
:10D6E000E1E2EE1AD821F2E52A2AFDF1C6EB1EFA94
:10D6F000A4C4DA08BFE820265781FBA449F0010D35
:10D70000F5EA0D2206C3FA243E29E62326C328C2E1
:10D710000F2BCEDADA4706FFDB1757D8141E31136A
:10D720003AF64E26DA0C990B48BDE596CDD62BFF7E
:10D73000EFFED0DDCE2DB22502CFF1FA7FDDEAEF8C
:10D740000616F13D420FD7D5F8379ACB3F5133EA51
:10D750009D089F0BC2E79A087F110ACCDE1CECB033
:10D760002201E80B10CAE51428FA06F6ED06FD18AA
:10D7700027F7082D01FAE01FDF260318DCE9EEBDCC
:10D7800039E24B1C37CCEBD46BE3F33CD717C20325
:10D7900006CAEE5136141FE9E60804CDD4CD30FB9D
:10D7A0005DDA050FE9BFC5E2E10FE681140BE3384E
:10D7B000F9C41703F111E7FF1F0116E10BF137DE82
:10D7C0000E40FE3D3409DD22E2E71A1F0B364823E6
:10D7D0000710120DCBD6290BAD4AED1F4B8D544EC1
:10D7E000012A933696254ACDD705EE024D4EAB2041
:10D7F000C5DBD06F3B020B561618FF009F1D1FBBE9
:10D80000751D1EF2047F2543AC12C6FB0662EE5363
:10D81000E6E5F24EFC2D231B2B0804B7CEF8E80CEE
:10D82000323010CABAF70D2814EBE31CFE20FBCDF2
:10D83000E6130CF67F0404F0CCDAE025211419304D
:10D84000DC0AF8F6D50DD714D044E4BCD6F909E5C6
:10D850000EFA06D81566EEE19D2F354E1108FB0035
:10D86000F8C24CF8C2FCD23FF9FF000EEFEC6DF6A7
:10D87000A90DD7BF82FEBD0844D1F50DE0EED8E575
:10D8800031082FEDDFD1A8E14D2C3EBAD2CBF39A6F
:10D890002C6D7F0C41A3D2003DDEDBE93220F4D7B2
:10D8A000D4B104E6DB26DFF4FD09DEE7BC094EC790
:10D8B000B4DA31095AFFE644D93E2A08A0FB000D2C
:10D8C000111C0515EEDD422E8133B421F5F3F8115C
:10D8D0001B1761F9420ED3BD021A0D48F1740E2BCD
:10D8E000ECF84BC51511DC501122FDE3D8C021F432
:10D8F000E0DFFDE3D000D9EF06B88F13E8DDFFDAF3
:10D900001A383430BDE1540671E2EEFB1405DCC177
:10D91000FC5F7FCD0C2C4E011B4808E806CCDD4394
:10D92000CEFF03C8C8DA12102EEA96004EF7F4F8BC
:10D93000CE0FA32D1CD0FB27DFF3064F58127F31EB
:10D94000CE3D6C0BCA31DD3397FA12C1DC2F4BABE5
:10D95000F53E0BB2CEFE0C0CC9C6BB1D7F50E46970
:10D960001E0C5038469CBEF73A1EF7DAB9FA3A5BFD
:10D97000FBE92965E2ADF40A6C010DF626E446FFE9
:10D98000EF502E0931DF1442C1F905E9BEF1C9BAE1
:10D99000F5B1E64181CA10085D4A0D2CD92510ACBD
:10D9A000FF50E8252FF3F418E6972917CF2926F121
:10D9B000E5DB7E16EA2BE02C03459C6F0B17FAFD86
:10D9C00049D62C031715D62A0F07ECEDAB15E52B1E
:10D9D000E7F1FA39E8EE130AB4011F093DD5110742
:10D9E000EAEC3FDDE639E482FDAF0B55730AF23411
:10D9F000D939CCA6F6125026DCB02BF1ED08E10D9A
:10DA00002BA8B4E71B7FDBE4D8BFEDF42CE79F4ADB
:10DA100024F4E20EFDF0B52D44DC7FB7C043A7002F
:10DA2000E85108D8C3232EDA28EFC807F6C8E02546
:10DA3000ED1CCC0D03D01B11D823142E37EFBFB72C
:10DA40002CD03AFD4709D34A1EE91C31AD56F90ADC
:10DA5000F103280E12F9E1F3F2DD151DF148D2FCB5
:10DA6000E9D2EEEFF6DD00270D27F8F6019039E652
:10DA7000F6091D963514E1B6A820D21BDA2A1F2814
:10DA8000F43DCA1DEA03002CA7B0373C1429352504
:10DA90007F723FE7AC04E8F434166D224713F63D7D
:10DAA0007FF2FB6DC70F96085602E425BF26D50608
:10DAB000E3A4B2E94EDB05CCF449034F5C03B9247F
:10DAC000051D3898B286B0FB13170DC2BDE91429A5
:10DAD000A8FC0804E2FD0AE30D694C72E2C225F1DC
:10DAE00054F8ECFDC2C2AAD9F2DDE59FDBFA380595
:10DAF000A98130E6D522CBD5451BC72BF0CA0FF83C
:10DB0000E8F255B537B2EFDF222619A1EC0EFC0C76
:10DB10002B0C0AF898BBD7FCE12DDFAFEBE31FAB72
:10DB2000A8F2FC0819FAAEE7F6FE9329FC39F70AC9
:10DB3000F78D092C3181D9EEECF84B1F1C1DEF1924
:10DB4000DE7A0EF718DE051B23D4451AD9CE3043F2
:10DB50000449066E330FECE206E93804A43AE8F310
:10DB600006ED2C0DC130FAF2AFFB09EEFAF92E01E9
:10DB7000C5DD64813A19F80709E80623F1434CE250
:10DB8000F4FA3639CEE52203CAEDF82635F264E917
:10DB9000226505AF20072F1DDF26980346FFD865B5
:10DBA00003D5B281F60E4005D521F964D81EDF2ACF
:10DBB00021FF0EF112DE4B11112CFCD0E6D00AF23F
:10DBC000E0E8DB16F6E0E7A4F543122D4EE723FC70
:10DBD00004FDE6CCF4077F5116179F255F1DD43A4C
:10DBE000FB390EAEF65D2EE8FBDFB409B11CE00B8D
:10DBF000F526081B2D2DF6BA1F09F86021051A0E0F
:10DC0000ED2FEAB8FED4B8DFD0F8E9EAED3715DC3D
:10DC1000DFFDE8D4E7EA2B9ABF58BF0807B3FD81C0
:10DC2000B150210CD44CCEA4DEB0F31B36F002FC74
:10DC3000CED72BD6EFB4334C4CDBD00B0A4C70282C
:10DC400011D1F00438199234B0A81EEA249FEB07D2
:10DC500041B49C39EFE3E7C343F0527FF303F0FF95
:10DC60003C200255101BC7DEE8EBE7F7C75DF4D890
:10DC700047F719F3E4CE57199131A927C2F81301D8
:10DC8000ACD6ECF2250FC91935173DD5B535FE29AF
:10DC9000E3FFFA241AF5EA0200DF0A0AE9E9210E95
:10DCA0003702FA02E2D6A8F7EEE6D3811BF1EE18AE
:10DCB000E4E8280E1523BE0128E93DECE1BC4A301A
:10DCC0001C3C421A24AF0AF7D13D05403FF9130D21
:10DCD000063916FB4BCF3ADEE917BDCCF0D13EC07A
:10DCE00079DB68DDCDCDF0FCD7D0299B3235D90E5C
:10DCF0002F814DDB11EA4FDB8F02030BD5E50A4381
:10DD0000ED9A007C1CA5A9E85ED2F70DF6DC203E5A
:10DD1000F41B3EE0FF0E2DCD5EF7F20BE11F561B0C
:10DD2000E619DBECF33AB4D7FA43A681ED1B0430D5
:10DD30000ACF1C0C0540D50DB0ECEE2A00FD39A62B
:10DD4000EA035215150AE5FFFDA7340D25505821A9
:10DD50006D17EE1A031A0108F6F60598BCEC16A02A
:10DD600017D1FBC7CC2CFACC0B44D79A1C0A6BF109
:10DD7000BE03FDDD1DE9D11CE10853140AF1CBB847
:10DD800004FF3D14071281F72CF0E5F6E53612F793
:10DD9000FC4702C636E3F4530AAEC4EE0B2FB5EFD0
:10DDA00002CE20EC6EC13140F2FB2FF534823218E6
:10DDB000CB1F32811EC73E0A0911622701F81101EB
:10DDC00006CDB003CAF2B3F78EF83C0CE63008CBB0
:10DDD0000FFC1E0E57628FF92538BC65FBF3F34923
:10DDE000BE26FDE6F6421B090827110C9E36F3EF0E
:10DDF0004DE018EFB4F3021219D7179D0EC3D58B5F
:10DE000037E2E130DCF8C9810236F6293CA59F07EC
:10DE10004C62E8BC109533EA40F82CAA2BF5092295
:10DE2000E110DE26DAE5CBCC0717BBE61C3BE2E5CA
:10DE3000259BE1D9378127F395E00AFFC4EBCAF9A6
:10DE40000AFA02E5F61417EDEB224FDBE1D6AA261B
:10DE5000D2E8CD480BF1D0E722D717E90008EBEC68
:10DE60001AE1FF61110BC3F031F102ACDED112A94E
:10DE7000F11D40DDE2A972D8E714450D151E1C7A8C
:10DE8000C60035D824F3107FDAF53614CFD6094C06
:10DE900000CB2C63EEBBF708CBDBE2F0F0FCE5D463
:10DEA000DEBFF3031BF002BABADB001106CD34F07B
:10DEB000C2FBFD81218D25F013140C2DF01A4C08A6
:10DEC00019F7F0D0F3DDE2E5BFB60A4CE412FCDF4F
:10DED0001E28191ADBEB132140B4FD6621750F09CA
:10DEE000CCDA13271006D7DD2B1EC8CBEA09EA814E
:10DEF0001314D7AECC280E090ABE891439C1040EFA
:10DF0000B018071BD7453C2426B6C6211047E9C5E3
:10DF1000B4334DFA1A4A201D0F3E0920158113E92A
:10DF2000D5F410EDC73AFCE8E0F1070FCD3054FB13
:10DF300006E925D718F208C8D4DCF309362A09DF28
:10DF4000C3CEE8282E050CEDD5CD094A0201FC31DF
:10DF50002128C2A06802C8FE0D1E1DEAEAEA3509A2
:10DF60001C07EA1CECF21F28EF061F143105E4C25F
:10DF7000EEF34B02250D1159077F4FCDA4EACBFFDD
:10DF80002E13EF29C9F121200257890C35F3E1C581
:10DF9000B9934797D4071218FEEA37DDC1CF0E12A6
:10DFA000DEF019B80BFE052C22C9BDA5EE0AF33B25
:10DFB000DD171BC5E90DF2F7FAEDFD38E549144907
:10DFC000F5205FF5C61B81B62B1E2CC8CA1047EA88
:10DFD000394840FDBFC7EE25E4EEE45116F1F6E006
:10DFE000F7F51AD61929F2C607D781D50B3BE7EF0B
:10DFF000F40BE502C519ECDC19E6D055FB5A382DB7
:10E00000EB4141C5EB0CD345F7D035EDF7FCF7FFFD
:10E01000126317C9AAD6CCE3CD136B7DEF30D1F1D3
:10E02000301A1773E406D0DCE1F7F8D581EF38BD7C
:10E03000DAEE038FC6AFE16C093B2F7F0E1820F597
:10E04000E4F632DD27B25358B10BC69EA84703C889
:10E05000A0F0F91BE7EC97D9F1147FF9D40AFF1D62
:10E06000FA0B0409FB1CF0D243DDD00CC93003C706
:10E070006E19E4D820EE1345F62EDD50F8A3C1D872
:10E08000EF2BE3010E492302DCF826D8D0F2DE178D
:10E09000EE3D1F306944C3C6EE35D51E2CB810F3D3
:10E0A00081FF38E3D7240B183A462C27C62A30F0D4
:10E0B000CFDC503BE29C27F0E1F1E6AC08D817B585
:10E0C0003D2B2300D1E4D7D02C0027F7F88DE804AE
:10E0D00051FB0109437F25210F4B1FD69298022B3C
:10E0E000DD12AAA7AFE6220BC4AB974E016BEBD6AD
:10E0F00003318E14FD933FD7E0F115AE12C8045BD7
:10E1000033680361FFFB8DDB017813F5F37E60CE8E
:10E1100023EBEBDF21D9DAA5CA5FFFACC59746D068
:10E12000B831F3EFA91B01E0DCC1E9467F4CA3F64F
:10E13000CBB3D1410010DF0715E51483D7E8D6FC37
:10E14000412ABA2CFA611B2C2CE637E546BC05E6C1
:10E15000110FCC40F7CBA6BFF0071440EC04E82029
:10E160003DE35D15DE0D07D805FF97B7BC133DFEF7
:10E17000D70581F1E45AE4E936F11D4ACD09210BB6
:10E1800002FC41C82CFBD810F42B03E1BF4B29E65D
:10E190003131FE28240EFA180AD1BBE12B010AAD59
:10E1A000FF16E9DE43F728DD01D849171BBDF8EA61
:10E1B0004A1F06EA0C0F43F4ACD559E1E8F006FD1E
:10E1C000E1F6D2350BC230D257CE2A557F26111731
:10E1D00005F748FAE85F642A322AA04EFEB50269C4
:10E1E000EEF5CEB5DCEE28CD17BDD2061350FDFFFF
:10E1F000D12B892AFE2CE6F3F00F917623342201ED
:10E20000BE057F9ACB2DCBF920CFC5AACC40FCF51B
:10E21000EB4D43A3340427420A2BB2E511D9E52183
:10E22000269D35BCE3E6371B1321090BF53245D19A
:10E2300019F7CBFD3FDB2E42F9F55ECE05E1D4E0C8
:10E24000BAC705D742C703D7FE203D4352C4E32DCA
:10E25000ED0CF2811C02EA8108282B1EB3DE46EE8B
:10E26000151A0DDCB5F9FE41022D11CE1B1DE45629
:10E27000D5EE1205093ADFF4FE101005D2CE1FCA02
:10E2800000F7264BFE03C6D4FE19DA215B02FBC55C
:10E29000404402DE3ABD3921141FF75CAEDF000FA7
:10E2A000FD42C0D2C237180E39F406B8E414ED812D
:10E2B0003527F6035B4E19EDE12B9DC3EF045006A5
:10E2C000C87308D3A0DC515DCB1524D43AE248F6DC
:10E2D000DAEF2CF90BF90FF2D2AEBA958101251FB6
:10E2E000FCF3E8C0A281E7D0BD81F62A26DBEB2E45
:10E2F000312A143414D2A481051A2A1953682B3AEE
:10E300007F233405DA0EDB8EA681819D878FA4D70B
:10E31000BADF127F332A1BF7C7948995D32D7F6309
:10E3200063436564673548566034FA81A8A481D791
:10E330000843463F2310485C4B772F487F2F221518
:10E34000DFF4041CF7FAEBD381EAF5C7DFF8BEEB84
:10E350000C7F24F7F2EC02FD19347FD009CED9B03E
:10E36000929D86811A0A1D10023740547F3F5B66DA
:10E370007E4218E1A081A7D9AF81A41DF0F27949AE
:10E380002D0DCABA968CA381AF81CACAEFFB1515B1
:10E39000F50308CE1C0A5E3AE781B7F30F392D2644
:10E3A000CBB981C3B1DE88B281A7C5EA0F3BDCAA35
:10E3B000D2DD95818FE0B4C2B281C7DC216AFBF85F
:10E3C00013FB22FF0D367FA281B31826EBE5F5166D
:10E3D000303B4BECCAB19381B9C7ECB5BEBAD2F8A9
:10E3E000347F1640FDEE37E00F81A781ACD199F262
:10E3F000BCC3D1E87F4C524726DCE8E9DBE01601DC
:10E40000FEF2057F584A2106061A01EFCEF4FF00FE
:10E41000233C6F643BAAB981A1DF4363621EFCD534
:10E42000D281AA8AB2ABB7CBEDDACAE207F7CDA99F
:10E430003C3B16102D101B07033A08F7291E7F7F5F
:10E44000612D4D4031392FE7CD9EADAAE2D9D926B5
:10E450002C52466A4227F5ACD8B02A697F15A89D90
:10E4600081D908342A1A09E50B3775655B7F540F8B
:10E47000E30520FCC6F0FCF7D3B6CF7F70614E4CAD
:10E4800042242B401846062C4878FDF0F9D0C8CD20
:10E49000EAE2CBCCDAE6CBAE812A05EE04F51C0F1E
:10E4A00007EEDEFEE1B59C8182819DDADD36355FC7
:10E4B0006469250DDCDB13B08D81A4B8BCD91311C0
:10E4C0002E032005ECC5070D05F7FEE81B192D509E
:10E4D0007F571911F7F5DC110B2CFEDEDACCD4DAFC
:10E4E000BB8194B198CDCEC8CBD7F509FE06D9A291
:10E4F00081B89C7F6F701BDCD5D7C1BA0005FFF8CF
:10E50000DD0B8198AFDFCEEBEB000207F4EEFC05EC
:10E510001201B38DCF3E7F2DA8A8BAD814ED2030BC
:10E52000C3D7BFA7C084ACAC8191B54E7F441F62F6
:10E530006635331C021413EFD79481A2ED1CF9E960
:10E54000FADAEF2241FFFA56FFC8F67D7F989898D5
:10E55000C30F0E062B677F3718210C2B0102DDCB72
:10E56000D91E6C7753415BEC8189A5F2D6EBF0F4B0
:10E57000ECEDE7D9D3E4E4DF91817F4439190BF363
:10E58000E8FE02E1F4CCEE0B31521136100FCFED64
:10E59000E5D2C9A4D5BFB081241C2BDF2C3A17AD1E
:10E5A0009BEE757F4E0BE2DAE4FBE5B6A69881C2DE
:10E5B000DCFDD0F545157F6F69574D1CE6D5080F7A
:10E5C000F82A06F4EB94C811F3ECB6DC131806181D
:10E5D0003ED1818EC03BF9C22D611ED0047FB03385
:10E5E00024450794D261696D0070B882FAD8B737B4
:10E5F000FC16C4FEE2F91EC1C3D9EECFD7F8002D38
:10E6000048292E0526CDA01BD2183F7A2765E91F81
:10E610002612BAEDEBBC090AD515D235DE3CB8D0CE
:10E62000CBCB4E22C1D731ACCC1D043D7FE8D249C3
:10E630004C7E37441700CAEBBEE8D826DA1AEB1234
:10E64000B83B9719243C07BBBE37C7BC100FF63F39
:10E65000DC2028CC1C125A102B026E20E0F510375B
:10E66000EF4238E0CC81E941EAF713D352FEAF1B09
:10E67000D41B189B34095E6519181DD9256E3B3AC9
:10E68000E9E9F929B5DD016566D6FEDB0D75452B97
:10E690005655302F03EFFB810CE3CFA096EF68D9DE
:10E6A000180601FD4200BF67D5C89D12EFDB20258B
:10E6B00004023ECBB70EF1DBF3131DFCDD5726132E
:10E6C000E6E3F1F5F0001B29DA0247CFB62928FC72
:10E6D00003043711534C2DFD44DF3DF759B2E138A7
:10E6E000CD3B25A9CE08C3C70B1758BD1834E6E0AB
:10E6F00044D40DBAD69418F70D4FF43AF5EDD82E50
:10E70000F5071823B40893AA0F3407FC30F300E38D
:10E7100014F7C781DFD3B214F305422FEE46EE079C
:10E7200031F71781D861EAD3F8FFDAC8CF080D2A8C
:10E73000511DC82BBA8DE846F2035013BB00523B63
:10E74000391C1931BFF1DE2A1CD41934F84AED35D1
:10E75000AD29E8E12C23D9F8132A0EFE280524FA66
:10E76000C70740C5D03234CEF922EB073000D408B9
:10E770003AF42CFEEAE4DCEF3350CE1BF0F88131A2
:10E78000F802F628FD1FBADF001D061622D44CFA47
:10E790003C060AD6E04AB731DC35AB6C25123D0F9A
:10E7A000D67F00D66838DD961E441B080BBA21E6DA
:10E7B0003329101F0EE83FE3BD1C2E1429EC99FAF3
:10E7C00041B6AAE6FAB1D63241F8D5FA4FC02711C0
:10E7D0005BEB013F16FFE982B51CD012D9ECA6D243
:10E7E0000FA6F5281933B6F0CEBEBB3DAD12E44BF3
:10E7F0007FFDC603CFF8D604C733C24C2F4BDDD7FD
:10E80000CE363C2A3659E633C2CA2FBFD330F9611F
:10E81000A7FA2261450700ED24F52BBF5601E01B46
:10E82000D837768E8A7F10B743F53ED12B44AEBDE4
:10E83000F1E812D9D5E63F342AE8FEE4B6AAF0EFB3
:10E840003DE20B38DC323B021218FC0BD203FC0811
:10E8500010E9BCDECE54C302FC901390F0CB240927
:10E86000F119EB051FC24AEF0911EA04186D2306DE
:10E870000B24BDCFF30CFCC745DE50FA19E91BD4BD
:10E88000E9E4D82511FCDD0218514D2A81390CE448
:10E8900021F6F3CB10E1ED04EE1DECED2E1EDA02B5
:10E8A0000606FDF12AE5E009DA13EAD7DCED1A13D2
:10E8B0003809F414BDF5F2F2EF0604161DF5F4283C
:10E8C000C3043607060B9CFC0A1727E613FBEB7FF5
:10E8D000D1281BFB2AE1E0C7E910052CCA044BA292
:10E8E0001DC6B5327F37C02A3EEDF6FED0BE039777
:10E8F000FED4F3FFDCCE04CD1A000EB8EF25144E83
:10E9000070070F17FBB8F5E81DF0D65545C0FE019E
:10E9100051F3FFFE43CCCB1BF52EE015F22609E7A1
:10E92000810B70D4E5E21325CBC8120F0E04B9C6D3
:10E93000BB4E13EC3AEAB8E511F8F2E2A812D12680
:10E94000F61B070C29C8B3F4C945FD1228912E28DF
:10E95000130131B802A82DDEFD1218DEB75AA0DF70
:10E9600081ECD55141FAD62409EA047BCA1EDAA506
:10E97000CAB920FC3FE634DA31B2E1A15B5BEE05B7
:10E98000041631C7F301F83B83EF233CF4CBDE14CC
:10E99000D6EF16F724292E244B473221D46D6B6312
:10E9A000A5F8542918A1B634E5B82338D525063B77
:10E9B000D2C51EB97F21133F10F286892ED3C343DF
:10E9C000181DAF42BE3FDFA7CECB8BE3C746C2E4E4
:10E9D000380F554AE3070481D9F161DB4707F6EFA9
:10E9E0003B05ABF2110C0E021C02CA37F8CF3720E0
:10E9F00040D711E1D91CEE1332E929271D0A11EA8B
:10EA0000EAD742FD345D490E1AC60AFFEC05C9D1AA
:10EA1000F716E2450FA8DD2D39EDE43D0B46ED0D6F
:10EA200003E7F9DB407FD5E40800010617D55EFE59
:10EA3000D409EA1DDAC8DA1BE216F1D0540413D562
:10EA40009D3FD2E6F1F0DCFBFED8D6D3F64E082689
:10EA5000210E1AF267182F4A47171703AD2476368E
:10EA6000B12133DE380A02FBC1FA75F6ED38170F13
:10EA70002C31F315E301FDE804D9C7F77F42E836EE
:10EA800006C54005DD27990645D238E612DED0409E
:10EA90001D0C3AE32303C3F7F02A4A57C01ECBC22A
:10EAA00033FB12B987EE0A1A2D332927201581BFAF
:10EAB00052495F1D61D845EA934B2DD2F2E27F7A2D
:10EAC00034FED60508AE291ADF3F561DEE61D93B4C
:10EAD000F619BF2F7536DA8B9CFF3B2829FE1DE8FF
:10EAE000AD2A4B66FBC464C4F953B2E6F21605D0F6
:10EAF00075493710DE2B8C1ADB0D24D9EFC5D80DE4
:10EB0000FBC7E87F2600CD5D4DFA0207DA0419DC69
:10EB10002DA60020A20227FDE7F4D8B523E0C80205
:10EB200069018DFB13E1FA01084DC2321F007FB469
:10EB30003505F6EBFEF7DCE51F0C0E3114FF52CB6A
:10EB4000040EE7C5F0D1FE21E5F6DAF9E910B5BF0C
:10EB500044FEFF0F1CB81AB6EE19051CF8DDB2BE54
:10EB6000F4F407EB34465BBC2F3802D70AF9E9FB13
:10EB70003124EE7FF8DC5D52CBC9637F5B0BDC1583
:10EB80001AE5CB21DF0C4A26110FD08A13726C16BE
:10EB90003A43F5D651DDDF53CE26C8361115BACD2E
:10EBA000D7155B09E9CA23EDF9B643401C3F83F54D
:10EBB000B2391B43085501E0F825E9FC1D32A635A2
:10EBC00004E6F80444CAE62106230BFBDE81F95E65
:10EBD00020AEE3F6EECC14233A2F785108D403414B
:10EBE00023FC53811FAFD2213CD425A70C0FD0F9B1
:10EBF0001C0D43DF26EBA929B71C0A0DFAD37617A3
:10EC0000C6402814C1E7E426331722E5E8E9260BBD
:10EC1000D5F1A5D9677F15F931E12128F20010CF90
:10EC2000C908E5E4DAFBE3A89F59FC3926C4CF7F85
:10EC300015D6573DA9BDF1E4B374CC3112F1E046CD
:10EC4000A6BAD60ACEDF8EF93906379947C9290CFC
:10EC50006503091E047DE009F4C433E756D01602AB
:10EC60002636A3E830CCDCF3F2EED4E5F2463BC620
:10EC7000173014E5DE1E31262D7FF0C227B3F7BC16
:10EC8000FAB7F6010EEC0C16215FFFFCC32826E54F
:10EC9000E70BF1EAF83921A1C0D055F508F511ECE0
:10ECA00044320CF04ADD323E2E1CF823DBEFF750E5
:10ECB0003B66EC1C05D91F2723D1F7E640FB2BF45C
:10ECC000B60319673ED5811314212CEF3529B908F5
:10ECD000131A51FCF6AAFA54325B8139B52AAFD027
:10ECE000C79DE9433DEDCA6DCBEDDE09E5CFFCB331
:10ECF000DD062E345226DCCE3C9E15F9E5CAFF0512
:10ED0000134B2B9F05DDF509AADFE01328E10D5B0E
:10ED1000060A120FE4FE1AEDCF0C40E7E0C3DED284
:10ED20000F4C022DDBF6F70C242BF3F804F1EF0760
:10ED30000673FD0E18FF214E08B0E4A2046834EFFC
:10ED4000DF6C941CD50E131BDF183ADE0A4653E81D
:10ED5000E44C7F111313D00B5C4EC508D73E60ED19
:10ED6000AB1108FAEF371B62B2BC26CA2D13DFF0D5
:10ED7000253B192D0FE0811F2AF0E229BDF2B800D2
:10ED80002137D03EB103273DCA29E60012320D4F8C
:10ED9000046D0F1513351515E12C51F52318D00A04
:10EDA0001910F3F0D61007960D181C2950E41631EF
:10EDB0001001F6FD06432D150718E71A27DEF8E4C3
:10EDC00022D014D94D2659040BCA40CD3323DECBB3
:10EDD000DFE1057FD207FB352E28CA4EF6358CFFC2
:10EDE00024DFC1D2030902CEF40AFDAE40D30407EA
:10EDF000EAF3E31EBF8126F7E816F514F1D270FAA4
:10EE0000E52A21F8CCCAFB2CB329C7041F37340AE2
:10EE1000EF2DFE16F81CB6C3F81CFCD3DF321332FC
:10EE2000E6EA3EE20EEB2F02FE16FD162219F7DE91
:10EE30000609F6BD37D30AD81ACAF304CC48F5F14F
:10EE4000E444F0F7074C6EEF81051CE5902616258B
:10EE5000FAFC0C0BC7DCF6D72E11D6E2F00DDA0F58
:10EE60001EBF20BE0A06E60A20FFF2061299E21231
:10EE7000F318E18101FED1902A18A801CF1FC30A1F
:10EE8000C25D30C30AF8E8D7C60FDC23BFE61D0514
:10EE9000F600F2D1264AD23F3AED0520201D39175F
:10EEA00044DCE317251819C116D61F0BFB4214E8E2
:10EEB000F3F4D2F9A8ED1C33CFCA227FE63DA65960
:10EEC000B511D5FFDE2B0C412499C8C31BE5C03F0B
:10EED000CB4A29B1C748D42BFF3FDAF90858812320
:10EEE0002E3BF9C3AD6CDFC3F9320AC234C90DF150
:10EEF0001F05E5DBFFEC3D1BF51517F3DF00FEDE1C
:10EF0000DD0F05C215AB341BD1D413F203460BFB46
:10EF10003835EA151BF210DF64EB4F3BD6B8F938F1
:10EF20000A1854BA20A9DEED2525CF81ECD3EC0DCB
:10EF3000EB1646CF103BC00BD909D529F3CF4611AC
:10EF4000D2330E25A3F6DEFAFD10FDE8EE0726D437
:10EF500030269EDCBB2F28F5FE0FB20411EC219B5E
:10EF600002BB23434D09AE1F21E081FFAFB755C758
:10EF7000D1F60516E6E43ED1C9AE1809F5BFF3ECAB
:10EF80003DE83FA5CDF8A0074890F74AF813B5161D
:10EF900051E8DE30FE6AE1041046C9103FDACCF2D7
:10EFA000602547E4960A0E81D1EA12346511AA550C
:10EFB0006340004E002FEE44CA5F8B1B9D57B04745
:10EFC000B510D14D0C35EB21FC20BEBC060EF41D56
:10EFD0002C354938C3D00EC5F8DCD8BFDD33BE00B0
:10EFE0001CD6E10C04E1DD47EA97F322E4FEDA11D6
:10EFF000FB0AE3F30AC006C322D0B3EC032209EBF9
:10F00000B54605D8121DF1E2B4EC3EDDE3D9FA0EA7
:10F01000810F1E0BBEF8F9F4D4F1F3EAE1DC19021A
:10F020007FE8A1F510090F0722EF07243E0B2A35D0
:10F03000F33FDBE03302F2C534EF130701DC10B01D
:10F0400006151CB6F0E1F5EC2BF4E9100C211CA917
:10F0500002D7B408DE2EEB033520C314D30BE960CE
:10F06000B91A04FAD61C2623DC27F0E947E7F7DBB8
:10F0700009196621F6E9FACD45DAEBE044EBCA332B
:10F08000193ADDF69EEA461E9FF0CA3809572264F7
:10F090007F241BFB28FA1701E6FF2E32042D13C62E
:10F0A000FFF2C747E61EF4F3FC292D30F8CD0C1E05
:10F0B000F7EB0FF425BA341EFBDC09B05A55E928EA
:10F0C0000658C45B01DFA2A0E6EA2AF6282D1CFA46
:10F0D00001257FC039BEE736B4CB1BBED4204FEB31
:10F0E000041C49E61AC8FB3D141AEE1F262A10CB51
:10F0F000AF4121CA17BB0DC31CD46D080A0B4622B1
:10F100000AC40D2311EE3FE51A7F1C4589CB51053A
:10F1100030A7FDAF307ED0BAC7D05C893D4A483BAE
:10F12000D2F438D0D8C51A0EF315E2AB1F79F7F137
:10F13000ECE132915081F7E738E10BFCB74DF6472F
:10F14000FB7216524FC0221CBF37281A9DF3472C62
:10F15000EA0E41A02EE13BF12E01311A5D41EDA5F1
:10F160004B1209AF2E1C13C7BB0E1CBBFFE9F713D4
:10F1700067D28102309CF4FBEB3C8428EBEBD8187F
:10F18000A4B7EE630667AE1116E601DDECDBEC1307
:10F19000DAEA27F24325DA05103D7F1A19020D2D10
:10F1A000D91449ECFDFBFBF522EA22F21827EBF516
:10F1B00049C613E50CE10A0107ECFE0523F6F41934
:10F1C0000C29213E2622EFD526E23AF506E1EB1185
:10F1D00004D4DDC60B7FDF26EB20DAE00FD9FAD1AD
:10F1E000E10AEAF0154D05E7E1DEDCB93AF101EBA1
:10F1F000290A04F79EEF2FFC2C23E51101E5C10538
:10F20000FBFEF619D4EF96DF1604C50B0CE2B851DD
:10F21000200007D8EB0CD8D7FC4A48264D20C0E088
:10F220007E16F4A7667FF3C9E5B50BD214E0FF178D
:10F23000541A06CFAC31F5FCF609CB06F40C04E801
:10F2400016BE38D632ECECDD4FF3D43C50E6F9E78D
:10F2500012FDD06A50094C3646F8DC2C0BDE2056E5
:10F260000C240281BC950C4FC43233C1BCFFFCDFBF
:10F2700057441D42F4DAEA07EE48CACCE7AF62030E
:10F28000B8FDEBE082EDF4E70BDC56CFF574D62C3D
:10F290002646B6F205B6ED302D43F70DBB06F2203B
:10F2A000E5E50010FDF70A2C3D111652AD1031F8BE
:10F2B00081E5172344071EE70E84F7C5265E1EEE80
:10F2C00056001F0514E12AC8F0061C4B38E81C291B
:10F2D000FBDE35DFF24AD6B34DDD1CEF3EED044DCB
:10F2E0005052AB85CC09E8BF1E71204E1889F33C03
:10F2F0007BF002192139777FF14EFF23FBC020B24A
:10F300002A81F468FCEE19945D17F9ABE44120CE34
:10F310006321F4540C172381310B1DE404151ADD0D
:10F32000F8F2D3F43F09E118E1038BE1ADE61114E3
:10F3300019101F010E12D601E80FDBFAF021FFFCB5
:10F34000FCFC001DD12706E90EEEE112F91A060AAF
:10F3500009FB161B26DB141507153A3EF80FD4F1EE
:10F36000EC1F1C1307DCE5C43EF7E57FD52D08280C
:10F3700013F214281FDE0636CBE2E816220F4617DA
:10F38000D9DFFE4EF52B0310260C12012535154B47
:10F39000FC5B0AE80F54CBE400646442FE34AA0824
:10F3A0001B7F24E7AF111D423537EABF59EE3BE71B
:10F3B000553312C6A85EBA4BED052AB9200B20A919
:10F3C000280A2EC7E9B300D02FF912A1FF659109D1
:10F3D000D507004C4E3D0E3095F523E9EFD339C5E6
:10F3E0000068F66910DA19E23717ED0CF95F37D6C5
:10F3F0000E7FF946111B050DD8C91E183E71101B52
:10F4000046D2CA0120F3F604633A2D40D2001F0809
:10F410000BF64DE1DC1DF50029F9C9FAF2EFCCFD40
:10F42000301498D6C813E06F0860ABBAC7D3C211C6
:10F43000334AF4F0172A6115F4EB13F2D3217F0B52
:10F44000CF4CC9EFD0C9E746FE43F542E54AC7E0D5
:10F450000D60CD0D1709D71319F540F715F00318F6
:10F46000E51EF2D52A2BE7813A450AEAE82404D6BC
:10F4700041D701C1D0CBAF1B14CE4E3ED430DA2DD4
:10F48000F628C450BABFE40123CFF7E50CE7D61441
:10F49000E71816A46005E5DDEDFE7F4EDFFBDED448
:10F4A00006FC2747E1F42EF12CE00F1E33E0F8F2C2
:10F4B00078E0D2CCCCB91305710E184A2E1AC223AB
:10F4C000B5DC0B7012FDE40B68B022D366B7EFF326
:10F4D000FCE2F9E5B02662EE62F4F622E7BBDD124B
:10F4E000FFEF34F5D3810F54F945BBCC0A06EA2B64
:10F4F00021E8324A4AED4149DDF909C4DE19C0E488
:10F50000F452E919E136D14A0052DEDED4233DDF60
:10F51000283136661AC90F29E6541A4AD10AD1F1A0
:10F520000B421318F0032444560809055BDFE4215D
:10F530000CDD41BD9F42DEE4F22BE0DBFDECDD3271
:10F54000C6F625FB4BD14CFE22991AA54EFB81FD38
:10F55000EA0DED29252FE761322FCE40074263FFE8
:10F5600041D6D5E219DC1211BAA344E6D22A0F2003
:10F570001111D230EDDE91690B3ACAF905C028E1CC
:10F580000514A51DCAE51C9C07B701C6EC3FD006B3
:10F59000147F1DE6E7FDBE18502618F6F1F3C35E92
:10F5A0000524F48BE17FECE7242E5FFE14070AE5C7
:10F5B000FED4CCD3EBED321C14E6E21CC923DDE310
:10F5C000151B40DDD511DCB6EDE60DF418DFF9DDD5
:10F5D000BC1CD706F319F1F7DAE415FCEEF7F3E2F9
:10F5E000AA818AA4888799BDE8091308FEF9F0EF7B
:10F5F000DDDCCEC5BEBFAFB8CCCFD4DEEAEBE7D101
:10F60000B181A78BD4F8497F5B2D05C3BDC9080123
:10F61000F8163210E6FA0105E44244475046293E06
:10F620002C2C2D401F1705EE02F81A35366C7F651D
:10F6300081A5B2C7DDE3FDFAD8C9B6BED8D3E4F0E0
:10F64000DECBD1E0F0DCD0818BABC2D8ADA2D60B43
:10F6500013250C1D13F9EAD8D0CABDA8CACD81B9AB
:10F66000CEE7D7D9DEFAF70D0200FAE4E3E3D7E3F9
:10F67000ECEDF0C59B31404338516C747F48151058
:10F6800016FD030307FDFCDA0A3226400616FEE5E6
:10F69000F7081E3D6A7F5C777361452D3A554547F3
:10F6A0004A0DF8E7E723313F223126403614FCC9E2
:10F6B000BAEBEAF1D6DCC1A58193EBF1E2D8E4E93B
:10F6C00006FE04FE10111E14191308EAB6BCB3ACF2
:10F6D000817F6C5B281C0B00F5DBC3C2CEE4EAF92A
:10F6E0000D04FB02FBF9F712B5BAB6CCCDD1D4C6E6
:10F6F000D2D5D2C2CAD7EED8D4D8D3DFC7B081B85A
:10F70000C2E2F9EFD3E6F5F0EEF3EDEDE9F4F00146
:10F710000E04FBEDC881D3D9F5181BFDFAE7FD09EE
:10F720001A00E8E4070C0B1E2F3E65677F819EC51B
:10F73000EA0221230ED2C2C0DBEAE3DBE5041C1996
:10F74000FE03EDFD432A2B1C0A0E03F400EAFCF82D
:10F75000FC000B0E223B3B5460757F79704303F72E
:10F76000FD2D5A5C65440AFDCDA08199EC3C4337E0
:10F7700034DCB18196B1EF03140725372604DDCCC4
:10F78000D6E7E8E7F708032D5581A4A28FC5F0F668
:10F790000301EFECFF1A0D12E6CCCABCBDCDBA8F47
:10F7A00081BEBEC2DCE43D4658683A3C1B0F43496B
:10F7B000392D12060926461505FCFA000F181510FA
:10F7C00005080B0A0806FFF5F0FC0F2E4F7FF91411
:10F7D0002B1F09FAD08293A6C6CFEAF207407468BD
:10F7E0004CFBB181BA0109FEF60A1B2B2123230B26
:10F7F000FAF5F6FA161B101D24304C7F3DF1C9BDF9
:10F80000D7DEC6B9B5C5CCCEEFFF1D2BFDD8C1BB29
:10F810009E848181A5C7E2F1E9DEF6F2F9FFFC0DD5
:10F82000F1F5071D06E5D4DFE4D8BBB5DEF40CF432
:10F83000C9BCE300220B01FECDE4E3F4CEAC81872A
:10F8400081BEC0C4C3AF9D9496B0DE0D607F697465
:10F8500070552111131024132F584A583416F7E30A
:10F86000E7E6DABCAABAE1EAD6CCCCBDC6B581815E
:10F87000A4C5CDEDEFFAF3F0E8FC06051623232628
:10F8800036311A080DFF7F593533476035EAA586B2
:10F890008DF1162E150CF70CFA1A43786B79737FDD
:10F8A0004B3C421CFFF2E6D5050F2B3A56376263FC
:10F8B000384E2E141454547E68401BF806E6F3EDBF
:10F8C00005150D0CDADBE7EED6B081A5AFC0D4C4C8
:10F8D000E30C120807EC032B767F6D402C153937AB
:10F8E000403BF8DC81879095ADCFB4A598C9A69F21
:10F8F000A8CAD5CBE7D3D9DBDA2F727F7121060BEB
:10F9000013EEF201F6C8AC9EC8F802EEFBFD374DCF
:10F91000090DDEC9D6F2E90D0F1F24F8DF998AAD73
:10F92000F830545B48757FC9EB15FBEB0230334868
:10F930002002161D19E8D9E1082E516F7F46A4B4A4
:10F94000E409363F2A435C6E6F7F705C500BF6F320
:10F95000273A687A4BC7C9A9A6BBB8CCE6D9EEE46A
:10F96000F8F3F0DFC7C7C3C9B9BAA5817F4D10F757
:10F97000FAFDFFE4EDE3F8FC09EADEC2B7C5C6C94B
:10F98000C39585E1EDEBE4E6E7F1E5EDF3F5F8F499
:10F99000F3F2EDEBE9EEDED7B28181A7BED3D5D885
:10F9A000DCDBD3D5DCEF0101F4F5F2ED00FE041A47
:10F9B0000481AFCDE8EFE8F6FCF602F7000713117B
:10F9C0000809F8E7D5DAD8E01F201E1B1E1B120D10
:10F9D0001B140B070C1422211A201B2335597F7F7F
:10F9E0005C1717292B233531221FFDFFDADAB5B654
:10F9F0009A9FA1A1ACB4919981909395BEC4DE0465
:10FA0000182D3D340C121707ECF1E5C1D00E21FA88
:10FA1000ECE5CCDEEBD0D00AF8E1EBEED5ADB1BC35
:10FA20009786818D85818C98ACA9DAEEFD0EF6F66D
:10FA3000F1E8DACEE2DED1F6E0E0C7C7D3CCC0CD44
:10FA4000F70112FC2A2C08F9C0999881AFC2BDC9F0
:10FA5000DEC4A84245377F5BFBDCBAFEA7CEB727E2
:10FA6000FBCFE3000446F31E36281505F7F3FAF73B
:10FA7000020D0DF8F4F4EE04FE09F0EED6BFAB81F2
:10FA80001A3D5D757F7470762BD6AFAECC072622FB
:10FA900039503F593508023F2E412536352232264E
:10FAA00039745D5E46391C1B06050D4A7B7F12CA00
:10FAB000BCE50D291718EF1E08CAF4E9F9E0FA0AA7
:10FAC0001028DF067F03D2B9E5205E4C190D01E74F
:10FAD000BDBDA38681A2C9B6AC95D81781A2C7D6F1
:10FAE000DBE8EDEFFD020407010F0D18332A232098
:10FAF000212F2AC9B7D0DED6063E3AFECEE2D5E89F
:10FB0000FE2F400CF8F5DBDBC481EFD4C89CA68542
:10FB100081A2DE2F546B64602D0FF8DECCC1C4D6F9
:10FB20000F2020161D303D4B28ECC2A4CEB6888194
:10FB3000C1CDC3BECEB4A8A6EDE2F81F4F7F441BD3
:10FB4000FCF206EAD0D20302E4DF012843190A7F5F
:10FB50007A5D5A656C656D6A5B3E22182C2F180918
:10FB6000FEE1CFC0C3B7EAFE0913F1E2D7D8E61A27
:10FB700034242518251E374E76706B5F7F2039564A
:10FB8000273E4C587F621C102615141019191C377B
:10FB90006D523E32A60248BBBCB1F9CECCE6405411
:10FBA00058EBCD16EB1A9ED921FB01E8AE292B515B
:10FBB00064D504B37F05BEEFE56ECA3D1BE20DE5DB
:10FBC000E312C2E93AD70B4AB0A4CAC8FBF319F54D
:10FBD00041C82227D439DEDFE2D47F0AF03609ECAF
:10FBE000F430EEF0DBE2E9F7E3451EC5C4FBED4E71
:10FBF000E71ED4DDD6BA22FF293C056502EDEB2BCA
:10FC0000C004321109F9F00106131BD500DC0413FE
:10FC100000FE2F33EE2FDC1F1012EEFFD5E31B0783
:10FC20002205E5FF81FAE10CD410100506FD16E36C
:10FC3000E5EA0B08E5FBE9D5570F17F31815F90AA4
:10FC4000CB1BFC0C0E2819FB24160D24D4D3CC435B
:10FC50000593241516E0C51746F9459CF83564450B
:10FC6000385104C8B4221DD4FE22C1A9443224B99B
:10FC7000DFE63DEA922957064E910CA1E9FFEBC25F
:10FC8000B4FE221F1F5808C22FE9C951E4120742CF
:10FC9000D7C27FD706FBF312ACA4AD32511837FFA1
:10FCA000EE8128DC0AF8BDE42B07034C1EB2E7E323
:10FCB000E9F2F91C0BF0FEF3F7CEE996FF3E109F38
:10FCC0005839B2E69E3300BFE2F7E6F4E5D2C0EC65
:10FCD00003D74837131812A7DFE9BDCBD5BA2231B5
:10FCE0000F3CFC17F3FAC190C81BCB02C40E47C3EC
:10FCF0007FFC0BEDD143F816FCEBBAF92515ED901E
:10FD0000CFC70CD70CEA12D908ECF9E8D8C024ED1B
:10FD100009FC1425E9D3D900E3D121B4ED056D5DCB
:10FD2000DCBF7F1150F496CEFAD9FE52F2F129BF12
:10FD3000010A35270E3339D6E50DDBE8B4F91DD6B7
:10FD40004902FB180EC31D91DF27F6DA60FA102373
:10FD5000282D0FE81642C4092BDB50C13C3B2AF882
:10FD60000A74C7BBE825EED020EAF78CC13D011725
:10FD70002C81440FEEA0DD07AE38D44508DFA392F6
:10FD8000F3672512030D1D52E221333FB0A9EF3C6A
:10FD9000B9D60824CC06EFF5EFD6E11CFBE6CECEB3
:10FDA000F153EBD2F00C54EC34D9E6C900FDB8D3D2
:10FDB000052424380C105ADCD832F4484A1F260E89
:10FDC000DE0FCA2E3BB9111C04351B1EF564C80991
:10FDD0002AC47FEA11CF1C9F12A3D805EFB63408BE
:10FDE00046C4C559CE4EDED5DD9D1E3CFBF9100143
:10FDF0003EFB4B207F1A02FFF3CFC3FA1459C8040D
:10FE0000E19FD6AFF8FAFA5719E9DBEC131CE0DFF3
:10FE10000DD1C913DBEE08D5E0EE0BB20A212FBEDF
:10FE20004C25F8B693E1EBD5FFB4E60D19E412FFCB
:10FE3000EBF0F4950EF00FCDF403D4BF2D7FCAFC88
:10FE4000B2C8CFEA5F1CF8F2D306F9234B1E1D019E
:10FE5000F3AE4BD3E77500CEE3D918E9919949FC8D
:10FE60001C1AF403DC58ABA9E8572BAABA5D4B095E
:10FE7000333DEF15FD41E161281EE07FE1E8061901
:10FE800007BB11C2C3301E25F7EDE8C9DF01DF0C47
:10FE9000EA211C2FD2BA81170CDCCD0C56FDE33BB6
:10FEA000F4F8F2DD3BE9D4C8DEC123561ED728059D
:10FEB000E6DAFE32331DF4FEEEC312E3E4CF0CA704
:10FEC0007B07F5EFAF0508982EE3D411FB58BBE98B
:10FED0000B49E4E5FF0115D00003FFE9DC3223FC08
:10FEE0003214DC1011EF17C13BC824F7E2D602022E
:10FEF0003D10DF1D07EE23C4CE1EC8EE7F18E4FCC4
:10FF000003C8D6DB20160C4030BCE6F506130D0600
:10FF10000D2FF4C6FA3CF7DED3234D262B3FECC160
:10FF2000767FCE1C0E99FDDB1BC24EE3E004F21976
:10FF30004CEB093CFFB020D9DD28C05B7740254A57
:10FF4000E1EE5F56E2D6D1382BCCE7F3E01F59E45F
:10FF5000CF2A48F81B1702BA8A18820AB5D1FC7F4B
:10FF60003CB9FC06A505F31D17ABC40EF79EF6B110
:10FF70005A70C0D0F137ED3C0FCCD13FF8194DDEAF
:10FF8000DFAFB0C8A3F8132CD9EFE5EA1B6333BA8F
:10FF900026B72EF10012F813361A7600EF2BD8038D
:10FFA000F7621F07FE02D704EE60F88EEB32D71B14
:10FFB000FB208108CAF50302EF05E930E2B5094EDE
:10FFC00001F50FFA1EE3ED42DAE6090419F705F927
:10FFD000E7321719C60981B6B7B9D7D8E4DC037A76
:10FFE00034E1C96CE813D5262ED32F26C18D02F437
:10FFF000FD0915B51F020A0F3D1FCD243E101898AC
:020000022000DC
:10000000C4D5CA8BBB38261745CBD440170D48A59D
:100010000755C51424DEFABA1EE3E5D4B3062A5FF9
:1000200008130CFEEBF66FC6FDFC2BD516E2EAA317
:10003000F4312000D4177F0560D4DBB7DA5E43BF0C
:10004000BEDDAAE4145CDCBB41B31642212CF40CE7
:10005000DF225624AD57DAB4F1C817D7DF102400D9
:100060002D05CAD9EE4329EA2DBD9A058C1B2D5AC0
:100070007FF50CA3619C017487FFA1512302A0CEE0
:100080000BD8E6C90400EC199BED1C1D5C17E7209A
:100090004B30DD18B9F605EE17C52ED9EEA7293578
:1000A00074EF0FF7A691C0E3BFCDB6281CF21ABAC1
:1000B00010EEDBEF5AB26F3A7008B93105583A3793
:1000C000FC21CF37FF200035458110E3D950D14BBB
:1000D00042E318D4D840EFEFEC017F02184BF5FC57
:1000E0000B4FDA0ACBE30AE0BB3540AEDDEC05EDA1
:1000F000E1EC0AC5B5E513073D02FC24EEEAF11474
:10010000D2321A4AE0013223ED20FEE0B38F1B22E7
:1001100031A94F11F60B24F608DA25AC34321EEE65
:100120001745FF2086FE96B2DB0841B21152FDE86A
:10013000E2C046F1AF4304AE612A0EF80E332BE065
:10014000A1035C11143D06D50809F121ACC8393E64
:10015000F481381AF6AA0D1DB7D2E1672C04E3CE5C
:10016000D2EA010AC000CE42DFDF073504D22413F1
:10017000EB02202706F0CB0418ECF281162AD3EE0E
:100180002204E70CBE340B0BEE0FEEEEE709F3EAA8
:10019000E93BDC35E812E8F6B3C2F7A5D6A80ED3E2
:1001A00053BDDE16EB060CB24AF9084313F9230BD4
:1001B0007FC1E3CF61FCDAF5FBEEB9F5714402CE05
:1001C000E5E40CC509F3C23E19C7F1EBFB2EE2B61C
:1001D000FAFAC017D27F09D6A9E5E022B3F33510A9
:1001E0003F02CE9FD71202FAD6CCE4FED1EF11E93E
:1001F0005710FC124325BB14192BE262221CDDC9E7
:100200001E1CE2BFB6E6062EAFD3F10AF521BEC32F
:100210000708EB7116FDEEC23CE904C50FEBE109DE
:100220002A25F64B810CF9AB08ECEFF4211F31BE07
:10023000ECB21C14D81E3AFD33D203041C1C08E691
:10024000C5F9123ACE09DF01CB082010DFD9EEF252
:100250003EB2A72AF93681DAEADEF0A1120FCFE822
:100260002DFDC39DECCF2DC947BB4CE7F9C2D4EFA0
:100270001AC944EC63172BBE0121D1104750B7A017
:10028000CFFC28F80245C7073FB6D0E0481E2BE850
:10029000230E19E3C7537F1114EA55DE4AF628EE00
:1002A0000F56BD47CD0A09A916E62DCFD41B29EF5D
:1002B000E2BAF5FAFCCC09DD2DE707F6702806183E
:1002C000DE45DA303C1D22130D180730C0BD13196E
:1002D00051D027DB00A503F7D3EBB24057DDCC3577
:1002E000A7FAD8C2EC3EBD7FBCD2447D39984F00FE
:1002F000E603CBE301B4DC551B9EDAB1171BE8AC77
:1003000067329DD98D70D3DF23CEECE6E227C7F0AC
:10031000EB012244183A2FC221F3C8C1B527396135
:100320003F61E203C83094DBB90D379F9AD30CAA22
:10033000F1BB0627A868261F5343A137D5D64784AB
:10034000EB33EDFCD6FA0D16F4D4F916819DE66672
:10035000F0122E39B64021D79ACBC5D481CAECEF22
:1003600040DB1846CBF0F2ECF2EBF2C59FF42B1B0E
:1003700043D8160F3126212D464AF8F4F70AB70C58
:10038000B2A80B84FD3A4538F5EBF7D8FCB09B0FCB
:100390005BDCEF55F522E865A5B32AB7A256EE3C23
:1003A000D81C520A6803D4D5054EFD3CDDCFC5D01C
:1003B000DE36371803762CEADA181837BAEDF9E585
:1003C0004DB7E3F9D8B815E52527F0BE7FC8E00C96
:1003D0003E14222CDDD9082E0CD00DC20DF81D10B4
:1003E00020EC0BE58141D32105D2C1FEEBF821F9C8
:1003F000F9224ABE5AD222C603031A353867B31906
:10040000DEC8C6E6D020F909022D13E73F410DE40E
:10041000D1C42823A7B9FEF34CDA1131351CFEC430
:10042000FB00FEF64FCC200001B52958F31EDC403E
:10043000FDDBDF39F0CF0606A5D9D5CC13F9D3C63D
:100440007F741D122EC3D4B73AEA1EE8D33F04F2DC
:1004500011E2BA2FA03F0D20E4F339F3032E14D498
:100460001BF1C8ABE8FB080A15DB29D2C327F64508
:10047000FDCC1DC90ABFC8CAD30D1A7F111FBAF51A
:10048000F73825EDD2D21440CA301DF6F3C023262A
:1004900000B42FEFCF0103C020A232A3CF02473018
:1004A000307FE5CDCE50C6262A23AEF5960753F40D
:1004B0003105F5482CD2FDF79129DEF51D08DDFB4D
:1004C000031BC71714930B1BFFF415B04E1E0B062E
:1004D000D9053F0ADAAB47D1F114AB323DCCC305A5
:1004E000BEAE20FECAE3BA30EFCD1476DACF594162
:1004F000FA002B110ED6EE2A21E1DD872D2203EA28
:100500007F46C700E41407DD07F8F2C3DE1EC7B854
:1005100039F7B33923E4EBB408BE1417265111059B
:10052000F5FA02D8FD20F41657D8A7DA2923F16985
:100530002B2013D9E5E73ACCF3E1DD23FF47D5FEC5
:10054000EEDA0DC80FF3C7EBF7EFEB077F33FEE7EB
:100550000602F5C5DDFCF93407F24209EA0EE4FAB9
:10056000EA11DEE0DE1410F5CB0AF8B3E4F9E5EBAE
:10057000F0CF1CC681E3F6F4180CFB6410F4E2B172
:10058000B51F17F708F411FA1B2AFF37A2A1CD35C2
:10059000C8CE3CE7DD81A100F0EEF4F11018E9309F
:1005A000F3E4F70585078631F5E21300F3123E0008
:1005B0001DDAEEA6D8E2280A33E1CBB01646C99B75
:1005C000F729C62DBC49BF1813D011EFE90EFEF96B
:1005D000B7CFDCFCFDCAFA1E1CD53AFDE923E33D8A
:1005E00015F929C588CCAD2922DC47F5F5FE25197A
:1005F000E31B1CC8FDD032AEFFE0DCFC0948F2F181
:10060000E7010608BED4140BAB33DD301B04211AFE
:10061000E9817C0CF6C5E9113A021EEDFE1C35CDD0
:10062000E404012F39FA27CE1CCC124B1D4C0310C9
:100630001A46191BCE2103D9E51714FA1106617F5A
:100640006E1D36FB62BEFFDB0EBA0F02390D29EFBD
:10065000F05FCCF301E005F7E01FD7FEFCE2C651E6
:10066000340A27D6BB9F8D0FE8E3F595E9C00481D6
:10067000DBFCDFF0823F45F8511AC1E2E60A67B2BF
:10068000D1B3D956C4C625205BDBD643B7CEF835E7
:10069000C7DC1E00ACAEC3E708D5089AC34E72FD96
:1006A000E9A25C430968A1E850DBC91611F425F9F9
:1006B0000EFC090D0B480F05E7DD015FD92AE5BCEB
:1006C000E01B19D0FCC1EEFBB61513045D81141EAE
:1006D000F359DC374E0A37A3E2A8C0CDCDCC1F04B6
:1006E0005501BE47E0573006D2A0ADF8E700D7B9B4
:1006F00000C832CFF13A59EF53D9E498125BFCD0DD
:10070000A3F4B0E10219FD02F6B7362F4624D32533
:100710003CA91E7FF50B2DC91804EEE6E10FFD2A5A
:1007200073C31A14E65B270DE7EB0418DC28201AC4
:1007300045FD0DF4E10404DF2413B80F03F0E924B0
:10074000EBDA15EB13E7F300FD81E6FC20DCEFF3B9
:1007500010DBD312F4F9260CD2FDF8CCA8FDFCFE78
:100760007F0CDECC0313EA0709ADF30903230B0466
:1007700019F60421E603E414F431BDE90C11F0CEBE
:10078000F0F81EE435150F0732ADF608D8111AF946
:100790000D16DC0B3741F581F21ACD1ADEFD447CD3
:1007A00014D71A1CE30FE9105ECA2202CCC26109F9
:1007B00078F6091431DD23C3DE0FD4E06229BCE7EB
:1007C00023010BD1BAC6081D2FE00FFB32E951CF30
:1007D0000D0F12E5B43B0409FDDD30A5C2F910EEA2
:1007E0002A7FECE4BA1803ACF5EA118CD91800A6FC
:1007F0001C960223DE1BF4DF0360F91FE0DB02CB53
:10080000DE3930FE2A2D28EC1E070C3C9FE53D5CAE
:10081000C905FF36230FF0FB7FFA74D7E21BF01CEB
:100820001C32EB2D27D2EF18D5135EED1047DFF504
:100830000557A638F8FB1AEEFACCF0F103E8536737
:100840000BCBFD0B0CD2E83517EF1DF228FCF7EBB4
:10085000CE21F0F50C211DF5CBD6C0D9B8D10A2D8B
:100860002DD010C2EB30E11CC1E0E0DFCBDFFAD6C7
:1008700031FA3ED6FB27E0053E2FE2F3EC3EDBEEFD
:10088000E581D8BCE8FA0034DB020F00E6D603DBD2
:100890001329FD1B037F00F1FED72D0BCEFCD1FCED
:1008A0001174E807F8EBF2F7D91149E00B4AE5FDBE
:1008B0002630CD101605F911E1F5E739F6EF2D5286
:1008C000E1ED2D0DE2F5232DEED5FBCA3916DDE263
:1008D000E50024F732BC12C90AF716FB0727E2FF2E
:1008E000293F2A33E7D032AC23DFD9EBE7D8F1FB3D
:1008F000FE41E0D102F87FF21CE4EB1E3E3712F11C
:1009000012EDD8D5E61DF8E7DDC60E3C2EEF37F127
:10091000FE1F30BE0CF3F7E12FBE11D80DDA1DF823
:1009200042F009EABACDFBA6FE16DEFEFB4914F63C
:1009300013E721E3F9F839E834D1DC26F21E10D2AE
:1009400023F50B11207F0707CCBFEE16031AFE1C00
:10095000F5EFD5F8CA39DDAD1A1235EAECB844E640
:100960007F16EEE410B3E4E6D00744F6ED415BF108
:100970003D2ED6311C365B215B02C93CEB183B3562
:10098000DBBB00CD251811030CA4E3D4B62CA23098
:100990000B2CFB1C051FEDD6E3DAE219D010400149
:1009A000EAFA93CCB617F024CDC22E1FE8DF340A42
:1009B00010CBE11105F205A4FB0AF1DD5856EE005B
:1009C000DEF127C401D11D7F5800F2D835D32ED2D5
:1009D00008EAF925AFA70019FED4182D3419301BE9
:1009E000DBEC0819FAE7CED30F9A1E69042B232EED
:1009F000E52BFD27D4C6FF0AE7DAFE81012A36F38C
:100A00003829081EDEAD28DEE9D5FC0815DBCB341D
:100A1000F462F00DF703C892FEB509FDF85CFB0A1D
:100A2000270225F598F609CB2481B307CF0B4A1B83
:100A30002FF1F0D0D8DD28E420DAE5E13D1E14F4F2
:100A4000CD088DD7F244A8F0F798F12347FABBE11F
:100A500011F63DEE214908E1F5EC11250E0875F57A
:100A6000FF0BC4F534D8DDE91FED19EA162F774FD7
:100A70002F06FAE5EE84FF1CF5F0BB257F1EEA4247
:100A8000CA121BD0B9061D62C2CA1DC318FFB3C467
:100A9000E1F94DF0F6DBC7D3DE0FBE14120F323D85
:100AA000E52508C7E4FAC248180FB3BC31EC20456D
:100AB000187F2DA8BEED666A1AC8D9CB104ADDEAA8
:100AC000CEDDE90A0438E2D597E419E16DEBB0F721
:100AD000BEDC44AEE367EC2D0BF84AFEF8CC06A56D
:100AE00000F5CBB4CBFB22DFC5E2EFF3B62603C1A2
:100AF000EF810EC719B1FE10EB3D2670061FCBD358
:100B0000C3420829080E1553C436172DBFD7EA76FD
:100B1000E7C4FAF2FFE7219FDFBC44C4EC16767409
:100B2000F5CA4D053620CCE8F193CD62BC04EADD70
:100B3000C9DF59EDC9280819EE5308F5F8212DC869
:100B400073E5DC1A3503298112F524A11B06073B46
:100B5000E0230E288F7125C8BDC2FFCF1B1E48326F
:100B6000E845EA31D53E15E82CE6B00BA713505EF8
:100B7000511B0ACC3693051CE1020243571CC01AD4
:100B8000F4260400C901C9EA810C08E932F3DECA7F
:100B9000FAFAE12CE100FD0B0C03EDF1F5F2F8F5AA
:100BA0000CEEDADDDC0000000C0C000001FAFBFBAF
:100BB00002F8FAF5EBF9EACA85000000E700F6E171
:100BC000E5ECE5DCE2EFFFF7060003F6E8000000E5
:100BD000D0E2E8F3FEF9F6E5E9FBF3FFFEFAF3E114
:100BE000C4000000DAF9FBF3F9150A120206060E3A
:100BF0000C0901102A000000E2FE0B070CF3E5EEE1
:100C0000F7FB0304F5DFDADDD80000000C03030D69
:100C100015181B0201FE0E1C1A252133420000008C
:100C2000CBEAF8F7050FF5D5E1FC03050905F5F268
:100C3000E20000000403FEEBFE0803FDD7E0D6DB74
:100C4000CBD8EBE5C700000003F9E0DDE4F1F5D215
:100C5000D7E8F2F1F6F0F300FC000000EDFD00F241
:100C6000E7F8E5E7DEF6E9EDEEEEE8F1E600000094
:100C700018050A0E0103F8F701080A16EEE1CCB5D3
:100C800089000000DBF41215150A010300090CFEAF
:100C900000FFFA042D0000000A040DFFF4ECE2ED61
:100CA000FAFCEFD5D8D0CBD5E9000000190A0F0A1D
:100CB000F7F4EBE1F8F5F6E0D2CADEDECF00000093
:100CC000D4DEF0FBFEF7EBEAEFED07FEF6F1DFE135
:100CD000DC000000311305120D130506000BFF07A1
:100CE00000F2EDD481000000FF05F0FD101709E6C9
:100CF000DCE7EDF0FCF3E8DBF7000000DAE2E8FC0B
:100D0000F8F8F7FCF9FDF9E3E3DEE6D1BD000000F9
:100D1000EEF4F9FBFEE7DBE1E6010106F9EFE9DBC2
:100D2000D10000002201FF0F04E9CEE6FA01F0F540
:100D3000DCD7C4D2CB00000005FAFF01FFEEFEF6BF
:100D4000FF00F6F5F0EEF8D496000000F909FBE498
:100D5000E1D8ECE4F503FAF9F3EA01DEC60000009D
:100D6000E3E8F001FAE6EEFBFB0C0B0906100E18A7
:100D700034000000E6061A08F5F5F0E5E7E1E7EBD8
:100D8000F4F4E6F703000000EE04FDFE00F0E5E9F0
:100D9000FCFEEFECF1EAE0CBA6000000CCDFD5EDE5
:100DA000EFEEF900F8FDECF0F7DCE3F5F000000001
:100DB000E4FC170E0E00EDF706FAF3F4FAFBF10C63
:100DC000E70000000BFFE1DFEFE7D1D6F80902E60C
:100DD000E2FDF7EAE1000000D5080D02FAEFFCF7AA
:100DE000FF0605070C060D1232000000FBFDF5059D
:100DF000F700FBFEFDFFEEF8F2E8D2BBA200000018
:100E0000090D0B100CEFEAE4E7EFFDFEF7EFDDE66E
:100E1000E0000000230E0C120D00020EFB041C2B40
:100E20002B211E2522000000D2E6F4E7E0DFE1EBF3
:100E3000E3EAE8F0F7F3E4E5F0000000E5FB1E1D4F
:100E40000B05FE0907080805080600042D00000030
:100E5000D2E8F3FAF8F2EBEEEBF6F0E9DDE0E8DAEF
:100E6000D2000000DBF40A190E02F1E7F5F80502E2
:100E7000F4C1B5D4E0000000E2FAFDEEEBF003109F
:100E80000A0C0C070AFF040E36000000F0FAF5F118
:100E9000F0F8F4F9FADBE2D3DDE1F7F6F800000050
:100EA000D8F0EF02FA05F6F8F0FFFD030600E0CDFA
:100EB000A8000000D4DCE2FE14F7F8E0EDFA010A25
:100EC000100702FA11000000CEE0F1F4EFF1F6E8AD
:100ED000EBE8E8F2ECF7EF050200000017040C0263
:100EE000080A0508100F00FDFD0104101D00000098
:100EF000D7F0F6FEF3F1E6DAE4E2F1F7F9F603F201
:100F0000F3000000172428291C0D0EFBF6F8F00E44
:100F10002B241905DD000000F2F808000E1903FB70
:100F2000DECFCCE7ECE1D5CCE600000017F9F5F414
:100F300009101D1E1C07EDD6CDC0DAE1E40000004B
:100F4000050701100A00FBF5FFF7E3DCCDD6DBDA7D
:100F5000DA000000EBFC090106E7F1E8F1FD02F020
:100F6000D7C3C5DC00000000F707FAF4F4F6F7F584
:100F70000503ECF2F6DADDDFA4000000452C1B1AB5
:100F8000150D0DFC0806F4FE01FF0EF2B70000007F
:100F9000ED010A0300FDEDE0D7E602100BFFEAFCCD
:100FA00003000000292215110601FEFCFCE9F1FAFC
:100FB000F3EFF5D197000000F7EDEDF1F6E0D1DCAD
:100FC000DFE0DCE3DEC3C4D1D0000000F2E3EF06D3
:100FD00006E9DDF8FF0204F2D5D2E9E5F1000000F0
:100FE000301006F30009FAFB01FBF3F3E3C4B9BCCC
:100FF000B1000000EBE1D9D1C8D5D200F0FFEAEA98
:10100000E2FA0D08190000001D200E050FFFFF0871
:10101000140D0803F9FE081134000000FBFFFDED7C
:10102000F0E5E0E9D3DBEEE8EFF5F9F1F8000000D8
:10103000F3FD030CF7E0DDD7DEE7F0F3F4F008FC96
:1010400016000000DBF4050403FFF0E8DCDFEBEF43
:10105000F1E3EEEBE8000000C1E7F1EBF6E6E5E8CE
:10106000EA0105F7F903F5E5D30000000B0CF2FDEA
:101070000F171314140F0A110A192526480000002F
:10108000E6E4EEE4DFE6EEE2EDF0FDFDFC05F2E87D
:10109000D8000000E333E9FFD02200200001000067
:1010A0000F400100B93F010002000000974101001C
:1010B0000000000000000000000000000000000030
:1010C000932802009B28020000000000000000009E
:1010D00000000000A3280200A7280200AB2802009D
:1010E000AF280200EC10020000670020D56200006B
:1010F000186700209575002001000000494201009A
:101100003F4201000D420100F962000000000000B2
:101110000142010000000000A54301008B430100D3
:101120000000000060000020000000000600010038
:1011300002000000381102000000000070320200BE
:1011400006000000E04F1E00000000207832020080
:1011500021000000E0FB0720117D0000317E00002F
:1011600000000000A97F00004D7D00005035020006
:10117000994501009545010056350200834501005F
:10118000894501005C35020000A0105000820D501E
:101190000004055000860D50FF03000000A0105011
:1011A000A40100200000000000000000FFFFFFFF7E
:1011B00000820D50580200200000000001000000D5
:1011C000FF070000000405500000000000000000C0
:1011D00002000000ED890000F411020000800E50B2
:1011E0000000000084690020000000000048E801C1
:1011F0000000000000800E500012020001000000FC
:1012000008120200030000003700004736000049C2
:101210002D00004B00A0105000820D50000405501E
:1012200000860D5000600C5002000000000000001D
:101230005812020000C201000000D60100000000A8
:1012400000000040000000009E75002099750020FD
:10125000987500209775002000600C506412020001
:10126000010000006C1202000400000030000000C9
:101270003200000231060001330600033013020081
:10128000010000002C1302000100000028130200DE
:1012900001000000241302000100000018130200E6
:1012A000030000000C13020003000000F81202000B
:1012B00005000000EC12020003000000D81202003A
:1012C00005000000CC1202000300000054130200CD
:1012D000A4130200641302004413020084130200EA
:1012E00054130200A413020064130200441302000A
:1012F00084130200541302003413020094130200FA
:1013000054130200A41302006413020034130200F9
:1013100094130200541302003413020074130200E9
:101320004413020064130200541302004413020029
:101330003413020000000000CC690020BC690020CA
:101340000020045000010000D0690020C069002086
:101350000020085000020000D4690020C469002069
:1013600000200C5000030000D8690020C86900204C
:101370000020105001040000DC69002000400450EF
:101380000030085001050000E069002000400850CE
:1013900000400C5001060000E46900200050045099
:1013A00000300C5001070000E869002000500C508C
:1013B0000030105000A0105000820D500004055065
:1013C00000860D50080000000A0000000400000024
:1013D00001000000634202007142020085420200E7
:1013E00094420200A0420200E8780100F87801006F
:1013F0004879010050790100787901008079010075
:101400004C46020000010000881300000000E000CC
:10141000BA018E025D032704EB04AA0564061907CE
:10142000C80773081909BA09560AED0A800B0F0C90
:10143000980C1E0D9F0D1B0E940E080F780FE40FD5
:101440004C10B01010116C11C51119126A12B7129C
:10145000001346138913C71303143A146F14A0140E
:10146000CE14F81420154415651583159D15B51572
:10147000CA15DB15EA15F615FF1505160816091627
:1014800006160116FA15EF15E215D215C015AB15A3
:1014900094157A155E153F151E15FA14D414AB1465
:1014A000811453142414F213BE138813501315130C
:1014B000D9129A1259121612D1118A114011F5102F
:1014C000A81058100710B40F5F0F080FAF0E540E7E
:1014D000F70D990D380DD60C720C0C0CA50B3B0BAF
:1014E000D00A630AF509850913099F082A08B3077A
:1014F0003B07C1064506C8054905C8044604C303A1
:101500003E03B7022F02A5011A018E000000000061
:10151000000100000002000000140000002800008C
:101520000040000001000000020000003015020031
:101530000F00000000000000000000000600000096
:1015400000000000A80300200000000000000000D0
:10155000000000000000000000000000000000008B
:10156000000000000000000000000000000000007B
:10157000000000000000000000000000000000006B
:10158000000000000000000000000000000000005B
:10159000000000000000000000000000000000004B
:1015A000000000000000000001000000FB21F93FE6
:1015B000FB2109407CD91240FB2119407A6A1F4067
:1015C0007CD92240BBFD2540FB2129403A462C40D6
:1015D0007A6A2F405C4731407CD932409C6B344062
:1015E000BBFD3540DB8F3740FB2139401BB43A400F
:1015F0003A463C405AD83D407A6A3F404C7E404093
:101600005C4741406C1042407CD942408CA2434030
:101610009C6B4440AC344540BBFD4540CBC6464086
:10162000DB8F4740EB584840FB21494083F9A2003B
:10163000444E6E00FC291500D1572700DD34F5001B
:1016400062DBC0003C999500419043006351FE006D
:10165000BBDEAB00B761C5003A6E2400D24D42003C
:101660004906E00009EA2E001C92D100EB1DFE00A5
:1016700029B11C00E83EA700F535820044BB2E00CE
:101680009CE98400B4267000417E5F00D691390049
:10169000538339009CF439008B5F840028F9BD0026
:1016A000F81F3B00DEFF97000F980500112FEF0099
:1016B0000A5A8B006D1F6D00CF7E360009CB2700C4
:1016C000464FB7009E663F002DEA5F00BA277500BF
:1016D000E5EBC7003D7BF100F739070092528A0025
:1016E000FB6BEA001FB15F00085D8D003003560000
:1016F0007BFC4600F0AB6B0020BCCF0036F49A00B8
:10170000E3A91D005E619100081BE6008599650054
:10171000A0145F008D40680080D8FF0027734D0043
:1017200006063100CA561500C9A873007BE26000A6
:101730006B8CC00000000000DCCFD1350000000041
:1017400000C0153F0000803F0000C03F000FC93FB0
:10175000000F494000CB9640000FC9400053FB40AA
:1017600000CB164100ED2F41000F4941003162418D
:1017700000537B41003A8A4100CB9641005CA34173
:1017800000EDAF41007EBC41000FC94100A0D54132
:101790000031E24100C2EE410053FB4100F203423E
:1017A000003A0A420083104200CB164200141D4248
:1017B000005C234200A5294200ED2F42003636424C
:1017C000007E3C4200C74242000F4942A200000096
:1017D000F9000000830000006E0000004E000000D1
:1017E000440000001500000029000000FC0000007B
:1017F0002700000057000000D1000000F5000000A5
:1018000034000000DD000000C0000000DB0000002C
:101810006200000095000000990000003C000000FC
:10182000430000009000000041000000FE000000A6
:101830005100000063000000AB000000DE0000006B
:10184000BB000000C500000061000000B700000000
:10185000240000006E0000003A000000420000007A
:101860004D000000D2000000E00000000600000073
:10187000490000002E000000EA00000009000000FE
:10188000D1000000920000001C000000FE000000DB
:101890001D000000EB0000001C000000B100000073
:1018A00029000000A70000003E000000E800000042
:1018B0008200000035000000F50000002E0000004E
:1018C000BB0000004400000084000000E9000000AC
:1018D0009C0000007000000026000000B400000022
:1018E0005F0000007E0000004100000039000000A1
:1018F00091000000D60000003900000083000000C5
:101900005300000039000000F40000009C000000BB
:10191000840000005F0000008B000000BD0000009C
:10192000F9000000280000003B0000001F0000003C
:10193000F800000097000000FF000000DE0000003B
:1019400005000000980000000F000000EF000000FC
:101950002F000000110000008B0000005A00000062
:101960000A0000006D0000001F0000006D00000074
:10197000360000007E000000CF00000027000000BD
:10198000CB00000009000000B70000004F0000007D
:10199000460000003F000000660000009E000000BE
:1019A0005F000000EA0000002D000000750000004C
:1019B00027000000BA000000C7000000EB00000094
:1019C000E5000000F10000007B0000003D00000089
:1019D0000700000039000000F70000008A00000046
:1019E0005200000092000000EA0000006B000000BE
:1019F000FB0000005F000000B10000001F000000BD
:101A00008D0000005D00000008000000560000008E
:101A1000030000003000000046000000FC00000051
:101A20007B0000006B000000AB000000F000000035
:101A3000CF000000BC000000200000009A00000061
:101A4000F4000000360000001D000000A9000000A6
:101A5000E300000091000000610000005E00000053
:101A6000E60000001B000000080000006500000008
:101A700099000000850000005F00000014000000D5
:101A8000A000000068000000400000008D00000081
:101A9000FF000000D8000000800000004D000000A2
:101AA0007300000027000000310000000600000065
:101AB000060000001500000056000000CA000000EB
:101AC00073000000A8000000C900000060000000D2
:101AD000E20000007B000000C00000008C0000005D
:101AE0006B00000002000000030000000400000082
:101AF000060000000000C93F0000F0390000DA379E
:101B00000000A2330000842E0000502B0000C227EA
:101B10000000D0220000C41F0000C61B00004417B4
:101B2000040000000700000009000000FF7F0080A3
:101B3000FF03FFFFFF07FF1FFF03FFFFFF07FF1F5D
:101B4000FF03FFFFFF07FF1F574553545F544F50DC
:101B50004449522F7A65706879722F696E636C758B
:101B600064652F7A65706879722F64726976657220
:101B7000732F6770696F2E680028666C6167732029
:101B80002620282831203C3C203429207C20283164
:101B9000203C3C203529292920213D20282831209E
:101BA0003C3C203429207C202831203C3C20352915
:101BB0002900415353455254494F4E204641494C08
:101BC000205B25735D20402025733A25640A0009B7
:101BD00050756C6C20557020616E642050756C6C73
:101BE00020446F776E2073686F756C64206E6F741D
:101BF00020626520656E61626C65642073696D7535
:101C00006C74616E656F75736C790A0028666C611F
:101C100067732026202831203C3C203129292021AF
:101C20003D2030207C7C2028666C61677320262054
:101C30002831203C3C20322929203D3D20300028FD
:101C40006366672D3E706F72745F70696E5F6D6161
:101C5000736B202620286770696F5F706F72745FE6
:101C600070696E735F74292831554C203C3C2028E4
:101C700070696E29292920213D2030550009556EB3
:101C8000737570706F727465642070696E0A004CB1
:101C900045443120646576696365206973206E6F01
:101CA00074207265616479004C4544322064657625
:101CB000696365206973206E6F7420726561647951
:101CC000004C454433206465766963652069732060
:101CD0006E6F74207265616479004661696C656439
:101CE00020746F20636F6E666967757265204C455E
:101CF0004431202865727220256429004661696C90
:101D0000656420746F20636F6E6669677572652005
:101D10004C454432202865727220256429004661B2
:101D2000696C656420746F20636F6E666967757295
:101D300065204C45443320286572722025642900B3
:101D4000496E697469616C697A6174696F6E206348
:101D50006F6D706C6574656420284C4544313D5648
:101D600041442C204C4544323D57572C204C45448F
:101D7000333D57572B726563656E74205641442C72
:101D80002073747269637465722056414429004659
:101D900061696C656420746F207374617274206172
:101DA0007564696F2063617074757265202865724F
:101DB0007220256429004661696C656420746F2077
:101DC0007265616420617564696F20286572722094
:101DD000256429005641443A207370656563682084
:101DE00073746172742028726D733D2575206E6F57
:101DF0006973653D25752074685F6F6E3D25752993
:101E0000005641443A207370656563682073746FAF
:101E1000702028726D733D2575206E6F6973653D66
:101E200025752074685F6F66663D257529005761CA
:101E30006B65776F726420646574656374696F6E37
:101E4000206661696C6564202865727220256429AA
:101E50000057616B6520776F7264206465746563F9
:101E600074656420286C6564333D256429006D61C8
:101E7000696E00574553545F544F504449522F31B7
:101E8000305F6265616D5F77616B65776F72642F3C
:101E90007372632F77616B65776F72642E6300775F
:101EA000775F6D6F64656C004D6F64656C20696E63
:101EB000697469616C697A6174696F6E20666169C1
:101EC0006C65642028657272202564290077775F2D
:101ED000696E7075745F73616D706C6573203E2000
:101EE000300077775F696E7075745F73616D706CC9
:101EF0006573203C3D20282873697A655F74292822
:101F00002828696E742973697A656F662863686129
:101F1000725B31202D202832202A202128215F5F6A
:101F20006275696C74696E5F74797065735F636FF5
:101F30006D70617469626C655F70285F5F74797041
:101F4000656F665F5F2877775F696E7075745F6233
:101F50007566666572292C205F5F747970656F669F
:101F60005F5F28262877775F696E7075745F62758A
:101F700066666572295B305D292929295D29202D36
:101F8000203129202B202873697A656F662877779E
:101F90005F696E7075745F62756666657229202F61
:101FA0002073697A656F66282877775F696E707528
:101FB000745F627566666572295B305D292929291F
:101FC0000057616B65776F726420696E697469612F
:101FD0006C697A65642C20696E7075745F77696EC0
:101FE000646F773D25752073616D706C657300615A
:101FF0007564696F5F6275666665720077775F64A6
:1020000065746563746564004661696C6564207419
:102010006F206665656420696E707574732028652D
:10202000727220256429004661696C656420746FB2
:102030002072756E20696E666572656E6365202814
:10204000657272202564290077770061786F6E5F72
:10205000757365725F696E7374616E63655F393441
:1020600030383100493253206465766963652069F0
:1020700073206E6F74207265616479006932735FDA
:10208000636F6E666967757265206661696C656409
:102090003A20256400494E4D5034343120493253A2
:1020A00020617564696F20696E697469616C697A11
:1020B000656420617420256420487A0049325320E9
:1020C0007374617274206661696C65643A2025647A
:1020D00000494E4D503434312049325320636170F1
:1020E000747572652073746172746564006932730B
:1020F0005F72656164206661696C65643A2025647D
:10210000004661696C656420746F20616C6C6F635C
:102110006174652061707020617564696F206275FB
:10212000666665723A20256400646D6963005745F0
:1021300053545F544F504449522F7A6570687972F6
:102140002F6C69622F686561702F686561702E63FE
:10215000006368756E6B5F7573656428682C206317
:10216000290009756E65787065637465642068651B
:1021700061702073746174652028646F75626C658A
:102180002D667265653F2920666F72206D656D6FE3
:1021900072792061742025700A006C6566745F6333
:1021A00068756E6B28682C2072696768745F636855
:1021B000756E6B28682C20632929203D3D20630023
:1021C00009636F7272757074656420686561702050
:1021D000626F756E64732028627566666572206F23
:1021E000766572666C6F773F2920666F72206D6529
:1021F0006D6F72792061742025700A0062797465B0
:1022000073203E20686561705F666F6F7465725FF2
:102210006279746573286279746573290009686549
:1022200061702073697A6520697320746F6F207301
:102230006D616C6C0A00686561705F737A203E2086
:102240006368756E6B737A2873697A656F66287335
:102250007472756374207A5F686561702929006300
:1022600068756E6B305F73697A65202B206D696EBF
:102270005F6368756E6B5F73697A65286829203CB7
:102280003D20686561705F737A00574553545F5411
:102290004F504449522F7A65706879722F6C696289
:1022A0002F6F732F63627072696E74665F70616303
:1022B0006B616765642E630009537472696E6720F1
:1022C0007769746820746F6F206D616E7920617218
:1022D00067756D656E74730A00097374725F70744C
:1022E000725F706F735B5D20746F6F20736D616CD4
:1022F0006C0A0009756E6578706563746564207397
:10230000697A652025750A0009746F6F206D616E0A
:102310007920666F726D617420617267730A00695B
:102320006E5F7061636B6167656420213D202828C2
:10233000766F6964202A2930290028756E736967D1
:102340006E6564292063686172202A207573656454
:1023500020666F722025257020617267756D656E2D
:10236000742E2049742773207265636F6D6D656EDE
:1023700064656420746F20636173742069742074D1
:102380006F20766F6964202A2062656361757365CA
:10239000206974206D6179206361757365206D69B2
:1023A000736265686176696F7220696E2063657219
:1023B0007461696E20636F6E6669677572617469B6
:1023C0006F6E732E20537472696E673A22257322E2
:1023D00020617267756D656E743A25640073637071
:1023E000795F636E74203C2073697A656F66286339
:1023F00070795F7374725F706F7329006B656570BD
:102400005F636E74203C2073697A656F66286B6524
:1024100065705F7374725F706F73290063627072AE
:10242000696E74665F7061636B61676500574553E1
:10243000545F544F504449522F7A65706879722F17
:10244000696E636C7564652F7A65706879722F6B3D
:1024500065726E656C2E6800216B5F69735F7072C8
:10246000655F6B65726E656C282900096B5F63752B
:102470007272656E745F6765742063616C6C65640D
:10248000207072652D6B65726E656C0A00286E692E
:102490006C2900574553545F544F504449522F7A8A
:1024A00065706879722F6C69622F6F732F6D70730E
:1024B000635F706275662E6300657272203D3D2019
:1024C0003000574553545F544F504449522F7A655A
:1024D000706879722F696E636C7564652F7A6570A8
:1024E0006879722F7370696E6C6F636B2E68007AF7
:1024F0005F7370696E5F6C6F636B5F76616C69644C
:10250000286C290009496E76616C696420737069D2
:102510006E6C6F636B2025700A007A5F7370696E52
:102520005F756E6C6F636B5F76616C6964286C2994
:1025300000094E6F74206D79207370696E6C6F6343
:102540006B2025700A007379735F6765746F707410
:1025500000574553545F544F504449522F7A657089
:102560006879722F6C69622F7574696C732F6F6E46
:102570006F66662E63007374617465203D3D203084
:102580005500217379735F736C6973745F69735F4E
:10259000656D70747928266D67722D3E636C696570
:1025A0006E747329007472616E73697420213D200A
:1025B0002828766F6964202A293029007374617491
:1025C00065203D3D202831554C203C3C20283129B8
:1025D00029006D67722D3E72656673203D3D203087
:1025E000007374617465203D3D202831554C203CBA
:1025F0003C2028302929006D67722D3E7265667374
:10260000203E203000574553545F544F50444952A8
:102610002F7A65706879722F6C69622F7574696C96
:10262000732F6E6F746966792E63006C6F676769CC
:102630006E6700574553545F544F504449522F7AA8
:1026400065706879722F7375627379732F6C6F6719
:1026500067696E672F6C6F675F636F72652E6300CB
:102660006C6F675F6261636B656E645F636F756EED
:10267000745F6765742829203C2028283332202F76
:1026800020335529202D202831202B2030292900C6
:102690006261636B656E64203C3D205F6C6F675FB9
:1026A0006261636B656E645F6C6973745F656E64B1
:1026B0000009756E6578706563746564206C697374
:1026C0007420656E64206C6F636174696F6E0A00BC
:1026D0006C6F675F6261636B656E645F636F756E7D
:1026E000745F6765742829203E2030006C6F670096
:1026F0006C6F675F6D676D74004D657373616765BF
:10270000202822257322292064726F70706564204E
:1027100062656361757365206974206578636565BA
:1027200064732073697A65206C696D69746174697A
:102730006F6E202825752900574553545F544F501C
:102740004449522F7A65706879722F737562737974
:10275000732F6C6F6767696E672F6C6F675F6D7340
:10276000672E6300706C656E203E3D2030004D6525
:1027700073736167652064726F7070656420626551
:10278000636175736520697420657863656564733A
:102790002073697A65206C696D69746174696F6E04
:1027A0002028257529000D0A00574553545F544FC2
:1027B000504449522F7A65706879722F737562732D
:1027C00079732F6C6F6767696E672F6C6F675F6FC8
:1027D00075747075742E63006F75745F6374782DF3
:1027E0003E636F6E74726F6C5F626C6F636B2D3ED5
:1027F0006F6666736574203C3D206F75745F63740B
:10280000782D3E73697A65001B5B306D006C6576D0
:10281000656C203C3D203400257320005B2530385A
:102820006C755D20005B253032753A253032753A83
:10283000253032752E253033752C253033755D20CB
:102840000025730025732F003C25733E200025735F
:102850003A2000657272203E3D20300025303278EB
:102860002000202020007C00256300206D6573730C
:10287000616765732064726F70706564202D2D2D03
:102880000D0A1B5B306D001B5B313B33316D2D2D11
:102890002D20001B5B313B33316D001B5B313B3323
:1028A000336D006572720077726E00696E66006447
:1028B000626700574553545F544F504449522F7A32
:1028C00065706879722F7375627379732F6C6F6797
:1028D00067696E672F6261636B656E64732F6C6FDF
:1028E000675F6261636B656E645F756172742E63AE
:1028F000006465766963655F69735F7265616479B9
:1029000028756172745F64657629006C6F675F6219
:1029100061636B656E645F75617274006C6F675F95
:1029200075617274004552524F5221204D4F4445FB
:102930004C204C41434B5320414E20455854455266
:102940004E414C20494E505554210A0041786F6E3B
:10295000204E4E3A20496E76616C69642053696757
:102960006D6F696420627974657769647468202585
:10297000640A00574553545F544F504449522F65E1
:102980006467652D61692F6C69622F61786F6E2FA6
:10299000706C6174666F726D2F7372632F7A6570DD
:1029A0006879722F6E72665F61786F6E5F706C61AE
:1029B00074666F726D5F7A65706879722E630072EB
:1029C00063203D3D203000726573756C74203D3D81
:1029D0002030006D6C7373002A2A2A20426F6F74B6
:1029E000696E67206E524620436F6E6E6563742079
:1029F00053444B2076332E332E302D70726576691A
:102A00006577322D65646531353265633231306208
:102A1000202A2A2A0A002A2A2A205573696E67204A
:102A20005A6570687972204F532076342E332E39D0
:102A3000392D346236646635666631316231202A5A
:102A40002A2A0A0072302F61313A2020307825304E
:102A50003878202072312F61323A202030782530AA
:102A60003878202072322F61333A20203078253098
:102A700038780072332F61343A202030782530388E
:102A800078207231322F69703A2020307825303822
:102A900078207231342F6C723A202030782530380B
:102AA000780020787073723A20203078253038789A
:102AB00000735B2532645D3A202030782530387809
:102AC0002020735B2532645D3A2020307825303831
:102AD000782020735B2532645D3A202030782530E1
:102AE00038782020735B2532645D3A2020307825C9
:102AF0003038780066707363723A20203078253061
:102B00003878004661756C74696E6720696E7374FD
:102B100072756374696F6E2061646472657373208B
:102B2000287231352F7063293A2030782530387873
:102B300000556E68616E646C6564204952516E3A4E
:102B4000202564002A2A2A2A2A204D505520464151
:102B5000554C54202A2A2A2A2A00202053746163C3
:102B60006B696E67206572726F722028636F6E7476
:102B70006578742061726561206D69676874206290
:102B800065206E6F742076616C6964290020205581
:102B90006E737461636B696E67206572726F720029
:102BA000202044617461204163636573732056691A
:102BB0006F6C6174696F6E0020204D4D464152204C
:102BC000416464726573733A203078257800202060
:102BD000496E737472756374696F6E2041636365C7
:102BE00073732056696F6C6174696F6E00202046A4
:102BF0006C6F6174696E672D706F696E74206C61A3
:102C00007A79207374617465207072657365727669
:102C10006174696F6E206572726F7200574553540C
:102C20005F544F504449522F7A65706879722F6112
:102C30007263682F61726D2F636F72652F636F729D
:102C40007465785F6D2F6661756C742E6300212842
:102C500028285343425F54797065202A2920282868
:102C600030784530303045303030554C29202B20DD
:102C7000307830443030554C2920292D3E4346537E
:102C8000522026202831554C203C3C20283055200D
:102C90002B2034552929290009537461636B696E0F
:102CA00067206F72204461746120416363657373B0
:102CB0002056696F6C6174696F6E206572726F72F5
:102CC00020776974686F757420737461636B206713
:102CD000756172642C20757365722D6D6F6465204B
:102CE0006F72206E756C6C2D706F696E74657220DA
:102CF000646574656374696F6E0A0A002A2A2A2A59
:102D00002A205553414745204641554C54202A2AF4
:102D10002A2A2A0020204469766973696F6E20622E
:102D200079207A65726F002020556E616C69676E3C
:102D30006564206D656D6F7279206163636573737F
:102D4000002020537461636B206F766572666C6F30
:102D5000772028636F6E74657874206172656120D6
:102D60006E6F742076616C6964290020204E6F209C
:102D7000636F70726F636573736F7220696E7374C3
:102D800072756374696F6E73002020496C6C65679F
:102D9000616C206C6F6164206F66204558435F5200
:102DA000455455524E20696E746F205043002020C8
:102DB000496C6C6567616C20757365206F66207463
:102DC00068652045505352002020417474656D7031
:102DD0007420746F206578656375746520756E6402
:102DE0006566696E656420696E7374727563746973
:102DF0006F6E002A2A2A2A2A20425553204641551E
:102E00004C54202A2A2A2A2A002020537461636BFA
:102E1000696E67206572726F720020205072656360
:102E200069736520646174612062757320657272D4
:102E30006F720020204246415220416464726573E3
:102E4000733A2030782578002020496D70726563D0
:102E500069736520646174612062757320657272A4
:102E60006F72002020496E737472756374696F6E9F
:102E700020627573206572726F720052657365729D
:102E800076656420457863657074696F6E202800EC
:102E900053707572696F757320696E74657272759F
:102EA000707420284952512000535053454C2069DA
:102EB0006E20746872656164206D6F646520646F54
:102EC0006573206E6F7420696E6469636174652038
:102ED0005053500065736620213D202828766F6985
:102EE00064202A293029000945534620636F756CF8
:102EF00064206E6F742062652072657472696576F5
:102F00006564207375636365737366756C6C792E85
:102F1000205368616C6C206E65766572206F636308
:102F200075722E0A002A2A2A2A2A20484152442051
:102F30004641554C54202A2A2A2A2A00202042752C
:102F400073206661756C74206F6E20766563746F94
:102F500072207461626C6520726561640020204497
:102F600065627567206576656E7400202046617520
:102F70006C7420657363616C6174696F6E20287373
:102F800065652062656C6F772900415243485F4553
:102F90005843455054207769746820726561736F97
:102FA0006E2025780A00094661756C74206573638C
:102FB000616C6174696F6E20776974686F757420D5
:102FC00046535220696E666F0A0009486172644672
:102FD00061756C7420776974686F75742048465306
:102FE0005220696E666F205368616C6C206E657646
:102FF0006572206F636375720A002A2A2A2A2A20C2
:103000004465627567206D6F6E69746F72206578B4
:1030100063657074696F6E202A2A2A2A2A002A2A78
:103020002A2A2A20257320256429202A2A2A2A2AA6
:1030300000574553545F544F504449522F7A65709E
:103040006879722F617263682F61726D2F636F727E
:10305000652F636F727465785F6D2F6972715F6D34
:10306000616E6167652E63007072696F203C3D2060
:10307000282831554C203C3C2028332929202D205C
:1030800031290009696E76616C6964207072696F1C
:103090007269747920256420666F72202564206926
:1030A0007271212076616C756573206D7573742063
:1030B0006265206C657373207468616E20256C7581
:1030C0000A0A006D7075004661696C656420746F52
:1030D00020616C6C6F63617465206E6577204D5064
:1030E0005520726567696F6E2025750A0050617200
:1030F000746974696F6E2025753A2073616E697406
:103100007920636865636B206661696C65642E0075
:10311000496E76616C696420756E6465726C79695C
:103120006E6720726567696F6E20696E64657820CE
:10313000257500574553545F544F504449522F7AD8
:1031400065706879722F617263682F61726D2F6389
:103150006F72652F6D70752F61726D5F6D70752E5A
:10316000630009436F6E6669677572696E67202533
:103170007520737461746963204D505520726567C2
:10318000696F6E73206661696C65640A0A00094D97
:1031900061726B696E6720257520617265617320AD
:1031A000666F722064796E616D696320726567690C
:1031B0006F6E73206661696C65640A0A0009526566
:1031C000717565737420746F20636F6E66696775BF
:1031D00072653A20257520726567696F6E732028C5
:1031E000737570706F727465643A202575290A0AC8
:1031F000002128726567696F6E5B6964785D2E6473
:10320000745F617474722026202831554C203C3C38
:10321000202830292929000952414D5F4E4F434152
:1032200043484520776974682044545F4D454D5F9D
:10323000434143484541424C452061747472696280
:103240007574650A0A00094661696C656420746FCB
:1032500020616C6C6F63617465204D505520726500
:1032600067696F6E732066726F6D2044540A0A009E
:10327000464C4153485F30005352414D5F30005738
:103280004553545F544F504449522F7A65706879C2
:10329000722F6C69622F6C6962632F6E65776C693F
:1032A000622F6C6962632D686F6F6B732E630028E9
:1032B00028282873697A655F7429283531312929CE
:1032C000203C3C20313029202D2028282875696E8B
:1032D000747074725F742928265F656E64292920D2
:1032E0002D20307832303030303030302929203EB7
:1032F0003D203230343800096D656D6F727920736E
:103300007061636520617661696C61626C652066DD
:103310006F72206E65776C696220686561702069E4
:1033200073206C657373207468616E207468652007
:103330006D696E696D756D20726571756972656410
:103340002073697A652073706563696669656420B6
:10335000627920434F4E4649475F4E45574C49429C
:103360005F4C4942435F4D494E5F5245515549526A
:1033700045445F484541505F53495A450A002A6C0D
:103380006F636B20213D202828766F6964202A29ED
:10339000302900096E6F6E2D7265637572736976E0
:1033A00065206C6F636B20616C6C6F636174696F17
:1033B0006E206661696C65640A00097265637572E6
:1033C00073697665206C6F636B20616C6C6F6361F1
:1033D00074696F6E206661696C65640A0061626F72
:1033E000727428290A00736F6300416C6C6F63610B
:1033F000746564206C65737320475254432063687E
:10340000616E6E656C732028256429207468616E76
:1034100020726571756573746564202825642900C0
:10342000574553545F544F504449522F6D6F647544
:103430006C65732F68616C2F6E6F726469632F6E99
:103440007266782F68616C2F6E72665F6772746344
:103450002E680063635F6368616E6E656C203C205C
:10346000283132554C290063635F68203C3D202899
:1034700030784646464646554C203C3C2028305540
:103480004C292900574553545F544F504449522FFB
:103490007A65706879722F736F632F6E6F726469CB
:1034A000632F636F6D6D6F6E2F6E72665F737973CE
:1034B0005F6576656E742E630068616E646C65206E
:1034C0003E3D2030006576656E745F7265665F63B1
:1034D0006E74203E20300063616368655F6E7266C3
:1034E0007800574553545F544F504449522F7A65E2
:1034F000706879722F647269766572732F636C6F6E
:10350000636B5F636F6E74726F6C2F636C6F636B52
:103510005F636F6E74726F6C5F6E72662E630074A1
:10352000797065203C20434C4F434B5F434F4E54D2
:10353000524F4C5F4E52465F545950455F434F5572
:103540004E5400636C6F636B403130653030300037
:103550006866636C6B006C66636C6B006866636CBA
:103560006B32346D00636C6F636B5F636F6E74728C
:103570006F6C00574553545F544F504449522F7A53
:1035800065706879722F696E636C7564652F7A65F2
:10359000706879722F647269766572732F677069CB
:1035A0006F2F6770696F5F7574696C732E68006345
:1035B000616C6C6261636B00094E6F2063616C6CBF
:1035C0006261636B210A0063616C6C6261636B2DE5
:1035D0003E68616E646C657200094E6F2063616CB9
:1035E0006C6261636B2068616E646C6572210A00B5
:1035F000574553545F544F504449522F6D6F647573
:103600006C65732F68616C2F6E6F726469632F6EC7
:103610007266782F68616C2F6E72665F6770696F73
:103620002E68006E72665F6770696F5F70696E5FAB
:1036300070726573656E745F636865636B282A706A
:103640005F70696E2900574553545F544F50444989
:10365000522F7A65706879722F6472697665727319
:103660002F6770696F2F6770696F5F6E7266782E53
:10367000630063622D3E68616E646C657200677002
:10368000696F40313061303030006770696F40647D
:1036900038323030006770696F4035303430300078
:1036A0004661696C656420746F20616C6C6F636146
:1036B0007465206E65787420525820627566666560
:1036C000723A20256400574553545F544F50444983
:1036D000522F7A65706879722F6472697665727399
:1036E0002F6932732F6932735F6E72665F74646D17
:1036F0002E6300705F627566666572732D3E705F43
:1037000072785F62756666657220213D2028287692
:103710006F6964202A293029207C7C20705F6275C3
:1037200066666572732D3E705F74785F627566665B
:10373000657220213D202828766F6964202A29306F
:1037400029006472765F646174612D3E636C6B5F07
:103750006D677220213D202828766F6964202A2910
:10376000302900446576696365206973206E6F7443
:1037700020636F6E666967757265640043616E6E83
:103780006F7420777269746520696E207374617438
:10379000653A20256400546869732064657669631E
:1037A000652063616E206F6E6C7920777269746535
:1037B00020626C6F636B7320757020746F202575A9
:1037C0002062797465730054686973206465766952
:1037D00063652063616E206F6E6C79207772697407
:1037E000652066756C6C2033322D62697420776FAA
:1037F0007264732067726561746572207468616EAB
:103800002025752062797465732E0043616E6E6F9A
:103810007420726561637175697265207175657573
:103820006564206275666665720043616E6E6F74D2
:1038300020737570706C7920627566666572004ED3
:103840006F205458206275666665722061766169E2
:103850006C61626C6500705F696E697469616C5F50
:10386000627566666572732D3E705F72785F627511
:103870006666657220213D202828766F6964202ABB
:10388000293029207C7C20705F696E697469616CC5
:103890005F627566666572732D3E705F74785F62F5
:1038A000756666657220213D202828766F69642040
:1038B0002A293029004E6F20726F6F6D20696E20AB
:1038C00052582071756575650043616E6E6F742086
:1038D000636F6E66696775726520696E20737461C7
:1038E00074653A2025640074646D5F6366672D3EDD
:1038F0006D656D5F736C616220213D202828766FB5
:103900006964202A2930292026262074646D5F638B
:1039100066672D3E626C6F636B5F73697A65202109
:103920003D203000546869732064657669636520C2
:1039300063616E206F6E6C79207472616E736D6955
:10394000742066756C6C2033322D62697420776F39
:103950007264732067726561746572207468616E49
:103960002025752062797465732E00556E7375700D
:10397000706F7274656420776F72642073697A6502
:103980003A20257500556E737570706F727465649A
:10399000206461746120666F726D61743A203078C2
:1039A0002530327800556E737570706F727465646F
:1039B0002073747265616D20666F726D61743A2058
:1039C00030782530327800556E737570706F727470
:1039D0006564206E756D626572206F662063686134
:1039E0006E6E656C733A20257500556E7375707038
:1039F0006F72746564206F7065726174696F6E2098
:103A00006D6F64653A2030782530327800556E73DA
:103A10007570706F72746564206F7074696F6E7307
:103A20003A2030782530327800545820616E642076
:103A30005258206368616E6E656C7320636F6E66AA
:103A4000696775726174696F6E7320617265206455
:103A50006966666572656E7400545820616E6420F4
:103A6000525820636F6E66696775726174696F6E14
:103A7000732061726520646966666572656E7400A4
:103A8000496E76616C696420747269676765723A21
:103A9000202564004E6F7420616C6C6F7765640044
:103AA000496E617070726F707269617465207472B2
:103AB0006967676572202825642F2564292C206199
:103AC00063746976652073747265616D2873293A31
:103AD000202564004661696C656420746F207265FE
:103AE000717565737420636C6F636B3A2025640095
:103AF00001000001010101000000000101000001BE
:103B000000000000000000000102080802027464C6
:103B10006D4065383030300074646D5F6E726600E1
:103B200000010405020608090F574553545F544F1E
:103B3000504449522F7A65706879722F64726976A1
:103B40006572732F73657269616C2F756172745F32
:103B50006E7266785F75617274652E6300095458E1
:103B6000206F6E6C7920554152544520696E7374F4
:103B7000616E63650A006E72665F75617274655F7F
:103B80006576656E745F636865636B2875617274D2
:103B9000652C204E52465F55415254455F4556456F
:103BA0004E545F454E44525829007561727440630B
:103BB0003630303000756172745F6E7266785F7592
:103BC0006172746500574553545F544F50444952D5
:103BD0002F6D6F64756C65732F68616C2F6E6F72DB
:103BE0006469632F6E7266782F68656C7065727396
:103BF0002F6E7266785F677070695F647070692E8F
:103C00006300705F6770706920213D202828766FFF
:103C10006964202A29302900574553545F544F5076
:103C20004449522F6D6F64756C65732F68616C2FFA
:103C30006E6F726469632F6E7266782F6273702F75
:103C4000737461626C652F736F632F696E74657234
:103C5000636F6E6E6563742F6E7266785F677070E7
:103C6000695F6C756D6F732E63006E6F64655F695D
:103C700064203C204E5246585F475050495F4E4F9B
:103C800044455F434F554E54006E6F64655F6964F1
:103C9000203C204E5246585F475050495F4E4F449B
:103CA000455F445050495F434F554E54005745536C
:103CB000545F544F504449522F6D6F64756C657357
:103CC0002F68616C2F6E6F726469632F6E726678F5
:103CD0002F647269766572732F7372632F6E7266CA
:103CE000785F636C6F636B2E63006D5F636C6F63F3
:103CF0006B5F63622E6D6F64756C655F696E69746E
:103D000069616C697A656400574553545F544F503C
:103D10004449522F6D6F64756C65732F68616C2F09
:103D20006E6F726469632F6E7266782F6472697643
:103D30006572732F7372632F6E7266785F636C6F38
:103D4000636B5F6C66636C6B2E6300574553545F07
:103D5000544F504449522F6D6F64756C65732F68D2
:103D6000616C2F6E6F726469632F6E7266782F6458
:103D70007269766572732F7372632F6E7266785FE5
:103D8000636C6F636B5F786F2E6300574553545FAE
:103D9000544F504449522F6D6F64756C65732F6892
:103DA000616C2F6E6F726469632F6E7266782F6418
:103DB0007269766572732F7372632F6E7266785FA5
:103DC000636C6F636B5F786F32346D2E63005745A1
:103DD00053545F544F504449522F6D6F64756C6556
:103DE000732F68616C2F6E6F726469632F6E7266D9
:103DF000782F68616C2F6E72665F6770696F74658B
:103E00002E6800696E646578203C20380057455361
:103E1000545F544F504449522F6D6F64756C6573F5
:103E20002F68616C2F6E6F726469632F6E72667893
:103E30002F647269766572732F7372632F6E726668
:103E4000785F6770696F74652E63006E7266795F64
:103E50006770696F5F70696E5F70726573656E74AD
:103E60005F636865636B2870696E290070696E5FB7
:103E700069735F7461736B5F6F75747075742870AC
:103E80005F696E7374616E63652C2070696E2900C2
:103E900070696E5F69735F696E70757428705F69B1
:103EA0006E7374616E63652C2070696E2900706991
:103EB0006E5F6861735F7472696767657228705FAF
:103EC000696E7374616E63652C2070696E29007071
:103ED0005F696E7374616E636500705F6368616EC5
:103EE0006E656C00696E745F656E61626C65000082
:103EF0000A2A354242424242424242424242420041
:103F000001020376616C7565203C3D2028283078DD
:103F100046464646554C203C3C202830554C2929E5
:103F2000203E3E202830554C29290076616C75656D
:103F3000203C3D20282830784646554C203C3C20EB
:103F40002830554C2929203E3E202830554C29291F
:103F500000574553545F544F504449522F6D6F647E
:103F6000756C65732F68616C2F6E6F726469632F57
:103F70006E7266782F647269766572732F737263DE
:103F80002F6E7266785F677274632E6300705F6372
:103F900068616E5F646174610076616C7565203C78
:103FA0003D202830783746464646464646554C2002
:103FB0003C3C202830554C2929006D5F63622E73EC
:103FC00074617465203D3D204E5246585F44525600
:103FD0005F53544154455F494E495449414C495AF5
:103FE000454400737973636F756E7465725F6368BF
:103FF00065636B286368616E6E656C29203D3D20AA
:1040000030006D5F63622E6368616E6E656C5F6425
:104010006174615B695D2E6368616E6E656C203DE5
:104020003D2069647800574553545F544F504449CC
:10403000522F6D6F64756C65732F68616C2F6E6F96
:10404000726469632F6E7266782F64726976657226
:10405000732F7372632F6E7266785F706F776572FD
:104060002E6300705F636F6E666967006D5F706FCF
:10407000667761726E5F68616E646C657220213D67
:10408000202828766F6964202A293029006D5F7303
:104090006C6565706576745F68616E646C657220CE
:1040A000213D202828766F6964202A29302900576D
:1040B0004553545F544F504449522F6D6F64756C93
:1040C00065732F68616C2F6E6F726469632F6E72F7
:1040D00066782F68616C2F6E72665F7272616D63B5
:1040E0002E6800705F636F6E6669672D3E77726938
:1040F00074655F627566665F73697A65203C3D2012
:104100002830783230554C2900574553545F544F6E
:10411000504449522F7A65706879722F6B65726EC0
:10412000656C2F6465766963652E63007263203E5B
:104130003D202D28307866662920262620726320AF
:104140003C20300009646576696365202573206929
:104150006E69743A20696E76616C6964206572726A
:104160006F7220282564290A0048616C74696E67A3
:104170002073797374656D00556E6B6E6F776E206A
:104180006572726F7200756E6B6E6F776E003E3E79
:104190003E205A455048595220464154414C2045F2
:1041A00052524F522025643A202573206F6E2043CF
:1041B0005055202564004661756C742064757269E1
:1041C0006E6720696E746572727570742068616EB6
:1041D000646C696E670A0043757272656E74207450
:1041E00068726561643A202570202825732900577C
:1041F0004553545F544F504449522F7A6570687943
:10420000722F6B65726E656C2F666174616C2E63C4
:1042100000726561736F6E20213D204B5F455252E5
:104220005F4B45524E454C5F50414E49430009415A
:104230007474656D7074656420746F207265636F4B
:104240007665722066726F6D2061206B65726E6597
:104250006C2070616E696320636F6E646974696F4E
:104260006E0A0043505520657863657074696F6EFF
:1042700000556E68616E646C656420696E74657269
:104280007275707400537461636B206F766572662B
:104290006C6F77004B65726E656C206F6F7073008A
:1042A0004B65726E656C2070616E69630057455393
:1042B000545F544F504449522F7A65706879722F79
:1042C0006B65726E656C2F696E69742E630074681D
:1042D000726561645F64617461203C3D205F5F735F
:1042E00074617469635F7468726561645F6461744A
:1042F000615F6C6973745F656E640069646C65000E
:10430000646576203C3D205F6465766963655F6C1B
:104310006973745F656E64006F7300574553545F33
:10432000544F504449522F7A65706879722F6B65EB
:10433000726E656C2F6D656D5F736C61622E6300CC
:10434000736C6162203C3D205F6B5F6D656D5F73D8
:104350006C61625F6C6973745F656E640028736C76
:1043600061622D3E667265655F6C697374203D3DC8
:10437000202828766F6964202A29302920262620C3
:10438000736C61622D3E696E666F2E6E756D5F7522
:10439000736564203D3D20736C61622D3E696E66DD
:1043A0006F2E6E756D5F626C6F636B7329207C7C02
:1043B00020736C61625F7074725F69735F676F6FA7
:1043C0006428736C61622C20736C61622D3E66728E
:1043D00065655F6C697374290009736C61622063A1
:1043E0006F7272757074696F6E2064657465637442
:1043F00065640A0009496E76616C6964206D656DBB
:104400006F727920706F696E7465722070726F764A
:10441000696465640A00574553545F544F504449DA
:10442000522F7A65706879722F6B65726E656C2F8A
:10443000696E636C7564652F6B73636865642E6861
:104440000021617263685F6972715F756E6C6F6382
:104450006B6564286B65792900090A0074687265C8
:1044600061642D3E626173652E70656E6465645F84
:104470006F6E00574553545F544F504449522F7A42
:1044800065706879722F6B65726E656C2F69646CEC
:10449000652E63005F6B65726E656C2E637075735D
:1044A0005B305D2E63757272656E742D3E62617352
:1044B000652E7072696F203E3D2030005745535481
:1044C0005F544F504449522F7A65706879722F6B50
:1044D00065726E656C2F6D73675F712E630021616D
:1044E0007263685F69735F696E5F69737228292000
:1044F0007C7C20282874696D656F7574292E746919
:10450000636B73203D3D202828286B5F74696D65BF
:104510006F75745F74297B307D29292E7469636BF4
:104520007329006D7367712D3E77726974655F70D2
:104530007472203E3D206D7367712D3E6275666614
:1045400065725F7374617274202626206D736771C3
:104550002D3E77726974655F707472203C206D73B4
:1045600067712D3E6275666665725F656E640057A1
:104570004553545F544F504449522F7A65706879BF
:10458000722F6B65726E656C2F6D757465782E6316
:104590000021617263685F69735F696E5F6973723E
:1045A000282900096D7574657865732063616E6EE6
:1045B0006F74206265207573656420696E73696429
:1045C0006520495352730A006D757465782D3E6CF1
:1045D0006F636B5F636F756E74203E2030550057BC
:1045E0004553545F544F504449522F7A657068794F
:1045F000722F6B65726E656C2F73656D2E6300286C
:1046000028617263685F69735F696E5F697372289E
:1046100029203D3D203029207C7C20282874696D8C
:10462000656F7574292E7469636B73203D3D202876
:1046300028286B5F74696D656F75745F74297B30B2
:104640007D29292E7469636B732929007379737727
:104650006F726B7100574553545F544F5044495229
:104660002F7A65706879722F6B65726E656C2F7723
:104670006F726B2E6300776F726B2D3E717565756F
:104680006520213D202828766F6964202A29302959
:1046900000776F726B20213D202828766F69642097
:1046A0002A29302900776F726B2D3E68616E646C29
:1046B000657220213D202828766F6964202A2930E0
:1046C000290021666C61675F7465737428267175B3
:1046D0006575652D3E666C6167732C204B5F574F87
:1046E000524B5F51554555455F53544152544544D3
:1046F0005F4249542900737461636B0057455354FA
:104700005F544F504449522F7A65706879722F6B0D
:1047100065726E656C2F7468726561642E63002823
:104720002828287072696F2929203D3D20313520C5
:104730002626207A5F69735F69646C655F746872AE
:104740006561645F656E7472792828656E7472792C
:10475000292929207C7C202828283135202D20312A
:1047600029203E3D2028282D31362929292026269A
:104770002028287072696F2929203E3D2028282D85
:10478000313629292026262028287072696F292988
:10479000203C3D20283135202D20312929290009B0
:1047A000696E76616C6964207072696F7269747980
:1047B00020282564293B20616C6C6F77656420722A
:1047C000616E67653A20256420746F2025640A00B5
:1047D0000954687265616473206D6179206E6F742D
:1047E000206265206372656174656420696E20498A
:1047F0005352730A00574553545F544F5044495223
:104800002F7A65706879722F6B65726E656C2F7385
:10481000636865642E6300217A5F69735F69646C05
:10482000655F7468726561645F6F626A656374284E
:1048300074687265616429002169735F74687265C8
:1048400061645F64756D6D7928746872656164294F
:1048500000574553545F544F504449522F7A657066
:104860006879722F6B65726E656C2F696E636C75FB
:1048700064652F6B7468726561642E68005F6B6598
:10488000726E656C2E637075735B305D2E6375722E
:1048900072656E7420213D202828766F6964202A75
:1048A00029302900574553545F544F504449522FE3
:1048B0007A65706879722F6B65726E656C2F696EA0
:1048C000636C7564652F6B737761702E680061721D
:1048D00063685F6972715F756E6C6F636B65642886
:1048E0006B657929207C7C205F6B65726E656C2E10
:1048F000637075735B305D2E63757272656E742DB7
:104900003E626173652E7468726561645F73746181
:10491000746520262028282831554C203C3C20282E
:1049200030292929207C20282831554C203C3C2046
:104930002833292929290009436F6E74657874206A
:10494000737769746368696E67207768696C65203E
:10495000686F6C64696E67206C6F636B210A00730B
:10496000697A656F66285F73636865645F737069F1
:104970006E6C6F636B29203D3D2030207C7C206C69
:104980006F636B20213D20265F73636865645F73EE
:1049900070696E6C6F636B005F6B65726E656C2E19
:1049A000637075735B305D2E63757272656E742D06
:1049B0003E626173652E73636865645F6C6F636BE1
:1049C000656420213D203155005F6B65726E656C1A
:1049D0002E637075735B305D2E63757272656E74D5
:1049E0002D3E626173652E73636865645F6C6F63EF
:1049F0006B656420213D20305500217465726D691E
:104A00006E617465000961626F72746564205F6332
:104A1000757272656E74206261636B2066726F6D71
:104A200020646561640A0021657373656E74696151
:104A30006C000961626F7274656420657373656EE2
:104A40007469616C207468726561642025700A0065
:104A5000574553545F544F504449522F7A657068FC
:104A600079722F6B65726E656C2F74696D65736CEE
:104A70006963696E672E6300282874696D656F75B8
:104A8000742920262620282875696E747074725F38
:104A9000742928736C6963655F74696D656F7574DB
:104AA000732929203C3D20282875696E7470747222
:104AB0005F74292874696D656F757429292026260D
:104AC00020282875696E747074725F74292874695F
:104AD0006D656F75742929203C20282875696E74CE
:104AE0007074725F7429282628736C6963655F741B
:104AF000696D656F757473295B282873697A655FC2
:104B00007429282828696E742973697A656F662864
:104B1000636861725B31202D202832202A202128F1
:104B2000215F5F6275696C74696E5F74797065731B
:104B30005F636F6D70617469626C655F70285F5F41
:104B4000747970656F665F5F28736C6963655F7405
:104B5000696D656F757473292C205F5F747970655A
:104B60006F665F5F282628736C6963655F74696D83
:104B7000656F757473295B305D292929295D2920AA
:104B80002D203129202B202873697A656F662873C0
:104B90006C6963655F74696D656F75747329202F27
:104BA0002073697A656F662828736C6963655F7422
:104BB000696D656F757473295B305D292929295DDD
:104BC00029292026262028282875696E7470747279
:104BD0005F74292874696D656F75742929202D20EB
:104BE000282875696E747074725F742928736C69F3
:104BF00063655F74696D656F757473292929202554
:104C00002073697A656F662828736C6963655F74C1
:104C1000696D656F757473295B305D29203D3D209A
:104C2000302900574553545F544F504449522F7A0E
:104C300065706879722F6B65726E656C2F7468721F
:104C40006561645F6D6F6E69746F722E630075735A
:104C500065725F636220213D202828766F69642099
:104C60002A2930290009757365725F6362206361C8
:104C70006E206E6F74206265204E554C4C0A0057B2
:104C80004553545F544F504449522F7A65706879A8
:104C9000722F6B65726E656C2F74696D656F7574BC
:104CA0002E6300217379735F646E6F64655F69734F
:104CB0005F6C696E6B65642826746F2D3E6E6F6441
:104CC000652900574553545F544F504449522F7A39
:104CD00065706879722F6B65726E656C2F6B686595
:104CE00061702E630068656170203C3D205F6B5FE2
:104CF000686561705F6C6973745F656E64004661BE
:104D0000696C656420746F20706F70756C61746578
:104D10002077696E646F772073746174650A00464A
:104D200061696C656420746F20706F70756C61745C
:104D300065206666742073746174650A0046616953
:104D40006C656420746F20706F70756C6174652081
:104D500066696C74657262616E6B207374617465F0
:104D60000A004661696C656420746F20706F70750D
:104D70006C617465206E6F6973652072656475631C
:104D800074696F6E2073746174650A004661696CA2
:104D9000656420746F20706F70756C61746520702D
:104DA00063616E206761696E20636F6E74726F6CF1
:104DB0002073746174650A004661696C65642074CF
:104DC0006F20706F70756C617465206C6F672073F5
:104DD00063616C652073746174650A004661696C77
:104DE000656420746F20616C6C6F632065737469F7
:104DF0006D617465206275666665720A0046616958
:104E00006C656420746F20616C6C6F6361746520E5
:104E10006761696E204C55540A004661696C65648F
:104E200020746F20616C6C6F636174652077696EAC
:104E3000646F7720636F656666696369656E747316
:104E40000A004661696C656420746F20616C6C6F48
:104E5000636174652077696E646F7720696E707521
:104E6000740A004661696C656420746F20616C6C23
:104E70006F636174652077696E646F77206F7574F6
:104E80007075740A004661696C656420746F2061F6
:104E90006C6C6F632066667420696E707574206236
:104EA00075666665720A004661696C656420746F98
:104EB00020616C6C6F6320666674206F757470750A
:104EC00074206275666665720A004B697373206DA3
:104ED000656D6F72792073697A696E6720666169A2
:104EE0006C65642E0A004661696C656420746F20ED
:104EF000616C6C6F632066667420736372617463A7
:104F000068206275666665720A004B697373206D6E
:104F1000656D6F727920707265616C6C6F6361741E
:104F2000696F6E2073747261746567792066616958
:104F30006C65642E0A004661696C656420746F209C
:104F4000616C6C6F63617465206368616E6E656C23
:104F500020627566666572730A006C6F7765725FB2
:104F60006672657175656E63795F6C696D697420D1
:104F70003E3D20302E306600766F69642043616CC0
:104F800063756C61746543656E74657246726571B4
:104F900075656E6369657328696E742C20666C6F25
:104FA00061742C20666C6F61742C20666C6F617468
:104FB0002A29002F73646B2D6E72662D65646765F8
:104FC0002D61692F646570732F74686972645F70F6
:104FD000617274792F74662F74656E736F72666C6C
:104FE0006F772F6C6974652F6578706572696D6570
:104FF0006E74616C2F6D6963726F66726F6E74652B
:105000006E642F6C69622F66696C74657262616E82
:105010006B5F7574696C2E63630075707065725F89
:105020006672657175656E63795F6C696D69742010
:105030003E206C6F7765725F6672657175656E6331
:10504000795F6C696D6974004661696C6564207490
:105050006F20616C6C6F6361746520776569676848
:105060007473206F7220756E776569676874730A50
:105070000046696C74657262616E6B20656E645F78
:10508000696E6465782069732061626F766520734C
:105090007065637472756D2073697A652E0A00639A
:1050A000726163656E00574553545F544F504449D5
:1050B000522F6E72662F7375627379732F6E7266DC
:1050C0005F73656375726974792F7372632F64728D
:1050D00069766572732F63726163656E2F636F6D9E
:1050E0006D6F6E2F7372632F63726163656E2F6CC9
:1050F00069625F6B6D752E63002828282875696EBC
:10510000747074725F74296B6D755F7372632D3E7A
:105110006465737429202520313629203D3D2030D7
:1051200029000944455354206D6973616C69676EA9
:1051300065640A00574553545F544F504449522FF9
:105140006E72662F7375627379732F6E72665F73FA
:10515000656375726974792F7372632F64726976EF
:105160006572732F63726163656E2F737873796DE7
:1051700063727970742F7372632F706C6174666FD1
:10518000726D2F626172656D6574616C2F696E74EA
:10519000657272757074732E630009556E68616E66
:1051A000646C656420696E746572727570742E200B
:1051B0000A00574553545F544F504449522F6E7262
:1051C000662F7375627379732F6E72665F73656392
:1051D00075726974792F7372632F7574696C732F8C
:1051E0006E72665F73656375726974795F6D7574ED
:1051F000657865732E6300726574203D3D20300034
:10520000574553545F544F504449522F7A65706844
:1052100079722F6B65726E656C2F6576656E74732F
:105220002E63002C2066756E6374696F6E3A2000E1
:10523000617373657274696F6E2022257322206614
:1052400061696C65643A2066696C65202225732269
:105250002C206C696E65202564257325730A000077
:105260002020202020202020202828282828202016
:10527000202020202020202020202020202020202E
:1052800088101010101010101010101010101010A6
:105290000404040404040404040410101010101086
:1052A000104141414141410101010101010101015F
:1052B0000101010101010101010101101010101093
:1052C0001042424242424202020202020202020230
:1052D0000202020202020202020202101010102058
:1052E00000000000000000000000000000000000BE
:1052F00000000000000000000000000000000000AE
:10530000000000000000000000000000000000009D
:10531000000000000000000000000000000000008D
:10532000000000000000000000000000000000007D
:10533000000000000000000000000000000000006D
:10534000000000000000000000000000000000005D
:10535000000000000000000000000000000000004D
:10536000232D302B2000686C4C006566674546474E
:1053700000303132333435363738394142434445D1
:105380004600303132333435363738396162636440
:04539000656600004E
:1053940000000000670000000000000000000000A2
:1053A40000000000000000000000000000000000F9
:1053B40000000000000000000000000000000000E9
:1053C40000000000000000000000000000000000D9
:1053D40000000000000000000000000000000000C9
:1053E40000000000000000000000000000000000B9
:1053F40000000000000000000000000000000000A9
:105404000000000000000000000000000000000098
:105414000000000000000000000000000000000088
:10542400190000005E200200020200002E1B020090
:105434002C1B02000000000000000000020001001C
:1054440001000100A000A00000000000882000204E
:10545400B02C002068010020010000002088010019
:10546400AC2C00200100000002000000000001003C
:1054740000000000000000000000000025530100AF
:1054840003530100E7520100F15201000DEF000047
:10549400E953010099EF0000E81F00201C88010077
:1054A400188801000000000028000100788701002E
:1054B400000000000000000008880100CB3B010050
:1054C400D93F0100E410020000000000BD440100C7
:1054D400C144010000C010500000000000000000A2
:1054E40000000000000000000000000000000000B8
:1054F40000000000000000000000000000000000A8
:105504000000000000000000000000000000000097
:105514000000000000000000000000000000000087
:105524000000000000000000000000000000000077
:105534000000000000000000000000000000000067
:105544000000000000000000000000000000000057
:105554000000000000000000000000000000000047
:105564000000000000000000000000000000000037
:105574000000000000000000000000000000000027
:10558400000000000001000000A00D500000000019
:105594000000000000000000000000000000000007
:1055A40000000000000000000000000000000000F7
:1055B40000000000000000000000000000000000E7
:1055C40000000000000000000000000000000000D7
:1055D40000000000000000000000000000000000C7
:1055E40000000000000000000000000000000000B7
:1055F40000000000000000000000000000000000A7
:105604000000000000000000000000000000000096
:105614000000000000000000000000000000000086
:105624000000000000000000000000000000000076
:10563400000000000000000000000000102700200F
:105644000000000000000000FFFFFFFF599C000065
:1056540000000000FF0000000090D003540300206D
:1056640048030020400300203C0300209412020061
:105674008C120200C412020084120200B41202004E
:10568400BC1202007C1202009C120200A41202004E
:10569400AC120200FF0000000F00000071020000C5
:1056A4007003002070030020ED660100676B0100A9
:1056B40067742000D404002010050020FC0400209E
:1056C4008C0500207C050020E8040020516A0100BC
:1056D400556A0100A803002000000000881502009C
:1056E40068150200481502000000000000000000D8
:1056F40000000000000000000000000000000000A6
:105704000000000000000000000000000000000095
:105714000000000000000000000000000000000085
:105724000000000000000000000000000000000075
:095734000000000000000000FF6D
:0F573D000000000000000000000000000000005D
:10574C00000000000000000000000000000000004D
:10575C00000000000000000000000000000000003D
:10576C00000000000000000000000000000000002D
:0C577C0000000000000000000000000021
:04578800000000001D
:10578C00580400205804002000000000689B0020F2
:10579C0000000000080000004001000000000000B4
:1057AC00780400207804002000000000E03E002077
:1057BC0000000000080000000005000000000000D0
:1057CC009804002098040020000000000000000055
:1057DC000E000000AC040020AC040020000000000F
:1057EC00000000000E000000C0040020C0040020D7
:1057FC0000000000000000000E000000D404002097
:10580C00D404002000000000000000000E00000086
:10581C00E8040020E8040020000000000000000064
:10582C000E000000FC040020FC040020000000001E
:10583C00000000000E0000001005002010050020E4
:10584C0000000000000000000E00000024050020F5
:10585C002405002000000000000000000E000000E5
:10586C003805002038050020000000000000000072
:04587C000E0000001A
:105880004C0500204C050020010000000100000034
:105890005C0500205C050020000000000100000005
:1058A0006C0500206C0500200000000001000000D5
:1058B0007C0500207C0500200000000000000000A6
:1058C0008C0500208C050020000000000000000076
:0458D00015E015E0EA
:0400000300006DA1EB
:00000001FF
