:10000000381701202D340100D58302001934010076
:1000100019340100193401001934010019340100A8
:10002000000000000000000000000000C9350100D1
:1000300019340100000000003135010019340100BD
:10004000CD370100CD370100CD370100CD3701009C
:10005000CD370100CD370100CD370100CD3701008C
:10006000CD370100CD370100CD370100CD3701007C
:10007000CD370100CD370100CD370100CD3701006C
:10008000CD370100CD370100CD370100CD3701005C
:10009000CD370100CD370100CD370100CD3701004C
:1000A000CD370100CD370100CD370100CD3701003C
:1000B000CD370100CD370100CD370100CD3701002C
:1000C000CD370100CD370100CD370100CD3701001C
:1000D000CD370100CD370100CD370100CD3701000C
:1000E000CD370100CD370100CD370100CD370100FC
:1000F000CD370100CD370100CD370100CD370100EC
:10010000CD370100CD370100CD370100CD370100DB
:10011000CD370100CD370100CD370100CD370100CB
:10012000CD370100CD370100CD370100CD370100BB
:10013000CD370100CD370100CD370100CD370100AB
:10014000CD370100CD370100CD370100CD3701009B
:10015000CD370100CD370100CD370100CD3701008B
:10016000CD370100CD370100CD370100CD3701007B
:10017000CD370100CD370100CD370100CD3701006B
:10018000CD370100CD370100CD370100CD3701005B
:10019000CD370100CD370100CD370100CD3701004B
:1001A000CD370100CD370100CD370100CD3701003B
:1001B000CD370100CD370100CD370100CD3701002B
:1001C000CD370100CD370100CD370100CD3701001B
:1001D000CD370100CD370100CD370100CD3701000B
:1001E000CD370100CD370100CD370100CD370100FB
:1001F000CD370100CD370100CD370100CD370100EB
:10020000CD370100CD370100CD370100CD370100DA
:10021000CD370100CD370100CD370100CD370100CA
:10022000CD370100CD370100CD370100CD370100BA
:10023000CD370100CD370100CD370100CD370100AA
:10024000CD370100CD370100CD370100CD3701009A
:10025000CD3701001FAC0200CD370100CD370100C2
:10026000CD370100CD37010009AC0200CD370100C8
:10027000CD370100CD370100CD370100CD3701006A
:10028000CD370100CD370100CD370100CD3701005A
:10029000CD370100CD370100CD370100CD3701004A
:1002A000CD370100CD370100CD370100CD3701003A
:1002B000CD370100CD370100CD370100CD3701002A
:1002C000CD370100CD370100CD370100CD3701001A
:1002D000CD370100CD370100CD370100CD3701000A
:1002E000CD370100CD370100CD370100CD370100FA
:1002F000CD370100CD370100CD370100CD370100EA
:10030000CD370100CD370100CD370100CD370100D9
:10031000CD370100CD370100CD370100CD370100C9
:10032000CD370100CD370100CD370100CD370100B9
:10033000CD370100CD370100CD370100CD370100A9
:10034000CD370100CD370100CD370100CD37010099
:10035000CD370100CD370100CD370100CD37010089
:10036000CD370100CD370100CD370100CD37010079
:10037000CD370100CD370100CD370100CD37010069
:10038000CD370100CD370100CD370100CD37010059
:10039000CD370100CD370100CD370100CD37010049
:1003A000CD370100CD370100CD370100CD37010039
:1003B000CD370100CD370100CD370100CD37010029
:1003C000CD370100CD370100CD370100CD37010019
:1003D000CD370100F3AB0200CD370100CD3701006E
:1003E000CD370100CD370100CD370100CD370100F9
:1003F000CD370100CD370100CD370100CD370100E9
:10040000CD370100CD370100CD370100CD370100D8
:10041000CD370100CD370100CD370100CD370100C8
:10042000CD370100CD370100CD370100CD370100B8
:10043000CD370100CD370100CD370100CD370100A8
:10044000CD370100CD370100CD370100CD37010098
:10045000CD370100CD370100CD370100CD37010088
:10046000CD370100CD370100CD370100CD37010078
:10047000CD370100CD370100CD370100CD37010068
:10048000CD370100CD370100CD370100CD37010058
:10049000CD370100CD370100CD370100CD37010048
:1004A000CD370100CD370100CD370100CD37010038
:1004B000CD370100CD370100CD370100CD37010028
:0804C000CD370100CD3701002A
:1004C800064A074B02604FF422725B78828008224A
:1004D800C371002382710372704700BFBFCD000053
:1004E800E00D0020064A074B02604FF49C725B7ACD
:1004F80082800822C371FF2382710372704700BF94
:10050800E3C80000E00D0020F8B5C41D002805462A
:1005180024F007040CBF0020204600F0CDFA071E87
:1005280002DA6FF00B00F8BD254EB18870880331F0
:10053800F3790330B27989B280B20AF0B1F80028B1
:10054800EFDB3C4473783178002D04F1030419443F
:1005580024F0030400FB01F10CBF0020204600F04A
:100568002FFC23180DB9002BDBDB717A184679B103
:100578000333002D728923F003040CBF00202046AA
:1005880000F090FC0028CCDB20440DB90028C8DB23
:10059800317A91B1737A83B1C41D002D24F0070418
:1005A8000CBF0020204603F053F90028B9DB0DB139
:1005B8000020B8E72018B6D5B3E7002DF8D1B2E788
:1005C800E00D00201FB572B6194BDC68ECB9BFF31B
:1005D8004F8F1849184BCA6802F4E0621343CB6086
:1005E800BFF34F8F00BFFDE7B2FBF6F22B465D1C51
:1005F800002AF9D1DBB203F110056D4405F80C2C83
:100608000A2233B901A8A047E1E7024600230A26D7
:10061800EDE7013BDBB203F110050DEB0506B0FB7E
:10062800F2F502FB1500303006F80C0C2846E8E716
:10063800E00D002000ED00E00400FA050A4B07B5C4
:10064800DA886846ADF800209A885B88ADF80420FF
:10065800ADF8023001F09AFD18B1FC219C20FFF79B
:10066800B1FF03B05DF804FBE00D002010B50446AF
:1006780028B308F0D3FC10B94FF0FF3010BD07F0D5
:1006880043F9B0F5FA7FF7D80E4B00221A744FF4ED
:100698008072DC601A801B225A809A8040F2032202
:1006A800DA804FF484721A811F225A81EFF3108482
:1006B80072B600F053FC04B962B60020DEE76FF0B2
:1006C8001500DBE7E00D002010B5002840D1234CD1
:1006D800237C032B39D059B1002A3CD00239052993
:1006E80036D8DFE801F0031227352A2D1378637016
:1006F8000020FFF709FF0028B7BF012302236FF08E
:100708000B002374A8BF237410BD13791BB353794E
:100718000BB31188FB291ED853881B3B9BB2E02BD7
:1007280019D81A2917D913689288C4F802300C4BC3
:100738009A80DDE713786372DAE713886381D7E775
:100748001388FF2B07D82372D2E74FF0FF30DBE77F
:100758006FF02C00D8E76FF01500D5E7E00D00200A
:10076800E20D0020F8B50D46064620B319B311F086
:10077800070420D1114F3B7C012B02D16FF00B00F5
:10078800F8BD032B02D14FF0FF30F9E700F060F815
:100798000028F8D02846FFF7B7FE0028EEDB0CF05B
:1007A80064FB3046214601F073FDFFF747FF032342
:1007B80020463B74E4E76FF01500E1E7E00D002008
:1007C80010B5064C237C032B03D101F077FD02F012
:1007D800ABFA0AF067F80020207410BDE00D002085
:1007E80050B1074B03F1140253F8041B934240F82D
:1007F800041BF9D1002070476FF01500704700BF47
:1008080050E0030008B501F00FFD03490120BDE8E1
:10081800084000F049B900BFED04000008B501F038
:1008280017FD03490020BDE8084000F03DB900BFAE
:10083800C904000002680020014B1A60704700BF1D
:10084800F40D0020014B1B68184700BFF40D002071
:10085800024B1868003818BF01207047F40D0020BB
:100868002DE9F7430446264E071D2548376002F058
:1008780073FA0228054607D12149204609F0E3FA10
:10088800284603B0BDE8F0830428F9D13378072B54
:1008980018D13E2000F04AF878B9F37801A93279E6
:1008A800684643EA0223ADF8003009F0DBFC002873
:1008B800DBD053210820FFF785FE052000F078F8EB
:1008C8000028EAD03146204609F0F5FAB0F5817FD4
:1008D80001D37221EEE70028C7D094F8008094F87D
:1008E8000290404600F022F80028BED0B8F13E0F32
:1008F800C6D1484600F05CF80028C1D1B5E700BF72
:10090800F80D0020074B4FF0FF3141F6FF72C3E9A5
:10091800001205490022C1E900221F21C3E9021281
:10092800704700BF600000203C0E00203F280CD814
:1009380001380B4BC0F3421200F01F0053F822306D
:1009480023FA00F000F001007047FF2806D0403875
:10095800044BC0F3421200F01F00EFE7012070477C
:10096800600000203C0E0020074B014600684968E3
:100978001A4603C240F48C2200201A6041F010721B
:1009880042F4FF625A607047600000200246034B41
:100998000068516803C30020704700BF3C0E002068
:1009A8000246024B0068516803C370476800002084
:1009B800431E3828DBB21FBF064A590903F01F033C
:1009C80002EB81021DBF9068D84000F001000020B2
:1009D800704700BF600000200A8870B595B2C67CD9
:1009E800C2F30E020488023602F118033444C35AD3
:1009F800A4B233442344013BB3FBF4F303FB0422C6
:100A0800438892B29342044B8BBF2B40AB431343B2
:100A18009BB20B8070BD00BF0080FFFF4A1E062AF4
:100A280008B50346084604D84FF4D1711520FFF7DE
:100A3800C9FD094A914202D940F2A311F6E711B95A
:100A480003B1196008BD2BB11B680022C3E901215D
:100A58001A1D1A600430F5E7FAFFFF7F10B5114B35
:100A680000EB41041A786389B3FBF2F303FB02231A
:100A7800013A1A44B2F5706F0279807828BF0023D2
:100A88001A440B18B2FBF0F100FB11215B1AB3FBFF
:100A9800F0F100FB113313446FEA43436FEA534309
:100AA800638110BD440E0020024B03EB80035960A4
:100AB800704700BF440E00202DE9F04F10F0070AE0
:100AC80085B0054604D040F261111720FFF77AFD82
:100AD800524F044607F10C06B146B04657F8043B9E
:100AE8008DF80BA03BB101A898479DF80A30082B58
:100AF80001D9E821E9E79DF80B1041BB05B1316048
:100B08004F4506F10406E9D1002D6ED00022DFF82A
:100B180010910227964689F8002058F827A0013F2F
:100B2800BAF1000F54D09AF804609AF802C0FF2E68
:100B38005FD039460023481C37D19C44BCF1FF0FD5
:100B48003ED90AB189F800E040F22711BDE79DF8C7
:100B58000AC04B1D60465A0004EB4303022838BF05
:100B68000220441E40422344BDF808406444CCF1AE
:100B7800000C0340013C04EA0C04B4F5803F01D3A7
:100B8800F821A2E775B19A1A012032609170148099
:100B9800D0709DF80C00107101984FEA104C10812C
:100BA800A2F806C004FB0134AAE758F8210028B1CE
:100BB80090F804B0B34504BF80781B180139BAE730
:100BC800DBB2E6458AF804303CBF5FFA8CFE0122AE
:100BD8007B1CA2D10AB189F800E0022640F6FF6A20
:100BE80058F82670B7B9013EFAD2601B05B0BDE8C7
:100BF800F08F0023E5E707EB410309F101093846C7
:100C0800A3F80AA0FFF72AFF5FFA89F1BB788B42A5
:100C1800F1D8E8E74FF00009F6E700BF480E0020DA
:100C2800440E002038B54FF6FF7302460380184B78
:100C380003EB81031869A8B184780379B3FBF4F155
:100C480004FB1133DBB2194600EB4105B5F90A5034
:100C5800002D0EDB0131B1FBF4F504FB1511C9B20F
:100C68008B42F1D1002038BD6381BDE8384009F0DE
:100C7800F3BC00EB41046389C3F30E031380C2780D
:100C8800002AF1D14FF4D5711720FFF79BFC00BF64
:100C9800440E00201C4B03EB810370B51C6905460C
:100CA80044B3030404D54FF4DC711720FFF78AFC22
:100CB8000146204609F0B3FCFF28014604D020462F
:100CC800BDE8704009F0C8BCA078B5FBF0F300FBA4
:100CD8001353DBB219460A1D04EB4206B6F902604B
:100CE800002E09DB0131B1FBF0F200FB1211C9B291
:100CF8008B42F0D1002070BD8B4201D00023E370FD
:100D080004EB42025580DAE7440E0020094B03EB5E
:100D18008103014610B51C69204609F080FCFF28B4
:100D2800014604D02046BDE8104009F095BC0020DB
:100D380010BD00BF440E0020F8B5104B074603EB6A
:100D4800810301461C69204609F069FCFF28054615
:100D580011D0E288238953EA024606D0014620468C
:100D680009F07AFC01463846B04720462946FFF785
:100D780075FE0020F8BD0520FCE700BF440E0020EA
:100D880038B50E4B0446827903EB8203186908B91B
:100D9800052038BD8278E1799142F9D24B1CE37184
:100DA80000EB41035D89B3F90A30002BF3DBA58022
:100DB80009F052FC20600020EBE700BF440E002041
:100DC80070B5044610F003000E4603D04E211820DB
:100DD800FFF7F8FBFFF722FE054624B1034831462A
:100DE8000460FFF71BFE284670BD00BF600E0020A0
:100DF8002DE9F14FDFF870B01E4607460D46DBF8C7
:100E0800003090469DF828A09DF82C901BB96021D1
:100E18001820FFF7D7FB52460921404609F083FA0C
:100E28004A4684B20921304609F07DFA81B2DBF8DE
:100E38000000214409F0C7FB386018B9286001B0E8
:100E4800BDE8F08F04445346414609222C603868B7
:100E580009F02CFA4B4609223146286801B0BDE852
:100E6800F04F09F023BA00BF600E002070B50E469F
:100E7800044609F06BFA0546304609F067FA044B58
:100E88002A1821461868BDE8704009F0C1BB00BFA8
:100E9800600E0020024B186808B109F088BB704743
:100EA800600E00201F2AF8B5044624D89200134D7E
:100EB800033250B1830703D068210920FFF782FB72
:100EC80022F00303297068602B8122F00302282393
:100ED8000127120403FB01F06B680025120CEEB227
:100EE800B14200D8F8BD14B126181F705E601044D6
:100EF80001352833F3E74FF0FF30F3E7640E0020A5
:100F0800154A002170B553681578C8B2854203D8D0
:100F1800BA210920FFF756FB1C461846013114F880
:100F2800286B0EB92346F0E7002199700124128935
:100F3800996103F126055C709208D96103F11E04DA
:100F4800596824F8022FAC4243F8041F1144F8D121
:100F580000234361037070BD640E0020124B012210
:100F68004FF0FF3000215A60C3F80803C3F800159A
:100F7800C3F804255A6040F6FE72C3F808034FF41C
:100F88008060C3F8001503F560330849C3F80825E5
:100F9800C1F88800BFF34F8FBFF36F8FC1F8880186
:100FA800C3F80825704700BF00A0045000E100E026
:100FB8000A460648192302F8033BC368C1F8033000
:100FC8000369536043699360704700BF700E002047
:100FD800024B5A8C02435A845B6A1847700E0020F1
:100FE800014B00215B6A1847700E002010B5154CA4
:100FF80005F04CFA05F0E8FE208DFFF7F1FF237E9F
:1010080063B12246104904F1190052F80C3BE36021
:1010180063685360A36893600AF0CCFD0B4B228D84
:1010280093E8030002F044FC236B188802F0C6FB27
:10103800A36B94F8341094F835009847002384F88B
:101048003C3010BD700E0020B90F00009C0E00202F
:10105800034B93F83C300BB1FFF7C8BF704700BF94
:10106800700E002070B51F4C0646236D256B236457
:101078004FF4817395F88A20A4F8443094F85430DA
:1010880095F8691003EB82002EB9FF2803D195F873
:1010980068308B4201D005F0A9F895F88A30D3B1B1
:1010A800A06D05F0ABFA0123A16D84F88030206CA7
:1010B800D5E93A23C4E91C2305F00CFE16B93046DD
:1010C80005F0EAFA95F86810002005F02DFB0223D8
:1010D80084F83C3070BD206C05F090FA05F074FE81
:1010E800ECE700BF700E002008B5094B93F83C20D0
:1010F800022A04D040F2A3212720FFF763FADA7A04
:1011080042F00102DA72BDE80840FFF76FBF00BF86
:10111800700E00202DE9F341354C06460F4694F831
:101128003C30012B5FFA83F804D040F22E7127205F
:10113800FFF748FA256B95F87C303BB10021042075
:1011480085F87C10FFF744FF85F87D8095F880309E
:10115800042B0BD127490220FFF73AFFD4F890302F
:101168001B78991E4B424B4184F8983095F88A3089
:10117800ABB1236B012294F8548084F88020D5E920
:101188003A01C4E91C0193F8690009F08DFB0022BB
:101198000346194900920220424605F0D9FC26B1BF
:1011A80002B0BDE8F041FFF721BF002FF8D0D4F816
:1011B8009C30304698470028F2D094F83430002B01
:1011C800EED1638C9A0709D594F89830002BE7D0B4
:1011D800002002B0BDE8F041FFF744BF002BDFD18B
:1011E80094F8A030002BF3D194F8A130EEE700BFBB
:1011F800700E0020000F0020D00E0020064B10B506
:1012080093F83C2002F0FF0422B91C7602F048FB58
:10121800204610BD0C24FBE7700E0020094B0A4A3B
:1012280010B51A60FFF7EAFF20B14FF49F7127202D
:10123800FFF7C8F9054C01F051F8206501F052F8A4
:10124800A06510BDA8000020901A0000700E0020B4
:10125800F0B585B07E4C02AE0A9F86E8030094F88C
:101268003C1001F0FF0511B90AB103B127B940F2EA
:10127800D3112720FFF7A6F996E8030004F12C0CF8
:10128800C4F89C3084F834509DF82C3084F8A3506E
:1012980084F8355084F8A45084F8A55065842585D1
:1012A80084F8A05084F8A15084F89850C4F8885065
:1012B800C4F89050A4F894502564A564A4F84C5040
:1012C80084F8A2306262A7638CE80300256B04F0FF
:1012D800B9FF05F079FD95F9700005F5807705F0FF
:1012E80011F86E6AE86905F013F8304605F078F9E8
:1012F80095F89A0005F016F804F160060BF005F869
:1013080095F8692000F17101012005F0ABF8514B07
:10131800186805F06BF92B69C4F8A8306B69C4F834
:10132800AC3005F1F0031868083353F8041C324652
:10133800BB4203C21646F6D15968474A236BD5F813
:10134800000193F8686003C293F88420A2F1250194
:10135800012903D993F8851025295FD193F85E32C6
:101368002BB1012E03D0012B0CBF0126022605F15B
:101378003007314638460AF0ADFC31460AF016FA15
:10138800AB8F95F86910834228BF0346384684F826
:10139800B0300AF088FC95F88A7095F86910B5F8AD
:1013A80044600AF003FA0FB9043080B2864295F817
:1013B8008A3028BF0646F6B284F8B16084F85460D3
:1013C80093B1012395F8690084F88030D5E93A2370
:1013D800C4E91C2309F068FA002203461F49009259
:1013E8000220324605F0B4FB0120FFF73BFE236BD9
:1013F800D3F8B00105F01EF9002323606360A360F1
:10140800B5F87E3063802B88238095F89A30237155
:10141800EB6E0BB101221A6005B0F0BD203A012A2B
:101428000DD823290DD093F8263113F0010202D1EB
:101438009B079CD50222012E18BF164697E7232941
:1014480095D193F8262193F861301340EDE700BF5A
:10145800700E0020A8000020E80E0020D00E00200A
:10146800014B93F8A4007047700E0020024B93F8CC
:101478002900C0F3C0007047700E0020014B93F89C
:10148800A3007047700E002073B5174C0646D4F8B9
:10149800B4500DB1A36C23B940F21B712720FFF79C
:1014A80091F8B4F844202846216C07F00FFFEB1C94
:1014B800B4F84C201846A16C07F008FF0DF10202A1
:1014C80001A9A064D4F8AC00256409F066F8019875
:1014D80009F04DF80122B4F84C103060D4F8AC0093
:1014E80008F0F4FF02B070BD700E00202DE9F04F37
:1014F80000238BB0AF4C80460491256BCDE90733B0
:1015080094F83C30022B5FFA83FB04D04FF4F96166
:101518002720FFF757F8236C5A781E78A4F84C2038
:1015280003221344A4F84420A36495F88A300028C1
:1015380000F02C81C6F3C007C3B105F063FC831E1D
:10154800DBB2012B04D8FFF751FD0BB0BDE8F08FDB
:1015580060B9B4F84C304BB195F8823003F0010310
:10156800BB4203D1012384F83530ECE7B4F84C10C2
:1015780021B1D4F8AC0008F089FF0146238D95F815
:10158800812043F40073C4F8B410238582EA9603DB
:10159800D8076DD4CDF80C8095F8821001F00103BE
:1015A800BB4200F0A6804FF0000995F889308BB156
:1015B800002795F86800D5E9382384F88070C4E9D5
:1015C8001C2309F071F9FB2203467B49042000978C
:1015D80005F0BEFAD4F8B430002B40F0E880B4F837
:1015E8004C30B3FA83F35B0903EA161384F8A1308D
:1015F800049B002B40F0E680628C94F8A33011071E
:1016080004D594F89820002A40F0DC80012B00F2E1
:10161800D980D4F89C3001209847002800F0D28067
:1016280094F83470002F40F0CD80266B94F8543035
:1016380096F88A2096F8681003EB82038DF81970E3
:10164800ADF81A70FF2B03D196F869308B4202D09F
:10165800FF2004F0CBFD96F88030052B00F2F581D1
:10166800DFE813F00601CD01D101D101E301E30167
:1016780095F880305BB3013B0132DBB285F88120FD
:10168800042B0ED84D4AD35C002B83D0022B0BD1F0
:1016980007A9D4F8A80008F0A2FE88B940F22B6187
:1016A80036E740F2136133E7032B10D100F0BCFE9C
:1016B80010B940F235612BE700210820FFF788FCBC
:1016C800D5E93832013342F10002C5E93832002148
:1016D80095F87D3085F8801023B1102085F87D10AD
:1016E800FFF776FC238D43F40063238500230393DF
:1016F80052E7B4F84C2006F00303EAB1581E01285B
:101708001AD8208D40F48050208594F8B10090427A
:1017180006D294F8343043F0100384F8343042E7AA
:10172800D4F8B40000283FF43EAF94F8A20018B1F2
:101738002020FFF755FC36E70131032B85F882108E
:1017480019D0013B012B0BD8002A3FF42CAFC1461E
:10175800D5E93A32013342F10002C5E93A3224E7C9
:10176800002A3FF420AFD5E93A32013342F10002B2
:10177800C5E93A3217E7238D0120114943F4805314
:1017880085F87C002385FFF723FCECE70BB105F017
:1017980053FB94F8A3304FF000090133CDF80C90B7
:1017A80084F8A330238D43F480632385FDE6012369
:1017B8001AE700BF700E0020D00E00209807030023
:1017C800B80E002004F0BCFFB9F1000F4CD1012382
:1017D8000493238D5A0606D44020FFF701FC238D7D
:1017E80043F040032385039B6BB1B4F80720B4F89A
:1017F80005301343B5F87E2013431EBFB4F80930F3
:101808000133A4F80930B8F1000F00F03281B4F8C0
:1018180005300133A4F80530002384F8A330984834
:1018280001F0BAFF079830B108F0A1FE216B002241
:10183800027201F081FB089B33B1216B00221A72FE
:101848000C22089801F046FB049B002B7FF47BAE2A
:10185800238D1B063FF579AE8020FFF7C1FB238D52
:1018680043F08003238570E608A8FFF70DFEAEE776
:1018780094F8B0300DF11A0109A8A6F85830ADF85F
:101888001A3000F0C3FD40B1099830B1012384F843
:10189800A530042386F8803022E096F8C330002B68
:1018A80040F0A4800DF119020DF11A01D4F8A80036
:1018B80008F073FD002800F09980BDF81A30002B5D
:1018C80000F091809DF81930002B40F0858003804E
:1018D80083704FF0030B86F880B0012384F8A5309D
:1018E800BDF81A3096F880A0A4F89430C31CBAF159
:1018F800020F96F881B0C4F8903096F88230C4F898
:101908008800059309D0AAF10402012A00F2A080F8
:10191800C3784FF0030A022B0ED0D4F8A80008F0C1
:1019280094FD002840F09780BAF1030F04D000F02E
:1019380087FD80F00107FFB2D4F888104FEACB0B7F
:10194800059A0B780BF0080B900003F0F30300F0F6
:10195800040043EA0B03034323F0100343EA07138D
:1019680007F0010723F0030384F8A0704AEA030292
:101978000A700222B4F894304B70A4F88C2096F8C0
:101988008920002A69D0002B67D0A06D04F036FEAC
:101998000022D6E9380184F88020C4E91C01A16D31
:1019A800D4F8880004F0FCFF20B9D4F88810A06DA2
:1019B80005F02EF996F86910012004F0B5FE012310
:1019C80084F8A43084F83C30B9F1000F3FF401AF3B
:1019D80008A8FFF759FDFCE6037803F00303012B81
:1019E8007FF479AF75E74FF0010B74E70023ADF88A
:1019F8001A30012386F880302248002372E700233A
:101A0800ADF81A30F8E7B6F858300DF119020DF1B3
:101A18001A01D4F8A800ADF81A3008F0BEFC002866
:101A28007FF45BAF40F2AA4172E50DF11A0109A8F3
:101A380000F0ECFC08B1099810B940F2B74167E52D
:101A4800012384F8A530052324E740F2BF415FE570
:101A58004FF0010A61E701276EE7D4F8880004F027
:101A6800CDFD05F0B1F90021D4F888000BF024FA77
:101A7800A0E7B4F807300133A4F80730CFE600BF79
:101A88009C0E0020280F0020F1100000F514000023
:101A98001D11000059100000304BF0B55A8885B070
:101AA800B0F85C700C46B0F85A6097429D8828BF21
:101AB8001746964228BF16461B2E2ED0B5F5A47F92
:101AC8002DD040F6480301A99D4228BF1D4608F0C5
:101AD80028FFBDF80A30BB4228BF3B46E380BDF86B
:101AE8000C30AB4228BF2B462381BDF80630B342E9
:101AF80028BF33466380BDF80830AB4228BF2B4669
:101B0800A380FF232370E3881B3B9BB2E02B08D9FB
:101B180040F22D713920FEF755FD1B2FCED105B0AF
:101B2800F0BD63881B3B9BB2E02B02D940F22F71BA
:101B3800F0E72389A3F5A4739BB2B3F5E06F02D94C
:101B480040F23171E6E7A388A3F5A4739BB2B3F51D
:101B5800E06FE4D940F23371DCE700BF2C0F0020BE
:101B680010B501210020FFF7D1F8044670B9012112
:101B7800FFF790F8044620B940F29B313920FEF770
:101B880021FD034B93F906100AF079FE204610BD9B
:101B98002C0F0020024B987DC04300F001007047D5
:101BA80054130020044B987DC0F3400080F00100DE
:101BB80000F00100704700BF5413002008B509F079
:101BC80014FD00F0DDFD00F0ADFB09F0CBFF01F0E6
:101BD80051FE03F0A1FF0022084B1B214FF4A47013
:101BE8001A60074B98801A8059800648064B18607F
:101BF80099805A745A829A829A7508BDAC0000205E
:101C08002C0F002003021B0054130020044B41F644
:101C18004C52C3E902221B221A74FFF7CFBF00BF40
:101C28005413002073B5234D0446AB680363224B5D
:101C380083610AF0B5FC064600F064FB8306297C44
:101C480053BF1B236B88AA881A46A4F85A301B4B2B
:101C5800A4F85C201B6884F8381066871BB194F9D7
:101C6800701020889847164E2046314609F0ADFD81
:101C780001236A8804F110006978E3850332AB8890
:101C8800019192B216F8121C033300919BB204F131
:101C98001401FFF7ADF8236923B940F20471392024
:101CA800FEF790FC636913B940F20571F7E700206D
:101CB80002B070BD5413002000093D00B0000020A0
:101CC80066130020024B1B6803B118470C207047AD
:101CD800AC000020034B5A8802801B7883700020D8
:101CE800704700BF5413002037B5837805461A2B78
:101CF80008D8042B04D9144A22FA03F3DB0705D4C5
:101D080012241AE0292B01D03B2BF9D12888B0F5F1
:101D1800706FF5D2694609F0B7FC88B9019B93F852
:101D2800182102F0FF046AB9AA7883F81921FF2262
:101D380083F81821684608F02DFF204603B030BD0F
:101D48000224FAE70C24F8E7200038040188A1F1FE
:101D58001B039BB2E02B0CD8428844F24810A2F532
:101D6800A4739BB2834204D8034B002059809A8005
:101D780070471220704700BF2C0F0020034B5A8871
:101D88009B88028043800020704700BF2C0F0020F2
:101D980038B50278447802F0010302F0020254EAEE
:101DA800030101D1112038BDBAB98578002DF9D0C9
:101DB800002B18BF002400E01D46204608F084FDD3
:101DC8000028EFD0284608F07FFD0028EAD0054B10
:101DD80000209C74DD749882E5E7002BECD0002489
:101DE8002546EAE75413002013B50088694609F030
:101DF8004BFC18B10224204602B010BD019A92F89B
:101E0800DC31DBB292F8A620002AF3D113F0FB0FE5
:101E1800F0D0019890F82A310BB13A24EBE790F80A
:101E2800CE3003F0FF04002BF7D190F8C5309B07A4
:101E380006D1FF2380F82A31684608F0ABFEDAE7BE
:101E48000249C63009F0B6FED5E700BF85C20000DA
:101E5800F7B5077805460C46EF2F0FD890F9012003
:101E68004378002A0ADB8278900707D113F0100024
:101E78001DD1990603F0030202D51AB1122442E0DB
:101E8800032AFBD01E07F9D42979EA78EE7942EAC9
:101E98000122697942EA0142A97941EA06212E7AAA
:101EA80041EA06418A42E9D81F2A0FD8E6E713F02B
:101EB800600FE3D103F00702052A05D003F00F01F4
:101EC8000D22CA40D107D9D51A07DDD56A7A013A59
:101ED800062AD3D8AA7A032AD0D813F0040102D14B
:101EE800023A012A03D8EA7A012AC7D811B9AA7C8A
:101EF800032AC3D82A7D48B1012ABFD12A7E012AE4
:101F0800BCD830B91124204603B0F0BD022AF5D15F
:101F1800B4E7DB0712D46B782A7D03F01803082B8B
:101F280011D1022AEED101213846FEF7EFFE06460E
:101F380078B10AF058FCB8B10C24E4E700F0A2F933
:101F48000028E8D1DEE7022AEDD02B7F002BEAD06B
:101F5800D8E701213846FEF79DFE064640B3154BEB
:101F680093F906100AF08BFC30460AF078FD2946F2
:101F78002070E87430460AF0C8FCEB7E0446002B5B
:101F8800C1D00028BFD10246B16A684608F09FFB5D
:101F98002246B06A012108F0E5FBB16A68460422CE
:101FA80008F095FB22462146B06A08F0DBFBAAE759
:101FB8000724A8E72C0F002030B502798BB0034620
:101FC800042A4FD84088B0F5804F4BD826490024C2
:101FD8008D5C1144ADF800404A798DF8084042F014
:101FE80010028DF8244042EA45028D7AC97B42EA04
:101FF800850242EAC102694602F01F028DF80020FC
:10200800BDF80020ADF809201A888DF80E00000AE6
:102018008DF80B20120A8DF80D408DF80C208DF8E4
:102028000F008DF810405A7BD3F807008DF8112067
:102038005A79059002A88DF812209A798DF8132004
:10204800B3F80B209B7BADF818208DF81A307F234E
:102058008DF81B304FF00113CDE90734FFF7F8FE78
:102068000BB030BD1220FBE79D070300F7B506460D
:10207800FFF776FD04460AF0FDFC33780546012B90
:1020880061D120460AF02EFC00287BD020460AF0B9
:10209800F1FC18B115B9122003B0F0BD20460AF0C2
:1020A800A2FB08B10C20F7E720460AF0D9FB074647
:1020B8000028F7D1204602F0A5FC0028EBD0ED015E
:1020C80042F2107339462046ADB25D430AF0BEFCB9
:1020D80020460AF0C7FC014658B92A46204601F0B6
:1020E800F5FE08B90020D7E741F6AE413920FEF7E2
:1020F80069FA39460DF10600FEF794FD064608B95F
:102108000D20C9E7394609F0CCFABDF8063031464A
:10211800204633800AF0B2FC01213046FFF782FDE9
:102128002A463146204601F0D1FE024610B141F65A
:10213800D141DBE7144B9B68002BD3D006F58D719A
:1021480030469847CEE7002BA5D120460AF0CAFBB7
:10215800C0B120460AF047FB0028C3D020460AF049
:10216800EFF9054620460AF0EEF90146002899D114
:10217800002DB7D02888FEF7DFFD0028B2D041F641
:10218800F341B3E7422087E72C0F0020027803468B
:1021980072B1427862B142881A2A09D982881A2A09
:1021A80006D90068034A106000209B889380704716
:1021B800122070475413002002680020014B9A60D7
:1021C800704700BF541300200378A3F10A02112AB4
:1021D8009BBF024A0020122013747047541300203A
:1021E80008B5052000F082F803F056FC014B024ABE
:1021F8009A6008BD2C0F0020A11A000008B5012222
:10220800084B1A7002F0EEFB0AF0EFFD09F0EBF94B
:10221800FFF704F8002008F027FABDE8084000F0AE
:1022280093BD00BF380F002010B5064C0649201D8D
:1022380008F0B9FF04F108000449BDE8104008F0AF
:10224800B2BF00BF380F0020B4000020BC0000203F
:1022580010B5084C0849201D08F0A5FF04F1080036
:10226800064908F0A0FF04F10C000549BDE810403C
:1022780008F099BF380F0020C4000020CC000020CF
:10228800D4000020014B1878704700BF380F002099
:1022980010B5064C00F034FD606808F07CFFFFF7CD
:1022A800B5FC00F00FFF0123237410BD380F002088
:1022B800014B187C704700BF380F002010B5064C42
:1022C800A06808F068FFE06808F065FFFFF776FC93
:1022D8000023237410BD00BF380F0020004870474A
:1022E800490F0020004870474B100020C2080449DD
:1022F80000F0070001238340885C03438B54704738
:1023080070000020014BD3E90001704770000020E5
:10231800034B1868C0F30020400040F001007047EC
:102328007000002008B505F0EFFA0023074A32F8DC
:102338002310814205D302EB83029378044A137079
:1023480008BD01330C2BF2D10023F7E7B2070300D5
:102358004D11002010B54468238884F86711A4F84B
:10236800683194F86830012B06D0022B04D040F273
:1023780087310620FEF726F984F86A3194F8693027
:10238800012B01D0022BF2D184F86B3104F5AF7028
:10239800034909F00FFC002384F8243110BD00BF65
:1023A8003BB2000040680749038800F25110A0F8CA
:1023B800093010F8F13CC37210F8F03C037309F0CF
:1023C800F3BB00BF51B20000024B002283F8222069
:1023D8009A8470474E110020044B93F82220012A5A
:1023E8001ABF036001200020704700BF4E11002073
:1023F800054B024693F8221001291BBF01209A843D
:10240800002083F8220070474E110020054B024639
:1024180093F8220020B1136009B19B8C0B80012036
:10242800704700BF4E110020044B002293F8220091
:102438009A8410B1012083F8222070474E110020A1
:10244800034B93F82200B0FA80F04009704700BFB0
:102458004E11002050B90A4A0120134603F8010B17
:102468000868C2F801008A889A807047012805D157
:10247800034B0A68D8719A608A889A81704700BFAE
:102488007411002050B90B4B187888B1D3F801208B
:10249800B3F805300A6001208B807047012806D107
:1024A800044BD87920B19A689B890A60F3E7002029
:1024B800704700BF7411002010B9044B187870479A
:1024C800012806BF014BD8790020704774110020FD
:1024D800F7B58A8800238DF80600ADF8042008684F
:1024E8000B4A8DF807300146147802F5A872019D51
:1024F800D8B2844201D8082007E052F8087F013397
:102508005668AE4208BF8F42F2D103B0F0BD00BF9B
:1025180088110020084B0146002230B55C7803F290
:102528000113D0B2844201D8082004E013F8015FF7
:1025380001328D42F5D130BD88110020F8B52D4CFF
:1025480063782218013B92F80251DBB28342637030
:1025580030D01A010101961C8F1C2644274406F12D
:10256800100C56F804EB664547F804EBF9D18232B3
:1025780082312244214402F1100652F8047BB2420F
:1025880041F8047BF9D1E118221891F8026182F828
:10259800026106267343704303F5857300F5857061
:1025A800E618E35827182350B388BB8091F83A31CE
:1025B80082F83A312846FFF7ADFF082818D123786A
:1025C800013BDBB29D42237012D02B3305F12B0265
:1025D80004EBC30304EBC20293E8030082E80300A0
:1025E8002078FFF797FF08281CBF241884F80251A9
:1025F800F8BD00BF88110020F0B5254D89B095F8C9
:10260800984105F299116846224606F05FFE214678
:10261800684609F009F80446B8B300EB400102A87F
:10262800C9B2FEF70FF9631E95F8A1610124DBB268
:1026380095F8981105E0721CB2FBF1F001FB10222D
:10264800D6B206F120020DEB020010F8202C002A69
:10265800F1D103EB430100F8204C06EB4602203190
:102668002A44694411F8187C82F8A27111F8177C81
:1026780011F8161C82F8A37182F8A411013BAA195B
:10268800DBB282F89941FF2BD2D109B0F0BD00BF6F
:102698008811002070B5064688B00C46002A4ED036
:1026A800294A92F8A131D01890F8991119B9FF2147
:1026B8002820FDF787FF03EB43010133114491F80C
:1026C800A251E57091F8A35191F8A4112571617197
:1026D800002180F8991192F89811B3FBF1F001FBF1
:1026E800103382F8A13192F8C23123B9174902F5A3
:1026F800DD7009F05CFA65790D220021684605F065
:102708003F0545F0400565710AF0EBFEE37804AA41
:1027180069468DF80F30304623798DF80D508DF8C5
:102728000E3004230AF047FE9DF81F3023709DF8F1
:102738001E3063709DF81D30A37008B070BD032172
:102748006018FEF77FF8D6E7881100200126000000
:10275800044B5A78824286BF1B1893F84A0100201E
:10276800704700BF88110020044B5A78824286BF08
:102778001B1893F842010020704700BF8811002001
:10278800064B00224FF461711A8083F8C32183F845
:10279800C421A3F8C61183F8C2217047881100200C
:1027A8002DE9F0478246894617469846FFF790FE7E
:1027B80008280546064603D0FFF7ACFE082860D176
:1027C800324C6378072B5ED8082D15D12678731CF8
:1027D800072E237003D96C212820FDF7F3FE06F19C
:1027E8002B02D9F8000004EBC20344F83200B9F810
:1027F800042083F806A09A80657807F110026B1C04
:10280800290163704B1C234412F8010DBA4203F8E6
:10281800010FF9D1813108F11003214413F8012D7A
:10282800984501F8012FF9D125441021404608F0B8
:1028380081FF102185F84201384608F07BFF85F8B2
:1028480002616678002385F84A013146104885F808
:102858003A3108F0E9FE0128054607D831460D4807
:1028680008F0E2FE002818BF0135EDB284F898514F
:102878000025284684F8A151FFF7BEFE2846BDE88A
:10288800F0871220FBE70720F9E700BF8811002036
:10289800CA120020D2120020064B10B55878013811
:1028A80040B2002800DA10BDC4B22046FFF746FE49
:1028B800601EF5E788110020014B83F8C3017047BB
:1028C80088110020014B93F8C3017047881100203C
:1028D800431E4AF2B7129BB293429DBF024BA3F824
:1028E800C60101200020704788110020014BB3F871
:1028F800C6017047881100200A4B30B55C788442C5
:102908000ED9184490F802012B3003EBC004A579C6
:102918000D7053F8300010600120A388938030BDFB
:102928000020FCE7881100200246074810B590F8FF
:10293800C34124B1417821B1023003F00FF9204698
:1029480010BD0C46FBE700BF881100202DE9F74FAA
:102958002F4C9A46804689466378834256D9231875
:1029680093F8425185F00105F9B193F84A31E3B97A
:1029780045F002070135BAF1000F18D1FA070AD558
:10298800062104EB0810524601FB0841823001F58C
:102998008571FFF77FFEBB0734D504EB081052465C
:1029A80049460230FFF776FE2CE02F46E3E794F81D
:1029B800A1614FF0010B002DE0D0A31993F89911F4
:1029C800019399B90092DAB100F04CFB019B06EB38
:1029D8004601009A4FEA102C83F899B1214481F8F6
:1029E800A201000C81F8A3C181F8A401013694F872
:1029F8009831013DB6FBF3F103FB1166F6B2DAE755
:102A080047F00407384603B0BDE8F08F0027F9E720
:102A180088110020074B5A78824209D91A1892F86F
:102A280042212AB9062202FB003000F58570704762
:102A38000020704788110020064B5A78824281BFD7
:102A48001B1893F83A01B0FA80F0400998BF0020AB
:102A5800704700BF88110020F8B50E4607460621CA
:102A68001546304608F066FE044670B10C4B00224D
:102A7800587803F23913D1B2884202D8012420468B
:102A8800F8BD013203F8015FF5E73146384608F032
:102A9800E7FD0828F3D0024B034483F83A51EDE7E9
:102AA8008811002030B5002442F210758487B0F8F0
:102AB80040404C43B4FBF2F4A0F84040541E05FBE0
:102AC8000343B3FBF2F3C387084BB3FBF2F30133C1
:102AD800A0F84430038F05FB0344036B5943B4FB50
:102AE800F2F4B1FBF2F14463016330BD005A6202B3
:102AF800034B80F870101B680BB1008818477047AB
:102B0800DC0000200B2808B504D940F2C7112920A1
:102B1800FDF758FD014B33F8100008BDE20703002C
:102B28000346084671B13F2B0BD8074AD35C03F024
:102B38007F02914205D08CBF0120002000EAD3100B
:102B480070470120704700BFFA0703002DE9F743DB
:102B58000E4669461546994608F096FD044620B982
:102B6800019F35B9012387F88B30012003B0BDE8F8
:102B7800F083D7F810802946404607F0B8FB014695
:102B88000028F3D0134B5B88AB4221D3404607F0B3
:102B9800EAFC97F88B304946A0F80140002B2A46FA
:102BA80018BF022600F8036B06F090FB2946404642
:102BB80007F0D8FB18B98C212B20FDF703FD6846D8
:102BC80007F0E8FF019BA3F8A24187F88B40CCE708
:102BD8002046CBE75413002083230B70014B1B784E
:102BE800CB7070476C1300202DE9F84FD0F80480A3
:102BF8000D46D8F81460304607F0A7FC044620B903
:102C080040F245111020FDF7DDFC0146304607F083
:102C1800AAFCB4F800B082461FFA8BF9B9F1000F8C
:102C280002D140F24911EDE71E4BC71C1B688BB956
:102C3800B8F80030A5F806B0AB8000236B729AF89C
:102C4800003003F00303012B0FD0022B0DD040F20C
:102C58006311D7E74A463946B8F800009847044652
:102C68000028E5D12046BDE8F88F30462B7207F0E2
:102C780080FC044610B94FF4B671C3E7B9F1FB0FF5
:102C880002D940F27B11BDE7286810B94FF4BE7134
:102C9800B8E74A46394606F019FB304607F0C4FB48
:102CA800E0E700BFE000002038B5134C10220021F7
:102CB800201D0AF016FC0125257404F108031022D2
:102CC800002104F11400C4E901330AF00AFC84F875
:102CD800205004F11803094AC4E90533002363624C
:102CE800A36284F82C30C4F82D30C4F8313084F84D
:102CF80035301360A36338BD6C130020E00000205A
:102D080010B5084C2378FF2B04D04FF4C371102062
:102D1800FDF758FC06F046FA2070BDE81040FFF7B2
:102D2800C3BF00BF7D00002010B5034C207806F01B
:102D380053FAFF23237010BD7D000020014B187843
:102D480006F05ABA7D000020014B024A1A6070470B
:102D5800E4000020F12B00002DE9F341DFF8708139
:102D6800054608F11407D8F80830D8F81840227A30
:102D7800012A22D1D8F8382052B1137A1BB9B921C7
:102D88001020FDF71FFCD8F83840C4B9002083E0B4
:102D98001A7A012AFAD01C464B4AEFF3108172B610
:102DA80050680068506001B962B6A34208BFC8F80D
:102DB8003840237A1BB9E821E2E73A46EDE7267A5C
:102DC800F6B205232372731E0B2B6ED8DFE803F0CF
:102DD8006A062235676D3E6D6D6D6D5B636813B96C
:102DE80040F2F711CCE72046294698470420EFF334
:102DF800108272B6237A052BD9B24FF0000359D14D
:102E08002372D8F83810A14201D1C8F83830B2BBC3
:102E180062B634E0636813B94FF40071B0E729462D
:102E2800204698470346ADF80400C0B2C3F3072311
:102E3800012B2FD0022BDAD11AE0636813B94FF4B3
:102E480002719DE7204698470020D0E763680BB9D8
:102E5800FA2195E70B222A7001221988AA706A7153
:102E680000221869A5F80310AA7107F0DDFA0420FA
:102E7800D8F83830A34202D10023C8F838300028E7
:102E88003FF471AF08E0114B294620461B6898476C
:102E9800034668B9267298B102B0BDE8F08140F2E5
:102EA8003F216DE740F242216AE740F2452167E79A
:102EB8000220DDE711B940F2662161E71846A6E76E
:102EC800002B7FF450AF61E770130020E40000206E
:102ED8006C130020134610B5027A22B140F2ED219E
:102EE8001020FDF76FFB0A4601460248BDE8104076
:102EF80008F03ABE70130020044890F82C301BB933
:102F08000349243008F04DBE704700BF6C13002001
:102F180063BB00000346064890F83C203AB190F89D
:102F2800352022B9034900F82D3B08F03ABE704716
:102F38006C130020E12B00000A4610B5037A23B178
:102F480040F2F5211020FDF73DFB0146072302481A
:102F5800BDE8104008F008BE801300201346027A2E
:102F68000AB1037270470A460146014808F0FCBDE1
:102F7800701300201B234FF01B128384038482618B
:102F88008382C260038539B94FF4A473034AC384AA
:102F98004384C261C3820261704700BF480148018F
:102FA80003460846F0B4B3F85420B3F84840B3F8E1
:102FB80056109442B3F84460DF8F28BF1446B3F824
:102FC8004C20B3F842508A42DC8728BF0A46B3F83F
:102FD80046109142A3F8422038BF1146A64238BF96
:102FE8002646A742A3F84610A3F844601FD1AA1AA0
:102FF80018BF0122B3F84A50B3F85040B3F85270E2
:10300800A5429E8FB3F8401028BF2546B3F84E401E
:10301800BC429D8728BF3C46AE42A3F8404002D13F
:10302800A14200D12AB10449F0BC08F0C3BD012275
:10303800E0E7F0BC704700BFC3BB00000B8BA2F8F1
:1030480009001046A2F80B304B8BA2F80D308B8B81
:10305800A2F80F30CB8B0249A2F8113008F0A4BDBA
:1030680013BC0000094AD2E90003434083EAB011C7
:1030780081EA43214FEAF34311605360044B5843FC
:103088004FEAF06000EB8000704700BFAC130020EF
:10309800BB79379E094AD2E90003434083EAB0115D
:1030A80081EA43214FEAF34311605360044B5843CC
:1030B8004FEAF06000EB8000704700BF80000020FE
:1030C800BB79379E10B50A4C08210948FDF7BAFBB1
:1030D800D4E900321343F7D0064CFFF7DBFF20603A
:1030E800FFF7D8FF236860601843F6D010BD00BF13
:1030F80080000020AC130020174B184A9A60184A29
:103108005A60184A1A60184A9A62184ADA62184AC3
:10311800DA60184A9A61184A1A63184A1A62184AF1
:10312800DA64184A9A64184A5A62184B184A9A601C
:10313800184A5A62184ADA62184A1A61184A5A61D1
:10314800184A9A61184A1A63184A9A64184ADA643B
:10315800184A9A63704700BFE8000020C9BE000003
:10316800F9BE000065BF0000C9C000001DC1000015
:10317800B534000033C100000D370000A135000050
:1031880001C200001DC20000ED350000E80100206A
:10319800E5BE0000D3C1000055C10000F9C0000021
:1031A80079C1000041350000A3C200004BC20000F5
:1031B8003DC20000B9C10000044B054A5A65054BE1
:1031C800054A1A65054A5A65704700BFE80000209D
:1031D8000FC00000E8010020F5BF000075C0000026
:1031E800054B064A9A65064A1A66064B064A9A65C8
:1031F800064ADA65704700BFE80000206DB300009A
:103208000FB40000E8010020B9B20000CFB50000FB
:10321800023A08B5232A00F29A80DFE802F01298F1
:103228001E9B9B2E9830989B3541459898499B9BAF
:103238005D5D747498989898989898989898987BE1
:10324800889102784368012A02D193F8103101E08D
:1032580093F8193102204B700EE04268D2F8BE3163
:10326800C1F80130D2F8C231C1F8053043680D20E9
:10327800D3F80431C1F8093008BD4368E5E700F028
:1032880007FA0028F8D148E0102306204B7059238C
:103298008B700023CB7073230B7130234B71EBE7DA
:1032A800436893F80A31D5E7084600F0DFF9E8E704
:1032B8000278436852B993F810213AB193F80D2176
:1032C8004A7093F80C3103208B70D5E793F80B21E3
:1032D8004A7093F80A31F6E743680920B3F8542096
:1032E8004A70120A8A70B3F81221CA70120A0A7157
:1032F800B3F850204A71120A8A71B3F81031CB71B1
:103308001B0A0B72B8E7436893F826214A7093F8B2
:103318002731D8E7104B1B6823B940F21B515120C5
:10332800FDF750F90246232098470420A4E70A4BEA
:103338001B68002BF1D002462420984705209BE704
:10334800054B1B68002BE8D002462520F5E740F224
:103358001651E4E701208FE7E80200203F289ABFD2
:10336800024B53F820000020704700BFE8000020FF
:103378003F289ABF024B53F820000020704700BF37
:10338800E8010020F7B5456804464FF6FF772E6937
:103398000DF102010DF101023046ADF8027006F0A0
:1033A800FCFF01A9304607F01AF840B1019807F070
:1033B800DEF8616800220272FFF7BEFDE8E7044903
:1033C80005F19E0003B0BDE8F04008F0EDBB00BF7A
:1033D8005DBE0000F0B5044685B00D46FF2600F836
:1033E800A56C10F8A63CF3B1184F3B781BB14821E7
:1033F8001F20FDF7E7F80C21381DFDF723FA3E7072
:10340800002304F8A53C07232A4602F8033BD4F816
:103418000930C5F80330D4F80D305360D4F81130B2
:10342800936005B0F0BD01A80C21FDF70BFAA4F5D7
:103438001B73039AC3F8042101AB03CB44F8AE0C09
:1034480044F8AA1C04F8A66CDAE700BFB4130020FD
:1034580010B5054C23782BB90C21201DFDF7F2F986
:10346800FF23237010BD00BFB4130020024690F85C
:10347800C631BBB990F8C73103F0FF010BB100208A
:103488007047094B18780028F9D01970D9680433A7
:10349800C2F8041103CBC2F8BE01C2F8C211FF235F
:1034A80082F8C63101207047B4130020426838B54D
:1034B80092F8853004460D463BB1132B05D0113BDD
:1034C8000B2B8CBF0120082038BD92F8C43013B9EB
:1034D800204608F07CFC6268D5F80B30C2F8B6319B
:1034E800D5F80F30C2F8BA316368D5F81320C3F89D
:1034F80000211A88A3F87522D5F80120C3F877228D
:10350800D5F80520C3F87B226368B5F80920A3F82D
:103518007F226368002583F8C6516068054900F575
:103528001B7008F03EFB63681522284683F8852047
:10353800CAE700BFDD33000038B54368044693F896
:1035480085201C2A04D040F2D9111F20FDF73AF833
:10355800002293F8C4101D8803F5C97083F8C320AE
:1035680069B10B4983F8C420A3F89C5183F89B21C7
:1035780008F017FB6368002283F8852038BD012214
:1035880083F89B11A3F89C51024983F89E21EFE729
:10359800B5C00000A7C0000038B54568AB6F13F090
:1035A800010419D1D1F801200C4BD1F805101340B2
:1035B8000B4AC5F8D430C3F307630A4043F0080345
:1035C800C5F8D82085F8D73008F001FCAB6F204645
:1035D80043F00103AB6738BD0120FCE72FC904F7AE
:1035E8006FDB0080406810B590F88430042B28D138
:1035F800D1F801304A1CD1F80540C0F8D430C3F3E3
:103608000763C0F8D84043F0080380F8D730002398
:1036180080F8BE3080F8843090F8743103F0FF04ED
:103628000BB1002010BD038800F5B67044724381C9
:10363800D1F801300449C3605368036108F0B1FA56
:10364800EFE70120EEE700BF97C10000406890F85F
:10365800743143B9038800F5B670034943811A23CE
:10366800437208F09EBA704797C1000010B504462F
:10367800FEF748FE044A054B024009200B40C4F8F7
:103688000120C4F8053010BD2FC904F76FDB008096
:1036980037B50C464568FEF735FE0A4B0A4A034023
:1036A8000A4095F8D41000930B4001928DF8003031
:1036B8006B4603CBC4F801000920C4F8051003B019
:1036C80030BD00BF2FC904F76FDB008038B5DB04BD
:1036D800154604D5837C13B10023036338BD046BFE
:1036E8000134046308F0BAFD436B9C42F6D300230F
:1036F800034903632846BDE8384008F05BBA00BFB9
:10370800F3C1000038B54468054694F88430012BAD
:1037180002D0A36F98073AD494F8C5309A0713D407
:103728004A78D80784F8CF204A88A4F8D0208A8815
:10373800A4F8D22043F0020284F8C5200FD5154919
:1037480004F1C60008F036FA94F8C530D90711D448
:10375800A36F9A0708D557214020FCF733FF94F848
:103768002A31002BEBD1EFE743F002032846A36789
:1037780008F02DFB94F88430012B4FF0000301D0A2
:10378800002038BD84F8843084F8BE30F8E7012082
:10379800F7E700BF85C2000070B54568044602F02F
:1037A80099F9054B014685F883001B681BB1204633
:1037B800BDE87040184770BDF0020020024B1B683E
:1037C80003B11847704700BFEC020020F0B51F4D49
:1037D80000242B7814709BB1013B6D68DBB21E1B73
:1037E800012E0FDC05EBC40655F8347076688E425E
:1037F80008BF874227D0B84271EB060612D2147070
:103808000020F0BD1E197710C6F3470655F837C0DB
:1038180005EBC70E8445DEF804708F412CBF334694
:103828003446DCE705EBC30455F8335064688C4232
:1038380008BF854206D0A84271EB040428BF0133B3
:103848001370DDE71C4601201470DAE7D41300205A
:1038580010F0070208B503D063214820FCF7B2FE38
:1038680018B1034B197258601A70C80008BD00BF20
:10387800D4130020014B00221A707047D413002083
:103888000A460648822302F8033B0368C1F803305E
:103898004368536083689360704700BFDD1300205E
:1038A80016220021014809F01CBE00BFDD130020CC
:1038B80082B002AB03E903000D48437DB3B1530660
:1038C80014D50A880C30B1F87E3020F80C2CD1F8C9
:1038D800402220F80A3C40F8082CD1F84422054937
:1038E80040F8042C022202B0FFF738BB02B0704740
:1038F800DD13002089380000094B53F8203003F508
:10390800224370B5B13316464FF47A720C46B3FBB6
:10391800F2F5344403F034F82C44204470BD00BF61
:10392800FC0803002DE9F04F8BB0044698460F467B
:10393800039290F8699007F07AFC824694F8730035
:10394800FFF7E0F8824408F0E0FC94F8853000F1D5
:1039580048061FFA8AFA0293039B002B44D194F875
:10396800DC31032B40D1029B0D2B29D1B4F85C32FA
:10397800BB4225D1D4F8E4312046B4F8B421C4F8C8
:10398800D031A369C4F8D431B4F852321344C4F81E
:10399800D83102F051F8D4E99823A262B4F85E2233
:1039A800A361A285D4F86822226241F64B52934261
:1039B8008CBF0023012384F87230022384F8DC31A1
:1039C80094F8853094F88410252B01D025290BD143
:1039D800B4F85C32FB1A1A0406D4A1F12503204678
:1039E8005942594101F0EEFBB4F8505204F50873FE
:1039F800B4F87EE07D1B0493A7EB0E0E94F869B033
:103A08002DB20FFA8EFE002DBBBFD4E98E2375466A
:103A18004246C4E9922394F8DC31B8BF0122032B53
:103A280000F25581DFE813F00400FA0053001B018F
:103A38000121002007F0DEFE8146A06A5146484475
:103A480003F016FF5146C4F8E001A06903F010FF27
:103A580007A9C4F8E40108A802F082FE079B0093B6
:103A6800DDE90823D4E9920109F09BFA8346204650
:103A780008F063FCA26AD4F8543294F86900D518A7
:103A880002F086FFD4F8E01100F52240203D4FF403
:103A98007A73B13032466D1A3031AD1BB0FBF3F09A
:103AA8004D44A38DA5EB0B0503EB41012D1A94F8AA
:103AB8006900FFF721FFD4F85432C4F8E801EB1A83
:103AC800CC2B59D840F2E4413020FCF77BFDA36AA7
:103AD8005146D4F8D401184403F0CAFE5146C4F83C
:103AE800E001A06903F0C4FEC4F8E401204608F030
:103AF80024FCA36AD4F8D4511D44B4F8B431002B83
:103B080040F08880B8F1000F00F0848094F86900D4
:103B180002F03EFFD4F8E011D4F8403200F522401C
:103B28006D1A94F86920B130203D1D44824B53F83A
:103B380022204FF47A7302F2E732D4E98E9AB2FB6C
:103B4800F3F2A5EB0905B0FBF3F01544AD1B2D1AF4
:103B5800D4F8D821D4F8D03194F8690002FB0313C3
:103B6800A18D3246303301EB4301FFF7C5FE012337
:103B7800C4F8E80184F8DC31A369D4F8E421A93B4E
:103B88009B1A9E1B0023864284F82032D4E9923285
:103B980028BF064604F130005B19C4F8B06142F151
:103BA8000002C4E98C3208F07CF804233044A4F8FD
:103BB800507284F82932C4F82402D4E98C23C4E969
:103BC8009223B4F8A031DB1B1BB2002BD4BF002218
:103BD8000122520084F82822029A0D2A7AD0B8F1DC
:103BE800000F7AD194F8DC31002B00F09280A169A3
:103BF80004F50870D4F8E431C91A07F0A7FD80B2BB
:103C0800002800F08680149B03B1188001200BB0B7
:103C1800BDE8F08FD4F8E0116D1A99E7D4F8E40103
:103C2800A369B4F8B4C11B1AD4F8D811F444D4F871
:103C3800D0215D43D4F8E031ACEB010C30330CF10A
:103C4800FF3C02FB0133A18D324600FB0C3301EB34
:103C580043015846FFF750FEC4F8E8018CE7D4F852
:103C6800E4A1A369B4F8B4C1A3EB0A035D4332B37A
:103C7800BCF1000F23D1D4E99023D4E98E019042FE
:103C880071EB030302D340F22B511DE72A4B203A74
:103C980053F829304FF47A79D4E98E01CDE904013B
:103CA80003F2E73103F522430498B133121AB1FB4A
:103CB800F9F1B3FBF9F30A44D21A921B15440CEB41
:103CC8000E0132460AFB01F130314900C1E740F2EA
:103CD8004351F9E6B8F1000F1BD0B4F8C80110B38E
:103CE800B4F8CA1194F8CC214D1CA4F8CA1101FBF0
:103CF800022290420DDD002B0BDD0023A4F8CA51EF
:103D080084F82832FFF7AEF900F00700013084F894
:103D1800CC0104F5087104F5FC7004F0E9FD20B944
:103D280040F28D51D0E60146DCE7039B83F00103A6
:103D380084F8F43100206AE7FC0803002DE9F34118
:103D4800044618B9DD213020FCF73CFC072900F2B5
:103D5800B880DFE801F00484454540B62FB409F087
:103D6800D3F9C4E94601204600F06EFFD4F80C01EF
:103D7800A43809F010F9204608F07CFE054608BB77
:103D88000146204608F0B3FD00F1AE06D4F80C0158
:103D9800B04209D2301A0321192838BF192009F076
:103DA80085F968B109F0F9F8C4F80C61204608F003
:103DB80071FE4DB1204602B0BDE8F04108F06BBE7F
:103DC8000125F1E70025F1E7D4E94623C4E94023BA
:103DD80002B0BDE8F08102B0BDE8F04102F0CCBC11
:103DE80008F090FD042307460E4684F8113109F0C7
:103DF800D0F80722A7FB023502FB0655D4F80421A8
:103E08000192D4F8002113EB0208019BD4F8E820B2
:103E180045EB030532B157EA060203D0404571EB82
:103E2800050216D2022284F81021D4F82021D4F8F1
:103E38002431121A63EB010C94F830E1BEF1000F43
:103E480009D1012A7CF1000E0DDA204600F004FFAA
:103E580005E00122E7E7012A7CF1000CF5DB0023ED
:103E680084F82831B4E7404571EB050E0FD23E4384
:103E78000DD0B8EB000365EB01019A427CEB010021
:103E880005DB012B71F10000A4BF1A468C460E49D0
:103E9800012304F1C000914284F829314FF0000356
:103EA80084F8083173EB0C03B8BF0A4604F5847133
:103EB80004F096FD00288BD140F2CA6143E7FB214C
:103EC80041E7FF213FE700BF0040420F2DE9F843DB
:103ED80004460E46154690F8283103F0FF07002BDC
:103EE80040F0948000F1C00839467822404609F035
:103EF800F8FA22464649404609F078F9C4F8E860DD
:103F0800FF2384F8283166B1FFF7C4F800F00700F2
:103F180032464049013086F8CC0106F5FC7009F0BC
:103F280065F940F202434FF00009A4F8103184F813
:103F3800089103F0F3FC00F14906204608F09AFDC9
:103F48000146B6B2C0B307F072F900F5CD61284654
:103F580089B203F08DFC2844AE3DC4F80C0109F089
:103F680018F83018A4F81E9041F10001C4E9460180
:103F7800012084F8EC0008F028FE2D1AC4F8F0504F
:103F88004FF0FF356FF000414046D4E94623C4E9BD
:103F98004851002504F58471C4E93E23C4E940234F
:103FA80084F8295142F2107204F01AFD38BB40F22D
:103FB800C9113020FCF706FB2046DFF85C9008F0BA
:103FC80096FCAE30C4F80C01B9F8000048B1E08B9B
:103FD80038B1FFF75FF8B9F80030B0FBF3F202FB35
:103FE8001300064408F0D5FF361841F10001C4E972
:103FF8004661002DC4D0AD1941F10001C4E729463E
:10400800204608F04AFD3846BDE8F8830C27FAE751
:10401800453D00005DC3000000140020F0B50023FA
:1040280085B0CDE9003301238DF806306846FCF7EA
:10403800A7FE70B10123114EB3700023CDE90233FE
:1040480002A8FCF79DFE044638B10023B37005B002
:10405800F0BD009808F077FAE8E7029D95F8DC31A2
:10406800002BEDD005F5FC77384604F0A1FC384666
:1040780009F0E2F885F8DC41E2E700BF001400200F
:10408800044B0022DA709A7042F210721A80FFF71D
:10409800C5BF00BF00140020014BD870704700BF97
:1040A8000014002008B502F059F8044B5A688242FF
:1040B8002ABF9878002080F0010008BD0014002075
:1040C800F7B5044606297AD8DFE801F00427152554
:1040D8002B3074003B4B9B7803F0FF025BB90092D6
:1040E8000123B0F8A411FFF71DFC38B140F2E661D6
:1040F8003020FCF767FA042384F8DC3102F01CFA5C
:1041080004F0E2FB0023B4F87E20A4F85232A4F8AD
:10411800F22184F8F53103B0F0BD032380F8DC31D7
:10412800F9E708F0BFFEC4E99001F4E790F86900E8
:1041380008F0F3F87730D4F8E4319528A569214FD1
:104148008CBF0020C0F19600C218954288BFED1AB6
:10415800FB7894BF00252D1A1BB9236B9D4228BFFD
:104168001D46D4F8B06104F1300007F09AFD06440A
:10417800022008F071FF0221AD1B25EAE575854292
:1041880028BF0546284608F091FF10B12E4408F0D4
:1041980004FF01234FF480723146204607F0DEFD0C
:1041A800D4F8B0317860A069184403B0BDE8F04095
:1041B80008F0F1BE03B0BDE8F04008F0BEB840F228
:1041C800B47195E700140020014B1880704700BFB8
:1041D800001400200346074A1068D3F84920C0F8A5
:1041E8000320B3F84D20A0F8072093F8481007F0F3
:1041F800FBBB00BF0814002070B504460E461346EA
:10420800807D6588324615F0040118BF04F1570116
:10421800FEF79CFB4107054621D4C2070BD50123B5
:10422800A07D84F84830FEF7F5FB0368C4F84930F0
:104238008388A4F84D30AB0701D4012070BD094B29
:1042480001211868D4F8573084F85610C0F809309E
:10425800B4F85B30A0F80D3007F0CFFBEDE7002095
:10426800ECE700BF0814002038B5C38C04460F4D96
:104278000133C3F30E03C3842B7C2BB102F03AFA4B
:1042880001F0C4FC00232B7400232B7194F86930CF
:104298002BB101212046BDE8384008F022BA637CE2
:1042A80013B1E28C9A42F4D20021F3E708140020FB
:1042B80010B5074C2379012B05D1237C1BB102F0E3
:1042C80019FA01F0A3FCA069BDE81040FFF7CCBFC4
:1042D8000814002070B5254C2379012B04D040F632
:1042E80071412D20FCF76EF998B90125237C1BB18B
:1042F80002F000FA01F08AFC002D36D0A06908F01F
:104308003DF968B302F0C2F8E369BDE870409B6804
:1043180018472168A26911F8095B02F1490392F86C
:104328004820E80907F062F90028DED0002120685B
:1043380007F088FB0028D8D02379A069012B02D088
:1043480040F64B41CDE7237905F00F01E26903F10F
:1043580080435269013B52F8233098470546C5E728
:10436800A069BDE87040FFF77FBF70BD081400204A
:104378000346074A906903B909B9FFF775BF13796E
:10438800D26903F180431269023B52F8233018477F
:104398000814002003292DE9F043054685B0174687
:1043A80007D14388980723D40024204605B0BDE8E8
:1043B800F083428890F86830D107DBB2F4D5002B3F
:1043C800F2D14FF00108DFF8D49099F81060C6B127
:1043D80007F050F90828387016D002AA0DF1070125
:1043E800FEF78AFA38B940F6E6612D20FCF7EAF8BC
:1043F8004FF00208E7E702A99DF8070007F07BFFE6
:1044080006463B78082B08D1D9F8001011F8030BA1
:10441800C0F3801007F06FFF0646D9F8001005F1C9
:10442800500395F84F2011F8030BC0F3801007F0E4
:10443800DDF8D9F80010044611F8030BC0F380101A
:1044480007F00EF98146FEF7F7FA40B1B9F1080F07
:104458001BD04846FEF77CF980F00103D8B23A78C1
:10446800082A14D01CB9AC7DA21A544254416A8857
:1044780053079AD4002897D176B9EC7C444518BFE5
:10448800002C0CBF012400248FE70020E7E780F010
:1044980001022240D4B2EAE7344686E70814002035
:1044A8002DE9F04F85B00823052104460DF10702D8
:1044B8008DF80730FFF76EFF064620B90026304614
:1044C80005B0BDE8F08F734F396807F112037A7CA5
:1044D80011F8030BC0F3801007F088F88046002815
:1044E800ECD13B6840F2E249A169184691F88C206A
:1044F80010F8035B02EA55121D4602F0010281F82A
:104508008C20D3F80320C1F803208288A1F8072063
:1045180015F81F1BA269C1F38011917002A9D3F885
:104528001F00029028790871D3F80F00D061587DD8
:104538001D7D000440EA0520DD7C28435062B3F865
:10454800190082F8728009FB00F090619D7DC5EB2F
:10455800451005EB800505EB85056D009585B3F8DD
:10456800170009FB00F09062B3F81B001084B3F841
:104578001D00508493F8243003F01F005B0982F873
:10458800980082F87330A56994F912A005F18C009F
:1045980007F086F940F20113A5F868304FF0FF0BD9
:1045A80085F86AB0414605F13000FEF7E3FC514654
:1045B8002846FEF79DFAA36984F8738004F17E010A
:1045C8001A8884F891B0A4F874204FF6FF729DF809
:1045D8000700A4F892209A69B2FBF9F2A4F88A209D
:1045E8001A8CA4F88C205A8CA4F88E2093F8732087
:1045F80084F89020627D5AB394F84820012A27D184
:1046080094F84E2002F0C002402A21D1D4F8492063
:10461800C4F87E20B4F84D208A8008289A7803F1DF
:10462800030504F1840184F8772004F17802D3F8B3
:10463800033027D0C4F88430AB888B8004F177012D
:10464800FEF75AF940B940F6D1312D20FBF7BAFFF1
:104658000022C4F87E20DFE794F8773043F00203A5
:1046680084F8773004F16A000B4907F09AFA0B4B8B
:104678000022A0691B683A71002B3FF420AF214645
:1046880098471CE7A367AB8893800023C4F884305D
:104698008B80E7E70814002013C80000F802002008
:1046A800032937B5044604D0052957D0012003B0A3
:1046B80030BD08230DF107028DF80730FFF76AFEB9
:1046C8000028F3D0237C2A4D03B39DF8070094F803
:1046D800B630DBB92378082804F1B90284F8B7307A
:1046E8002DD004F1B801FEF707F920B940F65C7146
:1046F8002D20FBF767FF94F8B83043F0020384F8E5
:10470800B8301C4904F1AE0007F04BFA2B680422BC
:1047180020461A7006225A70FFF75CFD616B94F808
:104728003820286807F07FF9032328682B7101F0E7
:1047380065FF0021286808F0BFFB0020B7E728685C
:10474800034613F8031BC1F3801184F8B810D0F89E
:104758000310C4F8B9109B889380D2E7064B1B68F6
:10476800002BEAD0984780F00100C0B29FE700BF55
:1047780008140020FBC70000F4020020F8B5044626
:104788000F4619B300F12005284608F0FBF9A0B937
:1047980063881A072ED5284608F009FA06462846DF
:1047A80008F0F0F9301AC0B208F00FFA494A9368D5
:1047B80003442846936008F0C4F9284608F0C6F96F
:1047C80001F0B0FD2179252001F010FD414E0023B4
:1047D80094F856203068037043706388103B0D2BA3
:1047E80068D8DFE803F063675F0C6744676767674B
:1047F800676767442046BDE8F840FFF735BD0623E4
:104808004370202303702046FFF7E4FC638823F0FD
:1048180008039BB2152B05D094F83020E16A306864
:1048280007F0F2F8306801F0E9FE0021306808F07E
:1048380043FB022321790020337101F09FFD0546D7
:1048480007B9F06063881B0704D508F0BBF9054475
:10485800C4F8F4506388103B0D2B36D8DFE803F01A
:1048680038352F2F352F353535353535352F0C2340
:1048780021214370034603F8091B52B1D4F857208D
:104888000121C0F80920B4F85B209A8007F0B5F838
:10489800B9E7226DC0F80920B4F854209A8094F83A
:1048A8004F10F3E7062303704370ACE7022303704D
:1048B8000623F9E740F24D612D20FBF783FE2179AD
:1048C8000120BDE8F84001F02FBF40F6E441F3E7CE
:1048D800F8BD00BF0814002038B543880446102BE3
:1048E80004D10121BDE83840FFF748BF0B4D2B7CB0
:1048F80023B101F065F9402001F0F0FE286801F0CD
:104908007DFE608810F0040002D1217901F00CFFCF
:10491800002001F0C1FE01232B7138BD08140020CE
:10492800024B01219869FFF729BF00BF0814002036
:1049380010B5124C237C1BB101F0DCFE01F066F9C6
:10494800A06907F01BFE38B12379012B09D040F686
:1049580075312D20FBF736FEA069BDE81040FFF742
:1049680083BC2379E26903F18043A069D268013BE3
:10497800BDE8104052F82330184700BF0814002043
:10498800074810B5037903F0FF0433B91422214610
:10499800043008F0A6FD204610BD0C24FBE700BF3C
:1049A8000814002010B50023094C2371FDF796FC6C
:1049B8002060FFF7E5FF20B14FF43F712D20FBF792
:1049C80001FEE36913B940F2FF21F7E710BD00BF0C
:1049D80008140020014B024ADA61704708140020CD
:1049E800A44C0000034B044A1A60044B044A1A60A2
:1049F800704700BFF4020020A9440000F80200201C
:104A08009BC60000F8B5057D0446AF1EFFB2002D19
:104A18003AD0012F2DD800F1500190F84F0006F040
:104A28001FFE0828064624D0FDF79EFE10BB023D57
:104A380018BF0125012F84F84850A6758CBF0027A0
:104A480001276775FDF752FF054608F0A2FA002214
:104A5800144B84F85620E5FB0301C4E91001114604
:104A68002046FFF7C9FB70B940F297412D20FBF7AC
:104A7800A9FD0826022D09D104F149010020FDF7FE
:104A880001FD60B90020F8BD0826F5E704F14901E9
:104A98000120FDF7F7FC0028F4D00125CAE700251E
:104AA800C8E700BF40420F00F0B5444E85B0044649
:104AB800327902F0FF0312B90278FF2A04D140F6D6
:104AC800CF112D20FBF77EFDB36080F869303C4B99
:104AD800684604F1200500933A4B01933A4B029340
:104AE800F3695B68039301F081FD01F0ABFB01F012
:104AF80001FE01F08BF8354801F00AFC344801F05A
:104B08006FFD284608F01DF8284608F01FF801F048
:104B180009FC2179252001F069FB94F9120001F0C4
:104B2800F1FB04F12C01A06A05F03AFE074604F1F6
:104B38003401A06A05F05BFE0546DFB1237FCBB1E7
:104B4800B4F92650ED43ED0F637D13B963885B0715
:104B580009D56FF00043D4E910129A4208BFB1F1A9
:104B6800FF3F0DD19DB930680330FDF7DDFE30748D
:104B780005B0F0BD002DE7D0657F002DE0D1E3E75B
:104B880008F007FAD4E9102390429941EAD30122A8
:104B980029462046FFF730FB50B1FDF7A7FE054632
:104BA80008F0F7F90B4BE5FB0301C4E91001DAE75C
:104BB800002DD8D040F60D2183E700BF081400204F
:104BC80039490000DD42000079430000D6BE898ED5
:104BD8005555550040420F0073B50446FFF764FF72
:104BE80000212046FFF7CAFD236E0BB101221A608F
:104BF8006388DB0721D50023114EA569CDE9003371
:104C0800FF2373746846FCF7BBF8B0B9009CA54253
:104C1800F8D005F10A036A7A04F10A01607A06F00D
:104C2800E5FC0028EED0A3787374D4F80330C6F8F6
:104C38001230044BB4F807209A8002B070BD00BF50
:104C4800081400201A140020024B9861DB691B68C5
:104C5800184700BF0814002043881B0710B50446F6
:104C68000ED583693C2208496A3042721B88438109
:104C7800FF2380F827304FF6FF73038506F091FF76
:104C8800FF2384F8693010BD13C800005FC8000016
:104C9800E148000065C80000A9460000E14B00009B
:104CA800B942000029490000944C0000984C0000CB
:104CB800A04C00000138022808B503D9C4212F20D0
:104CC800FBF780FC13290A4B05D811290CD81029A9
:104CD80007D0D221F3E71529FBD103EB4003D8888D
:104CE80001E033F8100008BD03EB40039889FAE7A8
:104CF8007A0803002D4A38B50346148950681C43C6
:104D0800402B148104D10421BDE83840FFF7D8B9FD
:104D1800802B01D10521F7E703F00304032C04D10C
:104D280040F6AC213120FBF74DFCDD0706D50C68B9
:104D3800D1602478062C0FD00B2C19D09C0706D5EF
:104D480009680978052911741DD00B2927D09B06FD
:104D580044BF0823537438BD90F88540182CEDD112
:104D680000240025C0E93845012480F88940E5E79A
:104D780090F88540122C01BF002480F88940012456
:104D880080F8C440DAE790F885101629DFD10024AE
:104D980000250121C0E93A4580F88A10D7E790F844
:104DA80085101129D3D10021F6E700BF281400206F
:104DB8000C4A0346517C89B9506833B9B0F8581089
:104DC800828F91420AD8FFF76DB913891B0707D55F
:104DD80090F88600073818BF0120704700207047F8
:104DE800012070472814002073B5044640680D461A
:104DF800836F13F0300F4AD1B1F805101A2904D97E
:104E0800B5F80730B3F5A47F06D22978204602B05A
:104E1800BDE8704007F00DB8B5F801201A2AF4D99A
:104E2800B5F80360B6F5A47FEFD33030009606F0EE
:104E38004AFF184B1A8992070DD51B7C142B0AD1EF
:104E48006268936F43F010039367204606F0BFFF34
:104E5800002002B070BD636893F884201D2AEFD04B
:104E680093F81B31002BEBD1636893F81A31002BB0
:104E7800E6D16268936F114602F59F7243F02003F2
:104E880031F8300B42F8C63CFEF7D8F8DDE70120D0
:104E9800DFE700BF2814002013B5044601A8FDF77A
:104EA8009BFA20B940F6B1013120FBF78BFB222297
:104EB8000021019808F015FB01992246064801F8DF
:104EC800034FFEF7A5F9FDF793FA10B940F6B801BC
:104ED800EAE702B010BD00BF281400202DE9F8430E
:104EE8006A4D06466C68002840F08C802B891A07AA
:104EF8002DD594F80E31FE2B04D140F2D15131203A
:104F0800FBF760FBFE2384F80E3194F885301A2BEA
:104F180006D184F8C300284606F063FF84F885604C
:104F280094F88430202B0AD194F88530A3F120021C
:104F3800062A2AD92E2B28D0212384F8843094F8E5
:104F48008630072B02BF0223AB7484F80E312B89FD
:104F5800DB071CD42B895F077CD4990740F1848038
:104F6800287C01226B680D2883F80F2179D011283D
:104F780000F08580072800F08480FEF7F9F90346E1
:104F880000286FD140F2C451B9E72E23D5E7D5F8F0
:104F98000480E96898F88530D1F80090113B99F8B9
:104FA80000700B2B09D8BB1EDBB2092B6BD840F263
:104FB800333222FA03F3D80765D509793846FDF765
:104FC800AFFD20B93946314806F033FF3AE0012FEA
:104FD80001D9162F22D198F8840006F017FF40B1A6
:104FE80098F88430202B04D0212B07D12E2388F861
:104FF80084303846FEF7B2F903461CE0162F14BF7A
:10500800022620266B7C1B0705D594F88530113BBA
:105018000B2B98BF08263046BDE8F883112F15D012
:1050280005D8072F14D00D2FE3D1194B05E0142F05
:10503800DFD1184B1B68002BC4D0EA6849461348D7
:1050480012799847002885D00646DBE7124BF4E72B
:10505800124BF2E794F88620062A04BF0122AA74AC
:105068007BE70F4B094898472B89DA06CAD594F88D
:1050780085300A2BC6D10B2384F88530C2E7094B4B
:10508800F0E7094BEEE70826BCE700BF281400202C
:105098005DCD0000FC020020A5CD0000B550000049
:1050A80079CC0000C9CC0000F9CC000070B54D786F
:1050B8000446A5F10E03DBB2152B0DD8012140F2F1
:1050C800512201FA03F6164208D14268152B92F8CC
:1050D800842027D0082B07D0002070BD0246284620
:1050E800BDE8704007F075BD212A01D02E2AF3D102
:1050F800204606F063FE636893F88520222AEBD0E9
:1051080093F8D5201A21204622F0010283F8D520F1
:10511800626892F8D53023F0080382F8D530FDF79D
:1051280019F9D9E7282AD7D1024B1B68002BD3D00D
:105138009847D1E7040300202DE9F041A0F10E04BF
:1051480000291346E4B208BF1F21172C0AD80126EC
:1051580040F25127A6403E4207D116F4600F23D1F2
:10516800082C07D00020BDE8F0810021BDE8F041FF
:1051780007F02FBD546894F88420212A08D11846D6
:10518800FDF7E8F8002384F8843084F8BE30E9E7B6
:105198002E2AE7D194F88520A2F120010629F1D919
:1051A8002E2AEFD02A21EAE7054A1468002CD9D024
:1051B8000A46014618462346BDE8F041184700BF95
:1051C80000030020F7B5012390F85E6204460D46FF
:1051D80090F85F7201908DF800304EBB90F868101F
:1051E80047BB94F8693084F8681084F86930FF2365
:1051F80084F86A30134B1B680BB12046984794F823
:105208002431012B01D03E4303D000216846FDF72D
:10521800A1F804F235112046FDF7C2FE062120460A
:10522800FEF74EFF45B1002384F8843003B0F0BD8B
:105238003146D5E73B46D6E784F8855084F82451B3
:10524800F4E700BF08030020F7B5464D0026012209
:10525800044668602A702E816E74AE74FF2180F84F
:10526800AB11B0F8A211D1B190F80E31FE2B16D1C6
:1052780090F818319BB190F88630063B93420ED9CE
:1052880090F819310221A0F8B86080F8103107F0C1
:10529800FEFC022084F8AA61FFF7FEFD03E094F803
:1052A8000E01FE28F8D1B4F8A61104F17807E38DB1
:1052B8000139B4F8A821384689B2B1FBF3F3134495
:1052C800A4F8A831B4F8B4300B44A4F8B43007F00B
:1052D80030FD20B1D4F8A8300B44C4F8A830B4F895
:1052E800A2310026012B9CBF0133A4F8A23109B1D9
:1052F80084F8AF6194F8853084F8AA610A3B012BE1
:1053080011D8B4F87E30B4F85C229B1A1B040AD476
:1053180004F25E2104F18C0006F0C2FA84F885607C
:10532800FF2384F8BF30B4F8A6212146384606F09A
:10533800FEFA20B140F6B8113120FBF743F994F892
:105348008530094A113B0B2B8CBF002301230193A5
:10535800064B0093064B95E80300FBF779FF03B073
:10536800F0BD00BF28140020FD4C00007D53000054
:10537800B94D00002DE9F84FB54F0E4680463989E2
:105388007C688D0504F1780954BFB4F8B420002373
:10539800484653BF0132A4F8B43084F8AF31A4F8BA
:1053A800B42007F0C6FC30B10B4604F596722146CE
:1053B8004846FEF78BF93B8903F4C0632BB194F898
:1053C8008830002B46D0032B4BD094F888203B899B
:1053D800012A04D1180544BF022284F88820B8F1B4
:1053E800000F40F09480590657BFB4F8C8214246D0
:1053F800013292B2A4F8C82103F00A020A2A0CD199
:105408003A7C022A09D123F0080330463B81FFF792
:1054180065FD30430823C6B23B813046FFF75EFD89
:105428007D68304395F80E31C6B2FE2B3CD1DEBB09
:1054380095F88630063B012B36D995F81831ABB173
:1054480095F8193101220221A5F8B86085F81031C4
:10545800284628E1012184F888102046FEF730FE0E
:10546800B3E70223012184F88830F6E795F885A090
:10547800AAF1100A5FFA8AFABAF10C0F40F2EA8030
:10548800AB6FDA0702D532460921E1E7980740F108
:10549800928032460C21284607F0F9FB95F8C53072
:1054A80043F0010385F8C530B4F8A83194F8AC513D
:1054B8000133A4F8A831002D00F0ED81FBF7D6FFE9
:1054C80010B10023A4F8A83194F88810012940F2FB
:1054D800178294F88630072B40F0F581B4F8B43081
:1054E800022B40F20D82B4F8B6500135ADB2B4F8D3
:1054F8007E302B44A4F8A03194F8AD31002B00F095
:1055080003820123B4F87E201344A4F8A4313B8914
:105518007D685B0657BFB5F8B4310023B5F8A621FE
:105528009B1858BF9BB2A5F8B43195F8183123B928
:1055380095F88630063B012B06D8B5F8B830B5F893
:10554800A6211344A5F8B83095F8BE1031B1B5F8C6
:10555800BA30B5F8A6211344A5F8BA3095F9C22097
:10556800002AC1BFB5F8C030B5F8A6011B18A5F8C8
:10557800C03095F8A73063B9B8F1000F40F05582F4
:10558800BB7C022B40F0078295F81031062B18BF20
:10559800162395F8A62022B92D4885F8A730FDF7DF
:1055A800F1FE284607F028FC002384F8AB31BDE85B
:1055B800F84FFCF739BF590702D53246132147E7A0
:1055C8001A0706D595F80831324685F810310721B3
:1055D8003EE713F0300F35D095F81B31002B48D13A
:1055E80095F81A31CBB195F8853005F58D7105F22E
:1055F8005E22252B24D095F88430A3F12500434260
:105608004341284606F051FBAB6F23F0200343F0DB
:105618001003AB67002385F81A31AB6FDA0628D57B
:1056280005F235112846FDF7BBFCB5F852300022CB
:105638001521A5F81031B5F85630A5F8123107E74D
:105648000123DEE75B0614D50022242100E700BF12
:1056580028140020D7F804B09BF88530113B0B2B99
:105668000ED8DFE803F01D0D0D0D232C0D0D0D0DCB
:105678000D55786890F88530222B4FD0312B4AD0C1
:1056880095F88430002B59D195F88530103B0C2BB8
:105698005CD995F8B230002B58D001221221D7E6F8
:1056A80000220B21584607F0F2FAFDE65846FDF7AE
:1056B800DDFE00283FF4F8AE00220421F2E79BF853
:1056C8005832012B08D100220521584607F0DFFA8D
:1056D80000238BF85832E7E69BF85832022BD9B2F0
:1056E8007FF4E2AE9BF8C45025B1062300228BF864
:1056F8001031EAE703210622B34806F081FB9BF844
:10570800D4302A4613F0040F0CBF0D211121DCE719
:1057180000220621C6E700221121C4E790F82431AF
:10572800022B02D100221721BDE790F82431012B6A
:10573800A6D190F82531002BF4D0A1E7092B05D18B
:1057480095F80931012285F8103140E7BAF10C0FBC
:105758007FF6AAAE7D6895F884A0BAF1000F7FF4B1
:10576800A3AE95F82B313BB101220E21284607F054
:105778008EFA85F82BA1AEE795F82A3183B195F812
:10578800C5A01AF0030B0BD14AF0010A01220C2123
:10579800284607F07CFA85F8C5A085F82AB19AE76B
:1057A80095F81A3133B395F81B311BBB95F8853042
:1057B80005F58D7105F25E22252B19D095F88430F8
:1057C800A3F1250043424341284606F06EFA002320
:1057D80085F81A3101221421284607F058FAB5F83D
:1057E8005230A5F81031B5F85630A5F812315BE6FD
:1057F8000123E9E795F82431012B3FD195F82531AC
:10580800002B3BD195F88530A3F12002062A35D923
:105818002E2B33D095F86800012806D0022804D032
:1058280040F287310620FAF7CDFE95F86910012974
:1058380001D00229F4D1022895F826210BD0012A9B
:1058480014BF0022012242B90A3B042B7FF62CAE7A
:1058580001221621FCE5022AF2E7022995F8272100
:105868000AD0012A14BF00220122002AECD000210C
:105878005548FCF76FFD17E6022AF3E7534B1B6800
:10588800002B3FF411AE50489847FE2801463FF4DC
:105898000BAE0122DCE5FBF7E3FD08B1A4F8A85143
:1058A800FBF7ECFD00283FF40FAE94F8AF3101335D
:1058B800DBB2022B84F8AF3182BF0023A4F8A831F1
:1058C80084F8AF3100E694F8B2301BB194F8843014
:1058D8000F2B15D1B4F8B6504846B4F8B430ED1AC9
:1058E800033D07F026FA68B1D4F8AC30D4F8A82004
:1058F800033B9B1A9D42A8BF1D46012D3FF7F6ADFD
:105908000125F4E52B46F5E7012D7FF6FAAD94F86D
:10591800853013B10B2B7FF4F4AD94F88430002B51
:105928007FF4EFAD94F88630002B7FF4EAAD0229BE
:105938007FF4E7AD94F8AF31002B7FF4E2AD206936
:10594800B4F82E9004F07AFD00283FF4DAAD94F80C
:105958000E31FE2B7FF4D5ADB4F8A231012B7FF6C2
:10596800D0ADB4F8A821238C9A42BFF4CAAD013D4A
:105978009B1AADB29BB2B5FBF9F59D4228BF1D46F7
:1059880005FB09F3003D03F1010318BF01259BB294
:1059980084F8AA51B6E5012B09D195F88730002B78
:1059A8007FF4F7AD00212846FEF78AFBFCE57EB1BF
:1059B800F00638D4310738D4B20638D4B30738D112
:1059C80040F62D2131202EE7281400200C0300205A
:1059D80039B1B5F8BA10B5F8BC30994201D32223D1
:1059E800D7E5002A05DDB5F8C020B5F8BC309A42E5
:1059F800F5D2B5F8B820B5F8B6309A420AD295F87B
:105A08008820B5F8B43052B1B5F8B6209A42C9D852
:105A18000823BEE595F81831002BE0D1EFE7052BF8
:105A2800C0D93E23B5E51E23B3E53D23B1E52323C5
:105A3800AFE52A23ADE500BFD0F86432826993420E
:105A480010B5044604D1D0F86812026A914215D004
:105A5800228804F5C0700F49A4F88A2140F2E24276
:105A6800B3FBF2F3A4F88C31B4F86832A4F88E31A1
:105A7800B4F86A32A4F8903106F09CF80221204666
:105A880005F00FFE002384F88530032384F888305E
:105A980010BD00BF45BF000008B5FDF78DFB024BE8
:105AA800024A1A6008BD00BFFC020020F14D000048
:105AB800074B93F900301844142804DC10F17F0FC9
:105AC80003DB40B27047142070476FF07E007047C8
:105AD8003D1400207F2307B50DF107008DF807302E
:105AE80000F016FE03469DF9070053B1094B5B7899
:105AF8005B425BB21844142806DC10F17F0F05DB0B
:105B080040B203B05DF804FB1420FAE76FF07E00A2
:105B1800F7E700BF3D140020024B00221A705A70AC
:105B2800704700BF3D140020064BD3F8000138B180
:105B3800D3F8040120B1D3F80801B0FA80F0400985
:105B4800704700BF00A00450034B00221A705A701F
:105B580010229A70704700BF40140020F8B506461E
:105B6800022014460D4600F0CDF8114B114A0127CA
:105B78005C60191D9A6002F1807203342D011F7058
:105B8800DC601D83C3E904260022243303F80A2CB1
:105B98000D2203F8092C084AC2F83015074903C931
:105BA80083E80300C2F80875C2F83835F8BD00BFAD
:105BB800401400200300000B00A004508C080300D0
:105BC80008B5022000F09EF80D4B01221A70002241
:105BD8000C4BC3F80021C3F80421C3F808210A4A72
:105BE800C3F8802003F56433C3F88C20A3F57C3315
:105BF800C3F88C21A3F500530822C3F8042508BD77
:105C08004014002000A0045003000080154A08B585
:105C18001378FBB100231449C1F8803001F56431D1
:105C2800C1F88C30A1F57C31C1F88C3108210F4BBB
:105C3800C3F80815FFF778FF88B101235370938ED6
:105C4800FF2B03D9BA213B20FAF7BCFCDBB29370D7
:105C5800002313700020BDE8084000F053B810235B
:105C68005070F4E74014002000A0045000200450B5
:105C7800094B1A7862B1094BD3F8002152B1D3F815
:105C8800040140B1D3F80801B0FA80F04009704728
:105C980058787047022070474014002000A0045034
:105CA800064A08B513782BB1FFF73EFF20B192F8EA
:105CB800340008BD9078FCE71020FAE74014002073
:105CC80038B5084C0025D4F80035032B04BF012350
:105CD8006360C4F80055C4F8005501F075F8C4F8BD
:105CE800805038BD00A00450054B4FF48062C3F8C3
:105CF8008820BFF34F8FBFF36F8FFFF7E1BF00BF5F
:105D080000E100E010B50446FFF7DAFF012C06D0E9
:105D1800022C09D03CB18C213D20FAF753FC074BEB
:105D28000222C3F8002510BD044B0322C3F8002546
:105D380002F10042C3F88020F5E700BF00A004503C
:105D4800024BD3F8A00300F00100704700C0FF0029
:105D5800084BD3F8A423D3F8A833511C9BB203D122
:105D68004FF6FF718B4203D0026083800120704799
:105D78000020704700C0FF000B4B30B5D3F890539C
:105D8800D3F89443D3F89813D3F89C2305EA040373
:105D98000B401340013317BF056000204460816049
:105DA8001CBFC260012030BD00C0FF000B4B30B5E6
:105DB800D3F88053D3F88443D3F88813D3F88C23CB
:105DC80005EA04030B401340013317BF05600020A8
:105DD800446081601CBFC260012030BD00C0FF006C
:105DE800064B0022C3F80022C3F81822C3F8202269
:105DF800C3F80C22C3F81422704700BF00A0085053
:105E0800024B00221A809A701A7170477814002089
:105E180070B5144D0346084695F83D6026B940F61E
:105E2800F3113E20FAF7CEFB6BB9012EAC6B95F857
:105E38003C1005D100F042FE20442B6BC01A70BD07
:105E480007F040F8F8E7012B0AD1012EAC6B95F862
:105E58003C1002D100F024FEEEE707F03EF8EBE735
:105E68000020EAE778140020124B93F84830D9074D
:105E78001ED59A070ED5104BD3F8002442F0010224
:105E8800C3F80024D3F8200500F0F600023818BF44
:105E9800012070475B070BD5074B084AC3F8082158
:105EA800A3F5A043D3F84001B0FA80F04009704749
:105EB800012070477814002000A008500B000080D3
:105EC80008B50128084B83F82400084B06D002289F
:105ED80008D040F62E713E20FAF774FB0322C3F86F
:105EE800002508BD0422FAE77814002000A0085015
:105EF80008B570B9104B28311846D9600F4901F020
:105F080005F80130012816D940F695013E20FAF728
:105F180059FB01280CD1084B29311846D96007498B
:105F280000F0FAFF0130012805D940F69F01EDE79E
:105F380040F6A301EAE708BD8800002094080300A2
:105F480008B50C4B9B78012B09D100F0EBFF013011
:105F580001280ED940F645213E20FAF733FB022BE3
:105F680007D100F0E5FF0130012802D940F64B21A6
:105F7800F2E708BD781400200A4B40F409000A4AE9
:105F88001B8D40F04000B3F5166F36BFA3F63813EB
:105F9800A3F5166343F48073C2F80837C2F84005C6
:105FA800704700BF7814002000A0085037B50C4691
:105FB8000546FFF785FF20462146FFF7DDFF104A1B
:105FC80001AB284692F9252000F03CFF9DF805001A
:105FD80000F0B4FF20B140F27C713E20FAF7F2FAEB
:105FE8009DF9040000F0F8FC064B40F20312C3F8D8
:105FF800442E40F25B62C3F8482E03B030BD00BFA8
:106008007814002000A008502DE9F84380460C467B
:10601800174606F0C8FF0028FBD0404DB8F1000F26
:1060280038D10123AB702B78012B23D13C4B33F8AB
:10603800173003F5FA734FF47A72B3FBF2F3E41AEC
:106048002B6B384E1C44384BC6F84045C6F8C03157
:106058002B78002B50D195F8483043F0020385F88F
:106068004830FFF701FF054600284CD10025284697
:10607800BDE8F88395F826103846FFF797FF2B4BB5
:106088002A7853F82730002AD3D1294A2649C2F85A
:106098000011CEE7B8F1010F29D10223244EAB70CD
:1060A8002B78012B06D1D6F8003443F01003C6F83C
:1060B8000034C5E795F826903846FFF701FF4846B3
:1060C800FFF75AFFD6F8003443F01003C6F800343F
:1060D80040F20313C6F8443E40F25B63C6F8483EFC
:1060E8002B7813B9104BC6F80431293CA8E740F6C1
:1060F80071113E20FAF766FA012BB2D195F84830B3
:1061080043F00403ABE70123F364D6F84C35A3420C
:10611800ACDA21464046FFF7EBFEA8E778140020EA
:1061280014090300005008500B0000800809030000
:1061380000A0085008B560220021034807F0D1F9F3
:10614800BDE80840FFF75CBE78140020024B03440A
:10615800187D00F51660704794080300024B986B91
:106168001B6BC01A704700BF781400200A4B93F8C5
:106178003C20D3E90C30C01A084B03EB8203DB6BDD
:10618800C01A074B53F822304FF47A7203F2F31314
:10619800B3FBF2F3C01A7047781400209408030088
:1061A800FC0803000F4A08B592F83C10012906D0F4
:1061B800022914D040F2CA213E20FAF703FA40F629
:1061C8001C40D2E90C239B1A074A02EB8102D26BCE
:1061D8009B1A4FF47A72B0FBF2F0184408BD4FF4E2
:1061E800AF60EEE77814002094080300FF2808B594
:1061F80004D940F2E9213E20FAF7E4F9012904D054
:10620800022919D040F25931F5E7002343F48013ED
:1062180040F000700A4A43F4847340F44030C2F8F6
:10622800203EC2F8280ED2F8203503F0F703032BDE
:1062380005D140F27331DEE74FF08073E6E708BD21
:1062480000A00850F8B5264E4FF48067C6F8907045
:10625800BFF34F8FBFF36F8F06F0A1FE0446214DA9
:1062680006F052FF0121001B1F4C2863C4F8A4103C
:10627800FFF7B6FD0323C4F8401E85F82410C4F8C0
:1062880000354FF40023C4F80034184B187C00F094
:1062980067FE02F0F1FF164B164AC4F83833164B66
:1062A800C3F8C820013AC3F8C42040F6FE72134B65
:1062B800C4F81433124BC3F804250023AB87AB632F
:1062C80085F848304FF48073C6F89071C4F8883464
:1062D8002B6E376103B19847BDE8F84000F00ABE5D
:1062E80000E100E07814002000A008508800002099
:1062F8000300008006000080005008500100008064
:1063080000200850014B83F82500704778140020BE
:10631800020E034B0002C3F8342EC3F82C0E70474C
:1063280000A00850044B054A034482F826001B7D50
:1063380003F516631385704794080300781400204A
:1063480038B504460068FFF7E3FF0A4B6268C3F8F4
:106358004C2E207AFFF7E6FF657A60892946FFF719
:1063680045FF2846FFF7ACFD227B034B83F8252029
:1063780038BD00BF00A0085078140020F8B5354C8F
:1063880006460F4694F84830DA0704D440F6E6018A
:106398003E20FAF717F9304943F00203D1F80024F8
:1063A80042F00102C1F8002484F8483006F0FBFDF1
:1063B8000028FBD036BB012394F826103846A3707A
:1063C800FFF7F4FDA378012B02D040F6FB01DFE7CD
:1063D800224AD36402F5A0421360204B3046D3F81A
:1063E8004C552946FFF784FD236BED1A7EBB1C4BE9
:1063F8004FF47A7253F8273003F5FA73B3FBF2F3CC
:106408005819F8BD012EE8D1022394F826503846D1
:10641800A370FFF755FD2846FFF7AEFD0E4BD3F8E6
:10642800002442F01002C3F8002440F20312C3F81B
:10643800442E40F25B62C3F8482EA278022A02D0AA
:1064480040F60411A4E7054AD6645E60C5E705F185
:106458002900D6E77814002000A008500050085002
:106468000809030008B5FFF7CFFD58B9064B01220C
:10647800C3F8400503F5A04302201A61BDE80840AF
:10648800FCF748BD08BD00BF0050085013B5264BA7
:106498004FF48061254A4FF0FF30D3F88844C3F8A1
:1064A8009004C2F890114FF40022214904F480743A
:1064B800C3F80024002281F848201E49C1F840256D
:1064C800C3F80821C3F80021C3F80421D3F8201524
:1064D800C9B2D1B18DF80700C3F8202201221A6190
:1064E8009DF8072012B1D3F820223AB19DF8073061
:1064F8005BB940F633213E20FAF764F89DF807208F
:10650800013AD2B28DF80720EAE7FFF719FD0649EC
:106518000023C1F82032FFF773FC1CB14FF48073DD
:10652800C1F8883402B010BD00A0085000E100E0B6
:10653800781400200050085070B50024234D244ED4
:10654800C5F84845C5F84445C5F84045C5F84C4523
:10655800FFF79CFF00F0D4FCC5F8C441C6F8084119
:10656800C6F80041C6F80441C5F8C840C5F8C4409B
:1065780002F09AFE174B40F6FE72C6F83843C6F88A
:106588001443C5F8C041C3F808254FF48062124B84
:106598001C77C3E90D44114BC5F84845C5F8444577
:1065A800C5F84045C5F84C45C5F84841C5F84441CB
:1065B800C5F84041C5F84C41C3F89020BFF34F8F50
:1065C800BFF36F8FC3F8902170BD00BF0050085013
:1065D80000A00850002008507814002000E100E0D6
:1065E800014BC3F84C0E704700A0085010B50FC8F7
:1065F800014C84E80F0010BDDC14002008B50B4BDB
:10660800C3F8D00E0A4B93F84820586442F00102B0
:1066180083F84820FFF728FC30B9FFF737FF03203D
:10662800BDE80840FCF776BC08BD00BF00A00850D4
:1066380078140020144B1A6B10449A6B824210B5E0
:10664800124C09D30220FCF765FC00230122C4F890
:1066580040350F4B1A610DE0012218621A77626407
:10666800D4F844350533834205D3094BD3F80C12CB
:106678000029EFD010BD0023C4F84431054BC4F8FD
:106688004405C4F8C431F5E77814002000500850D8
:1066980000A008500900008010B50E4C03460222E5
:1066A80094F83D002277012894F83C1094F82420AF
:1066B8004FF096000BD100F00DFA074A0023206234
:1066C800C2F84431A36B0344C2F8443510BD00F04E
:1066D8001BFAF2E77814002000500850044BC3F866
:1066E800940ED3F8002442F04002C3F80024704707
:1066F80000A00850054BD3F8002422F04002C3F84C
:1067080000240022C3F8942E704700BF00A0085050
:10671800044BD3F8183703F07F035B420370012062
:10672800704700BF00A008500022044B90421A7026
:10673800D97014BF022201225A70704778140020C1
:10674800054B0022C3F84025044AD2F82035DBB2B5
:106758000BB10123136170470050085000A0085086
:10676800044B30B5D3E914459B6DC0E900450B6077
:1067780030BD00BF78140020F8B57C4C01237C4D57
:10678800EB64236BD5F84C65F61A06F002FCA66597
:10679800C4E91401FFF7D4FB764A0023C2F8083194
:1067A800C2F80031C2F80431D2F8001421F01D01FA
:1067B800C2F8001484F84830237F23B1D5F8443157
:1067C800003B18BF0123A17801290AD1D2F8185239
:1067D800002D3FD1674BD3F82032ABB145F01005FF
:1067E80012E0022934D1634AD2F81852D2F80C2E9A
:1067F800003D18BF0125D0074FEA450558BF45F0B1
:1068080004050BB345F00105FFF7EAFAE906A3789A
:1068180003D5012B08BF45F02005554A6678D2F804
:106828004815A163D2F8442584F83D3094F8243003
:10683800626384F83C307EB9FFF7E2FA2677EA070C
:1068480055D5636E984765E015F00B0FDCD1C1E7AD
:106858000025BFE70825D7E715F0110F0CD1013E39
:106868002379277818BF0126012B22D0022B35D097
:106878002BB140F68F4124E0FFF708FEDFE79621B1
:10688800E2783046FFF7C4FA0146FFF7B9FA012F5C
:1068980029D1374B00222770C3F8402103F5A043C4
:1068A800D3F8203503F0F703032B1CD140F69F41A2
:1068B80007E03148FFF744FD94F83D3023B940F62E
:1068C800DD013E20F9F77EFE012B04D1FFF76AFCBB
:1068D800A369C118D9E7FFF749FCF9E72648FFF78C
:1068E8002FFDA169D1E7E2783046FFF7BBFD15F02F
:1068F800020021D01F4B0021D3F81C0EA36E00F01C
:10690800010045EA8000C0F3800080F0010000F03B
:1069180001009847A378022B0DD1237F5BB1022B8E
:10692800134A17D1A36B216A0B44C2F84435104BA4
:10693800124AC3F8C421F8BD15F0280F05F020014C
:1069480004D0B1FA81F1E36E4909E2E7EB06E1D53B
:10695800236F77E7012B02D040F60761B1E7236A7E
:10696800A16B8B42E1D840F60861AAE778140020B1
:106978000050085000A00850801400200900008032
:10698800024B03EB8003D86B704700BF94080300E9
:10699800024B03EB8003986C704700BF9408030018
:1069A800F8B50D460123477801464370044628464A
:1069B800164600F02DF9074AD2F80431002BFBD017
:1069C800677016B9EB78A370AB707B1E58425841BC
:1069D800F8BD00BF00A004502E3008B5362854D8A2
:1069E800DFE800F05053535353534D53535353530D
:1069F8005353535353534B5353535353585358535D
:106A08004953475345534353413F3D3B393735334A
:106A1800312F2D2B29272523215A1C003F231F4ABC
:106A2800C2F8103708BD3323F9E72D23F7E72823E9
:106A3800F5E72323F3E71F23F1E71B23EFE71823E9
:106A4800EDE71523EBE71323E9E71123E7E70F2326
:106A5800E5E70D23E3E70B23E1E70A23DFE7092353
:106A6800DDE70823DBE70723D9E70623D7E7052374
:106A7800D5E70423D3E70323D1E70123CFE74FF476
:106A88009873CCE74FF48873C9E74FF486713F20B9
:106A9800F9F798FD0223C2E73923C0E700A00850A0
:106AA800054B4FF47A72023833F8113003F2E733AA
:106AB800B3FBF2F318447047F4080300044B4FF497
:106AC8007A7233F81130B3FBF2F30133184470478C
:106AD800F408030038B51D460A4B33F8114003EBA0
:106AE800820305359B681C444FF47A7304F6B73467
:106AF80003FB00441046B4FBF3F42544FFF740FFC2
:106B0800284438BDF408030070B506460846154603
:106B1800FFF73EFF094B03EB85039C684FF47A733C
:106B280004F6B73403FB0644241A2846B4FBF3F4EE
:106B3800FFF726FF0530204470BD00BFF4080300AE
:106B4800024B00221A809A70704700BFEC14002094
:106B5800F8B5054601200C4617461E46FFF7D2F841
:106B680005F003012648274A41EA064326490671EB
:106B780043F08073C1F804350023C1F88030C2F8AF
:106B88008430A2F57C32C2F8843102221F4BC3F84C
:106B98000825E368C7801FBAA3681EBA63681ABAD3
:106BA8002368C1F810751BBAC1F81465C1F8182517
:106BB800C1F81C35E769A6693FBA36BAD4E9042C8E
:106BC80094F82040130AC1F82075003C4FEA02628D
:106BD80043EA0C63C1F8246518BF012412BA23F0F4
:106BE8000043022D43EAC4731BBAC1F828354FF09D
:106BF8000103C1F82C254370C57008BF0370F8BDA8
:106C0800EC1400200030085000A00450002004506C
:106C18002B4B5A782DE9F04704460D4622B940F22D
:106C28003B116C20F9F7CEFC264A03F10C0E4F7885
:106C380003F1140603F13C0CDFF894904FF00E08B2
:106C48001F811F8503F14C0A0437DD61C3F82090CA
:106C580083F82B80A3F8607092E80300C3E9154914
:106C68008EE80300D2E9020186E80300E91C002649
:106C7800596283F82A60D2E90401C3E90B668CE8FB
:106C88000300611C596410499964D2E90601E21CA9
:106C98008AE80300DA65012183F8626083F863807B
:106CA800C3E91966AA78A270084AC2F830E5C2F8A2
:106CB80038C599701970C2F804611160BDE8F08791
:106CC800EC1400201C0903000100000C00A0045073
:106CD8000100000D334B5A782DE9F04105460E4668
:106CE80022B940F25B116C20F9F76CFC2E4A03F1D3
:106CF8003C0C03F14C0403F10C07DFF8C480DFF807
:106D0800C4E0C3F848805E65C3F858E092E8030021
:106D1800C3E9095E8CE80300711C5964D2E90801D3
:106D280084E80300F11C0024D96520499C6683F897
:106D38003240C3E91814D2E9040187E80300691C4A
:106D4800C3E90518D2E90601EA1C03F11C08DA6256
:106D5800DA881A860E2288E8030083F83320012196
:106D6800C3E90D44B278AA70114AC2F830C5C2F816
:106D7800387599701B780BB9A621B4E70D4BC2F88A
:106D88000441C2F80841C2F880300B4AC2F8843086
:106D9800A2F57C32C2F884310222084BC3F80425DC
:106DA800BDE8F081EC1400201C090300E803000E84
:106DB80000A004500100008000300850002004505A
:106DC8000100000C0100000D0C4B1A788AB100225A
:106DD8000B490220C1F8802001F56431C1F88420F4
:106DE800A1F57C31C1F88421A1F50051C1F808054D
:106DF8001A7000225A709A70704700BFEC14002075
:106E080000A0045008B50B4BD3F8082122B1042088
:106E1800FCF780F8022008BDD3F8042122B9052028
:106E2800FCF778F80320F6E7D3F80004003818BF19
:106E38000120F0E700A00450014B01225A6070477E
:106E480000A004502DE9F04F264C85B00546984621
:106E58000E46174600F0A2F823788146AB4211D1BE
:106E68006378B3420ED194F90230BB420AD1E37879
:106E7800834207D1A388A8F8003094F9060005B02A
:106E8800BDE8F08F012D06D0022D10D040F205513B
:106E98000620F9F797FB00200DF10F033A4631461B
:106EA80000F082F8824620B14121A920F1E70120B3
:106EB800F2E730469DF90FB0FFF748F9A91E0346DF
:106EC800CDF800A04A4258464A41414600F03CF8F5
:106ED800B8F80030A071A38025706670A77084F898
:106EE8000390CAE79E000020014B1B681B681847E7
:106EF80010030020014B1B685B6818471003002033
:106F0800014B1B689B68184710030020014B1B6846
:106F18001B69184710030020014B1B685B69184761
:106F280010030020014B1B689B69184710030020C1
:106F3800014B1B68DB69184710030020014B1B68D5
:106F48009B6A18471003002030B4044C9DF8085081
:106F580024680295E468A44630BC6047100300200A
:106F680000220D49134610B540FA02F4E40744BF65
:106F7800CA545C1C02F1010248BFE3B2042AF3D1EF
:106F8800054AFF24D118032B01D9107110BD013314
:106F980001F8014BDBB2F6E710330020014B187DF6
:106FA800704700BF68150020042810B511D883B1B8
:106FB80004280CBF10242824A1420AD2064C54F8F5
:106FC800200018B141568A42A8BF0A4600201A700C
:106FD80010BD6FF01500FBE7681500200728034671
:106FE80011DC10F12D0F10DB094A101890F82E0053
:106FF80002EBC00292F93C209A4207D0002918BF40
:107008000130C0B270471B2070470020704700BF96
:1070180044090300072808B507DCFFF7DFFF044B26
:1070280003EBC00393F93C0008BD0820FCE700BF50
:107038004409030010F0FF0008B5074B05D00128EC
:1070480007D04D21B52001F057FF01229A601A6040
:1070580008BD5862FCE700BF00E0105010F0FF00C8
:1070680008B5124B05D001281AD07C21B52001F0B3
:1070780043FF01225A60DA600D4AC3F8000110701C
:10708800D3F80824D2070AD4D3F8682412F00102EE
:1070980002BFC3F81021C3F81821C3F8142108BD92
:1070A80000229862C3F81C21EAE700BF00E01050F4
:1070B8007D150020014B01221A7070477D150020B4
:1070C80008B50B4B28B101280BD0C221B52001F01F
:1070D80013FFD3F8103113B9064B187808BD0120F7
:1070E800FCE7D3F81C01003818BF0120F6E700BF01
:1070F80000E010507D150020024BD3F8080400F082
:107108000100704700E01050024BD3F8480400F02B
:107118000100704700E01050024BD3F84004C0B2A1
:10712800704700BF00E0105007490246D1F84C04F0
:10713800D1F84C1410F4803005D0D0B201F003031C
:107148001B1A58425841704700E0105038B51A4B86
:10715800D3F80C34DA0304D440F27D116D2001F029
:10716800CBFE164A0124164B106A536620F03F00E6
:1071780094645464136CDB03FCD4136A116C03F03D
:107188003F03C1F30A01C1F5806181EAE1750B296A
:10719800A5EBE17509DD3F2B04D0013303431362EE
:1071A800172DE6DC0023936438BD0B31F8DA002B89
:1071B800F8D0013BF2E700BF00E010500008125081
:1071C8000100008038B50B4C23781BB100232370D5
:1071D800FFF7BCFFEFF3108572B6637803F0FF008A
:1071E8000BB9FFF73BFF05B962B6034B00225A669D
:1071F80038BD00BF801500200008125070B5174D2B
:10720800012204460E462B18DA7005F0AFFEA0B92D
:1072180034B1012C0FD040F229116D2001F06CFE21
:1072280011232A19012105EB840451710C4AA66027
:10723800C2F8043370BD8023F3E7002EFAD034B9C6
:107248000220B047002305EB8405AB60F2E7012C70
:1072580001D12046F5E74FF4A271DEE78015002042
:1072680000E01050044B0022191803EB80034A7108
:107278009A60CA70704700BF80150020014B1882C1
:10728800704700BF80150020014B588A704700BF27
:1072980080150020014B188A704700BF8015002018
:1072A80010B5EFF3108472B6064B03445A780132D6
:1072B800D2B25A705B78012B01D1FFF7BBFE04B93B
:1072C80062B610BD80150020034610B5EFF3108498
:1072D80072B611490B445A7822B940F25B216D20ED
:1072E80001F00AFE5A78013AD2B25A705B7883B933
:1072F8000B7D43B1094BD3F80C34DB0306D44B7830
:1073080003F0FF002BB9FFF7A9FE02E0487D01F06A
:1073180073FF04B962B610BD8015002000E010505C
:1073280010B505F026FE0C4C05F020FE60B1A37DDB
:107338003BB90A4B01229A610423E37500232376A3
:1073480010BD05F019FEF9E703230122E375034B8D
:10735800C3F80423F2E700BF8015002000E01050B6
:10736800014B01221A62704700E01050044B587E0E
:1073780028B1044BD3F81001B0FA80F040097047E7
:107388008015002000E0105038B50C4B5D7E5DB9CB
:1073980001245C7605F0EDFD094B1022C3F810516D
:1073A800C3F80423DC6138BDFFF7E0FF0028FAD0FA
:1073B80040F297216D2001F09FFD00BF801500204D
:1073C80000E01050024BD87D003818BF01207047EC
:1073D8008015002038B5174C237D23B940F20A31B7
:1073E8006D2001F089FD01232370A37DC3B9A37E1D
:1073F800B3B1227E013B9A4212DA05F0B7FD054689
:1074080001F094FEA37E012B82BF237E01332376F5
:1074180055B1E369C31A0133022B09D935B1E061CB
:10742800BDE83840FFF77CBF236AF3E72062F7E73F
:1074380038BD00BF8015002037B5184CA37D63B94F
:10744800606A00F00300FFF76FFE30B1EFF31083BE
:1074580072B6E27D1AB103B962B603B030BD01223B
:10746800E27503B962B608230D4DC5F808334FF429
:107478002073ADF80630BDF806309BB25A1E92B2A2
:10748800ADF80620002BF6D1C5F80C3184F8283069
:10749800FFF746FF0823C5F80433DEE78015002010
:1074A80000E010502DE9F74F524C237D002B00F0DF
:1074B8009D800323ADF804304F4BD3F80051D3F827
:1074C8001C21003D18BF012522B1012245F080058D
:1074D8008DF80520D3F80881D3F8142112B9D3F810
:1074E800183173B1444B0026C3F81461C3F818610E
:1074F800C3F81061637E0BB105F03EFD667605F0BA
:10750800A1FE3D4BD3F810316BB3637E1BB105F080
:1075180033FD00236376637913B102238DF80430B9
:1075280045F01005354E0DF1040A334B4FF00009B4
:10753800F71EC3F808531AF8010B03280AD03B7842
:1075480043B14FF0000B336887F800B013B1984788
:10755800C6F800B009F10103043601374FF00109FC
:10756800022BE8D101E0002DDCD1B8F1000F08D0E2
:10757800214B0022C3F808210422C3F80823FFF78F
:107588005BFF94F82860EA071B4BF6B2D3F80C713E
:1075980008D5E27D032A05D1A27D82B90422E275CD
:1075A80001229A61A7B1144B0022C3F80C21E37D94
:1075B800042B09D040F26D316D2001F09DFC05F0DF
:1075C800DBFC0223E375EDE70223E37505F0D4FC49
:1075D80066B1002384F82830E37D022B01D1FFF740
:1075E8009FFE03B0BDE8F04F05F0C6BC03B0BDE890
:1075F800F08F00BF8015002000E010508815002093
:1076080010B5054C606A00F00300FFF78DFD0028F7
:10761800F8D0002010BD00BF80150020F8B5054641
:1076280050B10278022A07D8437842B9013B1F2B90
:1076380002D88378212B07D96FF015008CE0002B36
:10764800FAD18378002BF7D1654B4FF48042C3F809
:10765800A020BFF34F8FBFF36F8F624EC3F8A021F6
:10766800FD23614CC6F808330023C6F81C31C6F860
:107678000031C6F80831C6F80C316370A370AB88C6
:107688006382FFF739FD10B10123E3706370D6F808
:107698000C0440F2563310F4803023821BD0FFF7DD
:1076A80009FD524801F07EFD4E4E602360750022B0
:1076B800C6F804332B78A978012B62766262A37529
:1076C800A176227620D0022B17D0F3B140F22251B6
:1076D8006D2001F011FCC6F81001FFF7ABFC414A20
:1076E800D2F81031002BFBD0FFF730FD0020FFF758
:1076F800B5FC3F4B00225A66D3E705F03AFCD6F8B2
:107708000C34D903FBD502236362FFF7FDFC48B3B1
:10771800FFF702FD636A03F00303984222D1AB79B5
:10772800DBB9FFF76DFFA37E63B12B7853B905F082
:107738001DFC054601F0FAFC6FF00043002D4CD00B
:10774800C4E9070301234FF4804200202375244B2A
:10775800E075C3F8A0211A62F8BD224B0422C3F8D1
:107768000423E0E71F4B012200215A61C3F80811E6
:1077780094F82410C3F840141A610422C3F80423AF
:10778800AA79002ACFD1D3F80423520702D440F2B1
:10779800D5419DE7174A1769116907F0100741F0AD
:1077A80010011161D3F808310BB905F010FE0D4E28
:1077B800D6F8083173B1FFF723FF27B90D4A1369CB
:1077C80023F0100313610423C6F808330023C6F816
:1077D8000831A8E705F0F9FDEAE7C4E90730B1E7A1
:1077E80000E100E000E0105080150020CD7100009D
:1077F8000008125000ED00E038B50E4B04460D4667
:107808001A791AB183216F2001F076FB01280DD86F
:1078180003445A790AB1002038BD01225A71FFF792
:107828003FFD29462046FFF7E9FCF4E76FF0150015
:10783800F2E700BFAC15002070B50C4D04462E7958
:107848001EB19A216F2001F057FB01280BD805447F
:107858006B790BB9002070BDFFF704FD20466E71EF
:10786800FFF732FDF6E76FF01500F4E7AC150020DE
:1078780010B501B3F0B14FF0FF33104A1C46E0FBDE
:107888000134944203D9DB216F2001F035FB1A0D36
:10789800C3F30F100A4B42EA04324FF22444B2FBFE
:1078A800F4F100EB024003FB1100B0FBF4F040EAF6
:1078B8000140013010BD0846FCE700BF3F420F0001
:1078C800000024F4014B9B68184700BFAC1500204A
:1078D800014BDB68184700BFAC150020014B1B6942
:1078E800184700BFAC15002008B5064B1B7923B11B
:1078F80040F237116F2001F0FFFABDE80840FFF7AA
:1079080069BD00BFAC150020034B1A790AB9FFF70F
:10791800BBBC988D704700BFAC150020034B1A798B
:107928000AB9FFF7B7BC988A704700BFAC150020AA
:10793800024B1B790BB9FFF77FBD7047AC150020D0
:10794800014B9B69184700BFAC15002038B51D4C8A
:10795800237933B3FFF7C2FF50B91B4DC5F81001A7
:10796800FFF7B0FFD5F81031002BFBD0FFF7B0FFC1
:10797800154B6022C3F80423636A9847002806DB86
:1079880094F82E3023B10123002084F8303038BD1C
:10799800FFF7D6FF0028F6DA40F28D116F2001F0CC
:1079A800ABFA0A4BA3610A4BE3610A4B23620A4B09
:1079B800A3600A4BE3600A4B2361FFF72FFE002800
:1079C800E1D0E4E7AC15002000E010500976000093
:1079D8008DCF0000CD7300007BCF000081CF000069
:1079E80087CF000038B5084B04461D7925B140F211
:1079F800E1116F2001F080FA00F05EFE2046FFF7EB
:107A08003DFC284638BD00BFAC15002008B5074826
:107A180000F040FE054800F019F801F075F901F092
:107A280083F800F035FA012008BD00BFE0150020FA
:107A380008B5054B1A781AB12721032001F05CFA22
:107A48005860197008BD00BFE8150020024B986007
:107A580000221A705A607047E8150020F7B51E4CCE
:107A68002378012BDAB204D0022A2ED0012003B0E9
:107A7800F0BD0DF10701606800F026FA65686B7DBE
:107A8800DB071CD5AB7F042B19D000F097FE064608
:107A9800A8B100F099FE2B69D5E900279A18B368B8
:107AA80047F100070A332CBF012500251B1845EBB9
:107AB80001059342BD4102D3606800F0D5FA002366
:107AC800636023709DF80700D1E70DF10701606836
:107AD80000F006FAF3E700BFE815002073B5054685
:107AE8000C4600F06BFE0646AB7F012B1AD02146F0
:107AF8002B4604F1180251F8040B914243F8040B89
:107B0800F9D101230DF107012846AB7700F0DCF924
:107B180016B1012002B070BD034B0421986805F02E
:107B2800B6FBF6E70020F5E7E8150020024B062132
:107B3800986805F0ACBB00BFE8150020042300F1ED
:107B4800180283770023037643768376C376044B43
:107B5800196811B91A605A60704759680A60FAE7DB
:107B6800F41500202DE9F843174E002407468846EF
:107B7800B368204633B928B3144B1878BDE8F843E6
:107B880001F03ABB53E9061553F8082CD3F80090D6
:107B9800521845F10005BA4275EB080510D24CB1F0
:107BA800226812682260A3F11800FFF7C7FF0120BE
:107BB8004B46DFE7B268002AF5D01268B260F2E7F8
:107BC8001C46F5E7BDE8F883F415002054030020AF
:107BD80000232DE9F04713600646324B98680028C9
:107BE8005DD0A0F1180550E9063CB3427CEB0104D6
:107BF8000AD250F8084CE3184CF1000C9E4271EB85
:107C08000C043CBF33468C4650F8104C00270A340D
:107C180047F10000E3184CEB000C2846D5F8189003
:107C2800B9F1000F3BD059E906E89E4578EB0C0402
:107C380035D290F814A019F8044CA24526D08CBF70
:107C480001240024F4B105F11803B645136078EB5C
:107C580001030CD259F8083C13EB0E0348F1000855
:107C68009E429E4671EB08033CBFB646884659F8CB
:107C7800103CA9F118000A3347F1000C13EB0E036E
:107C880048EB0C0CAD6955B1183DC7E7B9F804408D
:107C9800B0F81CA0A4EB0A04C4F3C034D2E7BDE8D2
:107CA800F08700BFF41500202DE9F04F85B08283DE
:107CB8004F4A04460091D2F808C094F81580D0E9DC
:107CC8000030BCF1000F40D0ACF11801002708F0DB
:107CD8000109D1E90026934270EB06056ED3B9F18C
:107CE800000F2CD0277D0D7DAF4228D38D68AD18AD
:107CF80046F1000615F10A0A46F1000E534570EBED
:107D08000E0219D22269D21840F1000792457EEB83
:107D1800070B01D252467746AA42B7410FD22046F6
:107D28000024FFF70BFF334B187801F065FA009B2E
:107D38001C7005B0BDE8F08F1A460746ECE78A6963
:107D48000F4622B1A2F11801C3E76246674618F050
:107D5800010F38D0A168C91840F1000B019192B306
:107D6800019DD2E9001615F10A0E4BF10005714587
:107D780076EB050527D294F814E0157DAE4519D3A6
:107D880095686D1846F1000615F10A0946F10008D4
:107D98004B4570EB080113D22169C91840F1000E58
:107DA800894578EB0E0A01D24946C646A9427EEBC0
:107DB800060EB4D3926932B1183AD1E70A46C6E73B
:107DC80019468646F2E704F118035FB1BA69A26161
:107DD800BB6103AA00200021FFF7FAFE231A5C42C8
:107DE8005C41A4E7024AC4F818C09360F1E700BFF9
:107DF800F415002054030020F8B5244C0023E36058
:107E0800EFF3108272B621686360E160236002B903
:107E180062B60026E36803B9F8BD9A79A3F11800A1
:107E2800032A07D11A6801219E7153F80C3CE260BD
:107E38009847EFE7196851B1A1F1180307460022E6
:107E48009D7F042D09D09B7F032B02D1B2B9E1603D
:107E580017E063219F2001F04FF8B0F81CC09D8BFC
:107E6800A5EB0C052D049D6944BF07F118021846BF
:107E7800002DEBD01F46A5F11803E1E713681B6836
:107E88001360C36802218677D2E700BFF41500208B
:107E980010B50A4C2378FF2B04D04FF483719F2030
:107EA80001F02AF8064801F07DF9064B00222070FF
:107EB8009A601A605A601A8210BD00BF54030020ED
:107EC800017E0000F4150020044B1A8A10B4541CDB
:107ED8001C825DF8044BFFF7E7BE00BFF4150020D5
:107EE80037B504460D4601AA00210020FFF770FEB1
:107EF800231A04F11801584258412870044805F023
:107F0800ECF910B100230120A37703B030BD00BF06
:107F1800FC15002038B5114B044600F118011A6809
:107F2800B2B11A6800209AB191420ED108B1A56980
:107F380005601D68A94204BF12681A605A68914218
:107F480000D158600023A37707E010461268EAE7DB
:107F5800034805F0C2F90028F4D138BDF415002013
:107F68000016002037B505460C46FFF7FBFD01AAB1
:107F780028462146FFF72CFE28B100F11803034AD2
:107F8800536103B030BD0346F9E700BFF415002084
:107F980010B5064C616904F1080005F09EF918B1A6
:107FA800606900231838636110BD00BFF415002014
:107FB8009C46144BF0B59D68FDB115F8043C183D7E
:107FC800834218D812F10A04D5E900364CF10001B1
:107FD800A34276EB01070BD22F69FF1846F1000682
:107FE800A7428E4107D3B4F10A0041F1FF31F0BD39
:107FF8001C463146F7E7AD69DEE74FF0FF30014632
:10800800F5E700BFF415002008B5837F022B1CD1CB
:10801800437D13F0020302D00023837708BD0322B7
:10802800037643768376C3760D4B827700F1180288
:10803800196839B91A605A600A4B1878BDE80840BF
:1080480001F0DAB859680A60F5E7837F012BE5D0BB
:10805800837F042BE2D04FF4FA719F2000F04CFF8D
:10806800F41500205403002010B500F1180104464F
:10807800084805F032F920B94FF4FF719F2000F04D
:108088003BFF2046FFF75AFD034BBDE81040187828
:1080980001F0B2B8FC150020540300202DE9F74F79
:1080A800D0F810E0BEF1000F04D040F21D219F204F
:1080B80000F022FF836890F814800193D0E900143F
:1080C800EFF3108972B6274BB3F810C09B686BB1F9
:1080D800019D183B0A35D3E900264EF1000A6D18B8
:1080E80044EB0A0A95427AEB060707D2B9F1000F6A
:1080F80035D0C0E9001403B0BDE8F08F8A4276EBB2
:1081080004070CD31F69BF1846F1000BAF427BEB85
:108118000A0B34BF0125002575B99B69D7E712F111
:108128000A0A9D6846F1000715EB0A0547F10007A2
:10813800A94274EB0707ECE71D7DA84509D0ECD9E7
:1081480012F10A019D6846F10004691844F100041F
:10815800E3E79D8BA5EB0C052D04DED5F0E762B6B1
:10816800C7E700BFF4150020034B187800F0FD00A6
:10817800431E58425841704710160020024B0521F3
:10818800586805F084B800BF1016002038B5FFF70E
:10819800FFFE002580B1094CC4E90205256100F005
:1081A800E7FCA068022329468377C3689847D4E987
:1081B800060105F002F8012038BD00BF10160020A6
:1081C800064B986810B520B94FF42471B02000F020
:1081D80093FEC3680621BDE810401847101600201A
:1081E8002DE9F74F2F4C814694F82430266A002B4E
:1081F8003AD1FFF7B9FF804618B1E38C9E4238BFE9
:108208001E4600F0BFFD83190F46054641F10001E7
:108218001846CDE90013FFF7A5FE40B3019B00996E
:10822800D0E900AB534571EB0B0205D2BAEB06055A
:10823800534659466BF1000728461B4AC4E90631E4
:1082480000233946C4E90A57236300F06FFD5046FE
:10825800594604F0F3FFB8F1000F02D0E38C9E42B8
:108268001DD00223114A13E04FF00008C9E794F823
:10827800243033B12378023B012B02D8636B0120F1
:108288009847002584F8245004F0D9FF2B46084A63
:1082980084F83830C9F8002003B0BDE8F08F012316
:1082A800E0E700BF1016002085810000E983000088
:1082B800C7D100002DE9F04780460F469146444C4F
:1082C800002B6FD04FF0000AD3E90065C4F830A046
:1082D800864275EB01033CBF0D46064629463046EB
:1082E800C4E9066504F0AAFFE38CB6EB080803F1BD
:1082F800640365EB070743455346BB410FDA94F81F
:1083080024304BB12378023B012B02D8636B012048
:108318009847002384F82430FFF726FF8246236A13
:1083280003F5E173984577F100071CDABAF1000FFD
:1083380010D0E08C274A301A65F10001C4E90A011F
:1083480000F0F4FC0623244A84F83830C9F80020E9
:10835800BDE8F0871F4A30462946C4E90A6500F09F
:10836800E5FC0523EFE704F06CFFFFF7B1FAE08CBA
:10837800236ABAF1000F0BD0984209D9301A154A6E
:1083880065F10001C4E90A0100F0D0FC0123DAE735
:10839800F01A104A65F10001C4E90A0100F0C6FCB0
:1083A8000223D0E794F8243033B12378023B012B21
:1083B80002D8636B01209847002584F8245004F004
:1083C80040FFFFF785FA04F03AFF2B46034ABBE764
:1083D8001016002085810000E9830000C7D1000045
:1083E800023970B50546032900F20D81DFE801F076
:1083F80006020840854B002283F83920002024E03B
:10840800824C94F83830042B09D8022B28D8013B29
:10841800012B1BD940F27911B02000F06DFD053B0E
:10842800012BF7D8FFF71AFB0028E7D000F09AFCD9
:1084380000F0A8FC06460C46FFF794FD2A460346C2
:1084480021463046FFF736FF022070BDFFF706FBD6
:108458000028D3D000F086FC2846FFF7C1FEF3E7DA
:10846800FFF7FCFA0028C9D0012384F83930C5E7A2
:10847800664C94F83830013B052B00F2C180DFE8E8
:1084880003F0032956788097FFF76EFE10B194F831
:10849800240010B140F28311BEE7636B98470123B3
:1084A80084F8243000F06EFCA36A594AC01A236B82
:1084B8009842ACBF2063236304F118000BC8C01AAC
:1084C80061F10001C4E90A0100F030FC022384F8DC
:1084D800383093E704F0B4FEFFF7F4F900F052FCEB
:1084E800A36AC21A236B9A42B8BF1A462263FFF7DF
:1084F8003BFED4E9063168B194F8240050B9E28C07
:10850800981A434A61F10001C4E90A0100F00EFC1F
:108518000323DCE7323B41F1FF31981841EBE2716C
:108528003B4AC4E90A0100F001FC0423CFE7FFF746
:108538001BFE10B194F8245015B14FF4DA716BE7B3
:1085480000F020FCA36AC01A236B9842ACBF2063DA
:1085580023632846636B98470123D4E9060184F80E
:1085680024303238236B41F1FF31C01841EBE371FD
:10857800D6E700F03BFB78B194F83930002B7FF454
:1085880057AFFFF703FE00283FF452AF002384F8EB
:108598003830204B2B6057E700200021FFF7E2FC22
:1085A80008B1FFF761FD04F04CFEFFF791F953E7BE
:1085B800FFF7DAFD10B194F8245015B14FF4FD71AE
:1085C8002AE700F0DFFBA36AC01A236B9842ACBF0E
:1085D800206323632846636B984701230C4A84F879
:1085E8002430236BD4E90601323841F1FF31C01839
:1085F80041EBE371C4E90A0100F098FB052366E743
:108608004FF4047108E740F2152105E71016002021
:10861800858100002186000002392DE9F0410646D7
:1086280004292FD8DFE801F0030A0C2E0F00184A9E
:108638001378003B18BF012382F8243000201FE084
:10864800FFF70CFAFAE7DFF8488000F0A7FA00F025
:1086580099FB0C460546FFF785FC0746D8F8080045
:10866800FFF7D2FC002300222846C8F80830002370
:108678002146C8E906233B463246FFF71BFE022087
:10868800BDE8F08140F23B21B02000F035FC00BF8E
:1086980010160020064A002310B5064C02606060E0
:1086A80084F838302370FFF739F93230206210BD72
:1086B800C7D100001016002008B5074B5A6811688A
:1086C800064A914204D040F27521B02000F014FC13
:1086D8003230186208BD00BF10160020C7D1000054
:1086E80010B5EFF3108472B6034B0421586804F0F8
:1086F800CEFD04B962B610BD1016002008B5094BAE
:108708009A6822B940F29621B02000F0F5FBD3E92F
:108718000621BDE808408018034A41F1000100F035
:1087280005BB00BF10160020C981000008B5064B24
:108738009B6823B94FF42771B02000F0DDFBBDE83A
:10874800084000F00FBB00BF1016002008B5054B0D
:108758009A6822B940F2A221B02000F0CDFBD8607F
:1087680008BD00BF1016002008B5054B9A6822B94D
:108778004FF42A71B02000F0BFFB186108BD00BF9C
:1087880010160020054B1B6910B523B940F2AE2125
:10879800B02000F0B1FBBDE81040184710160020CB
:1087A800054BDB6810B523B94FF42D71B02000F0EC
:1087B800A3FBBDE81040184710160020014B98682D
:1087C800704700BF1016002008B5054B9A6822B9FB
:1087D80040F2BF21B02000F08FFBD3E9060108BDAD
:1087E8001016002008B5FFF7BFFC08B1014BD88C64
:1087F80008BD00BF101600200028ADBF00F1604082
:1088080000F00F00044B00F56140B4BF185C90F80D
:1088180000034009704700BF14ED00E02DE9F04166
:1088280005460E46E1B9114F3B681BB1862145202C
:1088380000F062FB38600E48FFF788FF0D48FFF72D
:1088480093FF04F061FC6B7D04465B0708D504F0D8
:10885800A6FB0A34241A7C6000F0A6FA0028FBD094
:108868002B6A3146686ABDE8F04118475016002067
:10887800A188000081880000064B1B6810B51BB951
:108888007221452000F038FB1A6A0521586ABDE8B4
:108898001040104750160020064B1B6810B51BB936
:1088A8006C21452000F028FB1A6A0421586ABDE8AB
:1088B8001040104750160020024B00221A601A81FF
:1088C800704700BF5016002008B5074B1A681AB940
:1088D800B921452000F010FB0449D16000221A603C
:1088E800BDE80840FFF722B950160020258800008F
:1088F80030B587B00C46182200210546684604F0BA
:10890800F0FD637A4FF000026168C3F380030291BF
:1089180083F0010363F38202237A8DF81430224B2B
:108928008DF81520039323785BBB9DF81500D4E9D7
:1089380004324007CDE9003207D50A3B01F10A01AC
:1089480042F1FF320291CDE90032637A69469DF81F
:108958001520C3F3400322F003025B0043F0010338
:1089680013438DF81530114B5868C0F30800B8B19F
:108978001038FFF741FF98B92846FFF7AFF807B05E
:1089880030BD2369049304F004FB9DF815305B07A0
:1089980044BF029B0A33CDE9000148BF0293D4E7E4
:1089A800284604F002FBEAE72588000000ED00E015
:1089B80008B50A4B02465868C0F3080040B11038A1
:1089C800FFF71AFF20B91046BDE8084004F033BB92
:1089D8001046BDE8084004F0FFBA00BF00ED00E013
:1089E80070B50B7886B023B14FF40971452000F0BB
:1089F80083FA4C7A4FF000060593C4F380034D6860
:108A080083F00103029563F382060B7A8DF8143024
:108A18000F4B8DF8156076070393D1E90431CDE942
:108A2800003107D50A3B05F10A0541F1FF310295EE
:108A3800CDE900319DF81530C4F34004694604922D
:108A480064F341038DF8153004F0AFFA06B070BD39
:108A5800258800007FB504F09CFA002305930B4B92
:108A6800039340F21E2302934FF0FF33CDE9000138
:108A7800694607480493FFF731F818B9CB2143201A
:108A880000F03AFA07B05DF804FB00BFC18A0000A5
:108A98008816002010B5074C94F820304BB9FEF723
:108AA8001DFF30B9012384F82030BDE81040FFF7DE
:108AB800D1BF10BD8816002008B506292ED8DFE8DA
:108AC80001F0042F292D2D2D0E0004F05EFA154813
:108AD80004F01CFB1E38BDE8084004F05CBAFEF741
:108AE800FDFE38B10F4B002283F82020BDE8084076
:108AF800FFF71CB804F04BFA08B904F046FA002155
:108B08004FF4007004F0D2FA0028E0D1E9214320A4
:108B180000F0F2F9BDE80840FFF79CBFF521F6E741
:108B280008BD00BF881600204FF000430D4A0E48CC
:108B38000021C2F88030A2F58022C2F880310123DA
:108B480002F57832C2F80435A2F58022C2F804355D
:108B58002022064BD3F8183580F82010436204F021
:108B6800C0BC00BF00400C508816002000E0045034
:108B780008B522F05BF8074AD2F8583743F00103EA
:108B8800C2F858370122044BC3F81825BDE808403D
:108B9800FFF780BF00200E5000E0045008B522F017
:108BA80047F80E4AD2F8583723F00103C2F858376D
:108BB8000B4B5A6A0B4BC3F8182503F55C3301229B
:108BC8005A604FF0FF32C3F808232022064BC3F83F
:108BD8009021BDE8084000F0C5B800BF00200E5045
:108BE8008816002000E0045000E100E008B5FEF718
:108BF80075FEB0B90D4BD3F800314BB90C4A936AE6
:108C08000133312B93620BD99C21432000F074F976
:108C180004F0BDF908B1A021F7E704F0B4F9012088
:108C280008BD034B00229A62F9E700BF00E010502C
:108C38008816002040F20251014808B500F052F9A8
:108C48006BE003001848202208B5C0F89020BFF355
:108C58004F8FBFF36F8F154BC0F89021D3F80415D1
:108C680021F00301C3F80415D3F8081541F00301F6
:108C7800C3F8081592FAA2F1B1FA81F1092904DDC5
:108C880040F29F310A4800F02DF9C3F81015012170
:108C98005960D9604FF00041C3F880104FF0FF31A0
:108CA800C3F80813026108BD00E100E00050085055
:108CB8006BE00300124B4FF4E062C3F83823002244
:108CC800C3F8AC25C3F8BC25C3F8CC25C3F82021CC
:108CD800C3F82421C3F8282120220A4BC3F89C2179
:108CE800C3F89C20BFF34F8FBFF36F8FC3F890205A
:108CF800BFF34F8FBFF36F8FC3F89021704700BF4A
:108D080000200E5000E100E008B5FFF7D3FF054B47
:108D18004FF4A062C3F834232022034BC3F89C21EC
:108D2800DA6108BD00200E5000E100E00B4B10B5E1
:108D38001C681CB14B21042000F0DEF8B1F5801F3F
:108D48001A6001D3FFF776FF054B0122C3F8A0058F
:108D5800C3F8A415C3F8AC2510BD00BFB816002091
:108D680000200E50054A136833B100230449C1F8A6
:108D7800AC35C1F820311360704700BFB816002029
:108D880000200E5030B54FF0FF30064C6FF04041D8
:108D9800D4E90023904271EB0305F9D31046C3F3DD
:108DA800130130BD40270E5008B5FFF7EBFF044B09
:108DB800D3E90223904299412CBF0120002008BD2D
:108DC800B816002010B5FFF73DFF0F4C0023C4F87C
:108DD800BC35C4F82431FFF7D5FF0A3041F1000152
:108DE800B1F5801F01D1FFF725FF4FF00043C4F80C
:108DF800B005C4F8B415C4F8A4310123C4F8BC35CF
:108E0800024BC3E9020110BD00200E50B816002025
:108E1800144BD3F8342312F4A06F10B503D1FA2100
:108E2800042000F069F8D3F8202162B100220E492D
:108E3800C3F8AC25C3F820210B6813B94FF481712E
:108E4800EEE70A609847074BD3F828214AB1002279
:108E5800C3F8CC25C3F82821034BBDE810401B6993
:108E6800184710BD00200E50B8160020014B187985
:108E7800704700BFD0160020044B1A79824283BF86
:108E88001B68602202FB003000207047D0160020CB
:108E9800BFF34F8F0549064BCA6802F4E0621343DB
:108EA800CB60BFF34F8F00BFFDE700BF00ED00E0D0
:108EB8000400FA05094B01225A604FF0FF32C3F84B
:108EC80008234FF40062064BC3F88820BFF34F8F86
:108ED800BFF36F8FC3F88821704700BF00B00450FC
:108EE80000E100E008B572B6024B5B6803B1984731
:108EF800FFF7CEFFD81600201FB572B6144B5C687A
:108F080094B9FFF7C5FFB2FBF6F22B465D1C002AA9
:108F1800F9D1DBB203F110056D4405F80C2C0A22D7
:108F280033B901A8A047ECE7024600230A26EDE77B
:108F3800013BDBB203F110050DEB0506B0FBF2F5C2
:108F480002FB1500303006F80C0C2846E8E700BF95
:108F5800D8160020F8B5234F05460C4616463B7830
:108F6800002B3CD104F001F87E601F4B01263C81A8
:108F78004FF48062C3F8A4601C4BC3F89020BFF381
:108F88004F8FBFF36F8FC3F89021FFF793FF184BF4
:108F9800002D14BF28461846FEF7D8FC0546E0B950
:108FA800FFF78AFCFEF7C4FC04F060F9FEF72EFD1B
:108FB80018B9B8211120FFF79FFF002C0BDB04F034
:108FC8001F036409A4009E4004F1604404F5614451
:108FD800C4F88061266001233B702846F8BD4FF035
:108FE800FF35FAE7D816002000A0085000E100E09D
:108FF8005C0A0300074BB3F90830002B09DB5A0958
:10900800012103F01F03994002F14003024A42F88C
:1090180023107047D816002000E100E0014B1878B3
:10902800704700BFD81600202DE9F84F074689463B
:1090380093469846374CDFF8F0A0374D2E78013626
:10904800F6B2D5E84F3F0133DBB2C5E8403F002810
:10905800F7D101216160C4F80001C4F80401EFF3FD
:10906800108072B62D4BC5F80490AB60C5E905B306
:109078003B68C4F810357B68C4F81435BB68C4F87D
:109088001835FB68C4F81C35254BC4F83035103347
:10909800C4F83835216000B962B6D4F800312BB96C
:1090A800D4F8043113B92B789E421CD0B8F1000FC4
:1090B80009D00A9B3BB1D4F840350A9AC8F8003069
:1090C800D4F83C351360D4F80431002BB5D1297895
:1090D800B142B2D1C4F80031C4F804310323C4F852
:1090E8000833BDE8F88FDAF81030DB06D5D503234E
:1090F8004FF40061C4F804330A4BC3F88811D4F85C
:109108000031002BC9D1D4F80431002BC5D104F0AB
:109118005CF9C2E700B00450E41600201000000B10
:10912800E816002000E100E000ED00E01A4B4FF4E3
:10913800000270B5C3F89820BFF34F8FBFF36F8F4D
:10914800164C0021164DC4F80011C3F898212E6959
:109158002B6906F0100643F010032B610123C4F8B5
:1091680004332360D4F800319BB11EB92B6923F076
:1091780010032B610123D4F808054FF40002636043
:10918800C4F808330023C4F80031034BC3F898210E
:1091980070BD04F01AF9E5E700E100E000700D5039
:1091A80000ED00E038B50B49042301EBC302157943
:1091B80005F0FF042DB1013BF7D240216920FFF7EC
:1091C8009BFE41F8330001215471D8B2947111719A
:1091D80038BD00BF08170020042808B503D9472167
:1091E8006920FFF789FE034B002203EBC0031A71C5
:1091F80008BD00BF08170020042808B503D950216E
:109208006920FFF779FE094B03EBC0000379012BB6
:1092180001D05121F4E7437982790133DBB29A42D4
:1092280018BF4371BDE80840FFF7E4BE08170020E7
:1092380038B505240F4D95F8281005EBC1031A79A8
:10924800012A09D158799A79904205D05A79D2B22F
:109258009A7155F83130984795F82830013C013318
:10926800DBB2052B28BF002314F0FF0485F8283053
:10927800E1D138BD08170020094B0A4AC3F800237A
:109288000132C3F80C230132C3F818230132C3F8A2
:1092980020230132C3F81C230132C3F81021704780
:1092A80000A0085004000080074B0022C3F80023E8
:1092B800C3F80C23C3F81823C3F82023C3F81C23CE
:1092C800C3F81021704700BF00A00850844641EA47
:1092D800000313F0030359D1403A33D3F0B4F0C973
:1092E800F0C0F0C9F0C0F0C9F0C0F0C9F0C0403A11
:1092F800F5D2F0BC26E0403A24D300BF0B680360E7
:109308004B6843608B688360CB68C3600B690361FB
:109318004B6943618B698361CB69C3610B6A0362E3
:109328004B6A43628B6A8362CB6AC3620B6B0363CB
:109338004B6B43638B6B8363CB6BC36340304031B0
:10934800403ADBD230320BD30B6803604B68436082
:109358008B688360CB68C36010301031103AF3D249
:109368000C3205D351F8043B40F8043B043AF9D2D7
:10937800043208D0D2071CBF11F8013B00F8013BAA
:1093880001D30B8803806046704700BF082A13D3B7
:109398008B07B0D010F00303ADD0C3F10403D21A89
:1093A800DB071CBF11F8013B00F8013BA3D331F8E0
:1093B800023B20F8023B9EE7043AD9D3013A11F860
:1093C800013B00F8013BF9D20B7803704B784370EE
:1093D8008B7883706046704781F0004102E000BFDF
:1093E80083F0004330B54FEA41044FEA430594EA5D
:1093F800050F08BF90EA020F1FBF54EA000C55EA98
:10940800020C7FEA645C7FEA655C00F0E2804FEA68
:109418005454D4EB5555B8BF6D420CDD2C4480EA4A
:10942800020281EA030382EA000083EA010180EA7A
:10943800020281EA0303362D88BF30BD11F0004FC8
:109448004FEA01314FF4801C4CEA113102D04042FE
:1094580061EB410113F0004F4FEA03334CEA133339
:1094680002D0524263EB430394EA050F00F0A78051
:10947800A4F10104D5F1200E0DDB02FA0EFC22FA4C
:1094880005F2801841F1000103FA0EF2801843FA40
:1094980005F359410EE0A5F120050EF1200E012A31
:1094A80003FA0EFC28BF4CF0020C43FA05F3C0186F
:1094B80051EBE37101F0004507D54FF0000EDCF1E8
:1094C800000C7EEB00006EEB0101B1F5801F1BD391
:1094D800B1F5001F0CD349085FEA30004FEA3C0C95
:1094E80004F101044FEA445212F5800F80F09A808B
:1094F800BCF1004F08BF5FEA500C50F1000041EB8F
:10950800045141EA050130BD5FEA4C0C404141EB92
:109518000101013C28BFB1F5801FE9D291F0000F8D
:1095280004BF01460020B1FA81F308BF2033A3F13C
:109538000B03B3F120020CDA0C3208DD02F1140C33
:10954800C2F10C0201FA0CF021FA02F10CE002F16E
:109558001402D8BFC2F1200C01FA02F120FA0CFC67
:10956800DCBF41EA0C019040E41AA2BF01EB0451B0
:10957800294330BD6FEA04041F3C1CDA0C340EDCAE
:1095880004F11404C4F1200220FA04F001FA02F3F1
:1095980040EA030021FA04F345EA030130BDC4F1AF
:1095A8000C04C4F1200220FA02F001FA04F340EAA4
:1095B8000300294630BD21FA04F0294630BD94F055
:1095C800000F83F4801306BF81F480110134013D3C
:1095D8004EE77FEA645C18BF7FEA655C29D094EAAD
:1095E800050F08BF90EA020F05D054EA000C04BF2B
:1095F8001946104630BD91EA030F1EBF0021002016
:1096080030BD5FEA545C05D14000494128BF41F0B4
:10961800004130BD14F580043CBF01F5801130BD18
:1096280001F0004545F0FE4141F470014FF00000A3
:1096380030BD7FEA645C1ABF194610467FEA655C54
:109648001CBF0B46024650EA013406BF52EA0335F6
:1096580091EA030F41F4002130BD00BF90F0000FE4
:1096680004BF0021704730B54FF4806404F1320420
:109678004FF000054FF0000150E700BF90F0000FD9
:1096880004BF0021704730B54FF4806404F1320400
:1096980010F0004548BF40424FF000013EE700BFD0
:1096A80042004FEAE2014FEA31014FEA02701FBF60
:1096B80012F07F4393F07F4F81F06051704732F092
:1096C8007F4208BF704793F07F4F04BF41F40021E9
:1096D800704730B54FF4607401F0004521F0004147
:1096E8001CE700BF50EA010208BF704730B54FF0D1
:1096F80000050AE050EA010208BF704730B511F0D2
:10970800004502D5404261EB41014FF4806404F109
:1097180032045FEA915C3FF4D8AE4FF003025FEA8F
:10972800DC0C18BF03325FEADC0C18BF033202EB13
:10973800DC02C2F1200300FA03FC20FA02F001FA6D
:1097480003FE40EA0E0021FA02F11444BDE600BF10
:1097580070B54FF0FF0C4CF4E06C1CEA11541DBFBF
:109768001CEA135594EA0C0F95EA0C0F00F0DEF88A
:109778002C4481EA030621EA4C5123EA4C5350EA6F
:10978800013518BF52EA033541F4801143F48013C0
:1097980038D0A0FB02CE4FF00005E1FB02E506F051
:1097A8000042E0FB03E54FF00006E1FB03569CF0A6
:1097B800000F18BF4EF0010EA4F1FF04B6F5007FAC
:1097C80064F5407404D25FEA4E0E6D4146EB06061E
:1097D80042EAC62141EA55514FEAC52040EA5E50A7
:1097E8004FEACE2EB4F1FD0C88BFBCF5E06F1ED851
:1097F800BEF1004F08BF5FEA500E50F1000041EB88
:10980800045170BD06F0004646EA010140EA020034
:1098180081EA0301B4EB5C04C2BFD4EB0C0541EA56
:10982800045170BD41F480114FF0000E013C00F36B
:10983800AB8014F1360FDEBF002001F0004170BD8F
:10984800C4F10004203C35DA0C341BDC04F11404A8
:10985800C4F1200500FA05F320FA04F001FA05F234
:1098680040EA020001F0004221F0004110EBD37001
:1098780021FA04F642EB06015EEA430E08BF20EA2D
:10988800D37070BDC4F10C04C4F1200500FA04F3D0
:1098980020FA05F001FA04F240EA020001F0004162
:1098A80010EBD37041F100015EEA430E08BF20EAD5
:1098B800D37070BDC4F1200500FA05F24EEA020E1D
:1098C80020FA04F301FA05F243EA020321FA04F04C
:1098D80001F0004121FA04F220EA020000EBD37003
:1098E8005EEA430E08BF20EAD37070BD94F0000F03
:1098F8000FD101F00046400041EB010111F4801F37
:1099080008BF013CF7D041EA060195F0000F18BFE7
:10991800704703F00046520043EB030313F4801F23
:1099280008BF013DF7D043EA0603704794EA0C0FDD
:109938000CEA135518BF95EA0C0F0CD050EA4106F3
:1099480018BF52EA4306D1D181EA030101F0004170
:109958004FF0000070BD50EA410606BF1046194698
:1099680052EA430619D094EA0C0F02D150EA0136A4
:1099780013D195EA0C0F05D152EA03361CBF1046E5
:1099880019460AD181EA030101F0004141F0FE4184
:1099980041F470014FF0000070BD41F0FE4141F408
:1099A800780170BD70B54FF0FF0C4CF4E06C1CEA08
:1099B80011541DBF1CEA135594EA0C0F95EA0C0FBD
:1099C80000F0A7F8A4EB050481EA030E52EA033578
:1099D8004FEA013100F088804FEA03334FF0805599
:1099E80045EA131343EA12634FEA022245EA1115C6
:1099F80045EA10654FEA00260EF000419D4208BF77
:109A0800964244F1FD0404F5407402D25B084FEA23
:109A18003202B61A65EB03055B084FEA32024FF4CF
:109A280080104FF4002CB6EB020E75EB030E22BF2C
:109A3800B61A754640EA0C005B084FEA3202B6EBEC
:109A4800020E75EB030E22BFB61A754640EA5C009B
:109A58005B084FEA3202B6EB020E75EB030E22BF2B
:109A6800B61A754640EA9C005B084FEA3202B6EB2C
:109A7800020E75EB030E22BFB61A754640EADC00EB
:109A880055EA060E18D04FEA051545EA16754FEA4D
:109A980006164FEAC30343EA52734FEAC2025FEA6B
:109AA8001C1CC0D111F4801F0BD141EA00014FF0FA
:109AB80000004FF0004CB6E711F4801F04BF0143CB
:109AC8000020B4F1FD0C88BFBCF5E06F3FF6AFAEE7
:109AD800B5EB030C04BFB6EB020C5FEA500C50F177
:109AE800000041EB045170BD0EF0004E4EEA1131FA
:109AF80014EB5C04C2BFD4EB0C0541EA045170BD01
:109B080041F480114FF0000E013C90E645EA060E44
:109B18008DE60CEA135594EA0C0F08BF95EA0C0F72
:109B28003FF43BAF94EA0C0F0AD150EA01347FF4BA
:109B380034AF95EA0C0F7FF425AF104619462CE791
:109B480095EA0C0F06D152EA03353FF4FDAE1046F4
:109B5800194622E750EA410618BF52EA43067FF445
:109B6800C5AE50EA41047FF40DAF52EA43057FF4D5
:109B7800EBAE12E74FF0FF3C06E000BF4FF0010CE0
:109B880002E000BF4FF0010C4DF804CD4FEA410C44
:109B98007FEA6C5C4FEA430C18BF7FEA6C5C1BD011
:109BA80001B050EA410C0CBF52EA430C91EA030F92
:109BB80002BF90EA020F0020704710F1000F91EAEF
:109BC800030F58BF994208BF90422CBFD8176FEABD
:109BD800E37040F0010070474FEA410C7FEA6C5C8B
:109BE80002D150EA013C07D14FEA430C7FEA6C5C92
:109BF800D6D152EA033CD3D05DF8040B704700BFBE
:109C08008446104662468C461946634600E000BF0B
:109C180001B5FFF7B7FF002848BF10F1000F01BDDD
:109C28004DF808EDFFF7F4FF0CBF012000205DF8A8
:109C380008FB00BF4DF808EDFFF7EAFF34BF01202D
:109C480000205DF808FB00BF4DF808EDFFF7E0FFC6
:109C580094BF012000205DF808FB00BF4DF808ED17
:109C6800FFF7CEFF94BF012000205DF808FB00BF7E
:109C78004DF808EDFFF7C4FF34BF012000205DF860
:109C880008FB00BF4FEA410C7FEA6C5C02D150EA46
:109C9800013C0AD14FEA430C7FEA6C5C02D152EADC
:109CA800033C02D14FF0000070474FF001007047AD
:109CB8004FEA410212F5001215D211D56FF47873EC
:109CC800B3EB625212D94FEAC12343F0004343EA8F
:109CD800505311F0004F23FA02F018BF404270476A
:109CE8004FF00000704750EA013005D111F00040F4
:109CF80008BF6FF0004070474FF00000704700BF8A
:109D08004FEA4102B2F1E04324BFB3F5001CDCF195
:109D1800FE5C0DD901F0004C4FEAC0024CEA5070CD
:109D2800B2F1004F40EB830008BF20F001007047FC
:109D380011F0804F21D113F13872BCBF01F00040FF
:109D4800704741F480114FEA5252C2F11802C2F131
:109D5800200C10FA0CF320FA02F018BF40F00100B2
:109D68004FEAC1234FEAD32303FA0CFC40EA0C0064
:109D780023FA02F34FEA4303CCE77FEA625307D1A1
:109D880050EA01331EBF4FF0FE4040F440007047D8
:109D980001F0004040F0FE4040F40000704700BF72
:109DA80053B94AB9002908BF00281CBF4FF0FF313A
:109DB8004FF0FF3000F00CB8ADF1080C6DE904CE9F
:109DC80003F0C0FBDDF804E0DDE9022304B07047CE
:109DD800704700BF034613F8012B002AFBD1181A5D
:109DE8000138704708B5F6F78DFDF8F767FAF6F70A
:109DF80025FC002008BDF8F7F3B901F0C7B901F058
:109E0800C8B901F0C0B91FB5014601A800F006F8AD
:109E180001A801F08CFE05B05DF804FB0B88C3F3C4
:109E28000B0383804B88C380002343724B78C3F3B2
:109E38000113012B03D09A1E534253415B00043196
:109E48000372016070478B88043010B500F8043C39
:109E58000C4610F8033C03F0F00300F8033C8A8832
:109E6800C2F30322134300F8033C03F0CF03CA886C
:109E780000F8022CCA8800F8033C120A00F8012CEA
:109E88000A7A120102F03002134303F03F0300F88C
:109E9800033C4A7A43EA821300F8033C096881428A
:109EA80005D0E288FB2A28BFFB22FFF70FFAE088DB
:109EB8000430C0B210BD70B50B7805460C46192B9E
:109EC80012D8CBB1013B182B16D8DFE803F01A26BD
:109ED80015999FA5ABB1B5B7C7CD1515152ABBC147
:109EE800D1D7DDE3E9EFF500822B4FF0FF0200F058
:109EF800E980832B00F0EA8040F26921C720F6F759
:109F080061FB0C230B700823637066782146284692
:109F180002363246FFF7DAF949E01A230B700123BB
:109F2800F2E72920F6F744FD30B13E2323702223BF
:109F380063702923A370E8E70A20F6F739FD3E236A
:109F480005F1080204F108012B7090B30A231F26BB
:109F5800AB70E378EB70A3882B71A3881B0A6B7135
:109F6800A379AB71E379EB71A368AB608B889380BD
:109F7800D4F80E30C5F80E30638A6B8263696B6162
:109F8800238B2B83638BAB76638B1B0AEB76A38BBC
:109F98002B77A38B1B0A6B77E38BAB77E38B1B0ABF
:109FA800EB7794F8203085F820306E700236304612
:109FB80070BD01231326AB70E378EB70A3882B7177
:109FC800A3881B0A6B71A379AB71E37903F00103D2
:109FD800EB71A368AB608B889380638BAB73638BE7
:109FE8001B0AEB73A38B2B74A38B1B0A6B74E38B79
:109FF800AB74E38B1B0AEB7494F820302B75D4E711
:10A008003E230B7004234B70142393E73E230B70FD
:10A018000C234B7004238DE73E230B700A234B70EF
:10A02800032387E73E230B700D234B70052381E73D
:10A0380005232370042367E70823FAE730230B700E
:10A04800032361E73E230B700B234B70072371E753
:10A058003E230B7006234B700C236BE713230B7006
:10A068008B789B0001334FE757230B7002234BE794
:10A078003E230B7006234B7012235BE73E230B70C5
:10A0880009234B70132355E73E230B7005234B70B0
:10A0980020234FE73E230B7009234B70212349E708
:10A0A800FF230B700B234B70A22343E7FF230B7096
:10A0B80005234B70A3233DE7FF230B700D234B7043
:10A0C800802337E70A700D22627033E70A70022294
:10A0D800FAE708B510B96FF0150008BDFFF793FE51
:10A0E8000028F8D00020F8E710B50C4648B141B177
:10A0F800F6F7B6FB002820700CBF6FF02200002096
:10A1080010BD6FF01500FBE70346022200201A700D
:10A11800052258709A70AC22D8705A716C22187146
:10A128009A716FF03402DA7112221A722A225A7264
:10A1380045229A726322DA72704700F0FFBD70B54B
:10A148000446FBF7FDFD012805461AD1601CFBF704
:10A15800FFFDB0B1A3790020E61D63F03F03A371B2
:10A16800F8F7AAF938B110220021304603F0B9F9FE
:10A178000020257070BD3046FBF7FEFD0028F2D0A8
:10A18800F6E70025F4E710B504461022002103F095
:10A19800A8F904F1100310220021184603F0A1F9D0
:10A1A800FBF704FE0020F8F787F920B12046FBF7FB
:10A1B800E3FD002010BDFBF7C3FD0028F6D0F8E74B
:10A1C80010B50446FEF7B2FFB0F5007F09DA10F5C6
:10A1D800007F08DD031EB8BF03339B1000202370E7
:10A1E80010BD7F23FAE76FF07E03F7E700F0B5BFF5
:10A1F800F7F7E2BF8178008800F07BBF00F096BFD8
:10A2080037B505460C4600880DF1060100F09BFEA7
:10A218002B882380BDF80630638003B030BDF7F784
:10A22800D3BF08B5F6F7BCFB002008BDF7F752BD51
:10A2380000F0B6BE00F093BDF7F7BEBE00F05FBDFC
:10A2480000F0DBBE00F0B4BEF7F710BF00F094BD1D
:10A2580000F086BE00F05EBD00F01DBD03880B80D7
:10A2680000F0F0BE03880B8000F0FABE00F0A9BD34
:10A27800F7F784BDF7F76ABD00F096BC00F0B7BCED
:10A2880000F0EBBC00F0F7BC00F0D7BC00F0CCBC91
:10A2980000F0C6BD00F0EFBDF7F77ABD00F028BEAC
:10A2A80000F01CBD00F0CCBD00F060BFF8B5941CF8
:10A2B8000E46054617460C446343B3F5004FA8BF46
:10A2C8004FF0FF3310F003019CB203D0B0211420EB
:10A2D800F6F778F9B4F5004F01D9B121F7E7142260
:10A2E800043003F0FEF8EF746C802E80F8BD38B5AA
:10A2F8000388C4888B420589C4F30E0203D2D12196
:10A308001420F6F75FF984EA0503C3F30E030BB9CB
:10A31800AC4206D102F118030122C15282741844DA
:10A3280038BD1846FCE7023101444A43B2F5004FF4
:10A33800A8BF4FF0FF3290B21B3020F00300B0F5F9
:10A34800004F34BF00B24FF0FF30704740881B30D9
:10A3580020F00300B0F5004F34BF00B24FF0FF30DB
:10A3680080B2704738B503888B4203D2F721142096
:10A37800F6F728F9857C65B1C388C3F30E03183353
:10A38800C25A8A4207D3C152811DF6F725FB002322
:10A398008374284638BD0025FBE703461830F0B51E
:10A3A8009E88DD88B4B2C6F30E06A54214D05F8934
:10A3B800DD7C845B3D44E41B0235A4B2354428446B
:10A3C8000D88A54284BF0C8025465989B1FA81F1D0
:10A3D80049091170DD81F0BD00252846FAE7F8B576
:10A3E80082880026C38904460D4692B20E60CBB11E
:10A3F8004189C2F30E020B4418329BB28718825A65
:10A408004381934204D94FF4A2711420F6F7DAF885
:10A4180004D1011DF6F7E0FA46812F6000230120E0
:10A42800E381F8BD1846FCE78388014602899BB2A0
:10A438009A4202D00831F6F7CFBA70478388C088AD
:10A448009BB2C31A584258417047828873B595B277
:10A45800C488C2F30E02AC4202F1180212D041893C
:10A46800C689835A314499420EDB0DF10601ADF8D5
:10A478000650F6F7B1FABDF80600001B18BF012018
:10A4880002B070BD0020FBE70120F9E770B5C48871
:10A49800034606891830C4F30E0584EA0602C2F39F
:10A4A8000E020AB9B4420FD19C891A880CB1465BD6
:10A4B800921B914207DCDA7C2C440232224410447D
:10A4C8000A461A8270BD00221046FAE7F8B5038AD8
:10A4D800002B38D08B4236D3C48800F11803858905
:10A4E800C4F30E041E1995B91D55757085891E5B38
:10A4F8000D443144ADB285811953D2B1811DF6F7AF
:10A508006BFA00238381002303820120F8BD1E5BC0
:10A51800AE4204D04FF4F6711420F6F753F8C57C18
:10A528002644878A023535445E195F53857DB570A8
:10A53800DCE7C27C254402322A4499189B5A83825C
:10A548008B788375DFE70020E0E78388C2889BB2B9
:10A558009A4206D0428922B9C3F30E03183318442D
:10A56800704700207047C37C0233C8187047023018
:10A57800704738B58388C2889BB29A4209D043890C
:10A588003BB9C5893DB9011DF6F726FAC5810120F9
:10A5980038BD0020FCE71846FAE703881380C38813
:10A5A800C3F30E031833034480890B6070470368B4
:10A5B800002223B9C0E90132031D036070475968BE
:10A5C8001B680A44F5E70729034670B504D84FF419
:10A5D800EC711520F5F7F6FF0068C0B1446806462F
:10A5E8001A688C4210D0106860B901F10805AC42B5
:10A5F8000DD3546850501868651A5418006865607F
:10A60800505002E01346E9E7146830461C6070BDFC
:10A618000023C1E9003203680B600160704730B560
:10A6280090B18478B1FBF4F304FB131300EB4302FD
:10A6380052898A4201D1D8B230BDC27822B900F11C
:10A648000803D0B2844201D8FF20F5E733F8025F4F
:10A6580001328D42F5D1EFE78278038805324B430A
:10A6680003EB42031844704737B500240546CDE98B
:10A6780000448DF806006846ADF80440F6F780FB04
:10A68800BDF8044008B103B030BD29462046F6F7AE
:10A6980053FB0028EFD040F215211720F5F792FF61
:10A6A80070B51E460D460921FFF73DFE04463246A9
:10A6B80009212846FFF737FE40EA04031B0454BF6C
:10A6C80000194FF0FF3070BD01230370704710B5BB
:10A6D800FF238B70C2F3800301245B00DBB2CA182E
:10A6E800127D032A08BF0133CA18147503F10C043C
:10A6F800002201EB830321F814205B688A70036051
:10A70800828010BDF8B50C46054611461E4684F0F9
:10A7180001046400E4B2FF23837003191B7D012B3D
:10A7280005D00134E4B203191B7D012B0AD105EBD6
:10A7380044073B8B3A8C9819904205DD00232C4442
:10A748003B8323750020F8BD05EB8404324660681E
:10A758001844FEF7BBFD3B8B1E443E830023AB70C1
:10A768000120F0E781F00101490010B5C9B2FF23CB
:10A77800837043181C7D012C07D10C3120F811205F
:10A7880002221A750023837010BD0131C9B2431823
:10A798001C7D012CF1D04FF499710920F5F712FFB7
:10A7A800024630B5837803F0FF00F3B9137D022B1E
:10A7B80019D0537D022B15D10346012089B10024FD
:10A7C800D5180C332C7522F81340131803241C7564
:10A7D80002EB80035B680B6000F10C0332F8133066
:10A7E8008B80012030BD0123E8E70020FAE703460B
:10A7F80030B5827802F0FF00E2B99A7D022A17D0BC
:10A80800DC7D022C13D1032281B11D1900200C34E8
:10A81800287523F8140098180324047503EB8200A4
:10A828000C32406833F8123008608B80012030BD4C
:10A838000324E9E70020FAE7037D012B01D1008B0F
:10A848007047437D012B0CBF408B00207047837DF0
:10A85800012B01D1808B7047C37D012B0CBFC08BAE
:10A8680000207047027D022A01D1008B7047437D8A
:10A87800022B01D1408B7047032AF6D0032BF9D065
:10A8880000207047827D022A01D1808B7047C37DEA
:10A89800022B01D1C08B7047032AF6D0032BF9D0C5
:10A8A80000207047F6F75ABB012808B506D00228E1
:10A8B80006D040F2A2410620F5F784FE032008BD29
:10A8C8000420FCE7F6F792BB10B5044638B1F7F759
:10A8D8001FFD24EA0000B0FA80F0400910BD0120F5
:10A8E800FCE7002307B5CDE9003301238DF80630D6
:10A8F8006846F6F745FA08B1002004E0009801F030
:10A9080072FF0028F4D003B05DF804FB1FB50022E5
:10A9180040F6881303A90092FCF716FB05B05DF812
:10A9280004FB2DE9F0410F46B0F85A60B0F85C50CE
:10A9380001F036FE0221044600F038FF804602216D
:10A94800204600F033FF464540F6480328BF4646F8
:10A95800B6B21B2E38BF1B26FB2E28BFFB2685420E
:10A9680028BF05467E80ADB21B2D38BF1B25FB2DA9
:10A9780028BFFB25B4F5A47F38BF4FF4A474FD802D
:10A988009C4228BF1C46BC803C81BDE8F0812DE973
:10A99800F04186B00546008801A900F075FE04461E
:10A9A80000286FD1029A92F84631D91E4B424B418A
:10A9B8008DF80230936F98064ABF9DF802302346FF
:10A9C80083F001038DF8033092F8D4309B0603D44A
:10A9D8009DF80330002B5BD0EB881B3B9BB2E02B30
:10A9E80058D8298944F24810A1F5A4739BB2834230
:10A9F80050D86B881B3B9BB2E02B4BD8AA88A2F59A
:10AA0800A4739BB2834245D840F64807B94243D85D
:10AA1800BA4241D8029E4FF0FF0886F81B819DF884
:10AA280002309BBB03A93046FFF77BFF6A88BDF85D
:10AA38001230BDF814109342E88828BF1346B94273
:10AA4800AA88A6F8203128BF3946BDF80E308342BF
:10AA580028BF03462889A6F81C31BDF81030BB4230
:10AA680028BF3B46834228BF03468A42A6F81E31C8
:10AA7800134628BF0B46A6F8223186F81A81002310
:10AA880086F81B31204606B0BDE8F0813A24F6E787
:10AA98001A24F7E71224F5E71124F3E710B5FFF7B6
:10AAA80020FF60B1F7F75CF8044601F0DFFF40B91A
:10AAB800204601F0D7FF80F00100C0B210BD012090
:10AAC800FCE70020FAE72DE9F04385B00646884602
:10AAD800008802A900F0D8FD054640BB039C94F805
:10AAE800593103F0FF051BB1B8F1020518BF012564
:10AAF80094F88530222B94F8D53043EAD3030CBF61
:10AB080085F001094FF00009DB0702D4B9F1000F05
:10AB18003BD0B77817B9F7F7FBFB0746F078B0BB1F
:10AB2800F7F7F6FB3FB9B9F1000F29D109252846F7
:10AB380005B0BDE8F0830028F5D0FF2384F825315F
:10AB48000DBB94F8243103F0FF05E3B984F827011D
:10AB580001A984F82481204684F82671B3788DF8F9
:10AB68000430F3788DF805303379727943EA02239B
:10AB7800ADF8063000F029FE002384F82531D6E729
:10AB880000200746D9E73A25F6E71A25CFE7002F30
:10AB9800D3D1C8E7406890F8AA3123B1002380F8E0
:10ABA800AA3101F012BD704710B503780446012B95
:10ABB80001D9122010BDFFF794FE58B9207810F083
:10ABC800FD000DD104F11703E21D611CBDE8104022
:10ABD800F7F7E6BDF7F776FE0028EFD00C20E9E797
:10ABE800A37903F0C003C02BE3D10120EAE710B535
:10ABF80003780446012B0DD8FFF773FE60B9214690
:10AC080011F8010B00F0FD00003818BF012000F01A
:10AC180018FD38B9122010BDF7F754FE0028EED001
:10AC28000C20F8E70020F6E708B50088F7F750FE93
:10AC380000280CBF3020002008BD38B50546FFF7B6
:10AC480050FE044638B92878003818BF0120F7F7B5
:10AC580033FE204638BD0C20FCE708B5FFF741FE5F
:10AC680018B9F7F719FE002008BDF7F72BFE0028E2
:10AC7800F7D00C20F8E70823037000207047102253
:10AC880043F273030270C2705922A0F80130828027
:10AC9800C38000207047082108B5F5F7D3FD0020D0
:10ACA80008BD73B5064600880D460880694680B21F
:10ACB80000F0EAFC044678B9B3784BB9019B93F9E4
:10ACC8007000A870FAF7F4FEA870204602B070BDB4
:10ACD8007F20FFF71BFEF4E70224F6E710B50446D1
:10ACE8006FF07F00FFF712FEFAF7E2FE20707F2078
:10ACF800FFF70CFEFAF7DCFE6070002010BD10B5FF
:10AD08000446F6F72DFF01F0AAFEFAF7D1FE2070EF
:10AD1800002010BD0A4600F1100108B5072302F013
:10AD28004AFB002008BD10B5014604460020F7F78D
:10AD3800A9FB08B92060A080002010BD10B504460A
:10AD4800F7F7B6FA28B900202146F7F783FB002069
:10AD580010BDFFF7A3FE0028F5D10C20F8E710B5C9
:10AD68000446FFF79BFE28B101202146F7F772FB46
:10AD7800002010BD0C20FCE737B500880C460D46B6
:10AD8800694624F8020B80B200F07EFC034680B9C5
:10AD9800019A02F18D0582F8BF302968216029796E
:10ADA800217192F8BF1001F0FF000029F3D103B020
:10ADB80030BD00230220C5F802302371F7E7FFF702
:10ADC800E6BD1FB502880A8044F2902183888B4231
:10ADD80015D840F64801ADF80420428801A88B42F6
:10ADE800ADF8062028BF0B46ADF80A20ADF80830AC
:10ADF800ADF80C30FFF7CBFD05B05DF804FB122071
:10AE0800FAE737B508800D46694600F03DFC044670
:10AE180018B929460198FFF784FD204603B030BDD4
:10AE2800034648210020082210B56FF0040458702A
:10AE380099701C70DA701C7158719971DA7110BDB3
:10AE480010B50446FFF74DFD78B92146E27911F8AF
:10AE5800010B00F0FD00003818BF0120F7F7FCFDDA
:10AE680080F001004000C0B210BDF7F72BFD0028AC
:10AE7800EBD00C20F8E713B500880C46088069462B
:10AE880080B200F001FCC8B9019B83F86A0093F80E
:10AE98006820012A06D0022A04D040F28731062011
:10AEA800F5F790FBA27093F86920012A01D0022AD5
:10AEB800F3D1E27093F86A20002AE6D102B010BDFF
:10AEC80010B583880446022B10D8C078FFF7FCFC25
:10AED80008B9112010BDA078FFF7F6FC0028F8D0BB
:10AEE80020460121BDE81040FFF7EDBD1220F1E733
:10AEF80037B58378C17803F00104027903F00203BF
:10AF080051EA04051DD052EA03051AD0002C18BFD7
:10AF18000021002B037818BF00228DF802108DF84D
:10AF28000320427843EA0223ADF80030437982795E
:10AF3800684643EA0223ADF80430FFF7C1FF03B0C7
:10AF480030BD1120FBE713B50C46694600F09CFBA9
:10AF580020B9019BB3F87E300133238002B010BDC5
:10AF680007B50088694600F08FFB38B99DF80020C6
:10AF7800019B012A05D093F82B216AB103B05DF833
:10AF880004FB93F8DC21D2B293F8A61011B912F0A1
:10AF9800FB0FF0D10220F1E7FF2283F82B21EDE728
:10AFA80010B50446F7F7AEF920600020616010BDC7
:10AFB80037B50446F6F7D4FD054623781F2B18D875
:10AFC800816A04226846FFF782FB22460021A86AAC
:10AFD80012F8013BFFF796FB68B1AC6A2046FFF711
:10AFE80036FC002102462046FFF7BCFB002003B0D8
:10AFF80030BD1220FBE70720F9E737B50446F6F71E
:10B00800AFFD054623781F2B18D8816A00226846B1
:10B01800FFF75DFB22460121A86A12F8013BFFF702
:10B0280071FB68B1AC6A2046FFF706FC01210246B5
:10B038002046FFF797FB002003B030BD1220FBE746
:10B048000720F9E710B5002104460088F5F75EFEF1
:10B0580020B1A11CBDE8104001F0DBBE022010BDEC
:10B0680008B500210088F5F751FE20B10021BDE8A0
:10B07800084001F0CEBE022008BD13B500880C467A
:10B088000880694680B200F0FFFA18B9019BB3F84E
:10B09800B030638002B010BD37B5038804460B801A
:10B0A80098B2638813B9122003B030BD694600F026
:10B0B800EBFA0028F8D1658842F21072019BA9B218
:10B0C8009C695143DA8D62431C8C04FB0222914235
:10B0D800E9D39A699C699442FBD10022A3F8B05045
:10B0E800C3F8A820621E0A44B2FBF4F2C3F8AC20ED
:10B0F800DAE710B50C460021F5F708FE90B1022CEE
:10B1080012D804F00102C4F3400480F8AD2180F89D
:10B11800AC4112B190F8AA310BB9002010BD01F072
:10B1280054FAFAE70220F9E71220F7E710B50446C7
:10B138000078FF280AD00121F5F7E8FD58B16378B7
:10B14800A27843EA0223C383002010BDB4F80100AB
:10B15800F9F73AF8F8E74220F7E708B50078003839
:10B1680018BF0120F8F798FF002008BD10B5044665
:10B17800F6F7F6FC6178C1F3400201F0010101F035
:10B188008FFC002010BD0620F7F7B0B80820F7F7AD
:10B19800ADB801F068BE10B5044604B910BD236807
:10B1A80098476468F9E703680BB9016070471A4665
:10B1B8005B6813B18A42FAD170478A4218BF51605E
:10B1C800704708B5F9F706FCF8F75AFFBDE80840DC
:10B1D800F9F7E8BB08B50020FFF746FAF5F75AFE7D
:10B1E800F7F7F2F8F6F70AF820B140F221119320A8
:10B1F800F5F7E8F908BD08B5F8F710FFF9F7C0FB4F
:10B2080020B140F241119320F5F7DCF90120BDE8A7
:10B218000840FFF729BA08B5FFF7EDFF01F0E3FD95
:10B2280020B14FF4AB719320F5F7CCF908BDFCF7CA
:10B238006BBB0B46122203F8032BD0F80920C1F888
:10B248000320427B1A71704737B504460D46F6F75E
:10B25800A1FC18B36FF4A8730221E01803886846AC
:10B26800ADF8003034F8ED3CADF8023034F8EB3C82
:10B27800ADF80430FFF727FC18B14221AE20F5F7EE
:10B28800A1F9ADF800009DF80030002063F3070035
:10B298009DF8013063F30F2003B030BD18232B70E5
:10B2A800D4F80930C5F803300423ADF80030EAE7D4
:10B2B80008B5436893F884201AB18521AE20F5F7C4
:10B2C80081F9202283F8842008BD034610F001008C
:10B2D80002BFC3F340035B00D8B270472DE9F84FB3
:10B2E800074610461E4642EA0104FFF7EEFF834672
:10B2F800084692464BEA0404FFF7E7FF88460A9D92
:10B3080004438146E4B2003C18BF0124F7F700F873
:10B3180010EA0A0A18BFDA46F6F7FAFF97F8683013
:10B3280010EA080118BF4946534508BF4FF0000A04
:10B3380085F800A097F869308B4208BF0021697032
:10B348005AEA01010BD1B7F87E30013EF61A47F6EA
:10B35800FD73B6B29E428CBF002404F0010420465F
:10B36800BDE8F88F70B54468064694F88550A5F195
:10B378002003062B45D92E2D43D0002D3FD194F81C
:10B388008430252B3DD04B7813F007032DD08A78D5
:10B3980012F0070229D084F8612084F8603094F80C
:10B3A8002531D3B994F82431012B16D094F86020B4
:10B3B80094F869309A421ED194F8612094F8683064
:10B3C8009A4218D10223B4F8642084F82431B4F8DE
:10B3D8006630A4F82621A4F828312223304684F8C0
:10B3E800853000F0F4FC284670BD30460978BDE889
:10B3F800704000F01EBD3046F6F7D4FFEDE701259A
:10B40800F1E72025EFE72DE9F04F4F7885B091F867
:10B4180002B0044607F0070945680BF0070A09F16E
:10B42800FF3395F884800AF1FF3203EA090302EA40
:10B438000A02134395F88520232A5FD18535002B0E
:10B4480061D147EA0B07B1F80360F6F761FF07F02F
:10B458000707874357D150466768FFF736FFB8B1EB
:10B4680097F86830984213D097F826211AEA020F05
:10B4780049D0B8F1210F0BD097F861201AEA020FD2
:10B4880006D1022840F09580013B012B00F29680FE
:10B498004846FFF71AFF40B197F86930834204D055
:10B4A80097F8273119EA030F2DD003AB38465246D7
:10B4B800494600933346FFF711FF636807460028A3
:10B4C8004FD193F82421012A48D101462046F6F7A6
:10B4D80041FF2F70636803F18502954202D1002273
:10B4E80083F88520636803F1850295425BD1204685
:10B4F80000F077FC002005B0BDE8F08FB8F1210F0F
:10B5080055D184359BE7636893F82421012A15D126
:10B518001E212046F6F71EFFB8F1210F12D16368ED
:10B52800182283F80921092283F8842093F8BE3071
:10B53800002BDFD14FF43371AE2042E0002283F8B4
:10B548002421E9E7002320462B7000F04AFC18214B
:10B55800204605B0BDE8F04F00F06BBC83F824012D
:10B56800B8E7B3F87E20A3F85C62013EB61A47F646
:10B57800FD72B6B2964206D92822204683F8A72043
:10B58800F7F700FFAEE793F885200D2A02D00A3AB4
:10B59800012A01D82A22F0E7BDF80C20A3F85E2280
:10B5A80025232B709EE7002283F8BE20A2E7022005
:10B5B800A1E7012B3FF46CAF022BA4D040F23E214F
:10B5C8000620F4F7FFFF08B5436893F88520222A80
:10B5D80005D022B14FF48061AE20F4F7F3FF2322A7
:10B5E80083F8852008BDF6F7EFBE704730B54240B6
:10B5F8001C7808785D7860404C786C409D782044D1
:10B608008C786C40DD782044CC786C401D795B796F
:10B6180020440C7949796C404B402044184410442C
:10B62800B0FA80F0400930BD024600200139C9B2A5
:10B63800FF2900D17047535C83F001030344D8B25B
:10B64800F4E708B5F6F744FF082807D0F6F762FFD5
:10B65800082803D0F6F772FF012008BD0020FCE798
:10B6680008B5F6F735FF082803D0BDE80840F6F717
:10B6780051BF08BD08B501F003FC18B1BDE808408A
:10B68800FAF70EBB082008BD10B50C460021F5F7E7
:10B698003DFB606018B101230020237010BD02201B
:10B6A800FCE770B504460D4641BB4FF4227201F029
:10B6B80018FF012384F8DA5084F88C306FF03603D1
:10B6C80084F8D530042384F8D6306FF03B0384F82F
:10B6D800D7306F2384F8D8306FF03C0384F8D93022
:10B6E8006FF07F0384F8DB302B2384F8D430FE23FB
:10B6F80084F80E317F2384F8833070BD012911D17D
:10B708000023A0F8B43180F8AB3140F6B833826931
:10B71800A0F8B0301146438C04F17800BDE87040C1
:10B72800F7F7C0B90229E8D1B0F86A32D0F8642234
:10B738008169F1E701440023884203D1B3FA83F019
:10B748004009704710F8012B1343F5E7F8B5054693
:10B758000C46D0E9047601F04FFD20B940F20511FE
:10B768002920F4F72FFFECB1D5E90423D21B63EBB2
:10B778000603012A73F100014FF0000114DB6FF09A
:10B7880001009042994102DA40F20F11E8E7631E86
:10B798001344B3FBF4F35C43E41946F10006C5E92E
:10B7A80004461C462046F8BD0C46FBE7022905D195
:10B7B8003C2808D980100F3880B27047702802D909
:10B7C800C0100E38F8E70020704738B50D4604461B
:10B7D800F6F79EFD2B78002B08BF034684F86430EB
:10B7E8006B78002B08BF034684F865306B88A4F893
:10B7F800663038BD012908B5034606D002290CD0A9
:10B8080040F289112920F4F7DDFE40F6C41040F219
:10B81800E242002B08BF104608BD40F6C410FBE703
:10B82800002307B501A80193FBF75EFB019810F010
:10B83800030018BF012003B05DF804FBC2B292FAFE
:10B84800A2F2030A93FAA3F31B0E100E40EA032098
:10B858007047013105300022C9B270B510F8013FB8
:10B868008B4216D310F8054C0023012505FA03F680
:10B8780026421CBF01F1FF31C9B269B10133082B5F
:10B88800F4D10132D2B2052AE8D199214620F4F741
:10B8980099FEC91AC9B2F4E703EBC200C0B270BD81
:10B8A8000B6870B5C0F8013004460B790546461D93
:10B8B80003F01F0343710023C37215F8010F00F052
:10B8C8006CFA6871B542E37A1844E072F5D170BD3C
:10B8D80081EA114170B58CB20546C17A032682EA25
:10B8E8000400FFF7ABFF013E00EB001016F0FF0667
:10B8F80004EB000290B2F4D144402522B4FBF2F3E9
:10B9080002FB1343C3F3C402D8B203F007032A446B
:10B918005678012202FA03F31E4207D161432846F2
:10B92800C1F30741BDE87040FFF793BF70BDF8B59C
:10B93800C57F04466B1E242B54D80AB90020F8BDD5
:10B94800007D18B1012844D01F20F8E794F8213071
:10B9580094F8201002FB01322523B2FBF3F103FB1C
:10B968001123DBB204EBD30203F0070684F821307D
:10B97800517D0122B240114202D084F82230DDE725
:10B98800B3FBF5F205FB123304F11901013303F09F
:10B99800FF0311F8012F934218D811F8055C002213
:10B9A800012606FA02F72F4208D0013B13F0FF03E5
:10B9B80004D102EBC00284F82220BFE70132082A32
:10B9C800EFD10130C0B20528E3D1BDE79B1ADBB245
:10B9D800F7E7E28804F11400C969FFF779FF84F8F2
:10B9E8002200ABE71220AAE70378890123F040037D
:10B9F80001F040010B4303707047037803F07F03A5
:10BA080043EAC113037070471F2A38B50546144628
:10BA180003D9BF212A20F4F7D5FD06340930FDF7F4
:10BA280055FC6C7038BD1F2A38B50546144603D935
:10BA3800E1212A20F4F7C6FD06340930FDF746FC5B
:10BA48006C7038BD0378024603F00F03032B3ED019
:10BA5800052B42D1C37F90F82000034392F82100C0
:10BA6800034392F82200034392F8230000F01F00DA
:10BA7800184333D05378222B2FD1B2F81930B1B1F3
:10BA8800B3F5506F13D940F607518B4225D8B2F859
:10BA98001B30B3F5FA7F20D2B2F81D0040F676438A
:10BAA8000A3880B298428CBF002001207047991F45
:10BAB80040F67A4089B281420FD8917D481E072806
:10BAC8000BD8994209D2B2F817109942DEE74078AC
:10BAD800A0F10C03584258417047002070478388F2
:10BAE800A1B1B3F5506F11D940F6075293421CD853
:10BAF800C388B3F5FA7F18D2008940F676430A382E
:10BB080080B298428CBF0020012070479A1F40F6EF
:10BB18007A4192B28A4208D84278511E072904D83D
:10BB28009A4202D242889A42E1E70020704708B55B
:10BB3800017A19B101290AD0002008BD0368022141
:10BB4800C2888088F7F702F820B10120F5E703687A
:10BB5800C288F6E7F7F7D0F9F7E702230B7001235D
:10BB68008B707047F7F7A0B810B521B94FF425715D
:10BB78001020F4F727FD4A600B72EFF3108472B6B9
:10BB8800031D0B6042681AB1127A012A08BF0360CC
:10BB980003681960016004B962B6BDE81040F7F7A0
:10BBA800CDB80222F7F796B90322F7F793B9042222
:10BBB800F7F790B90222F7F7D1B911230B706FF498
:10BBC8009A7318440388A1F80330838FA1F80530CD
:10BBD800B0F84030A1F80730C38FA1F80930B0F8A9
:10BBE8004230A1F80B307047012908B503D10E3057
:10BBF800C00080B208BD022902D10F308000F8E7EA
:10BC080040F2BB210620F4F7DDFC30B587B00446CE
:10BC18000D46F5F7C7FF90B3A4F59F7469462488CD
:10BC28002046FFF7EEF820B140F20D112C20F4F772
:10BC3800C9FCBDF8063003A8ADF80C40ADF80E30CD
:10BC4800BDF80830ADF81030BDF80230ADF812304C
:10BC5800BDF80430ADF81430FFF7B1F810B14FF467
:10BC68008B71E3E7ADF80C009DF80C30002063F30E
:10BC780007009DF80D3063F30F2007B030BD2B4649
:10BC8800172203F8032BD4F80920C5F80320D4F8A9
:10BC98000D205A60B4F811201A810423ADF80C3035
:10BCA800E2E740687047C08A70478A880B8910B5F8
:10BCB800CC884988A0F85440A0F85010A0F8522029
:10BCC800A0F8563010BD8383BDF80030018342834D
:10BCD800C383704738B5C58B0446438C007A9D42B0
:10BCE80028BF1D46FFF780FF6389AB4228BF2B465C
:10BCF800984238BF184680B238BD2DE9F0419846C1
:10BD080007460E46808919461446FFF76DFF05461B
:10BD180041463846FFF7DEFF85429DF8181028BFD8
:10BD28000546B88AFFF760FFFB8AADB2834228BF99
:10BD38000346A01D9BB230442B441844BDE8F08153
:10BD480007B590F86930002296213030009390F8BA
:10BD58003830FFF7D2FF03B05DF804FB38B514465E
:10BD68000D4619469634FFF7EBFF2044A84294BFCE
:10BD7800281A002038BD38B50D4611460446FFF78D
:10BD8800DFFF2844606338BD01F19C0383423DBF57
:10BD98009C38401A40080020704700F055034008BE
:10BDA80000F05500034403F033009B0803F033030D
:10BDB800034403F00F0000EB1310704743680022A0
:10BDC80083F8842083F8BE20A3F8BA20704743681C
:10BDD8000022A3F8C02093F8C220013283F8C220C1
:10BDE8007047426808B592F8C230013B5BB2002B3D
:10BDF80082F8C23003DA52214A20F4F7E3FB08BD87
:10BE0800436883F80B1183F80A217047A0F10A03ED
:10BE1800042B0CD9A0F14303012B08D9A0F120036E
:10BE28002E2818BF062B94BF012000207047012040
:10BE380070474268936F10B513F0080408D143F0B7
:10BE4800080382F808119367FFF7C1FF204610BD69
:10BE58000120FCE730F8023CF7B505460E4630F8FD
:10BE68009E7C73B101226846ADF801708DF8002000
:10BE7800ADF80330F5F726FF18B195216320F4F7E4
:10BE8800A1FB08230024A6F803703370B4706B7A02
:10BE980055F88A0C7371FEF7D1FA08B9BA21EDE7A3
:10BEA80021463846F4F748FF4FF40173204603F063
:10BEB80004021B0A62F3070063F30F2003B0F0BD0E
:10BEC8004368002093F88620063A012A81BF4A7801
:10BED80083F88720062283F886207047426892F804
:10BEE8008630063B012B84BF072382F886307047D3
:10BEF800426870B592F88550F5B9CB88B2F87E6083
:10BF0800A2F85C32013B9B1B47F6FD769BB2B3421D
:10BF180006D9282382F8A730F7F734FA284670BDE7
:10BF2800D1F80130C2F85E324B7982F862320A22C7
:10BF3800436883F88520F1E70125EFE70B460622E1
:10BF480003F8032BD0F80920C1F80320D0F80D20FE
:10BF58005A60427C1A720023CB707047436870B5F0
:10BF680093F8855006460C46002D3DD129462046BB
:10BF7800FFF7B5FD28B921783046BDE87040FFF7D6
:10BF880058BF72686389B2F87E10A2F85C32013B30
:10BF98005B1A47F6FD719BB28B4207D928233046BE
:10BFA80082F8A730F7F7EEF9284670BDA38840F26B
:10BFB800E2414B43C2F864326378C3EB431003EBAE
:10BFC800800303EB83035B00A2F85E3263884B4374
:10BFD800C2F86032E388A2F868322389A2F86A328C
:10BFE8000D2382F88530DFE70125DDE708B54368D2
:10BFF80093F884201AB12621A320F4F7E3FA1D222E
:10C0080083F8842008BD73B5456806460C4695F844
:10C0180084301D3B022B27D8B1F805101A291CD9EA
:10C02800B4F80730B3F5A47F17D3B4F801201A2A5F
:10C0380013D9B4F80300B0F5A47F0ED3009005F12E
:10C048003000FFF740FE7168284601F23511F6F717
:10C05800A7FF06217068F8F733F8002085F8BE00BE
:10C0680085F8840002B070BD0120FBE74268936F39
:10C07800D90610B5044603D4B421A320F4F7A2FAD4
:10C08800990601D5B521F8E723F010039367FFF768
:10C09800A8FE60680621BDE81040F8F711B809232A
:10C0A8000B70D0F80930C1F8023070470B460A22ED
:10C0B80003F8022BB0F809204A80C27A9A707047B8
:10C0C80038B54368054693F8854034B1113C0B2CCC
:10C0D8008CBF01240824204638BD93F88A30002BF1
:10C0E800F9D0FFF774FE6B68112283F88520F2E718
:10C0F80008B5436893F88520152A04D040F29511B5
:10C108001F20F4F75FFA012283F8C320162283F870
:10C11800852008BD436893F88520122A05BF13229D
:10C128000020022083F885207047436810B593F8F3
:10C1380085300446182B07D1FFF753FE63681C228D
:10C14800002083F8852010BD0220FCE708B543686D
:10C1580093F88520112A04D04FF4E0711F20F4F7DA
:10C1680031FA012283F8C320122283F8852008BD02
:10C1780008B5436893F88520162A04D04FF4E47173
:10C188001F20F4F71FFA182283F8852008BD0B46F4
:10C19800052203F8032BD0F80920C1F80320D0F8B2
:10C1A8000D205A60B0F811201A81C27C9A7270472B
:10C1B80008B5436893F884201AB1CD211C20F4F700
:10C1C80001FA042283F8842008BD426808B5936FF9
:10C1D800D90703D4DB211C20F4F7F4F923F0010379
:10C1E8009367BDE80840FFF7FCBD0C23A0F59670E7
:10C1F8000B7003884B8070474368002093F88420B5
:10C208000F2A01BF002283F8B22083F8BE2083F8EA
:10C218008420704738B54568AB6F13F0040407D124
:10C22800FFF7D5FDAB6F204643F00403AB6738BD7D
:10C238000120FCE74268936F23F004039367FFF73C
:10C24800D0BD08B5436893F884201AB172214B20F9
:10C25800F4F7B8F90F2283F8842008BD10B5D0E9A7
:10C268000C42A24206D30B8C121BC98D05334B43DB
:10C27800934202D3012380F83A3010BD01230B709A
:10C2880000238B7030F8C63CA1F80330437A4B7119
:10C298004389CB8083890B81704710B5446894F833
:10C2A800C5309A070ED494F884301BB1762140200B
:10C2B800F4F788F90122A4F8BA3084F8842084F8C5
:10C2C800BE2010BDA36F9B0705D5FFF78AFDA36F9E
:10C2D80023F00203A367002384F82A31F1E710B59D
:10C2E8000B7901284C790A6843EA0421104608BFF3
:10C2F80041F4803110BD07B5FFF7F1FF0DF10702DA
:10C30800F7F764FA03B05DF804FB08B5FFF788FA9D
:10C31800002814BF1420002008BD10B5FAF738FB18
:10C328000446FFF7F2FF4FF47A7204F54443C8302D
:10C338004933B3FBF2F3184410BD10B5044690F826
:10C348006900FFF7EAFF012201462046BDE81040D8
:10C35800FFF711BD7FB5044618B9A9213020F4F7BD
:10C3680031F9072900F2C280DFE801F004B82D2D69
:10C3780028C0B3BE90F8F431B0F87E20ABB1B0F865
:10C38800F231934208BFB0F8A4319A1AA0F8A62156
:10C39800A4F87E302046D4E98C23C4E98E23F8F72C
:10C3A80053FF94F8AB3104B070BDB0F8F0319B1A6C
:10C3B800A0F8A631B0F8F0319BB2E9E704B0BDE8C7
:10C3C8007040FAF7D9B900F0E4FDD4E98E23801A59
:10C3D80061EB0301012871F1000302DA4FF4C36134
:10C3E800BCE76FF0010383424FF000038B4102DA90
:10C3F80040F21961B2E7A3690BB1B0FBF3F394F80B
:10C408008510B4F8F2210D2932D10132A4F8F221B5
:10C41800B4F8523202AEB4F87E500133A4F8523266
:10C42800B4F8B6301D44B4F8B430013DED1AADB2DD
:10C43800B4F8F2116B1A180435D40023204600967C
:10C448001A46F7F76FFA0128ADD1B4F8F221B4F81B
:10C45800A011BDF808301344521A12049BB204D537
:10C46800EA1A12F4004F18BF0B46A4F8F231DFE7BE
:10C47800B4F87E100B449BB2D11A0D044BBF0133A4
:10C4880001329BB293B2A4F8F23194F8F531002B43
:10C49800BED1B4F8A431B4F8F221934204BF0133F9
:10C4A800A4F8F231B4E794F8883030460394002BAE
:10C4B80014BF08233E2384F8A73001238DF80830E1
:10C4C800F6F760FF204600F097FC002384F8DC3183
:10C4D80069E704B0BDE87040FEF7F4B990F8DC31C4
:10C4E800042BF2D0CB2139E7D12137E7D52135E725
:10C4F800002313B51A4680F8DC31A0F850321946EB
:10C5080000930446F7F70EFA20B140F2F7113020F5
:10C51800F4F758F80123C4F8D801C4F8D00184F816
:10C52800DC31A4F8F201A4F8F00184F8F501B4F8BC
:10C538007E30A4F85202013BA4F87E3002B010BD50
:10C54800D0F8E800704738B5044690F828319BB118
:10C55800FF2380F83031012100F09FFA94F8283148
:10C5680053B104F1C0052846FCF722FA284600F02A
:10C5780063FE002384F82831002038BD08B590F800
:10C58800302142B990F8EC2042B1D0E93C319942CF
:10C5980002D9F8F761FB0022104608BD0122FBE72B
:10C5A80010B50446FFF7B1FE00F5C871A269236B08
:10C5B8009A4228BF1A461046FFF7E6FB40F64803A2
:10C5C800984228BF184680B210BD7FB5044690F83F
:10C5D800AB3103F0FF05002B59D190F8DC31032B68
:10C5E80055D100F0D6FCD4E98E23801A61EB030103
:10C5F800012871F100034ADB6FF00103834275EBF8
:10C60800010104DA40F2C1513020F3F7DBFFA269DF
:10C61800B4F87E300AB1B0FBF2F2013313449BB296
:10C62800A4F8F031B4F8A431B4F8F0219B1A1BB285
:10C63800002B2CDD04F5FC70FCF7BAF938B3FF23A6
:10C6480084F8F531B4F8B6300DF10E06B4F87E5022
:10C658001D44B4F8B430013DED1AADB2B4F8F03170
:10C66800EB1A1B0413D4B4F8F0110023012220465E
:10C6780089B20096F7F756F9012808D1B4F8F031D5
:10C68800BDF80E2013449BB2A4F8F031E6E704B0DD
:10C6980070BD2DE970430C461546EAB9F9F75EFD01
:10C6A80084F8EC500646D4E9468984F828510121DB
:10C6B800D4F8E800FEF7F5FFD4F8E800C0E98E8961
:10C6C800C0F85462C0E99289FFF712FFF9F734FF06
:10C6D800BDE87043FCF7F8B840F2DB713020F3F79F
:10C6E80071FF70B5044621B1012978D040F2EB7191
:10C6F80072E000F007F994F8293105460E46DBB1DF
:10C7080050EA010318D0D4E93E32D4E94601C01AF0
:10C71800334661EB02012A4600F09AFE05FB01F35D
:10C7280000FB0633A5FB00021344D4E93E2112188E
:10C7380043EB0103C4E93E23E08B30B1F6F792FCEA
:10C74800E38BB0FBF3F202FB1300D4E93E32ED18A1
:10C758004FF0000346EB02062D1840F2024284F81F
:10C76800083146F1000684F82931A4F81021C4E9FB
:10C778003E56C4E9465694F8303103F0FF01DBB960
:10C788006FF00043D4E948029A4208BFB0F1FF3F76
:10C7980018D02046D4E9465600F0A9F8AE30D4E9BE
:10C7A80048325B1B62EB06021B1A62F10002002A88
:10C7B80008DA2046F8F750FAF9F7BEFEBDE87040EF
:10C7C800FCF782B804F5847104F1C000FCF790F816
:10C7D8000028F1D14FF4E3613020F3F7F3FE002392
:10C7E80080F8EC30E8E790F82801003818BF0120FD
:10C7F80070470B46142203F8032BD0F80920C1F820
:10C808000320D0F80D205A60704738B510220B4627
:10C818000C4603F8032B00F10902293052F8041BD7
:10C82800824243F8041BF9D1127800211A700123BF
:10C83800A588A3712846F4F769FA58B1E3784BB193
:10C8480000212846F4F778FA20B140F22F212D2054
:10C85800F3F7B8FE38BD0121F7F790BFFFF7FBBF2C
:10C8680090F872300BB10120704790F8AA2002F0BE
:10C87800FF03002AF7D190F89C201846704737B577
:10C888000D464FF49C720021044600F02AFEFF2357
:10C8980023701323638042F21073E383F4F730FBB1
:10C8A80000220146A0626846FDF711FFA06A002237
:10C8B8000121FDF757FFA16A68460422FDF707FF2B
:10C8C8000022A06A1146FDF74DFF04F12000A5746F
:10C8D80003B0BDE8304000F01AB9FF23886A0B7036
:10C8E800FDF7F2BE0078FF3818BF0120704710B579
:10C8F8000446203000F05BF928226188F8F7DAF95D
:10C908006D3010BDD0E9020170472DE9F04F0746A0
:10C918008FB00C46064606AD0DF110080FCF0FC5B7
:10C9280097E80F0085E80F00404600F0F0F86778B8
:10C9380094F8149007F07F0594F80AA0B9F1010F54
:10C9480094F800B02F4607D0B9F1020F04D040F296
:10C958009D310620F3F736FE617A404600F0DEF896
:10C96800237D227F4046022B02F101020CBF617D2C
:10C978000121D2B204BF0131C9B200F0D1F815F0DB
:10C98800080360D14046019300F011F92822394686
:10C99800F8F790F940F2712100F29922E5782079B0
:10C9A800019B45EA00256079B2FBF1F245EA0045B2
:10C9B8004A434D43AA420AD9E079A57945EA0025B8
:10C9C800207A45EA00454D43954228BF1546227E08
:10C9D8000393531EA17CB06A5A4202915A410192B4
:10C9E800FDF740FFB06AFDF74DFF039B019A0299DE
:10C9F800ADF81A7006AF8DF818B0089535468DF861
:10CA080028208DF82B108DF82CA08DF81C900993F8
:10CA18000FCF0FC597E80F0085E80F0098E80300CF
:10CA280030620020B184E37A03F0FD03003B18BFB5
:10CA3800012386F84F30E3683365238AA6F854301B
:10CA48000FB0BDE8F08F00252B46C0E74FF4004338
:10CA5800C38443881D2B08BF00214174704790F997
:10CA680012007047408800F0010070478078C0F3DA
:10CA7800400070478078C0F3C000704790F8483095
:10CA880081614B72D0F84930C1F80A30B0F84D30A6
:10CA9800CB8170477047F7F7E7BB80F8681070479D
:10CAA8000177427770478278034612F0010002D07E
:10CAB800D978C90710D5900702D5D97889070AD53A
:10CAC80012F0040008D0D878C0F3800080F001008C
:10CAD8008000C0B2704702207047C0F34002C0F324
:10CAE800800300F00100134418447047022808B579
:10CAF80007D0042807D0012807D039212E20F3F7C2
:10CB080061FD262008BD2720FCE72520FAE7002341
:10CB1800C0F802300123437003707047817070477A
:10CB280010B54270144601708078FFF7D6FF48436D
:10CB380004FB00F2FE2A03DD5C212E20F3F742FD00
:10CB480010BD0023C37043710371704710B50446CC
:10CB5800FFF7A9FF637962780133DBB29A42637108
:10CB68000CD1E3780022A17803436271DBB29942C9
:10CB7800E37001BF2379E27001332371BDE81040EF
:10CB8800FFF7B4BF38B504468078FFF7A6FF014623
:10CB9800E078FFF7A2FF2378227965789B1A6B4328
:10CBA80059436379C91A00FB1510C0B238BD014654
:10CBB80008B58078FFF791FF4A780B7853435843BC
:10CBC800C0B208BD40F2EE20704740F25A335843D5
:10CBD800704738B50E38536814460D4693F88420CC
:10CBE800092840D8DFE800F0053F3F3F0F3F183FD6
:10CBF8003F27042A05D12046FFF7E0F82046F6F73C
:10CC080025FD002038BD0F2AFBD100222046114601
:10CC1800BDE83840FFF7F0BA1D2AF2D12046FFF7E9
:10CC2800CDF8002DEDD0626892F8D43023F02003BF
:10CC380082F8D430E5E793F88520232AE1D100254E
:10CC4800204683F88550FFF7CCF8636893F82431C1
:10CC5800012B03D129462046F5F77CFB63680022A7
:10CC680083F82421CDE740F257213120F3F7AAFCBD
:10CC780008B5436893F88520162A04D040F2545129
:10CC88003120F3F79FFC1A2283F8852008BD08B5E8
:10CC980090F80E31FE2B04D040F6BE013120F3F798
:10CCA80091FC002380F80E1180F80F3112B9A0F81A
:10CCB800C02008BDA0F8BA30012380F8BE30F8E7DC
:10CCC80008B5436893F88520312A06D1002283F8F5
:10CCD8008520BDE80840FFF784B8162A03D11A2238
:10CCE80083F8852008BD40F269513120F3F76AFCCA
:10CCF80008B5436893F88420092A0BD193F80911E1
:10CD080093F81021914205D1002283F8842083F8FA
:10CD1800BE2008BD9A6F110706D522F008029A674F
:10CD2800BDE80840FFF75DB840F24E513120F3F7F7
:10CD380049FC837C63B9437BA3F11002032A07D91A
:10CD480090F84C0028B11C2B8CBF002001207047A4
:10CD58000120704702464068497890F884301D2BBE
:10CD680014D00BD8042B13D00F2B13D090F8853088
:10CD7800232B0CBF1720FE20F8F7DEB9282B0BD089
:10CD88002E2B01D0212BF1D11620F5E71420F3E743
:10CD98000E20F1E71220EFE72320EDE70246406876
:10CDA8000B4690F8D41041F0040180F8D41099781B
:10CDB8005878F8F7C1B938B50C460546D1E90401E9
:10CDC800F4F754F894F8DC313BB104F5FC742046D0
:10CDD800FBF7EEFD204600F02FFA28460221BDE8B9
:10CDE8003840F3F7A9BF0020704708B5F6F784F973
:10CDF800BDE80840F6F72CBB0022A0F8842080F894
:10CE0800882090F8AB3113B10221F7F759B9032103
:10CE1800FBE738B50446084694F8583213B10C2598
:10CE2800284638BD94F88530153B012BF7D894F87F
:10CE3800743203F0FF05002BF1D191B194F8C6319B
:10CE480023B940F682213120F3F7BCFB052304F116
:10CE5800F00204F5DB7100F0AEFA012384F85832D1
:10CE6800DEE70223FAE7F6F7BBB908B5F9F762F986
:10CE7800F8F73AFFF8F768FEBDE80840F9F760BE32
:10CE8800C82108B5F8F7F4FE022807D1013911F0D6
:10CE9800FF01F7D1EB213B20F3F794FB431E5842E7
:10CEA800584108BD10B5F9F761F9044600F02CF9AE
:10CEB800201841F1000110BD19B943780BB1C378AE
:10CEC8008370704710B504460846F9F761FD4FF4C2
:10CED8007A73B0FBF3F0201A10BD10B5044608466B
:10CEE800F9F756FD4FF47A7200F2E733023CB3FBD0
:10CEF800F2F3E01A10BD00F038B8801A00F307000A
:10CF080038B50D46144659B240B2FAF783F80023F3
:10CF1800287020446B7040B238BD0023036070470E
:10CF28007047002070474FF0FF3070474FF0FF30D8
:10CF3800704770474FF0FF3070470020704700205F
:10CF480070470023037070479DF800300022FFF7F8
:10CF5800D4BF4FF0FF307047002070474FF0FF30CC
:10CF680070474FF0FF307047704770470020FAF75E
:10CF7800A7B80020FAF794B90020FAF7A5B900205D
:10CF8800FAF79EB87047FAF7EBB9FAF7FDB9FAF76E
:10CF9800EDB9FBF7F7BEFBF7B1BBFBF7C7BBFBF778
:10CFA80011BF00F051B9FBF7FFBE10B5837F8BB9F5
:10CFB800034601F1180251F8044B914243F8044B1F
:10CFC800F9D1012484772146FAF732FDFBF788FB73
:10CFD800204610BD0020FCE710B504460221FAF7F0
:10CFE80027FDFBF77DFBA07FB0FA80F0400910BD5C
:10CFF80038B50446A37F03B938BDA37F032B02D0FD
:10D00800A37F042B0ED1EFF3108572B62046FAF7F2
:10D0180081FF05B962B6A37F002BEDD0FF21032065
:10D02800FBF76AFFA37F012B02D14FF48271F6E769
:10D0380000F0CBF9DEE713B50DF10701FAF750FF61
:10D048000446FBF7BBFB20B940F221110320FBF794
:10D0580053FF204602B010BDF8B50746FBF7AEFBFC
:10D06800044620B940F229110320FBF745FFFBF7DE
:10D07800ABFBA46800252418384641F10006224677
:10D088003346FAF795FFA04271EB060309D3001B5C
:10D098006FF0010361EB0601834275EB010102D3D6
:10D0A800F8BD2846FCE74FF0FF30F9E72DE9F041DD
:10D0B80004460F46FBF782FB064620B94FF4A371DE
:10D0C8000320FBF719FF8568002362195B4113B140
:10D0D8000020BDE8F081FBF777FB2A18384641F1BC
:10D0E800000314EB020843F10005FAF761FF40451D
:10D0F800A941EDD3FBF746FE00F05FF8B3680120C5
:10D1080037752344B360E4E7FBF75EBB806870477C
:10D11800F8B50369044623B140F2A3110320FBF7D5
:10D12800EBFEFBF72FFE05460E46FAF7D7FB70B36A
:10D138006435D4E9003246F10001AB4272EB0100DC
:10D1480001D22B460A46C4E90032EFF3108572B6C5
:10D15800FBF734FB064698B1FBF736FBB3680B3395
:10D168002CBF012200221B18D4E9006042EB010108
:10D17800B34271EB00023CBF33460146C4E90031BB
:10D1880005B962B62046BDE8F840FAF787BFFAF756
:10D19800C5FB0746FBF726FBB84238BF384696352D
:10D1A80046F100024319D4E9000142F1000283422A
:10D1B80072EB0105C7D20346C4E7FAF7D3BC0329CB
:10D1C80010B5044606D801290ED84FF49E71B02038
:10D1D800FBF792FE0429F8D1FAF740FC20B120466B
:10D1E800FAF7FEFF022010BD0020FCE7C0E9081294
:10D1F8002022002100F075B910B5037886B00446E6
:10D2080023B14FF4AB714520FBF776FE0593CDE9CA
:10D218000333D0E90423CDE9002343680293037A5A
:10D2280068468DF81430FFF773FF0120DDE900230D
:10D23800C4E9042306B010BDFFF7DABE7047704793
:10D2480070477047FBF726BC10B5029C241841F1C3
:10D258000001A01A61EB0301B0F1004F71F1000168
:10D2680003DBA9210420FBF747FE10BD70B500249D
:10D27800FBF7FCFD05462646E0B2854200D870BDA6
:10D28800FBF7FAFD0134068580F82A60F4E7F8B563
:10D29800037904461BB11B219D20FBF72DFE46791F
:10D2A800017126B901234371217909B96171F8BD6A
:10D2B800276820462671B84702280546F4D103217D
:10D2C8002046B84708B12F21E6E7236829462046BB
:10D2D80098470028E8D03021DEE7034600688842F6
:10D2E80004D109B10A681A600846704728B970471E
:10D2F800884202D10A681A60F6E7034600680028E7
:10D30800F6D1704701F11003013813F8012D8B4253
:10D3180000F8012FF9D170472DE9F04713F0010FFC
:10D328008EB004460D4617469A46DDE9168924D084
:10D3380006A8FFF7E7FFA30735D002AA04F11005F6
:10D348002068083454F8041C1346AC4203C31A4638
:10D35800F6D106AD02AC1AF0020F4346CDF80090A4
:10D3680023D0294620460AAAFBF75EFE0AA93846BA
:10D37800FFF7C8FF0EB0BDE8F08713F0040F0DD11A
:10D3880006AB0E4601F1100C1D463068083656F8FB
:10D39800041C1A46664503C21346F6D1214602A864
:10D3A800FFF7B0FFD6E706ADD5E73A46294620464F
:10D3B800FBF73AFEDEE713B50024CDE90044FFF79A
:10D3C800ABFF02B010BDFBF733BF20BF704720BFD3
:10D3D80070479142F8B503D373219620FBF78CFD73
:10D3E800B2FA82F33BB1C3F1200499409A4020FA83
:10D3F80004F4984021434FEA124C93B2040C87B2CC
:10D40800B1FBFCF50CFB151E05FB03F64FEA0E4EAF
:10D418000EEB1040864205D9361A964294BF012673
:10D428000226AD1B04EB0141280405FB1211B1FBD8
:10D43800FCF40CFB1411634307EB0147BB4205D90D
:10D44800DB1B934294BF01230223E41A2043F8BD57
:10D458002DE9F0411D4607460C46164652EA0503DB
:10D4680003D1A6219620FBF747FD85B9914204D246
:10D47800FFF7AFFF2946BDE8F08108462946FFF7C8
:10D48800A8FF05463246384606FB1541F0E7B5FACF
:10D4980085F80123400803FA08F3C8F11F0840EA99
:10D4A800C470A3FB0212610803FB0522FFF791FF7A
:10D4B80030FA08F04FF0000102D0013861EB0101A9
:10D4C80000FB05F3A0FB062C06FB0133BF1A6344DF
:10D4D80064EB0304B742AC41CDD3013041F1000104
:10D4E800C9E7F0B5C9B20446A30726460ED14FF0E6
:10D4F800013522F003034D43E718BC420CD13344F5
:10D5080002F003021A44934209D1F0BD002AFCD06C
:10D51800013A04F8011BE7E744F8045BEDE703F878
:10D52800011BF0E700280CBF6FF0150000207047C2
:10D5380000207047072303700020704700207047C1
:10D54800002070472DE9F04786468C460846089E1D
:10D55800154674461946002B40F0C1808542B2FA40
:10D5680082F245D94AB1C2F1200300FA02FC954083
:10D5780094402EFA03F343EA0C0C4FEA154EA8B276
:10D58800230CBCFBFEF80EFB18CC08FB00F943EAA1
:10D598000C43994528D9EB1808F1FF3704D299456F
:10D5A80002D9A8F102072B44A3EB0903A4B2B3FBE9
:10D5B800FEFC0EFB1C330CFB00F044EA0344A042C3
:10D5C80014D92C190CF1FF3304D2A04202D9ACF1C2
:10D5D80002032C44241A43EA07401EB1D440002316
:10D5E80034607360BDE8F0874746DDE76346F1E7DE
:10D5F80092BB431B01214FEA154EAFB2200CB3FB7F
:10D60800FEFC0EFB1C330CFB07F840EA034398456D
:10D6180061D9EB180CF1FF3004D2984502D9ACF16E
:10D6280002002B44A3EB0803A4B2B3FBFEFC0EFBE1
:10D638001C330CFB07F744EA0344A7424DD92C19C5
:10D648000CF1FF3304D2A74202D9ACF102032C44F7
:10D65800E41B43EA0040C0E7C2F120039540944030
:10D6680020FA03F12EFA03F34FEA154E9040AFB2B9
:10D678000343B1FBFEFC0EFB1C10190C0CFB07F856
:10D6880041EA0041884522D969180CF1FF3004D2DB
:10D69800884502D9ACF102002944A1EB08019BB2EC
:10D6A800B1FBFEFC0EFB1C110CFB07F743EA014320
:10D6B8009F420ED9EB180CF1FF3104D29F4202D9D8
:10D6C800ACF102012B44DB1B41EA004193E76046C1
:10D6D800E3E76146F7E76046A4E76346B8E78342B5
:10D6E80006D916B9002108467CE7C6E900E0F9E743
:10D6F800B3FA83F78FB9834201D3724508D8BEEBDA
:10D70800020460EB030301209C461EB9002169E76F
:10D718003846FAE7C6E9004CF8E7C7F1200CBB40E9
:10D728000EFA07F522FA0CF42EFA0CF1BA401C4353
:10D7380020FA0CF3B8404FEA144901431FFA84FE5B
:10D74800B3FBF9F809FB18300B0C08FB0EFA43EA97
:10D7580000439A4540D9E31808F1FF3004D29A45AE
:10D7680002D9A8F102002344A3EB0A0389B2B3FB50
:10D77800F9F809FB183308FB0EFE41EA03418E4510
:10D788002CD9611808F1FF3304D28E4502D9A8F1CB
:10D798000203214443EA0040A1EB0E01A0FB0298DA
:10D7A8004145CE46434602D306D14D4504D2013801
:10D7B800B9EB020E68EB0403002EA7D0B5EB0E02FE
:10D7C80061EB030101FA0CFC22FA07F3F9404CEA79
:10D7D8000303C6E9003199E74046C5E74346D9E760
:10D7E8002DE9F04F824617461C4600259FB003914D
:10D7F800387810B9284600F0A9BD252809D0039922
:10D80800D0470028C0F2A2857B1C01350593059FEF
:10D81800EEE71822002110A821F0D9F87B78252BF3
:10D8280000F0BC80002398469E469C461846791C0A
:10D838000E4611F8012B2B2A00F0E38000F2DA8063
:10D84800202A00F0E180232A00F0E1802BB19DF826
:10D85800483043F040038DF84830B8F1000F05D048
:10D868009DF8483043F020038DF84830BEF1000F92
:10D8780005D09DF8483043F010038DF84830BCF1CE
:10D88800000F05D09DF8483043F008038DF8483064
:10D8980028B19DF8483043F004038DF848309DF8CE
:10D8A800483003F04401442903D16FF386138DF8FF
:10D8B80048309DF848302A2A43F080030E968DF8A8
:10D8C800483040F0A9809DF8493043F001038DF8B5
:10D8D8004930731C1A782E2A0CBF012100219DF8AB
:10D8E800492061F341028DF849200CD15A1C0E924F
:10D8F8005A782A2A40F0A0809DF84920023342F045
:10D9080004028DF849201A786C2A00F0C18000F2D0
:10D91800A380682A00F0A9806A2A00F0C2804C2AF5
:10D9280000F0C78013F8012B782A05938DF84B2057
:10D9380000F209816D2A00F2C980692A00F2038188
:10D94800572A00F2E280412A04D0A2F14503022BB3
:10D9580000F2F98004219DF84A3002F0DF02A2F1BA
:10D96800410961F30203D9F100029DF8491042EB25
:10D97800090262F3C7110A068DF84A308DF849107A
:10D98800CBB200F11F8103F07802182A40F0098118
:10D998006FF3C6038DF849300023F8E08DF84B305B
:10D9A800BB1C05939DF849309DF84A20DE0702F01C
:10D9B800070040F1098154F8041B0029049108DA92
:10D9C8009DF8481041F004018DF848100499494227
:10D9D8000491590740F1008154F8046B002E80F23D
:10D9E800FF809DF849306FF341038DF849304FF0BF
:10D9F800FF36F5E02D2A0DD0302A7FF427AF01231A
:10DA080016E74FF0010C13E74FF0010E10E74FF047
:10DA180001080DE701200BE70EA804F03BF90E9B67
:10DA2800B3423FF457AF9DF848201390C00F60F3FE
:10DA380041028DF848204DE70EA804F02BF99DF817
:10DA480048301490C3F3400242EAD07262F34103B3
:10DA58008DF848300E9B56E7742A26D07A2A7FF430
:10DA680061AF06219DF849200CE05A78682A9DF894
:10DA7800492006D1012161F3C6028DF849200233FD
:10DA880050E7022161F3C6028DF84920013349E7C6
:10DA98005A786C2A9DF8492001D10421EBE703212B
:10DAA800F0E705219DF84920ECE707219DF849207A
:10DAB800E8E7BDF8482022F4F04222F0020242F4DE
:10DAC800804242F00202ADF84820DFE76E3AD3B256
:10DAD80001229A4040F282431A429DF8493039D1D6
:10DAE80012F0240F61D1D1072DD503219DF84A20CA
:10DAF80003F07803A3F1400861F30202D8F10003B0
:10DB08008DF84A2043EB080341E00120A2F15801B7
:10DB1800C9B200FA01F111F4624F7FF41BAF40F66D
:10DB2800010319429DF849301AD111F4043F0AD073
:10DB38009DF84A2060F3020203F07803402B8DF829
:10DB48004A207FF429AF9DF8483043F001038DF84F
:10DB5800483021E702219DF84A2061F30202EBE7F1
:10DB680002209DF84A1003F0780360F30201402B6D
:10DB78008DF84A1002BF9DF8481041F001018DF858
:10DB88004810632A7FF408AF003B18BF01239DF8B3
:10DB98004820C2F340010B4363F341028DF848204B
:10DBA80000E713F0380FCED1F6E603219DF84A209E
:10DBB80013F0780F61F3020214BF012300238DF8DC
:10DBC8004A20E4E70123E2E79DF948100029ACBFA9
:10DBD8004FF0FF311399FBE69E077FF508AF149EBF
:10DBE80000230428CDE913339DF8493007D199075C
:10DBF80005D49DF949100029ACBF06260D2602F070
:10DC08000702012AC3F3C30332D1DA1E042A04D857
:10DC1800DFE802F02045452020002268012B4FEA6A
:10DC2800E271CDE910211BD19DF94020D117CDE932
:10DC3800102104349DF84820069292074FD03A46A6
:10DC48005046059B039919F0DBFD0028C0F27E833E
:10DC58000544DCE554F8042BD117CDE91021E9E798
:10DC6800022BE6D111B242F3C032CDE91012E0E73F
:10DC7800022A24D1DA1E042A04D8DFE802F0181098
:10DC880010181800012B4FF0000154F8042B14D081
:10DC9800022BCDE91021CDD192B21092CAE70734F8
:10DCA80024F00704F4E80201CDE91001C2E754F8B2
:10DCB800042B109200221192BCE7D2B2CDE7042ABD
:10DCC80008D1073424F00704D4E900010834CDE969
:10DCD8001001AFE7032AADD154F8042BDDE79DF816
:10DCE8004B80B8F1780F3FF692ADB8F1570F5CD87A
:10DCF800B8F1250F00F0A480B8F1240F7FF687ADA6
:10DD0800B8F1410F04D0A8F14503022B3FF67FADCF
:10DD1800DDE91023002BC0F24D810699080700F1B8
:10DD28004C81C1F300194FEA4919C3F30A51C3F3EF
:10DD38001303002940F0448152EA030014BF4FF056
:10DD4800010C4FF0000CD80240EA5250D702CDE93E
:10DD58000C70B8F1460F47EA010740EAE17008BFC6
:10DD68004FF06608384300F0B781BCF1000F10D0BF
:10DD78001B0343EA125317033A4618464FF0000CA8
:10DD8800002880F25681BCF1000F40F05981CDE99E
:10DD98000C730D9BA1F2FE3B43F000430D93002151
:10DDA800DDE90C230F46052060E1A8F15802202A7E
:10DDB8003FF62DAD01A151F822F000BF8FDF000022
:10DDC80017D8000017D8000017D8000017D800008F
:10DDD80017D8000017D8000017D8000017D800007F
:10DDE80019DD000017D800003BDF00004FDF0000FE
:10DDF80019DD000019DD000019DD000017D800004A
:10DE08004FDF000017D8000017D8000017D800000F
:10DE180017D8000095DF00008FDF0000DFDE00006C
:10DE280017D8000017D8000059DE000017D80000E6
:10DE38008FDF000017D8000017D800008FDF000020
:10DE480040460399D0470028C0F280820135DEE4BD
:10DE5800002E109F3BDB3146384620F0A9FE002FEC
:10DE68003FF4D5AC4FF000093E18F31B9DF84A204B
:10DE780012F01001069100F05E82023312F04002A7
:10DE8800DDF84C80089218BF149A434418BF9B18B9
:10DE9800049ACDF81C80002A40F36882D31A9DF8B2
:10DEA800482004935007C2F3800B00F15F825106AB
:10DEB80040F14F82B9F1000F07D048460399D04787
:10DEC8000028C0F24382D9460135302242E2384662
:10DED800FBF780FFC6E71098002800F027820DF1B5
:10DEE80075030093002117AB12AA03F0E9FE4FF067
:10DEF80000090746BDF84A3003F0EF0343F4F04346
:10DF080043F01003ADF84A30002E0CDB9DF8482092
:10DF18000DF17503DB1B6FF386129E428DF84820C6
:10DF280001D9F31A1393002F3FF471AC0DF1750664
:10DF38006DE0109B4FF000098DF85C300DF15D0627
:10DF4800012317AF92E7069B1F0754BFC3F30019BD
:10DF58004FF02B09DDE9102358BF4FEA4919002B70
:10DF680006DA4FF02D09524263EB4303CDE9102343
:10DF7800DDE910010DF17503009312AA17AB03F048
:10DF88009FFE0746C0E74FF00009F1E7109A072BFC
:10DF98003FF63DACDFE803F00C04060C08080C0C57
:10DFA800157034E4158032E4EB17C2E900532EE40F
:10DFB80015602CE44FF02D09B7E64FF02B09B4E6B5
:10DFC80040F2FF70814231D1A34908F101085FFA9C
:10DFD80088F811F80810134301F003011ED1012934
:10DFE8000BBF492369234E216E210CBF46226622AE
:10DFF8008DF85C309DF848308DF85D106FF386130E
:10E008008DF85E208DF848300DF15F0617AFF31BD1
:10E01800B9F1000F3FF42AAF013327E7012915BFF3
:10E028006E234E23612141211A46E1E74FF0000C8F
:10E0380089E692184FF0010C01F1FF3140419FE64B
:10E04800CDE90C20A5E6520842EAC3725B08B3F199
:10E05800333F59460BF1010BF5D201F1020B0121B7
:10E0680000FB03FCA2FB0023013F63441BF1020FEA
:10E07800E9DB09B1CDE90C23DDE90C32BBF1000F76
:10E088002DDCCBF10401A1F120000BF11C0B02FAED
:10E098000BFB22FA00F0CA40CB40079208F0DF02DF
:10E0A80043EA0B03472A43EA00037BD1F91C01DB4F
:10E0B800BE422ADAA8F10208002E5FFA88F87ADD53
:10E0C8009DF84820013E920675D4B6F1000B18BFA2
:10E0D8004FF0010B721C26E04FF0000B5FE6023395
:10E0E80042F100020CA80BF1FF3B0137CDE90C32DD
:10E0F80019F057FBDDE90C32DB185241002A0BF10D
:10E10800FF3BF9DACDE90C32B6E79DF84820F61B5B
:10E1180090064DD4B6F1000B18BF4FF0010BF21961
:10E128004FF066084AD4102AA8BF10229FED487BFA
:10E1380010208DED0E7B0B90DDE90E01002A3FD1FA
:10E14800079A1B1842EB0101B1F1805F47D2CDE974
:10E158000C31069BB8F1660F03F0200240F0C68030
:10E16800002F47DC30238DF85C30002A76D1002E52
:10E1780040F3BD812E238DF85D3087B17B42B342D9
:10E18800A8BF3346002B1393A6EB0306D4BF002386
:10E1980001239DF84A2063F345128DF84A200DF1BA
:10E1A8005E0340E0B8F1660F4FF0000BB7D091E77F
:10E1B8004FF0000BB3E74FF0000B8BE70022B5E7F9
:10E1C800400840EAC1704908CDE90E010EA8CDE922
:10E1D800082319F0E6FA089A099B013AACE75B08AC
:10E1E80043EAC1730CA84908CDE90C31013719F08D
:10E1F800D8FAAEE717AB0B9900290BDD0BA90CA8D1
:10E20800CDE9063219F0E5FA069B013F079A03F8B3
:10E21800010BF0D11397AAB9002E40F366812E2185
:10E2280003F8011B0027002E21DD0B9A002A1EDDB2
:10E238000BA90CA8069319F0CCFA069B013E03F82B
:10E24800010BF0E72E2203F8012BEBE7AFF3008078
:10E2580000000000000000081CDF03002E238DF8DA
:10E268005D30002F9BD0002E88DC0DF15E03BBF1E2
:10E27800000F4FD114961E4608F0DF03452B24D11A
:10E28800002FBABF7F422D232B23632FC8BF6422E0
:10E298007370C4BFB7FBF2F302FB13774FF00A02A7
:10E2A800C8BF03F13001B7FBF2F3C8BFB17003F187
:10E2B800300102FB137386F8008003F13003D4BFEA
:10E2C80002360336317073700236139B002B2BDC39
:10E2D800149B002BD4BF002301239DF84A2063F32D
:10E2E800861200238DF84A2033708FE60BA90CA8FC
:10E2F800069219F06EFA069A30288DF85C0018BF5D
:10E3080007F1FF3712B9002E40F3F1802E238DF864
:10E318005D3044E71E4616F8012C013B302AF9D03F
:10E328002E2A08BF1E46A7E70123D6E7714E81466D
:10E338000523771F9AE5110748BF01339EE510466C
:10E3480009920399D0470028099A05DA1FB0BDE859
:10E35800F08F2022DDF810B0594600290BF1FF3B61
:10E36800EDDC049BCDF810B02B445D1AB9F1000F19
:10E3780005D048460399D0470028E7DB0135089BBC
:10E38800002B77D09DF94930002B28DB3B46DFF87E
:10E39800689118789B4619F80020013352073FD43A
:10E3A8009DF84A30EF1B98065F4407D44246002A7E
:10E3B80008F1FF383BDC079B3B449F1A9BF80000A1
:10E3C8002E280AD10399D0470028BFDBB8F1000FE7
:10E3D80007F1010731DC0BF1010B5D4638E0B94666
:10E3E80099F80000C846702809F1010913D1EF1BFC
:10E3F800149D47443D44EB1B002B33DC3346424617
:10E408005046039919F0FCF900289FDB3844049E14
:10E418000546064464E00399D0470028E0DA95E70A
:10E4280006930399D0470028069BB2DA8EE730207E
:10E438000399D0470028B9DA88E730200399D047F4
:10E4480008F1FF38C0E70399D0470028FFF67EAFF0
:10E458002878A84619F8003001355907F3D4A7EBF6
:10E468000B07C5E730200399D0470028FFF66EAFA9
:10E478000137C0E79DF84A30DA0601D41B0706D5F4
:10E4880030200399D0470028FFF660AF0135069B7E
:10E498003BB103999DF84B00D0470028FFF656AFD3
:10E4A8000135A84406E030200399D0470028FFF63C
:10E4B8004DAF0135A8EB0503002BF4DC33463A4693
:10E4C8005046039919F09CF90028FFF63FAF2844FD
:10E4D8009DE720200399D0470028FFF637AF013584
:10E4E800731B002BF5DCFFF792B91746BFE60DF159
:10E4F8005D03BCE6A6AE03001DDF030000000000BC
:10E508000022F0B585B0114640F6034002AF06F090
:10E5180047FE044600285BD106F02AFC214641F25A
:10E5280003003A1D06F03CFE0446002850D17A68E4
:10E53800294DD16805F17803D1F80100D1F805100B
:10E5480003C3104605F0A0FC214641F201003A1D24
:10E5580006F026FE044600283AD17868C3685A783F
:10E5680085F870205A88A5F872201A7985F87120E4
:10E57800B3F80720A5F87420B3F80530A5F876306D
:10E5880005F082FC214641F202003A1D06F008FE21
:10E598000446E8B9D7F804C005F18006DCF80C2079
:10E5A800531C4132344618685968083303C49342EF
:10E5B8002646F7D1604605F067FC95F87C305A0688
:10E5C80010D40121054A06481AF074F96FF01204B4
:10E5D80020460C37BD46F0BD7803002054BD03002B
:10E5E80038030300002142F203003A1D06F0D8FD6B
:10E5F80004460028ECD17A68A94BD168D1F801000B
:10E60800D1F8051003C3104605F03EFC214642F23E
:10E6180002003A1D06F0C4FD04460028D8D17E68E1
:10E62800F468B4F801309AB292B1E27882B1A5F8F0
:10E638000431E378042B06D0042202210092994881
:10E64800994A19F032FDE278984811461CF078FF93
:10E65800304605F019FC1F2395F87C60A5F8203199
:10E6680016F0200619D14FF0FF304FF0FF3106F0B9
:10E678009FFB0446002800F0BE8102210C3019F0EF
:10E6880098FF0123214603704670324640F66D40DC
:10E6980006F086FD044600289AD195F89C301B07A1
:10E6A80012D5002142F21C003A1D06F079FD0446FD
:10E6B80000288DD17868C368D3F80120D3F80530D5
:10E6C800C5E9382305F0E0FB95F8D8309E0623D538
:10E6D8003846B91C06F00CFE044600287FF478AFD3
:10E6E8004FF0FF304FF0FF3106F062FB064600287E
:10E6F80000F0818104210C3019F05BFF3B88224631
:10E7080003807B883146438042F2240006F048FDAE
:10E71800044600287FF45CAF95F8D8305C0610D525
:10E72800002142F22A003A1D06F03AFD044600286C
:10E738007FF44EAF7868C3685B7885F8223105F0BE
:10E74800A3FB4FF0FF304FF0FF3106F031FB0446DA
:10E75800002800F0508108210C3019F02AFF95F8A4
:10E76800D81040F2022311F0400F08BF03230246DD
:10E7780088074CBF43F02C0043F00C008B0695F83B
:10E78800D93048BF40F0400013F0090F18BF40F4DB
:10E798000060CE0748BF40F0100000211AF0B9F819
:10E7A8002146002242F2010006F0FAFC0446002845
:10E7B8007FF40EAF95F87C30B5F8041198065FD455
:10E7C800C9B941F205003A1D06F0EAFC04460028E2
:10E7D8007FF4FEAEB5F804317C684BB9E368B3F852
:10E7E8000120A5F804219A88304811461CF0A8FE9B
:10E7F800204605F049FB4FF0FF304FF0FF3106F09F
:10E80800D7FA0446002800F0F68008210C3019F0E9
:10E81800D0FE95F8D8300246D90747BF1EA1D1E9E6
:10E8280000014FF0005122481AF073F821460022E7
:10E8380040F6014006F0B4FC044600287FF4C8AE58
:10E8480001463A1D4FF6014006F0AAFC002835D0D3
:10E85800184A022113481AF02DF8EB79002B40F0E2
:10E86800BA8007F01BFC044600287FF4B1AE08F01C
:10E87800E5FF044600287FF4ABAE06F085FBA7E66B
:10E888000029B8D101210C4A06481AF013F86FF094
:10E8980004049DE6AFF30080908800020080002009
:10E8A800500400203803030078BD030080040020D2
:10E8B80010880002E1BD0300BEBD03007B686E4600
:10E8C800DC688AB0B4F80130042B96BF574A58491F
:10E8D80052F8231002AAD3614FF4007355481384E9
:10E8E800554BC2E9050142F8103F4FF41351534804
:10E8F80019F0EFFFB4F80120B546022AB4F8033046
:10E9080049D1052B47D84E4A52F823106E468AB093
:10E9180002AAD3614FF400734A481384464BC2E9F4
:10E92800050142F8103F4FF41351444819F0D1FF44
:10E93800B546637994F806C0032B98BF424AB4F8E9
:10E948000760D4F809006C468CB094BF52F82310C5
:10E95800374902AAC2E9073C4FF40073DFF8FCE02C
:10E9680093853A4BC2E905E1C2E909604FF4735156
:10E9780042F8103F314819F0ACFFA546786805F019
:10E9880083FA00214FF602403A1D06F009FC0446BE
:10E9980018B12F4A5DE72649B8E77868C368B3F825
:10E9A8000130A5F8C13005F06FFA95F8C1305A0763
:10E9B8007FF553AF21464FF603403A1D06F0F0FBB2
:10E9C80008B1244A45E77868C3685B7885F8C030A1
:10E9D80005F05AFA41E72E78002E7FF442AF95F8F9
:10E9E800C1309B061FD54FF0FF304FF0FF3106F0C6
:10E9F800DFF9044610B96FF06804E9E506210C3028
:10EA080019F0D7FDD5F8013021460360124B324684
:10EA18009B8883804FF6064006F0C2FB0446002818
:10EA28003FF41FAFD4E56FF08504D1E5D895030016
:10EA38009ABB030005BE030004000001380303006D
:10EA4800C09503001EBE0300B09503000700000137
:10EA580063BE03008CBE03007903002036BE0300AA
:10EA680037B50024164D6FF009034FF4806228462D
:10EA78001449009410F0BEFD1349284610F096FE84
:10EA8800124913481CF0E0FD224604211C2004F022
:10EA9800CBFD01220F4BD3E8EF1FC3E8E02F00287E
:10EAA800F9D105A3D3E9002328460B4910F0E2FD6C
:10EAB800204603B030BD00BF389C1C000000000099
:10EAC800384E0020F8F9002001D80300D9AB020025
:10EAD800FC8B0020F88B0020E804002000000000D8
:10EAE80010B50B4BD3E8AF3F53B1F8F7FDFE06A3C3
:10EAF800D3E90023BDE810400649074810F0BABD25
:10EB080010BD00BFAFF30080389C1C00000000005F
:10EB1800F88B0020E8040020384E00200000000098
:10EB28002DE9F04F2DED028B154687B000F142021A
:10EB3800044601919200002B00F0A18035B91A60BB
:10EB4800284607B0BDEC028BBDE8F08F19681A6043
:10EB5800914201D20025F3E72E460FF22C19D9E98C
:10EB6800008900274FF0000A019BDFF82CB12860CC
:10EB78006B602046FAF782FDBC4241EC100B52DD77
:10EB8800CDE904013846FAF779FD41A3D3E900231A
:10EB9800FAF7DEFD9DED040B53EC102BFAF702FF9C
:10EBA800019B41EC180B3BB118EE903A03F100437E
:10EBB800029003939DED028BB0EE480AF0EE680ACE
:10EBC80000F04EF9424651EC100B4B46FAF7C0FDE7
:10EBD80052465B46FAF706FC41EC100B00F094F93C
:10EBE80051EC100BFBF764F8B0EE480AF0EE680A37
:10EBF800A6F8080100F008FA424651EC100B4B4603
:10EC0800FAF7A6FD52465B46FAF7ECFB41EC100B0F
:10EC180000F07AF951EC100BFBF74AF80137A6F827
:10EC28000A010436A5E717F095F900F06DF90426F6
:10EC380059EC108B05F1080794FBF6F306FB134219
:10EC4800AAB1022E0FD0042E0FD002363046FAF7A2
:10EC580015FD02460B4640464946FAF7EBFF0028E9
:10EC680018BF2646E8E70326F0E70226EEE7012B61
:10EC78001C46C7E900637FF763AF0837DCE71D462A
:10EC88005EE700BFAFF3008000000000C0FFDF4078
:10EC9800182D4454FB2119C00000E03F000000007B
:10ECA8002DE9F04F2DED028B10F0010687B01546C7
:10ECB800029112D1441004F1420004EB4402800096
:10ECC80002EBD272521000F10C07059007EB82029A
:10ECD8001BB11F681A60974206D20025284607B064
:10ECE800BDEC028BBDE8F08F002DF6D005F10C02CB
:10ECF8001318A0F5847018446B60A8602A60204639
:10ED080005ABFFF70DFF4FF0000A04EBD477DFF8EF
:10ED1800E0B07F10B742E1DD01363046FAF7AEFCCD
:10ED2800804620468946FAF7A9FC02460B4640462B
:10ED38004946FAF737FE52465B46FAF753FB28A3D3
:10ED4800D3E90023FAF704FD029B41EC180B3BB111
:10ED580018EE903A03F10043009001939DED008B6B
:10ED6800B0EE480AF0EE680A00F07AF81EA3D3E97C
:10ED7800002351EC100BFAF7EBFC52465B46FAF70E
:10ED880031FB41EC100B00F0BFF84FEA8609AB6885
:10ED980051EC100BA9F1040903EB09080393FAF7E6
:10EDA80087FF039BB0EE480AF0EE680A23F80900D3
:10EDB80000F02AF90CA3D3E9002351EC100BFAF761
:10EDC800C7FC52465B46FAF70DFB41EC100B00F00E
:10EDD8009BF851EC100BFAF76BFFA8F8020099E7C3
:10EDE800182D4454FB2109C000000000C0FFDF407B
:10EDF8000000E03F0000000070B4174E0C46B0421F
:10EE0800154608D00136B0420FD0023EB04210D0AD
:10EE180070BC14F0D3B90AA3D3E90023C5E90023D1
:10EE28000E4B0020236070BC704707A3D3E9002372
:10EE3800F4E707A3D3E90023F0E700BFAFF30080AE
:10EE480002C0FF7F0000000003C0FF7F0000000039
:10EE580001C0FF7F0000000002C0FF7F03004E805A
:10EE68001FB553EC102B23F000412548814206D8EA
:10EE78009FED211B05B05DF804EB00F0D5BC2148DF
:10EE8800814208D910461946FAF7AAFA41EC100B44
:10EE980005B05DF804FB684600F0CAFA00F003000C
:10EEA80001280BD0022815D0D8B99DED021B9DED85
:10EEB800000B00F0B9FC51EC100BE7E79DED021BCD
:10EEC8009DED000B01F0D4F853EC102B104603F124
:10EED8000041DBE79DED021B9DED000B00F0A4FC5B
:10EEE800F2E79DED021B9DED000B012001F0C0F83B
:10EEF800E1E700BFAFF30080000000000000000061
:10EF0800FB21E93FFFFFEF7F51EC100BC1F30A53E0
:10EF18002DE9F041A3F2FF360C4605468046132E34
:10EF280035DC002E17DA34A3D3E90023FAF75AFAAE
:10EF380000220023FAF79CFE50B1002C56DA24F088
:10EF480000442C430025AC422D4C08BF4FF0004430
:10EF58002146284624E02B4F374101EA07030343A3
:10EF68001ED025A3D3E90023FAF73CFA0022002398
:10EF7800FAF77EFE0028EBD0002C4FF00005BEBF4C
:10EF88004FF480133341E41824EA0704E0E7332EF2
:10EF98000ADDB6F5806F03D102460B46FAF722FA6E
:10EFA80041EC100BBDE8F081A3F213434FF0FF379B
:10EFB800DF400742F4D010A3D3E90023FAF712FA8E
:10EFC80000220023FAF754FE0028C1D0002C0ADAE8
:10EFD800142E01D1013406E0C6F134060123B340F2
:10EFE8001D444545F6D325EA0705B1E700252C461B
:10EFF800AEE700BFAFF300809C7500883CE4377E25
:10F008000000F0BFFFFF0F001FB553EC102B23F0DB
:10F0180000412548814207D800209FED211B05B0FB
:10F028005DF804EB01F024B82048814208D9104665
:10F038001946FAF7D5F941EC100B05B05DF804FB59
:10F04800684600F0F5F900F0030001280CD002280A
:10F0580011D0E8B901209DED021B9DED000B01F0D8
:10F0680007F851EC100BE6E79DED021B9DED000B38
:10F0780000F0DAFBF5E79DED021B9DED000B01208A
:10F0880000F0F6FF53EC102B104603F10041D2E7D5
:10F098009DED021B9DED000B00F0C6FBF2E700BFE3
:10F0A8000000000000000000FB21E93FFFFFEF7FA8
:10F0B80038B52DED028B55EC104B00F049F8224B7A
:10F0C800B0EE408AF0EE608A93F90030013312D036
:10F0D80045EC104B20F021FB68B12046294612A3CD
:10F0E800D3E90023FAF7C4FD60B119F0FAF9222335
:10F0F8009FED0F8B0360B0EE480AF0EE680ABDEC96
:10F10800028B38BD0CA3D3E9002320462946FAF721
:10F1180091FD0028EFD019F0E4F922239FED088B28
:10F128000360E8E7AFF30080EF39FAFE422E86402D
:10F13800000000000000F07F51302DD5104987C035
:10F148000000000000000000330A0020000000005A
:10F158002DE9FF4755EC104B25F00042AA49EE0F68
:10F168008A4233D9A9498A4214D82046294690A30D
:10F17800D3E90023FAF77CFD00BB204629468EA37D
:10F18800D3E90023FAF756FD002800F0A0800024F8
:10F1980000250EE0C5F313032246234307D02B4670
:10F1A80020462946FAF71EF904460D4601E0002ECE
:10F1B800EDD145EC104B04B0BDE8F08780A3D3E94E
:10F1C800002310461946FAF7C3FAEDE7904B9A4226
:10F1D80040F2A9808F4B9A4279D88F4B2046294616
:10F1E800F70003EBC603C6F1010AD3E90023FAF7D7
:10F1F800F7F88A4B804689463B44AAEB060A93ED0A
:10F20800007B8DED007BDDE9002340464946FAF797
:10F21800E7F804460D4622462B4620462946FAF7CB
:10F2280097FA06460F4668A3D3E90023FAF790FA3F
:10F2380067A3D3E90023FAF7D3F832463B46FAF737
:10F2480087FA65A3D3E90023FAF7CCF832463B46A0
:10F25800FAF77EFA62A3D3E90023FAF7C1F8324637
:10F268003B46FAF775FA60A3D3E90023FAF7BAF830
:10F2780032463B46FAF76CFA02460B4620462946C8
:10F28800FAF7AEF802460B4606460F4620462946D0
:10F29800FAF75EFACDE90201BAF1000F5CD100225B
:10F2A8004FF0804330463946FAF79AF802460B4643
:10F2B800DDE90201FAF776FB22462B46FAF790F8C9
:10F2C80002460B4600205649FAF78AF86CE7554B78
:10F2D8002046294603EBC60645A3D3E90023FAF7DF
:10F2E80037FAD6E90023FAF77DF8FAF7E1FC824607
:10F2F800FAF7C4F906460F463FA3D3E90023FAF705
:10F3080027FA02460B4620462946FAF769F880464E
:10F318008946304639463AA3D3E90023FAF718FA62
:10F32800CDE900016FE7404B9A4210D820462946A4
:10F3380023A3D3E90023FAF755F80022384BFAF74C
:10F3480097FC38B10022364B204629462AE74FF071
:10F35800000A60E782465EE732463B4600204FF0EF
:10F368008041FAF73DF802460B46DDE90201FAF75B
:10F3780019FB02460B46DDE90001FAF731F842466F
:10F388004B46FAF72DF802460B4600202449FAF7B7
:10F3980027F86FF47F72924502DB01EB0A5103E70D
:10F3A8000AF57A7A00224FF0B87301EB0A510AE79E
:10F3B800EF39FAFE422E864051302DD5104987C0CC
:10F3C8009C7500883CE4377ED0A4BE726937663EDF
:10F3D800F16BD2C541BDBB3E2CDE25AF6A56113F4D
:10F3E80093BDBE166CC1663F3E5555555555C53F34
:10F3F800FE822B654715F73F0000E0FE422EE63FF0
:10F40800763C7935EF39EA3D412E8640FFFFEF7FA4
:10F41800422ED63FB1A2F03FD00A0300C00A030033
:10F428000000F03FE00A0300FFFF2F3E000000004D
:10F438002DE9F04F57EC106B27F00048C44B8DB006
:10F4480004469845049707D80022002380ED000B56
:10F45800C0E90223002528E0BE4B984578D8049BD4
:10F468003046BD4D3946002BABA3D3E9002338DD28
:10F47800F9F7B6FFA84506460F461AD0A8A3D3E960
:10F488000023F9F7ADFF02460B4680468946304611
:10F498003946F9F7A5FFA2A3D3E900230125F9F717
:10F4A8009FFFC4E90089C4E9020128460DB0BDE800
:10F4B800F08F9DA3D3E90023F9F792FF06460F4684
:10F4C8009BA3D3E90023F9F78BFF02460B4680463E
:10F4D800894630463946F9F783FF95A3D3E90023D7
:10F4E800DCE7F9F77FFFA84506460F4618D08CA33E
:10F4F800D3E90023F9F776FF02460B468046894692
:10F5080030463946F9F76CFF85A3D3E90023F9F7AC
:10F5180069FF4FF0FF35C4E90089C4E90201C4E777
:10F5280081A3D3E90023F9F75DFF06460F4680A3C0
:10F53800D3E90023F9F756FF02460B468046894671
:10F5480030463946F9F74CFF79A3D3E90023DEE7C3
:10F55800824B984500F2D18020F0D7F857EC106B19
:10F5680075A3D3E9002330463946FAF7F1F80022AB
:10F578007B4BF9F737FFFAF79BFB0546FAF77EF85E
:10F5880002460B46CDE9022363A3D3E90023FAF729
:10F59800DFF802460B4630463946F9F721FF824626
:10F5A8008B465FA3D3E90023DDE90201FAF7D0F81F
:10F5B8001F2D06460F460CDC6A1E6A4B53F8223094
:10F5C800434506D032463B4650465946F9F708FFB0
:10F5D8000EE03B46324650465946F9F701FF4FEADE
:10F5E80028530593C1F30A53C3EB1853102B02DCBD
:10F5F800C4E9000139E04CA3D3E90023DDE90201A5
:10F60800FAF7A6F806460F4602460B4650465946F4
:10F61800F9F7E6FE02460B468046894650465946AB
:10F62800F9F7DEFE32463B46F9F7DAFE06460F46A4
:10F638003FA3D3E90023DDE90201FAF789F832464E
:10F648003B46F9F7CDFE02460B4606460F464046B6
:10F658004946F9F7C5FE059AC1F30A53D31A312B67
:10F6680020DCC246CB46C4E90001D4E900895046F3
:10F67800594642464B46F9F7B3FE3B463246F9F740
:10F68800AFFE049B002BC4E90201BFF60EAF09F1DF
:10F698000043C4F80080A060636001F10043E360A8
:10F6A8006D4202E726A3D3E90023DDE90201FAF758
:10F6B8004FF806460F4602460B4640464946F9F7BC
:10F6C8008FFE02460B4682468B4640464946F9F76E
:10F6D80087FE32463B46F9F783FE06460F461AA3D5
:10F6E800D3E90023DDE90201FAF732F832463B4656
:10F6F800F9F776FE06460F4664E71B4B984535D961
:10F7080032463B4630463946F9F76AFEC4E90201FB
:10F71800C4E900019EE600BF00004054FB21F93F08
:10F728003163621A61B4D03D0000601A61B4D03D03
:10F738007370032E8A19A33B83C8C96D305FE43FF9
:10F748000000002E8A19A33BC14920259A837B39E2
:10F75800FB21E93F7BD90240FB21F93FFB213941DD
:10F768000000E03F04A00300FFFFEF7F4FEA2855A9
:10F7780030460DF13009A5F21645A8EB05514FF0BA
:10F7880003080F46FAF794FAF9F778FF02460B4692
:10F7980030463946CDE90623F9F722FE0022204BF0
:10F7A800F9F7D6FF0F460646FAF782FAF9F766FF29
:10F7B80002460B463046394600260027CDE9082385
:10F7C800F9F70EFE0022164BF9F7C2FFCDE90A0140
:10F7D80032463B46C24608F1FF3879E90201FAF79A
:10F7E8001FFA0028F4D10F4B2A46214606A8019398
:10F7F80002230093534600F0DFF8049B0546002BD4
:10F80800BFF653AED4E9002101F10043C4E9002357
:10F81800D4E9022101F10043C4E9022340E700BF13
:10F828000000704184A003002DE9F74F57EC106BDE
:10F8380027F00048B8F1795F8DED001B06D23046FD
:10F848003946FAF735FA002800F0888032463B46F8
:10F8580030463946F9F77CFF04460D460022504BE6
:10F86800F9F776FF82468B46204629463EA3D3E920
:10F878000023F9F76DFF3EA3D3E90023F9F7B2FDA2
:10F8880022462B46F9F764FF3BA3D3E90023F9F797
:10F89800A7FD22462B46F9F75BFF39A3D3E90023DE
:10F8A800F9F7A0FD22462B46F9F752FF36A3D3E914
:10F8B8000023F9F795FD22462B46F9F749FF34A3B3
:10F8C800D3E90023F9F78EFD22462B46F9F740FFCE
:10F8D80022462B46F9F73CFF04460D46304639468A
:10F8E800DDE90023F9F734FF0B4602462946204696
:10F8F800F9F776FD2B4B06460F46984510D8024679
:10F908000B4650465946F9F76BFD02460B46002058
:10F918002549F9F765FD41EC100B03B0BDE8F08F00
:10F92800224B0024002020499845224694BFA8F580
:10F9380000151F4D2B46F9F753FD22468046894690
:10F948002B4650465946F9F74BFD32463B46F9F7E8
:10F9580047FD02460B4640464946DAE79FED0E0B47
:10F96800DBE700BFAFF30080D43888BEE9FAA8BD52
:10F97800C4B1B4BD9EEE213EAD529C804F7E923EF6
:10F988009015CB19A001FA3E7751C1166CC1563FAC
:10F998004C5555555555A53F000000000000F03F57
:10F9A8000000E03F3233D33F0000F03F0000E93F62
:10F9B8000000D23F000000002DE9F04F2DED028B32
:10F9C800ADF51B7D12F1140F4FF000050993A8BF88
:10F9D800D41EBD4BB8BF0024019122AEA6990A904F
:10F9E80053F821300493099B03F1FF330693A4BF16
:10F9F800182394FBF3F46FF0170304FB033303EBB2
:10FA0800020B049B069A03EB0208A71AA79B9FED1B
:10FA1800AA8B03EB8709454513DD22AA099B0DF53F
:10FA2800E47A4FF0000802EBC305049B984530DCEC
:10FA3800DDF828902F4600269FED9F7B8DED027BF9
:10FA48001BE0EF4207D459F82500F9F717FE0135F6
:10FA5800E6E80201DFE751EC180BF8E7D7E90023E5
:10FA6800F9E802010136F9F773FE02460B46DDE9B3
:10FA78000201F9F7B7FCCDE90201069B083F9E4257
:10FA8800ECDD08F1010808359DED027BAAEC027B4C
:10FA9800CBE7049B0EAADDF8109002EB83030C93CE
:10FAA800A79B03EB84030B934FEAC9030DF1380AB4
:10FAB8004F460D939AABD04603EBC90313ED287B51
:10FAC80072AB03EBC9068DED027B002FA6F1080689
:10FAD80077DC58469DED020B00F086FB00224FF0C4
:10FAE8007F5355EC104B20462946F9F731FE41EC7F
:10FAF800100BFFF709FA0022744B51EC100BF9F7C1
:10FB080027FE02460B4620462946F9F769FC0D46B2
:10FB18000446FAF7CDF80890F9F7B0FD02460B460F
:10FB280020462946F9F75CFCBBF1000F06460F4654
:10FB38006BDD09F1FF310EABCBF11800089C53F8CF
:10FB4800213043FA00F2144482409B1A0EAA08940A
:10FB580042F82130CBF1170213410293029B002B8C
:10FB680062DD089B00226FF07F4001331446089342
:10FB7800914500F3B780BBF1000F07DDBBF1010F22
:10FB880000F0C980BBF1020F00F0D080029B022B6D
:10FB98004AD132463B4600204D49F9F721FC06463A
:10FBA8000F46002C40D058469FED450B00F01CFB3B
:10FBB8003046394653EC102BF9F712FC06460F462F
:10FBC80032E00022434B013FDDE90201F9F7C0FDB5
:10FBD800FAF76EF8F9F752FD00223F4B04460D463E
:10FBE800F9F7B6FD02460B46DDE90201F9F7F8FB25
:10FBF800FAF75EF8294648F8040B2046D6E90023B0
:10FC0800F9F7F0FBCDE902015FE706D109F1FF330F
:10FC18000EAA52F82330DB159FE700222F4BFAF784
:10FC28001DF8002843D102900022002330463946AF
:10FC3800F9F7F6FF002800F0CB8009F1FF33002226
:10FC480004998B427ADA002A00F0958009F1FF398D
:10FC58000EABABF1180B53F82930002BF6D05846F1
:10FC68004E464FF0000ADFF86CB09FED150B00F020
:10FC7800BBFA09F1010372AA4FEAC30802EBC307F2
:10FC880055EC104B002E80F2DB804C46002CC0F265
:10FC98000981134B4FF0000A4FF0000B00261F4656
:10FCA80072ABA9EB040503EBC4030693EEE0022351
:10FCB800029356E7AFF30080000000000000000048
:10FCC800000000000000F03F3CA5030000002040B9
:10FCD8000000F03F0000703E000070410000E03F6F
:10FCE800F00A0300514651F8043B54B96BB1013294
:10FCF800C3F18073914541F8043C0ADD0B680AF1B1
:10FD08000801C31A41F8043C012301328A461C4603
:10FD18002EE701242FE709F1FF320EAB53F822300A
:10FD2800C3F316030EA941F822302FE709F1FF3279
:10FD38000EAB53F82230C3F31503F3E70EA951F8BD
:10FD48002310013B0A437BE7013453F8042D002AB2
:10FD5800FAD00D9B22AA09F101074C4403F51A7346
:10FD68000DEB0305099B4B44983D02EBC306BC42CF
:10FD780004DAA14698E60C9B0124E6E70B9B4FF0BA
:10FD8800000853F82700F9F779FCDDF828909FED73
:10FD9800AC7BE6E80201B2468DED027B069B9845F6
:10FDA80005DD01379DED027BA5EC027BDFE77AE9F3
:10FDB8000223F9E80201F9F7CBFC02460B4608F1E9
:10FDC8000108DDE90201F9F70DFBCDE90201E5E7DC
:10FDD800CBF1000047EC106B00F006FA00229A4BBA
:10FDE80055EC104B20462946F9F738FF00B300229E
:10FDF800964B20462946F9F7ABFC0BF1180BF9F79F
:10FE080057FF0646F9F73AFC00228F4BF9F7A0FC9A
:10FE18000B46024629462046F9F7E2FAF9F748FF69
:10FE28000EAB43F8290009F1010943F8296016E7E8
:10FE380020462946F9F73CFF0EAB43F829000EE7A8
:10FE48000EAB53F82600013EF9F718FC22462B4664
:10FE5800F9F77EFC52465B4667E9020120462946CF
:10FE6800F9F776FC04460D460CE706990136F1E8E9
:10FE780002230691F7E80201F9F76AFC02460B46ED
:10FE880050465946F9F7AEFA82468B46049B9E4285
:10FE980001DCB542E9DA4AAB013C03EBC505C5E92B
:10FEA80000ABF3E6A69B022B0BDC002B38DC5AD008
:10FEB800089B03F007000DF51B7DBDEC028BBDE828
:10FEC800F08FA69B032BF3D108F51A73CA460DEBE6
:10FED8000304A4F5A4742546BAF1000FA5F108059A
:10FEE80067DC4D46012DA4F1080400F383804AAB7A
:10FEF8000020002103EB0804B9F1010F00F39880FA
:10FF0800029BDDE94A78DDE94C56002B40F0A080E1
:10FF1800019BC3E90078C3E90256C3E90401C7E7B6
:10FF28004AAB4C46002000219844002C32DA029B50
:10FF3800002B35D0024601F10043019C4CADC4E9C9
:10FF48000023012402460B46DDE94A01F9F748FA85
:10FF5800A14528DA029B13B101F100431946019B20
:10FF6800C3E90201A4E74AAB002000219844B9F193
:10FF7800000F08DA029B13B101F100431946019BF7
:10FF8800C3E9000194E778E9022309F1FF39F9F799
:10FF980029FAECE778E90223013CF9F723FAC4E7E8
:10FFA80002460B46C9E7F5E802230134F9F71AFAC5
:10FFB800CEE795ED007B0AF1FF3A8DED047B95EDD8
:10FFC800027BDDE9040153EC172B8DED067BF9F775
:10FFD80009FA02460B4606460F46DDE90401F9F721
:10FFE800FFF9DDE90623F9F7FDF9C5E90067C5E979
:08FFF800020171E794ED007BAA
:020000021000EC
:10000000D4E902AB013D52465B4651EC170B8DED36
:10001000047BF9F7EBF902460B4606460F46DDE98D
:100020000401F9F7E1F952465B46F9F7DFF9C4E953
:100030000067C4E9020159E774E9022309F1FF39B5
:10004000F9F7D4F95CE700BF0000000000000000F1
:10005000000070410000703E019B08F10044019ACD
:100060001F605C609D6006F100431061D36001F188
:100070000043536120E700BF2DE9F04F55EC104BD2
:1000800025F0004385B08046B3F1795F8DED021B0A
:1000900005D220462946F9F70FFE002852D0224605
:1000A0002B4620462946F9F757FB82468B460246E7
:1000B0000B4620462946F9F74FFB42A3D3E900231C
:1000C000CDE9000150465946F9F746FB3FA3D3E975
:1000D0000023F9F789F952465B46F9F73DFB3DA34A
:1000E000D3E90023F9F782F952465B46F9F734FB6E
:1000F0003AA3D3E90023F9F777F952465B46F9F7BB
:100100002BFB38A3D3E90023F9F770F906460F4615
:10011000B8F1000F1BD102460B4650465946F9F77D
:100120001BFB25A3D3E90023F9F75EF9DDE90023E2
:10013000F9F712FB02460B4620462946F9F756F915
:1001400004460D4645EC104B05B0BDE8F08F00228B
:100150001B4BDDE90201F9F7FFFA8046894632467A
:100160003B46DDE90001F9F7F7FA02460B46404647
:100170004946F9F739F952465B46F9F7EDFADDE9F8
:100180000223F9F731F906460F460BA3D3E9002302
:10019000DDE90001F9F7E0FA02460B463046394640
:1001A000F9F724F902460B4620462946F9F71CF9CF
:1001B000C6E700BFAFF30080495555555555C53FBB
:1001C0000000E03F7CD5CF5A3AD9E53DEB9C2B8A25
:1001D000E6E55A3E7DFEB157E31DC73ED561C11924
:1001E000A0012A3FA6F810111111813F0000000064
:1001F00070B555EC104BC5F30A5206462B4692B922
:1002000025F00043234339D0334B204629460022B2
:10021000F9F7A2FA314B04460D469E420FDA26A3A7
:10022000D3E900231FE040F2FF718A420BD122463E
:1002300020462946F9F7DAF804460D461EE0C1F3D8
:100240000A520B46363A324440F2FE718A420DDDC4
:10025000002D1BA1D1E9000102DA1BA1D1E90001A7
:1002600017A3D3E90023F9F777FAE5E7002A08DDB9
:1002700023F0FF4323F4E00343EA025545EC104B1F
:1002800070BD12F1350F08DA002D0BA1D1E9000184
:10029000C5DA0FA1D1E90001C1E723F0FF433632EF
:1002A000204623F4E00343EA025500220C4B294682
:1002B000D9E700BFAFF3008059F3F8C21F6EA50164
:1002C0009C7500883CE4377E9C7500883CE437FED2
:1002D00059F3F8C21F6EA58100005043B03CFFFFE8
:1002E0000000903CB0B501460225254C00AFD4E893
:1002F000EF3F012B03D1C4E8E25F002AF7D10CBF26
:10030000012000203AD11F4816F06DFF29462046F3
:1003100016F069FF00F0BCFE00F0F0FF00F04AFEAE
:100320000121194816F05FFF184816F063FF0021FD
:10033000174816F058FF16F043FF164B6C46C3E9FA
:1003400000010121144816F04EFF0E4816F035FF4B
:10035000124B88B053F820306A461149C2E90513A0
:100360004FF4007393830F4B42F8103F0E48002365
:100370004FF4E65102F09AF80120A546BD46B0BD03
:10038000A805002010540020045400201854002018
:100390001C54002018330020205400206C0B030054
:1003A000F4A5030003000001C80303002DE9F04F8A
:1003B00099B000AF044607F12400884600F038FFEA
:1003C000D7E913A9D7E90E507B6D97F85D203B6004
:1003D0007B6A24493B61BB6A9AB0FB60FB6AD7F831
:1003E00058E0BB603B6B97F85C607B601E4B002A5B
:1003F0000CBF8C469C467B6C6A46FB61BB6C396CBF
:10040000BB617B6B7B6197F85E30DFF86CB0C2E953
:100410001738C2E905B43C68144BC2E9094E3C697F
:100420005366D462FC68124B1463BC68C2E907A926
:1004300054637C68C2E91501C2E90E4CFC6916647C
:100440005464BC6994647C69C2E9134542F8103F66
:1004500000234BF2C001074802F028F86437BD467C
:10046000BDE8F08F41A603003AA603000002090B85
:1004700015000002C803030049A60300B0B504221A
:1004800004461E4B00AFD3E8EF1F022903D1C3E897
:10049000E02F0028F7D10CBF012000202CD11848F4
:1004A00016F0A8FE2146174816F09DFE164B53F88D
:1004B000245016F085FE154A6C46D2E900328CB005
:1004C000C01A61EB02016A46114BC2E90801C2E998
:1004D00005354FF4007313850E4B42F8103F00238F
:1004E0004FF453510C4801F0E1FF0B48A54603219E
:1004F0000A4A16F076FE0120BD46B0BDA8050020D0
:10050000205400201C540020580B030018330020F6
:10051000EDA6030006000001C803030010A70300B6
:1005200010B50140114816F048FECA07044612D51E
:100530000020FFF7D7FE30B1BDE8104003210C4A80
:100540000C4816F04EBE0C4AE3B20221BDE8104042
:10055000084816F044BE8B0706D50220FFF78EFF31
:1005600010B9064AE3B2F0E710BD00BFA8050020AD
:1005700048A70300C80303005DA703008FA703007B
:100580002DE9F04F83B0044600AF864816F015FE03
:10059000C6B2022E0D463AD1834816F00EFE024630
:1005A00058B10122204600F07FFD804A06461368BC
:1005B00001330F2B57D813605BE0204600F074FD29
:1005C0007A4A136801337F2B136005D90021774BDA
:1005D00077481960FFF7EAFEB5F5807F3FD1754E89
:1005E000754835684FF4007200EB452021461EF037
:1005F000CBF914230135B5FBF3F203FB12556F4A17
:1006000035601368132B2AD80133136027E00022CA
:10061000204600F049FD012ED2D1694816F0CDFDEB
:100620000028CDD000232046FA1DA9B2FB7100F0AE
:100630008BFE034640B110F1100F05D00221614A34
:10064000614816F0CCFDBBE7FB79002BB8D05E48C3
:1006500003215E4A16F0C5FD0120FFF743FE0C376B
:10066000BD46BDE8F08F0023012159481360FFF714
:100670009DFE4FF00009574BD3E8EF2F012A03D11D
:10068000C3E8E19F0029F7D12FD14A4BDFF82C8135
:100690001B68D8F8002014339B1A1422B3FBF2F124
:1006A000CA4602FB113B444BD8F80010894530D3B1
:1006B000E9468AB06A46484BD161C2E9053A4FF42F
:1006C0007A3303FB0AFA4FF47A53BAFBF3F313625B
:1006D000052342F8103F00234FF423513A4801F01C
:1006E000E5FE0023CD46C8F80030012E25D0022EAD
:1006F00045D02946204600F00FFC03460028AED026
:1007000010F1800FABD00221344A2F4816F067FD5C
:10071000A5E70BEB0900B0FBF2F102FB11004FF46F
:10072000807103EB402000F0F7FB1422224B08B944
:100730000AF1010A09F10109B6E73146284816F025
:1007400052FD16F03DFD274AE846D2E9003288B056
:10075000C01A61EB02016A46234BD161C2E9053040
:10076000042342F8103F00234FF40351164801F0D0
:100770009DFE3146C5461D48FFF718FEB9E74FF408
:1007800016731B4A0321104816F029FD0121194850
:10079000FFF70CFE2946204600F0BEFB0120FFF7C4
:1007A0006DFE5CE7A80500202054002000540020C6
:1007B000E9A703000C5400205494002008540020A2
:1007C00014540020B8A70300C8030300D6A70300F1
:1007D000EEA7030004540020F2A703008AA8030038
:1007E000185400201833002018A8030044A8030060
:1007F0004AA8030081A803002DE9F84300AF0CF0DC
:1008000055FC044678B990480CF080FC044650B979
:100810008E4800F003FC044648B103468C4A01218F
:100820008C4816F0DCFC2046BD46BDE8F88300F09D
:1008300037FD044610B10346874AF0E70121874897
:1008400016F0D1FC00F02EFB044610B10346844A9A
:10085000E5E7844800F0CEF9044610B10346824A29
:10086000DDE700F0E1F9044610B103467F4AD6E720
:1008700003217F4A774816F0B4FCE8468AB06D46FB
:100880007C4B4FF47A526B614FF416734FF00509AD
:10089000C5E906232E464FF496732B6246F8109F47
:1008A0004FF42351324623466A4801F0FFFD82B0DF
:1008B0006A46714B302153611C232820C2E906137C
:1008C00014231921C2E90803C2E90A13082342F8D4
:1008D000103F44F2C00123465E4801F0E7FDC546E3
:1008E000AD46664B4FF42F7C6B610423C5E906C30C
:1008F0000623C5F810902B624FF42351234632464D
:10090000544801F0D3FD5E4AC5460321514816F014
:1009100068FC01215B4816F066FC5B4816F06AFC37
:1009200000F0ECFC0321594A4A4816F05AFC554D98
:10093000574EDFF87C81284616F03FFCC4B2022CEB
:100940002DD116F03DFC534AD2E9003CC21A47F2C1
:10095000305361EB0C019A4271F100030DDB3D480D
:1009600021464D4A16F03DFC0320FFF787FD00218C
:1009700040F239101AF0D0FFDDE7484816F01DFCB0
:100980000028F4D142F210739A4271F10001EEDBBB
:1009900030482146424A16F022FC0420E5E7042CA8
:1009A000E5D100F0F7FA0028E1D000F0FDFA0346A7
:1009B00020B102213B4A274816F011FC304616F0C0
:1009C000FCFB58F8209016F0FBFB324A6C46D2E94B
:1009D0000032C31A314861EB020116F0EEFB8CB015
:1009E0006A46C2E908314FF40073003818BF01208D
:1009F0009385DFF8C0C02C4BC2E905C9906242F86C
:100A0000103F00234FF47351124801F04FFD0821AD
:100A1000A546284616F0E7FB1B4816F0EBFB234AD9
:100A200003210C4816F0DDFB0121284616F0DBFB04
:100A3000154816F0DFFB00F061FC0321134A05485E
:100A400016F0CFFB93E700BF21050100300B030038
:100A5000B0A80300C8030300CEA80300145400206C
:100A6000F1A803008105010015A903003AA90300BC
:100A700064A9030092A90300D0A9030034AA0300CB
:100A800062AA0300A805002020540020A2AA0300A7
:100A90001C54002018330020CEAA03001854002054
:100AA000EEAA030005AB03000700000198AB0300AA
:100AB000580B030051AB03002DE9F047ADF5027D63
:100AC0006C4600AF8CB06A46314B4FF47A5153619B
:100AD00002232020C2E906134FF48073C2E9080301
:100AE00010239362072342F8103F00234FF4635111
:100AF000284801F0DBFCDFF8B0A0A546264E274CC5
:100B0000DAE8AF1F49B9A36803221B692348984755
:100B100007F50277BD46BDE8F087A36839469B68B4
:100B200020463A1D9847034640B110F10B0FE7D01D
:100B300002211B4A174817F0B2FAE1E7D7E9008E05
:100B40004FEADE01B1F5807F07F1080C28BF4FF4B2
:100B50008071604608F1040999420AD133681BB1DB
:100B6000BEF1070F00D9984739680E481AF0C4FB48
:100B7000C6E758F8332059F83350121202EB2522F9
:100B800002EBD27252122CF8022B0133E4E700BFC1
:100B90000DAC0300E80203002454002004F9020015
:100BA0004AAC0300DC0A00202854002008B50022CB
:100BB0000C48114683681B699847034668B10A4A86
:100BC00001210A4817F06BFA0022094BD3E8EF1F06
:100BD000C3E8E02F0028F9D108BDBDE80840FFF7C1
:100BE0006BBF00BF04F902005EAC0300E802030023
:100BF0002854002070B50546084C20461AF02AFB00
:100C000048B1074B1D60A3682046BDE87040002135
:100C10001B68044A18476FF0120070BD04F9020007
:100C200024540020740B0300012210B5134B88B02C
:100C3000D3E8EF1F002903D1C3E8E02F0028F7D144
:100C400018D1002200230024CDE9062306234FF407
:100C50008052CDE90334CDE90144094B09490094A0
:100C600009480EF01BFE094907480EF0A3FD204677
:100C700008B010BD6FF07700FAE700BF28540020DD
:100C8000AD0B010090C500202033002073AC0300A1
:100C9000044B186828B1044BD3E8AF0F003818BFD5
:100CA00001207047387400203474002030B50025CE
:100CB000114B89B0D3E8EF2FC3E8E15F0029F9D1E8
:100CC0000E4C206810B106F069F825600C4D032128
:100CD0000C4A0D4803AC17F0D9F90FCD0FC42B689F
:100CE0000222236001230949009303A8084B05F061
:100CF00011FB09B030BD00BF3474002038740020EF
:100D0000900403008AAC0300F0020300900B030080
:100D1000880B030003460221014A024817F0BFB9BD
:100D20009BAC0300F00203002DE9F043314F324E3B
:100D3000ADF5037D4FF0FF324FF0FF33384601A988
:100D40000EF026F90028F5D11A24FFF7A1FF08B903
:100D5000013C1FD1FFF79CFF002841D0FFF798FF0F
:100D600090B3264B4FF00009186819F03AF8C41EEA
:100D7000012C94BF012464084FEA440802AD019A93
:100D80004A450DD8D6E8EF3F013BC6E8E23F002ACE
:100D9000D0D0F7E7002140F271201AF0BDFDD4E772
:100DA000A2EB0902A24228BF224652002946002097
:100DB00092B202F01FF84544014638B920200021C4
:100DC0001AF0AAFDA144DAE76FF07F010C4816F093
:100DD00014FA0C4A0B460C48022117F060F9D1E7CF
:100DE000074816F00AFA0221084A074817F04EF998
:100DF000C8E700BFE80B00203074002038740020E2
:100E00002C740020B5AC0300F0020300DCAC03003E
:100E100008B521B1BDE808400846FFF77BBF18F0D0
:100E200013F8044B18600321BDE80840024A034848
:100E300017F02CB938740020FDAC0300F002030059
:100E4000B0FA80F080B5114B00AF4009D3E8EF2F26
:100E5000C3E8E10F0029F9D1D3E8AF1F0C4A0D4BCD
:100E600088B0002918BF13466A460B49C2E905132A
:100E70004FF400739383094B42F8103F00234FF463
:100E8000E651074801F012FBBD4680BD34740020D6
:100E900032A603000BAD030014AD030003000001F4
:100EA000F002030030B500208FB004F073FB10BBDC
:100EB000124801F093FFF0B900220023CDE9062388
:100EC00007230F4DCDE902034FF40062CDE9000086
:100ED0000C4B0D49049009AC0C480EF0DFFC0FCD13
:100EE0000FC42B680222236001230949009309A83B
:100EF000084B05F00FFA0FB030BD00BFAC05002065
:100F000090040300290D010090D500202834002012
:100F1000900B0300880B030030B54B1EFF2B0546DA
:100F20000C46ADF5037D28D8FFF7B2FE40B34FF471
:100F30000172002101A81DF04EFD62000194124CC7
:100F4000294602A81DF020FD204616F056F9002281
:100F500001A900230D481AF032FA014648B1D4E83D
:100F6000EF3F013BC4E8E23F002AF8D1084816F001
:100F700044F908460DF5037D30BD6FF01501F8E723
:100F80006FF07F01F5E700BF30740020E80B002010
:100F90002C740020034BD3E8AF0FB0FA80F0400967
:100FA000704700BF30740020014BD3E8AF0F70478B
:100FB0002C7400200022044BD3E8EF1FC3E8E02F7D
:100FC0000028F9D1704700BF2C740020054A906AB0
:100FD0009368126943431044DB08984238BF1846AF
:100FE000704700BF3C74002008B50146FFF7EEFFD4
:100FF000884209D9084B9A6A881A06D5801010448D
:101000000128B8BF0120986208BD93F82410084158
:101010000128B8BF0120F2E73C740020F0B5074674
:1010200088B303687BB3C3696BB390F82430013B8A
:101030001D2B28D8D0E904239A4224D9D0E90223D1
:101040009A4220D9082B1ED9104E054634460FCDA2
:101050000FC40FCD0FC495E803007B6884E803003C
:10106000012B38BF01230020B3620123C6E90D33F1
:10107000C6E90F034FF08073C6E90B00C6E9110003
:10108000F0643365F0BD6FF01500FBE73C740020A1
:101090000022044BC3E91122DA64A3F8502083F83C
:1010A000522070473C7400202DE9F0415F4C80468F
:1010B00094F853300F461646002B5FD000285DD0C1
:1010C00000295BD0236B994223D04FF47A70002320
:1010D00022682163A1FB0001F8F766FE012838BFF2
:1010E0000120226AE569013A0244B2FBF0F2E263B0
:1010F000A269013D2D1802F1FF3234BFB5FBF0F5B6
:101100000125821834BFB2FBF0F301236063A563AD
:1011100023640020002108EB470238F9023B4245D6
:10112000C3FB8301F9D100233A46F8F73DFE0023C3
:101130004FF0804C984271EB0C0222D30025AE4652
:1011400053EA0C0223D1A26AE368616953430A445B
:10115000DB08934238BF1346AB428CBF002201220A
:10116000E56284F8502066BB2846FFF73DFFC4E9DE
:101170001166E66484F8516084F852600020BDE88E
:10118000F0819B0843EA8C734FEA9C0CD2E7EA1883
:101190004CEB0E0790424FEA550571EB070845EA04
:1011A000CE754FEA5E0E06D3821A104661EB070138
:1011B0005D194CEB0E0E9B0843EA8C734FEA9C0CB6
:1011C000BEE794F85160CEB9FFF700FFA8420FD2F6
:1011D000E36C226C01339342E36406D30120C4E93B
:1011E000116384F85100E664C9E700236364C5E72E
:1011F0002846E664FFF7F8FE6664BFE7A26CAB42E0
:1012000002F10102A264F0D9636C94F85210013328
:1012100063640029B2D1A16B8B42AFD3E36B9A42D6
:10122000ACD30123022084F85230A8E73C7400209C
:10123000014638B5002830D0184CE36AA56A03602F
:101240004560FFF7C3FEE36862696B431544DB0842
:10125000AB422CBFCB60CD60636C88600B61A36B2D
:101260004B61A36C8B61E36BCB61E36C0B62236C12
:101270004B62236B8B625B00CB62636B0B632368F7
:101280004B6394F8513081F8383094F8503081F83D
:10129000393094F8523081F83A3038BD3C7400202F
:1012A00038B500F023F90F4D28601AF030FD0446E0
:1012B00040B1012103460C4A0C4816F0F0FE6FF0D5
:1012C000010038BD28681AF013FD094A0346108052
:1012D000084A148005480321074A16F0E0FE20461C
:1012E000EFE700BF987400203EAD03003004030018
:1012F00056C0002054BC002063AD030000230E4AFA
:1013000070B513800D4A13600D4A13601AF0BAFBD2
:101310004FF47A74A0FB040647F61222002304FB64
:101320000161F8F741FD074D10F57A7041F10001B8
:10133000C5E9000170BD00BF54BC002094740020BA
:1013400090740020303500202DE9F74F0025DFF89C
:1013500090918846D9F80030174600901570002B00
:1013600000F0A880554E454580F0A280544BB6F859
:1013700000A0B3F800B0A8EB0504ABEB0A03A4B2DD
:101380009BB29C4228BF1C464E4B009903EB4A007F
:10139000A244620001EB45011FFA8AFA1DF0F4FA3B
:1013A0002C44D345474BA6F800A0A5B2DBD1194683
:1013B0005A46D9F800001AF06AFC7E28034606D186
:1013C00000236FF00F00338003B0BDE8F08F48B109
:1013D0003D4A3E48012116F062FE00234FF0FF30E7
:1013E0003380F1E7D9F800001AF065FC7E28044646
:1013F000E6D010B1364A0346EBE71AF043FB4FF450
:101400007A7CA0FB0C0E47F6122200230CFB01E1B4
:10141000F8F7CAFC0A46D9F800300190B3F8481032
:10142000DB6C03EB810393ED007A2A4B2A49D3E965
:1014300000C3604572EB0303D1F800A0DFF8A4C03D
:1014400006DACCF800400C6000233B7033808AE75A
:10145000DFED227AB4EEE77AF1EE10FACCBF4FF06E
:10146000010E4FF0000EDCF80030CAF3401BA3EB76
:101470000B037344032B4EEA4A0ECCF80030C1F83C
:1014800000E0E1D9CCF80040DFF85CC00C60DCE99A
:1014900000130193019B411A62EB0303B1F5966FB0
:1014A00073F10003D0DB0123CCE900023B703480F0
:1014B000002089E76FF0120086E700BF54BC0020CF
:1014C00056C0002056BC002091AD0300300403003C
:1014D000B0AD030030350020907400203333333F2B
:1014E000987400209474002038350020004870471C
:1014F000B80500202DE9F04F91B0009302F00403ED
:101500000293C2F3C2030133840705460E46DDF899
:1015100068800392059340F0BB81041D30B1072918
:1015200009D86FF01B0011B0BDE8F08F01F007067D
:101530003444C6F10806009B4FF000094FF0040A3E
:10154000591E4FF0FF334F460193CB465346CDF81B
:1015500010900DB1009820600598002800F3E880F5
:101560009848009A824203D397488242C0F0E080B4
:10157000039AA4EB050E92074FEA9E0000F1038147
:101580000F2F00F2B180002D00F0058107F140021D
:101590000DEB020C019A0CF8200C0CF8102C04989E
:1015A00001300490E7E07A285DD84B280ED8472810
:1015B00059D829282DD8252852D054D820287AD077
:1015C0002338D0F1000B4BEB000B74E04C382E2885
:1015D00049D8DFE800F0704848484848484848483B
:1015E00048484B484848484848484859484B4B5950
:1015F0005959704B6D487048184B184848827F4BBA
:1016000048484B487F0000204FF0000B4FF0040A81
:1016100038E001222A38C0B202FA00F010EA0E0FB8
:1016200049D110F0625C2FD110EA020B43D0604622
:10163000013C5444B4FBFAF40AFB04F4002D61D0DD
:10164000A3EB050CA444B4453FF66BAF002868D16A
:10165000042B47D158F8043B2360042304342AE0C8
:10166000019A013A01924FF0000B24E011F8010CAD
:101670006C2834D1002011F8023C83466C2BC5D174
:101680004FF0080A5346D3E708F1070828F0070887
:10169000073424F00704F8E802AB35B1069820447B
:1016A000B0423FF63EAFC4E900AB4FF0000B083448
:1016B0004FF0080A534611F8010F002878D0BBF10B
:1016C000000F7FF470AF2528F5D14FF0010B019B7F
:1016D000013301934FF0040AECE7584694E70020E9
:1016E0008346A5E7082B02D06FF015001BE708F131
:1016F000070828F00708B8EC027B84ED007B08237C
:101700000834D8E768B9042B02D108F10408A4E72B
:10171000082BE9D108F1070828F0070808F10808A4
:10172000EDE705980138059058F8040B009010E794
:10173000039A900720D54FF0010CA4EB050E4FEA59
:101740009E00BEF5007FCFD20F2FCDD8F5B107F1A7
:1017500040020DEB020E019AC0B20EF8200C0EF8FA
:10176000102CBCF1000F3FF41AAF60F07F000EF8B0
:10177000200C09F101090137C5F108024FF6DA7EA4
:101780000434069297E74FF0000CDAE7BCF1000F43
:1017900001D00136EFE7029A0236002AEBD1009819
:1017A000CDE90631F8F71AFBDDE906310644E2E738
:1017B000631BB3F5806F97D245B9A6F10804E01812
:1017C000B1E600BF68F702009CE00300029A9B08A4
:1017D00028602B709DF81030C2B1EB7085F8029034
:1017E000B9F1000F05D0002208A8C5F1010C9742FD
:1017F0000ED14FF0000AC5F101030DF1200801934D
:101800000DF1300B574512D1601B8CE66B70E5E78C
:1018100010F8013B190608D50CEB040EB64503F091
:101820007F033FF67EAE04F8013B0132DFE7B9F1FA
:10183000000F03D098F90020002A17DB029BD3B1D8
:101840001AF80B2004F8012B0022019B18191044F0
:10185000B0423FF666AE98F80000009904F8010B1C
:10186000204603921DF090F8039A14440AF1010AED
:1018700008F10108C6E798F8002055F822300093D7
:10188000029B009845F82230F8F7A8FA421CDCE7E2
:101890006FF00D0047E600BF2DE9F04F97B000AFA5
:1018A000D7F880B03B62CBF3C0030446894690F87A
:1018B00002A0FA62BB6141B9457800780AEB80006A
:1018C00020444D4517D8A0EB0409E378FB61BAF139
:1018D000000F02D01BF0010F16D1FB6953BBFB6A4E
:1018E0001BB1494620463A6A98474D4628465C3720
:1018F000BD46BDE8F08F461C3046F8F76FFA013060
:10190000304409F10109DCE7626823787A62FA6AF7
:101910009900796104EB8301002A40F001810E46B1
:101920004FF000084D4601EB0A094E454CD101EB42
:101930000A0610E01BF0020FD1D023789A007A61DA
:10194000626804EB83017A62FA6A002A77D14D4615
:10195000904601EB0A061BF0050F0CBF0223012382
:10196000FB62FB6906EB430A0BF00203BB625645C0
:10197000BCD016F8021B16F8013C54F82390994B82
:10198000994502D3984B994536D3BB69002B40D07B
:10199000786A15F0ABFE00283BD0E9468AB06A466B
:1019A000924B53617B6AC2E906314FF40073138492
:1019B0008F4B42F8103F00234FF412518D4800F036
:1019C00075FD023DCD46D2E716F8013BF96254F8A9
:1019D0002300F8F703FAD7F88430F96A01304BB1E5
:1019E000D7F8883098453EBFD7F8843023F81800E0
:1019F00008F10108054498E7BB6923B1786A15F03E
:101A000075FE0028C9D11BF0010F05D1FB6AED1A44
:101A1000ADE7BB6A002BAAD04846F8F7DFF9D7F844
:101A2000843053B1D7F8883098453FBFD7F8842029
:101A3000431C22F8183008F10108054497E7BAF171
:101A4000000F73D01BF0040673D0D046002607F1B8
:101A5000480052463B61B9621CF096FFB96A3B6987
:101A600001EB0A02BA62FA69F9695200FA60BA6ACD
:101A700002EB41023A610BF00202BA603A69B96ABC
:101A80008A4258D162781BF0020F18BF00217A6297
:101A900008BF4FEA5801B2181BF0010FD2B240F054
:101AA0009F801BF0040F14BF40460020BB61627092
:101AB000A070E17020463A6A7969FB6A9847051E72
:101AC000FFF614AFBB69414623707B6A3A6A6370C4
:101AD000FB6984F802A0E37007F14800FB6A9847AD
:101AE000B0F10008C0F2BA807B69A9EB0A01C91AFB
:101AF000FB683A6AC91AD7E90A0398470028C0F276
:101B0000AF804FF0000BA84408EB000507F1380A3E
:101B1000B34571D300213A6A0846FB6A9847E5E667
:101B200056464FF0000807F1380092E75646D04677
:101B300096E7B04694E7BA6A12F8021B12F8015C05
:101B4000BA6254F82500274A904202D3264A9042AE
:101B50001ED3BA6932B1786A7B6015F0C7FD7B6825
:101B600000288BD1BA6802BB08F1280207F1300CBB
:101B700008F10100944407F1580208F1020852FAF2
:101B800080F00CF8101C5FFA88F800F8105C75E71C
:101B9000BA693AB1786A7B6015F0A8FD7B680028C5
:101BA0007FF46CAF1BF0010F09D006F1280207F19A
:101BB0003000711C161806F8205CCEB25EE71BF0F0
:101BC000040F3FF45BAF08F1280207F1300008F181
:101BD000010102EB000808F8105C5FFA81F84DE79C
:101BE000002063E768F702009CE00300EDAD03000E
:101BF00004000001880303001BF80A3054F8239006
:101C000087F83730D7F884302BB3D7F888309B4526
:101C100021D2D7F8843033F81B8001213A6AFB6A5D
:101C200007F13700984700281ADB0544B8F1000F88
:101C300006D14846F8F7D2F800F101081FFA88F8F3
:101C4000414648463A6AFB6A9847002808DB054443
:101C50000BF1010B5CE74FF00008DEE7454645E677
:101C6000054643E6014B1860704700BF5006002050
:101C700030B5002587B0CDE903010446009503A9DE
:101C800005480595FBF7B0FDDDE904309842B8BF83
:101C9000255407B030BD00BF3B770200F0B50246C7
:101CA00001680A270020074E0B461C780131355D7C
:101CB0006D0701D41360F0BD07FB0043A3F13000B2
:101CC000F2E700BF1DDF03002DE9F84F15469A46E5
:101CD000D378234A6F2B12F803B081460F460BF0DE
:101CE000030B2BD026D8582B0CBF10260A26DDF864
:101CF00028803246002348463946F8F755F8092A25
:101D000008F1FF38D4B21ED83034B145E4B277F1CF
:101D1000000788F8004001D3D04511D82B789B06E6
:101D200005D5082E15D1AB7843F00803AB704046BB
:101D3000BDE8F88F03F0F703702BD5E70826D6E748
:101D400081460F46D5E7BBF1010F0CBF373457343E
:101D5000DBE7102EEBD1AB7843F01003E6E700BFD2
:101D60001DDF03002DE9F047058B04462807904648
:101D700011D4022905F0070540F0CC80204615F06B
:101D8000D9FF78B10138218B042811D8DFE800F0A1
:101D9000C2106D85950001290CBF45F0100545F076
:101DA0002005258388F31188BFF36F8FBDE8F08786
:101DB00001F0070AAA4500F0A5800027B9463E4673
:101DC000A368002B00F0BC8041F00801218388F358
:101DD0001188BFF36F8FA168002900F0BA800D68E9
:101DE000002900F0B680334652462046D1F80480E0
:101DF000C047002D76D02B6829461D46F0E701F03C
:101E000007035A1F012A1BD8002221F00701062BC5
:101E1000276889B2C4E9002209D13B4603E0628BFE
:101E2000013262831B68002BF9D141F00201204688
:101E3000218315F07FFF00287AD041F0200176E061
:101E4000042B0AD121F0070189B22046218315F025
:101E500071FF10B141F020012183218B01F0070AAD
:101E6000AA454FD00027B946AAE7236921F0070108
:101E700041F00601062DD3F8009021832DD1B9F150
:101E8000000F3FD041F00801218388F31188BFF390
:101E90006F8F20463949C84729E021F0070123699F
:101EA00041F0040189B2042DD3F804902183E6D0D7
:101EB00000274FF0040A3E4682E721F0070123691C
:101EC00041F0050189B2052DD3F808902183D6D0C1
:101ED00000274FF0050A3E4672E700274FF0060A3A
:101EE0003E466DE72B4687E7B9F1000FD1D1EFF3FE
:101EF0001188402383F31288BFF36F8F238B23F065
:101F000008032383258BEA062ED525F010032383AF
:101F100005F007056669218B002EBFF670AF002320
:101F20002768C4E9003321F0070141F00101218352
:101F3000218B4FF0000901F0070AAA457FF440AF5A
:101F4000002F9CD041F00801218388F31188BFF352
:101F50006F8F002FC8D03D68394633465246204621
:101F600015F014FF2F46F4E7AB067FF51BAF25F005
:101F70002003238305F0070500E700BFB97D0200B9
:101F80002DE9F047044607464FF00109DFF850807D
:101F900014B93846BDE8F08794FAA4F5B5FA85F58A
:101FA00009FA05F32E0108EB05156FEA030A24EA86
:101FB00003042B7B002BEBD058F806301B694BB980
:101FC0004644736804222846196807EA0A0715F090
:101FD000EDFFDDE7284698470028D9D1F0E700BF9C
:101FE0003804030030B5002289B00F490F4819F0BA
:101FF00091FD002200230024CDE906230E230C4D81
:10200000CDE903344FF440722846CDE90144094B31
:10201000094900940DF042FC084928460DF0CAFB1E
:10202000204609B030BD00BF41200100303C0020F7
:10203000203700205923010090DD0020B9AE0300B5
:1020400001480DF003B900BF480C00202DE9F0470E
:10205000804621480F4615F08DFF0646002833D0F4
:1020600000252846BDE8F087237B83B12368DB6821
:102070000BB120469847636883F8069023681B6974
:10208000D3B9636804222046196815F08FFF013622
:1020900010345445E8D3B8F1000FE2D0002DDFD062
:1020A0002846FFF76DFF0546002FF7D0002140F2CC
:1020B000391019F031FCF1E7204698470028E0D0AC
:1020C00009FA06F31D43E2E705464FF00109034C08
:1020D000DFF80CA0DDE700BFE08600203804030035
:1020E00048040300014B53F8200070474494030058
:1020F00008B5034608462BB1044A136000F070FC93
:10210000002008BD6FF01500FBE700BF540600205B
:1021100010B5044C237813B903480DF097F8012348
:10212000237010BD78C00020480C002010B5044674
:10213000094815F01FFF3CB1084BD3E8EF1F0139E8
:10214000C3E8E21F002AF8D1054819F0EFFCBDE80A
:10215000104004480DF07AB8D8860020DC860020B4
:10216000303C0020480C002000200146034BD3E8FF
:10217000EF0FC3E8E21F002AF9D17047D88600208C
:1021800070B5FFF7F1FF0546074C084EB44200D387
:1021900070BD63685B792BB123685B6813B1294616
:1021A000204698471034F1E7380403004804030040
:1021B00010B5044C0449204615F04EFC034B1C603E
:1021C00010BD00BF440A002030940300D0860020D8
:1021D00000230D4A10B513700C4A0D4913600D4AC7
:1021E0000D481360FFF784FFFFF7E2FF0B4B0C492C
:1021F00018468B4200D310BD1A1A5C6812110132C6
:1022000022711033F5E700BF79C00020D886002086
:1022100040420F00DC860020717F0200380403007A
:1022200048040300014600220023014815F035BC94
:10223000440A0020014815F0CEBC00BF440A00202B
:10224000024B0146186815F021BD00BFD086002062
:10225000014815F056BD00BF440A002070B5274B59
:102260001878002849D0FFF7E5FF0546002841D13E
:10227000234B244C1B68002B19DD19F003FC4FF491
:102280007A75A0FB050647F61222002305FB0161C3
:10229000F7F78AFDD4E90032C01A40F2E93361EB66
:1022A0000201984271F1000101D3FFF769FFD4E9FF
:1022B000003213F57A7342F10002C4E90032BDE83E
:1022C0007040FFF7C5BF63685B7923B12368294677
:1022D00020461B6898471034B442F4D32846FFF7D1
:1022E000AFFF094BD3E8EF1F0139C3E8E21F002A13
:1022F000BED0F7E7054C064EEEE770BD78C0002073
:10230000D8860020283C0020DC860020380403000A
:102310004804030070B50D4D297861B90120FFF71D
:1023200095FE0B4C0B4EB44206D3FFF797FF0028E7
:10233000FBD101232B7070BD63685B791BB12368EF
:1023400020469B6898471034EDE700BF79C0002015
:10235000380403004804030000212DE9F047084633
:10236000FFF774FE044648B340F21B684FF00009C3
:102370000DF048FD1A4B186030B11A4B1B68092B41
:1023800002DD19480CF062FF0025184FDFF858A055
:1023900044B12046FFF7F4FD044618B94FF0FF386A
:1023A0004FF0FF39FFF75AFF064628B9B5B9424644
:1023B0004B4650460CF084FF3546E9E74FF0FF38B6
:1023C0004FF0FF39D4E72B689B691BB100222846E8
:1023D000114698471035BD42F5D3E8E7044DFAE7BA
:1023E000D4860020DC860020480C0020480403002E
:1023F0003804030013B5184815F0BCFD174B1B78C3
:1024000073B1EFF31184402383F31288BFF36F8F0E
:10241000FFF724FF84F31188BFF36F8F02B010BD64
:102420000F4B1B68002BF9D050B9002200230D4838
:10243000CDE9002347F6122200230DF0F1FFEDE76E
:102440000928EBD1074819F071FB074802B0BDE835
:1024500010400CF0FBBE00BFDC86002079C00020DD
:10246000D4860020303C0020480C002010B5064BDC
:1024700004461B6898472146A060044815F08CFB71
:10248000BDE81040FFF7B6BF54060020440A002004
:10249000044A054B9B1AB1EBD30F34BF52F83100FD
:1024A00000207047E8020300380403002DE9F04FD4
:1024B0008FB0C1F34A2804AF0D469146B8607B60E7
:1024C0000C0DB8F1000F63D000264FF0040B4FF055
:1024D0000A0A07F11403C7F80C80C7E907667E6291
:1024E0000193CDF808B0CDF800A007F11C033246E7
:1024F0004846F968FFF7D0F9B0F5006F03461CD3E2
:102500006C468AB0D9F8041004AB26481A46C3E9D1
:10251000050140F2FF71D9614FF400711984224B1B
:1025200042F8103F4FF4125133462048FFF7BEFFE8
:10253000A5462C37BD46BDE8F08FC0F30A0804F16C
:102540001700184420F0070080083B60FFF76AFE80
:1025500068F35325044690B13B6800F11001C7E9C8
:10256000083607F11403F961CDE900A3CDF808B0EE
:1025700048460F4AF96807F11C03FFF78DF968F325
:1025800053252A4620467B68B96815F02FFDD0E711
:1025900004F1170020F007008008FFF743FE04460F
:1025A000EDE700BFCEAE030004000001B00303005E
:1025B000BF7F02002DE9F04F87B00446DDE9105AD5
:1025C000DDE91279934698460391BFB13B465246E6
:1025D00010210020CDF80090CDF81490FEF78AFF6E
:1025E000B0F5006F06460AD340F2FF730221174A86
:1025F000174807B0BDE8F04F15F051BD3E4605F154
:102600001700304420F007008008FFF70BFE04F0AD
:1026100007040BF0070BE40044EA8B1444EA462459
:1026200044EA0554054640B13FB13B465246314667
:10263000CDF800901030FEF75DFF43462246284655
:10264000039907B0BDE8F04F15F0D0BC0DAF030003
:10265000B0030300406820B1034BC01A40F3CF0021
:1026600070474FF0FF307047E80203000EB403B527
:1026700003AB53F8042B01460448019315F040FDC9
:1026800002B05DF804EB03B0704700BF0F81020099
:10269000CA0605D48B064CBF02490349FFF7E6BFC3
:1026A000704700BF46AF030045AF03002DE9F04F70
:1026B0008BB09A46169B9DF854B00693179B044620
:1026C0000593189B0D469046199E0493BBF1000F8D
:1026D00000F09E8006F00103089306F008030793BC
:1026E00006F48073099315F05FFC06F002090246B8
:1026F00000283BD020468F49FFF7B8FF0746B9F1C5
:10270000000F08D016F0440F32D12A4620468A49DD
:10271000FFF7ACFF0744089B53B1884B204653F8A2
:102720002B20874B8749002A08BF1A46FFF79EFFD8
:10273000099B002B48D0079B002B62D1B8F1000FFA
:1027400064D0424620468049FFF790FF0546069B2D
:102750003D44002B6BD1049B002B71D1F30700F19A
:10276000E38031462046FFF793FFD7E00746C6E7F0
:10277000764B18680028CDD0754B4FF47A791B68DA
:102780004FF03C0CB5FBF3F5B5FBF0F14FF4616392
:1027900000FB115509FB05F5B1FBF3F2B5FBF0FEAB
:1027A00003FB121100FB1E55B1FBFCF309FB05F501
:1027B000B5FBF0F50CFB131120460091CDE901E5C6
:1027C0006449FFF753FFA5E7079BEBB1624B204637
:1027D00053F82B206149FFF749FF0546B8F1000F78
:1027E00005D0424620465849FFF740FF0544BAF15C
:1027F000000FACD0524620465949FFF737FF054439
:10280000A5E74FF0000AE1E7079DE7E745469EE7A9
:10281000BAF1010F069B06D1002B65D1049B002B5A
:102820007CD000250CE0002BF8D04E485DE04E48EF
:10283000069B22464D4914F028FF049B002B69D0CB
:10284000DFF83C81DFF83C91049F3146102F204691
:1028500028BF10274FF0000AFFF71AFF554546DC46
:10286000059B494620461A78FFF700FF4FF0010A02
:102870001AF0070F03D141462046FFF7F7FE5745F0
:102880003CD9059B4946204613F80A20FFF7EEFE87
:102890000AF1010ABAF1100FEAD14FF0000A2046FE
:1028A0003349FFF7E3FE5246059B20469A5C314BC5
:1028B000995C11F0970F08BF2E222F49FFF7D6FE23
:1028C0000AF1010ABAF1100F1DD01AF0070F03D157
:1028D00041462046FFF7CAFE57455246E4D84146D6
:1028E0002046FFF7C3FEEBE71F485D46A0E74146E1
:1028F0002046FFF7BBFE0AF1010AAFE720461F4959
:10290000FFF7B4FEC4E7059B3B440593049BDB1B28
:10291000049399D1BBF1000F7FF420AF20460BB098
:10292000BDE8F04F15F0DFBB2046054A0549FFF72B
:102930009DFE16E74DAF030051AF03005494030012
:1029400048AF0300D9BB030076AF0300E886002040
:10295000E48600205AAF0300689403007AAF0300B6
:1029600080AF03003D8102000F810200018102005F
:102970008FAF03001DDF030091AF03008BAF030097
:102980008DAF030085AF030042F20F7373B58B4226
:1029900028BF0B4605680446052168460D4A14F019
:1029A000EDFE0646636828460B225B680A4915F06F
:1029B0008CFB63683246694628465B6815F085FBE8
:1029C00063681B2228465B68044915F07EFB02B051
:1029D00070BD00BFFED70300B0AF030094AF03008B
:1029E00000210123064A904206D8064A01B9012374
:1029F0001360054B18607047012140085B00F2E747
:102A000040420F00E4860020E8860020F8B50D461D
:102A10000446064F4618B44201D12846F8BD14F8C2
:102A2000011BBB6801485B689847F4E7CCF80200DB
:102A3000014B036000207047B094030010B5B9B19A
:102A400090F93D20002A05DA0A4815F0A1FC6FF044
:102A5000C90010BD182303FB020402FB0333184412
:102A60008388228AE0685343A28A5A431BF08CFF72
:102A70000020EEE7FFAF03002DE9F04F2DED028BB4
:102A8000800017280C4683B042D9002940D08B7DA6
:102A9000CBB9B1F80E8008F00108237D4FF0000992
:102AA000D4E90057042B08BF0026DFED468A1EBF7D
:102AB000E689764206F00306228A1FFA89F39A42D3
:102AC00078D8002026E04FF00008E6E7B5F900309E
:102AD00007EE903AF8EEE77A68EEE77A17EE900A9A
:102AE000F6F7E2FD41EC100BFCF7E6FA51EC100BA7
:102AF000F7F70AF907EE100A37EE087A217DC8EEDB
:102B0000077A01290BD004294FD02F4815F040FC3B
:102B10004FF0FF3003B0BDEC028BBDE8F08F9FEDAE
:102B20002B7A67EE877A17EE900AF6F7BDFD41EC37
:102B3000100B13F085F851EC100BF7F7E5F89FED4B
:102B4000247A07EE900A77EEC77A9FED227AF4EEA8
:102B5000C77AF1EE10FA23DC9FED1F7AF4EEC77A04
:102B6000F1EE10FA1ED4FDEEE77ACDED017A9DF973
:102B7000043007F8013B02350BF1010BE2891FFA23
:102B80008BF39A42A2D805EB480537440AF1010AB3
:102B9000A2891FFA8AF39A4211D94FF0000BEDE790
:102BA0007F23E6E76FF07F03E3E7FEEEC17AE7EC11
:102BB000017AE0E74FF0000AB7EE008AE8E709F192
:102BC000010979E70000803926B003000000804346
:102BD000000000430000FE42000000C31FB50023B8
:102BE00001930393012369460548029315F005F903
:102BF000029B9B07FCD1039B05B05DF804FB00BF63
:102C00003087002008B50A4A0121D2F8003400209C
:102C100043F00103C2F8003415F023FD054B064ACA
:102C20001860D2F8183543F02003C2F8183508BDF3
:102C3000006005502C87002000E00450054A002168
:102C4000D2F8003423F00103C2F80034024B1868B4
:102C500001F074BA006005502C8700204FF0FF325D
:102C60004FF0FF3301480CF02BBB00BF300C0020AD
:102C700001480CF0EBBA00BF300C002001480CF00A
:102C8000B7BC00BF1C87002038B50DF0BBF80C4D59
:102C900004462B68834210D02B6823B1094BD3F82C
:102CA0000831834209D0FFF799FF4FF0FF324FF010
:102CB000FF3305480CF004FB2C60012038BD00BF39
:102CC0001887002070510020180C002008B50A4811
:102CD00015F0EAF81CF0BFFB084B38B1084AD2F8EF
:102CE00008211A60BDE808401CF0CDBB18600548FB
:102CF000BDE808400CF0AABA3087002018870020F1
:102D000070510020180C0020002208B5044B054823
:102D10001A6015F0C9F8BDE8084003480CF096BAEF
:102D20001887002030870020180C002010B51049AB
:102D3000104815F04FF8002816DB0F490F4818F01F
:102D400087FCFFF75FFF0E481CF077F9044648B98F
:102D500002460121562000F06BFC562000F046FC94
:102D6000FFF76CFF204610BD4FF0FF34FAE700BFBD
:102D7000B094030030870020558302001C87002098
:102D80000060055008B5044814F0EBFC034814F04B
:102D9000E8FC002008BD00BF52B0030090B0030063
:102DA000034B9B681BB1481E18BF01201847704792
:102DB0004C87002010B51C46034B11461B680BB115
:102DC00022469847204610BD4C870020024B5B6886
:102DD00003B11847704700BF4C87002030B1044B47
:102DE00002681A6042685A6082689A6000207047E0
:102DF0004C87002070B50E461546044686B000216B
:102E0000182268461BF0E7FD0B490C4BCDE9011673
:102E1000ADF80C5004932CB96946204606F0C8FE64
:102E200006B070BD0122204606F06EFC0028F3D1EA
:102E30006FF01500F4E700BFE4940300CD2D01000E
:102E400008B50348034A0021121A15F0BBFA08BD61
:102E5000E00D00208CC50020074808B5074A084946
:102E6000121A15F0B1FABDE808400648064A0749AB
:102E7000121A15F0A9BA00BF60000020DC0D002076
:102E80009CE0030060000020600000209CE0030044
:102E90002DE9F84F80460C4600AF002965D0D1E9F6
:102EA0000012E9468AB0A3686D464FF0050A2E4627
:102EB0003748C5E90723C5E9050146F810AF0023E7
:102EC00032464FF421513348FFF7F0FAD4E90312A8
:102ED000CD466369AD463048C5E90723C5E905011C
:102EE000C5F810A0002332464FF421512948FFF7BE
:102EF000DDFACD46E3690121284A264815F0CFF8CE
:102F0000264600254FF00A0ADFF8A0B0E946D6E9C8
:102F100008E0D6E90A138EB06A46C2F81CE005F153
:102F2000010EC2E908E0A81CC2E90A01E91CC2E9D5
:102F300005B5C2E90C1342F810AF002345F2400179
:102F400014480435FFF7B2FA102DCD4606F11006ED
:102F5000DCD1236E0121124A0E4815F0A0F8A369B6
:102F60000121104A0B4815F09AF8B8F1010F07D16A
:102F7000EFF305830C4A41460648103B15F08FF8E5
:102F8000214640460BF0B4FDBD46BDE8F88F00BFBA
:102F90001AB103000004030049B1030078B1030033
:102FA000CAB10300D9B1030007B2030087B103001F
:102FB00030BFFFF7FDBF00BF054B9A699B689A427F
:102FC0001FBF044A536843F080535360704700BFEB
:102FD0004C8C002000ED00E070B52A4C06460D46F2
:102FE00029482A4915F0FDF9A36ADB0647D526488A
:102FF000274915F0F6F91120A36A1C0704D52248C9
:10300000244915F0EEF912201E4CA36A990712D537
:1030100021491D4815F0E5F9636BA26A120609D52E
:1030200001211E4A184815F03AF81EB1A36A23F090
:103030008003A3621320134CA36ADE0704D5124851
:10304000174915F0CEF91420A36A9C0604D50E4842
:10305000144915F0C6F915200A4B9A6AD10658BFD3
:103060009A6A9A6A920642BF5A6A22F400525A62D7
:103070009A6A42F0FF029A6200232B7070BD102002
:10308000BAE700BF00ED00E0000403001AB203003D
:1030900030B2030063B2030076B203008EB20300C5
:1030A000A4B20300C3B2030010B5244C2449254840
:1030B00015F097F9A36A99013ED52248224915F0E7
:1030C00090F91E20A36ADA0104D51E481F4915F0A5
:1030D00088F91F20194CA36ADB0204D519481C4942
:1030E00015F07FF90220A36A1C0304D5154819497D
:1030F00015F077F92120114CA36A590304D5114822
:10310000154915F06EF92220A36A9A0304D50D48DB
:10311000124915F066F92320084CA36ADB0304D595
:1031200008480F4915F05DF92420A36A6FEA0343AC
:103130006FEA1343A36210BD1D20C3E700ED00E05A
:10314000F2B20300000403000AB303001DB303003E
:1031500037B3030061B303007FB30300A4B30300DC
:10316000BEB3030070B5294C06460D4628482949D0
:1031700015F037F9A36AD9043CD52548264915F03E
:1031800030F91720A36A1A0504D52148234915F000
:1031900028F918201D4CA36A9B0512D51C4820490C
:1031A00015F01FF9A36BA26A100409D501211D4A6D
:1031B000174814F074FF1EB1A36A23F40043A362FE
:1031C0001920124CA36A590504D51148164915F067
:1031D00008F91A20A36ADA050ED50D48134915F02F
:1031E00000F91B20094A936A43F47F43936200234A
:1031F0002B7070BD1620C5E7A36A9B04F2D5044866
:103200000B4915F0EEF81C20ECE700BF00ED00E0E4
:1032100000040300E9B30300FFB3030063B203003B
:1032200010B4030029B403003EB4030059B40300F2
:10323000C3B203002DE9F0419CB0624B0546D3F8C0
:103240000480002600AFC8F3080486F31188BFF39A
:103250006F8F02F07F43B3F17F4F07D102F00C0371
:10326000082B12D15849594815F0BBF800263546AD
:103270000023FB71E31E092B00F28380DFE803F0DB
:103280000A797C7581818181817F10074CBF0D4651
:103290000126EDE74E494D4815F0A3F80023494CAF
:1032A000FB71E36A9A0705D54A49484815F099F831
:1032B000002431E0E36A002B01DA4749F5E7E36ACD
:1032C0005B00F5D54549414815F08BF86369AA695B
:1032D00043F480736361BFF34F8FBFF36F8F6369F4
:1032E00032F8022C23F480736361BFF34F8FBFF376
:1032F0006F8F4DF602739A4207D0A36ADBB23BB3DD
:103300000120F91DFFF768FE31E02B680121344AE6
:103310002E4814F0C4FE2C68FB79ABB9682229460C
:1033200007F108001BF030FB7B6A002E45D0C3F389
:10333000080222B96FEA53236FEA43237B622046D7
:1033400007F10801FFF7A4FD7037BD46BDE8F08125
:10335000A36A13F47F4F04D00120F91DFFF702FF89
:1033600005E0A36AB3F5803FA2D3FFF79DFE0446B4
:10337000D2E70020F91DC5E70020F91DEEE7194945
:1033800093E7194A18F4F87FE8468AB0174B18BF3C
:1033900013466A461649103CC2E905134FF4007300
:1033A0001384144BD46142F8103F00234FF41151A1
:1033B0000648FFF77BF8C5467AE723F4FF7323F04E
:1033C0000103BBE700ED00E09FB40300000403002D
:1033D000CAB40300E1B4030002B5030010B5030052
:1033E0002FB503004BB5030086B4030071B403008E
:1033F0006FB5030004000001064B5A6942F0100249
:103400005A615A6942F480625A615A6922F008028C
:103410005A61704700ED00E0EFF30880EFF3098197
:1034200001B57246FFF706FF01BD00BF002080F323
:103430001488BFF36F8F002080F30A8880F30B8815
:10344000104880F3088800200F4908700AF0F6FC45
:1034500000200E490860BFF34F8F00F02DF8402088
:1034600080F311880A484FF40061401880F30988FE
:10347000EFF314800221084380F31488BFF36F8FA9
:1034800000F0FEF8381701200FC5002094ED00E091
:10349000F8FD0020002318460649D1F89020C2F319
:1034A0000722934200DB7047C1F89830C1F8A000B2
:1034B0000133F6E700ED00E010B572B6002484F3A6
:1034C0001388FFF7E7FF23464FF0FF300C4A03F164
:1034D00020010133102B42F82100F8D100234FF0D6
:1034E000FF30074A03F160010133102B42F821003D
:1034F000F8D162B6BFF34F8FBFF36F8F10BD00BF1F
:1035000000E100E0084B9B6883420BD1EFF3058399
:1035100043B1064B5A6842F080525A605A6A22F40C
:1035200000425A620CF074BC4C8C002000ED00E0AC
:1035300023498A6882F805E14FF030001044EFF328
:10354000098C80E8F01F1EF0100F03D102F1C400B7
:1035500080EC108A402080F31288BFF36F8F194FE0
:103560004FF000668A698A603E6092F905E1D2F800
:10357000BC000023C2F8BC3080F311881EF0100F8D
:1035800003D00023E1EE103A03E002F1C40090EC16
:10359000108AEFF3148323F0040383F31488BFF33A
:1035A0006F8F02F1300090E8F01F8CF3098802F170
:1035B000000004B514F01DFFBDE804407047000092
:1035C0004C8C002004ED00E01EF0040F0CBFEFF364
:1035D0000880EFF30980816911F8021C0229FFD0ED
:1035E00001B5724614F0F2FE01BD00BF00B2002822
:1035F00007DB01234109034A00F01F00834042F822
:103600002130704700E100E000B200280CDB01220D
:103610000649430900F01F008240203341F823206F
:10362000BFF34F8FBFF36F8F704700BF00E100E023
:10363000D30748BF002100B258BF02310028ACBFF9
:1036400000F16040064A4FEA4113DBB2ABBF00F520
:10365000614000F00F0080F800331354704700BF42
:1036600014ED00E0044B054A23F07F039360BFF3A1
:103670004F8FBFF36F8F70470000000000ED00E038
:1036800008B5FFF7EFFF104BD3F8882022F4700243
:10369000C3F88820D3F8882042F4A002C3F8882019
:1036A0004FF04042C3F83422BFF34F8FBFF36F8F08
:1036B0000023E1EE103AFFF7C3FBFFF7CDFB00F06C
:1036C00077F80BF039FB00BF00ED00E04FF47D41CF
:1036D000C0F8041142F8203C009B0B4942F81C3C06
:1036E000019B21F0010142F8183C029B42F8081CA2
:1036F00042F8143C4FF0807342F8043C0023203A17
:103700000265C0F8BC30704797770200104B9B6889
:1037100083421AD1EFF30580B8B9EFF3118140224B
:1037200082F31288BFF36F8F1A7B22F002021A73A2
:10373000EFF3148323F0040383F31488BFF36F8F34
:1037400081F31188BFF36F8F70476FF015007047DA
:103750004C8C00200E461546002300B5E1EE103AD1
:10376000EFF3148323F0040383F31488BFF36F8F04
:10377000BFF36F8F0A4B9860D0F8AC3083F30B889F
:103780002C4686F309880020034B984720460021E9
:1037900000220023014C2047018402009777020099
:1037A0004C8C00201022014B1A61704700ED00E0A4
:1037B000002340210448C2180133B3F5917F82F8F9
:1037C0000013F8D1704700BF00E100E008B5EFF347
:1037D0000583064A103B02EBC30152F833004968E7
:1037E0008847BDE80840FFF7E7BB00BF20F90200AB
:1037F0001FB5094C094A23460121094800F012F976
:1038000000230393074B0121E41A01A801930294BA
:1038100000F012F904B010BD00FC072000000020E9
:1038200034950300E00D002010B50C7A0B6804F00D
:103830001F0223F01F031A43CB68640923F01F0300
:10384000054943EA440343F00103C1F89800C1F875
:103850009C20C1F8A03010BD00ED00E010B50A4B6F
:10386000D3F89030C3F30723013B984208D90121D4
:103870000346064A064814F012FC6FF0150010BD0E
:10388000FFF7D2FFFBE700BF00ED00E086B50300C5
:10389000E00303002DE9F04F8946144606464FF039
:1038A0000008514D85B0C84527DAD6F804A0BAF112
:1038B000000F44D0BAF11F0F17D91AF01F0F14D1FF
:1038C000D6F800B01BF01F0F0FD1584614F0BBFD07
:1038D00007460AEB0B00013814F0B5FD874210D003
:1038E0006FF01507414A3B4601E04346404A01213B
:1038F000404814F0D4FB6FF01504204605B0BDE835
:10390000F08F17F1160FEDD0BC42EBDDC5F89870C3
:10391000D5F89C10C5F89870D5F8A03021F01F019B
:1039200043F01F0BD6E900321A44994202F1FF3AE4
:103930001DD1D34507D13146F8B214F08DFD08F101
:1039400001080C36AFE73146C5F89870D5F89C30C1
:1039500022F01F0203F01F031343C5F89C30E0B2AE
:1039600014F07AFD10F1160FC5D0441CE7E7C5F836
:103970009870D5F8A020013B23F01F0302F01F022E
:103980001343D3453146E0B2C5F8A030E8D014F077
:1039900063FD10F1160FAED0C5F89870D5F89C20D5
:1039A0009DF808300BF1FF3B62F304038DF80830FB
:1039B000D5F8A0309DF808205B0863F347128DF816
:1039C0000820D6E900321344009323F01F035B4420
:1039D000A3EB0A03013023F01F036946C0B203932F
:1039E000FFF73CFFBEE700BF00ED00E0CFB50300EE
:1039F000ACB50300E00303000522044BC3F8942098
:103A0000BFF34F8FBFF36F8F704700BF00ED00E033
:103A1000BFF35F8F0022024BC3F89420704700BFB2
:103A200000ED00E010B5034C2278FFF733FF207063
:103A300010BD00BF7BC000202DE9F74F294D8A46FD
:103A400006464FF00008AB46274FD0451BDAD6F8A4
:103A50000490B9F1000F3FD031680846019114F08D
:103A6000F2FC0199044609EB0100013814F0EBFC6B
:103A700084424FF014021D4B08D002FB08F36FF094
:103A800015024BF8032003B0BDE8F08F14F1160FB8
:103A90002C60F8D01978A142F5DD02FB08B0C7F818
:103AA0009840C7F89840D7F89C4000F10801007B87
:103AB00064F304000871D7F8A0000C79400860F3A3
:103AC00047140C71D7F89C1021F01F016960D7F8DA
:103AD000A01021F01F01296108F1010814350C36EE
:103AE000B3E700BF5887002000ED00E07BC0002056
:103AF000F0B55249524CD1F890302568C3F30723F2
:103B00009D4287B000F296800020FFF781FF4D4B69
:103B1000C1F8C030854216D14B4C01A82570FEF784
:103B200087FF00250646494FAE4213D10020237877
:103B30004249D1F89020C2F30722934274DBFFF789
:103B40005BFF002043E0616801EB0011FFF76CFEB2
:103B50000130DFE70199280101EB0513DA683A40EB
:103B6000B2F5800F42D007D8B2F5801F15D0B2F55C
:103B7000001F2ED00135D7E7B2F1006F43D0B2F16C
:103B8000805FF7D15A689B680958013B22F01F00FB
:103B9000034423F01F03012032E05A689B68095850
:103BA000013B22F01F0003440120844623F01F0341
:103BB00040EA4C10CDE902218DF8100002A92078CE
:103BC0000593FFF74BFE00282ADA6FF0150007B0C7
:103BD000F0BD5A689B680958013B22F01F0003445E
:103BE0004FF0020C012023F01F03E1E75A689B68A5
:103BF0000958013B22F01F000344062023F01F0355
:103C00004FF0000CD4E75A689B680958013B22F03A
:103C10001F0003444FF0030C012023F01F03C7E7EC
:103C2000237801332370A5E7C1F89830C1F8A000CC
:103C300001337EE74FF0FF30C9E700BF00ED00E041
:103C400040950300AAFF44007BC000200000F0FF65
:103C5000014B1860704700BF98060020F8B5064673
:103C60000D460024064FAC4208DA3B6898470A2804
:103C7000305504F1010401D00D28F4D12046F8BDDF
:103C800094060020F8B50D46094F461EC0F1010408
:103C9000A3199D4201DC2846F8BD73780A2B02D196
:103CA0000D203B6898473B6816F8010F9847EFE7EF
:103CB0009806002008B505210148FFF7E3FFFEE75D
:103CC00001B6030010B5064C06492368C218064821
:103CD000091A8A4236BF22604FF0FF30C01810BD6B
:103CE0006C87002000FC0720247A012008B50548D5
:103CF00013F037FD002383F31188BFF36F8F042384
:103D0000184602DF07B6030070B541690446867A9B
:103D10000A4D59B1437ADB0706D42C2303FB065323
:103D20005B6A1B689B689847002363612C202146CF
:103D300006FB0050BDE8704017F0F8BBA80C00204F
:103D40002C22024B02FB0030704700BFA80C002061
:103D50002C21827A054B01FB02339A6A1B7F801A61
:103D60001B3323F00303B0FBF3F07047A80C0020D3
:103D700038B52C24827A064B04FB02335B6AD3E904
:103D800001240C601568FFF7E3FF04FB005038BD09
:103D9000A80C00202DE9F04385B005466846904602
:103DA0001C46039117F070FEDDE90067EFF31189FF
:103DB000402383F31288BFF36F8F6B8B002B41D0AE
:103DC0002A8B9A4225D90022002328460BF00CFAB0
:103DD0000446F0B189F31188BFF36F8F039B002B6A
:103DE00041D032463B46684617F073FE2C21A27A3A
:103DF000254B204601FB02335B6A03A91B681D6843
:103E0000DDE90023A847606170BB2046FFF77CFF17
:103E100024E0698B4B1E6B8389F31188BFF36F8F8E
:103E20002B7F2A8BAC6A1B3323F00303521A02FB4D
:103E30000344154B154AEB1A9B105343A3722B7F77
:103E4000E372CBE789F31188BFF36F8F23464246B5
:103E500028460BF0C9F904460028BFD100242046AB
:103E600005B0BDE8F0836361012300252381039B36
:103E700029466382E27A656004F118001AF0ABFD0E
:103E800063692582E360EAE7A80C0020A38B2EBAC1
:103E900070B52C250C4C00B970BD037A4668002B18
:103EA000FAD0013BDBB20372002BF5D1C360436053
:103EB000837A05FB03431B6A13B198473046EAE750
:103EC000FFF722FFFAE700BFA80C002008B5234A3D
:103ED000234B1A6007F0E4FB4FF47A612148D0F8D5
:103EE0002436C3F30802C3F309434B4382F48072C0
:103EF0001D49883201FB02334FF4FA215B00B3FB0A
:103F0000F1F201FB12331949B3F57A3F28BF0132B0
:103F1000C1F80429D0F820364FF47A60C3F30802C0
:103F2000C3F30943434342F21C5082F4807202F20D
:103F3000172200FB02334FF47A701B0AB3FBF0F236
:103F400000FB1233B3F5FA7F4FF0010328BF0132B3
:103F5000C1F81C27C1F80036002008BD0020A107C9
:103F60003409002000C0FF00F82A00800000125031
:103F700048B1054B054A1B68B3FBF2F35843044BA9
:103F800043F00103184770473409002040420F00F6
:103F9000A00A030010B50AF0CFF8204C20600AF008
:103FA000C7F860600AF0CCF84FF6F571A060002009
:103FB0000AF0CAF801201A490AF0C6F84FF6FE7155
:103FC00002200AF0C1F80F2103200AF0BDF840F6E4
:103FD000FF7104200AF0B8F84FF6FF7105200AF0CF
:103FE000B3F8FF2106200AF0AFF80F2107200AF0EE
:103FF000ABF8032100200AF0AFF83F2101200AF0BE
:10400000ABF83F2102200AF0A7F8032108460AF086
:10401000A3F8204609F088FF002010BD708700201B
:1040200000F0FF00F8B515461A46EFF3108472B69B
:104030001E4E33680AB90E2823D91BB393FAA3F591
:104040000127B5FA85F5AF4023EA0703336092B143
:104050000F384FEA051341F1FF3103F1A04303F597
:104060006223C1F31301C3F82005C3F8241584F3B8
:1040700010882846F8BDA0F10F01E8B20AF02EFC26
:10408000F5E703B97DB10A490A6842B90948D0F891
:10409000183523F0030343F00103C0F8183501324B
:1040A00020250A60E3E76FF05705E0E77C870020F2
:1040B0008087002000E004507FB508F0D7FD00287D
:1040C0004FF00103184C0DDB22688340134323603B
:1040D000012215462468154E64B9039809F0E2FFE1
:1040E000204619E002210093114A0023114813F0E1
:1040F000E0FFEDE794FAA4F3B3FA83F30E4805FA70
:1041000003F19B0024EA010418443AB1314603AAA2
:1041100016F004FE002804DA04B070BD039916F00E
:10412000EBFD0022D8E700BF7C87002000E00450B0
:104130002BB603001004030000210E50202815D0D8
:1041400041B10022C3B21B0103F1A04303F5622376
:10415000C3F82C2501230E4A8340D2E8EF0F184301
:10416000C2E8E10F0029F8D100207047EFF3108179
:1041700072B6084A1368013B136033B9064AD2F895
:10418000183523F00303C2F8183581F31088EBE7E4
:104190007C8700208087002000E004500E4B4029DF
:1041A00028BF402170B51D460C4C4618B04203F1A3
:1041B000020304D1002305F81130074870BD0278CE
:1041C0001209A25C03F8022C10F8012B02F00F0276
:1041D000A25C03F8012CE9E79AC00020C0B60300F6
:1041E00030B503788BB0044607AD032B21D8DFE848
:1041F00003F0021A1C1E124928461AF0C2FC05954B
:1042000063781E210493A3780E4A0393E3780E4843
:1042100002932379019363790093A37913F0AEFAA3
:1042200009480BB030BD0949E6E70949E4E7094907
:10423000E2E70A212846084A13F0A0FADFE700BFA8
:104240007BB603009DB603007CC0002082B603004D
:1042500089B6030093B6030038D4030030B50024B8
:104260000A4D0B4B87B028460393CDE9044417F061
:1042700036FA03AB2846009340F638020A23054974
:104280000BF0BCF9204607B030BD00BF683C0020F1
:10429000D8B6030090E00020014601480BF0EEB9CB
:1042A000683C00200146014817F0EEB9683C002048
:1042B000037830B5012B13D0022B27D07BB90A46E7
:1042C000184B03F1100453F8045BA34242F8045B5B
:1042D000F9D11B78137043884B731B0A8B7330BD65
:1042E0000A46104B03F1100453F8045BA34242F852
:1042F000045BF9D11B7813704368C3F307224B7337
:104300001B0CCB731B0A8A730B74E8E700F11003D4
:1043100050F8042B984241F8042BF9D103780B7024
:10432000DDE700BFE1B6030010B514F041FA17F065
:1043300039FA0B4C18B1D4E8AF3F63B910BD0BF09C
:104340006DFCD4E8AF3F1BB9BDE810400BF07ABC60
:104350000A209847F8E70A20BDE81040184700BF38
:104360008487002038B50446084814F0C6F805468E
:1043700048B1631EDBB21F2B96BF054A0021D15CFA
:104380000C3014F029F9284638BD00BF840D0020F8
:10439000F2B60300034BD3E8EF2FC3E8E10F002987
:1043A000F9D17047848700200F2810B50CD80D284C
:1043B0000CD90A4814F0A1F8044618B104210C30B5
:1043C00014F00AF9204610BD1328F2D009B10448B0
:1043D000F0E70220BDE81040FFF7C4BFB00D002099
:1043E000000D0020C36802211B78024A024814F025
:1043F00067BA00BF21B703003803030070B5C66871
:104400003378B6F8014083B90F21204602F0ECFD65
:10441000F378054650B90A4A118831B96FEA045059
:104420006FEA10501080074A137070BD03730121AA
:1044300002F0F0FC2846BDE8704002F0AFBC00BFBF
:1044400058C000201BC1002070B5C3681D78BDB9DD
:10445000B3F801600F21304602F0C6FD044638B9BA
:104460003346BDE870400121064A074814F028BAD7
:10447000294602F0CFFC2046BDE8704002F08EBC19
:1044800070BD00BF49B703003803030010B5C3680F
:104490000121B3F80140204602F0A6FD38B92346B9
:1044A000BDE810400121044A044814F009BABDE8EF
:1044B000104002F073BC00BF6FB703003803030065
:1044C00010B5C36801211C88204602F08DFD38B963
:1044D0002346BDE810400121034A044814F0F0B916
:1044E000BDE8104002F05ABC6FB703003803030068
:1044F000012110B50C3014F090F8BDE8104003789D
:104500000121024A024814F0DBB900BF93B703004F
:1045100038030300014610B5084813F0F2FF0849BC
:10452000084817F0B1F8031E06DABDE81040012173
:10453000054A064814F0C4B910BD00BFC4040020E9
:1045400014080020B83E0020B5B70300380303006C
:1045500010B50024084B86B0039303AB00934FF4CF
:1045600080624FF0FF3305490548CDE904440BF064
:1045700045F8204606B010BDD2B70300C8E80020B9
:10458000903D002010B5084C0146062294F86F00BB
:1045900003F086F838B994F86F000522BDE81040A2
:1045A000024903F07DB810BD7803002061B6030016
:1045B0000121024A024814F081B900BFE2B70300AA
:1045C000380303000B46B0B50D8A00AF04462946F8
:1045D000D868FFF7E3FD8AB06A46094BC2E9075085
:1045E000C2E9053440F202439384064B4FF4325142
:1045F000054842F8103F14F070F9BD46B0BD00BF49
:10460000FCB70300050000013803030070B5C5685E
:104610000121B5F80160304602F0E6FC044638B9E5
:104620003346BDE8704001210B4A0C4814F048B9EC
:104630002B783BB9D5F80330C0F89930D5F807305E
:10464000C0F89D30201D4FF4803114F03BF9204616
:10465000BDE8704002F0A2BB6FB70300380303004F
:104660002DE9F04F83B00123D0F80C80018A98F82F
:10467000004000AF03EB84038B425ED96D468AB0E5
:104680006A46C2E9073105232E484FF42151C2E999
:1046900005042D4842F8103F14F01FF9AD460C37C1
:1046A000BD46BDE8F08F4B460121284A264814F04C
:1046B00007F9013598F800309D42F0DA08EB8503E0
:1046C000B3F801900F214846B3F8036002F08CFC68
:1046D00004460028E7D000F1C00936B1636943B948
:1046E0005A460121184814F0E9F8204602F056FB1A
:1046F000DFE7A1691A688B422046626108BFA261A8
:104700007B6002F077FA0AF0A1FD7B68C3F800A095
:10471000226A7AB9C4E90733D9E8EF3F013BC9E817
:10472000E23F002AF8D100212046013E02F06EFA55
:10473000B6B2D2E713602362EEE70025DFF810B0CF
:10474000AA46B7E71EB803003803030049B80300C0
:1047500065B8030037B50446084602EBC3039A4226
:1047600002D16FF05E0010E0114611F8085BA5421F
:1047700011D1038A5178994209D908480121084A80
:10478000009413F096FC6FF0150003B030BD536831
:1047900098470020F9E70A46E1E700BF3803030025
:1047A0007CB803002DE9F8430C460BF037FAE168BA
:1047B000238A0A78022A71D0042A0BD013460121D9
:1047C0003B4A3C4814F07CF82046FFF761FB6FF051
:1047D00015040AE0022B0DD8374A3648012114F09F
:1047E0006FF82046FFF754FB00240BF02BFA20460D
:1047F000BDE8F88348783E280AD1032B01D12F4A1F
:10480000EBE7CB78012B01D00A2B47D1032604E03C
:1048100014F042F80646F0073ED504F10C05284690
:1048200013F013FF012107462846B4F8109013F047
:10483000ECFE0221284613F0F0FE804600783E2868
:1048400016D1E3681B78012B2CD00A2B2AD0022525
:1048500041F270131A4A1B491B4812F0ECFF002367
:1048600083F31188BFF36F8F0323184602DF04E040
:1048700014F012F8C1070546EAD5144A062321466A
:1048800098F8000014F060F8AA070DD56369A4F841
:10489000109013FA87F7E760B307A5D52046FFF716
:1048A00039FEA1E70325E8E72046FFF7F1FAF3E731
:1048B00044B90300380303009EB80300BAB80300EC
:1048C000DAB803000EB9030027B90300EC95030022
:1048D00010B5012104460C3013F09FFE2146BDE8BF
:1048E00010400223014A007814F02EB81C960300F1
:1048F00073B53E4813F01AFE0446002873D000F149
:104900000C05284613F091FE0228034603D0042824
:1049100047D0374A03E0238A032B05D8354A0121C3
:10492000354813F0CDFF13E00421284613F075FE3F
:10493000FF23428806882376238AC6F30B009A4217
:10494000608309D0012100922B482C4A13F0B1FB5F
:104950002046FFF79DFA12E00F2102F045FB0546C5
:1049600010B9638B264ADAE702F064FB2146207611
:10497000320B284602F098F9284602F00FFA214B34
:10498000D3F84C317BB32049204816F07DFE031E3E
:1049900029DA01211E4A184802B0BDE8704013F020
:1049A0008FBF2846022113F038FE054600783E28C6
:1049B00012D013F071FF10F002060DD140F6AE4395
:1049C000144A1549154812F036FF86F31188BFF3D3
:1049D0006F8F0323184602DF06232146104A2878EA
:1049E00013F0B2FFB4E702B070BD00BFC4040020F2
:1049F000EDB9030058B903003803030079B9030087
:104A00009DB903007803002014080020B83E002060
:104A1000B5B70300DAB80300BFB9030027B9030034
:104A20002C96030010B5012104460C3013F0F5FD5F
:104A30002146BDE810400823014A007813F084BFE6
:104A40005C960300F8B50121044600AF0C3013F06A
:104A5000E4FD0678002321463046104AFFF77AFE2F
:104A60005F3018D1258AE0682946FFF797FB6C462E
:104A70008AB06A460A4BC2E90750C2E9053640F2DD
:104A800002439384074B4FF43251074842F8103FDA
:104A900013F023FFA546BD46F8BD00BF9C9603005A
:104AA00001BA030005000001380303002DE9F74FA8
:104AB0000023804689461746DFF814A1DAE8EF4F55
:104AC000CAE8E23F002AF9D1264644B9434601210B
:104AD0003B4A3C4803B0BDE8F04F13F0F1BE20461E
:104AE000FFF736F94FF00C0B374D0BFB00504388A6
:104AF00043451BD02046FFF72BF90BFB00504388A2
:104B000001210093314A43462E4813F0D2FADAE8E5
:104B1000EF3FCAE8E26F002AF9D1002B4DD01E46C4
:104B2000304603B0BDE8F04FFFF7B2B9A74208D056
:104B3000204613F0DDFC3A8AF96804F10C0013F00A
:104B400042FD2046FFF704F90C2707FB005043689D
:104B5000ABB1B9F1000F12D12046FFF7F9F80121EE
:104B600007FB00504268D2E90003127A03F01F07E6
:104B7000B9405B09DAB100EB830013F0A3FE2046D5
:104B8000FFF7E6F80C2707FB00508368002BC7D01F
:104B90002046FFF7DDF8784305F800902046FFF740
:104BA000D7F807FB0055A8680AF050FBB8E7C943DF
:104BB00000EB830013F094FEE1E703B0BDE8F08F53
:104BC00033BA030038030300888700205BBA030070
:104BD000C004002073B5C5680121B5F801603046F6
:104BE00002F002FA044640B9334601213B4A3C48F0
:104BF00002B0BDE8704013F063BE2B78061D1A2B7F
:104C000019D1C378012B50D14FF48041304613F0B5
:104C100059FE42040FD4D4F88C3069460093D4F87E
:104C200094302046019303F00FF8204602B0BDE80F
:104C3000704002F0B3B82B78BBBB40F2E242B5F84B
:104C4000033028495343C4F88830B5F80520A4F848
:104C50009020B5F80720A4F89220A3F5EA520C3A68
:104C60008A4204D90221204A1D4813F029FEB4F8D3
:104C70009030B3F5FA7F04D302211C4A184813F090
:104C80001FFE40F67641B4F89230A3F10A0292B2C8
:104C90008A4204D90221164A114813F011FE6FF41A
:104CA0008051304613F01CFE13E0D6E8AF3FDB0422
:104CB000F5D52B78202BF2D194F89830002BEED03C
:104CC000013B84F898300B4A002304F140000AF0BD
:104CD000FFFC204602F086FBA7E700BF6FB703008A
:104CE0003803030095F03C008EBA0300B5BA030008
:104CF000DCBA03005A620200B0B53C28044600AF9B
:104D00001AD101F003FB6FF48071103013F0E8FD4D
:104D10000020FFF737FC054630B90121114A12483F
:104D200013F0CCFDBD46B0BD0473002102F072F853
:104D3000284602F033F8F5E76D468AB06A460B4B19
:104D40004FF41251C2E90530094B0748D36140F2D4
:104D500001331384074B42F8103F13F0BEFDAD46FC
:104D6000E0E700BF08BB03003803030029BB0300D2
:104D700047AF030004000001054BD3E8AF2F02F05A
:104D80000B02D3E8EF1FC3E8E02F0028F9D17047EA
:104D90004C04002010B5C1E900239DF808300C46F2
:104DA0000B72FEF7D5FF0C22024B02FB00335C6056
:104DB00010BD00BF88870020F8B502460B4610489A
:104DC00013F09BFB0446C0B104210C3013F0EAFB46
:104DD0002046FEF7BDFF0C2700260A4D07FB0050BA
:104DE00046802046FEF7B4FF07FB00508660204651
:104DF000FEF7AEFF07FB00556E602046F8BD00BF12
:104E0000580D00208887002029289ABF014B185C84
:104E1000092070475CBF030070B5C3680F21B3F869
:104E200001601D78304602F0DFF8044638B9334699
:104E3000BDE870400121174A174813F041BD65B124
:104E40002846FFF7E1FF29460246204602F082FB92
:104E50002046BDE8704001F0A1BF8678012EEFD159
:104E600006F0E4F9204613F0FFFC0028E8D1052005
:104E7000FFF7CAFF05210246204602F06BFB3146D0
:104E8000064A054813F01AFD0521204613F0F0FFED
:104E9000DEE700BF49B703003803030045BB03004A
:104EA0002DE9F041C6680F21B6F801703578384613
:104EB00002F09AF8044638B93B46BDE8F0410121BA
:104EC0001F4A204813F0FCBC45B12846FFF79CFF61
:104ED00029460246204602F03DFB08E0F278C37AFC
:104EE000934209D10221184A164813F0E9FC2046E2
:104EF000BDE8F04101F052BF8378C272012B05D0AA
:104F00000020FFF781FF00210246E3E70AB106F027
:104F10008DF9204613F0A8FC0028F1D10520FFF7F9
:104F200073FF05210246204602F014FB0121074AC7
:104F3000044813F0C3FC0521204613F099FFD6E77F
:104F400049B70300380303006BBB030045BB0300F4
:104F500010B5044692B04422064901A819F014FD88
:104F6000102C9DBF12AB03EB840454F8440C024890
:104F700012B010BDA40403009ABB0300034B01460A
:104F8000D3F86C0182689268104700BF7803002054
:104F90002DE9F84F042100AF454813F093FC6D460E
:104FA00088B06A46434B4FF4E6515361424B434845
:104FB00093614FF400739383414B424C42F8103F8E
:104FC00013F08BFCAD46E2793F4B404E2046012A60
:104FD00088BF1E46FFF704F98AB06A463C4BD06191
:104FE000C2E905363B4B4FF4235113623A4B334829
:104FF00042F8103F13F071FCA346AD460125374E31
:10500000DFF8E880DFF8B490E3790BF1070B9D42FD
:1050100038DB94F870506E462846FFF799FF8CB045
:105020006A46B4F87210B4F87630C2E907514FF40A
:1050300000755362DFF8B8C0294BC2E905C0158579
:105040004FF4535142F8103F1C4813F046FCB5464C
:1050500094F871603046FFF77BFF8AB06A46B4F877
:1050600074302049C2E907631F4BC2E905109584DB
:105070004FF43351114842F8103F13F02EFCBD4657
:10508000BDE8F88F5846FFF7ABF8EA468AB06A46A3
:1050900040F20133C2E90565D06113844FF4135126
:1050A000484642F8108F13F018FC0135D546ABE79F
:1050B0004C040020A6BB0300B8BB03003803030068
:1050C0000300000178030020A2BB030047AF0300E8
:1050D000BCBB03000002010304000002CBBB0300C1
:1050E000060000011ABC03000500000104000001D5
:1050F000DCBB03000048704729AD030001490248AA
:1051000016F0C2BA04080020903D002070B5054694
:105110000C4659B94FF0FF304FF0FF31FFF74CFE0E
:10512000044618B96FF06805284670BD2046FEF7A2
:105130000FFE0C22184BA61802FB003330465D8090
:1051400013F083FA03280BD90321304613F04CFAED
:105150000580238A0121033B8370304613F04CFA0B
:1051600040F635439D420FD12046FFF707FF054625
:105170000028D9D003460121084A094813F0A0FBB2
:105180002046FEF785FECFE72146064816F0C3F914
:105190000025FFF7B3FFC7E78887002041BC030065
:1051A00038030300CC0400202DE9F04786B0804688
:1051B00091460C4600AF71B94FF0FF304FF0FF3110
:1051C000FFF7FAFD044660B96FF068052846183706
:1051D000BD46BDE8F087887AFEF7B2FD3B4B8342BF
:1051E0006DD101220021384616F0AEF92046FEF7B7
:1051F000AFFD0C23DFF8FCA003FB00A08760204676
:1052000013F0AAF901464046FFF780FF054618B1A2
:105210002046FEF73DFED9E7002338462C4A0AF027
:105220004FF8064690B14FF4FD732A4A2A492B489D
:1052300012F001FB32464146294812F0FCFA85F390
:105240001188BFF36F8F0323184602DF2046FEF755
:105250007FFD0C2358431AF8006056B36D468AB0A0
:105260006A46204BD661C2E905381F4B4FF43251D4
:10527000136240F2024393841C4B1D4842F8103FD6
:1052800013F02BFB2046AD46093EFEF701FE092E2A
:105290000CD8DFE806F0050B0B08170B0B0B0B14F3
:1052A0006FF06E0592E76FF00C058FE76FF0040565
:1052B0008CE7B9F1000FABD0C9F8004086E76FF07A
:1052C000150583E76FF00B0580E700BF580D002040
:1052D000B4C40400DAB8030063BC030027B90300B8
:1052E0006CBC0300B1BC030047AF03000500000124
:1052F000380303008887002073B506460D4642F246
:105300002F00002101AAFFF74FFF044638B1012109
:10531000144A154813F0D2FA204602B070BD019825
:10532000C368B3F801203280B3F803302B80FEF756
:10533000AFFD3388A3F11B02E02A04D902210B4AF6
:10534000094813F0BDFA44F248112B88A3F5A47262
:1053500092B28A42E0D90221054A034813F0B0FA1A
:10536000DAE700BFD0BC030038030300F0BC030041
:1053700015BD03002DE9F04784B0002605465A4BC1
:10538000B0F80190198849F47042914204BF1E8020
:10539000564B00AF08BF1E7800F09AFCEB7805F181
:1053A0000408012B08BF524B404614BF002493F859
:1053B0006F4013F0F9F9414668B34FF0010A07F165
:1053C000080013F0E6F9D5F81130C7F80130B5F848
:1053D0001530A7F80530EB78012B31D04046FEF7A9
:1053E000FFFE6C4688B06A46424B4FF4E251C2E978
:1053F00005304FF4007393833F4B404842F8103F11
:1054000013F06BFA1321A546484613F0D9FA10376A
:10541000BD46BDE8F087204613F019FC034600683E
:1054200095F804A0B8609A889B796868BA81BB73C4
:10543000B8F8042098F806303860BA80BB71CAE723
:1054400007F10800FFF79EF804460028C6D003467F
:10545000B5F8012023F8702BBA7BB868B9892067AA
:105460009A7140F2E2429980B5F817305343002216
:10547000C4F88830B5F81930A4F89030B5F81B306E
:10548000A4F89230EB782273012BE3701AD187F8DD
:1054900000A0BA88BB793868A4F87B2084F87D30F6
:1054A000C4F8770000F032FF237A1149C3EBC3033D
:1054B0005A18CB58C4F87E309388A4F88230937978
:1054C00084F884300721204601F0A4FC26B1012194
:1054D0002046267301F09EFC204601F0E9FD20469F
:1054E00001F05CFC93E700BF58C000201BC1002006
:1054F0007803002038BD03000300000138030300D7
:1055000000B5C36889B0187820B109B05DF804EB24
:10551000FFF7F2BBB3F801208DF80000ADF80120D1
:10552000DA788DF80320B3F80B20ADF81720B3F824
:105530000D20ADF81920B3F80F20ADF81B205A7CD0
:105540008DF81D20586801901A899B7AADF80820C3
:105550008DF80A30084B68461A689B88CDF80B20F6
:10556000ADF80F30CDF81120ADF81530FFF702FF80
:1055700009B05DF804FB00BF75B6030010B5F8F77D
:10558000C3FF034B1B6813B1BDE81040184710BDA3
:10559000AC87002073B52A4D0646D5F86C0115F08E
:1055A00059FE48B90121274A274813F087F96FF0BF
:1055B0001204204602B070BD6FF0020105F1D40064
:1055C00013F08EF9012113F07DF910EA010434D1B2
:1055D0001E4B1E600A4605F5987015F0B5FF05F5DF
:1055E000AA7015F08CFF1A4816F079F86FF00703CF
:1055F0004FF4486217491648009409F0FFFF164916
:1056000013480AF0D7F8D5F86C01144983681B6871
:105610009847044630B103460121114A0A4813F065
:105620004FF9C6E726B902B0BDE87040F8F76CBF85
:1056300005F1C40009F0DCFFBBE76FF07704B8E7C1
:1056400078030020B5BE030038030300AC870020B8
:10565000B83E0020C8EC0020CDBE0300A5470100E5
:10566000D6BE0300F0B5C56801212F8887B0BCB253
:10567000204601F0B9FC064640B923460121274ADD
:10568000274807B0BDE8F04013F01AB902ACD5F8CE
:105690000220D5F8063001946989009114F061FD6B
:1056A00048B34FF0FF304FF0FF31FFF785FB054661
:1056B00048B901211B4A1A4813F000F9304601F09D
:1056C0006DFB07B0F0BD12210C3012F076FF0346DF
:1056D000224623F8027B06AF144603CCBC42186076
:1056E0005960224603F10803F6D1294642F21A0016
:1056F000FFF70CFDE2E74FF0FF304FF0FF31FFF70F
:105700005BFB04460028D4D002210C3012F055FF78
:105710002146078042F21B00EAE700BF6FB7030093
:1057200038030300F2BE030073B5C368D9789A78D2
:105730001E8842EA0122ADF8002059791A79B4B2E4
:1057400042EA0122ADF80220D9799A79204642EA4C
:105750000122ADF804201A7A5B7A012142EA032380
:10576000ADF8063001F040FC054658B901211D484E
:1057700023461D4A13F0A4F80221204613F07EF9B7
:1057800002B070BD694601F079FE38B91E2120468D
:1057900013F074F9284601F001FBF1E74FF0FF30F8
:1057A0004FF0FF31FFF708FB04460028F2D00E212E
:1057B0000C3012F002FF00230680C0F80A30BDF85A
:1057C000003021464380BDF802308380BDF80430AC
:1057D000C380BDF80630038142F22000FFF796FC3B
:1057E000D8E700BF380303006FB7030038B50421C2
:1057F00004460C3012F011FF034640885D7818B162
:1058000022461978FFF752F935B1044809F01EFD18
:10581000BDE83840FFF772BC38BD00BFA8040020C7
:10582000B0B50446032100AF0C3012F0F6FEE36879
:105830000578197840F63543B0F80100984215D143
:105840006C468AB06A460F4B0F48C2E905310F4BD0
:105850004FF41251D36140F2013313840C4B42F8E0
:10586000103F13F03AF8A546BD46B0BD10B1224630
:10587000FFF71CF9002DF7D0064809F0E7FCFFF709
:105880003DFCF1E709BF03003803030047AF030005
:1058900004000001A804002038B50AF0BFF92F4D1C
:1058A000D5F85431002B56D00022002305F598700E
:1058B00009F006FD00284ED10022002305F5AA704C
:1058C00009F092FC044668B940F6BE43244A2549D3
:1058D000254811F0B0FF84F31188BFF36F8F0323C5
:1058E000184602DFD5F848315BB101211F4A204834
:1058F00012F0E4FFD5F84801FEF7CAFA0023C5F814
:105900004831204612F028FEC5F848012046FFF72E
:1059100035FB0346C8B10121164A154812F0D0FFE5
:10592000154809F093FC2046FEF712FA0C22134B9F
:1059300002FB0033588818B122461F21FFF7B6F842
:105940002046FEF7A5FAFFF7D9FBFFF7D7FBBDE826
:1059500038400AF077B901F0BBFBF8E77803002084
:10596000DAB8030015B7030027B9030041BF0300ED
:105970003803030041BC0300A804002088870020EE
:10598000F8B506460024094DEF79E3B29F4202D8EC
:105990006FF0010007E02946304613F08BF8073519
:1059A000631C08B12046F8BD1C46EEE778030020D2
:1059B00037B504460D4671B12846124913F07AF8FE
:1059C00048B929461048C4EBC404204413F07CF8BD
:1059D000002003B030BD684612F0CDFE0028F8D19B
:1059E0006846FFF7CDFF0028F5DA074BC4EBC4008B
:1059F0006946184413F068F8002DE9D0014628469E
:105A0000E4E700BF68B603007803002070B51A4EC3
:105A100006223146054618F0A7FF38B34FF0FF3095
:105A20004FF0FF31FFF7C8F9044608B306222946B4
:105A30000C3012F0C8FD2146002242F20500FFF7AB
:105A4000B3FB044648B110F10D0F04D102210B4AFB
:105A50000B4813F037F8204670BD33462A6843F8E8
:105A60006929AA88B280012283F868200024F2E71D
:105A70006FF06804EFE700BFE1030020A7C0030058
:105A800040030300064BD3E8EFCF4CF4806CC3E82F
:105A9000E2CF002AF7D1037A19430172704700BFA1
:105AA0004C040020F7B5002104460222084601F00C
:105AB000F7FD064648B120460121FFF7E3FF3046D7
:105AC00003B0BDE8F04001F069B93B4D01463B48E9
:105AD00000F016FC95F823317BB1304613F03BF80B
:105AE00058B10221364A374812F0ECFF00213648FF
:105AF00003B0BDE8F04000F003BC95F8232195F811
:105B000022319A4218D10221304A2E4812F0DAFF8F
:105B1000002242F229001146FFF746FB10B1012195
:105B20002B4AE0E795F82331013385F82331237AB6
:105B300043F004032372D9E72246671C394612F862
:105B40002E0B12F0CBFF064610B1224A01210EE0C7
:105B500095F82331013385F82331237A43F0040388
:105B6000237295F8A7305B0708D402211A4A15481A
:105B700012F0A8FF012012F0EEFFB7E739466846A1
:105B800012F0A2FF01234FF0FF304FF0FF318DF8EC
:105B90000730FFF711F9044660B1082269460C305E
:105BA00012F011FD3246214642F24E00FFF7FCFA98
:105BB0000028DFD0094AC9E7780300201F8C0200C3
:105BC000B6C0030040030300898B0200DBC0030062
:105BD0000CC103002CC103004CC1030076C10300BB
:105BE00000212DE9F04102220446084601F058FD4B
:105BF000054640B120460221FFF744FF2846BDE894
:105C0000F04101F0CBB801462A4800F079FB284664
:105C100012F0A1FF284D064688B101210346274A0C
:105C2000274812F03CFA95F8233113B1012012F005
:105C300092FFBDE8F0410021224800F061BB95F8D9
:105C4000233195F822219A420CD2013B85F8233169
:105C5000237A024623F0040302201B49237205F035
:105C6000C3FBE0E74FF0FF304FF0FF31FFF7A4F840
:105C700004F10108074668B107210C3012F09DFCC1
:105C8000414612F021FF3246394642F22800FFF722
:105C90008BFA28B101210D4A094812F013FFC2E71F
:105CA00095F82331013B85F82331237A23F004034F
:105CB0002372B8E71F8C02007803002091C1030013
:105CC00040030300898B0200418B0200BEC1030028
:105CD000084BD3E8EF2F22F48061C3E8E01F0028CF
:105CE000F7D1530504D500220220034905F07CBBFF
:105CF000704700BF4C040020AD8C02001FB500238C
:105D00000190CDE9023302208DF80C1001AA03495D
:105D100005F06AFB029805B05DF804FBF58B020004
:105D2000034610B470B10B4991F8224191F8232138
:105D30000CB1944209D2013281F823211A7A42F03F
:105D400004021A725DF8044B70475DF8044BFFF7CC
:105D5000A9BE00BF78030020034610B4A0B10C4CCC
:105D600094F8221194F8232131B101318A4204DCE4
:105D70005DF8044BFFF734BF12B1013A84F82321D8
:105D80001A7A22F004021A725DF8044B704700BFC1
:105D90007803002070B5044611BB20B3254912F0EA
:105DA00089FE00BB2046FFF7EBFD00283BDA237895
:105DB00053B92148C279002A35D1214612F084FE18
:105DC0000123C371104670BD012B04D1A37903F0E8
:105DD000C003C02B07D00121184A194812F072FEE7
:105DE0006FF01500EFE7144DEB79012B1ED005F194
:105DF000D40012F070FEC30707D4002CF0D0204668
:105E00000C4912F057FE0028EAD1EE792146731CA6
:105E10003046EB71FFF7CCFD08B93046D3E7EB799C
:105E2000013BEB71CFE76FF07700CCE76FF00B0031
:105E3000C9E700BF68B6030078030020E3C1030090
:105E4000400303002DE9F341044640B91A4A0221F8
:105E50001A4812F037FE002002B0BDE8F0810021A0
:105E600041F2090001AAFFF79FF9054608B1144A5B
:105E7000EDE7019E0622D6F80C80124908F10107D1
:105E8000384618F071FD28B1062238460E4918F040
:105E90006BFD18B93046FDF7FBFFDCE7D8F80130A1
:105EA0003046C4F80130BB882570A4F80530FDF7F2
:105EB000EFFF0120D0E700BF11C203004003030041
:105EC0002AC2030075B603006FB6030007B5684623
:105ED000FFF7B8FF044BD87118B169460020FFF7EF
:105EE00067FD03B05DF804FB78030020F0B5304D8A
:105EF00089B0EC79002C53D195F8C26016F00106F8
:105F000010D12C4A02212C4812F0DCFDEC7116262F
:105F100000240127EB79E0B298422CD3002B3FD02C
:105F200000203BE06A4621464FF60940FFF73CF966
:105F300008B1224AE6E7DDF800C0DCF80C104B7827
:105F400023B96046FDF7A4FF1D4ADBE78B1C02AABC
:105F500001F11204174618685968083303C7A342B1
:105F60003A46F7D11868344638609B886046BB8053
:105F7000FDF78EFFCAE708AB06FB003353F8182C79
:105F800033F8143C6946CDF80120ADF805308DF8A2
:105F90000070FFF70DFD01340028BBD009B0F0BD43
:105FA0000021084609B0BDE8F040FFF7F3BE00BF8E
:105FB0007803002048C203004003030074C20300BA
:105FC00094C203002DE9F0410D4617461C460646D3
:105FD00050B14BB10A03037811D56D0708D50121E3
:105FE0002D4A2E4812F06EFD6FF01500BDE8F081CD
:105FF00012F041FE0028F9D101232370F6E7A9072A
:106000002ED027480FB1AA0608D4C3EBC302825C86
:10601000012A13D002B922700020E7E790F8D820B7
:10602000510635D5C3EBC302825C012A06D002B902
:106030002270237843F002032370EDE74FF001084C
:10604000072111FB03810144304612F00CFE0028A9
:10605000CCD184F80080002FDED0AB06DCD5E8E799
:106060006A0712D50E49C3EBC3028E5C012E09D11B
:10607000072212FB0363194412F0F5FD0028B5D185
:106080002670EAE7002EE8D1FAE712F0F4FDB3E754
:106090006FF08500AAE700BFBDC203004003030004
:1060A0007803002038B5104DEB7913B10024204659
:1060B00038BDFFF70BFF044628B10C4A01210C48FC
:1060C00012F000FDF3E7EB79002BEFD1FFF70EFFA5
:1060D00004460028F1D1681CFFF798FC044600280C
:1060E000E5D0044AEAE700BF78030020DCC20300E1
:1060F00040030300FBC203002DE9F74F8A460190DD
:106100004FF0FF314FF0FF30FEF756FE04460028F7
:106110004ED020210C3012F050FA4FF0000980468A
:106120004D462022002118F056FCDAF8007008F1E4
:10613000010BDAF80420914509D300222146019889
:1061400088F8005003B0BDE8F04FFFF72DB87A781B
:10615000A81C81181F2997F800C015D9BCF1090F98
:10616000C0F11F0201D1002A0CDC0121124A1348A0
:1061700011F08CFF2046FDF78BFE6FF0150003B089
:10618000BDE8F08F4FF0080CD6B2711C0BF805106B
:10619000691CC9B20BF801C0023679685BFA80F05D
:1061A0002E4418F0F1FBF5B209F101090837C0E7F8
:1061B0006FF06800E3E700BF1EC30300F8020300AE
:1061C000F8B545680646690535D4046914B115F07B
:1061D000030330D0194F3078FB7983422BD9C0EBC1
:1061E000C00007221649384418F0BEFBA8B115F0CC
:1061F000030306D197F87020082A02D8B2689F2AB4
:1062000019D915F0300F09D0ACB1EA060AD405F45B
:106210006035B5F5603018BF0120F8BDEB0601D43C
:10622000002CF4D1D6E902239A4204D81F2A02D9BD
:10623000B3F5804FEBD90020EFE700BF78030020D3
:1062400068B60300F7B5CDE90001694642F20800DF
:1062500016461D469DF82070FFF74EFF044648B9CC
:106260005FB90B4BD3E8EF1F41F00401C3E8E21F15
:10627000002AF7D1204603B0F0BD694642F209007A
:10628000CDE90065FFF738FF0028EAD00446F1E7C2
:10629000A0030020F8B5044614F8097B154B054609
:1062A0000E4607222046144983F86F7018F05CFBF5
:1062B00070B93846114901F075F9044610B96FF00C
:1062C0000B00F8BD052100F0A5FD00203460F8E7C3
:1062D0002146384601F0ACF940B92146287801F052
:1062E00061F904460028EAD00621ECE76FF01500BA
:1062F000E7E700BF7803002068B6030061B603003B
:1063000003460148184700BF90030020004870472B
:10631000900300202DE9F04F9A460023D0F810B0EA
:10632000894EBBEB030489B00546304618BF0124F3
:10633000039312F0DAFC0F464107914640F1E580E5
:106340002846FFF73DFF60B96FF01504384600237B
:1063500040F20111994540F0E180204609B0BDE8C6
:10636000F08F284612F09EFC80460028ECD0A6F163
:10637000AC0012F0BAFCC205C0F3002300F1C880E3
:10638000CDE90533CDF81B30AB686868ADF8103047
:10639000EB68ADF8123012F099FC8DF81D00D6E8CC
:1063A000EF3F23F48073C6E8E23F002AF7D12A7852
:1063B0000DF1150306F8BC2C06F8652C6968224619
:1063C000A6F1BC00FFF7FEFD04460028BED1A6F1F1
:1063D000B303BBF1000F11D02A69116846F8B31C52
:1063E0009188998092799A716B689E0749D1980536
:1063F00002D4BAF1000F58D002230BE0534A1168BF
:1064000046F8B31C9188927999809A716B689C07C1
:10641000EDD05B468DF814304FF0FF304FF0FF3178
:10642000FEF7CAFC0446002875D00F2204A90C30E0
:1064300012F0C9F82146002242F20600FEF7B4FE2F
:106440000446002882D1BBF1000F32D06B68990757
:106450003BD101213E4812F060FC044600283CD0AC
:1064600001213C4A3C4811F011FE039D002D3FF4F0
:106470006DAF2846002100F0CDFC284600F08EFCD0
:1064800064E713F0100F0CBF012304238DF81430C0
:106490002B691A68CDF816209A88ADF81A209B79D6
:1064A0008DF81C304FF00008B6E703238DF8143048
:1064B000F8E7524649463846129BCDF80080FFF770
:1064C000C1FE04460028C1D040E7214803A9FFF7D8
:1064D000E1FE04460028BCD038E7039808B100F07C
:1064E0005DFC6A681D4812F0030218BF01220921F1
:1064F00012F0FEFB42460A2112F0FAFB6A680C21F8
:10650000C2F3800212F0F4FB20E76FF00A041DE7EB
:106510006FF077041AE76FF0680417E702888A4281
:1065200004D1426812B11278D20702D40133083084
:1065300010E70B490B4815F0D9F800230A4A09481F
:1065400009F0FAF809E700BF4C04002068B6030020
:106550009003002037C30300F8020300A0030020CB
:10656000E9650100A80300201C4E0E0010B5184874
:1065700012F0FBFB174812F0B8FB0346DA05C0F334
:10658000002023D5134812F0B0FB830515D512491E
:106590000722124818F0E8F903461149087E93B91A
:1065A0000522104901F07CF8044630B10021017346
:1065B00000F030FC204600F0F1FBBDE81040002167
:1065C000034812F0AABB06222131EBE710BD00BF41
:1065D00090030020A003002068B603009903002068
:1065E0007803002061B6030010B5FFF7BFFF034634
:1065F00030B1BDE810400221024A034811F04FBDFE
:1066000010BD00BF52C30300F802030070B53D4B3C
:106610009AB01822002103A8029318F0DCF944F282
:10662000010309A8099312F0A3FB099B694604938F
:10663000354B02A8059316F07EFF034610B3334A8C
:106640000121334811F02BFD1F25324BD3E8EF1FFA
:1066500021F00101C3E8E21F002AF7D12E4E09F014
:10666000DDFA3468002C46D0002D2C4D18BF0025D3
:10667000043C23680BB1284698476468002C3AD044
:10668000043CF6E701AB4122009809A916F025FE6B
:10669000034608B1224AD3E7224A0DF125030DF142
:1066A000650153F8040B8B4242F8040BF9D101AB9E
:1066B00020221D49009816F0F0FD034608B11B4A40
:1066C000BEE700980BF058FA054610B1184A034689
:1066D000B6E71449114812F058FB1648203112F061
:1066E00054FB154BD3E8EF1F41F01001C3E8E21F44
:1066F000002AAAD0F6E70023C6E9003309F0A2FA7F
:106700001AB070BD127100010000020978C30300C5
:1067100028030300B0870020B88700207CC1002038
:1067200096C303003CC100201CC10020B9C3030074
:10673000DDC303009CC100204C040020042330B5BD
:10674000A7B03D22002116A8159318F044F9304B4C
:106750001822002107A8069318F03DF944F201031E
:106760000DA80D9312F004FB0D9B20220893294BDA
:106770002949099306A804AB0BF04EFA0346E0B191
:10678000264A0121264811F08AFC6FF0040409F022
:1067900045FA244B1D6865B100201860224BD3E8F0
:1067A000EF1F21F00201C3E8E21F002AF7D144B332
:1067B000A84709F047FA27B030BD1C4B0DF1550230
:1067C000194603F1400053F8044B834242F8044B4E
:1067D000F9D105AB029320230E48CDE9001315AA89
:1067E0004123049916F059FE034608B1104AC8E740
:1067F00004980BF0C1F904460028C8D00D4A03469E
:10680000BFE70DA8094912F0C0FA0DA8D0E700BFF4
:1068100012710001000002091CC10020FDC3030029
:1068200028030300B4870020B08700203CC100206B
:1068300033C403004FC40300402208B5034918F0D5
:1068400093F8B0FA80F0400908BD00BFB7C4030058
:1068500010B51D4B9AB018220446002103A80293DC
:1068600018F0B9F84FF4804309A8099312F080FAA0
:10687000099B21460493154B0DF125000593042334
:106880008DF8243012F081FA04F120010DF1450059
:1068900012F07BFA412201AB09A902A80BF0BCF966
:1068A000044602A816F0BFFE2CB901980BF064F95B
:1068B00001201AB010BD064823460121054A11F0F7
:1068C000EEFB0020F5E700BF1241000100000209C5
:1068D000280303006CC4030010B5002834D01D4AFF
:1068E000136823B1043B984231D05B68F9E71A4B37
:1068F000D3E8AF1F890707D518480221184A11F0BD
:10690000C5FB6FF00F0010BD1468011D4460506896
:10691000116000B95160D3E8EF2F42F00101C3E8E4
:10692000E01F0028F7D1D30701D50020EBE70D4B7E
:10693000D3E8EF1F21F01001C3E8E21F002AF7D1CE
:106940000948FDF7AFFCF0E76FF01500DBE76FF0EB
:106950007700D8E7B8870020B0870020280303001D
:1069600090C403004C04002034080020044BD3E8FA
:10697000AF3F13F0100F034808BF0020704700BF5F
:106980004C0400207CC1002070B5054619480368FE
:106990008B4228D0184BD3E8AF3FDA0626D50368E0
:1069A00013B16FF00F0070BD144AD2E8AF3FDB07A0
:1069B000F7D4D2E8EF3F43F00204C2E8E64F002EDE
:1069C000F7D113F00204ECD1016029460C4812F013
:1069D000DCF90C4805F1200112F0D7F90A48FDF75F
:1069E00061FC2046DFE76FF07700DCE76FF07C00AA
:1069F000D9E700BFB48700204C040020B0870020F6
:106A00003CC100205CC100202408002070B5054670
:106A10000B4B1C6844B154F81C3C1C3C13B1284679
:106A2000297B9847E469F5E7064C074EB44200D34A
:106A300070BD236813B12846297B98472034F5E7B9
:106A400000880020B0020300D002030010B5044605
:106A5000FDF77EF9044901EB0011204611F0E5FE37
:106A6000BDE81040FEF74ABBC0870020002270B589
:106A70000446D1E901560748C1E9012214F04BFD53
:106A80003DB1314620462B46BDE870406FF06D02A7
:106A9000184770BD900C002037B5051D04464FF413
:106AA0008061284612F098F940053CD4D5E8AF3F04
:106AB000D90326D5E37823B902211C4A1C4812F0D9
:106AC00089F9637B072B2ED11A4B93F8D8309B069C
:106AD00029D511F047FF30B30DF1060101A8FEF7EB
:106AE0000BFC00BB2046BDF80620BDF8041011F0D9
:106AF000A6FF0346B8B101210F4A0D4812F06AF90A
:106B000011E00C4B93F8D8301A07D3D5204611F07A
:106B10007BFF034620B10121084A054812F05AF9CB
:106B2000637B072BC6D003B030BD00BF1FC5030079
:106B3000100303007803002038C50300FEC40300DF
:106B400070B50546002200230E4808F0B9FBB8B91D
:106B50000D4B1C6834B154F8143C1C3C03B19847ED
:106B6000E469F7E7094C0A4EB44204D32846BDE86D
:106B7000704008F03DBDA36803B198472034F3E7A7
:106B800070BD00BF600C002000880020B002030030
:106B9000D00203002DE9F843044640270025DFF822
:106BA0005080EFF3118387F31288BFF36F8FE16991
:106BB00029B983F31188BFF36F8FBDE8F883206A8A
:106BC0000A68814208BF2262E26183F31188BFF341
:106BD0006F8FD1E901694046C1E9015514F09BFC72
:106BE0001EB1002249462046B047FEF787FAD8E793
:106BF000900C00200448B0F8043100F58470002B9C
:106C000008BF0020704700BF7803002030B504465D
:106C10000D468BB009F0F6F80B4BD3F808218242F1
:106C200005D120460BB0BDE83040FFF7B3BF243498
:106C30002146184614F028FD1DB16946204614F07F
:106C400033FD0BB030BD00BF7051002038B50022BD
:106C500004468A4202D10024204638BD012004F1B6
:106C6000C803D3E8EF5F002D04D1C3E8EC0FBCF1FB
:106C7000000FF6D102D0D0340244EAE7002CEAD06B
:106C8000C8220021204617F0A6FE04F14000044966
:106C900014F02CFD034904F1240014F0D9FCDBE7C7
:106CA0004D770100FB8D0200F7B516460D46012118
:106CB0000446FFF7ABFF012E23D0022E50D12369EB
:106CC0003BB130480121304A11F0E0F9204612F082
:106CD000B2F8256121690B8A012B51D9CA68128843
:106CE000043292B293424BD341D9012100922548FC
:106CF000264A11F0DEF9204603B0BDE8F04012F05C
:106D00009AB8206940B9224A31461E4811F0BEF9AE
:106D1000204612F090F801E02F8A2FB9284603B0E0
:106D2000BDE8F040FDF7B4B80C3011F092FC87429A
:106D30000CD9184A3146134811F0A8F90022204610
:106D4000216900F055FF00232361E7E720692A8AC3
:106D5000E9680C3011F037FC2846FDF799F8B9E7DF
:106D6000334601210C4A074812F034F8D0E70023DB
:106D700001222046236103B0BDE8F04000F038BF97
:106D800003B0F0BD1003030054C50300D4C50300D5
:106D900071C503008FC50300B6C5030008B5C83030
:106DA000D0E8EF3F013BC0E8E23F002AF8D13BB911
:106DB000044808F04BFABDE80840034808F018BC46
:106DC00008BD00BF600C00205408002010B5044628
:106DD00012F03AF808F022FF0C4B04F1BC01D3F892
:106DE00024312BB90A4811F0DAFF08F02BFF06E036
:106DF000994208D108F026FF2046FFF7CFFFBDE8F3
:106E00001040FEF77BB91B68EBE700BF780300205A
:106E10009C040020F8B5467B04468E420D4600AF28
:106E20001BD1082E98BF554B6C4688B094BF53F8C1
:106E30002630534B6A465349C2E905134FF4007399
:106E40009383514B42F8103F00234FF4E4514F48D5
:106E5000FBF72CFBA546BD46F8BD41730EB911F0FA
:106E6000F3FF637B082B00F2858001A252F823F028
:106E7000C56E01001B6F0100576E0100576E0100C7
:106E8000576E0100576E0100576E0100956E0100AC
:106E9000576E010000213E4809F0FAFA0023C4E9C8
:106EA0000D33E378012BD6D1A3783A4A012B08BFE2
:106EB000032304F1400008BF84F89830002308F051
:106EC00007FCC8E7082EC6D8DFE806F02005171C27
:106ED0001C1C1720200004F14005284614F012FC69
:106EE00001212046FFF792FE204611F0A4FF002268
:106EF0000023284608F020FCADE7237B13B1204691
:106F0000FFF784FD2046FFF749FFA4E72B46224AFE
:106F100002211E4811F05EFF9DE7237B3E2B0FD11F
:106F20006D4688B06A461D4BC2E90534032342F81A
:106F3000103F00234FF4C4511448FBF7B7FAAD4695
:106F4000174D05F58476616911B9FEF7D7F882E728
:106F5000A2690B68914208BFA36120466361FFF7F5
:106F600085FDB5F80431002B14BF3046002008F031
:106F70006DF9E8E72B460B4ACAE700BFB09603005D
:106F8000EFC50300F9C5030003000001100303006F
:106F9000640800205A6202000AC6030021C60300EA
:106FA0007803002048C60300F8B5074609480D4697
:106FB000164611F049FF044650B183781F4203D1B1
:106FC000BDE8F840FFF7EABE3146A8472046F7E79C
:106FD000F8BD00BFE03F0020002201200149FFF77B
:106FE000E3BF00BFEF8D020070B505460E480E46A8
:106FF00011F02AFF0446A0B1437B012B02D0073BCE
:10700000012B0CD82388AB4208D1A3781E4209D1AA
:107010002B460221054A064811F0DCFE2046FFF708
:10702000BDFE0024204670BDE03F002064C6030082
:1070300010030300034BC01A034B00115843C0B2A6
:10704000704700BFE03F0020C54EECC42DE9F04181
:107050001C46144305460E46174698460BD008F0CA
:10706000D1FE0F4BD3F80831834206D102210D4ADD
:107070000D4811F00BF80027B8460C493A46434634
:10708000002D14BF2846084611F037FA044618B1FF
:10709000711D0C3011F086FA2046BDE8F08100BF6A
:1070A000705100207BC6030010030300A80C0020D1
:1070B00010B50446054808F09BFA204600F0E6FCAF
:1070C0002046BDE81040FFF7A1BC00BF44080020E7
:1070D0002DE9F04F002387B000AFFB607B61B94B17
:1070E0005A8B3AB1B84DD5F824413CB91C37BD464E
:1070F000BDE8F08F1B68002BF4D1F7E754F8BC39DA
:1071000003B1BC3B0026B14901E01C461346B5F86B
:107110000421002A00F05381D5F810214AB904F166
:10712000BC06002BE2D0D3F8BC20002AEDD0BC3A3C
:10713000EBE70A68002AF2D0D4F8A820002AEED0A3
:10714000D4F8AC20002AEAD0D4F8B020002AE6D047
:10715000637B072B68D120469047002864D004F158
:10716000C003D3E8AF3F022B5EDC204611F06CFE7B
:1071700004460028BAD0637B072B40F01D812046CF
:10718000D4F8A830B5F8041107F1100298478146E9
:10719000002800F00481B5F804213B699A4208D325
:1071A0000146D4F8AC60204607F1140307F10C0245
:1071B000B047D7E9038A7B693B60B9F81030002BF0
:1071C00000F0F480484611F046FB7860002840F05B
:1071D000F080B5F80431DFF804B2002B14BF584634
:1071E00000200022002308F06BF878B90022002369
:1071F000764807F0F9FF064600283BD1B5F8043180
:10720000002B18BF5E46304608F020F86FF00B05E3
:107210004846FCF73DFEB8F1000F00F0AA802A4670
:1072200020463968C047A4E0D4F8BC3004F1BC0261
:10723000C6B9D5F82811C5F824318A4201D1C5F85C
:10724000283100232046C4F8BC30D4F8B030984729
:10725000002890D0637B072B40F0AE802046FFF7DC
:10726000B5FD88E73360D5F828319A4208BFC5F8E4
:107270002861E6E73B68C0F804808360B5F804B194
:107280000022DA454FF000034FF000014D4898BF4F
:107290001FFA8AFBFCF77EFD804650B1FCF758FDD3
:1072A0004B4B5A4603EB00134946404611F098FAFF
:1072B0008046B5F8043194F8C4909A4584BF012300
:1072C0007B607B689CBF09F102095FFA89F984F849
:1072D000C43004F1C00ADAE8EF3F0133CAE8E23F04
:1072E000002AF8D104F1140B3146584611F057FD2D
:1072F000A378012B57D108F10C03042118467B60B9
:1073000011F072F9228809F0FD0942EA093202807F
:10731000B8F810207B68043A42800221184611F028
:107320006BF94046FDF72AFE8146002844D0DAE892
:10733000EF3F013BCAE8E23F002AF8D13146584608
:1073400011F05EFD4B46234A0121234811F042FD16
:107350004046FCF79DFD20463146FFF787FBB5F818
:1073600004311E48002B08BF002007F06FFF6FF0AC
:1073700004056E4688B06B46194ADC61C3E90525F1
:107380001A46042342F8103F4FF4015112480023DB
:10739000FBF78CF81321B546204611F069FD204615
:1073A000FFF7FCFCA2E66FF01509C0E76FF0790566
:1073B0002EE76FF004052BE7FDF7A0FEEFE79368DB
:1073C000FFDE00BF2C0D002078030020900C002071
:1073D000C087002041BC030010030300800400208C
:1073E000A4C6030040F2E2432DE9F041D0F88860E2
:1073F0000446B6FBF3F6031DB6B2D3E8AF2F9204F2
:1074000013D5B0F88C20B2420FD8B0F88E20B2421B
:107410000BD3D0E92412914207D1D3E8EF1F21F416
:107420000051C3E8E21F002AF7D1114B1D6865B176
:1074300055F80C7C1C3D37B131462046B4F89230EB
:10744000B4F89020B847ED69F1E70A4DDFF82880DD
:10745000454501D3BDE8F0812F6937B1314620465B
:10746000B4F89230B4F89020B8472035F0E700BF68
:1074700000880020B0020300D00203002DE9F04193
:10748000074608460D4611F06FFA064618B9002661
:107490003046BDE8F081144B1C6884B154F8103CB0
:1074A0001C3C0BB9E469F8E72946384698470028A0
:1074B000EDD0284611F058FA0028F3D1E7E70B4C3D
:1074C000DFF82C804445E3D2E3680BB92034F9E7B8
:1074D0002946384698470028D9D0284611F044FA62
:1074E0000028F3D1D3E700BF00880020B0020300DA
:1074F000D00203002DE9F041C37804468BB900F1B6
:107500007E06114B1D687DB11C3D04F170076B694F
:107510001BB13A46314620469847ED6925B11C3DDE
:10752000F5E700F17706ECE7084D094F04F1700824
:10753000BD4201D3BDE8F0816B691BB142463146C3
:10754000204698472035F3E700880020B00203006A
:10755000D0020300F8B5437A05468372164611F04F
:10756000CBFD0D4B1C684CB154F8043C1C3C1BB1CA
:1075700032462846697A9847E469F4E7074C084F91
:10758000BC4200D3F8BDA3691BB132462846697AD4
:1075900098472034F4E700BF00880020B0020300C1
:1075A000D002030038B505460C460F480121FFF70D
:1075B0004DFBC0B1057223680367A388A0F874303F
:1075C000A37980F876300123437283728370074B6E
:1075D000C0F8A830064BC0F8AC30064BC0F8B0304D
:1075E000054BC0F88C3038BDE03F002081790100A8
:1075F000BF8D0200B38D02001800280070B505464B
:107600000A480E4611F020FC044620B18378012B75
:1076100004D0FFF7C3FB0024204670BD3246294644
:1076200011F094FC0028F7D12046F2E7E03F00205B
:10763000B0B500AF0D46FFF7E1FF044610B3284692
:10764000FCF7CEFD637B6D46082B98BF0E4A8AB0CF
:1076500094BF52F823300D4B6A46C2E907030C4B26
:107660000C4953620C4BC2E9051442F8103F002349
:107670004FF442510948FAF719FF2046AD46FFF78B
:107680008DFB0120BD46B0BDB0960300EFC50300E1
:1076900001030204C7C60300050000021003030033
:1076A000F8B505460E480E46174611F0CDFB0446C8
:1076B00020B18378012B03D0FFF770FB00240DE08D
:1076C00036B13246294611F041FC08B92046F3E7AD
:1076D000637BBB42FAD1237AAB42F7D12046F8BD97
:1076E000E03F002038B5044608460D4611F03CF94D
:1076F00038B3154B93F8D830990707D4E37873B1B2
:1077000029462046BDE8384000F09EBA94F89930EA
:107710009A07F3D5231DD3E8AF3F5B04EED4294687
:10772000204611F039FC58B92B88A4F88C306B88AE
:10773000A4F88E30AB88A4F89430EB88A4F8963087
:1077400038BD6FF01500FBE778030020F7B510F89F
:10775000333C0446A0F140060BBB304611F06FFCF1
:10776000314B1D684DB155F8183C1C3D1BB13046DE
:1077700014F8341C9847ED69F4E72C4D2C4FBD42AA
:1077800005D3304603B0BDE8F040FFF707BB6B6898
:107790001BB1304614F8341C98472035EFE710F839
:1077A0003E3C012B3ED1A0F13C05D5E8EF3F23F450
:1077B0000052C5E8E12F0029F7D199041FD5E36CE9
:1077C00069460093636D30460193FFF78BFF0346D4
:1077D00078B9D5E8EF3F23F48053C5E8E23F002AAB
:1077E000F7D14FF40061284603B0BDE8F04011F036
:1077F000F3BA104A0221104811F0ECFAF1E74FF405
:1078000028130E4A69463046CDE90023FFF76AFF88
:10781000034628B94FF48051284611F0DDFAE0E71D
:10782000074AE7E703B0F0BD00880020B00203007C
:10783000D002030000C70300100303001800280053
:1078400025C7030070B50C4813F059FE00240B4DFA
:10785000094E29463046013413F05DFE042C05F133
:107860000C05F6D112F04CF803F086FD044608B979
:1078700011F0AAFC204670BD900C0020D08700209B
:1078800008B503460121034A034810F008FC002014
:1078900008BD00BFCBC703005003030080B500AF95
:1078A00088B06A46074BC2E90530032342F8103F0F
:1078B00000234FF4C2510448FAF7F8FD6FF00B00B3
:1078C000BD4680BDF3C7030050030300044B1A6894
:1078D0000AB1FFF7E3BF0348586010460B607047DA
:1078E00014880020FC9603002DE9F0411D4652EA61
:1078F000050306460F46144609D1002425462246B4
:107900002B463046391DBDE8F041FFF79FBB08F01C
:1079100079FA034BD3F808318342F0D1EDE700BF89
:107920007051002073B5054618462B680BB35B7B7E
:10793000072B1ED1002A14BF022301230E7A9E4278
:1079400009DD01210C4A0D48009610F0B2FB6FF0E2
:10795000150002B070BDCB7A072BF8D9C8618A61D7
:1079600005F1300013F0D7FD284611F03FFB002051
:10797000EFE76FF07F00ECE71AC803005003030045
:107980002DE9F0470E469146D0F8B44000AF4CB117
:10799000483C236B6BB104F1300A504613F0D0FD24
:1079A000054660B9FDF7AAFB00252846BD46BDE89F
:1079B000F0872068B43011F038FBA46CE7E710F0D2
:1079C0004AFF80B16C4688B06A462D4BC2E9053546
:1079D000032342F8103F00234FF4C2512948FAF71D
:1079E00065FDA546E0E7284610F0B6FDE36C0546C8
:1079F000B3B9A38CB0F81080403B9BB23F2B03D8A7
:107A0000238D984528BF9846042105F10C0010F0FD
:107A1000EBFDA0F80080A38C438008F10403E3642D
:107A2000E36C2A8AB3420FD8934216D0A38C403B12
:107A30009BB23F2B21D92068B43011F0F6FA236BAA
:107A400013B1204611F0D2FAE36C9E422CBF0026FF
:107A50009E1BC9F80030E664A7E7002200235046C9
:107A600007F0C2FBFCF714FAA38CA3F140023F2AF3
:107A7000E1D8054AAA61EB61DDE700221346F9E788
:107A80003AC80300500303007B910200F7B5044697
:107A90000026234D234FBD4201D303B0F0BD2988FA
:107AA000204611F061FB6B68019001A920469847C0
:107AB000002830DB019B2A889A829A8403F1100205
:107AC000D2E8EF1FC2E8E06F0028F9D19E64DE64BF
:107AD0009E60A16B03F10802F9B9C4E90D221C6094
:107AE000DE6003F1300013F00AFD019843681B6863
:107AF00003B19847019B1033D3E8EF1F41F0010118
:107B0000C3E8E21F002AF7D101984368DB6913B18B
:107B100000F1100198470835BDE70A60A263DEE76F
:107B200098020300B002030073B50D460646042117
:107B300005F10C0010F071FD2B8A428804469A4230
:107B400007D000921C4A01211C4810F0B2FA02B082
:107B500070BD43783BB90121194A184802B0BDE80D
:107B6000704010F093BA0378012BF0D0132B06D19C
:107B7000022AECD0022300931346124AE3E70221C3
:107B8000114A0E4810F08BFA617802220120356804
:107B900011F0CFFA04460028D9D002210C3010F0A1
:107BA0000CFD0023214603704370284602B0BDE857
:107BB000704011F0EFBA00BF52C803005003030039
:107BC00073C8030094C80300BFC8030008B50B8A3C
:107BD000032B06D80121044A044810F057FA00206C
:107BE00008BDFFF7A1FFFAE7E7C803005003030051
:107BF00038B50B8A0546032B0C4609D801210F4ADC
:107C00000F4810F043FA2046BDE83840FCF740B971
:107C1000042104F10C0010F000FD4188284611F009
:107C2000CAFA30B9074A0B460548022110F037FA64
:107C3000E9E7436821465B699847E4E705C9030023
:107C40005003030022C9030070B5124B0C4619788B
:107C500005460131C9B2012938BF0121082212208D
:107C6000197011F066FA064688B108210C3010F040
:107C7000A4FC22883146028062884280A2888280E9
:107C8000E288C2802846BDE8704011F083BA6FF0E8
:107C90000B0070BDBCC1002023281FD81A2804D8AF
:107CA000431E182B0ED906207047A0F11B03082B8A
:107CB0001ED8DFE803F0051D1B231D19251D050037
:107CC0000320704701230F4A83401A40C2B90E4A6D
:107CD0001A40002A14BF01200620704700F07F03DD
:107CE000522B05D1002070470120704705207047B6
:107CF00010F0400F0CBF0620002070470420704792
:107D000002207047AAAA8A02545545012DE9F84F6E
:107D1000074608460C46FCF71BF818234343DFF8D8
:107D2000C880064608EB0302D2F808A0E16807F114
:107D30005400D0E8AF0FC00709D40121264A2748D4
:107D400011F065FA6FF015052846BDE8F88FE06878
:107D500000781071002248F803200B78D22B0FD145
:107D60003B682146186812F06EFA054640B10121C1
:107D70001B4A1A4811F04BFA2046FCF789F8E3E752
:107D800004F10C0010F061FC182303FB0683B4F827
:107D900010B09F60002381461A462146381DFFF728
:107DA000C1FD05460028CFD010F1690F04D1012193
:107DB0000C4A0A4811F02BFA6369A4F810B013FAC0
:107DC00089F3E36018235E4308EB0603C3F808A0B9
:107DD00048F80650B8E700BF5EC90300000303007F
:107DE00078C903008BC903006C88002008B5EFF345
:107DF0001181402383F31288BFF36F8F0023036048
:107E00000F4B5A68C2B9C3E9000081F31188BFF370
:107E10006F8F0C4807F0ECFB031E0CDA01210A4AB5
:107E20000A4810F03CF9002383F31188BFF36F8FE9
:107E30000323184602DF08BD10605860E5E700BF65
:107E4000648800209C080020AEC9030000030300E2
:107E5000011F014813F050BAA40A00200121024A70
:107E6000024811F0D4B900BFD7C9030000030300D2
:107E700010B5044600F15003D3E8EF1F41F00101B3
:107E8000C3E8E21F002AF7D1201F11F09FFA04F186
:107E90007400044913F02AFC2068BDE8104001F08A
:107EA0008FBF00BF7D8F010070B503788AB0044694
:107EB0000E4607AD032B20D8DFE803F002191B1D87
:107EC0001149284616F05DFE059563781E2104933E
:107ED000A37830460393E3780C4A02932379019305
:107EE00063790093A3790FF049FC0AB070BD08498B
:107EF000E7E70849E5E70849E3E70A212846074A92
:107F00000FF03CFCE0E700BF7BB603009DB603002A
:107F100082B6030089B6030093B6030038D4030089
:107F20002DE9FF414FF000084FF4205305460E465F
:107F3000006802A9144617688DF80880ADF80A3069
:107F400010F0CBFBA0B142F60103286803A98DF81D
:107F50000C80ADF80E3010F0C0FB48B123691BB1A6
:107F60005A88B24200D25E80012004B0BDE8F081A0
:107F70006168286810F0B1FB10B100232361F3E7BA
:107F8000E368A0681A786AB1B7F81AC0798D038AD5
:107F90008C4594BFC3EB0C03C3EB0103934201DA9E
:107FA0000020E2E704210C3010F007FB206106807E
:107FB000236929465E80074B0194009338460023CD
:107FC000A26811F05FFA0028EADB2069003818BFC8
:107FD0000120CAE73394020073B50E46438D418BEE
:107FE00001328B4228BF0B469A42054609D902212D
:107FF00000921B481B4A10F05CF80024204602B097
:1080000070BD3046FFF748FE022810D004280ED07D
:1080100007F0F8FE144BD3F8083183421ED0134BFF
:108020001B681A1A18BF4FF0FF32134601E00023F5
:108030000F4A00210F48FFF757FC04460028DDD007
:10804000FBF786FE18220C4B012102FB003304F1E2
:108050000C009D6010F0B1FA0670CFE70022E4E753
:1080600000030300F4C9030070510020CC880020F5
:108070001C4E0E00D40C00206C880020F0B51D466C
:1080800003680E460039044618BF012187B01868FE
:10809000174611F01AFF40B904F1540011F0B2FA7A
:1080A000002846D0002007B0F0BD002D43D0182294
:1080B0000021684616F08FFC6FB100223946204639
:1080C000FFF78AFF019030B91C4801211C4A11F0CA
:1080D0009EF81120E7E7236829461B68284600938D
:1080E0000023ADF812300C9B164A0393BDF83430D0
:1080F0008DF80860ADF8103001238DF814306B4610
:1081000011F0EFF89DF8143063B1002FCAD0019838
:10811000FBF7BEFE2A46314620469DF8143011F08A
:108120007CFABFE701990029BCD0204611F0E4F8A1
:10813000B8E71220B7E70120B5E700BF000303004E
:1081400019CA0300719202002DE9F347176805462A
:108150008946006851681446D7F804A010F0BDFAAB
:10816000804600284BD195222946504611F03BFE0F
:108170000646207540B1E3681B780BB184F8148083
:10818000002002B0BDE8F0872946504611F0DAFE23
:1081900010B908232375F3E7A068267510F0E0F9FD
:1081A00002210C3010F009FA164B2061A0F8009063
:1081B00000930194334629463846A26811F062F9CB
:1081C000002807DA10F1FF0F32BF0E204042C0B284
:1081D0002075D5E72369002BD2D0A06810F0FFFFEF
:1081E0007B8D7A8B9A4294BFC0EB0200C0EB0300F8
:1081F000E3681B78984294BF00200120C1E701206A
:10820000BFE700BFEF910200F7B50B8A04460D46A9
:1082100007683BB90121284A284810F0F8FF0020E0
:1082200003B0F0BD012105F10C0010F0F6F97B7BE5
:108230000646072BF3D154F8043C002BEFD0002264
:1082400003781F48043C10F8327000EBC2019F42D3
:108250000FD12A8A48788F78904220D90121009343
:1082600016481346174A0FF024FF012FD7D10423D5
:108270001EE001320C2AE6D102211048124A0FF00A
:108280000EFF31780846FFF707FD0028C7D0052804
:10829000C5D006230022204611F0BFF9BFE74B6886
:1082A000204629469847012F0346B8D10028B6D06A
:1082B00000223178EFE700BF32CA03000003030059
:1082C0002497030067CA03004DCA03002DE9F04F4D
:1082D00042F60103002591B0166880460F460068FB
:1082E0000BA9D6F8049014468DF82C50ADF82E301A
:1082F00010F0F3F9002870D04FF42053D8F80000A4
:108300000BA98DF82C50ADF82E3010F0E6F938B1ED
:10831000A3681BB15A88BA4200D25F8001200EE0E8
:108320006168084610F05BFF728D738B9A4294BFB0
:10833000C0EB0200C0EB0300032803D8002011B0FB
:10834000BDE8F08F084610F00BF90546606810F0A4
:1083500046FF728B738D05F10C0B9A4294BFC0EBF4
:10836000020AC0EB030A584610F073F9824537D26F
:10837000606810F034FF728D738B9A4294BFC0EB2B
:108380000200C0EB030070B96368987AFBF7D8FC71
:108390000022002310F0B1F805460028CED0014697
:1083A000606810F0EEF800230093D8F80460102302
:1083B0004146484602AAB047061E0EDB227CE06812
:1083C000B2422BD001460BA810F0B5F960B9237C5E
:1083D000144A022114480FF062FE0023A3609DE7B7
:1083E000584610F036F9CEE7F2B202A906A810F00E
:1083F000A2F910B90D4A3346EBE706A90BA810F015
:108400006CF90028E9D100230421637405F10C0004
:1084100010F0D3F8A0600780A3687EE702A916F0E9
:10842000A3FAEEE786CA030000030300A5CA03000F
:10843000F8B5124A0746002311480D4610F05DF8C2
:10844000044638B901212B460E4A0F480FF027FE8B
:108450002046F8BD00F10C060921304610F0A2F8C4
:108460002046FBF775FC1822084B012102FB003364
:1084700030469F6010F0A1F80570E9E71C4E0E0031
:10848000D40C0020CBC70300000303006C8800203D
:108490002DE9F0410E8A0446043EF6B2022E08464B
:1084A0008CB001D0102E64D104210C3010F0B5F83E
:1084B0000DF1080805884788011D3246404610F036
:1084C0003AF9002857D09DB3002687B3AF422FD387
:1084D0004FF42053404601A98DF80460ADF80630F2
:1084E00010F0FBF840BB1422002107A816F073FA25
:1084F00011212046FFF79CFF0990002837D0012169
:108500000C30CDE9074810F058F800230A9039469E
:1085100003701A4A0B93284607AB10F0E2FE0A9B41
:108520001B78FBB90998FBF7B3FC0A2301E03D4631
:1085300001232A4610210EE042F60103404607A916
:108540008DF81C60ADF81E3010F0C7F80028CAD0B6
:1085500010232A461946204611F05FF800200CB07F
:10856000BDE8F0812046099910F0C6FEF6E711201B
:10857000F5E70420F3E70E20F1E700BF217F0100BB
:108580002DE9F043036804460D4685B001211868C3
:1085900011F09BFC40B904F1540011F033F8B0BB6A
:1085A000122005B0BDE8F08310220021684616F0C5
:1085B00012FA21212046FFF73BFF029048B34FF00B
:1085C0000108DFF85490009405F10C072B8A012B69
:1085D00004D82046029910F08FFE18E0384610F0BB
:1085E0002CF86B464A46014606468DF80C8010F082
:1085F00078FE9DF80C30002BE8D00298FBF748FC81
:108600003246202120469DF80C3011F006F800205B
:10861000C7E71120C5E700BF099702002DE9F04325
:10862000036804460D4685B00121186811F04DFC21
:1086300040B904F1540010F0E5FFB0BB122005B0C2
:10864000BDE8F08310220021684616F0C4F90F211E
:108650002046FFF7EDFE029048B34FF00108DFF827
:108660005490009405F10C072B8A012B04D8204666
:10867000029910F041FE18E038460FF0DEFF6B461D
:108680004A46014606468DF80C8010F02AFE9DF8F9
:108690000C30002BE8D00298FBF7FAFB32460E2193
:1086A00020469DF80C3010F0B8FF0020C7E71120DD
:1086B000C5E700BFA9960200F0B51D460368044651
:1086C0000E4685B001211868174611F0FEFB38B937
:1086D00004F1540010F096FF48BB122005B0F0BD25
:1086E00065B310220021684616F075F93946204618
:1086F000FFF79EFE029018B3BDF828302946ADF86A
:108700000430012328468DF80C300E4A6B46009445
:1087100010F0E7FD9DF80C305BB10298FBF7B8FB59
:108720002A46314620469DF80C3010F076FF002096
:10873000D4E72046029910F0DFFDF8E70120CDE7ED
:108740001120CBE7A99602002DE9F0410E8A0446DC
:10875000043EF6B2022E08468CB001D0102E76D11F
:1087600004210C300FF059FF0DF1040805884788EB
:10877000011D324640460FF0DEFF002869D085B368
:1087800077B3BD422DD80121606811F09EFB0646EB
:1087900078BB42F602038DF8000069464046ADF80A
:1087A00002300FF09AFF20B342F60303404606A9B9
:1087B0008DF81860ADF81A300FF08FFFC8B1012D99
:1087C00003D14FF6FF739F4213D004F1540010F011
:1087D00019FF002814BF002012200CB0BDE8F08162
:1087E0003D4601232A460821204610F016FF0020AE
:1087F000F3E7182200210DEB020016F0ECF8092136
:108800002046FFF715FE0890F8B101210C30CDE9A4
:1088100006480FF0D2FE0023099003700A23394660
:108820008DF82C30284606AB0B4A10F05AFD9DF807
:108830002C302BB10898FBF72BFB9DF82C30D1E79F
:108840002046089910F058FDD1E71120C5E7042013
:10885000C3E70E20C1E700BF498101002DE9F043C5
:108860000F460446062187B007F10C000FF0D5FE35
:108870000588B0F802808288D7F80C90C5B1002333
:10888000B8F1000F13D0454512D88DF800308DF89F
:1088900004304FF42053684601A9ADF80220ADF82A
:1088A00006300FF01AFF064660B10A2301E0454684
:1088B00001232A460621204610F0AFFE002007B013
:1088C000BDE8F0830146142201A83F7C16F083F82E
:1088D00007212046FFF7ACFD0290D8B10A2341469C
:1088E0008DF81530284601AB0B4ACDE90369019498
:1088F0008DF8147010F0F5FC9DF815302BB102982E
:10890000FBF7C6FA9DF81530D3E72046029910F020
:10891000F3FCD3E71120D2E7CD8201007FB5CB680D
:1089200004461D885E8885B176B1B5420DD8102207
:108930000021684616F04FF805212046FFF778FD24
:10894000019058B9112007E0354601232A46042139
:10895000204610F062FE002004B070BD6B46314628
:108960002846084A009410F0BCFC029B23B90198E9
:10897000FBF78EFA0A23E9E72046019910F0BCFCC8
:10898000E9E700BF159302002DE9F04182B000AF86
:10899000044688460022002339463A4806F05AFA2F
:1089A0000546B0B16D4688B06A46374BC2E905341A
:1089B000032342F8103F00234FF4C2513348F9F724
:1089C00075FDAD466FF00B0630460837BD46BDE875
:1089D000F08107F017FA3E682D4B282218602946CF
:1089E000301D15F0F8FF34603C6800220023C4E914
:1089F0000155C4E909552748391D7D6006F02AFA5A
:108A0000064688B123686C4688B06A462249C2E9A6
:108A10000513032342F8103F4FF4C4512B461B4863
:108A2000F9F744FDA546CDE77B680146B02218461C
:108A300015F0D1FF194A82605C3012F060FD7B684E
:108A40005433D3E8EF2FC3E8E16F0029F9D17B68F5
:108A50001C60636A7D681BB904F10C0012F04FFDC5
:108A6000626A05F1A803C5F8A820A26A636202B988
:108A7000A36217227B685A855A830433C8F80030F2
:108A8000A2E700BF880A0020C4CA03000003030055
:108A9000CC880020A40A0020E9CA03007408002042
:108AA00008B5437B072B06D002210C4A0C4810F076
:108AB000AEFB002008BD042110F07DFB10B9094A6F
:108AC0000121F3E700F15003D3E8AF3FDB0701D406
:108AD000054AF5E750F8040CECE700BF0ECB0300A5
:108AE000000303001CCB03005EC903002DE9F04F17
:108AF00085B000AFB860EFF31188402383F312888C
:108B0000BFF36F8F574C204610F05FFB2668054679
:108B100088F31188BFF36F8F00285ED0FBF718F938
:108B2000182202FB00F35049C81851F803A003694A
:108B30000021D0E90248FB6090F80490B0F806B03C
:108B400015F049FFA87AFBF7FBF86969034659B1AC
:108B50006A7AD00706D45A6A284612687B609268FF
:108B600090477B6800226A612946184612F0DEFCB5
:108B7000B9F1000F0DD064B1236853B11B6843B144
:108B8000BAF1000F2DD001215346384A38480FF072
:108B900086FA16B30020B96812F076FD00281CDAB8
:108BA0006C468AB06A46334B5361334BC2E9063098
:108BB0004FF400731384314B42F8103F00234FF4FD
:108BC00011512B48F9F772FC0023A54683F3118855
:108BD000BFF36F8F0323184602DF1437BD46BDE88D
:108BE000F08F201D10F00FFE4846FFF755F80528BE
:108BF000CFD801A353F820F03D8C0100118C010067
:108C0000938B01003D8C0100938B0100118C0100BE
:108C100004F15403D3E8AF3FDA0705D40121184A21
:108C2000134810F0F4FAB4E7A36D002BB1D0002381
:108C3000144A04F1780006F07FFDAAE754F8543B8B
:108C40001D68D4E8AF3FDB07E8D5B8F1000FA0D02E
:108C5000002403E02846F968C0470134A3B25B450D
:108C6000F8D396E7648800206C88002037CB030097
:108C70000003030056CB03000DCC030004000001E9
:108C80005EC903001C4E0E00F8B50F461646FFF7EE
:108C900007FFB0B1446A20461CB150F8A84904B19E
:108CA000A83C731C194638B1428D458BAA4228BF97
:108CB0002A469A4207D264B902210A4A0A480FF0AA
:108CC000EEF90020F8BD32463946BDE8F840FFF71E
:108CD00083B9D4F8A85005B1A83D20460B462C46D0
:108CE000E2E700BF71CB030000030300002337B5A8
:108CF00005460C46019307F085F80F4B1B6883422D
:108D000004D00E4BD3F80831834201D100252C4604
:108D100001A92A4623460A4806F09CF8014640B9B4
:108D2000019B1C22184615F056FE0346184603B058
:108D300030BD0023FAE700BFCC880020705100202E
:108D4000C00A002010B50446806818B1FBF7A0F8EF
:108D50000023A3602146BDE81040014812F0CCBAC0
:108D6000C00A00202DE9F347044678300E46174626
:108D70001D4612F0C7FCA06D58B918480221184AC8
:108D800010F045FA204600F0D9F8002002B0BDE806
:108D9000F087144B4FF00008984205D12068C4F8C2
:108DA000588010F061FDF0E7D0F80490C0F804801E
:108DB000A06DD0F818A0FFF7C5FF2068C4F8588050
:108DC00010F052FDB9F1000FDFD02068CDF800A0FF
:108DD0003B46324629460068C847D6E700030300F1
:108DE0008CCB0300D088002070B5054650F8043CB9
:108DF000044655F80469002B3AD039B1436D002B75
:108E000036D01B7CDA0733D505231BE0304601F052
:108E10001DF8737A012B2BD0646D4CB3237CDB07D8
:108E200026D5E368002BEFD028466269617CFFF706
:108E3000D3F8064668B9637C01210E4A0E480FF04C
:108E40002EF90E2300222846BDE870401146FFF798
:108E500089BFE368D4E90512984718B13046FBF79B
:108E600017F8EEE731462846FEF750FF0028F5D107
:108E700070BD00BFA3CB030000030300F7B550F89B
:108E8000044C0546002C55D000F1A40104F1240047
:108E900010F09FFB2E1F05F15807002200233846D3
:108EA00006F0A2F9024658BB6B6D2BB101466FF07C
:108EB00067033046FFF756FF002345F8043C05F1F1
:108EC0005003D3E8EF1F21F00101C3E8E21F002A9D
:108ED000F7D1636A73BB04F10C060022002330460D
:108EE00006F082F978B9666886B92146124826608C
:108EF00012F002FA286803B0BDE8F04000F0BABFF3
:108F0000FAF7C6FFC9E7FAF7C3FFE6E7A2683368D6
:108F10009642636008BFA36077683FB1B3696FF0A2
:108F200067010093002320681A46B8473046FFF7D0
:108F300009FFD8E703B0F0BD880A002030B5054628
:108F4000044655F8043B89B0186810F01FF86946CC
:108F5000FEF7AAFF2846FFF791FF132160680FF084
:108F600087FF034620B10121024A03480FF097F81A
:108F700009B030BDC3CB030000030300B0B588B017
:108F8000044654F8783D00AF18680FF0FFFF3946EB
:108F9000FEF78AFF6D4688B06A460B4BC2E905377B
:108FA0004FF400739383094B42F8103F00234FF4B2
:108FB000E2510748F9F77AFA2046AD46FFF7BEFFBF
:108FC0002037BD46B0BD00BFE1CB03000300000168
:108FD00000030300F8B51D460F461646FAF7B8FE23
:108FE0001823044C03FB00400123C0E90376C3802F
:108FF0000575F8BD6C88002008B514F0F6F938B195
:1090000001210346034A04480FF049F86FF00400B9
:1090100008BD00BF30CC03003003030070B5064626
:10902000134D40B12A4615F8011C6C1E0FF08EFF3F
:1090300098B120460CE028460E4910F06EFD40B96C
:109040000C4905F1100010F068FD20B105F10F008A
:1090500070BD681EFCE70020FAE73046217C04F171
:1090600011020FF073FF0028F5D004F11000EFE7B4
:109070000589002068B6030070B50D4C05462378BD
:109080000E46834203D1601C10F047FD60B9237B7C
:10909000AB420BD13146074810F03FFD18B101201B
:1090A0000C2303FB004070BD0020F9E70020FAE725
:1090B0005EC000206BC0002038B54A1C0C46054637
:1090C00068B910460D4910F028FD30B90B4904F17C
:1090D0000B0010F022FD70B10A3420460CE0097834
:1090E0000FF034FF0028F8D12846A17A04F10B02D2
:1090F0000FF02CFFEFE7002038BD00BF68B603007B
:109100001FB519464FF428131046064ACDE902232D
:109110000823BDF8182000936B4410F03CFD05B007
:109120005DF804FB18002800024608B50749013025
:1091300010F006FD00230C3202F8043CD2E8EF1FC9
:10914000C2E8E03F0028F9D108BD00BF68B60300BF
:109150002DE9F04180460F4616461D46FFF78CFF6D
:10916000044680B90F49FFF787FF044630B9BDE8D0
:10917000F04101210C4A0D480EF088BF394600F835
:10918000018B10F0DDFC228963891AB92BB9268185
:10919000658104E0964238BF26819D42F8D8BDE83B
:1091A000F08100BF68B6030046CC03003003030023
:1091B0002DE9F047284B1646826807469A422BD184
:1091C000C568AB8A43B34FF000086C1C05F1150964
:1091D000B4F807309BB12246304614F8011C0FF05A
:1091E000B5FEE0B9214614F8010CFEF707FA30B1DC
:1091F000437B072B08BF4FF00108FDF7CFFD0A3472
:109200004C45E5D1B8F1000F06D1AB69A5F8148043
:1092100013B14146384698470120BDE8F08706F172
:10922000700A5146307A0FF0C2FB78B90B4B9D4261
:1092300002D1304610F03CFD2046094910F080FC78
:10924000002304F8013CA4F80730D8E75146204633
:1092500010F076FCD3E700BF65920100C40800203F
:1092600068B603002DE9F8431E46BDF8203081465C
:109270000F46D1F80C80002B45D1731E012B45D829
:10928000012E4146157818BF1588FFF715FF0446D3
:10929000C0B915B93046BDE8F8834146FFF70CFF69
:1092A000044638B91B4802211B4A0EF0EFFE6FF04E
:1092B0001000F0E709F17001013010F041FC99F85D
:1092C00008302370D8F81C308BB92581B8F81430D9
:1092D000AB4203D04146384610F039FC002DD9D1BD
:1092E0000E49601C10F02CFC25702581D2E72A461F
:1092F0003946484698470028CDDB01380128E4D993
:109300006FF00D00C7E76FF00600C4E76FF00C00C8
:10931000C1E700BF3003030065CC030068B603005B
:109320002DE9F0411F46BDF818300646012B904646
:1093300034D83B44012B3D4633DCFFF76FFE044637
:1093400068B9FFF76BFE044648B90221184A19486C
:109350000EF09CFE6FF010052846BDE8F08197B135
:109360000023217A98F8002021FA03F0C70703D5DB
:1093700022FA03F0C00717D50133032BF4D102F012
:10938000070211432172601C06F1700110F0D8FB36
:10939000337A2046237010F0B6FCDDE76FF0060547
:1093A000DAE76FF00C05D7E76FF01205D4E700BFDE
:1093B0007FCC03003003030010B504461048D0E80A
:1093C000EF3F23F00203C0E8E23F002AF7D1D0E8E4
:1093D000AF3FDA0704D500220023303806F0ACF99D
:1093E000204610F007FB50B12046FFF717FE30B1C2
:1093F000037ADB0703D5BDE8104010F084BC10BD34
:1094000068410020012110B5144810F08EFBC307FD
:1094100023D40221114810F088FB084007D11049DD
:10942000104A0B88104CA24211D300B10B800F4997
:109430000F4812F05BF940F2391200230C48FAF79A
:109440002BFFBDE810400B490B4812F04FB9506894
:10945000083203449BB20120E5E710BD24890020B7
:1094600076C00020D0020300E8020300D19601007C
:10947000C0400020259A01003841002003462DE914
:10948000F04148B1008A38B901244FF0140C114959
:10949000DFF844E0714501D3BDE8F081D1E9007601
:1094A000BB4204D30CFB0672143A93420ED93444E7
:1094B000A2B214460831EDE70CFB0578434507D00E
:1094C00001356219B54292B2F6D1F2E70025F8E70C
:1094D0001046E1E7D0020300E80203002DE9F74F50
:1094E00099464FF6FF73BDF830500746002D08BF70
:1094F0001D46244B90461B88009183423CD203B00A
:10950000BDE8F08F73682344BB4232D29CB2083668
:109510001D4B9E42F6D3F2E74046895801930FF067
:10952000DCF8019B90B101340AF1010AA4B273681E
:109530005345ECD9009B9C42E1D8BC423168F2D340
:109540000BFB0AF28B18B8F1000FE5D1B9F1000F4F
:109550000BD1013D1846ADB221460E9A0D9B98479E
:10956000002DCCD00028DED1C9E7DA689145DAD1E8
:10957000EFE74FF0000ADAE701244FF0140B034E37
:10958000C6E700BF76C00020E8020300D002030057
:10959000002110B5ADF5227D182205A8CDE90011F6
:1095A000CDE9021115F017FA4FF41053ADF8103051
:1095B00080231022ADF812304FF48063234C6946AB
:1095C000CDE906340DEB0200A0AB08F025FB034605
:1095D00038B11F4A01211F480EF061FD0DF5227DB3
:1095E00010BD01464FF415720BA815F0F4F9224690
:1095F000A0990BA813F0F6FE034608B1164AE9E756
:109600004FF6FF710120154A0BAB10F0DFFB102263
:10961000134904AB0BA813F0FCFE0446A09808F015
:10962000ABFA14B10F4A2346D4E721460C4B03F1A1
:109630001002187812F8014D0131082903F8014B86
:109640001070F6D1084810F070FAC7E70002C003A6
:10965000ABCC030030030300D4CC0300759A0200A6
:10966000B0400020F2CC0300684100202DE9F04119
:1096700014490646A1F1300014461D46BDF8187085
:1096800012F053F8104BD3E8AF3F190701D4FFF79E
:109690007FFF3046FFF7C2FC50B1037ADA0707D5E7
:1096A0000C30D0E8AF3FDB0702D4022110F03DFAC6
:1096B00010233A46069329462046BDE8F041034B65
:1096C00010F069BAF040002068410020B04000204E
:1096D000034BD3E8AF3F1B0701D4FFF759BF7047D7
:1096E00068410020002307B50193FFF7C7FE411C26
:1096F00089B20846034A01AB10F068FB019803B039
:109700005DF804FB399A02002DE9F04387B0437BF2
:109710008046072B0C46164602AF40F0A58000237A
:109720003B7342F603032068FB8107F10C010EF046
:10973000D4FF0546002834D1D4F80490B9F1000FC5
:1097400005D101214B4A4C480EF0A0FC8CE00123CE
:109750002146009007F10802C847031E11DA6E4641
:1097600088B002AAD36104234449C2E9051442F82F
:10977000103F4FF401512B463F48F8F797FEB5468E
:1097800072E0012B05D001213D4A3B480EF087FCD9
:109790006AE03B7A13F0300F66D02046FFF7A2FF55
:1097A0000446002320683B7342F6021307F10C01C4
:1097B000FB810EF092FF18B12046FFF793FF04469D
:1097C000002542F60219206839463D70A7F802903C
:1097D0000EF083FF10BB002320683B7342F6021398
:1097E00007F10C01FB810EF078FF054600283BD104
:1097F000D4F80490B9F1000FA3D0022300902146C1
:10980000404607F10C02C847031EA8DB022BBAD161
:10981000BB891E4214BF0120002026E042F603034C
:109820002068391D3D71FB800EF057FF0028D2D013
:109830004FF42053206807F108013D727B810EF040
:109840004CFF0028C7D042F60103206807F10C0145
:109850003D73FB810EF041FF0028BCD02046FFF78E
:1098600041FF04460028AED100201437BD46BDE8B4
:10987000F08300BF08CD0300300303001CCD0300BC
:1098800042CD03002DE9F8431546894694226968C4
:10989000064610F0A8FA8046002841D10222304640
:1098A0006968FFF731FF00283DD000211F48AF8ACB
:1098B000FFF71CFA0237044680B11D211C4B47619B
:1098C0003A464174C0F80C80436085613046FFF72A
:1098D000DBF9074638B92046FFF734FA6FF00B057D
:1098E0002846BDE8F883012342464146FFF772FB54
:1098F000A98A07F10C0002310EF05FFE20F8029BEE
:10990000AA8A296915F040F821463046A76010F070
:1099100054F805460028E3D02046FFF713FADFE7A6
:109920004FF0FF35DCE76FF01505D9E71C4E0E0050
:109930003F9A020030B504460D468BB0364BD3E853
:10994000AF3F5A0761D510B1437B072B60D16868E0
:109950000590FFF793FD2A68ADF818003AB305A902
:1099600002912E4900230191012100914FF6FF71D0
:109970000593FFF7B3FD059B1BB96FF001000BB01A
:1099800030BD6B60059B04A9186800238DF810306A
:1099900042F60303ADF812300EF09FFE70B9059841
:1099A000C3689B799B0605D46FF01500E7E7002894
:1099B000E8D1E2E710F0C3F9ADF81800BDF81800DF
:1099C0003CB1012301462A462046AB75FFF75AFFFA
:1099D000D5E76FF07F0307930223ADF8203042F6FE
:1099E0000213ADF8123005ABAC7502930C4B4FF679
:1099F000FF710193012304AA0093234609958DF872
:109A00001040FFF76BFD0798B9E76FF00A00B6E763
:109A10006FF07F00B3E700BF4C0400206D9A020096
:109A2000999C0100034613B550F8082CA0F12001C1
:109A3000019200F13004D4E8EF2F22F00102C4E8D3
:109A4000E02F0028F7D10D4A002043F81C2C0C4AC7
:109A500023F8080C43F8182C01AA43F8102C042210
:109A600023F8060C23F80C2CFFF764FF18B9022129
:109A7000204610F05AF802B010BD00BFC097030096
:109A8000B99301002DE9F84F904614683F4B826866
:109A900005469A4200AF75D1D0F80C9009F1010645
:109AA00009F1150AB6F80730F3B13246204616F828
:109AB000011C0FF04BFAB8B14FF4957229462046BD
:109AC00010F091F930B3032812D1EB4688B06A4602
:109AD0002F4BC2E9053542F8100F00234FF4C45153
:109AE0002C48F8F7E3FCDD460A365645DAD149E062
:109AF000052820460CBF4FF0030B4FF0020B0FF070
:109B00001FFA834506D998F804305B45ECD288F8F3
:109B100004B0E9E74946284610F019F81E4B99456C
:109B200030D1207A04F17001FFF7A6FA054648B358
:109B300003890BB943892BB32046FDF77BFA2B89A8
:109B4000164A698922F8203002EB800359801823D5
:109B50001349144D03FB001300B202EB80021A619B
:109B6000042200EB40005D600F4D01EBC001204678
:109B70009D609A82FFF7DEFE20B101210B4A054865
:109B80000EF084FA0120BD46BDE8F88F6592010011
:109B90005BCD030030030300C40800205AC000203E
:109BA000EC880020C09703000F9D02006FCD0300DA
:109BB00030B504460D468BB0344BD3E8AF3F5A075F
:109BC0005DD510B1437B072B5CD168680590FFF72A
:109BD00055FC2A68ADF818003AB305A902912C4942
:109BE00000230191012100914FF6FF710593FFF7CA
:109BF00075FC059B1BB96FF001000BB030BD6B60AD
:109C0000059B04A9186800238DF8103042F6030361
:109C1000ADF812300EF061FD70B90598C3689B79FC
:109C2000DB0605D46FF01500E7E70028E8D1E2E78E
:109C300010F085F8ADF81800BDF818002CB10146F9
:109C40002A46204610F00AF9D7E76FF07F0342F664
:109C5000021207930123ADF8122005AA02920D4AC1
:109C6000ADF82030CDE900324FF6FF71234604AA4B
:109C700009958DF81040FFF731FC0798BDE76FF0AC
:109C80000A00BAE76FF07F00B7E700BF4C0400207E
:109C90006D9A0200999C01002DE9F84F1446444B3F
:109CA000826881469A4236D1D0F80CA0414B9A4541
:109CB00019D10026404D414F394628460FF02DFF5F
:109CC00078B90722294615F8010CFDF7E9FC38BBE5
:109CD000236929461A6915F8010C53881288FFF781
:109CE00037FA0C35D6B10AF101070AF1150BB7F8AE
:109CF0000720A3899A420BD1394617F8010CFDF7CA
:109D00007DFC054620B1437B072B0CD0FDF746F8C0
:109D10000A375F45EBD14FF0010846E00126CBE75B
:109D2000FDF73CF8DDE7DAF8203023B149469847E3
:109D300008B92846EAE794224946284610F053F825
:109D400080460028F5D1A389022B15D1B7F807303A
:109D500013F0020604D12846FDF720F8A660D7E7E5
:109D600028462269A188FFF78DFD0646B8B9226909
:109D7000937D01339375EEE7012B05D02846FDF75F
:109D80000DF8C4F80880C3E7B7F8073013F00106F0
:109D9000E1D028462269A18810F060F806462846DE
:109DA000FCF7FCFF002EA660B2DA4046BDE8F88F53
:109DB00065920100C40800205FC0002068B603005F
:109DC00013B50446009001204FF6FF716B460C4A14
:109DD0008DF804000FF0FAFF20460FF0B1F89DF85F
:109DE0000410884209D220460FF079F8034620B1CA
:109DF0000221044A04480EF052F902B010BD00BF1F
:109E0000859A01008CCD030030030300F8B50E4B9A
:109E100005461B680E461746A3B11C6804B1043CF6
:109E200053F8043C1BB13A463146284698474CB19A
:109E3000234664681B681CB1043C002BF3D1F7E790
:109E4000002BF0D1F8BD00BF2889002013B50446CF
:109E5000009001206B46064A4FF6FF718DF8040012
:109E60000FF0B4FF0021204610F02FF802B010BD13
:109E7000859A010070B5044603464FF6FF71012034
:109E80000D4A0FF0A3FF2046FFF7C8F8054688B13A
:109E900004F170063146207A0EF089FD20B928467B
:109EA000BDE87040FFF740B93146681CBDE870401E
:109EB0000FF046BE70BD00BFB191010008B5054B63
:109EC0000146184610F046F8043B002814BF184617
:109ED000002008BD74410020084B00F5B8701A68D6
:109EE000074BD0E8EF1F994204D1C0E8EC2FBCF13A
:109EF000000FF6D1D0E8AF0F704700BF10880020E8
:109F00007041002008B5FFF7E7FF0346C8B1D0E96C
:109F1000001221B9002A0CBF0320022010E032B148
:109F2000836813B9094B1B7833B9042008E007494B
:109F3000087828B19B6833B9003A18BF0122500055
:109F400008BD0320FCE70120FAE700BFBDC10020E7
:109F500008B50121024A03480FF0FAFF002008BDAE
:109F6000C0CD0300780303000023024A00F5A0706F
:109F700005F0E2BB1C4E0E000221024A02480FF01F
:109F8000E7BF00BFDBCD03007803030038B5002333
:109F900004461A46EC300D46FDF7C4FC58B1693052
:109FA00004D10121064A07480FF0D2FF2846BDE838
:109FB0003840F9F76DBF2046BDE83840FFF7D4BF01
:109FC0008BC903007803030038B50446051D08213A
:109FD000284610F014F8084904F15700FCF7D4FCA7
:109FE00048B1082128460FF0F0FF04480121044A37
:109FF0000FF0AEFF082038BD4DA202007803030029
:10A00000F4CD030038B50546EC22002114F0E3FC42
:10A01000102105F1270003F031FE044648B905215F
:10A0200028460FF0ECFFFCF7A1FC034B186020461C
:10A0300038BD0824FBE700BF3089002070B5051D3E
:10A040000E46284604210FF085FF68B1002200214A
:10A0500000230846FDF748FC044638B90421284689
:10A060000FF0CDFF204670BD034AF0E701210C3010
:10A070000EF0A3FA0670F5E71C4E0E0070B504460C
:10A080000E4686B0FFF728FF04F137021146F36849
:10A09000054603F1100053F8046B834241F8046B4A
:10A0A000F9D1237A052B00F29580DFE803F017231E
:10A0B0002303936A02AB4B490093096804F1270319
:10A0C00004F1570001F076FA58BB0A21201D0FF069
:10A0D00096FFAB680299D4F8EC00984720460D2112
:10A0E0000FF08DFF201D10210FF089FF20460FF08B
:10A0F00096FF20E094F8DC10D4F8D83002ADCB40C5
:10A10000384903F001030095096843F0800304F126
:10A11000570010F04FF930B10121334A33480FF0A6
:10A1200017FF082007E01022294604F1170014F059
:10A130001BFC10B1042006B070BD032120460FF0B7
:10A140005EFF0FF06CFF0028F5D194F8DC3001338E
:10A15000DBB2142B84F8DC3009D10D2120460FF03E
:10A160004EFF1021201D0FF04AFF0020E3E71021D1
:10A1700004F1270003F082FD003818BF0120C00061
:10A18000D9E7102104F1270003F078FD0028C8D199
:10A1900035B3EB6823B3164BE27A1B88D207ADF8D0
:10A1A0000830A37C03F0010312D4002B14BF012359
:10A1B00003238DF809300023201DC4E938330C2116
:10A1C0000FF01DFFEB68D4F8EC0002A99847CCE72C
:10A1D0005B00EEE70121074A04480FF001FFA0E70A
:10A1E0000220A8E7308900200DCE03007803030089
:10A1F000640A030026CE03002DE9F047044690B020
:10A200000CAD10220021284614F0E5FB237A052B23
:10A2100034D8DFE803F0060303063323D4F8D8303C
:10A220000C93D4F8EC3004F1470204F1C707CDE9F0
:10A23000017204F1370803F17E0204F1270900924C
:10A2400041464A46773304F1970001F04BF9F0B1EB
:10A25000454A012145480FF07BFE14E0D4F8E43074
:10A26000002BDED02E4603F11007324618685968DD
:10A27000083303C2BB421646F7D1D2E701213C4A5C
:10A280003A480FF0ADFE082010B0BDE8F087D4F8D2
:10A29000EC3008AE03F177027E33019304F1110331
:10A2A0000292009342462B4649463846039610F0E8
:10A2B000A6F808B12F4ACCE7237A052B0ED1D4F8A3
:10A2C000E01011B30B46AC4601F1100E624618685F
:10A2D0005968083303C273459446F7D1D4F8EC307B
:10A2E0000DF1100A03F17E027733019304F10A03A2
:10A2F000029200934A462B4641463846CDF80CA0C0
:10A3000010F07DF830B11C4AA3E71022284614F063
:10A3100062FBE3E71022514604F1B70014F024FB7E
:10A32000F8B90D212046FFF789FE07460028AAD07C
:10A3300010210C300EF041F932460346164603CE8A
:10A34000AE4218605960324603F10803F6D139462F
:10A350002046FFF71BFE201D01210FF050FE0020BC
:10A3600092E70B2090E700BF42CE03007803030082
:10A3700026CE030057CE03007ACE030073B5047ACD
:10A380000546022C23D844B190F8DC30D0F8D840F0
:10A39000DC4004F0010444F0800403212846FFF768
:10A3A0004DFE0646D8B110210C300EF006F9009093
:10A3B00012482346006805F1270205F157010FF006
:10A3C000F9FF044680B13046F9F762FD07E0032C3F
:10A3D00008D0234601210A4A0A480FF001FE08204E
:10A3E00002B070BD0024D8E731462846FFF7CEFD05
:10A3F000281D21460FF0E9FD2046F1E730890020B5
:10A4000026CE03007803030070B5061DCD68044610
:10A410000B2130460FF0D9FD2B4604F1170205F150
:10A42000100153F8040B8B4242F8040BF9D1237A44
:10A43000012B09D0022B13D1204604210FF0DFFDA0
:10A44000BDE87040FFF79ABF0A2130460FF082FD49
:10A450000028F1D0304600210FF0D1FD002070BD62
:10A4600003480121034A0FF0BBFD0820F7E700BFB6
:10A470007803030026CE0300F7B50446FFF72CFD52
:10A48000251D06460E2128460FF064FD70B94E4B7F
:10A490002022196804F1570014F066FA30B902213D
:10A4A0004A4A4B480FF054FD082033E00C21204667
:10A4B000FFF7C4FD07460028F6D040210C300EF00F
:10A4C0007CF8414B02461B68014603F1200053F81B
:10A4D00004CB834241F804CBF9D1203203F12001AF
:10A4E00053F8040B8B4242F8040BF9D1394620464D
:10A4F000FFF74CFD237A052B5DD8DFE803F0033C22
:10A500000D035C59042120460FF079FDFFF736FF5B
:10A5100000283FD003B0F0BD2046D4F8EC70FFF720
:10A52000DBFC04214FF0FF3306460DEB01000193E5
:10A5300003F0A4FB0028B7D1019B264A84F8DC0075
:10A54000B3FBF2F102FB11330193C4F8D83056B1DA
:10A55000336843B10B2128460FF051FD384633686C
:10A56000D4F8D8109847032120460FF048FD0E215B
:10A570000FF045FD0EE0204603210FF040FD0E21B7
:10A580000FF03DFD28460A210FF039FD7368D4F81D
:10A59000EC009847284607210FF031FD0820FFF70F
:10A5A0008DFC70B9204603B0BDE8F040FFF70CBD4C
:10A5B00004212046DCE70121074A05480FF010FD81
:10A5C00072E70020A6E700BF308900209ECE03007E
:10A5D0007803030040420F0026CE030070B5044606
:10A5E0000E4604F15705FFF777FC2A46F36803F19E
:10A5F000200153F8040B8B4242F8040BF9D104F10B
:10A60000770203F1200153F8040B8B4242F8040B4C
:10A61000F9D12846FCF710F900B303211C4A1D4864
:10A620000FF096FC0E21201D0FF0E9FCD4F8EC5041
:10A63000D5F8A43033B9287A05F1700100F0AAFEEC
:10A64000C5F8A400D5F8A4309BB15A8A02F02402C0
:10A650007AB15B7C9B070CD4032070BD2846FCF7C5
:10A66000F7F830B90B4802210B4A0FF071FC0B20B0
:10A67000F3E70A4B1D682DB9201D06210FF0BFFC22
:10A680002846EAE72046BDE87040FFF7F5BE00BF68
:10A69000B9CE030078030300DACE0300308900202E
:10A6A00038B504460D49A0F1EC05543011F01EF800
:10A6B00028460FF017FD0A4A04F18403D3E8EF1F80
:10A6C000C3E8E02F0028F9D14FF0FF338834D4E8F5
:10A6D000EF2FC4E8E13F0029F9D138BDF1B1010005
:10A6E0007041002080B500AF88B06A46074BC2E9D0
:10A6F0000530032342F8103F00234FF4C2510448B1
:10A70000F7F7D4FE6FF00B00BD4680BDF6CE030018
:10A7100078030300054BD3F8EC200AB1FFF7E2BF42
:10A720000348EC33586010460B60704770410020BE
:10A73000C49803002DE9F0410B46064600AF0D21F9
:10A7400004300FF007FC78B3DD68D6F8EC30022057
:10A7500003F170084246197A0FF0F2FD0446C8B9B9
:10A760004046F9F73DFD6D4688B06A46114BC2E997
:10A7700005304FF4007393830F4B42F8103F0F489E
:10A7800023464FF4E251F7F791FE0820AD46BD464F
:10A79000BDE8F0812B462E3405F1100253F8041B5E
:10A7A000934244F8041BF9D1304609210FF027FCED
:10A7B0000020ECE71BCF0300030000017803030037
:10A7C00038B5134B05461B78E3B101F00F0428465A
:10A7D000FFF798FB0F4B03281B780CBF04F00B040A
:10A7E00044F0040405F5BA70D0E8EF2F013203D12C
:10A7F000C0E8E13F0029F7D1D0E8AF3F2BB144F0EA
:10A80000010038BD01F00704E1E704F0FE00F8E7BD
:10A81000BDC10020310A0020F8B50D460446D0F82D
:10A82000EC60FFF759FBEF68FB78102B01D0062096
:10A83000F8BDD6F8A4305BB1251D0F2128460FF0D6
:10A8400089FB80B92046FFF7DDFB60B1C0B2EFE7BE
:10A85000307A06F1700100F09DFDC6F8A4000028D2
:10A86000EAD10820E4E7012363723B682046C4F87C
:10A870000A30BB88E38102232374B978FFF7A0FF75
:10A88000E0742046FFF73EFB1023607423753B798C
:10A8900003F0030363757B7903F00103A375E37C85
:10A8A0001A070CD5BB781B0709D5052128460FF0E0
:10A8B000A6FB637D03F0020363750023A3750521E6
:10A8C00028460FF047FB002843D04C4B1B78A3745D
:10A8D000E37C980606D5BB78990603D51421284653
:10A8E0000FF08DFBE37CDA0735D5BB78DB0732D57B
:10A8F0000D2128460FF083FBA37D032184F8E83067
:10A90000637D284684F8E9300FF079FB237BE17CF6
:10A910003F7803EA0102100704D5E27AA07C0243E3
:10A92000D2071CD4042F1CD80B4313F0040307D008
:10A930002046FFF7E7FA324B07EB87073B441B5CE7
:10A9400023722046D6F8A4100FF00AFB58B9032052
:10A950006EE72C4BBAE700236375A375CCE705239C
:10A96000EEE70023ECE7D4F8EC309B7A032B36D0EB
:10A9700024D8013B012B3FF674AF052128460FF088
:10A98000E9FA0028E3D00C2120460FF038FB022121
:10A99000FFF754FB054600283FF463AF06210C3057
:10A9A0000DF00BFED4F8113029460360B4F81530D1
:10A9B00083802046FFF7EAFA002039E7042B7FF472
:10A9C00050AF237D627B934228BF1346102B7FF448
:10A9D0002EAF052128460FF0BDFA0028B7D0237A04
:10A9E000002BB4D0052128460FF0B4FA0028C4D1BA
:10A9F000237A013B012BC0D8A9E700BFBFC10020CB
:10AA00002FD10300BEC100202DE9F041C6780446D5
:10AA1000012E04D06FF015042046BDE8F0810FF040
:10AA2000E1FA0546002800F0AB80071D04213846F6
:10AA30000FF090FA002840F0A680032138460FF06E
:10AA400089FA10B16FF00F04E6E7314638460FF08F
:10AA500081FA0028F6D12846FFF73EFAD5F8EC3007
:10AA600006469B7A032B42D032D8013B012B48D9B2
:10AA70000F21201D0FF06EFA0028CBD1D4F8A4309E
:10AA800083B904F1700632462020217A00F0BCFC24
:10AA9000C4F8A40030B932460420217A00F0B4FC96
:10AAA000C4F8A400D4F8A430002BB3D05A8A12F012
:10AAB000240FAFD0A17A022923D9587CC007A9D589
:10AAC00003291ED09206A5D51B7C102BA2D118E01D
:10AAD000042BCDD12846FFF715FA032804D1002E08
:10AAE000C6D0F368002BC3D0284B1B7807E028465C
:10AAF000FFF708FA032804D1002EB9D0F368002B21
:10AB0000B6D0D4F8A4303BB12846FFF77BFA044610
:10AB100070B16FF068047FE7207A04F1700100F0F3
:10AB200039FCC4F8A4000028EED16FF00B0473E7E1
:10AB30000B212846FFF782FA06460028E9D00121BA
:10AB40000C300DF03AFD092180462846FFF738FE0B
:10AB50002346224688F80000314605F1EC00FCF758
:10AB6000E1FE044618B13046F9F792F954E7384649
:10AB70000F210FF044FA012128460FF040FA4BE76D
:10AB80006FF07F0448E76FF0040445E7BDC1002083
:10AB9000F8B5D0F8EC400646D4F8A430051D002BDB
:10ABA00033D102213D4A3E480FF0D2F907213D4BF7
:10ABB0005F5CD4F8A4304BB11B7C002B57D1D4F888
:10ABC000A4000FF0D1FB0023C4F8A43002212846D2
:10ABD0000FF0C0F948B9072F94BF334B1F213A46F5
:10ABE000204698BFD95DFCF7B5FC032128460FF03D
:10ABF000B1F938B32D4B1B6823B31D6805B10C3D6B
:10AC000053F8083C002B3BD13DE051BB0D212846B9
:10AC10000FF0A0F9254B07461B689BB11D6805B1D5
:10AC20000C3D53F80C3C13B13946204698474DB1C2
:10AC30002B46ED681B681DB10C3D002BF4D1F7E7E6
:10AC4000002BF1D130460FF04DFA637B072B24D156
:10AC5000627AA37A9A4220D02046BDE8F840FFF7F6
:10AC6000D3BE0139C9B20E29A1D90927A1E7022112
:10AC700028460FF06FF90028A1D1A7E70C3D23B1BA
:10AC8000394620469847002DDCD02B46ED685B689E
:10AC9000002DF3D1002BF3D1D4E7F8BD35CF03005D
:10ACA0007803030020D103000FD10300088800209F
:10ACB000F8B5031D06460F46184602210FF04AF963
:10ACC000044620B1B6F8E840B4FA84F464090321DC
:10ACD00018460FF03FF980B139463046FFF758FF6C
:10ACE000C4B1022119481A4A0FF032F90521D6F8E9
:10ACF000EC000EF0BDF80020F8BD012118460FF061
:10AD000029F90028E8D10F2118460FF023F900286F
:10AD1000E2D1E5E705213046FFF790F9054688B115
:10AD200001210C300DF049FC2346077022462946CC
:10AD300006F1EC00FCF7F6FD0028DCD02846F9F718
:10AD4000A7F8D8E76FF06800D6E700BF78030300E4
:10AD50005FCF0300124B10B5044618604FF0FF326E
:10AD60004FF0FF330F4804F077F90F4804F0EAFC86
:10AD70000C4804F0E9F91CB9BDE81040FFF7FCB835
:10AD80000A4B1C1FD3E8AF3F5B0607D52046FFF7F1
:10AD900073FB014610B12046FFF78AFF10BD00BFCC
:10ADA000308900200009002014090020744100208F
:10ADB0002DE9F3410B8A04460E4643B901212D4A81
:10ADC0002D480FF0C5F8002002B0BDE8F081012148
:10ADD00006F10C000DF021FCA4F1EC05E83C07465F
:10ADE000042120460FF0B6F83B7828B1234A02210F
:10ADF00021480FF0F5F8E6E70E2B01D9204AF6E7D7
:10AE0000DFF88C8058F833204AB902211D4A1A48CD
:10AE10000FF0E6F807212846FFF74AFFD3E7194667
:10AE200028460FF04DF93B7860B902211248164AC6
:10AE30000FF0D6F8032120460FF08CF80028C2D07E
:10AE40000821E8E708EBC301328A0979914208D06A
:10AE500001210093084813460C4A0DF02AF90A21F3
:10AE6000D9E73146284658F833309847014600283C
:10AE7000A9D0D0E7B7CF030078030300D2CF0300F7
:10AE800003D0030025D003003FD0030067CA0300AE
:10AE9000EC9803002DE9F04784B090F8E930D1F840
:10AEA0000C8023F0020380F8E930D0F8EC6098F8C9
:10AEB0000030054600AF06F17009BBB398F80630C4
:10AEC00003F0C003C02B31D04046F9F789F96E4634
:10AED00088B06C464FF4007A25465C4BDFF87C81E5
:10AEE000C4E90530A4F81CA045F8108F00232A46B9
:10AEF0004FF4E2515648F7F7D9FA4846B546F9F704
:10AF00006FF9A546534BA4F81CA0C4E90530C4F85A
:10AF100010804F4800232A464FF4E251F7F7C6FA53
:10AF20000A20B5461037BD46BDE8F08707224146E6
:10AF3000484613F019FD68B14146307A00F0C0FA76
:10AF4000044638B1014628460FF00AF828B32046D7
:10AF50000FF00AFA0D21281D0EF0FCFF002863D027
:10AF60004A460220317A0FF0EBF90446B8B9484658
:10AF7000F9F736F96D4688B06A46374BC2E90530B5
:10AF80004FF400739383354B42F8103F4FF4E25176
:10AF900023462F48F7F78AFAAD460820C2E7F37830
:10AFA000002B3BD106F17E03187801282AD19A792B
:10AFB00002F0C002402A25D1D3F80120C4F83E2077
:10AFC000B3F80530A4F8423096F87030D3B196F853
:10AFD000763003F0C003C02B14D021493A1DC7E9D5
:10AFE0000198FC60FBF7E0FFD8F800303046C4F869
:10AFF0000130B8F80430A4F8053098F80630E37151
:10B00000FCF778FA00212046FAF778FE48B110489C
:10B010000221144A0EF09CFF032083E706F1770318
:10B02000C2E72046FAF77CFE95F8E9305B0703D5C6
:10B030000A2128460EF0E3FFB5F8E81009B1002018
:10B0400070E72846FFF7A4FDF9E700BF5AD00300D8
:10B0500078030300D8D003001BCF030003000001D6
:10B060001BA102006ED003002DE9F0410E460446FC
:10B07000D0F8EC80FEF730FFF66801210546337802
:10B080000F48104A271D0EF0ABFF0A2138460FF07B
:10B0900017F838B16DB920463178FFF779FD0020F7
:10B0A000BDE8F0810B2138460FF00AF80028F1D1F5
:10B0B000F1E72B69002BEED040469847EBE700BF45
:10B0C00078030300A9D003002DE9F8430546A0F159
:10B0D000E8060446884600AF0121304655F8EC9951
:10B0E0000EF0EEFF38B3B8F1000F19D0032130464F
:10B0F0000EF030FFF8B14046F9F786FE0138C0B2D5
:10B1000008288CBF0024364B4FF0020198BF1C5C0E
:10B1100030460EF074FF21462846FFF739FD0AE05D
:10B1200099F80B303BB1032130460EF013FF28B9DC
:10B1300028460EF0D7FFBD46BDE8F883052130460E
:10B140000EF008FFB8B114F8043C1B0707D514F83B
:10B15000033C180703D5112130460EF050FF14F8B8
:10B16000043C23F0080304F8043C14F8033C23F0E7
:10B17000080304F8033C14F8033CD90710D5062152
:10B1800028460EF03CFF304602210EF038FF2068C2
:10B19000D0F8A46066B134F8041C0029CBD1BBE719
:10B1A0009A0701D50821EBE75B07ECD50A21E7E711
:10B1B0007030F9F715F86C4688B06A46094BC2E959
:10B1C00005304FF400739383074B42F8103F4FF460
:10B1D000E25133460548F7F769F9A546ABE700BFEA
:10B1E00017D10300CBD00300030000017803030054
:10B1F00037B5A0F5A075A0F59E74D4E8AF3FD5E8AB
:10B20000AF2F012100920748074A0CF052FF284651
:10B210000821FFF7BDFC0421204603B0BDE8304003
:10B220000EF0EDBE78030300E0D003002DE9F843F3
:10B2300000AF04460EF0D6FE054670B3061D03218E
:10B2400030460EF087FE40B3D4F8A40008B10FF0EA
:10B250008BF804F170094946207A00F09BF880468B
:10B26000C4F8A400E0B94846F8F7BAFF6C4688B0C5
:10B270006A463E4BC2E905304FF4007393833C4B62
:10B2800042F8103F4FF4E2513A484346F7F70EF9BF
:10B290000821A5462846FFF70BFDBD46BDE8F8830B
:10B2A0000E2130460EF056FE28B1D4F8A420537C6F
:10B2B00043F0020353742B7A032B11D823B10521D9
:10B2C00030460EF047FEA0B9D4F8A420537C23F0FA
:10B2D00020035374D4F8A420537C23F001030DE021
:10B2E000053B012BF0D8D4F8A420537C43F0200375
:10B2F0005374D4F8A420537C43F0010353742B7D82
:10B30000697BD4F8A4208B4228BF0B4630461374C7
:10B3100005210EF01FFED4F8A4305A7C10B342F081
:10B3200010020D2130465A740EF014FE0028B4D0DD
:10B330002021D4F8A4000FF013F8D4F8A43005F1BC
:10B3400047021E33573552F8041BAA4243F8041B28
:10B35000F9D10023D4F8A42053619361D4F8A42038
:10B3600093839AE722F010025A7496E71BCF0300EA
:10B370000300000178030300012208B5034B0448D1
:10B380001A70FBF7A9FA002008BD00BFBDC100205C
:10B390001C090020F8B5114F06463C4614F8013B45
:10B3A0000D46834204D10722204613F0DDFA80B116
:10B3B00007220B490B4813F0D7FA60B904F8016C67
:10B3C0002B682360AB88A380AB79A37140F2112373
:10B3D000FB600248F8BD0020FCE700BF3489002074
:10B3E00068B603003589002010B40B461146054AA3
:10B3F000548A044203D010465DF8044B18475DF8A8
:10B40000044B704734890020F8B50C4C07462046A1
:10B41000638A0D463B4011464FF0000610F8012BA1
:10B4200007D0954203D1072213F09EFA18B1304697
:10B4300000E01846F8BD2046FCE700BF3489002034
:10B44000F8B50B780646012B0C4601D00020F8BD5C
:10B450008B7903F0C003402BF8D1164D0023294609
:10B460006F8A11F83E2BBF0704F1010006D5B242E6
:10B4700004D1062213F078FAD0B100236A8A297821
:10B4800002F00202002BE1D1002ADFD0B142DDD16F
:10B49000671C394608480DF00DF901230028EDD04E
:10B4A000D4F80130C5F83E30B4F80520034B9A803B
:10B4B0000048CCE73489002062890020728900208E
:10B4C00010B5074C2378834208D10722601C13F083
:10B4D0004BFA00280CBF2046002010BD0020FCE7DE
:10B4E000348900202DE9F0479AB01646DDE923970C
:10B4F0000CAA84468A4690461D462C4B03F1300E1A
:10B50000144618685968083303C473452246F7D1B6
:10B5100018681B79614620602371202204A80EF070
:10B5200031FF6B462022224804A900F071F804463E
:10B53000C0BB102251460DF135000EF023FF102242
:10B5400031460DF145000EF01DFF294611F8013B73
:10B5500006220DF156008DF855300EF013FF22999A
:10B56000062211F8013B0DF15D008DF85C300EF004
:10B5700009FF4B4635224146684600F049F804462B
:10B5800080B948460EF008FF012335228DF830308F
:10B5900041463B46684600F03BF8044610B9384641
:10B5A0000EF0FAFE20461AB0BDE8F087660A0300E6
:10B5B00057D1030070B50E461D46144698B001469B
:10B5C000202204A80EF0DEFE202231460CA80EF048
:10B5D000D9FE1022294614A80EF0D4FE10222146CE
:10B5E00068460EF0CFFE6B465022184604A900F0C4
:10B5F0000FF840B9039B054A1BBAB3FBF2F102FBFB
:10B6000011331C9A136018B070BD00BF40420F0088
:10B610002DE9F0418EB007460C4615460021182250
:10B6200008A81E4613F0D7F94FF41053ADF81C309C
:10B630008023ADF81E304FF44063DFF860801022A5
:10B64000CDE90938394605AB07A806F0E5FA034607
:10B6500048B10F4A0F4801210CF021FD6FF00400A2
:10B660000EB0BDE8F08106AB02931023224641469E
:10B67000CDE9006305982B4611F002FF04460598BA
:10B6800006F07AFA2043EBD0034A2346E2E700BFF4
:10B6900071D10300180303008DD103000002C00321
:10B6A0000122024BC3F80424704700BF002008E0C9
:10B6B000084B70B5C31A0D4607499B100446594301
:10B6C000402206480EF0F4FE2B4601462046BDE817
:10B6D000704018478C890020B76DDBB640F8020037
:10B6E000402373B50B4C0093041B0B460D460A49CF
:10B6F000A41061430646094A09480EF004FF011EE2
:10B7000005DA30462B4602B0BDE87040184702B05B
:10B7100070BD00BF8C890020B76DDBB66FA502003D
:10B7200040F802002DE9F0470022012107464FF4BE
:10B730008770F7F77DFF124802F060FB0446D0B92E
:10B740000FF08CFA25464FF01C0A4FF00C08DFF87A
:10B7500034903E6949460AFB05600CF03BFB031E32
:10B760000CDB012308FB05661D44032DF365F0D1B6
:10B770002046BDE8F0876FF00404F9E71C46F7E7C0
:10B78000C1B80100649903007FB500220123CDE90F
:10B79000022304ABCDE90433094A6B46CDF800D04F
:10B7A000CDF804D00EF0DCFE002805DB43F609528C
:10B7B0000023684603F084FD07B05DF804FB00BF7A
:10B7C0008FA5020010B5EFF31184402383F3128894
:10B7D000BFF36F8F074A136823F00201DB07116084
:10B7E00002D401200FF030FA84F31188BFF36F8F79
:10B7F00010BD00BF048A00200C22104B014602FB42
:10B800000033002030B4D3E915525865EFF31180AE
:10B81000402484F31288BFF36F8FDC6D04F0C00402
:10B8200044F00204DC6580F31188BFF36F8F1DB113
:10B830002B4630BC0248184730BC70478C8900202A
:10B8400040F8020010B4EFF31182402383F3128812
:10B85000BFF36F8F1748016841F002040460C80706
:10B8600008D482F31188BFF36F8F01205DF8044B79
:10B8700002F0AEBA1049D1F80C14C903F1D5EFF3B8
:10B88000118083F31288BFF36F8F0C49CB6D03F0E7
:10B89000C00343F00203CB6580F31188BFF36F8FC1
:10B8A00082F31188BFF36F8F00205DF8044BFFF720
:10B8B000A3BF00BF048A002000E010508C89002044
:10B8C000042805D007280AD002280AD1012004E064
:10B8D000044BD86D10F0070003D1FFF78DBF022095
:10B8E000FBE770478C890020C3B21C20014A03FB90
:10B8F000002070478C8900202DE9F0410122074685
:10B900003449D1E8EF3FC1E8E02F0028F9D133B93D
:10B91000314932484B60CB608A600CF06EFA7B1E76
:10B92000012B28D8012F06D12D4BD3F8503403F02A
:10B930000303012B1FD00FF035FF0546E8B9294B53
:10B940001B78D3B104220646254BC3F80823244CA8
:10B95000DFF89480D4F84C24D4F84C34D20315D5B5
:10B9600003F00303012B01D0012F0FD16DB386F338
:10B970001188BFF36F8FBDE8F081EFF3118640238C
:10B9800083F31288BFF36F8F0125E0E7C5B130461E
:10B990000CF04AFDD4F8403413F0FF03DAD1D4F8A8
:10B9A0000821002AD6D0C4F80831D4F808314FF461
:10B9B00080420123C4F84034C8F8A0212361C9E7BC
:10B9C000002120200FF0A8FFE4E70422044BC3F875
:10B9D0000423D0E78889002078890020A8890020E6
:10B9E00000E010500FC5002000E100E008B5074856
:10B9F0000FF030FC38B10648F8F72AF90448F6F79A
:10BA000031F9002008BD6FF01200FBE7CCF802000E
:10BA100015BA01000A2838B50446074D04D1AB68B1
:10BA20000D2128465B689847AB6803485B68E1B224
:10BA30009847204638BD00BFCCF802002DE9F043FE
:10BA400040F206354768D00648BF4FF0030C3B7CF8
:10BA500002EA050558BFC2F3401C87B001F01F067B
:10BA6000B5F5837F144646EA43168DF803C046D0E9
:10BA70000DD8062D45D005D8A5B1022D12D06FF0F6
:10BA8000150039E0B5F5807FF9D101250AE040F2D3
:10BA90000222954237D0B5F5407F36D0B5F5007F0C
:10BAA000EDD104250123220303FA01F12FD57B6890
:10BAB0005960B86880BB7F2E06F01F034FEA56110D
:10BAC00073D83C4A52F8212084F4803102EB83027F
:10BAD000D2F88030C1F30041C4F3404423F47063D2
:10BAE00044EA410423F00F031C4344EA8C0444EA73
:10BAF0000524C2F88040002007B0BDE8F083092586
:10BB0000D0E70825CEE70625CCE70525CAE763037D
:10BB100044BF7B689960CCE731460DF102020FF01B
:10BB200000FB14F4403F80460CD13146B8680FF05A
:10BB300011FBB8F1000FDED19DF80210B86802F0D9
:10BB40004BFCD8E74FF0000901ABCDE90199CDE9F5
:10BB50000439CDF80C903146B86803AA0FF025FAE5
:10BB60004845C8DB14F4003314D09DF8033084F446
:10BB70008034C4F300448DF80E308DF80C508DF8ED
:10BB80000D404B463146B86803AA02F073FB00280B
:10BB9000CFDAB0E7CDE904330DF103030393314667
:10BBA000B86803AA0FF001FAF1E7203350F8233008
:10BBB000FFDE00BF949903004209022A034670B5D4
:10BBC00003D0012A18D0CAB170BD0E4E3269516837
:10BBD0000029F9D0012503F01F030C689D400029BE
:10BBE000F2D08A682A4002D030464B6898473CB170
:10BBF000236821461C46F2E7034EE7E7034EE5E7DC
:10BC00002346F6E794F8020078F802005CF8020098
:10BC100038B54568A868C0B10FF096FA0146A0B9DA
:10BC2000A86802F0A1FB044688B902460949A86841
:10BC30000FF074FA22460121DB20F7F7F9FC2246C7
:10BC4000012140F20D10F7F7F3FC002038BD6FF032
:10BC50000400FBE7B9BB0100F0B545681646A868CB
:10BC60002A7C01F01F0487B044EA4214002868D0FF
:10BC7000B6F5001F04D121460FF0C0FA002051E0B4
:10BC80000020B6F5800F01AA0190506039D1B3F1C0
:10BC9000007F14BF052304238DF804300023CDE971
:10BCA00004230393EB680DF1030723FA01F111F06C
:10BCB000010139D1B6F1A07F36D104F01F037F2CEA
:10BCC0004FEA541003F120033ED8214A52F82020B5
:10BCD00052F82330DB0727D43A462146A8680FF0F4
:10BCE00020FA163018D002972146A86803AA0FF050
:10BCF0005CF9002816DB01222146A8680FF02CFA17
:10BD0000BCE7B3F1C06F05D0B3F1007F14BF0123CE
:10BD10000223C1E70323BFE73946A86802F066FBA8
:10BD20000028E0DA07B0F0BD3A462146A8680FF0D7
:10BD3000F8F90028D8D19DF80310A86802F04CFB50
:10BD4000D2E76FF08500EDE751F82330FFDE00BF4A
:10BD50009499030010B500220C460023806F0C312B
:10BD600003F078F8021E05DA044805490EF0B1FC2C
:10BD7000002010BDE36801202360FAE720040300DF
:10BD80000BD20300F7B5044600220121E820F7F7A3
:10BD90004FFC01232569666885F8D8307768002153
:10BDA000384601AA0EF0ABFD00281BDB019B3A6868
:10BDB0001979186800F05AFD002813DB04230C22BF
:10BDC00009490A48C5F8CC600FF0E6FA04230C22B2
:10BDD000074908480FF0E0FA02202469FFF784FDC4
:10BDE0002060002003B0F0BD3C8B00206C8A002056
:10BDF0000C8B0020C88A002013460022F0B505698C
:10BE000089B0029295F8DD200C46D207CDE90013E7
:10BE100004D4314931480EF0A7FC08E095F8D82049
:10BE2000511E012906D92E492C480EF052FC6FF004
:10BE300004002CE02A6A9A4201D22A49F4E713F05E
:10BE4000030101D1082B02D808222749ECE702940C
:10BE50006C6A05F14006631C1BD047F6122740F2BE
:10BE6000E73024EAE4744FF47A720023C4FB07013C
:10BE7000EDF79AFF02460B46694630460FF09FFAEF
:10BE8000002804DB95F8D830022B06D0002009B03A
:10BE9000F0BD4FF0FF321346EEE795F8DC30002B93
:10BEA000F4D00021142203A812F095FD284603A91E
:10BEB0000EF0FAFB20B90D4908480EF055FCE5E7F5
:10BEC0000023284685F8DC3003A90EF007FC002883
:10BED000DCD107499EE700BF31D2030020040300F4
:10BEE0004AD2030064D2030095D20300D9D20300E2
:10BEF000F8D20300F0B5044687B01422002101A84F
:10BF000012F069FD94F8D9300BBB204601A9FFF768
:10BF100021FF00287BD120460EF0BAFB94F8DD30DB
:10BF20005B0702D520680BF0BFFF029B1BB1039992
:10BF3000E0690FF0E1F9019B1BB10499A06F0FF0CC
:10BF4000DBF904236FF00B0084F8D8305DE0204665
:10BF500001A90EF0A9FB20B9314932480EF004FCCA
:10BF6000D9E794F8D930012BCFD1DDF804C0029B7A
:10BF7000BCF1000218BF0122C4F8D030039B01AD10
:10BF8000C4F8D430D4F8CC301E699C68337906F1FB
:10BF9000080762F300033371029B1A1E18BF0122C7
:10BFA000337923F03E0343EA420333710FCD0FC7C9
:10BFB000002001212B68029D3B60C6E90700C4F800
:10BFC0000015C4F804018542D4F80431C4F81801FE
:10BFD000D4F8183107BF0A4602234223024684459B
:10BFE00004BF4023022243F00C03C4F80433BDF81D
:10BFF00014309B00C4F84837C4F84457C4F80837D5
:10C00000C4F804C7C4F80825216007B0F0BD94F84F
:10C01000D930002BA9D1E36F9B08ADF81430A4E709
:10C020000DD30300200403000023F0B589B00F46B0
:10C030000446CDE90033029301F0020280B9764D47
:10C0400095F8D83022BB744B93F8D820032A6AD1D4
:10C050004222724BC3F8082301225A6009B0F0BD96
:10C06000038A9B000193002A3FD06B4D95F8D8209E
:10C07000D5F8D030032A04BF012285F8D820EBB9C7
:10C0800028460EF005FB95F8DD305A072DD50FE058
:10C09000032B04BF012385F8D830D5F8D030002B0E
:10C0A00033D15D480EF0F4FA95F8DD305907CAD562
:10C0B000594B18680BF0F8FEBCB9C4E742689A42C5
:10C0C00006D0D5F8D410E869029300910FF014F966
:10C0D00000235148C5F8D0300EF0DAFA95F8DD307B
:10C0E0005E0702D528680BF0DFFE2568FDB963689E
:10C0F00053B3494AA168D2F8D00000919842029304
:10C100006AD1012382F8DB30A2E700234248C5F858
:10C11000D0300EF0BDFA95F8DD30580793D5286879
:10C120000BF0C2FE8FE7042283F8D82090E73A4E46
:10C13000E168029596F8DB50009115B3B06F0FF0EF
:10C14000DBF86368002B45D1FB0787D5324C1422FE
:10C15000002103A812F03FFC94F8D93063B194F8A1
:10C16000DA30002B3FD0D4F8D0300493D4F8D43058
:10C1700005930123ADF81C3003A927480EF0AEFA51
:10C180006CE700220023694606F19C000FF017F9C6
:10C19000002810DA224923480EF0E6FA0423009919
:10C1A000B06F86F8D8300FF0A7F86368002B3FF423
:10C1B0004FAF01259DE796F8D930002B97D196F81F
:10C1C000DA50002D93D0012386F8DB306368002B12
:10C1D0008FD13DE700258CE7D0690FF08DF8002D59
:10C1E0007FF436AFB0E7204603A90EF05DFA0028D1
:10C1F000C2D194F8D830032B4FF0010308D1D4F802
:10C20000D02084F8DA300492D4F8D4200592B1E733
:10C2100084F8DC3022E700BF2C8A002000800E501A
:10C2200024D30300200403002DE9F04F04698B465A
:10C2300094F8D8801546B8F1010FD0F804908DB06D
:10C2400009D04246A049A1480EF043FA6FF015000C
:10C250000DB0BDE8F08F5368029343BB20460EF04B
:10C2600026FB0BF1FF33012B1DD894F8DD30029A29
:10C27000029962F3000384F8DD302C2204F11400EB
:10C2800012F0A9FBBBF1020F0BD194F8DD302C2288
:10C290006FF34103002184F8DD3004F1700012F0E7
:10C2A0009AFB0020D4E7BBF1000FEED0F9E7D3688A
:10C2B00013F0030701D1082B02D808228449C2E7F2
:10C2C0001678182E0BD006D8082E0BD0102E26D09C
:10C2D00032468049B7E7202EFAD1032300E002233B
:10C2E000019300E00197AA7802F00703042B19D804
:10C2F00079487A49C05CC95C05907948C05C069071
:10C300007848C05C07907848C05C08907748C35C68
:10C31000039312F03803049306D0754993E7CDF8E0
:10C320000480E0E773498EE795F801A0BAF1010FA8
:10C3300002D1039B012B04D0514504D252466E49D1
:10C3400081E7039B0493049A0AF1FF331344DBB2A1
:10C350000B930123EA7803FA0AF3013B0A9302F0F4
:10C360000603062B03D00BB164496CE7984699F895
:10C370001D30012BD9F8083018BFD9F81820D3F890
:10C38000703508BF5E4A002B0ADBD9F814703FB144
:10C3900002EB57023805390B0023EDF705FD0703C3
:10C3A000B8F1000F14D10299049B714353445943CF
:10C3B00099F81C300805012B14BFD9F81820504AF1
:10C3C000002302EB5102090BEDF7EEFC0303099386
:10C3D000B9F81C3094F8DD20003B18BF012363F34B
:10C3E000820284F8DD2095F90330EA78002B01DB26
:10C3F000530601D5434926E70BF1FF33012B30D912
:10C40000BBF1000F7FF44DAF0FCD04F170060FC6E6
:10C410002B683360059B84F8848084F88530019B09
:10C42000C4F8907084F886309DF82830C4F88830BD
:10C430000B9B84F88C30069B84F88D30099BC4F8E4
:10C440009430079B84F89830089B84F89930039BBC
:10C4500084F89A3094F8DD3043F0020384F8DD303C
:10C460001FE7AC4604F11406BCE80F000FC6DCF869
:10C470000030BBF1020F3360059B84F8288084F8FC
:10C480002930019B676384F82A300A9B4FEA0343F3
:10C4900003F47F03E3620B9B84F83030069B84F83F
:10C4A0003130099BA363079B84F83C30089B84F8D8
:10C4B0003D30039B84F83E3094F8DD3043F00103B7
:10C4C00084F8DD30A0D0ECE638D30300200403006C
:10C4D00056D303009DD3030036D503003BD503009C
:10C4E00031D503002CD5030027D5030022D5030046
:10C4F000D7D30300B7D30300F9D303001CD4030040
:10C5000000366E013FD403002DE9F84302290646A8
:10C510000D4690460469D0F8049000AF0CD194F811
:10C52000DD3003F00303032B1CD09D499D480EF022
:10C530001BF96FF004005FE001290CD194F8DD30A5
:10C5400013F0010FF1D0B8F1040F4ED8DFE808F076
:10C55000252B2B5741000029E7D194F8DD3013F04B
:10C56000020FEFE7E36AD4F8881081EA1342D2B2EF
:10C570000AB18D49DAE70B431822E362C4F8883028
:10C5800004F1840104F1280012F0EEF918B9226ACE
:10C59000E36F9A42D7D08549C8E794F8D830012B89
:10C5A0004AD08349C2E794F8D830022BF9D194F8E5
:10C5B000D9309D422DD1B8F1020F4FF0030340F066
:10C5C000DB80B5FA85F56D0984F8D83084F8DA5047
:10C5D000D7E094F8D830042BE3D1294630690EF027
:10C5E00066F9012384F8D830CBE0424671496D48A2
:10C5F0000EF06FF86FF01500BD46BDE8F88394F8B3
:10C60000D830022B40F0BF8094F8D9309D4200F022
:10C61000BD806C468AB06A46C2E907530523664965
:10C62000C2E9051842F8103F00234FF421515D483C
:10C63000F5F73CFFA546DDE7002384F8D950A4F8C0
:10C64000DA3084F8DC303569766895F8D930D6F878
:10C6500000C0012BD5F8CC300CBF05F1280405F142
:10C6600084049868196923784FF00008C0F80435ED
:10C670006378C0F82835A378C0F824356368C0F81B
:10C680002C35237AC0F83035637AC0F83435236905
:10C69000C0F81835A37DC0F83C35E368C0F8103504
:10C6A000237D003B18BF0123C0F82035637DB3FA1A
:10C6B00083F35B09C0F83835D0F80C35E26823F015
:10C6C0000103002A18BF43F00103C0F80C35C1F87C
:10C6D00000C0C0F80481D0F80431C0F81881D0F847
:10C6E0001831C0F80881D0F80831C0F30830F6F7E7
:10C6F0007DFF022385F8D8302369B268B3F1004F7B
:10C7000094BF00210121337F581E4342434143EA35
:10C710000123C2F81C35E268737FB2F1004F94BF69
:10C72000002201225C1E6342B168634143EA022396
:10C73000C1F8143595F8DD305E0717D51F4B286812
:10C74000AB600323C5F81080EB60291D0BF055FB8F
:10C75000041E16DA28460DF09BFF012322461849D5
:10C76000104885F8D8300DF0B4FFE2E62846FFF710
:10C77000C1FB00EAE0703FE784F8D830012384F879
:10C78000DA30002038E7012B3FF427AF01224221A5
:10C7900084F8DB20D9F80830C3F808139A601CE746
:10C7A00031D20300200403005BD403008BD40300C8
:10C7B000C6D40300B2D40300D2D4030087A8020079
:10C7C00006D50300F0B50369144693F8DD200D4645
:10C7D000920785B007D41B491B480DF0C5FF6FF0C9
:10C7E000040005B0F0BD93F8D82003F19C07042A9B
:10C7F00025D0D3F88060731C1DD047F6122C40F270
:10C80000E730002126EAE6764FF47A720023C6FB71
:10C810000C01EDF7C9FA02460B46384601A902F0B1
:10C82000B7FB10F1230FDAD00028DAD1019B2B607F
:10C83000029B2360D5E74FF0FF321346EDE700225D
:10C84000FBE700BF31D2030020040300036803F0BC
:10C850001F027F2B02604FEA53129ABF024B53F81C
:10C8600022000020704700BF209A03002DE9F04FFE
:10C870001546074640F2FF19DFF84CA2DFF84CB22C
:10C8800085B000EB8101B94203D1002005B0BDE8BD
:10C89000F08F3A68C2F3C323082BC2F3080400F2F6
:10C8A0000F814C4508BF4FF0FF34B2F1D05F1AF84A
:10C8B00003804FEA126339D3383B162B02D96FF04D
:10C8C0008500E3E7162BFAD801A252F823F000BF47
:10C8D00097CA0100BFC80100BFC80100BFC801005E
:10C8E000BFC80100BFC80100BFC80100BFC8010028
:10C8F000BFC80100BFC80100BFC80100BFC8010018
:10C90000BFC80100BFC80100BFC801006DCA010057
:10C9100073CA010079CA01007FCA010085CA0100FB
:10C920008BCA010091CA010041CA0100192BC6D867
:10C9300001A252F823F000BFA1C90100BDC9010046
:10C9400041CA01003BCA0100CBC90100D7C901009F
:10C950003BCA0100BFC80100BFC80100BFC8010039
:10C96000BFC80100BFC80100BFC80100BFC80100A7
:10C97000BFC80100BFC80100BFC80100BFC8010097
:10C98000BFC80100BFC80100BFC80100BFC8010087
:10C9900047CA01005BCA010061CA010067CA010001
:10C9A000C5F80446661C14D0012603A80394FFF7BB
:10C9B0004DFF039B06FA03F3436004E0C5F80C4601
:10C9C000621C06D00026324613E0631CC5F8004600
:10C9D00074D1043757E7C5F80446621CF9D0012624
:10C9E00003A80394FFF732FF0122039B02FA03F32B
:10C9F00083603B68039403F40040002818BF0022C2
:10CA000003A818BF012601930092FFF71FFF039CA4
:10CA1000019B00EB8400D0F88040C3F3412C009AC6
:10CA20004FEA082343EA8C03134304EA0B0423432D
:10CA300043EA4603C0F88030CBE7C5F80846BFE7B5
:10CA4000C5F81046AEE7C5F86045601C3B68C0D02D
:10CA5000C3F30043002BA7D1C1E7C5F86445F4E751
:10CA6000C5F86845F1E7C5F86C45EEE7C5F87445CB
:10CA7000B3E7C5F87445A3E7C5F87845ADE7C5F851
:10CA800078459DE7C5F87C459AE7C5F88045A4E759
:10CA9000C5F87045A1E703A80394FFF7D7FE039BF1
:10CAA00000EB8300D0F8803023F0E04343F0804374
:10CAB000C0F88030631C8CD0012684E700268FE705
:10CAC0006FF01500E2E600BF52D50300F0F0FCFF66
:10CAD0002DE9F04104460D4647680EF063FE88B12B
:10CAE0004021EFF311831A4681F31288BFF36F8F51
:10CAF00060680068D0F83001D0B983F31188BFF3C3
:10CB00006F8FEEE71E4B1B78002BE9D04FF04008EB
:10CB1000642663681B68D3F83031FBB901200EF03E
:10CB2000A3F8013EF5D1002120200EF0F5FEEFE73D
:10CB30007B6A00201D706368796A1B68C3F83C1724
:10CB40000121C3F84017C3F83001D3F8300119654B
:10CB500082F31188BFF36F8FBDE8F081EFF311838B
:10CB60001A4688F31288BFF36F8F61680968D1F89D
:10CB700030110029DCD183F31188BFF36F8FD2E726
:10CB80000FC5002070B5134E144630681D460028AE
:10CB900005DB0021F7F7D2FA4FF0FF3333600E4B7D
:10CBA000D3E90061A01B65EB0102400940EAC260C5
:10CBB0004201921941EBD061C3E90021074BC3E95F
:10CBC000004500240025064BC3E90045BDE8704040
:10CBD00003F034BB2409002008430020F042002069
:10CBE0000043002008B500220121E420F6F720FDD3
:10CBF000164A0020D2F8183723F44033C2F8183709
:10CC000001F056FD002820DB0120114901F0DCFD78
:10CC100000281ADB01F024FD0E4B20F01F00C3E9B1
:10CC200000010D4B0022C3E900014FF0FF304FF02F
:10CC3000FF310A4BC3E90001094B0A49187A01F098
:10CC400021FD67220020084B1A6008BD00200E500D
:10CC50003009002008430020E8420020F042002074
:10CC60002809002085CB0100A48B002013B50A4CB5
:10CC70002378032B03D96FF00B0002B010BD0DF128
:10CC800007000EF0BDFA0028F5DB23789DF80700B9
:10CC900001332370F1E700BFC2C1002008B501F0E5
:10CCA000DFFC064AD2E90032C01A054B61EB0201F3
:10CCB000C3E90001400940EAC16008BD0843002003
:10CCC000004300202DE9F341354D80462868354B5F
:10CCD00000281E7A05DB0121F7F730FA4FF0FF3309
:10CCE0002B60314F3149D7E90032D1E900018A4246
:10CCF00008BF83421FD1B8F1806F1CD24FEA48149D
:10CD0000012C38BF0124E31842F10002B8F11E0FD4
:10CD1000C7E900320CDC002120460BF0A2FC2860A1
:10CD200001222146304602B0BDE8F04101F0D6BDF7
:10CD30004FF0FF30F3E71E49DFF878C0D1E900413A
:10CD4000DCE9000C241841EB0C0C4FF0200E2046BF
:10CD50006146C8FB0E01834272EB010EC7E9000178
:10CD600018D21B1B62EB0C02C82B72F10002B4BF7D
:10CD700001240024B8F11E0F0EDC00220BF079FC18
:10CD8000286000943046D7E9002301F06FFD02B01F
:10CD9000BDE8F0810024EDE74FF0FF30F0E700BF81
:10CDA0002409002028090020F8420020F042002039
:10CDB0000843002000430020034630B40C46DA88C4
:10CDC000006802F0400219792243836805699C6972
:10CDD0007CB1130206D501232D688B402B4218BF6E
:10CDE00082F0C062054BA44630BC134002F0B07222
:10CDF00060476FF0570030BC704700BF400000062E
:10CE00002DE9F84307460026144DDFF85C80DFF873
:10CE10005C90B7B12968414516D0494514BF4FF021
:10CE2000E8614FF098612846FFF7C6FF044670B1ED
:10CE3000012103460A4A0B480BF031F92046BDE8B0
:10CE4000F8834FF40011EEE74FF09861EBE70136FD
:10CE5000042E05F10805DCD1F0E700BFA09A03001D
:10CE600076D50300A00303005CF8020078F8020006
:10CE700038B5EFF31185402383F31288BFF36F8F2A
:10CE80000F4C2378BBB90F4B984202D00E4B9842FF
:10CE90000AD10020FFF7B4FF18B10C490C480DF07F
:10CEA000F3FD00220B4B1A700123202223700A4845
:10CEB000002302F041FC85F31188BFF36F8F38BD6A
:10CEC000C4C100205CF8020078F8020096D5030087
:10CED000A0030300C3C100201043002008B503498C
:10CEE00003480DF0D1FD002008BD00BFB2D50300FE
:10CEF000A00303002DE9F74300244FF00108254665
:10CF0000124E30683779D0F81090836801A95B68B9
:10CF1000984700280CD014DB08FA05F31C430135B0
:10CF2000042D06F10806ECD1204603B0BDE8F083DD
:10CF3000D9F80020019B08FA07F753403B42EED096
:10CF4000EAE703B0BDE8F043FFF7C8BFA09A0300CB
:10CF50002DE9F041074688460025104E27FA05F2D4
:10CF600012F0010210D128FA05F3DB070ED5317952
:10CF700030680DF079FD044640B1094909480DF0CB
:10CF800083FD2046BDE8F0810122F0E70135042D44
:10CF900006F10806E2D10024F3E700BF809A0300FF
:10CFA000C7D50300A00303002DE9F041334F3B78C0
:10CFB00053B10020FFF724FF28B131493148BDE8C3
:10CFC000F0410DF061BD3870FFF794FF04462E4B21
:10CFD000D3E8EF2FC3E8E14F0029F9D12B4BDFF85D
:10CFE000C8801A7842BBD8F80060A64219D0284BF6
:10CFF00066401B680BB1314698474FF0FF334FF046
:10D00000FF32244802F028F8234B1D6835B1043D57
:10D010002B683146204698476D68F7E71D4802F0B7
:10D0200093F8C8F8004054B1BDE8F04140F239121D
:10D0300000231A4802F080BB00221A70F1E7EFF3D8
:10D040001186402383F31288BFF36F8F144B1D7832
:10D05000012D05D086F31188BFF36F8FBDE8F081F5
:10D0600028461C70FFF7CCFE3D7086F31188BFF395
:10D070006F8F0028F2D00B49A0E700BFC3C100208A
:10D08000DDD50300A0030300D88B0020320A002066
:10D09000DC8B0020B08B0020C48B002010430020CC
:10D0A000C4C10020F6D50300AC8B002070B500256C
:10D0B0000B4E4FF4003130460DF0C1FC044648B928
:10D0C0000135042D06F10806F3D1BDE870400F21AB
:10D0D000FFF73EBF034904480DF0D6FC204670BD63
:10D0E000809A03000ED60300A0030300054BD3E88B
:10D0F000AF3F00B10360044811B102685A400A60B2
:10D1000003607047D88B0020A88B00202DE9F843DE
:10D11000344B1860344D35480EF060F92E46002728
:10D12000A846F388304613F0010F0CBF20211021D0
:10D1300041F480310DF083FC044630B12C492D4878
:10D140000DF0A2FC2046BDE8F8830137042F06F15C
:10D150000806E6D1064607464FF001094FF40011D4
:10D160002846FFF729FE044608B12349E7E72B7953
:10D17000013709FA03F3042F46EA030605F108050F
:10D18000ECD105461D4F1E4BC7E9013658F8350056
:10D190008368DB6933B1012239469847044620B1E0
:10D1A0001849CCE76FF05704FAE70135042DEDD1AB
:10D1B000154916480EF09AFA0122154B13481A70B9
:10D1C0000023002202F084FA21462046FFF78EFF5A
:10D1D000FFF790FE0F4BD3E8EF2FC3E8E10F0029D4
:10D1E000B0D0F8E7DC8B0020A09A0300B08B0020C1
:10D1F00028D60300A003030045D60300CC8B0020F3
:10D2000071CE010060D60300A9CF010010430020B9
:10D21000C4C10020D88B002002460B46014801F013
:10D220001BBF00BFD40B0020014801F08DBF00BF21
:10D23000D40B0020014902480EF026BAE48B0020EE
:10D24000384E0020094B93F80031042B02D181079E
:10D2500009D47047022B02D1020704D47047082B6F
:10D2600003D1830601D5FFF7E5BF7047C5C1002094
:10D2700010B403460A46044881680C6819462346E0
:10D280005DF8044B184700BFB0F80200B0B50024A9
:10D2900084B000AF3B1D7C600A22BC60C7F80B4025
:10D2A00039600146184611F074FC6D468AB0034699
:10D2B0006A4639680D48D161C2E905034FF400732D
:10D2C00013840B4B42F8103F4FF411512346094889
:10D2D000F5F7ECF8AD4684F31188BFF36F8F0323A5
:10D2E000184602DF1037BD46B0BD00BF88D6030028
:10D2F0000400000170030300F0B589B0064600AFDA
:10D300000D46344834490EF0A3F907F10C00E3F759
:10D310006BFA6C4688B06A46304B5361304B936170
:10D320004FF4007393832F4B42F8103F2E492F4840
:10D3300007F10C03F5F7BAF8A5462D480DF08AFF62
:10D3400050B901212B4A29480AF0A0FE6FF01204BF
:10D3500020462437BD46F0BD274B381D7B60E3F7E0
:10D360006DFA034638B10121244A20480AF097FE9D
:10D370006FF01504ECE74FF0FF304FF0FF31FFF78F
:10D380004BFF04460028E3D11D491E48E3F7EEF9A0
:10D39000044610B1FFF748FFDAE741F64C5307F1B6
:10D3A0000800BB60ECF728FF20B1FFF73DFF6FF0EE
:10D3B0008504CDE7012338463B70ECF71BFF0028BE
:10D3C000F3D1FFF731FF33690F481D60F6F7E2FF35
:10D3D000BEE700BFE48B002035AB0200D9BB0300E1
:10D3E000ADD6030003000001C01C40017003030020
:10D3F000B0F80200D4D6030071D20100F4D60300C5
:10D4000040430020DDD4010045D2010030B5304852
:10D4100087B0E3F72FF90446002854D10125E3F73C
:10D42000F5F9E3F7FFF9ECF7EAFCECF7EAFCECF7C7
:10D43000EAFCECF7EAFC0221204603AA8DF80C5026
:10D44000E3F746F900283DDB08230721204603AA1D
:10D45000ADF80C30E3F73CF9002833DB4FF0FB1359
:10D46000039340F203230321204603AAADF81030B2
:10D47000E3F72EF9002825DB0421204603AA8DF8C6
:10D480000C50E3F725F900281CDB1F23062120465A
:10D4900003AAADF80C30E3F71BF9002812DB40F6C5
:10D4A000F423984212DD0B4A009029460A480AF0FC
:10D4B00000FE84F31188BFF36F8F0423184602DF48
:10D4C0006FF00B000446204607B030BD2046F9E758
:10D4D0008DD2010018D703007003030073B5434CCD
:10D4E00094F800313BB394F80031042B56D12078E6
:10D4F0003E2833D1A678B31E5E425E416378FF2B8F
:10D500002ED14FF48073009340F201130121384A69
:10D5100038480AF0CEFD6FF00B030121364A35483A
:10D520000AF0BDFD002383F31188BFF36F8F04233E
:10D53000184602DF1DE04FF0FF304FF0FF31FFF7DC
:10D540006BFE48B9204604F5807100F081FB05466A
:10D55000FFF76AFE002DC6D002B070BD0026CDE7F1
:10D56000002200233146F6F71FFF054648B9002E7A
:10D57000F2D0002384F8003102B0BDE87040FFF71C
:10D5800059BE62780232194905F10C000BF01BF804
:10D590001A4B29461B681A489847EAE7022B10D114
:10D5A000002200230820F6F7DDFE05460028D3D030
:10D5B00063880433B3F5807F0FD94FF480720092F3
:10D5C000A4E7082B0BD1002300222020F6F7CAFE87
:10D5D000638805460028ECD1BEE71A46D3E701214F
:10D5E000084A04480AF05BFDC3E700BFC5C100203C
:10D5F0003BD703007003030095D70300E08B0020A6
:10D60000E8F802005CD70300F7B5804D06462B789A
:10D61000002B40F0198304238DF807307C4B0488DD
:10D620001F68B7B10DF106030DF10702691CB84779
:10D6300001280ED09DF80630002B40F05B819DF84C
:10D6400007300E22AB7001236A70EB70AC80A871BA
:10D6500059E1B4F5105F4FEA94230AD2002B4ED063
:10D66000013B072B08D8DFE803F00907367A0707E4
:10D6700007C13F2B00F00782012055E0304640F201
:10D68000064230F9033B93420FD040F21D429342D1
:10D690001ED0012040F206439C4200F02B8140F254
:10D6A0001D439C4200F026813EE0E4F721FB42F25C
:10D6B00064039C4240F29B8242F285039C4233D831
:10D6C00042F267039C4200F2A48242F26603E8E75A
:10D6D000E4F78EFBEBE7304640F6634230F9033B5C
:10D6E000934230D00DDC40F6034293421FD040F607
:10D6F0002D4293421ED040F60142934212D00120A7
:10D70000F8E040F67B42934220D040F67C429342C0
:10D71000F5D19DF807303F4902338DF80730EDF71A
:10D72000BFFC01E0E3F724F90128E8D087E7ECF734
:10D730005DFBF9E79DF80730364903338DF8073074
:10D74000EDF7B3FAF0E7E3F725F9EDE79DF80730D9
:10D75000304904338DF80730EDF793FCE4E7338864
:10D76000A3F58053013B082BC9D801A252F823F03E
:10D7700095D70100A7D70100BBD70100FFD6010054
:10D78000FFD60100FFD60100FFD60100FFD6010041
:10D79000DBD701009DF807301E4808338DF80730AD
:10D7A000EDF771FAC0E79DF807301A4840338DF85D
:10D7B00007300DF0C1F9002041E700229DF8073045
:10D7C00008338DF80730134B1A605A60EB7A23F058
:10D7D000600343F06003EB72EDE79DF807300D48FE
:10D7E00006338DF80730EDF7A2FA9DE7304642F296
:10D7F0004E0130F8033B1AB28A4242F264016BDCFC
:10D80000B2F5005F08DC8C425EE000BFC6C20020BB
:10D81000F48B0020CDC20020A3F50053013B4D2B1B
:10D820004FD8DFE813F0600075007E004E008700DF
:10D830008A008D00960099009C004E004E004E001C
:10D840004E004E004E004E004E004E004E009F0017
:10D85000A800AB00B4004E00BD00C600CF004E00D3
:10D860004E004E004E004E00DF00E800F1004E007A
:10D870004E00F400F700FA00FD004E004E000601D5
:10D8800009010C0115011E0121014E004E004E0040
:10D890004E004E004E004E004E004E004E004E0018
:10D8A0004E004E004E004E004E004E004E004E0008
:10D8B0004E004E004E004E004E0024014E004E0021
:10D8C0002D0142F264039C423FF419AF40F29F8164
:10D8D00042F285030120F1E642F27C039A4292D1A2
:10D8E000ECF7E6FC01E0ECF7A0FC42F264039C429A
:10D8F0007FF4DDAE0F236B700423AB700123E8705F
:10D900002B71A5F80540012300202B7003B0F0BD5A
:10D910009DF80730CA4803338DF80730ECF78AFCCE
:10D92000E3E79DF80730C64808338DF80730ECF779
:10D9300083FCDAE7ECF782FCD7E7ECF781FCD4E76D
:10D940009DF80730BE4801338DF80730ECF77AFCBC
:10D95000CBE7ECF779FCC8E7ECF778FCC5E7ECF728
:10D9600077FCC2E79DF80730B54907338DF80730DB
:10D97000ECF770FCB9E7ECF76FFCB6E79DF8073001
:10D98000AF4910338DF80730ECF768FCADE79DF830
:10D990000730AB4808338DF80730ECF761FCA4E79B
:10D9A0009DF80730A64902338DF80730ECF75AFC92
:10D9B0009BE79DF80730A24902338DF80730ECF75A
:10D9C00055FC92E79DF8073008338DF807308F2318
:10D9D000EB71C023EB7242F264039C4240F0018180
:10D9E000002087E79DF80730954902338DF807300E
:10D9F000ECF740FC79E79DF80730914804338DF847
:10DA00000730ECF739FC70E7ECF738FC6DE7ECF722
:10DA100037FC6AE7ECF736FC67E7ECF735FC64E7C0
:10DA20009DF80730864801338DF80730ECF72EFC5F
:10DA30005BE7ECF72DFC58E7ECF72CFC55E79DF87D
:10DA400007307F4808338DF80730ECF725FC4CE7AA
:10DA50009DF807307A4904338DF80730ECF71EFC47
:10DA600043E7ECF71DFC40E7ECF71CFC3DE79DF8B5
:10DA70000730734802338DF80730ECF715FC34E7B4
:10DA8000ECF714FC31E730464FF60C5230F8033B0C
:10DA9000934245D84FF60252934206D803F2FF3222
:10DAA00092B20A2A1ED901204DE0A3F57D43033B23
:10DAB000092BF8D801A252F823F000BFB9DB01000E
:10DAC000A7DA0100BFDB0100A7DA0100A7DA010035
:10DAD000A7DA0100C5DB0100A7DA0100A7DA01001F
:10DAE000CBDB0100A3F57C43013B0A2BDBD801A271
:10DAF00052F823F037DB010053DB0100A7DA010005
:10DB0000A7DA0100A7DA0100A1DB0100A7DA010012
:10DB1000A7DA01007DDB01008FDB0100A7DB01003C
:10DB20004FF61452934253D04FF616529342BAD145
:10DB3000ECF779FB07E09DF8073041480C338DF88E
:10DB40000730ECF7E5FA4FF6025224F0080393424F
:10DB5000A8E500209DF8073040338DF80730384B9A
:10DB60001880EB7923F0230343F02303EB712B7A26
:10DB700023F0070343F007032B72E4E79DF8073017
:10DB80002F4817338DF80730ECF7DDFADBE79DF807
:10DB900007302B4820338DF80730ECF7F8FAD2E73E
:10DBA000ECF7CFFACFE79DF80730254801338DF821
:10DBB0000730ECF709FBC6E7ECF71CFBC3E7ECF713
:10DBC0001BFBC0E7ECF71AFBBDE7ECF71BFBBAE762
:10DBD0009DF807301A4904338DF80730ECF714FB31
:10DBE000B1E703D942F28503002067E5002042F245
:10DBF00019039C4218D842F20C039C427FF64AADAE
:10DC0000A4F500530D3B41F241229BB206E00120F6
:10DC1000EDE7A4F50153283B0A4A9BB222FA03F32D
:10DC2000DB077FF581AD65E642F232039C423FF4AB
:10DC300061AEA4F50153033B012B3FF675AD59E6E8
:10DC4000CDC200202F8040204FF0FF305EE600BFA5
:10DC500038B5094C0D4623781BB9BDE83840ECF7C0
:10DC600047BAA278611C023210F08EFE0020042315
:10DC700020702B7038BD00BFC6C2002070B50546AD
:10DC80000E46084C20460DF0E5FA38B1A368294647
:10DC90002046B2B21B68BDE8704018476FF0120012
:10DCA00070BD00BFB0F802004FF40071014803F0EE
:10DCB000E9BB00BF0EC30020322337B50125ADF804
:10DCC000043000231C216846104A8DF80630ADF858
:10DCD00000508DF80230EBF741F9044698B90CF08A
:10DCE0005DFC80B2E9F782FE2A4621468520F5F7E1
:10DCF0009FFC2A462146E520F5F79AFC2A46214654
:10DD00008A20F5F795FC204603B030BD21DD0100E7
:10DD1000014902480DF0B8BCFC8B0020384E0020B1
:10DD2000B0B5002484B000AF3B1D7C600A22BC600B
:10DD3000C7F80B4039600146184610F02AFF6D46BF
:10DD40008AB003466A4639680D48D161C2E90503C5
:10DD50004FF4007313840B4B42F8103F4FF41151F2
:10DD600023460948F4F7A2FBAD4684F31188BFF3BC
:10DD70006F8F0323184602DF1037BD46B0BD00BFCA
:10DD8000EDD7030004000001D80303000128034677
:10DD900009D0022803D050B9074B1B6802E00420C9
:10DDA000054B1B681847044B07201B68FAE7022144
:10DDB000024A03480AF073B90C8C002015D80300FE
:10DDC000F8030300014B02201B6818470C8C00204D
:10DDD000012806D0022808D050B9064B02201B6843
:10DDE000184700200449E9F70BBD01200249FAE772
:10DDF000704700BF0C8C00208DDD0100014B1860C6
:10DE0000002070470C8C002003689A070CD503682B
:10DE1000DB070DD50922074BC3F80C250F22C3F8E9
:10DE2000042501221A60FEE7034B0360EF3B036009
:10DE3000704700BF00801050F000FA5008B5012371
:10DE4000314AC2F80038A2F55722D2F800242F4AEE
:10DE5000D2F84023292A01D0332A02D12C4AC2F811
:10DE60000C342C48FFF7D0FF0830FFF7CDFF083007
:10DE7000FFF7CAFF0830FFF7C7FF00F5F470FFF7A0
:10DE8000C3FF254AD2F88C3043F44063C2F88C308B
:10DE90000022D30003F57F0303F54043D3F80014B9
:10DEA00001310AD0D3F8001439B1D3F8001401328B
:10DEB000D3F80434402A0B60EBD1184BD3F800267A
:10DEC000D2071CD400201649134BC1F81805D3F80B
:10DED0008C2042F44062C3F88C20D3F8882042F4AE
:10DEE0007002C3F88820BFF34F8FBFF36F8F0D4AC6
:10DEF000C1F8A005D2F80034012BFBD008BD6FF0AB
:10DF00000102C3F80026DDE70000125000C0FF0048
:10DF10000030055000F50E5000ED00E000E010501C
:10DF200000E0045000900450014B1860704700BF9F
:10DF3000108C00202DE9F04F594C87B001922268D7
:10DF40008842526887BF401A52F8212052F8202098
:10DF5000091A87BF52F82020012652F821200026F6
:10DF6000EFF3118C402181F31288BFF36F8F0021F2
:10DF70001579A94225D300204FF0010E04AF117985
:10DF800088422CD300208CF31188BFF36F8F0028B8
:10DF900040F08380216886F001070C687106141B2D
:10DFA000E40841EA84610446BF000297B70004AD6B
:10DFB00003971779A74233D8019B196007B0BDE8D2
:10DFC000F08F106850F8210023B1B3F800E04778D3
:10DFD000BE4502D040680068F8B10131C9E7116858
:10DFE00051F820104BB1B3F800804D78A84504D10A
:10DFF000997807F8011B0130C1E7D1F80480D8F8FF
:10E000000050B5FA85F1C1F11F010EFA01F925EAB8
:10E010000905C8F80050C9B2EBE76FF00B00B2E792
:10E02000176857F824E09EF80070012F21D195F869
:10E03000008095F801C015F8017C16B9B94667460D
:10E04000CC4647F000470097029F08F1200B0EEBEB
:10E050000709039FD9F808900EEB070ADAF808A021
:10E06000009F4CF0004C08F160084AF82BC049F8BA
:10E07000287004EB84072BB19EF801E0B3F800C0D0
:10E08000E64507D095F800C00CFA07F7394301348C
:10E0900001358EE74FF01F0CF6E76FF00B008DE7B0
:10E0A000108C002070B5124B840E1B6801261A6874
:10E0B00000F01F0302EBC40152F834201268D46848
:10E0C00000220D79954200D870BD1F2B1CBF06FAA7
:10E0D00003F3C4F804350C68023254F8224002EB12
:10E0E000820320FA03F3E46803F01F03E9E700BFAB
:10E0F000108C002030B50D4B1A68830E126802EBAD
:10E10000C302002314799C4202D86FF015000AE084
:10E11000156855F823506D788D4205D103EB8303C4
:10E12000D84000F01F0030BD0133ECE7108C002018
:10E13000004870473809002000487047CC9A030017
:10E1400000487047849B0300024B03EB00135B689D
:10E1500019607047849B0300024B03EB00139B681C
:10E1600019607047849B0300036803F01F027F2B34
:10E1700002604FEA53129ABF024B53F8220000206C
:10E18000704700BF049C0300034A4309D35C00F0BE
:10E190001F001844C0B2704741D80300F0B5844650
:10E1A000002587B0DFF84CE0114F019102AE1EF858
:10E1B000013B06AA02EBD30212F8144C03F007034A
:10E1C000DC4014F0010406D10135042DEFD1002408
:10E1D000204607B0F0BD97E80F0086E80F0056F81C
:10E1E0002520136A4CF825301362002BECD0EFE7A2
:10E1F000E804030051D80300F7B504460846FFF7CA
:10E20000C3FF06B204EB4606B38A0D46DB072BD5E7
:10E2100020460CF0A7FE294620460CF013FE58B10C
:10E2200020460CF025FE0022276800B207EB800391
:10E23000C3F81025C3F81025294620460CF041FEEE
:10E24000002101A8B1820195FFF78EFF019B00EB31
:10E250008300D0F88020064B134043F00203C0F83F
:10E260008030084603B0F0BD6FF01500FAE700BF3C
:10E27000F0F0FCFF2DE9F043044685B00846164651
:10E280001D46FFF781FF0F46804636B320460CF04F
:10E29000E4FD18B920460CF0D5FD28BB0FFA88F92B
:10E2A00004EB4909B9F8143013F01C0F02D073784D
:10E2B000012B19D001238DF80F3000233846CDE90A
:10E2C0000063721CB31C0DF10F010CF063FDB9F873
:10E2D000143043F00303A9F81430002D40D0394620
:10E2E00020460CF0BAFD20B96FF0150005B0BDE86E
:10E2F000F0830022297823684FEA810C03EB810325
:10E30000C3F81025C3F810250FFA88F204EB420277
:10E31000938A23F4604323F0200393826E78FEB146
:10E320002468A8786444D4F810550E4B36042B406A
:10E33000C4F8103541F6F07306F4403603EA0713CB
:10E340000005D4F81055334300F4801003432B43E9
:10E35000C4F81035938A43EA413343F02003938293
:10E360000020C3E70FE0ECFF70B590F8B040054621
:10E3700090F8B1604CBB84222146143010F02BFB86
:10E380002146134A2B6852F836608E4213D100247E
:10E3900040F20D10C3F84441D3F844210D4A934292
:10E3A00008BFDB20F5F722F90123204685F8B030BD
:10E3B000C5F89C3070BDCAB2920002F58070442A44
:10E3C00004BF1C501A580131DFE76FF07700F1E706
:10E3D000149C030000A00D5090F8B100024B03EB19
:10E3E00080000CF05DBC00BF7009002010B5064B2A
:10E3F00090F8B1000C4603EB80000CF037FC0028CD
:10E40000A4BF2070002010BD700900202DE9F04F3E
:10E41000814659F8043B8DB0D3F8141390F8B140FD
:10E4200000936C4BC9B241F40031804653F834205C
:10E4300000980CF070FD810305463BD510220021A9
:10E4400008A810F0C8FA634B08A803EBC4035B6884
:10E4500019460193FFF7A2FE042303EBC4030393C1
:10E460004FF0000B5C4B0DF1200A0293029A5949C0
:10E4700012F8013B0292039A02EBD3028A5C03F08A
:10E48000070322FA03F3DA071AD40BF1010BBBF1ED
:10E49000040F0AF1040AE9D14FF400310022009878
:10E4A0000CF039FD019908A8FFF778FE0028D7D1B4
:10E4B00025F400350124002D75D10DB0BDE8F08F95
:10E4C000464B5B440493DAF800100029DDD091FA42
:10E4D000A1F1B1FA81F1049B1C7841EA4414204671
:10E4E000FFF752FE08EB4000878AC808BB08059377
:10E4F00001231AF8002001F0070103FA01F122EAD2
:10E5000001020AF8002007A80794FFF72DFE079ADA
:10E51000059B203250F82220C7F382065B0737465E
:10E52000C2F3014223D54846D6B221463A460CF002
:10E53000A9FC07A80794FFF717FE079B203350F8A4
:10E540002330C3F301439E4207D1002120460CF043
:10E550006AFC314620460CF066FC07A80794FFF7DA
:10E5600003FE0122079B02FA03F30362ABE7022AD0
:10E570000DD1032120460CF056FC06F00503012BBB
:10E58000EBD13A46214648460CF07CFCE5E70221F7
:10E59000204605920CF047FC032EF2D0059A032A80
:10E5A000DBD1022EECE795FAA5F3B3FA83F30099D9
:10E5B00004FA03F225EA020503F5A27251F82220BB
:10E5C00008EB43034846B3F8A010C2F301420CF035
:10E5D00059FC70E7149C030051D8030051D8030084
:10E5E0000123034A03FA00F09368034393607047E2
:10E5F0001805002073B504460191EFF311864023FE
:10E6000083F31288BFF36F8F0B4D019B6A6801A8DB
:10E61000134001930CF02AFB002807DB01226B68F2
:10E62000824023EA02036B602070002086F3118889
:10E63000BFF36F8F02B070BD18050020074B027A40
:10E64000D3F8101521F001010A43C3F81025026820
:10E65000C3F8A4264268C3F8AC26704700200E50C9
:10E660004FF0FF306FF0404130B5054CD4E9002346
:10E67000904271EB0305F9D31046C3F3130130BD8B
:10E6800040270E5030B50C25074B1C1894F8544009
:10E6900005FB0433C3E9031218750123034A8340C1
:10E6A000C2F8243330BD00BF1805002000200E50F2
:10E6B000F0B53D4D85B02C78002C6FD13B4A01ABB5
:10E6C00007CA83E807003A491846D1F8102522F016
:10E6D0000202C1F81025FFF7B1FF0723672202F0FD
:10E6E00001012144013BCCB24FEA5202F7D1052C83
:10E6F00057D119464FF0010C2B4E00246720CFB2A2
:10E7000004E00CFA02F220EA0200013490FAA0F2CE
:10E710005FFA84FEBE45B2FA82F2F2D3013132755D
:10E7200005292A4482F8547006F10C06E5D101212E
:10E73000002420489A0801FA02F212F0670F18BF6D
:10E740001C500433302BF5D1E420F4F74FFF184B65
:10E750001949D3F8102503F5C07322F00202C3F85B
:10E76000902340F6FF72C3F8A82100221A60A3F597
:10E77000807004338B420260F8D101240C4B0F4AA5
:10E780001C660F4B5D201B68B3FBF2F358430D4B27
:10E790002343984700202C7005B0F0BD6FF0770040
:10E7A000FAE76FF08B00F7E718050020F804030084
:10E7B00000200E5000210E50B0210E5040420F009C
:10E7C00034090020B00A030038B5254B0C46D3F8B5
:10E7D000102595073DD4D3F8102542F00202C3F866
:10E7E0001025C0B1D3F8482712F0010202BFD3F8B8
:10E7F000481741F00101C3F84817194BD3F84017E7
:10E80000D3F844174900F9D42AB9D3F8482722F09D
:10E810000102C3F84827134B134A1B681049B3FB86
:10E82000F2F303EB4313BBB1D1F84027D1F84457BF
:10E8300015F080450BD14FF0FF312046FFF7DAFE8F
:10E84000002803DB2078FFF7CBFE284638BD013BCC
:10E85000E9E76FF07700F9E76FF07300F6E700BFC4
:10E8600000200E503409002040420F0070B51D46B4
:10E870001446184A9DF81060131893F8543000B2EB
:10E880000C3302EBC30142F833404D60C5F3130172
:10E89000AEB10201104E02F1A04202F562228000E8
:10E8A000C2F820450644C2F82415336833B1FFF797
:10E8B000D7FEA042A94101D20023336070BD0301FD
:10E8C00003F1A04303F56223C3F82045C3F82415E0
:10E8D000F4E700BF1805002000210E50F0B50E4DE2
:10E8E0002B1893F8543000010C3355F8334005EBE6
:10E8F000C3077E68641800F1A04021F0004146F192
:10E90000000641EAC27100F5622045F833407E609E
:10E91000C0F82815F0BD00BF18050020F7B5284B3A
:10E92000284CD3F82C6304F188070EB903B0F0BD6E
:10E9300096FAA6F00123B0FA80F08340DA43224928
:10E9400026EA0306231893F85450830019440C2335
:10E9500003FB0543DB6873B3D7E8EF3F03EA020C20
:10E96000C7E8EECFBEF1000FF6D1C340DB0719D5E3
:10E97000020102F1A04202F56222D2F82435D2F857
:10E980002025D1F800C0BCF1000FCED04FF0000C14
:10E99000C1F800C00C2101FB054529690091E96817
:10E9A0008847C2E705F10C0304EBC30C54F833208D
:10E9B000DCF80430E5E70A68002AB6D00B60B4E75B
:10E9C00000200E501805002000210E50EFF3118199
:10E9D000402383F31288BFF36F8F084A1378013303
:10E9E000DBB2012B137005BF054A00206FF07700E2
:10E9F000136381F31188BFF36F8F70470EC500203A
:10EA000000E01050EFF31182402383F31288BFF32C
:10EA10006F8F084B18780138C0B2187038B90121CF
:10EA2000054B596382F31188BFF36F8F70476FF006
:10EA30000F00F7E70EC5002000E0105010B5184B8E
:10EA4000D3F80443E1040AD5D3F830213AB10022C7
:10EA5000C3F83021D3F83031124B1B689847A20419
:10EA60000BD50F4BD3F834213AB10020C3F8340151
:10EA7000D3F834310C4B1B68984763040ED5084B10
:10EA8000D3F8382152B10022C3F83821D3F83831F5
:10EA9000054B0120BDE810401B68184710BD00BFA2
:10EAA00000E01050488C0020448C0020044B40EAC9
:10EAB0000120C3F80005D3F80024D207FBD5704726
:10EAC00000E00450014B9868A83070474C8C00203F
:10EAD00010B50446F3F71EFC03480121034A09F070
:10EAE000D5FA20460CF0C1FB0004030055D8030002
:10EAF0002DE9F84304460D4600AFEFF3118840239B
:10EB000083F31288BFF36F8F0428294A98BF294BDB
:10EB1000E9468AB09668117C98BF53F820306A465F
:10EB200088BF254BC2E9073140F201332348938463
:10EB3000234BC2E9050442F8103F00234FF4315142
:10EB40002048F3F7B3FCCD4645B1EB69C3F30803A6
:10EB500023B101211C4A1B4809F098FA2EB1304616
:10EB60000CF026FE08B1037803B91848E9468AB0CC
:10EB70006A46174BD061C2E9053640F2013313846F
:10EB8000144B42F8103F00234FF411510D48F3F796
:10EB90008DFC2946CD462046FFF79AFF88F3118861
:10EBA000BFF36F8F3046F4F7ADFCBD46BDE8F88388
:10EBB0004C8C0020249C030064D8030072D803000E
:10EBC00005000001000403009AD803009ABB03006B
:10EBD000BBD803000400000138B50A4B53F82040AD
:10EBE000013053F82050A54200D838BD606830B1DC
:10EBF000037EDB0701D40CF015FB0834F3E7236830
:10EC00009847FAE7389C0300012270B5294B03208E
:10EC100086B01A70FFF7E0FF0DF00DF80420FFF743
:10EC2000DBFF254C254D2646AE4204F1300410D3BF
:10EC300000F0F4FF204C224EAC4226D301F002F843
:10EC4000F1F7DAFD1F4A137B23F00103137306B0BB
:10EC500070BD54F80C3C059354F8103C049354F8E0
:10EC6000143C039354F8183C029354F81C3C019351
:10EC700054F8203C009354E90A2354E90C0100F0B5
:10EC8000A9FD54F8303C5E65CDE7D4E90A23B3F121
:10EC9000FF3F08BFB2F1FF3F05D052EA03012068F1
:10ECA00003D101F08BF83034C6E73146183001F05B
:10ECB00035FAF8E70FC500203002030030020300E8
:10ECC000AFB80200685000204FF4847370B5144E42
:10ECD00086B003FB0066134B012205930F23CDE999
:10ECE00003320023CDE9013318234FF4A0720E4DF7
:10ECF0000E4903FB0055044602FB00110C4B304645
:10ED0000009500F067FD737B2C7423F0040373738C
:10ED1000084B013403EBC423EE606B6006B070BD9A
:10ED2000604F0020E9A703004C8C0020F80501206B
:10ED300069B30200F8FD0020BFB50020FFF74CFFCB
:10ED40002A4B03F5006282F3088883F30A88E023E4
:10ED5000274C002584F822302023E377257665763A
:10ED6000A57684F82050636A224F43F4E02363625F
:10ED700084F82350F4F740FBF4F714FD4FF0FF3311
:10ED8000A362E362F4F7B4FEF4F732FDF3F720FA7E
:10ED9000194800F0AFFD0120FFF71EFF0220174CBD
:10EDA000FFF71AFF00F082FF154B16499C61164BC6
:10EDB0004FF48052059301232046CDE90353CDE95A
:10EDC00001553B46009500F005FD0646627B204656
:10EDD00022F0040262730CF027FD2846FFF774FF4F
:10EDE0003A4631462046F4F7B5FC00BFF8FD002056
:10EDF00000ED00E009EC010098520020685000206E
:10EE00004C8C00203807012008AC030038B5064CB4
:10EE1000064DAC4201D3002038BD2046D4E9011292
:10EE20000CF02BFA1434F4E7F80A0020F80A00205A
:10EE3000002038B5054C064DAC4200D338BD204605
:10EE40000CF040FA0028F9DB1C34F5E7880A0020B2
:10EE5000F80A002073B50C46EFF31181402585F3C5
:10EE60001288BFF36F8FC5685DB125602B68C360E2
:10EE7000836901338361002081F31188BFF36F8FB1
:10EE800011E052EA030603D16FF00B002560F3E7AF
:10EE9000CDE900230246083000F006FE18B9034B06
:10EEA0009B681B69236002B070BD00BF4C8C0020C2
:10EEB0002DE9F34104460E469DF8200004F10808B0
:10EEC000EFF31187402181F31288BFF36F8F256A1A
:10EED000E1688D4247D22568AC4218D0BDB12846C2
:10EEE0000CF04DFA05F118000CF0A0FD3146A268B7
:10EEF00028690FF049FD00232846C5F8C0300CF002
:10EF000093FC4046394600F063FE002038E0A268DA
:10EF1000D8B13146E0690FF037FDE369A2681344C8
:10EF20006269E361934201D12369E361236A10219D
:10EF30000133236204F124000CF057FE0028E0D1D5
:10EF400087F31188BFF36F8F1AE0A1692369994293
:10EF500008BF6369314608BFA361A069801AA06138
:10EF60000FF012FDE2E752EA03010CD007494046D8
:10EF700089680E61CDE900233946224600F094FDF0
:10EF800002B0BDE8F0816FF02200D9E74C8C002080
:10EF9000F7B50446084604F10807EFF3118640214F
:10EFA00081F31288BFF36F8F216A00293AD0A268DB
:10EFB000A1690FF0E9FCA369A2682568134462699E
:10EFC000A361934204BF2369A361236AAC4203F1A6
:10EFD000FF33236234D02846002D32D00CF0CFF915
:10EFE00005F118000CF022FDA2682969E0690FF014
:10EFF000CBFCE369A268284613446269E36193424B
:10F0000004BF2369E361236A013323620024C5F846
:10F01000C0400CF009FC3846314600F0D9FD2046CE
:10F0200003B0F0BD52EA030110D00A4989680861B3
:10F03000CDE9002331462246384600F035FDEFE7A2
:10F04000002086F31188BFF36F8FE9E76FF022008D
:10F05000F7E700BF4C8C00202DE9F341044617462A
:10F060001E46EFF31188402383F31288BFF36F8F9E
:10F07000C368334A7BB180689168884219D057EAE7
:10F08000060318D188F31188BFF36F8F6FF00F005C
:10F0900002B0BDE8F081916891F90E100133E36090
:10F0A00093682161A36088F31188BFF36F8F0020FC
:10F0B000EEE72169F2E791F90E1090F90E306FF04A
:10F0C0007E029942A8BF19469142B8BF11468B42B1
:10F0D0002DDD0CF07BF9054622464146CDE9007650
:10F0E000184800F0E1FC0028E1D0EFF3118640233E
:10F0F00083F31288BFF36F8FA068D0B123682169B2
:10F100009C420AD04BB193F90E309942A8BF1946E0
:10F110006FF07E039942B8BF19460CF057F940B121
:10F120003146084800F054FD6FF00A00B0E70025B2
:10F13000D2E7002DF4D186F31188BFF36F8FF3E788
:10F140004C8C002010C50020F8B583680546002BC4
:10F1500040D0234A926893423FD1C368012B03D920
:10F16000013BC3600020F8BDEFF31187402383F318
:10F170001288BFF36F8F016980680CF027F92C6843
:10F18000AC4207D10023C5E9023387F31188BFF3EE
:10F190006F8FE7E7002CF5D0D4E90032002613602A
:10F1A0005A60637BC4E9006623F002036373A660C0
:10F1B00004F118000CF03AFCAC6094F90E302046D3
:10F1C0002B61C4F8C0600CF02FFB3946054800F0F5
:10F1D000FFFCC7E76FF01500C5E74FF0FF30C2E74F
:10F1E0004C8C002010C5002037B51146EFF3118577
:10F1F000402282F31288BFF36F8F04689CB12368AA
:10F20000426823F003039442036008BF4360012176
:10F2100020460CF068F9044685F31188BFF36F8F20
:10F22000204603B030BD51EA0302F5D000F10802D8
:10F23000CDE900131046294600F036FC0028EFD136
:10F24000014B9B681C69EBE74C8C002070B5EFF319
:10F250001186402383F31288BFF36F8F0468A042A6
:10F260001BD0D4B1D4E90032002513605A60637B0F
:10F27000C4E9005523F002036373A56004F118008C
:10F280000CF0D4FB2046C4F8C0500CF0CDFA314647
:10F29000BDE87040094800F09BBCD0E902329A42B8
:10F2A00018BF01330221836010300CF09EFC00284F
:10F2B000EDD186F31188BFF36F8F70BD10C50020AC
:10F2C00013B5EFF31181402484F31288BFF36F8FDD
:10F2D000846844B1013C846081F31188BFF36F8F6F
:10F2E000002002B010BD52EA030406D181F3118858
:10F2F000BFF36F8F6FF00F00F3E7CDE900230246F5
:10F30000014800F0D1FBECE710C5002007B5074B22
:10F310004FF40062009306494FF0FF33054800F0B8
:10F320006DF9002003B05DF804FB00BF509C0300A2
:10F3300038170120705100202DE9FF410446402775
:10F340004E4EEFF3118887F31288BFF36F8FD4F816
:10F350000C51F5B9022104F592700CF005F9002862
:10F3600068D004F58E750022012128460CF002FBBE
:10F370000028F8D100234FF0FF3202934FF0FF3303
:10F380004146CDE900233E4804F58A7200F0E2FDD3
:10F39000D7E7D4F810212B689542C4F80C3108BF88
:10F3A000C4F81031D4F8243143F00203C4F82431F6
:10F3B000EB6823F0040343F00103EB606B6888F310
:10F3C0001188BFF36F8F28469847EFF3118887F3B2
:10F3D0001288BFF36F8FEB68D80623F0010236D492
:10F3E000EA60EB689A0716D5306823F00203EB60F9
:10F3F00088B10021036870B14268954235D1036835
:10F4000069BB72683360824200D17360002340F8A8
:10F41000083BFFF71BFFD4F8243123F00203C4F8A4
:10F42000243188F31188BFF36F8FDB0589D400F096
:10F4300045FC86E7D4F82431D9069BD5C4F82401CD
:10F4400088F31188BFF36F8F04B0BDE8F08123F01B
:10F450001103EB6005F11000FFF7F8FEC1E70B6048
:10F460007368834208BF7160D0E723B11A68014610
:10F4700018461346BFE71A46F9E700BF748C002010
:10F4800010C5002070B5C3680546C3F340069B074E
:10F490000C460DD50122002104F108000CF054F8AF
:10F4A00000232360054B65605A681AB9C3E900441C
:10F4B000304670BD14605C60FAE700BF748C0020B9
:10F4C000F8B5C36804469A070F46C3F340062ED426
:10F4D0005B071CD40B680BB983680B60E368DD071E
:10F4E00042BFA36802263B603D6858BF0126002D3D
:10F4F0003CD0204B9A68D5F808319A420AD0D5F80A
:10F500002431D807C3F3800214D46FF0120600230D
:10F510003B6025E00CF046F9D5F824310028F0D105
:10F52000D907C3F3C002F0D552B15B0708D46FF01E
:10F530000F06ECE7002AFAD1C3F3C003002BF6D183
:10F5400000232360D5F8103163B9C5E94344284648
:10F550000CF025F8E36843F00403E3603B68A36024
:10F560003046F8BD1C60C5F81041F0E76FF0150695
:10F57000CDE700BF4C8C0020F8B5C368064603F009
:10F580000503002B0C4614BF012700271CD08568FB
:10F590000122002104F110000BF0D6FF2046134990
:10F5A0000CF056F8E36843F01003E360F3685B0780
:10F5B00012D5336823606BB9D5F8103133B9C5E97A
:10F5C000434428460BF0EBFF3846F8BD1C60C5F8F5
:10F5D0001041F6E73460F4E7D5F80C312360D5F834
:10F5E0001031C5F80C41002BEBD1F0E77FB50200DC
:10F5F000014601480CF048B870510020F0B50446AF
:10F60000002089B0C4E943000E9D04F58A70C4E966
:10F61000450004F58E70C4E9470055B328790028E9
:10F6200040F2011008BF0120C4F8240100204FF06F
:10F63000FF364FF0FF37CDE90330CDE90100CDE9CA
:10F64000066720460C4B009400F028F955B1296854
:10F6500011B1204600F0AEF86B791BB1237B43F06B
:10F6600001032373204600F0A9FBC4F8084109B048
:10F67000F0BD0120D8E700BF39F3010037B5019094
:10F680000846EFF31184402181F31288BFF36F8F96
:10F69000C16811F01E0F16D153EA020508D101A965
:10F6A000FFF70EFF84F31188BFF36F8F03B030BDF7
:10F6B00041F00801C160019910308161034900F0F7
:10F6C0002DFD0120EEE70020ECE700BF15B602009B
:10F6D00001460148FFF7D2BF70510020F7B50C4634
:10F6E00016461D460190EFF31187402383F31288DD
:10F6F000BFF36F8F08460BF043FF55EA060309D1AD
:10F70000204601A9FFF7DCFE87F31188BFF36F8F56
:10F7100003B0F0BDE368324643F00803E360019BA9
:10F720000449A36204F110002B4600F0F7FC01200D
:10F73000EAE700BF15B6020001460148FFF7CEBF59
:10F74000705100202DE9F0410546EFF31187402369
:10F7500083F31288BFF36F8F0468A04222D00CB3EA
:10F76000002620460CF011F804F118000CF05EF9A8
:10F77000B0462046C4F8C0800CF056F82C6801361C
:10F78000A54208D03CB120460BF0FFFF04F1180061
:10F790000CF04CF9EDE73946054800F019FA30460F
:10F7A000BDE8F08187F31188BFF36F8F0026F6E77D
:10F7B00010C5002010B5044608B9054B9C681F22EF
:10F7C00004F188000FF0E5F9002084F8A70010BDCF
:10F7D0004C8C00202DE9F04F87B0DDF850E09046CA
:10F7E000DDE910BA5FFA8EF24FF0040E00F1580511
:10F7F000C0E91655002504461F4680F80DE0DDF8E7
:10F800004CE002735FFA8EF2827308F10702DDF8B2
:10F81000489022F0070201EB0208C0E92B12C0E970
:10F8200006558560C573C0F8B4504246CDE901A9BC
:10F83000CDF800B0159E8DF817E0F3F747FFC4E947
:10F840001D7BC4E91FA9656584F87050EFF311832F
:10F85000402282F31288BFF36F8F0F4F7A6A7C6267
:10F86000C4F8842083F31188BFF36F8F8EB11F22F9
:10F87000314604F188000FF08CF984F8A750BB687A
:10F880000BB1D3F8B8304046C4F8B83007B0BDE883
:10F89000F08F84F88860F2E74C8C0020F0B50025EA
:10F8A00087B00595109DDDE9127604950F9D0446FD
:10F8B00003950E9D02950D9D01950C9D0095FFF7FA
:10F8C00089FFB6F1FF3F08BFB7F1FF3F05D056EA09
:10F8D000070305D1204600F071FA204607B0F0BDBD
:10F8E0003A46334604F11800014900F017FCF4E7EA
:10F8F000AFB8020040F2011383810023C0E92B332B
:10F90000C0F8B830014B9860704700BF4C8C0020A5
:10F910006FF00A01094A9368C3F8C0100849C3F898
:10F92000BC004B6843F080534B60002383F3118885
:10F93000BFF36F8F9368D3F8C00070474C8C0020E2
:10F9400000ED00E070B590F90D20437B002A36DB16
:10F95000D90634D11B4C63F07F032246437352F81F
:10F960001C3F216A934207D1C0E900210860206250
:10F9700011E09942F8D01B68002BF5D090F90E5099
:10F9800093F90E60B542F4D0AE42F2DD5968C0E999
:10F99000003108605860E569954200D005B9E56816
:10F9A000A3685A7BD20604D1DA897F2A01D9AA69D1
:10F9B00032B1AB4202D0284600F00EFBA56170BD0B
:10F9C000A361FCE74C8C002038B590F90D2001466E
:10F9D000002A437B04DA03F07F0343730BF0EAFE53
:10F9E0000D4D2A4652F81C4FAB68944200D004B922
:10F9F000EC688B4207D05A7BD20604D1DA897F2A81
:10FA000001D9A2692AB1A34202D0204600F0E4FA4B
:10FA10002346AB6138BD00BF4C8C0020B3F1FF3FE3
:10FA200008BFB2F1FF3F03D00249183000F076BBA7
:10FA3000704700BFAFB8020038B5194CA168206A02
:10FA40000B68814214BF1A46002249680B60596056
:10FA5000A368216A2AB9134AC3E900210B60236213
:10FA60000CE093F90E0092F90E50A84214D0854292
:10FA700012DD5168C3E900210B605360E569094B51
:10FA80009D4200D005B9E568A3689D4202D0284692
:10FA900000F0A2FAA56138BD9142DCD01268D9E726
:10FAA0004C8C0020688C0020F8B5DDE906670D4B12
:10FAB0000C46986811460C4A1060EFF31182402200
:10FAC00082F31288BFF36F8F9D6828460BF084FE87
:10FAD000284632463B46FFF7A1FF2046BDE8F840E6
:10FAE000FFF716BF4C8C00207C8C0020F8B5044634
:10FAF000EFF31187402383F31288BFF36F8F437BAB
:10FB000049B203F01F02002A0CBF0126002639D19A
:10FB100003F07F032D4D43730BF04CFE2A46437BCD
:10FB2000817363F07F03437352F81C3F934227D1E4
:10FB3000286AC4E9002004602C620FE09842F8D0E3
:10FB40001B68002BF5D093F90EC06145F6D08C45AB
:10FB5000F4DD5968C4E900310C605C60EC699442E2
:10FB600000D004B9EC68AB689C4202D0204600F09B
:10FB700033FAAC6187F31188BFF36F8F3046F8BD5D
:10FB8000286ADEE79B071ED585680BF013FE81739C
:10FB90002B689D4209D16B68C4E900531C606C60FE
:10FBA000E8E76A689342F6D01B68002BF3D093F91C
:10FBB0000E209142F5D08A42F3DD5A68C4E9003242
:10FBC00014605C60D6E78173D4E700BF4C8C0020E2
:10FBD00049B9EFF3058030B9054B9A699B689A42A1
:10FBE00001D0FFF795BE81F31188BFF36F8F704787
:10FBF0004C8C0020034648B9EFF3058232B9064A1F
:10FC000091699268914201D0FFF782BE83F3118817
:10FC1000BFF36F8F704700BF4C8C0020EFF3118152
:10FC2000402383F31288BFF36F8F054B9A68D37B11
:10FC3000013BD37381F31188BFF36F8F704700BF0F
:10FC40004C8C002070B5EFF31186402383F31288AB
:10FC5000BFF36F8F144DAB68DA7B0132DA732A463B
:10FC600052F81C4F944200D004B9EC685A7BD2067B
:10FC700004D1DA897F2A01D9A2692AB1A34202D02C
:10FC8000204600F0A9F92346AB6186F31188BFF343
:10FC90006F8FEFF31180402383F31288BFF36F8FD0
:10FCA000BDE87040FFF7A6BF4C8C0020024B03F16B
:10FCB0001C02C3E9072270474C8C002070B5EFF39B
:10FCC0001186402383F31288BFF36F8F1B4CA1680A
:10FCD000206A0B68814214BF1A46002249680B60F3
:10FCE0005960A368216A2AB9154AC3E900210B604B
:10FCF00023620CE093F90E0092F90E50A84218D03E
:10FD0000854216DD5168C3E900210B605360E56947
:10FD10000B4B9D4200D005B9E568A3689D4202D017
:10FD2000284600F059F9A5613046BDE87040FFF75C
:10FD3000EFBD8A42D8D01268D5E700BF4C8C0020B6
:10FD4000688C0020F8B550EA010306460C4603D142
:10FD5000FFF7B4FF0020F8BDEFF31187402383F3D2
:10FD60001288BFF36F8F124D124BA8681860FFF70F
:10FD70002BFEA868234632460F49183000F0CEF912
:10FD8000AA680446537B384643F004035373FFF7D5
:10FD9000BFFDAB68D3E90A23B3F1004F08BF002AC7
:10FDA000D8D10BF06BFE201A20EAE070D3E700BF39
:10FDB0004C8C00207C8C0020AFB8020038B5044683
:10FDC000EFF31185402383F31288BFF36F8F437BDA
:10FDD0005B070FD518300BF029FE637B204623F01C
:10FDE00004036373FFF7AEFD2946BDE838400448BD
:10FDF000FFF7EEBE85F31188BFF36F8F38BD00BFEC
:10FE000010C50020014B9868704700BF4C8C002043
:10FE10002DE9F8430446077BEFF31185402383F374
:10FE20001288BFF36F8F437B190705D585F31188BF
:10FE3000BFF36F8FBDE8F883D90943F0080260D1A2
:10FE40004273A36813B120460BF0BCFC04F1180008
:10FE50000BF0ECFDA66D04F15808B04511D04FF041
:10FE6000000976B130460BF0ADFC06F118000BF03E
:10FE7000DDFD3046C6F8C090FFF764FDA66DB045C5
:10FE8000EFD1DFF8CC80D8F808309C4241D1EFF3B5
:10FE90000589B9F1000918BF4FF00109D8F81C60B5
:10FEA000294A964200D00EB9D8F80C60B34202D06D
:10FEB000304600F091F82046C8F8186008F09EFA25
:10FEC000204600F0DBF8B9F1000F02D01F48FFF721
:10FED00011FDD8F808309C4231D1EFF3058373BB94
:10FEE000227BD20718D42846FFF712FDFB07A1D5C5
:10FEF000002383F31188BFF36F8F0423184602DFBA
:10FF000098E703F07F0343F0080343730BF052FCC0
:10FF100097E74FF00009C1E785F31188BFF36F8FB2
:10FF200083F31188BFF36F8F0423184602DFEFF3CA
:10FF30001180402383F31288BFF36F8FD4E785F3DA
:10FF40001188BFF36F8FD1E7688C00209852002092
:10FF50004C8C0020D3B5DDE90667089CCDE900672D
:10FF6000FFF7A2FD1CB1034B9B681B69236002B025
:10FF7000D0BD00BF4C8C0020427B034612F01F0214
:10FF800010D10A4988420DD00949086868B1D98959
:10FF90007F2909D893F90E20064B1B689A42B8BFF7
:10FFA000002070470020704710467047604F0020C7
:10FFB00078090020808C00200122044BC01A044BD9
:10FFC000C0105843034B1A54704700BFA053002081
:10FFD000ABAAAAAA10C5002070B50D4B0D4D1E7C12
:10FFE000FFF7CAFF06EB460305EBC30504462846A8
:10FFF0000BF01CFD0022084B9A553CB1621E2846AE
:020000022000DC
:10000000BDE870400549D31700F088B870BD00BF47
:100010004C8C0020A053002010C50020B9FF010027
:1000200038B5EFF31185402383F31288BFF36F8F48
:100030000F4B104A9C681068A04206D1FFF7CCFF16
:1000400085F31188BFF36F8F38BD00211B7C1160D1
:10005000094AD35C002BF3D02046FFF78DFF002820
:10006000EED0637BDB0601D1FFF7E6FC2046E5E737
:100070004C8C00207C8C002010C50020EFF31181F7
:10008000402383F31288BFF36F8F0C4A536A834275
:1000900008D1D3F88430536281F31188BFF36F8F96
:1000A00070471346002BF7D0D3F884208242F8D152
:1000B000D0F88420C3F88420EEE700BF4C8C0020E9
:1000C000024B1868984208BF002070477C09002046
:1000D000034B1B680BB9FCF7E1BD0020704700BF64
:1000E000848C002030B570B10B4B5B6898420AD00D
:1000F000036843B1D3E90421D0E90445121941EB67
:100100000501C3E90421D0E9003213605A600023DD
:10011000C0E9003330BD00BF7C090020B3F1FF3FD0
:1001200008BFB2F1FF3F2DE9F84F04469946154646
:100130001F467AD08160EFF31188402383F3128841
:10014000BFF36F8FB9F1000FDFF8E8A020DBFFF7F6
:10015000BFFFDAE90027013549F100092D1849EB05
:10016000E07306464FF00109C4E90453AD1843EBB0
:100170000707FFF7A5FF0346DFF8BCE0DEF804A0A1
:10018000EBB9C4E900EACAF80040CEF8044028E020
:100190006FF00103DAE900125B1A4FF0FF3161EBF7
:1001A00002025B1B62EB0902012B72F10001BCBF72
:1001B000012300224FF00009C0E90432D9E7D3E956
:1001C000041CD4E904208A4270EB0C0B24DA891A4F
:1001D0005A686CEB0000C3E90410C4E900321460F3
:1001E0005C60FFF76DFF84420ED1114B1B685BB959
:1001F000B9F1000F02D1FFF76BFF064630460BF056
:10020000FEFB0021FCF75EFD88F31188BFF36F8FC2
:1002100028463946BDE8F88F521A60EB0C009A4523
:10022000C4E90420ADD01B68AAE700252F46EFE7FC
:10023000848C0020B85300207C0900202DE9F04771
:10024000EFF31185402383F31288BFF36F8F254F9F
:100250004FF0000838604FF00009FFF731FF224EE1
:100260003B68D6E9001E4FEAE37C50B1D0E9044276
:10027000A3427CEB020A19DAE41A62EB0C02C0E931
:10028000044200245B184EEB0C022046C6E9003203
:100290003C600BF0B4FB2146FCF714FD85F311889C
:1002A000BFF36F8FBDE8F047FFF7BABE61184EEBA2
:1002B000E473C0E90489C6E90013FFF713FF85F36F
:1002C0001188BFF36F8F83689847EFF31185402340
:1002D00083F31288BFF36F8F3B681B1B3B60FFF7F4
:1002E000EFFEBDE7848C0020B853002010B5EFF37B
:1002F0001184402383F31288BFF36F8FFFF7E8FE6A
:100300000346054AD2E90001181841EBE37184F372
:100310001188BFF36F8F10BDB8530020F8B50646A3
:10032000EFF31187402383F31288BFF36F8F0268C6
:1003300022B187F31188BFF36F8FF8BDD0E90A545B
:10034000691C44F10003022973F1000334D3013D19
:1003500044F1FF34002CBCBF15462C460BF092FB39
:10036000013041F10001401944EB0101012871F114
:1003700000014ADB0BF086FB6FF00203013041F114
:100380000001401944EB010183426FF000438B41AF
:1003900040DB0BF077FB6FF001024FF0FF330130D1
:1003A00041F10001401944EB0104121A63EB04030C
:1003B00030461A49FFF7B2FE336B01333363336AB9
:1003C0006BB187F31188BFF36F8F3046336A98475C
:1003D000EFF31187402383F31288BFF36F8F334607
:1003E00053F8184F9C42A4D0002CA2D020460BF00A
:1003F0002AFA0023C4F8C03087F31188BFF36F8F47
:100400002046BDE8F8400BF00FBA6FF001024FF044
:10041000FF33CDE700224FF00043C9E71D03020080
:100420002DE9F04105461C4690461F46EFF3118624
:10043000402383F31288BFF36F8FB4F1FF3F08BFEF
:10044000B2F1FF3F05D186F31188BFF36F8FBDE88E
:10045000F081002C09DB012A74F10003BCBF0122EA
:10046000002412F1FF3844F1FF3728460BF0DEFA82
:10047000DDE90623C5E90A23002342462B6328460B
:100480003B460249FFF74AFEDDE700BF1D030200BD
:1004900038B50346EFF31185402282F31288BFF38B
:1004A0006F8FC160012181600068834206D185F3AE
:1004B0001188BFF36F8F0024204638BDD0E9003289
:1004C00013605A600023C0E900330BF04BFB294650
:1004D00004460248FFF77CFBEEE700BF11C5002091
:1004E000F8B507460C4616460BF05CF908B100203B
:1004F000F8BD0E4B9B68D3F8B850002DF7D0221DE5
:10050000F5D2EFF31184402383F31288BFF36F8F8A
:10051000284647F00401B04784F31188BFF36F8F7A
:100520000028E4D040F8045BE2E700BF4C8C0020D8
:100530000146024A0020FFF7D3BF00BFD575020075
:1005400073B51546069AD40323D59F2921D9124E97
:10055000A039337800EB41046BB97D2341F64C524E
:100560001E21CDE900324FF47A5028230A2200F0F0
:10057000A5F8012333702A46A021204600F0E6F8B2
:1005800028B90146A02228460EF025FA282002B0FC
:1005900070BD0020FBE700BF11C5002070B51F4DE6
:1005A00004462B78A0B03BB9012378221C491D4892
:1005B0000BF01BFC01232B70236B1A4D19681A8A50
:1005C000A06B0B46CDE90012E66B0BF027FCDDE9D2
:1005D000001228460BF0E3FBE8B902AB1946286885
:1005E000421E273012F9015F033303F8035C92F9CE
:1005F0002850824203F8025C92F9505003F8015CE3
:10060000F0D13246A06B0BF004FC003818BF01207B
:10061000404220B070BD7E20FBE700BF8AC50020AD
:1006200012C50020888C002070B585880C46012DED
:1006300003681DD01E461946DFED1E7AAA0003EBA3
:100640008500814219D19FED1C7AF4EEC77AF1EE54
:1006500010FA20DC184600210EF0BDF903460022F6
:10066000DFED147A1146AA4217D32180658002E09B
:100670004FF480320A60636070BDB1EC017A77EEAE
:10068000877ADEE7D2ED006A86EEA77AA2EC017ADD
:100690008242F7D1E3E71A46FAE7B6EC017AB4EE04
:1006A000E77AF1EE10FAC4BF1146F0EE477A013254
:1006B000D9E700BF0000000000000034F0B51D467F
:1006C0001C4B91B004460F4616461846882200215E
:1006D0000EF081F9BDF85820072107EE902AF8EEB8
:1006E000677ABDF85C20CDED047A07EE902A0A22E5
:1006F000CDE90512104A11490792114A0B9108924F
:100700001049114A0C91099215210122CDE90D12CF
:100710000A920622F8EE677A01460F926846224650
:10072000CDED037ACDE90076029500F0E9F811B03D
:10073000F0BD00BF948C0020CDCCCC3C3333733F54
:100740008FC2753D0000A042CDCC4C3D10B586B0A7
:10075000144603AA0B4600920F49024604A80BF068
:10076000A3FC059BB3B1049890B122469FED0B7A90
:10077000023804EB830130F8024F07EE904AF8EE9E
:10078000677A67EE877AE2EC017A8A42F3D198B20F
:1007900006B010BD1846FBE7948C00200000203DF9
:1007A00038B50A4D04462B7833B9F2F7BFFA08B1D1
:1007B00040B238BD01232B70204607F0A0FD40B2A7
:1007C000003818BF01204042F3E700BF8BC500206E
:1007D0002DE9F04F014616461D4618468FB07BB1F5
:1007E00000248B691A9FDFF840A0D3E900980DF12F
:1007F000180B8DF83040444505D11A9BFA1A901019
:100800000FB0BDE8F08F1B9BCDE90065DDE9180155
:10081000CDE903A3CDF808B03A4659F824309847FB
:10082000013407EB8007E6E70FBF02002DE9F04F28
:10083000154692B21F4695B0002A32D00024C369F3
:10084000219A9E68D3E900A909ABD6F800800893E5
:100850000CAB0793DDF880B007AB8DF848408DF8FE
:100860002C4093604C450BD1B8F1000F01D1C6F874
:100870000080209BABEB0302901015B0BDE8F08F19
:10088000219BCDE90057DDE91E010493064B5A4632
:10089000CDE902635AF82430984701340BEB800B02
:1008A000E0E71046E9E700BF0FBF02002DE9F04F77
:1008B0001546120C1E4687B01ED00024A346036ABC
:1008C000129FDFF838A0D3E90098444505D1129B68
:1008D000FA1A901007B0BDE8F08F139B8DE86008FE
:1008E000DDE91001CDE903A33A4659F824309847D1
:1008F000013407EB8007E8E71046EBE70FBF020083
:100900002DE9F3410D460646174600218822284668
:100910000EF061F83A462946304600F0B1F9044637
:1009200048B9314B31481B68D96803F097FE20461F
:1009300002B0BDE8F081A84658F81C1B404600F004
:1009400015FA044620B9284B29481B68D968ECE7FA
:1009500040460BF015FD6B6A3A465B08013305F122
:10096000340106F1080000F073FA044620B91E4B6A
:1009700020481B68D968D8E76A6B05F1580106F171
:10098000180000F099F8044620B9174B1A481B6864
:10099000D968CAE76B6AAA6EB3FA83F3C3F1190385
:1009A0000193B5F8583005F16C01009306F1280069
:1009B0006B6B00F0F7F8044620B90B4B0F481B682F
:1009C000D968B2E705F1800106F138000BF0C4FBED
:1009D000044620B9044B0A481B68D968A5E7284695
:1009E0000BF0A8FB0124A2E7BC09002029D90300D1
:1009F0004AD9030068D903008DD90300B7D9030091
:100A0000E3D903002DE9F74F00244FF001094BF221
:100A1000721E4FF4004801924268DFF898C00092BD
:100A2000C3F1000A019A944240DA026851F8245056
:100A30008AB3002BB4BF25FA0AF59D40012D33D9A6
:100A4000B5FA85F6C6F11F070F2F09FA07F2A5EBD5
:100A50000202D5BF0F3EC6F10F06B2403241561218
:100A6000751C3CF816B03CF81550A2EB4626A5EBD9
:100A70000B056E435A4402EB264606EB07474246F7
:100A80000026E7FB0E26009D120C42EA0642AA4011
:100A900002F50042150C4FF6FF72954228BF15462D
:100AA00021F814500134BDE70025F4E7084603B0EF
:100AB000BDE8F08F5C9C030038B50346DFED186A93
:100AC00093ED027A27EE267ABCEEC77AD3ED037A4D
:100AD000104617EE102A93ED017A67EEA67A27EEFC
:100AE000267A0D46BCEEC77AFCEEE77A196817EE57
:100AF000903AEA8017EE102A2960AA8004212B81FF
:100B0000E86003F039FD0446286138B9054B064812
:100B10001B68D96803F0A2FD204638BD0120FCE720
:100B200000008046BC09002007DA030010B501244C
:100B300007EE902AC368B8EE677A04FA03F300EE72
:100B4000103A04FA01F307EE903AF8EE677AD0ED26
:100B5000010A2DED028BB8EE408A87EE270AD0ED10
:100B6000027AF1EE600A30EE270A05F02BFADFED8B
:100B70000C7A28EE000ABDEC028BB4EEE70AF1EE27
:100B800010FADFBFF6EE007A30EE270ABDEEC00A9B
:100B900010EE103ACCBF47F6FF7018B210BD00BF80
:100BA00000FEFF462DE9F74F0C46016806460D9FF3
:100BB000216000295DD0FA20C4E9012303F0A6FEDC
:100BC0000546E06048B92C4B2C481B68D96803F0F7
:100BD00045FD284603B0BDE8F08FF368BDF83080CE
:100BE000DB1B0C3BA8EB0708236100224146304683
:100BF000FFF79CFF0122288041463046E568FFF759
:100C000095FF688002254FF00109AA46E3680C3B76
:100C1000E3606B1E202D09FA03F20CBF4FF0FF3387
:100C20000AFA03F34146304602EB52070193FFF7FD
:100C30007DFF3A46834641463046FFF777FF019BEA
:100C400007461A4641463046FFF770FFE268A0EBC0
:100C50000B03A7EB0B0722F835B002EBC501C3EB82
:100C600087070135DB1B212D4F808B80D1D10C32C2
:100C7000E2600120AEE700BFBC09002028DA0300D3
:100C80004FF47A732DE9F04106680D465643B6FBE2
:100C9000F3F62DED048B0E6041684FEA46084A4397
:100CA000B2FBF3F24046AA6003F030FE04466860EF
:100CB00050B9284B28481B68D96803F0CFFCBDEC1D
:100CC000048B2046BDE8F08107EE906A9FED237A01
:100CD000F8EEE77A002787EE279AB6EE008ADFED76
:100CE000208ABE421BD007EE907AB8EEE70A30EEBB
:100CF000080A20EE090A04F0E9FFF0EE487AE0EE77
:100D0000487AB0EE480AA7EEA80A0EF0DFFCBDEE66
:100D1000C00A10EE103A24F817300137E1E700233B
:100D200040462B6103F0F2FD0446E86020B9094B10
:100D30000C481B68D968C0E7404603F0E7FD04464D
:100D4000686120B9034B08481B68D968B5E70124DE
:100D5000B5E700BFBC09002045DA0300DB0FC9403E
:100D6000000080456DDA03008EDA03000123F7B539
:100D70000546C1608360AF688F424FEA470001D2E9
:100D8000A860F8E703F0C2FD0446286040B9224B92
:100D900022481B68D96803F061FC204603B0F0BD0F
:100DA00078080130C00003F0B1FD0446686020B946
:100DB000194B1B481B68D968EDE7002638463246B8
:100DC000314601AB0196EDF76FFF044638B1124B87
:100DD00014481B68D96803F041FC3446DDE7019FE5
:100DE000384603F093FD0646286120B90A4B0E48A9
:100DF0001B68D968EFE7024601AB2146A8686F611E
:100E0000EDF752FF2B69834204D0034B07481B6860
:100E1000D968C0E70124C0E7BC090020B0DA0300AC
:100E2000D2DA0300F5DA030011DB030035DB03003F
:100E3000DFED057A08B580EE270A04F08BFFDFEDC1
:100E4000037A20EE270A08BD00002F4400E08C44FE
:100E50002DE9F04F2DED088B08EE903A036887B02E
:100E60000B6001335D00824628460C4608EE102ACE
:100E7000019303F04BFDE0600290284603F046FD2D
:100E800020618346284603F041FD019B60610646D0
:100E9000D80003F03BFD019B2062980003F036FD73
:100EA0000746284603F032FD8146284603F02EFD12
:100EB000029B804643B1BBF1000F05D026B11FB1A4
:100EC000B9F1000F00D0A0B9384603F027FD48461D
:100ED00003F024FD404603F021FDAE4BAE481B68F5
:100EE000D96803F0BBFB002007B0BDEC088BBDE860
:100EF000F08F9AED020AB5EEC00AF1EE10FADAEDC3
:100F0000019A05DA2521A54BA54AA64803F016FB50
:100F1000B4EEE90AF1EE10FA03D42621A24BA04A5E
:100F2000F3E7FFF785FFB0EE409AB0EE690AFFF7EE
:100F30007FFFDDED017A30EE490AF8EEE77A3A46B6
:100F4000C0EE276A00230397019999420BDD013314
:100F500007EE903AB8EEE77AF0EE497AE6EE877A55
:100F6000E2EC017AF0E7B8EEC88AB6EE00AAF8EE35
:100F7000E87AF7EE00AA28EE0A8A77EEEA7A9AED86
:100F8000027A88EE279AC7EE097AB7EE087A77EEEA
:100F9000877A0026FDEEE77AB34617EE905AC4ED45
:100FA000017ACDE90476A660019B9E4255DA02954E
:100FB000DDED027AB8EEE70A20EE090AFFF738FF06
:100FC000049BD3ED007AB4EEE70AF1EE10FA029B2F
:100FD00002D801330293EBE75B1BD4E903E2D4F8B8
:100FE00014C0700029F8165028F8163002EB46019C
:100FF000DBB92EF8163022F816304FF004032CF827
:101000001630059B5BB98A4205D0B2F90000043066
:1010100022F8020BF7E701230BF1040B0593049B65
:10102000029D043301360493BEE7002D05F0010153
:10103000B8BF494219444B1E48BF8B1C23F0030123
:1010400005EBD575043125F001052EF8005022F886
:1010500000B02CF800108B44E1E70221584603F061
:101060008BFA0221A0610546584603F085FAE0613B
:1010700005B168B9384603F051FC484603F04EFC10
:10108000404603F04BFC434B48481B68D96828E7AF
:101090009AED020AFFF7CCFE0026F0EE409A9FED93
:1010A00044BA019B9E425FDAE16839F916A031F932
:1010B0001650216938F9162031F91630AAEB0505CA
:1010C000002E3FD0039951ED01BA4FF0000B1D44A3
:1010D0006D000AEB0B03934500EE103A35DAB8EEDB
:1010E000C00A039B20EE090A93ED008A0592FFF7E0
:1010F0009FFE78EE6B7A38EE400A80EE278AB0EEDB
:101100004A0AE169A069A8EE0B0A029104900EF068
:10111000DDFABDEEC00A3AEEC88A10EE103AB0EE23
:101120004A0A0498A8EE0B0A43530EF0CFFABDEE1C
:10113000C00A10EE103A0299059A4B530BF1010BBD
:101140000235C6E7F0EE69BABFE7002AACBF0AEB8A
:1011500002010AF10001A36801369942039BC8BF4E
:10116000A160043303939CE7384603F0D7FB48465D
:1011700003F0D4FB404603F0D1FB18EE902AA3689D
:10118000934204DB034B0B481B68D968A9E6012096
:10119000AAE600BFBC09002061DB030085DB030079
:1011A000A3DB0300DEDB030045DC030073DC03008C
:1011B000000080459CDC030001680E4A0346914212
:1011C00015D1C169A2F11022A2F1EF1291420ED104
:1011D0008268012A0BD8C26812B101698A4206D01E
:1011E000586928B19B691B1A584258417047012021
:1011F000704700BF55AA00FF70B50D4B9E68A6B1A1
:101200003046FFF7D9FF044678B9F3686BB9356902
:101210000DB9204670BD2846FFF7CEFF28B9EB6810
:10122000B34202D12E462D69F2E70124F1E700BF57
:101230001C8D00202DE9F041444B454C05461B68B0
:1012400020468846984718B100242046BDE8F08122
:10125000A4F1140754F8144CFB68DCB1BC68CCB1A1
:10126000002D66D0B8F1000F65D008FB05F6B6FB7F
:10127000F5F5A84561D1311D5FD8B20711D026F030
:10128000030204321C4603E06168914257D2A4690C
:10129000002CF9D12F4B2E481B6898470028D4D03A
:1012A000D2E73246EEE7891A232904F120051CD83B
:1012B0000123A360D4E90523AAB19361A3690BB10B
:1012C00062695A610023C4E905333B69DB0703D532
:1012D000FFF792FF002835D13246002128462C46E0
:1012E0000DF079FBD6E7FB60E8E702F1200C04EB98
:1012F0000C032039C3E90110DC602169164819612B
:1013000044F80C00A0F11020A0F1EF10D86101B159
:10131000CB6061695961A069986141B18B6199693C
:1013200001B14B6101212361C4E90121CAE7FB60DE
:10133000F5E72C46AEE74446ACE70446AAE7A068CA
:101340000028B0D0012003F01FF900BFB40900202D
:10135000308D0020B009002055AA00FF70B5464B23
:10136000464C05461B6820469847002840F082807E
:10137000002D43D054F8143CA4F11406002B3DD0AA
:10138000B268002A3AD09D4203D3726813449D424A
:1013900002D3012003F0F8F8A5F120042046FFF75E
:1013A0000BFF0028F5D155F8183C012BF1D155F869
:1013B000143C45F8180C3BB39A682ABB55F81C2C12
:1013C00002F120015A680A445A6055E905321A614F
:1013D00055F8145C2B6903B1DD6020220021204602
:1013E0000DF0F9FA286910B18368002B2ED033690B
:1013F0009B0703D5FFF700FF0028CAD1BDE8704066
:101400001F4B1E481B68184755F8100C00282AD09F
:10141000836843BB42686368134420336360036995
:101420002361D4E905239AB9CBB943696361826921
:10143000A261B3B19C61A36903B15C61236903B18B
:10144000DC60202200210DF0C6FAD0E72C46E1E74F
:101450009361A369002BE8D062695A61E5E7F36004
:10146000F7E7F460E7E7F36845F8083C03B15C612F
:10147000F460BCE770BD00BFB4090020308D0020CF
:10148000B009002038B50C46282200210546154831
:101490000DF0A1FA144B15481B68984714491548DC
:1014A00000F038F8232C1CD915F003031FBF043CAF
:1014B000E418C3F10403ED182246002128460DF07C
:1014C0008AFA084B0C49C3E90054203C9D606C60CB
:1014D0009A6811609A68A1F11021A1F1EF11D16110
:1014E000DA6038BD1C8D0020B8090020308D002046
:1014F0005D1302003512020055AA00FF014B1B6864
:10150000184700BF88090020014B1B68184700BF1F
:1015100084090020024B1860024B002019607047BC
:10152000880900208409002010B50A46044619B134
:10153000024B00211B68984710BD00BF8C0900209A
:10154000F8B50D4E0D4C0E4D33680E489847677830
:101550002B680C48984733680B489847022F08D1EE
:101560002478E31F5C425C412B680748984720467B
:10157000F8BD0024F8E700BFB4090020448D002026
:10158000B0090020C00B0020AC0B00200E4B034024
:10159000B3F1607F06D1B1F5885F14BF6FF08600AC
:1015A00000207047B3F1707F0BD101F4E043B3F535
:1015B000005F06D111F4E06F0CBF6FF086000020D1
:1015C00070476FF0860070470000C07F8A42F8B510
:1015D00006460D4600F0188101F0FE41B1F1C06FE2
:1015E0006BD18D4C22F4875121F01F01A14222F0D2
:1015F000FF0015D0894988422CD022F4FF7121F0D8
:101600000101B1F1062F2CD004F5C064A04207D02F
:1016100004F57454A14203D0A4F58444A1421DD121
:10162000D1B221BB8BB122F4FF7323F00103B3F1DC
:10163000062F06D07A4922F4FF6323F007038B427A
:1016400003D122F4807225F48075954214BF0020E6
:101650000120F8BDD1B251B9824208D0002BE9D1A6
:10166000F3E7D1B219B9B2F1062F40F0D1806B4E39
:1016700025F4FF7121F00101B14225F0FF0411D0E2
:1016800006F58856B4420DD0664F25F47F7626F0D5
:101690000306BE4206D0644EB44203D006F574562B
:1016A000B142BFD115F0FF01BCD0604E41F00071D6
:1016B000B14204BF02462546B4E7B1F1A06F17D18D
:1016C00002F0FE43B3F1A06F40F08C8082EA050384
:1016D00033F47E1340F086802E0440F18380C5F3FE
:1016E0000540C2F3054290428CBF00200120B0E7C4
:1016F0004F4B9D4209D1A3F500439A4200F08480EC
:101700004C4B22F47E109842A0E7B1F1407F69D1A2
:1017100002F0FE43B3F1407F64D182EA050030F469
:101720007E145FD131462846FFF730FF00286DD187
:10173000414B12F47C1103EA020318D0B3F1607F2D
:10174000C2F305413DD13D48D3B243F0007383421B
:101750003DD003F17E43043B112B01D83848C45CD3
:1017600015F47C1FC5F3054333D18C426EE7B3F10A
:10177000607F0DD13148D3B243F0007383421ED055
:1017800003F17E43043B112BDDD82E49C95CDAE717
:10179000B3F1707F19D106F4E043B3F5005F03D1D4
:1017A0000121C6F30223994006F4E043B3F5005F3C
:1017B000D6D10120C6F3022600FA06F4D0E71021A4
:1017C000C1E7B3F1707FCBD1EEE70024C8E7102466
:1017D000C6E712F47C1F01D1A34215D02C0401D519
:1017E0008B4281E725F0004323F47F03B3F1106FB0
:1017F0000CD102F0FE43B3F1106F07D11248104034
:1018000040F01060A84221E7012022E7002020E7F5
:10181000002B7FF416AF18E7000300060002000655
:10182000004000060004000600090006FF00000258
:101830000093C004000140050000C07F03000002C7
:10184000CADC0300CADC03000000FFF62DE9F04704
:10185000884692461C4600F023FC064600283CD1F0
:10186000D8F80070B7F8009009F4E043B3F5804F62
:10187000BB6808BF2AF0010A3AEA030325D164B322
:10188000BAF5006F2CD0AAF50052D2F1000A4AEB4B
:10189000020A2A4B24F0FF029A4224D114F0FF05D9
:1018A00004D0274B45F000759D423BD0534622465D
:1018B0004846F968FFF78AFE054670B95346224646
:1018C00048463969FFF782FEA8BB6FF08406002303
:1018D0003846C8F8003000F0A9FC3046BDE8F08773
:1018E0004FF0010AD5E7174B9A42D7D0A3F588539A
:1018F0009A42D3D024F4FF7323F00103B3F1062FEF
:10190000CCD011498A42C9D0104A9342C6D0A2F520
:1019100084429342C2D004F0FE43B3F1407F04D12D
:101920002304C3D56FF08606D1E7B3F1A06FF7D0DB
:10193000034B9C42B9E72E46CFE700BF00030006E9
:10194000FF00000200130006000900060046000622
:1019500070B5114B05461B6810480E469847044663
:1019600018B16FF08F04204670BD6B6933602B7F18
:10197000012B04BF02232B77094B18BF30601B6873
:10198000064818BF6FF0960498470028EBD0002C4B
:10199000E7D06FF09604E6E7B4090020980B00202A
:1019A000B009002038B500F0FE43B3F1407F044693
:1019B0000D4602D06FF0860038BDFFF7E7FD002826
:1019C000FAD114F47C1F12D0C4F30543032B137017
:1019D00022D9284A2240B2F1607F3DD1264AE4B2A2
:1019E00044F0007494422BD1102BE5D9E2E7214B4F
:1019F0002340B3F1607F15D11F49E3B243F0007378
:101A00008B4202D110231370D6E703F17E43043BCF
:101A1000112B04D9002313706FF08500CCE7174910
:101A2000CB5CD3E7B3F1707FF4D101F4E043B3F5BD
:101A3000005FEFD10123C1F302218B40DBB2C5E788
:101A400004F17E44043C112CB4D80D4A125D93423B
:101A5000B0D8142BB0D9DFE7B2F1707FAAD105F46A
:101A6000E042B2F5005FA5D10122C5F30225AA40EC
:101A7000EDE700BF0000C07F03000002CADC0300E6
:101A8000CADC030000232DE9F34113604768D0F856
:101A9000148004460E46384611460BF0FBFD054601
:101AA00088B938460BF0F8FD054660B9FFB277B942
:101AB000B8F1000F05D1A36823F0031323F47F438B
:101AC00063B16FF08605284602B0BDE8F0810121C0
:101AD00060690BF0B9FD0028EDD1F2E74FF6F8731D
:101AE00062889A4227D8154B15481B682779984772
:101AF00010B16FF08F05E6E707B901A8314600F095
:101B00008DFA104B05461B680D48984710B1002D03
:101B1000D9D1EEE7002DD6D10FCCD6F800C066465D
:101B20000FC694E8070086E80700002FCBD1019B81
:101B3000CCF81430C7E76FF08505C4E7B40900207E
:101B4000980B0020B009002010B5044660B1074B87
:101B500007481B68984720460BF06EFBBDE8104015
:101B6000044B03481B68184710BD00BFB409002090
:101B7000980B0020B009002037B50446C0B101A978
:101B800000F08EFA044698B91F4B20481B6898470E
:101B90001F4D38BB0198037F032B11D10BF065FD5E
:101BA0002B6804461948984728B10CB96FF08F0488
:101BB000204603B030BD002C08BF6FF08704F7E764
:101BC000022B1BD1032303770379FF2B19D0436921
:101BD000104A03F14043A3F58053934202D800F02A
:101BE000DBFC044601980BF040FD2B68002818BF71
:101BF0000446064898470028DAD0D6E76FF09604E6
:101C0000F0E76FF08404EDE7B4090020980B0020A2
:101C1000B0090020FFDFFF3F2DE9F04116461F46C7
:101C2000002288B0038805468846CDE9042207963D
:101C30003A60002E62D0B6F1005F80F09E8023F003
:101C4000FF03B3F5E24F02D0B3F5824F22D128460D
:101C50000BF0D3F90446002840F08380EB686BB1A9
:101C60006A885AB12B8803F44F41B1F5824F05D1F0
:101C7000DBB2222B37D02DD8122B39D0424600238D
:101C800008EB060112F8010B914243EA0003F9D177
:101C9000002B33D0284605AA04A9FFF7F3FE04461B
:101CA000A0B9049B9B6A63B3049B41465A882846AB
:101CB000069206AA029203F1280201929A6A009201
:101CC0005B6A324600F02CFB044678B30498FFF7B9
:101CD0003BFF46E0273BDBB21B2BCFD8284921FA3C
:101CE00003F3DB07CAD50732B6EBD20FC6D205E045
:101CF00040F209239A42F6D1402EBFD86FF08604F5
:101D00002FE06B681B0A07D1079904980BF054FA6F
:101D100004460028C8D0D9E732464146284607ABDA
:101D200000F0A2FA04460028EED0CFE70499069B03
:101D30004A88D2B94B804FF6F873069A04989A42B3
:101D400018D82B8813B102889A4210D16B8813B12E
:101D500042889A420BD13946FFF7FAFD0446002823
:101D6000B4D1204608B0BDE8F0819A42E3D06FF0CC
:101D70008604ABE76FF08504A8E76FF08504F0E711
:101D80000102000C38B504460D46FFF7D9FB30B10F
:101D90002A462146BDE8384002480BF0A9BC6FF046
:101DA000880038BD488D002070B51D4E1D4C33682D
:101DB0001D4898472378590744BF23F00403237034
:101DC00023789A0705D500F00FF9237823F0020352
:101DD0002370164D14482B68984733681448984769
:101DE000637813B113480BF086FC002304211148DB
:101DF0006370FFF799FB2B680D48984733680A48D2
:101E000098472378DB0705D50BF04FFC237823F0A8
:101E1000010323702B680448BDE87040184700BFD9
:101E2000B4090020448D0020AC0B0020B009002034
:101E3000C00B0020488D00202DE9F041FFF780FB0A
:101E400018B100242046BDE8F081364F36483B6883
:101E50009847044620B16FF08F04FFF7A5FFF1E724
:101E6000324D2B78D80706D40BF01DFC04462B7896
:101E700043F001032B702E4E2B483368984710B166
:101E8000002CE8D0E9E7002CE7D13B6826489847CA
:101E900004460028DFD12B78990706D400F09CF87F
:101EA00004462B7843F002032B7033681E48984792
:101EB0000028E5D1002CD0D13B681B48984700286A
:101EC000C9D13368184895F8008098470028C2D1D6
:101ED0003B681848984704460028BCD16B7843B942
:101EE00018F0010F05D014480BF0FFFB0223044645
:101EF0006B7033680F4898470028C1D1002CACD1D3
:101F00003B68094898470028A5D12B7806485A070E
:101F10005CBF43F004032B7033689847002890D0CF
:101F200099E700BFB4090020AC0B0020448D0020CD
:101F3000B0090020C00B0020488D002038B5074CA8
:101F4000074B20461B689847064B204693F8805560
:101F5000054B1B689847284638BD00BFAC0B0020D6
:101F6000B40900204C8D0020B009002000F140434E
:101F70001F2B70B505460E460CD82C22154C02FBC3
:101F80000344237F022B02D16369834218D06FF090
:101F90008B001AE001210BF057FBB8B10D4B00226A
:101FA0001C46197F022902D15969A94205D0013284
:101FB000202A03F12C03F4D1E9E72C2303FB02448C
:101FC00020460BF034FB00B9346070BD6FF0870021
:101FD000FBE700BF4C8D00200122024B002083F85C
:101FE000802570474C8D00202DE9F0410A4C0025DA
:101FF00026464FF0010803272046C4F820802777A3
:1020000001350BF019F9202D04F12C04F4D1002333
:1020100086F88035BDE8F0814C8D0020F8B5064685
:102020000F46FFF78BFF80B300241B4B22461D4653
:10203000197FD1B13CB9022905D1196A19B91979A9
:10204000002918BF1C460132202A03F12C03EFD1CE
:1020500014B96FF08C0006E020460BF0E8FA204639
:102060000BF0EAF810B100240DE01C46237F7BB989
:102070000123237736B1094B651BAD105D4305F194
:102080008045356000203C60F8BD6FF08800EAE7CD
:102090006FF09600E7E700BF4C8D0020A38B2EBAAF
:1020A00000232DE9F0410B6090B005460E46FFF786
:1020B00045FF002800F0AF80584B59481B689847EF
:1020C000804668B931462846FFF750FF10F18C0F63
:1020D0000446544F0AD03B685148984710B10CB998
:1020E0006FF08F04204610B0BDE8F08131464046C5
:1020F000FFF794FF044618B13B6849489847F1E759
:102100000122336801465D61336809A85A601C22C8
:1021100035680CF060FC002200236869CDE90623D5
:10212000414A00F14043A3F580539342CDE9044472
:10213000039405D928460BF07FF86FF0870420E060
:1021400006AA03A90BF0DAFA0446002837D1039B4C
:102150006A690A93DBB2002B08BF00220346CDE96F
:102160000000DDE906010E9209AA00F067F910F1FE
:102170008A0F044608D030680CBB0BF05DF86FF096
:10218000960400233360A6E704A909A800F086F8A6
:102190000446A0B9284604990BF00EF8044670B91D
:1021A000DDE9060105AB0193AB6A09AA00936B6AEE
:1021B00000F044F9044648B128460BF032F8306884
:1021C0000BF03AF814F18C0FDBD1B6E7059B09ACA4
:1021D000AB620FCC0FC594E8070085E807003368B1
:1021E0009A68D00413D49A68910444BF42F4006200
:1021F0009A6033681A7F012A04BF02221A77306876
:102200000BF015FA044600283FF465AFB9E742F435
:1022100080629A60E7E76FF0880463E7B409002002
:10222000980B0020B0090020FFDFFF3F10B50B4BDB
:1022300004461B680A48984718B16FF08F0420467F
:1022400010BD20460BF011FA064B04461B680448EB
:1022500098470028F3D0002CF1D1EEE7B409002014
:10226000980B0020B0090020194610B400244368E0
:102270000C60084C1A0AB4EB132F02D0064B9A429A
:1022800003D15DF8044B00F009BB6FF086005DF8E8
:10229000044B7047004E80004B4E800010B4002469
:1022A00043680C60084C1A0AB4EB132F02D0074B9A
:1022B0009A4203D15DF8044B00F0F0BA6FF086004B
:1022C0005DF8044B704700BF004E80004B4E80000D
:1022D0002DE9F041456804462D0A0E4617469846FA
:1022E00006D00E4CA54214D06FF08600BDE8F081F8
:1022F00005886D0407D443463A4631462046BDE87A
:10230000F0410BF007B900F081FC10F1860FEDD120
:10231000F1E7BDE8F04100F079BC00BF4B4E800012
:102320002DE9F04FDFF880B0D0F804E085B0BBEBCA
:102330001E2F0446DDE90E890D4616461F46DDF8C0
:1023400040A04FEA1E2C1CD0DFF860E0F44518D006
:10235000BCF1000F22D1CDE9019ACDF8008000F048
:10236000F3FB10F1860F1BD13B463246294620462F
:10237000CDE90F9ACDF8388005B0BDE8F04F0AF0EE
:102380002EBF3B46324629462046CDE90F9ACDF86E
:10239000388005B0BDE8F04F00F0D6BB6FF0860086
:1023A00005B0BDE8F08F00BF004E80004B4E8000AE
:1023B00030B44468240A06D0064DAC4206D030BC86
:1023C0006FF08600704730BC0AF053BF30BC00F09D
:1023D00085BC00BF4B4E80002DE9F7430D46DDE97B
:1023E0000A891646134942681F46B1EB122F04466C
:1023F0004FEA12230ED0104A934200D0ABB93B46AD
:10240000324629462046CDE900890BF08CFA10F1BE
:10241000860F0CD13B46324629462046CDE90A8933
:1024200003B0BDE8F0430BF07EBA6FF0860003B056
:10243000BDE8F083004E80004B4E8000F0B4DFF822
:1024400030C05468DDE90456BCEB142F4FEA142762
:1024500002D0064CA74204D1CDE90456F0BC00F0EE
:102460002BBC6FF08B00F0BC704700BF4B4E800060
:10247000004E80002DE9F043DFF84890DDB244685B
:1024800045F000754D45DDF82C804FEA1424DDE958
:102490000767DDE909CE0CD014B1094DAC420CD16F
:1024A000CDE90AE8CDE9087C0796BDE8F04301F0E4
:1024B0007BB86FF08500BDE8F0836FF08600FAE727
:1024C0004B4E800005000002F7B5089E0E4FF5B296
:1024D000044645F000754868BD424FEA10200DD013
:1024E00010B10A4DA8420CD1009604F108000BF07F
:1024F000F6FA08B90523236003B0F0BD6FF085003C
:10250000FAE76FF08600F7E7050000024B4E800007
:10251000F7B5089E0E4FF5B2044645F000754868C1
:10252000BD424FEA10200DD010B10A4DA8420CD187
:10253000009604F108000BF0D4FA08B905232360D3
:1025400003B0F0BD6FF08500FAE76FF08600F7E7A3
:10255000050000024B4E80002DE9F04144681D4605
:10256000DDE9087CDDE90636240ADDF828E003D041
:10257000DFF82080444508D1CDE909E5CDE9077CA5
:102580000696BDE8F04100F023BF6FF08600BDE87D
:10259000F08100BF4B4E80004268044BB3EB122F1A
:1025A00001D10BF0DCB96FF0850070474B4E800015
:1025B00010B50D4C20680CF03BF90C4A1368591CFF
:1025C00011605BB90A4A5920D2F8003443F007037E
:1025D000C2F80034F1F70AF801F05CFA2068BDE8AF
:1025E00010400CF02BB900BF94090020D0920020BD
:1025F0000090055038B5164D28680CF019F9154BA8
:102600001C68013C1C60ECB95920F0F7FDFF072263
:10261000114BC3F80823D3F8002422F00702C3F8B3
:102620000024C3F80041D3F80021C3F80441D3F8D3
:1026300004214FF00072C3F80841D3F80831074B6A
:10264000C3F888212868BDE838400CF0F7B800BF0F
:1026500094090020D09200200090055000E100E095
:1026600070B5104D104E2B68B3420DD0FFF7A0FF90
:1026700001F068FB01F0F2FB40B10BF041F80446B9
:10268000FFF7B8FF44B92E60002405E000F05CFDC0
:10269000044618B1FFF7AEFF204670BD0BF008FAF4
:1026A000EDE700BF9009002011736500F8B50546FD
:1026B0000E4618461C2117461C460BF0E7F86B68BF
:1026C00021491A0AB1EB132F1BD1204A337822611A
:1026D0001F4A13F00303E26066610CD0023303F07B
:1026E0000303012B26D86B880733DB086360194B83
:1026F00023600020F8BD6B880733DB086360164B4E
:10270000F6E7164B9A4212D16A69154B1344022B15
:1027100013D90023224642F8183FC4E9033362610B
:102720006A69104B9A4201D12023E7E747B1C4E917
:102730000067DEE76FF08400DCE76FF08500D9E723
:102740006FF09600D6E700BF4B4E8000D92D0200F7
:1027500079DA02000000002000FF0720004E800010
:10276000FF3F008004C0FF7F0022074BC3F8102109
:10277000C3F80C21C3F80021C3F80421C3F80821D1
:10278000C3F81821704700BF0090045008B5FFF748
:10279000EBFF01230360104B0A6832B9D3F80C2118
:1027A0001AB9D3F80821002AF6D00B687BB90B4B75
:1027B00099420ED0A3F58473D3F80831002B0CBFD7
:1027C0004FF0FF306FF00200FFF7CEFF08BD002092
:1027D000FAE74FF0FF30F7E70090045008910450FB
:1027E00038B505460C4691B10021012008F013FDD3
:1027F00008480949C0F80055C0F80445FFF7C6FF6E
:1028000000210446084608F006FD204638BD6FF05A
:102810000104FAE70090045000910450034B04496E
:10282000C3F800050348FFF7B1BF00BF0090045094
:10283000049104500490045010B504460021012076
:1028400008F0E9FC064B0749C3F800450648FFF7C6
:102850009DFF00210446084608F0DDFC204610BD1F
:1028600000900450089104500890045038B50C466C
:1028700059B1074D0749C5F800050748FFF786FF1E
:1028800010B9D5F80835236038BD6FF00100FBE7BB
:1028900000900450109104500C90045010B51E4C40
:1028A0004368B4EB132F4FEA132215D142691B4B37
:1028B0009A420CD003F5FF437D331344012B03D818
:1028C0000388B3F5105F24D06FF0860019E047F25B
:1028D000121302889A42F6E7114B9A42F4D1028809
:1028E00002F44F43B3F5824F0CD1438844F21210E7
:1028F000073382424FEAD30301D15B00013300204A
:102900000B6010BDB2F5885F03D143880733DB0845
:10291000F5E70223F3E700BF004E800001C0FF7F10
:102920004B4E80004FF480732DE9F04796B08046FF
:1029300003A8039300240AF0BFFF4FF010091E4EB6
:102940000DF12F0525F01F0506F1200A01221021A7
:102950001A480AF040FF2B190093524610232021F9
:102960001548CDF8049000F021FF0746F8B9D6E9E4
:102970000C321034013342F10002302CC6E90C3223
:10298000E4D1B8F1000F04D02246414628460AF0AF
:1029900015FF2E46084C0FCE0FC496E80F002035C9
:1029A00084E80F0095E80F00103484E80F003846E3
:1029B00016B0BDE8F08700BFC0530020E0530020F0
:1029C000F0B5194D194FAB6B8DB0BB4229D0184EE5
:1029D00030680BF02DFF40230022194628460AF0EC
:1029E0004AFF302168460AF074FF044678B9684609
:1029F000FFF798FF044690B930230246194668460F
:102A00000AF039FF01220023C5E90C23AF633068C7
:102A10000BF014FF20460AF073FE0DB0F0BD0E243B
:102A2000F5E70020F9E700BFC0530020B4A5B4A526
:102A3000980900202DE9F04F99B00DF1570802F1E7
:102A40000F0982460E46144628F01F084FEA19194E
:102A500022B100296FD0B2F5005F6CD8374F384DE6
:102A600038680BF0E5FED5E90C3213430BD1504624
:102A7000FFF7A6FF834630B138680BF0DFFE5846FB
:102A800019B0BDE8F08FD5E90C2319EB020943F129
:102A90000003B9F5803F73F1000314D3302102A87D
:102AA0000AF017FFE8B902A8FFF73CFF83460028A9
:102AB000E2D130230246194602A80AF0DCFE0022C9
:102AC0000023C5E90C234FF4807302A802930AF097
:102AD000F3FEDFF870A03CB92046FFF723FF8346E2
:102AE000CAE76FF0920BC7E7102C4FF001024FF0CE
:102AF00010015046A14628BF4FF010090AF06BFEA6
:102B0000102352462021CDE900830D4800F04EFEEF
:102B100083460028B0D14A46304641460BF034FF88
:102B2000D5E90C32013342F10002C5E90C32A4EBC5
:102B300009044E44CFE76FF0860BA0E79809002008
:102B4000C0530020E05300204FF0000C2DE9F04F5F
:102B50008DB0DDF860900588DDE9166AC9F800C01F
:102B600004460F4690460393CAF800C0002E44D096
:102B7000D0F804C0DFF890B04FEA1C2EBBEB1C2F3E
:102B800026D104A94569FFF789FE0146C8B9049B0F
:102B9000B3421AD85FFA85FB594643463A46204667
:102BA00000F074F9014660B95846CDE9006A039B0C
:102BB00005AA00F029FB014618B9BDF81630C9F87E
:102BC000003008460DB0BDE8F08F6FF08901F8E7DE
:102BD000BEF1000F14D125F0FF04B4F5E24F04D18B
:102BE0000DB0BDE8F04F0BF03DBCB4F5824F07D1FE
:102BF0000DB0BDE8F04F0BF05CBC6FF08601E0E774
:102C00006FF08501DDE700BF4B4E80002DE9F043FA
:102C1000DFF8A090D0F804C00546B9EB1C2F0F4692
:102C200016469846048893B04FEA1C2E2DD1428850
:102C30000732B2F5C47F39D224F0FF01B1F5E24F7B
:102C400013D1D20806A90BF0A1FB58B96A8805ABCD
:102C50000732CDE9018328463B460096D20806A9F3
:102C6000FFF772FF13B0BDE8F083B4F5105F06D034
:102C7000B4F5885F03D042F204039C4216D1D20817
:102C800006A90020FFF7D6FEDFE7BEF1000F0DD149
:102C90004AB124F0FF04B4F5E24F07D113B0BDE808
:102CA000F0430BF073BB6FF08600DBE76FF085003D
:102CB000D8E700BF4B4E800030B4074C041961F1D7
:102CC0000005032C75F1000502D330BC00F09CBA5E
:102CD0006FF0850030BC7047FF3F00802DE9F8435E
:102CE0000D461F464168264B9146DDE90828B3EBA7
:102CF000112F06463DD1048804F44F43B3F5824FAB
:102D00000CD0B4F5885F0ED14A46294638460BF000
:102D10003BFE0020C8F80090BDE8F883E4B2422CE6
:102D2000F2D0122CEFE773880733B2EBD30F4FEAE0
:102D3000D30921D3134E30680BF07AFD28460AF0F0
:102D40009BFE044630B94A4638460F490BF01CFE3C
:102D5000C8F80090284600F03FF8054630680BF0B0
:102D60006DFD002D14BF28462046BDE8F8430AF04B
:102D7000C7BC6FF08B00CFE76FF08900CCE700BFD6
:102D80004B4E80009C090020000000206029F8B50F
:102D900005460E4618D80E4F38680BF049FD2846F8
:102DA0000AF06AFE0AF0ACFC044640B90949324612
:102DB00028460BF0E9FD602106480AF067FD3868F7
:102DC0000BF03CFD2046F8BD6FF08904FAE700BF28
:102DD0009C0900200000002008B503789B0705D05F
:102DE000054860210AF052FD002008BD0AF060FE8F
:102DF0000028F5D00220F8E700000020F7B52249AE
:102E000043680446B1EB132FDAB239D1032A03D158
:102E10006FF0840003B0F0BD466901A9F5B2284601
:102E20000AF0D4FD0028F5D16A46214601980AF03F
:102E3000A2FD0028EED10446009FA74219D89DF8B4
:102E4000043007F0070223F01F0343EA820301A8BE
:102E50008DF804308DF80560FFF7BEFF394628462F
:102E60000AF0CFFD0028D5D103B0BDE8F0400AF04C
:102E7000E0BD6019FFF7D2FC0028C9D10134DBE7BF
:102E80006FF08B00C6E700BF4B4E80002DE9F04F7E
:102E900089B007460C4615461E460AF0CAFD78B9A9
:102EA0007B690090C3F3013262F305108DF80000D6
:102EB00010F0300007D1B96889070FD06FF0860095
:102EC00009B0BDE8F08F102808D1BDF8023023F416
:102ED000F87343F4A873ADF8023086E0F968DFF8C0
:102EE00058C261450BD0DFF854C2614515D0DFF8F8
:102EF00050C2614555D109219DF8023002E00521FB
:102F00009DF8023061F303038DF802303B88B3F57E
:102F1000105F15D06FF08500D2E7BB685B04F9D570
:102F20003B8803F44F41B1F5824FF3D1DBB2122B52
:102F3000F0D10E219DF8023061F303038DF80230C9
:102F400000234FF0010B984619469C46D7F808E03D
:102F5000DFF8F09159F804AB1EEA0A0F08D00BFA1B
:102F60000CF343EA080303F07F08012341EA0A0156
:102F70000CF1010CBCF1070FECD12BB19DF8033023
:102F800068F347038DF803303EEA0101C2D17B8824
:102F9000FF2B11D008D8802B3BD0C02BBAD10223F5
:102FA0000BE0DBB2F82BB4E7B3F5807F33D0B3F599
:102FB000C07FAFD1062300E003239DF8021063F326
:102FC00006118DF8021018B91EF0030F7FF476AFCA
:102FD0003B79022B2CD020D8012B7FF46FAFBDF8AA
:102FE000021063F3C811ADF80210012A39D0032A88
:102FF00023D0002A7FF462AF3B88B3F5105F89D1FC
:10300000182E04D0202E02D0102E7FF457AF474F39
:103010002BE00123D1E70423CFE7032B02D0FF2BC2
:103020007FF44CAF0221BDF8023061F3C81352E7C0
:10303000BDF8023043F4C0734DE7412E0ED0202E70
:1030400005D006D8102E02D0182E7FF437AF384F97
:103050000BE0302EFBD0612E7FF430AF0135013E06
:10306000F5E7302E7FF42AAF324F4FF000080F36CD
:103070004FEA1619C14515D11F2E1CD81C2200215C
:1030800001A80BF0A8FC4FF0000A4FF0FF39D04523
:1030900018D11F2E04D9BA20FFF7CEFB002835D156
:1030A00000200DE704EB08000AF0FCFB00283AD0F2
:1030B00008F10108DEE7414620460AF0A2FC00289C
:1030C000DCD0FDE607EB0A124FEA0A130692BAF1CA
:1030D000000F1ED1009A0792BDF802202B44C2F3C4
:1030E000C11205920DF1040C03F1100E624618682E
:1030F0005968083303C273459446F7D101A904EB1C
:103100000A00FFF76DFB38B10AF093FC6FF09200F4
:10311000D6E6CDF81C90DFE71C2101A80AF0B6FB2B
:103120000AF1010AB3E76FF08A00C9E600FF072041
:1031300000000020109405500044400400000209E3
:103140000002C003609D030010B590B01C22002156
:1031500001A80BF040FCF8200AF0A4FB08B32022E1
:1031600000200DEB0201FFF765FC0446F8B901A849
:103170004FF480710AF0F5FB0E4B0F4904930F4B8F
:10318000CDE901130E4BF821069320230DEB03022A
:10319000FFF77CFE202104460DEB01000AF076FBD0
:1031A00005E0F9200AF07EFB0028D8D1044620462D
:1031B00010B010BD0010C00400240001014B4E806F
:1031C000F800FF7F73B5C5B20E46284601A9144624
:1031D0000AF0FCFB88B9BDF80630C3F3C113013B0C
:1031E000DBB2022B8FBF6FF08600054AD25C054B25
:1031F0009EBF13433360C4E9005002B070BD00BFEE
:10320000E3DC0300004B4E802DE9FF41884601A915
:10321000064614461D460A9F0AF0D8FB48B9B6F187
:10322000F80348F1FF38022B78F1000804D26FF060
:10323000860004B0BDE8F0810AF0FBFB0028F8D15D
:10324000002CF4D09DF8041011F00F0240F0A28081
:10325000BDF80630C3F3C113013BDBB2022B00F211
:103260009C80544801F03001C05C534B102943EA64
:103270000003636038D1514B2360204602A9FFF759
:103280000DFB0028D5D1029BBB4200F28F8044F297
:10329000121221880198914204BF042205F8012BE3
:1032A0000B9A214613609DF804302A78C3F301136A
:1032B00063F301022A7003AA08BF07F1FF370AF07F
:1032C0005AFB0028B5D12B78039A6E7062F3840301
:1032D0002B70238803F44F42B2F5824F55D1394603
:1032E0002846FFF753FDA4E7134690469DF80700D4
:1032F00033494008E0B9414620460AF032FB9DF8C8
:10330000063003F00F02092A1DD00E2A1FD0052A0D
:1033100049D14FF410522B49C3F30213013B2280D1
:10332000E160052B19D8DFE803F01626282A182DAE
:10333000C20705D5062B33D851F8232048EA0208E6
:1033400040080133D6E74FF410521F49E4E747F233
:1033500012121E49E0E7802363809DF8043013F0C9
:10336000300F8AD1B2F5105F02D118F0030F84D06C
:103370006FF096005DE7C023EEE7FF23ECE74FF424
:103380008073E9E74FF4C073E6E7B3F5885F7FF435
:1033900050AFA4E76FF088004BE76FF0910048E76B
:1033A0006FF0830045E76FF0920042E76FF089000D
:1033B0003FE700BFE3DC0300004B4E8001108001BB
:1033C000609D0300004440040002C00300000209A5
:1033D0002DE9F04700240588274E86B0914698468F
:1033E000DDE911A305F44F421E4023F00043B2F57E
:1033F000824F23F47F0318BF2546B3F1106F0F46A9
:103400001E4B418846F01066CAF800400CD19E421F
:103410000CD1038823F0FF03B3F5E24F0CD06FF01B
:10342000860006B0BDE8F0879E4202D0144B9E4253
:10343000F5D16FF08500F4E7EDB2284605AA00F05B
:10344000CFFDB8B9059B5C684C45E8D1284600F033
:103450000DFE0028EDD0109B224602930F9B3946AB
:1034600001930E9B05980093CDF80CA0434600F005
:1034700027FFD6E72046D4E70000FFF60000020948
:1034800000000109F0B40568049C8DBB14F47C169F
:1034900004600AD0C4F30546194D24F47E14AC42EE
:1034A000466029D1F0BC00F0CFB8164D2540B5F1EB
:1034B000607F0DD1144FE5B245F00075BD4215D0C7
:1034C00005F17E45043D112DE6D8104E765DE3E70B
:1034D000B5F1707FE0D10D8805F4E047B7F5005FE6
:1034E000DAD10126C5F30225AE40D5E71026D3E791
:1034F0006FF08800F0BC70476FF08500FAE700BFFE
:103500000002C0030000C07F03000002E6DC0300ED
:1035100010B404684CB16AB1094B24F47E149C4287
:103520000AD15DF8044B0AF024BB6FF088005DF807
:10353000044B70471046FAE76FF08500F7E700BFCD
:103540000002C003F8B51E46036805460F4603B3E4
:1035500011B34168914222D8124A23F47E13934258
:1035600011D10AF043FB044678B905F10C01384645
:103570006A680BF009FA6B684FF4137128463360E0
:103580000AF084F903E06FF09604002333602046CC
:10359000F8BD6FF08804FAE76FF08604F7E76FF084
:1035A0008904F4E70002C0032DE9F04F05461C46EC
:1035B0000E461746ADF5177D4FF41372DDE9A0AB4B
:1035C000DDE9A389002103A80BF005FA29463B4653
:1035D0003246009403A8FFF755FF054660BB194B20
:1035E00024F47E149C4212D1049B434526D85A46AB
:1035F0005146A29B03A80AF04AFB0446B8B9049BB3
:10360000C9F8003028460DF5177DBDE8F08F5A4601
:10361000514603A8FFF77CFF044640B94B4642469B
:10362000A29903A8FFF78EFF04460028EAD003A85A
:103630000AF059FA2546E5E70446F8E76FF08904F1
:10364000F5E700BF0002C003F8B50E461146328808
:103650001D46B2F5105F044673680FD1A5F1100046
:1036600010280ED8174AC240D20714D416481A0A96
:10367000B0EB132F0FD0154B9A420CD06FF0850092
:103680001BE011481A0AB0EB132F02D00F4B9A42DD
:10369000F4D1202D12D804F59A772A4638460BF03B
:1036A00073F92A463946304604F58C73FEF7FEFF5F
:1036B00018B91023A36001232377F8BD6FF08600AB
:1036C000FBE700BF010101004B4E8000004E80006F
:1036D0002DE9F0410446174698460D4619B10A688F
:1036E0008B681AB953B96FF021064BE033B94B68B8
:1036F00023F00802102A01D0202B46D100232046B7
:10370000C4E90085A3600AF0F6FA0646002839D11C
:103710002146012051F8703BAA68D3F800C098F800
:10372000073008339840069B18439301DBB292069A
:10373000184302F0E042DCF80030024304F10C00D0
:1037400000F0E0F8AB687BB923692A681A606B68FF
:10375000226943F00053936022682369126852681B
:10376000DA6023691033236167B12369084A1F6057
:1037700023699A60226823691268D268DA60236933
:10378000103323613046BDE8F0816FF04106F9E760
:103790001000002007B50022034B0092FFF798FFAE
:1037A00003B05DF804FB00BF7C9D03002DE9F341ED
:1037B0001D464FF48073284C8046002017460E4665
:1037C000019300F049FA01AB23601123234A012140
:1037D000C4E9022304F11003636040F61103E361BE
:1037E00004F1200363612123089AE3621C4B46F035
:1037F00000561A60099A45F0005542F00052C3E99C
:1038000001122022C4F81080A6612762A5626162BD
:10381000DA60BFF35F8F134A1460BFF35F8FBFF3AB
:103820005F8F1361BFF35F8FBFF35F8F032353631A
:10383000BFF35F8FBFF35F8F9363BFF35F8F00F0C2
:10384000EBF8431C0446FAD0002000F02FFA204683
:1038500002B0BDE8F08100BFE49200200400002027
:10386000D49200200000015070B504460D4619B1F5
:103870000A688B681AB953B96FF021063BE033B977
:103880004B6823F00802102A01D0202B35D12046A6
:1038900025610AF027FB064600282CD1184B04F1BD
:1038A0007801236001236360AB6804F114009A0679
:1038B0009B01DBB202F0E0421A4342F48032112352
:1038C00000F020F8AB6893B92A68A3691A606B68A6
:1038D000A26943F0005393602268A36992699268D9
:1038E000DA60A3691033A361636801336360002267
:1038F0001023C4E90223304670BD6FF04106FAE799
:103900009C9D0300026100F11402826000F110022C
:103910004160C2600A604268034991604268D360B6
:103920004368103343607047040000204368A3F1EC
:103930001001914240D8012243F80C2C53F8042C7A
:1039400042F0200243F8042C53F8082C42F00052B5
:1039500043F8082C836800F11402A3F1100191428E
:103960002ED8012243F80C2C53F8042C42F02002EC
:1039700043F8042C53F8082C42F0005243F8082C6A
:10398000C36803F15402BFF35F8F0F4B1A60BFF39C
:103990005F8FC2680432BFF35F8F1A61BFF35F8F1E
:1039A000BFF35F8F03225A63BFF35F8FBFF35F8F55
:1039B0009A63BFF35F8F7047103242F80C2CB8E760
:1039C000103242F80C2CCAE70000015038B5BFF3A2
:1039D0005F8F104CE569BFF35F8FBFF35F8F1023DC
:1039E0006363BFF35F8F01200AF03DFFBFF35F8F7A
:1039F00000236363BFF35F8FBFF35F8FE36BBFF39E
:103A00005F8F5B06F8D425B1BFF35F8FE561BFF32D
:103A10005F8F38BD0000015008B500F0A7F9104ACB
:103A200020B9BFF35F8F906ABFF35F8FBFF35F8FE3
:103A3000D36BBFF35F8F10F0240F03F0230304D088
:103A4000FFF7C4FF6FF01F0008BD4FF0FF30002BE1
:103A5000FAD1BFF35F8F1063BFF35F8F1846F3E7B0
:103A600000000150BFF35F8F094A1368BFF35F8FF7
:103A700043F48071BFF35F8F1160BFF35F8F23F456
:103A80008073BFF35F8F1360BFF35F8F704700BF1A
:103A900000100150BFF35F8F1522064B5A62BFF32F
:103AA0005F8FBFF35F8F40F237129A62BFF35F8F71
:103AB000704700BF0010015008B5FFF7D3FFBFF3F8
:103AC0005F8F064A1368BFF35F8F43F00103BFF3B4
:103AD0005F8F1360BFF35F8F08BD00BF0010015000
:103AE00070B50026C0E9006605460C46FEF760FD8D
:103AF00001232B70FFF7B6FFBFF35F8F204BDB680E
:103B0000BFF35F8F9B08013BACB3226842B19A427E
:103B100005D9FEF76FFD6FF03F002E7070BD1346A4
:103B2000D4E90115E068002908BF4FF400710028AE
:103B300008BFF1202469BFF35F8F114A9360BFF380
:103B40005F8FBFF35F8F1564BFF35F8FBFF35F8F2E
:103B50005064BFF35F8FBFF35F8F5163BFF35F8F1D
:103B600044F4802444F00104BFF35F8F1460BFF37A
:103B70005F8F0020D2E74FF40071F1202546DAE78D
:103B80000010015070B503780D461446002B53D039
:103B9000BFF35F8F2D4A136BBFF35F8F5908C3F3D9
:103BA0004203052B4BD011F0060F02D14FF0FF302E
:103BB00070BD4368D3B9BFF35F8F5368BFF35F8FA6
:103BC000032BF3D9224B2349BFF35F8FD2F88060D8
:103BD000BFF35F8FBFF35F8F43F8046BBFF35F8F5B
:103BE0008B42F1D1FFF768FF01234360BFF35F8F82
:103BF000164B9A68BFF35F8F0132B4EB021F21D8D6
:103C0000BFF35F8F5A68BFF35F8FB4EB820FCDD8DD
:103C100084B1BFF35F8FD3F88020BFF35F8F291D7E
:103C200005F8012B8D424FEA122204F1FF34EFD048
:103C3000002CF5D10020BBE76FF02000B8E76FF053
:103C40005100B5E76FF03F00B2E700BF0010015030
:103C5000101001502010015010B50446FEF7A8FCCA
:103C6000104B18680AF0E4FD0CB101232370BFF378
:103C70005F8F00220C4BDA61BFF35F8FBFF35F8F62
:103C80004FF0FF321A63BFF35F8FBFF35F8F3422B1
:103C9000DA61BFF35F8F012203F59223C3F8042397
:103CA00010BD00BF9C0900200000015010B5044663
:103CB00038B9FEF79FFCBDE81040074B18680AF0C2
:103CC000BDBD03783BB1FEF795FC034B18680AF0C5
:103CD000B5FD0023237010BD9C09002038B5154C9C
:103CE000D4F80051BDB1BFF35F8F134B996ABFF396
:103CF0005F8FBFF35F8F4FF0FF321A63BFF35F8FA9
:103D00000023C4F80031D4F800310C4B1868BDE82A
:103D100038400AF0A6BDD4F8083153B100F072F86B
:103D20000AF0CFF9C4F80851D4F808310121044B46
:103D3000ECE738BD0090055000000150A4090020B8
:103D4000A009002008B5074B18680AF079FD064B5A
:103D500018680AF075FDBDE8084000225920114698
:103D6000EFF766BCA4090020A009002038B5094B74
:103D70001C7864B1084B4FF0FF311D6828460AF0EB
:103D800061FD4FF0FF31044628460AF068FD2046E9
:103D900038BD00BF0FC50020A409002010B5064C97
:103DA000E36C3BB9214651F84C3B98690AF0BAFAEA
:103DB0000123E364014810BD1493002060930020A8
:103DC00010B504460D4B18680AF032FD0C4B1A680A
:103DD000236122605A6862609A68A26000229A6633
:103DE000A264FEF7E5FB20460AF05CF90028FAD150
:103DF00020460AF05CF90028F5D110BDA809002082
:103E000014930020004870471493002010B5044616
:103E1000054A036912689A660AF077FA2046BDE8F7
:103E200010400AF056B900BFD89D03000422094B88
:103E300010B50446C3F80823FFF7E8FFFEF7DAFBE6
:103E40000023226993666364034BBDE81040186841
:103E50000AF0F4BC00900550A809002010B5104BE2
:103E6000104C236003F5C04363602461FFF796FFA5
:103E700098B1236D2046B3F5007FCCBF4FF480632B
:103E80004FF40073A360FFF79BFF2046FFF7BEFFD0
:103E90002046FFF7CBFF002010BD0E20FCE700BF3F
:103EA000002001501493002038B504460AF02CF984
:103EB000D4E9013501684268C90042BFE168691A66
:103EC0005B18002112B904F1140038BDD0070BD5DE
:103ED0000B2905D97021064B064A074800F02EFB36
:103EE00004EB8100436101312B445210EAE700BF2B
:103EF000F8DC03007ADD030017DD0300244B0340E8
:103F0000B3F5806F2FD017DC402B2ED008DC102BA0
:103F10002DD0202B2DD0181E18BF01204000704737
:103F2000B3F5807F27D0B3F5007F26D0802B08BF64
:103F30000B2018BF02207047B3F5804F1FD00ADC5A
:103F4000B3F5805F1DD0B3F5005F1CD0B3F5006FF3
:103F500008BF0620EDE7B3F5004F16D0B3F5803F5C
:103F600008BF0320E5E7112070470A2070470C20A6
:103F700070470920704708207047072070471420B9
:103F8000704705207047042070470F20704700BF1E
:103F9000F0FF010070B50F4E0F4C054630680AF077
:103FA00047FC206830B980220C49FEF743FD70B908
:103FB000202323602368094A013B2360002452F830
:103FC00023202A6030680AF039FC204670BD0224A4
:103FD000F8E700BFAC090020809300208493002004
:103FE000302817D00DD81238C0B2192806D80123AE
:103FF00083401C48184088BBDB071FD46FF0860045
:104000007047412801D04228F8D1FF2926D0B1F5C8
:10401000E07F07E0B1F5A07F20D009D8E0291DD0CE
:10402000B1F5807F0CBF6FF085006FF086007047A0
:10403000B1F5C07F12D0B1F5007FF3E7B1F5807F15
:1040400009D001D8E029EDE7B1F5C07F06D040F2F4
:1040500009239942E6E7044B136070476FF085002F
:10406000704700BF20022102C89D0300A0F1120387
:10407000DBB21E2B9DBF0348D84000F0010000209A
:10408000704700BF2102214270B5044696B04668D1
:1040900003A80D46FFF794FE1A4B03A819680AF00F
:1040A00030F82146002201AB03A80AF0CBF8044601
:1040B00003A83CB1FFF7BAFE204616B0BDE8704039
:1040C00009F01EBB0AF081F8DDE90112034628461B
:1040D0000AF09AFA03A80AF018F903A809F0F9FF00
:1040E000044603A8FFF7A2FE002CE5D1314603A841
:1040F00009F0CCFB03A8314609F0C8FB204616B0F6
:1041000070BD00BF6C9F030070B5D51D1C78ED0815
:104110000646042C084611464FEA450286B002F1D5
:1041200001021DD10A9C94421AD1104C104A34400D
:1041300044F0106494424FF0000414D15A1CCDE9AD
:1041400002526A1C134401AACDE904530194FFF7FB
:1041500047FF18B9019802A9FFF796FF06B070BD96
:104160006FF08600FAE72046F8E700BF0000FFF690
:10417000000002092DE9F0410388C76803F44F44A9
:10418000B4F5824F08BF1C4603F4E0401E4B18BF35
:1041900000248C4600259846E4B21E78A6421ED123
:1041A000D3E90261B0F5804F08BF0E461168D3F81D
:1041B00004E019B9664508BFC2F800E0116871450E
:1041C0000DD1664503D06FF08600BDE8F081142361
:1041D00003FB05831B7C43B96FF08500F5E70135D0
:1041E000132D03F11403D8D1EDE7422C09D1074B6D
:1041F0009F4206D003F20B139F4202D00A339F4224
:10420000E1D10020E1E700BFF09D030000080006B7
:104210002DE9F34105881F4605F44F43B3F5824F5E
:104220000E46804641881BD1EDB2422D3DD8402D2F
:1042300013D8A5F11203DBB21E2B36D81D4A42FA61
:1042400003F3DA0731D4CC1DE40864000134089B81
:10425000A34207D26FF0890024E0CC1DE408F6E702
:1042600000242546284601AAFFF7BAFED0B9D8F89F
:104270000420114BB3EB122F19D0123DEDB21E2DBD
:1042800015D80E4BEB40DB0711D539460423019AB4
:1042900001F8013B304600F0C3F809F031FA08B9E3
:1042A000099B1C6002B0BDE8F0810024DAE76FF0E2
:1042B0008500F7E7DEFFFFBF004E800021000040D1
:1042C000F0B51446C3B01D460DABCDE90021CDE9D4
:1042D000063205921EAB10220646002109A808935B
:1042E0000AF079FB489A630001339A424FD12B7848
:1042F000042B4CD14A9B9C424CD86B1CCDE9094302
:10430000631C1D44304609A9CDE90B45FFF7BCFEEF
:10431000F0B90A25314F2FA8FFF752FD39682FA8B1
:1043200009F0EFFE0022314602AB2FA809F08AFF08
:1043300004462FA874B1FFF779FDDDE9051009F0F7
:10434000A5FADDE9071009F0A1FA204609F0D8F92D
:1043500043B0F0BD09F039FF0446024602996846B1
:104360000AF029F9DDE90312234609A80AF04CF9FD
:104370002FA809F0CAFF2FA809F0ABFE0446062CAF
:104380002FA80AD1FFF752FD013DC4D1D5E76FF048
:104390008600DDE76FF08900DAE7FFF785FD054667
:1043A0002FA809F012FF05AB0246D5E900010AF07B
:1043B0001BF92FA8FFF73AFD002CBED1069B059AEA
:1043C0003093079B49993193089B2FA82F923293E2
:1043D0000AF0F1F84B9B2F9A1A60AEE7849F030016
:1043E000F8B50668054696420C46A2EB060705DDC1
:1043F0002B21084B084A094800F0A0F8394620460E
:104400000AF033F932466968E019BDE8F8400AF06D
:1044100053B900BF4FDE0300CEDE03005BDE0300B6
:104420002DE9F04796B0814603A80E461546576819
:10443000FFF7C6FC254B03A8D3F800A04FF00008F7
:10444000514609F05EFE6B460022294603A809F09A
:10445000F9FE044618B103A8FFF7E8FC21E03A464C
:10446000494600980AF028F9DDE90123294603A806
:1044700009F0D6FE03A809F048FF03A809F029FEB9
:104480000628044611D108F10108B8F10A0F04D03A
:10449000514603A809F035FED5E703A8FFF7C6FC8F
:1044A0006A24204616B0BDE8F0870028D3D103A8BF
:1044B000FFF7FAFC05463A46016830460AF02AF949
:1044C0003A466968F0190AF025F9C4E7849F0300A9
:1044D0002DE9F0434FF0000985B00546CDF8049072
:1044E00000F10C07EFF31188402383F31288BFF328
:1044F0006F8F8368594003EA02060A4053400E4911
:1045000001AACDE9023907F058FA019C3CB12046D6
:10451000C4F8C0900021646E07F0A6F9F6E7DDE963
:10452000023223EA020338464146AB60FBF750FBF8
:10453000304605B0BDE8F083F1E802001FB514462F
:104540001A46094B05461B68D86854B9074B1C46E8
:1045500000910749CDE901342B4600F029F8EFF727
:10456000C5FB044BF4E700BFBC09002047AF0300C4
:10457000EDDE0300E0DE0300024B0A460146186848
:104580000AF031BABC09002008B5074B044613B144
:104590000021AFF30080054B1868836A03B1984788
:1045A0002046EFF787FB00BF000000009C9F030040
:1045B0000EB403B503AB0146054853F8042B00685D
:1045C000019300F057FA02B05DF804EB03B07047B6
:1045D000BC09002030B587B0054608461446019155
:1045E000E5F7FCFB01AB05900290039301230493D4
:1045F00025B1AB6913B9284600F0E2FD144B9C428B
:104600001BD16C68636ED80705D4A389990502D4C1
:10461000A06D03F062FF03AA2846214600F026F8A9
:10462000636E0546DA0705D4A3899B0502D4A06D05
:1046300003F059FF284607B030BD064B9C4201D11C
:10464000AC68DFE7044B9C4208BFEC68DAE700BFC8
:10465000E09F0300C09F0300A09F0300024B0A4697
:1046600001461868FFF7B6BFBC09002093682DE922
:10467000F74F06460C4691461BB9002003B0BDE833
:10468000F08F8B89180747D50B69002B44D0B4F9FC
:104690000C30D9F8008013F0020762D113F0010347
:1046A00000F093803846BB46BA46BAF1000F00F0DE
:1046B000FA80002800F001815745206821693A46B8
:1046C00028BF5246A5688842636940F203811D44B1
:1046D000AA4240F3FF8059462A460AF062F923684D
:1046E000214630462B44236000F0ECFC002867D1C3
:1046F0007F1B40F007812146304600F0E3FC002894
:104700005ED1D9F80830AB44AAEB050A5B1BC9F8A7
:104710000830002BC9D1B0E72146304600F066FCD6
:104720000028B4D04FF0FF30A8E7D8E900A508F181
:104730000808D4F828B0216A002DF6D0BD422B46D7
:104740005246304628BF3B46D847002838DDD9F8C6
:10475000083082442D1A1B1AC9F80830002BE8D102
:104760008BE74FF0000A684F5546E2E7D8E9007A38
:1047700008F10808B4F90C302068A268BAF1000FFB
:10478000F4D0990563D5524536D813F4906F33D0E1
:1047900021696569A0EB010B05EB45050BF10102F1
:1047A00005EBD57552446D10954238BF15465B0533
:1047B0003DD52946304600F003F948B90C23336053
:1047C000A38943F04003A381ACE71F469A46D1E793
:1047D0005A46216901900AF0D7F8A289019B22F478
:1047E000906242F08002A281236152465B4465617F
:1047F000A5EB0B052360A560524539462068554658
:1048000028BF524601920AF0CCF8A368019A9B1A7D
:10481000A360236813442360D9F808302F44AAEB1F
:10482000050A5B1BC9F80830002BA3D125E72A46EF
:1048300030460AF0E6F803460028D5D12169304613
:1048400000F074F8A38923F08003A381B6E72369FD
:10485000834202D36169514515D95245394628BF73
:10486000524615460AF09DF8A36822685B1B2A444D
:10487000A3602260002BCFD12146304600F022FCFD
:104880000028C9D09CE76FF00043A56A3A4630463D
:10489000534528BF534693FBF1F34B43216AA84786
:1048A000051EB9DC8CE7D8F804A0434608F10808D7
:1048B000BAF1000FF7D0D3F800B052460A2158469B
:1048C0000AF044F818B10130A0EB0B07F4E60AF146
:1048D0000107F1E6934208DCA56A5A46216A304690
:1048E000A847051E3FF704AF6AE7594601920AF050
:1048F00058F8019AA36815469B1AA36023681344CD
:104900002360F5E60120FCE600FCFF7F024B014638
:10491000186800F055B800BFBC090020024B0146E2
:10492000186800F003B800BFBC09002038B5054680
:10493000002941D051F8043C0C1F002BB8BFE418EB
:1049400000F0FCFC1D4A136833B96360146028460C
:10495000BDE8384000F0F8BCA34208D9206821180F
:104960008B4201BF19685B6809182160EDE71A46A0
:104970005B680BB1A342FAD911685018A0420BD161
:1049800020680144501811608342E0D118685B68C8
:10499000084453601060DAE702D90C232B60D6E795
:1049A000206821188B4202BF19685B680918636090
:1049B00008BF21605460CAE738BD00BF08940020DA
:1049C000F8B5CD1C064625F0030508350C2D38BF7B
:1049D0000C25002D01DBA94203D90C2333600020F4
:1049E000F8BD00F0ABFC21490A6814469CB9204F81
:1049F0003B6823B92146304600F096FA38602946D4
:104A0000304600F091FA431C23D10C23304633602A
:104A100000F09AFCE3E723685B1B17D40B2B03D948
:104A200023601C44256004E06368A2420CBF0B6055
:104A30005360304600F088FC04F10B00231D20F089
:104A40000700C21A1CBF1B1AA350C9E7224664689C
:104A5000CCE7C41C24F00304A042E3D0211A304662
:104A600000F062FA0130DDD1CFE700BF08940020EA
:104A7000049400202DE9F04F0D469DB01446984651
:104A8000064618B183690BB900F09AFB874B9D422B
:104A90001BD175686B6ED90705D4AB899A0502D412
:104AA000A86D03F01AFDAB891B0701D52B69EBB983
:104AB0002946304600F09AFAC0B16B6EDC070ED57D
:104AC0004FF0FF301DB0BDE8F08F794B9D4201D112
:104AD000B568DFE7774B9D4208BFF568DAE7AB8939
:104AE0009805EDD4A86D03F0FEFCE9E70023CDF8AE
:104AF0000C804FF00109DFF8C081099320238DF865
:104B0000293030238DF82A3023469A4613F8012B9A
:104B10000AB1252AF9D1BAEB040B0BD05B46224629
:104B20002946304609F0A9FF013000F0A680099A15
:104B30005A4409929AF80030002B00F09E8000231E
:104B40004FF0FF320AF1010A049307938DF85330B6
:104B50001A93CDE9052354460522574814F8011B42
:104B600009F0F4FE049BD0B9D90644BF20228DF889
:104B700053201A0744BF2B228DF853209AF80020A7
:104B80002A2A14D0079A544600204FF00A0C2146D6
:104B900011F8013B303B092B4AD970B914E0A0EB66
:104BA0000800A24609FA00F018430490D3E7039ADC
:104BB000111D1268002A039101DB079204E05242A2
:104BC00043F002030792049323782E2B0AD16378D3
:104BD0002A2B32D1039B02341A1D1B6843EAE3736C
:104BE00003920593DFF8E0A003222178504609F0F4
:104BF000ADFE38B1A0EB0A004022049B0134824094
:104C00001343049314F8011B06222C488DF8281036
:104C100009F09CFE00283FD0294B1BBB039B0733A8
:104C200023F0070308330393099B3B4409936BE785
:104C30000CFB02320C460120A9E7002301344FF09F
:104C40000A0C19460593204610F8012B303A092A20
:104C500003D9002BC6D00591C4E70CFB0121044603
:104C60000123F0E703AB2A4604A930460093154B15
:104C7000AFF300800746781CD6D16B6ED90705D4F8
:104C8000AB899A0502D4A86D03F02DFCAB895B06B5
:104C90003FF516AF099815E703AB2A4604A930463D
:104CA0000093084B00F012F8E4E700BFE09F030018
:104CB000C09F0300A09F03001DE0030027E0030046
:104CC000000000007BEA020023E003002DE9FF471B
:104CD0000F7E914680460C46782F9A460C9D01F136
:104CE000430207D8622F0AD8002F00F0E080582F27
:104CF00000F0BB8004F1420684F842703AE0A7F16C
:104D00006303152BF6D801A151F823F0654D02007D
:104D1000794D0200F54C0200F54C0200F54C020002
:104D2000F54C0200794D0200F54C0200F54C0200F2
:104D3000F54C0200F54C0200954E0200094E0200AF
:104D40004B4E0200F54C0200F54C0200B74E02003B
:104D5000F54C0200094E0200F54C0200F54C020031
:104D6000534E02002B6804F142061A1D1B682A608C
:104D700084F842300123ABE0236829681F0601F163
:104D80000400286001D50D6803E05E06FBD5B1F98B
:104D90000050002D61687ADA2D200029A16084F886
:104DA00043002DDA6D425E480A231646B5FBF3F147
:104DB00003FB1157C75D06F8017D2F460D46BB4228
:104DC000F4D9082B0BD12368DF0708D52369616864
:104DD0009942DEBF302306F8013C06F1FF36921BF4
:104DE00022614B4603AA21464046CDF800A009F0B7
:104DF00056FE013071D14FF0FF3004B0BDE8F087AE
:104E000023F004032360CDE72B682068191D296077
:104E1000050601D51D6802E04106FBD51D886F2FF0
:104E20003F4814BF0A230823002184F84310666812
:104E3000002EA660B9DB216821F004012160002D5D
:104E4000B3D1002EB1D11646BBE7236843F020034F
:104E500023607827334884F84570296823680E1D3D
:104E60002E601E0603D50D6804E02D48F3E75D06AD
:104E7000F9D50D88D90744BF43F0200323600DB155
:104E80001023D1E7236823F020032360F8E72448A8
:104E90000A23CCE72B682668181D6169286035064F
:104EA0001B6801D5196002E07006FBD5198000234C
:104EB0001646236195E72B6800211A1D2A601E689B
:104EC0006268304609F042FD08B1801B606063688B
:104ED0002361002384F8433083E72369324649463F
:104EE0004046D047013086D023689B0714D4E06841
:104EF000039B9842B8BF18467FE7012332464946D4
:104F00004046D04701303FF476AF0135E36803995E
:104F10005B1AAB42F1DCEAE7002504F11906F5E77C
:104F20002EE003003FE0030038B50023054D0446A2
:104F300008462B60EEF7C6FE431C02D12B6803B176
:104F4000236038BD0C940020F8B50E461446054683
:104F500018B183690BB900F033F9214B9C4210D191
:104F60006C68A369A360A3891A0701D5236993B963
:104F70002146284600F03AF868B14FF0FF3738462E
:104F8000F8BD184B9C4201D1AC68EAE7164B9C4235
:104F900008BFEC68E5E72369F6B220683746C01A17
:104FA0006369834205DC2146284600F08BF800281F
:104FB000E3D1A3680130013BA36023685A1C22603F
:104FC0001E706369834204D0A389DB07D7D50A2EFC
:104FD000D5D12146284600F075F80028CFD0CCE77F
:104FE000E09F0300C09F0300A09F0300314B70B5FA
:104FF0001D6806460C4625B1AB6913B9284600F07A
:10500000DFF82D4B9C420ED16C68B4F90C301A07B6
:105010002CD4DD0611D40922326043F040034FF056
:10502000FF30A3813DE0254B9C4201D1AC68ECE709
:10503000234B9C4208BFEC68E7E7580712D5616B29
:1050400041B104F14403994202D03046FFF76EFCAF
:1050500000236363A38923F02403A38100236360F7
:1050600023692360A38943F00803A38123694BB913
:10507000A38903F42073B3F5007F03D021463046A3
:1050800000F01CF9B4F90C3013F001020AD0002230
:10509000A26062695242A261226942B913F08000A3
:1050A000BBD170BD990758BF6269A260F4E70020C8
:1050B000F7E700BFBC090020E09F0300C09F03008A
:1050C000A09F030038B50B6905460C4613B90025AF
:1050D000284638BD18B183690BB900F071F8144B3C
:1050E0009C421BD16C68B4F90C30002BEFD0626E7F
:1050F000D00704D4990502D4A06D03F0EEF9284638
:10510000214609F065FD636E0546DA07E0D4A38900
:105110009B05DDD4A06D03F0E6F9D9E7054B9C4271
:1051200001D1AC68DFE7044B9C4208BFEC68DAE7CA
:10513000E09F0300C09F0300A09F0300002310B561
:1051400004468360818119464366C28108228361D7
:10515000C0E90033C0E904335C3009F03CFC054B86
:1051600024626362044BA362044BE362044B236337
:1051700010BD00BF9BED0200BDED0200F5ED020089
:1051800019EE0200014909F0BCBD00BFC550020084
:10519000014803F0A2B900BF0C0B0020014803F046
:1051A000A2B900BF0C0B0020014803F096B900BF64
:1051B000200B0020014803F096B900BF200B00200F
:1051C00010B50446FFF7F0FFA3691BB1BDE810401E
:1051D000FFF7F0BFC4E9123323652046124B134A90
:1051E0001B68A262A34204BF0123A36100F020F860
:1051F0006060204600F01CF8A060204600F018F81F
:1052000000220421E0606068FFF798FF0122092175
:10521000A068FFF793FF02221221E068FFF78EFFDC
:105220000123A361D2E700BF9C9F030085510200C8
:10523000F8B50746FFF7ACFF1E4B1E68B36913B9FC
:105240003046FFF7BDFF4836D6E90134013B03D5B0
:1052500033680BB33668F7E7B4F90C50D5B9164B81
:1052600004F158006566E36003F02DF9FFF796FF3F
:105270000822294604F15C002560A561C4E90155B6
:10528000C4E9045509F0A7FBC4E90D55C4E912555A
:105290002046F8BD6834D9E70421384609F01BFDE3
:1052A000044630600028D5D1FFF778FF0C233B601F
:1052B000EEE700BF9C9F03000100FFFF8B89F7B55D
:1052C0009D0706460C4607D504F14703236023617A
:1052D0000123636103B0F0BD01AB6A4609F030FD04
:1052E000009F054630463946FFF76AFB48B9B4F9D6
:1052F0000C309A05EED423F0030343F00203A3819C
:10530000E2E70D4BB362A389206043F08003A381E1
:10531000019BC4E904075BB1B4F90E10304600F0FC
:105320004DF828B1A38923F0030343F00103A381BF
:10533000A3891D43A581CDE785510200014803F0F3
:10534000CCB800BFF80A0020014803F0CCB800BF79
:10535000F80A002038B50446064D084611460022DA
:105360002A601A4603F09CF8431C02D12B6803B153
:10537000236038BD0C94002038B50023054D044649
:1053800008462B6003F090F8431C02D12B6803B150
:10539000236038BD0C94002038B50023064D044628
:1053A000084611462B6003F089F8431C02D12B6894
:1053B00003B1236038BD00BF0C94002038B5002332
:1053C000054D044608462B6003F073F8431C02D1D8
:1053D0002B6803B1236038BD0C94002038B5044617
:1053E000064D0846114600222A601A4603F05FF86F
:1053F000431C02D12B6803B1236038BD0C940020FC
:1054000038B50446064D0846114600222A601A4661
:1054100003F042F8431C02D12B6803B1236038BD6E
:105420000C94002080B400AF024B1846BD465DF8D6
:10543000047B70471094002080B586B004AF78607C
:1054400039607B68B3F5005F05D13B68B3F58A7FAF
:1054500001D100231DE0114802F09AFF4FF40052E1
:1054600079680F4802F094FF3B681B0CD9B23B6887
:105470001B0ADAB23B68DBB21420029001200190D3
:1054800000200090074802F083FF074802F080FFE9
:10549000002318460837BD4680BD00BF0405030041
:1054A00028050300580503009C05030080B582B061
:1054B00000AF78600921786809F0DCFC0346002B16
:1054C00008D00921786809F0D5FC0346194603483D
:1054D00002F05EFF00BF0837BD4680BDC005030077
:1054E00080B584B000AFFFF79DFFB860BB68002BAC
:1054F00002D14FF0FF33A3E0BB6893F83C30012B9F
:1055000066D10921B86809F0B5FC0246BB685A614A
:10551000BB685B691A460921B86809F0BFFCBB6823
:105520005A69494B1340002B3AD0BB685B6903F0C2
:10553000D003002B12D0BB685B6903F0F00319465F
:10554000424802F025FF1221B86809F093FC034697
:105550007B607B6819463E4802F01AFFBB685A69B7
:105560003C4B1340002B07D0BB685A69394B1340A2
:105570001946394802F00CFFBB685B6903F0200351
:10558000002B07D0BB685B6903F020031946334842
:1055900002F0FEFE324802F0FBFEB86809F0DFFCC4
:1055A000BB685A692F4B1340002B06D00323FB81A5
:1055B000BB68012283F83D203AE0BB685969BB68AB
:1055C000DB691A46284802F0E3FE0023FB812FE046
:1055D0002121B86809F024FC0246BB68DA61BB6887
:1055E000DB691A462121B86809F02EFCBB68DB692B
:1055F0001946B86800F0C4FABB68DB69002B0DD00F
:105600002021B86809F00CFC0346002B06D00323C8
:10561000FB81BB68012283F83D2009E0BB68596922
:10562000BB68DB691A46104802F0B2FE0023FB811A
:10563000B7F90E30032B01D1EDF720FBB7F90E308F
:1056400018461037BD4680BDF0F303FE2006030068
:105650003806030000F303FE48060300600603005B
:105660007C060300F2F303FE9006030080B584B0CD
:1056700000AF78607B6893F83C30012B17D109218B
:10568000786809F0F7FB02467B685A617B685A69C3
:10569000184B1340FB60FB68002B06D07B685B69EE
:1056A0001A460921786809F0F9FBFB681EE07B685F
:1056B00093F83C30002B18D12121786809F0B0FB19
:1056C00002467B68DA617B68DA697B689B69134014
:1056D000FB60FB68002B06D07B68DB691A46212142
:1056E000786809F0B1FBFB6800E00023184610372A
:1056F000BD4680BDF2F303FE80B582B000AF786096
:10570000074A0821786809F0C9FB7B689B691A463B
:105710002021786809F098FB00BF0837BD4680BD9E
:10572000F2F303FE80B584B000AF78600123FB8103
:105730007B6893F83930032B49D801A252F823F043
:10574000515702009D5702005B5702006D5702003F
:105750007868FFF7D1FF01233CE07868FFF7CCFFC2
:10576000EDF77CFA7B68B3F93A3033E07868FFF7FD
:105770007DFF0346002B0ED07B68012283F83D207D
:1057800009F05CFE0346FB81B7F90E30012B02D015
:105790007868FFF7B1FFB7F90E301BE000BF7868FB
:1057A000FFF764FF0346002BF9D07B68012283F8E2
:1057B0003D2009F043FE0346FB81B7F90E30012B73
:1057C000ECD07868FFF798FFB7F90E3002E000BF21
:1057D0004FF0FF3318461037BD4680BD80B58CB002
:1057E00000AF0023FB85002387F82D30FFF71AFE5A
:1057F000F861FB6993F83930002B02D1FB691B6B10
:1058000000E00023BB61FB6993F83930002B03D122
:10581000FB691B6B1B6801E0FB695B6B7B617B6950
:105820009B68B3F1FF3F03D1012387F82D306AE075
:10583000FB6993F83D30002B65D07B695A687B6922
:105840009B689B0013441B687B60FB7903F0080393
:10585000DBB2002B12D1FB6993F83C30012B14BF53
:1058600001230023DBB21A46FB6983F83C2000BF0A
:10587000F869FFF7FBFE0346002BF9D0FF23FB740A
:10588000FB6993F83C30042B03D0FB6993F83C3060
:1058900000E00123FB74FB7C012B1DD1FB695A69DD
:1058A000724B1340002B03D04FF6FB73FB850FE0C8
:1058B000FB6914331B7803F00203DBB2002B07D122
:1058C000FB695B6919466A4802F062FD0123C8E082
:1058D000FB6900225A6112E0FB691C335B7803F01C
:1058E0000103DBB2002B07D1FB69DB691946614874
:1058F00002F04EFD0123B4E0FB690022DA61FB698E
:10590000002283F83D20B7F92E30002B22D197F8E2
:105910002D30002B15D0FB6993F83930002B10D1B6
:10592000FB691B6BDB68002B0BD0FB691B6B1869D9
:10593000FB691B6BD968FB691B6B9B8A1A4609F0D4
:1059400023F897F82D307A691946F86909F032FC86
:105950000346FB85B7F92E30012B02D1B7F92E3063
:105960007FE0FB6993F83930002B0CD0FB6993F88A
:105970003930022B04D1FB69FA8D5A87EDF778F99B
:10598000B7F92E306DE002F010FDF860FB691B6B7B
:105990009A6AFB691A63FB691B6B002B14BF012316
:1059A0000023FB72F86802F008FDFB7A83F0010324
:1059B000DBB2002B01D0EDF7A7F9BB69DB69002B47
:1059C00036D0BB695A8CBB691B8C9A4209D1BB6922
:1059D000D869BB699969BB699B8C1A4608F0D4FFEA
:1059E00026E0BB69DB69BB62BB699B697B62BB6903
:1059F0009B8C7B8418E0BB691B8C1A46796AB86A59
:105A000008F0C2FFBB691B8C1A46BB6A1344BB6219
:105A1000BB695B8C1A467B6A13447B627A8CBB69D8
:105A20001B8CD31A9BB27B84B7F92230002BE2DCAB
:105A3000BB699B68002B07D0BB699B68BA6951683A
:105A4000B7F92E2010469847FB7A002B07D0FB6948
:105A50001B6B1B681A460121F86909F0ABFBFB7A46
:105A60001BB218463037BD4680BD00BFF0F303FEC1
:105A7000B4060300D806030080B586B000AF786096
:105A80004FF000737B61FB7D43F00303FB75FB7DEF
:105A900043F01003FB75BB7D6FF30413BB75BB7D37
:105AA00043F02003BB75BB7D43F04003BB75BB7D5A
:105AB00043F08003BB757B691A461D21786809F0A5
:105AC00049FDFF23BB74FF23FB74FF237B74FF237B
:105AD0003B743B691A461F21786809F03BFD274B50
:105AE000FB60FB7B43F01003FB73FB681A461E212F
:105AF000786809F02FFD4FF0FF33BB60BB681A4692
:105B00002121786809F026FD7B6818334FF0FF32B9
:105B10001A607B6803F1180213786FF300031370A7
:105B20007B6803F1180293786FF3000393707B682E
:105B300003F1180293786FF3410393707B6803F1CC
:105B4000180293786FF3820393707B6803F1180255
:105B500093786FF3C30393707B6803F11802937813
:105B60006FF3041393707B689B691A462021786851
:105B700009F0F0FC00BF1837BD4680BD006000088A
:105B800080B584B000AF786039603B6803F01E03D5
:105B9000002B25D000221D21786809F0DBFC3A6833
:105BA0002121786809F0D6FC0F4802F0F1FB0023B0
:105BB000FB600EE0FB68DBB21946786809F0B6FCC2
:105BC00003461A46F968094802F0E2FBFB68013314
:105BD000FB60FB68222BEDDD786809F0D1FC00E06A
:105BE00000BF1037BD4680BDFC060300140703004C
:105BF00080B586B004AF78607B68B3F5877F01D14C
:105C0000002314E07B681B0CD9B27B681B0ADAB254
:105C10007B68DBB20E2002900120019000200090F2
:105C2000054802F0B5FB054802F0B2FB0023184618
:105C30000837BD4680BD00BF24070300740703007A
:105C400051EC100B70B5C1F30A540B460546A4F293
:105C5000FF32132A1BDC002A0BDA01F00043013269
:105C600004BF43F07F5343F440130022194610460B
:105C700015E0154C144104EA010606430FD04FF419
:105C8000002141FA02F2134423EA0403EDE7332A28
:105C900008DDB2F5806F02D10246E3F7A7FB41ECC5
:105CA000100B70BDA4F213464FF0FF34F4400442D1
:105CB000F5D0C2F1330101228A40521928BF0133C5
:105CC00022EA0402D2E700BFFFFF0F0010EE103AF5
:105CD00007B523F000431D4A934206D8DFED1C0AA6
:105CE00003B05DF804EB00F0CFBEB3F1FF4F04D377
:105CF00030EE400A03B05DF804FB684600F096FD04
:105D000000F00300012809D0022810D0B0B9DDED61
:105D1000010A9DED000A00F0B7FEEBE7DDED010A98
:105D20009DED000A01F088F9B1EE400AE2E7DDEDF1
:105D3000010A9DED000A00F0A7FEF5E70120DDED68
:105D4000010A9DED000A01F077F9D3E7D80F493F2A
:105D50000000000010EE102AF0EE407AB2F1FF4F82
:105D600004DB70EE007AB0EE670A70476D4B9A4222
:105D70005EDC22F00043B3F17E5F0BD3BFEE007A0E
:105D8000B4EE470AF1EE10FA02D1012001F09CB9FD
:105D900009F0B0BCB3F1445F12D29FED637A30EEEC
:105DA000077AB5EEC07AF1EE10FA02DDB3F1125FB8
:105DB000D9D367EEE76AB6EE007AE6EE877AD2E7E5
:105DC0005A4B1A449A4236D9F6EE006A002360EE26
:105DD000266A66EE806AB0EE007A9FED555ADFEDD6
:105DE000554A37EE877AC7EE875A25EEA57AE7EE51
:105DF000054A9FED515AA4EE875ADFED504AE5EE71
:105E0000074A9FED4F5AA4EE875ADFED4E4AE5EE62
:105E1000074A9FED4D5AA4EE875AF0EE664AE5EE2A
:105E2000074A65EEA45A002B6DD176EEE56A54E080
:105E3000B2F1B44F45DAB7EE007A77EE876A16EE24
:105E4000902AD3157F3B002BD5BF36EEC77A76EE6E
:105E5000E77A37EEC77A37EE677A87EE266AC2F3BB
:105E600016023A498A42CCBF42F07C5142F07E5140
:105E7000B7EE007AC8BFC2F5000207EE901AF6EE40
:105E8000006AC4BF9210013377EEC77A67EEA66A44
:105E900066EEA76A002A9ED1F5EE407AF1EE10FA7E
:105EA00014D1DBB307EE903ADFED296AB8EEE77A5A
:105EB000DFED287AA7EE276AF0EE467AE7EE267A3B
:105EC00051E7D3159FED246A7F3BC8E7DFED1E5AEB
:105ED000A7EEE57A67EE266A13B977EEE67A42E72F
:105EE00007EE103ADFED1B5AB8EEC77AA7EE256A27
:105EF00076EEC66A9FED166A76EEE76AF0EE667A8F
:105F0000D7EE067A2FE707EE103A9FED125AB8EE59
:105F1000C77AA7EE056A36EE256AE9E7DFED0E7A65
:105F200021E700BFD613D43E0000004CE0096A41CF
:105F30009788173E4FD01C3E25333A3E298E633E4C
:105F40002549923ECDCCCC3EABAA2A3FF604350083
:105F50008071313FD1F717370000000038B52DEDC3
:105F6000028B55EC104B00F0C5F8154BB0EE408A93
:105F7000F0EE608A93F90030013319D022462B46A7
:105F800020462946E3F782FE90B9002200232046EE
:105F90002946E3F753FE58B102F0A7FA2123002265
:105FA0000360002310461946E3F700FD41EC180B8F
:105FB000B0EE480AF0EE680ABDEC028B38BD00BFB7
:105FC000330A002008B52DED048BB0EE409AF0EEB8
:105FD000608A00F049F9434BB0EE408A93F90030F3
:105FE000013311D0F4EE688AF1EE10FA0CD6B4EE5B
:105FF000499AF1EE10FA0CD7F5EE408AF7EE007AE6
:10600000F1EE10FA07FE808AB0EE480ABDEC048B70
:1060100008BDDFED359AB4EE699AF1EE10FA16D1AB
:10602000F4EE698AF1EE10FA58D0B0EE680A09F081
:106030008AFB0028E8D0F4EEE98AF1EE10FAE3D505
:1060400002F053FA212303609FED288ADCE709F070
:106050007AFB58BBB0EE490A09F075FB30B3B0EEDD
:10606000680A09F070FB08B3B4EE488AF1EE10FA42
:1060700006D702F03AFA212389EEA98A0360C3E722
:1060800002F033FAB5EEC09A2223F1EE10FA036063
:1060900002D49FED178AB7E7B0EE680A09F05DFBFE
:1060A000B4EE680AF1EE10FAF3D0CDE7B5EE408A0F
:1060B000F1EE10FAA8D1B0EE490A09F044FB00282D
:1060C000A2D0B0EE680A09F03EFB00289CD002F096
:1060D0000CFA22239FED048A036095E7B7EE008A4D
:1060E00092E700BF330A002000000000000080FF9C
:1060F0000000807F5B4A2DE9F04155EC104BAA432C
:106100002B4620460FD122462946E3F725FB0246BF
:106110000B4620462946E3F769F904460D4645EC4F
:10612000104BBDE8F081002D0DDC25F0004222432C
:10613000F5D095B122462946E3F756F902460B46BB
:10614000E3F734FCE9E72A1515D1002109E0C30A79
:10615000153A4005002BFAD0F7E72A46FAE75B002C
:106160000131DD02FBD54C1E121BC1F1200420FAC7
:1061700004F488402343C3F31303D407A2F2FF358A
:106180004FF0000643F480134FF0160E4FEA6505FA
:10619000B04658BF5B004FF400125CBF03EBD073F6
:1061A00040005B00470003EBD07308EB020199420B
:1061B000DEBF5B1A02EB0108B618BEF1010E4FEA12
:1061C00043034FEA520203EBD7734FEA4707ECD180
:1061D000F44620204FF00041984501EB0E022FDBE2
:1061E0000BD1BA4209D8002A01EB020E02DABEF145
:1061F000000F2CDA0023BF1A8C445B0001384FEAF1
:10620000510103EBD7734FEA4707E5D13B4308D071
:10621000BCF1FF3F13BF0CF101030136844623F0AC
:10622000010C7210F1074FEA5C0302F17F5248BF84
:1062300043F0004302F50012184602EB05516CE7EB
:10624000002A01EB020E0BDABEF1000F08DB08F1A9
:106250000104BA42A3EB080300D9013BA046CAE7F8
:106260004446F6E70000F07F2DE9F84310EE904A2F
:1062700034F000472DED028BB0EE408AF0EE608ADC
:1062800000F0958210EE109A29F00046B6F1FF4F0B
:1062900006D8B7F1FF4F0AD9B6F17E5F00F08782CA
:1062A0008948BDEC028BBDE8F84300F01FBFB9F18F
:1062B000000FB0462BDAB7F1974F11D3B7F1FF4F6C
:1062C00028D00225B4F17C5F3FD1B9F1000F69DB22
:1062D000B0EE480ABDEC028BBDE8F84309F0F9B90D
:1062E000B7F17E5F29D3FB15C3F1960347FA03F597
:1062F00005FA03F3BB423AD1B7F17E5F3FD1002CE0
:1063000080F25B82F7EE007A87EE880A0CE0B7F144
:10631000FF4F3CD1B6F17E5F00F0498208D9002CD6
:1063200080F248829FED690ABDEC028BBDE8F883DC
:10633000002CF7DAB1EE680AF6E7B4F1804F2CD002
:10634000B4F17C5F4FF000052CD0B0EE480A09F0A4
:10635000F3F9B6F1FF4F03D016B1B6F17E5F3BD132
:10636000002CBCBFF7EE007A87EE800A23E0B7F17D
:106370007E5FC4D0B4F1804F0FD00025E5E7B4F1C3
:10638000804F0AD005F00105C5F10205DDE7B7F140
:106390007E5FB4D0B4F1804F02D128EE080AC3E783
:1063A00000258FE7B0EE480A09F0C6F9B6F1FF4FB5
:1063B00001D0002ED1D1B9F1000FB5DAA6F17E5689
:1063C0002E4304D170EE407A87EEA70AACE7012D88
:1063D000AAD1B1EE400AA7E74FEAD970013855EAD1
:1063E000000304D138EE488A88EE080A9CE7B7F12A
:1063F0009A4F7DD9364B9E4206D8002C92DA9FEDFB
:10640000350A20EE000A8FE7334B9E4202D9002C5A
:10641000F5DC87E7F7EE007ADFED306A30EE670AE9
:10642000F5EE007A20EE007AE0EE676AF6EE007A8A
:10643000E6EEC07A27EE277ADFED297A67EEC77A93
:106440009FED287AE0EE077A9FED277AF0EE676AF3
:10645000E0EE076A16EE903A23F47F6323F00F0311
:1064600006EE903AE0EE476A77EEE67A013D24F4D4
:106470007F64B7EE007ABFEE008A054324F00F0474
:1064800067EEA80A07EE903A08FE078A07EE104A60
:1064900038EEC77AE7EE270A07EE104A67EE877AEA
:1064A00030EEA77A17EE101A002921F0004340F3CE
:1064B000F080B3F1864F40F2DD80DFED067A28EE02
:1064C000270A20EE270A2FE747AF0300000000004D
:1064D000F7FF7F3FCAF249710700803FABAAAA3E8F
:1064E0003BAAB83F70A5EC3600AAB83F0000804B2D
:1064F00019F0FF4F05BF5FED037A6FF0170300231C
:1065000060EE277A08BF17EE908A4FEAE852C8F388
:1065100016087F3A48F07E511A44A94B984506DD8B
:10652000A84B984540F3A4800132A1F50001002654
:10653000A54B07EE101AF7EE006A491003EB86032D
:1065400041F00051D3ED005A01F580219F4B75EECB
:10655000877A37EE656A01EB4651C6EEA74A07EE29
:10656000901A77EEE55A37EE657ADFED995A26EE06
:10657000245A15EE107A1F4006EE907AA6EEE76ACE
:1065800065EE057AA6EEC76A9FED927AE7EE875A26
:106590009FED917A26EE246A67EEA74AA5EEA77AC8
:1065A000DFED8E5AE7EE275A9FED8D7AA5EEA77A9A
:1065B000DFED8C5AE7EE275A35EE267AF0EE087AB0
:1065C00027EE067AA4EEA57AF0EE675AE6EEA65A12
:1065D00075EE875A15EE901A194005EE901A75EE71
:1065E000E77AE6EEE67A77EE677A67EE857AE6EEA8
:1065F000257AB0EE676AA6EEA56A16EE101A194063
:1066000006EE101A7849B0EE467A01EB8601A6EE46
:10661000E57ADFED765A77EEC77A9FED757A67EE09
:10662000877A9FED747AE6EE077A91ED007A77EE3D
:10663000877A07EE102A704AB8EEC77AF0EE676ADA
:1066400002EB860292ED005AE6EE256A76EE856A46
:1066500076EE876A16EE902A134006EE903A36EEF2
:10666000C77A37EE457AA6EE657A77EEC77AFDE609
:1066700001265DE71CD1DFED616A37EE677A70EEC7
:10668000A66AF4EEC76AF1EE10FA3FF716AF86235A
:1066900012E05B4A934202D9DFED5A7A0FE707D145
:1066A00037EE677AB4EEE07AF1EE10FAEFDBF3E75B
:1066B000B3F17C5F76D9DB157E3B4FF40000524A84
:1066C000002940FA03F00844C0F3C753A3F17F0345
:1066D00042FA03F2C3F1170302EA0002C0F3160004
:1066E00040F4000007EE102A40FA03F077EEC77A74
:1066F000B8BF404237EEA07ADFED446A9FED446AAE
:10670000B7EE000A17EE103A23F47F6323F00F036D
:1067100007EE103A77EE677A70EEE70ADFED3D7A22
:1067200067EE277AE0EEA67AF0EE676AE7EE066A91
:10673000F0EE665AE7EE465A9FED376A26EEA67AE5
:1067400077EEE57ADFED355AA7EE256ADFED345AAC
:10675000E6EEA77AE6EE075A9FED326AA5EE876A63
:10676000DFED315AE6EE075AB0EE666AA5EEC76A6B
:10677000B0EE007A66EE865A36EE476A85EE867A85
:1067800077EE677A77EEE67A30EE670A10EE103A27
:1067900003EBC053B3F5000F06DA00F0ADFC20EEBA
:1067A000080AC1E50020A5E700EE103AF7E7B7EECA
:1067B000000AB9E5B0EE680AB6E5B0EE480AB3E5FE
:1067C00071C41C00D6B35D009CA1030000F0FFFF64
:1067D00055326C3E42F1533E05A38B3EABAAAA3E16
:1067E000B76DDB3E9A99193F8CA103000038763FC4
:1067F0004F38763FA0C39D3694A103003CAA38339E
:10680000000016436042A20D000080FF1872313F65
:106810000072313F8CBEBF350EEADDB54CBB313363
:1068200055B38A38610B36BBABAA2A3EF0B510EEE1
:10683000106A874B87B0044626F000459D4205D874
:10684000002380ED000A4360002022E0814B9D423E
:106850003AD826F00043002E9FED7F7A23F00F03F5
:106860007E4A18DD934270EE477A09BF9FED7C7A2D
:10687000DFED7C6A77EEC77ADFED7B6A37EEE67A8A
:1068800077EEC77A80ED007A77EEE67AC0ED017A8E
:10689000012007B0F0BD934270EE077A09BF9FED6B
:1068A000707ADFED706A77EE877ADFED6F6A37EE28
:1068B000A67A77EEC77A80ED007A77EEA67AC0EDF9
:1068C000017A4FF0FF30E4E7684B9D4272D808F040
:1068D00033FFF6EE007A9FED667AE0EE077AFDEE82
:1068E000E77AB8EEE77A17EE900ADFED5B7A1F28B9
:1068F000A7EE670ADFED5B7AB1EE476A67EE277AAB
:1069000070EE676A16EE901A09DC26F00043471E07
:10691000584A23F0FF0352F82720934206D1C1F3CF
:10692000C752EB15C2EBD552082A14DC216094ED56
:10693000007A002E30EE470A30EE670A84ED010A35
:10694000A7DAB1EE477AB1EE400A84ED007A84ED21
:10695000010A40429DE7F0EE406ADFED415AE6EE63
:10696000256A70EE667AE6EE257ADFED3F5AD7EEBD
:10697000257A76EEE75A15EE902AC2F3C7515B1AD4
:10698000192B04DCB0EE660AC4ED005ACFE7B0EE76
:10699000660ADFED395AA6EE250A76EEC07ADFEDFB
:1069A000376AE6EE257AD7EE267A30EE677A84EDFE
:1069B000007ABCE7B5F1FF4F06D370EE407AC0ED28
:1069C000017AC0ED007A3FE7EA15DFED2D6A863ADD
:1069D000A5EBC25307EE903ABDEEE77AB8EEC77A60
:1069E00077EEC77A8DED037A67EEA67ABDEEE77A89
:1069F000B8EEC77A77EEC77A8DED047A67EEA67A9D
:106A0000F5EE407ACDED057AF1EE10FA1ED1B5EE35
:106A1000407AF1EE10FA0CBF01230223194903A8B2
:106A2000019102210091214600F086F8002EBFF668
:106A300030AFD4ED007AF1EE677AC4ED007AD4ED90
:106A4000017AF1EE677AC4ED017A82E70323E5E784
:106A5000D80F493FE3CB1640800FC93FD00FC93F45
:106A6000004435374344353708A3852E800F49430A
:106A700084F9223FA4A1030000A3852E32318D2486
:106A80000000804324A2030010EE103AF0EE406AAA
:106A9000B7EE000A23F00043B3F1485F04D2FDEEE5
:106AA000E67A17EE902A42B326EEA67ADFED1A7A3E
:106AB0009FED1A6A60EEE60A194AA7EE276ADFED33
:106AC000197A9342E6EE077A9FED176AA7EE876A76
:106AD000DFED167AE6EE077A9FED156AA7EE876A74
:106AE000F6EE007A67EE277A26EE076AE7EE060AE8
:106AF00004D877EEE07A30EE670A70470D4A934289
:106B000096BF03F17F43B5EE027A07EE103A30EEFE
:106B1000470A77EEC77AECE74ED747ADF6740F31E8
:106B20009999993E7CF293B4010DD037610BB6BAB6
:106B3000ABAA2A3D0000483F2DE9F04F90469B4606
:106B4000C14B0F4618F1040F2DED048BD9B0669A96
:106B5000DDF89CC153F822A00BF1FF33019025DB37
:106B6000B8F1030248BF08F10402D210551CD41A30
:106B70000AEB03060DF17009E9009FEDB77AA8EB67
:106B8000C50502910CEB840E0021B14210DD1CA959
:106B90000DF58879002601EB8B01564528DCDDF8E0
:106BA00004E00C46DFEDAC7A002018E00022DDE7BF
:106BB000CC4254BF5EF82100F0EE477A01F10101AA
:106BC0005CBF07EE900AF8EEE77AE9EC017ADCE7C1
:106BD000FEEC016A013094ED007AE6EE877A984285
:106BE000A4F10404F4DD01360431E9EC017AD4E7C0
:106BF00008A90CEB82025446DFED968A01EB8A016C
:106C00009FED939A03920491A20044A92046059215
:106C100058AA01EB840102EB840212ED140A08AABF
:106C200016460028A1F104014EDC2846CDE90632C3
:106C300000F062FAB0EE408AB4EE000A28EE000AD4
:106C400008F044FDF2EE007A002DA0EE678ADDE93F
:106C50000632FDEEC87A17EE909AF8EEE77A38EE33
:106C6000678A43DD601E08A9C5F1080C51F8206051
:106C700046FA0CF1894401FA0CF1761A08A941F898
:106C80002060C5F107010E41002E3EDD4FF0000CE3
:106C900009F10109604664456ADC002D05DD012D1E
:106CA00000F08380022D00F08B80022E2DD1B7EEF4
:106CB000000A30EE488A40B32846069300F01CFADA
:106CC000069B38EE408A20E060EE287A0138FDEE1F
:106CD000E77AF8EEE77AA7EEC90ABDEEC00AA6EC9D
:106CE000010A91ED000A37EE800A9AE705D1611E8C
:106CF00008A850F821603612C6E7F6EE007AB4EE26
:106D0000E78AF1EE10FA31DA0026B5EE408AF1EEAC
:106D100010FA40F0A380611E0020514557DA002888
:106D200071D0013C08AB083D53F82430002BF8D05B
:106D3000B7EE000A284600F0DFF9631C44AA9FED75
:106D4000457A990002EB83022346002B80F2B4803F
:106D50002346002BC0F2D28044AADFF8F0C0DFED5A
:106D60003E7A002002EB8305E21ABCE002268DE7A2
:106D700096465EF8041B60B981B10CF1010CC1F5B7
:106D8000807164454EF8041C0DDDDEF8001002F140
:106D9000080EC1F1FF014EF8041C01210CF1010C99
:106DA0007246084677E7012077E7611E08AA52F885
:106DB000212002F07F020DF1200C4CF8212074E715
:106DC000611E08AA52F8212002F03F02F3E708AA48
:106DD00052F82120013910439FE7013251F8040D88
:106DE0000028FAD0059904EB0B000DF1700C661C1D
:106DF00001F5B07122440CEB800069444C39B24279
:106E000004DA144600E704990122E7E7039CDDF861
:106E100004C054F8264007EE904A05940024F8EE8A
:106E2000E77AE0EC017A8646DFED0B7A9C4203DDDF
:106E30000136E1EC017AE2E7FCEC016A01343EED57
:106E4000017AE6EE877AF1E778A503004CA5030006
:106E5000000080430000803B00000000029BB0EE79
:106E6000480AA3EB080000F047F91FED077AB4EEDB
:106E7000C70AF1EE10FA19DB5FED0A7A08AA0835A5
:106E800060EE277AFDEEE77AF8EEE77AA7EEC70A1A
:106E9000FDEEE77ABDEEC00A10EE103A42F824305B
:106EA000013417EE903A42F8243041E7BDEEC00AB3
:106EB00008AA10EE103AF6E708A850F82300013BA4
:106EC00007EE900A0190F8EEE77A67EE807A20EEFE
:106ED000070A62ED017A38E7FCEC016A0130B5EC93
:106EE000017AE6EE877A504501DC8242F4DA58A84E
:106EF000013B00EB820242ED287A2AE7669B022BD7
:106F000009DC002B2BDC44D009F0070059B0BDECA4
:106F1000048BBDE8F08F669B032BF5D130AA0B1FC5
:106F2000204613441A460028A2F1040252DC2246ED
:106F3000012AA3F104035DDC30AB5FED397A0B4429
:106F4000012C67DCDDED306A9DED317A002E67D1D2
:106F5000C7ED006A87ED017AC7ED027AD4E730AB5E
:106F600022461FED437A0B44002A24DA4EB3F1EE99
:106F7000477AC7ED007A31AADDED307A012377EE4A
:106F8000C77A9C4220DA0EB1F1EE677AC7ED017A3A
:106F9000BAE730AB5FED507A0B44002C05DA0EB146
:106FA000F1EE677AC7ED007AAEE733ED017A013C86
:106FB00077EE877AF1E773ED017A013A37EE277AB7
:106FC000D2E7F0EE477AD4E7B2EC017A013377EEFC
:106FD000877AD6E7D2ED007A0138D2ED016A37EE32
:106FE000A67A77EEC77A82ED007A77EEA67AC2EDBE
:106FF000017A98E7D3ED007A013AD3ED016A37EED2
:10700000A67A77EEC77A83ED007A77EEA67AC3ED9B
:10701000017A8DE733ED017A013C77EE877A8FE7CD
:10702000F1EE666AB1EE477AF1EE677AC7ED006A73
:1070300087ED017A90E700BF10EE103A23F000438D
:10704000B3F1485F04D2FDEEC07A17EE903A5BB31D
:1070500020EE007ADFED157A9FED156AA7EE276A1C
:10706000DFED147A60EE076AE6EE077A9FED126AAA
:10707000A7EE876ADFED117AE6EE077A30B99FED69
:10708000106AA7EE276AA6EE260A704767EEE67A30
:10709000B6EE006AE0EE867AD7EE870ADFED097A6F
:1070A000E6EEA70A30EE600A704700BFD3C92E2F64
:1070B000342FD7B21BEF3836010D50B98988083C00
:1070C000ABAA2ABEABAA2A3EF7EE007A0028BFEE92
:1070D000007A9FED050A4FF0220047FE877A87EE7F
:1070E000800A08F0F9BA00BF000000009FED010A15
:1070F000704700BF0000C07F10EE103A33F000422E
:1071000029D0B2F1FF4F02D330EE000A704713F0DE
:10711000FF4F21D1214BDFED227A984220EE270A42
:1071200015DB10EE103AC3F3C752193A1044FE288B
:1071300014DDDFED1C7A10EE103ADFED1B6AB0EEC5
:10714000677A002B67FEA67A27EE870A7047DFED85
:10715000177A27EE800A7047D20DE7E7002806DD90
:1071600023F0FF4343EAC05300EE103A704710F19A
:10717000160F09DADFED0D7A10EE103ADFED0C6A2A
:10718000B0EE677A002BDDE7193023F0FF439FED67
:10719000090A43EAC05307EE903ADAE7B03CFFFF32
:1071A0000000004CCAF24971CAF249F16042A20DD6
:1071B0006042A28D000000337047D0E8AF0F7047E7
:1071C00038B504F05FFC4FF47A74A0FB040547F671
:1071D0001222002304FB0151E2F7E6FD38BD00F066
:1071E0005EBF00F053BFD0E8EF3FC0E8E21F002AC7
:1071F000F9D170470021FFF7F6BFD0E8EF3F013328
:10720000C0E8E23F002AF8D17047836800EBC10173
:10721000B3F5004F2CBF51F8220031F8120070472F
:1072200000EBC1018068B0F5004F2CBF41F822305F
:1072300021F812307047012208B5FFF7E6FFD04071
:1072400008BD836800EBC101B3F5004F08D34B685C
:107250001AB143F001034B60704723F00103FAE7D2
:107260004B881AB143F001034B80704723F00103B0
:10727000FAE753000122FFF7D3BF8368B3F5004F4D
:1072800034BF04230823C91A081AC008704783684A
:10729000481CB3F5004F34BF042308230833A0EB88
:1072A000D300B0FA80F0C0F11F0070472DE9F04123
:1072B000174603220E460446FFF7A7FF86420546FF
:1072C00007F104080AD10122E368BA4023EA020365
:1072D000E360002344F82830BDE8F0813146022203
:1072E0002046FFF792FF06462B4601460322204622
:1072F00044F82850FFF794FF334629462046BDE85E
:10730000F0410222FFF78CBF70B50D468668044637
:10731000FFF791FFB6F5004F014601D3012809D0D0
:107320002046FFF7B4FF294602462046BDE87040DC
:10733000FFF7BCBF70BD2DE9F0470546FFF7A7FF7B
:1073400005EB800ADAF8109088460646B9F1000F7E
:107350001BD00327DAF8104028462146FFF76BFFC1
:10736000404507D3324621462846FFF79FFF204677
:10737000BDE8F087032221462846FFF746FF013F7C
:10738000CAF8100001D08145E4D14FF0FF34EB681A
:107390000136B4401C40EAD094FAA4F2B2FA82F268
:1073A000131D55F82340DEE72DE9F04114460E4643
:1073B0000546FFF740FFA4EB0608371B074442468B
:1073C00031462846FFF755FF3A4621462846FFF743
:1073D00050FF4346002221462846FFF721FF214661
:1073E0002846FFF728FF3B46211800222846BDE823
:1073F000F041FFF715BF2DE9F041164604460F4650
:10740000FFF719FF314605462046FFF714FF0544F4
:107410002A4639462046FFF72CFF31462046FFF723
:107420000AFF2B46311800222046BDE8F041FFF745
:10743000F7BE2DE9F0410D4686680446FFF7FBFED6
:10744000B6F5004F014601D3012832D02046FFF7A0
:107450001EFF04EB80010E6996B90122E3688240A9
:107460001343E36002220D612B4629462046FFF7B5
:10747000D7FE032229462046BDE8F041FFF7D0BEE3
:10748000022231462046FFF7C0FE07460346294642
:107490002046FFF7C5FE0322334629462046FFF764
:1074A000BFFE39462B462046FFF7BAFE0222314680
:1074B000E1E7BDE8F081F8B50C460546FFF7BBFEF5
:1074C0002618012231462846FFF79FFEC3070CD439
:1074D00031462846FFF718FF21462846FFF7ABFE46
:1074E000214622182846FFF786FF0022214628461B
:1074F000FFF78BFE271A012239462846FFF785FE43
:1075000010EA020613D139462846FFF7FDFE214650
:1075100032462846FFF779FE2246211A2846FFF711
:107520006AFF214632462846FFF76FFE241A21469D
:107530002846BDE8F840FFF77CBF38B571B1056853
:1075400000222846FFF799FE044601462846FFF729
:1075500078FE2146BDE83840FFF7ADBF38BD70B5B5
:10756000056809B9002070BDAB6801F00704B3F5E8
:10757000004F2CBF0822042207341444E40804EB13
:10758000D1049C4228BF1C4628462146FFF7D3FE63
:1075900006460028E6D001462846FFF74CFEA042EA
:1075A00009D93444314628462246FFF7FDFE2146DC
:1075B0002846FFF73EFF284601223146FFF741FEED
:1075C000AB68B3F5004F34BF0423082303EBC603B5
:1075D0001844C8E71146FFF7C2BFB2F5802F2CBF91
:1075E000082304232DE9F0410026D21A8C18CD1D62
:1075F00025F0070524F00704641BE4080560214614
:107600002846AC60EE60FFF742FE421D920001305A
:1076100002F107074FEAD7073146A2F1100205F140
:107620001000B8BF324607F0D6F93A463146284630
:10763000FFF71FFE3346324631462846FFF7F0FD7E
:10764000A4EB0708284631460122FFF7FAFD42461F
:107650003946FFF70EFE3B46324639462846FFF7CD
:10766000DFFD21462846FFF704FE43463246214609
:107670002846FFF7D5FD214628460122FFF7E1FD08
:107680003946BDE8F041FFF7D4BE2DE9F047064684
:107690000D46174698462BB34FF0000A98F8004065
:1076A00093F80190DB78A40004EB430498F80230CF
:1076B0001C444444CA4509D339463046AC46D8F840
:1076C000042008F10803BDE8F047604714F8013BC7
:1076D0000AF1010A204648F82340E2F77FFB013017
:1076E0000444E7E76FF01500BDE8F08770B50025AA
:1076F00002462846144614F8013B0BB9184609E027
:1077000098B18D4207D1702B04D0A3F140023A2AE0
:107710000BD8002070BDA3F140063A2E05D853784F
:107720000135941C002BE9D00020252B224608BFF0
:1077300080F00100DEE70020704730B50C688B68F0
:1077400014B14A689A4202DC01338B6030BD013AC1
:107750009A4214BF05460025E5548B68F4E700F013
:1077600012BC0FB407B504A951F8040B019100F045
:107770000AFC03B05DF804EB04B070470CB407B525
:1077800004AB53F8042B0193EAF772FA03B05DF8E7
:1077900004EB02B07047044608B5084611461A4685
:1077A000A047F8F72FFBEBF7ADFED0E9002130B58D
:1077B0004FF03333A2FB0324D51843EB0405A1FBA0
:1077C0000313521844EB0304521944F100028918C0
:1077D00043F10003C0E9001330BD10B50A68034649
:1077E000002A0FDD013A0A6044680A201A68A2FBE9
:1077F000001200FB0422100F22F07042C3E90012B5
:10780000303010BD3020FCE72DE9F04107468846B6
:1078100015461E461446B44205D30EB1601B08E05F
:107820002378002BFAD0414614F8010BB847002802
:10783000F1DABDE8F0810FB407B504A951F8040BE3
:107840000191FFF78CFF03B05DF804EB04B07047C3
:1078500010B50369024613F0080009D11368D46813
:107860009C429BBF0120126AE31AD31A0B6010BD21
:1078700000231846FAE713B501A90446FFF7E8FF0D
:1078800020B1019BE268013B13440193206A019BF4
:10789000C01A013802B010BD10B504465018226954
:1078A000236AD20702D5013B184010BD984228BF79
:1078B000C01AFAE710B504460A46C168FFF7ECFFA4
:1078C0002369E06023F00803236110BD38B50D463D
:1078D000C2698B00016843F00203044642F821307C
:1078E00001682A46FFF7D8FFE3686168984208BF3D
:1078F0002369206008BF43F008032A46204608BFDA
:107900002361FFF7C9FF606038BD2DE9F74FC768F5
:10791000C6699B4606EB8703009316F8273004469A
:1079200003F00303022B884691464FF000030BD06F
:107930001360CBF8003023699B0713D44FF0000A83
:10794000504603B0BDE8F08F56F827101360890841
:10795000CBF80030EFD0FFF7ADFFE368A3604FF046
:10796000010AEDE7A3690098984716F82720054615
:1079700012F0010AE2D012F002021FD0B8F1000F9B
:1079800003D041462046FFF7A1FF61682A46204602
:10799000FFF782FFD4E902219142606006D12A46B6
:1079A0002046FFF779FF4FF0000AA060A26822602E
:1079B000E260226942F008022261C1E701462046E6
:1079C0000192FFF777FFE368A360B8F1000F04D0DE
:1079D0002168E369019A43F8212005EB0802CBF8FE
:1079E000002021682046FFF757FF2369206043F0FD
:1079F0000803236116F827306FF3000306F82730D9
:107A0000009BC9F80030AAE770B504461546FFF799
:107A100043FF2368834205D12369216023F00803D3
:107A2000236170BDE269AB0043F0020342F82130EC
:107A300061682A462046FFF72FFF6060F1E738B5FE
:107A4000036904465B0706D5456AFFF714FF8542C4
:107A50002CBF6562606238BD38B50D4604461C22F5
:107A6000002106F0B8FF0022EB68A361AB686361F8
:107A70002B68E3616B68626223622A6923B1591E35
:107A8000194208BF42F001022261012204F12800DC
:107A90000021BDE8384003F057BD2DE9F04F002527
:107AA00087B00093036A04468B420E469246A9466D
:107AB0000395059539D3EFF3118B402383F3128897
:107AC000BFF36F8F059AD8462AB129462046FFF7A3
:107AD0009BFF0023059304A92046FFF7B9FE0499F4
:107AE0000746B1422AD32268E369204613F82210E0
:107AF00003EB820921F0030103F8221021683246CA
:107B0000FFF7CAFEE3682060984212D0002788F38E
:107B10001188BFF36F8F039929B162690AB12046BA
:107B2000904700230393002FC5D1484607B0BDE816
:107B3000F08F236943F008032361E7E718B120467B
:107B4000FFF7C4FEE3E7009B5AEA03021CD0019151
:107B500003F028FE0199B8B9BBF1000F14D187F3E7
:107B60001188BFF36F8F5246009B04F12800F7F78E
:107B7000A7FBEFF31188402383F31288BFF36F8FC5
:107B8000B0FA80F77F09C2E7204605AB03AA256853
:107B9000FFF7BBFE0746BAE770B50446836908469F
:107BA0000D4698470246EFF31186402383F312886F
:107BB000BFF36F8F2B78204643F001032B70616871
:107BC000FFF76AFE60602046FFF739FF86F31188F1
:107BD000BFF36F8F70BD2DE9F041044640270020B0
:107BE000EFF3118687F31288BFF36F8F236913F0C9
:107BF000080FA36802D16268934200D9226AD21AA0
:107C0000E1695AB986F31188BFF36F8F18B104F197
:107C10002800F7F71BFB4FF0000834E011F8232091
:107C200001EB830812F00305ECD0022D03D151F8CB
:107C30002350AD0805D1D00713D44046A369984717
:107C40000546A1682A462046FFF726FE2946A06081
:107C50002046FFF72FFE86F31188BFF36F8F0120B8
:107C6000BEE742F0020201F82320A3694046A5685E
:107C70009847294602462046FFF70EFEA06086F38D
:107C80001188BFF36F8F4046BDE8F081F8B5044618
:107C9000836908460D4698470646EFF3118740234F
:107CA00083F31288BFF36F8F2B786FF300032B7071
:107CB00023699B0705D5E268E36903EB82039D42D4
:107CC0001AD12B786FF341032B70D4E9023199421A
:107CD00004D132462046FFF7DFFDA0603146204642
:107CE000FFF7E8FD87F31188BFF36F8F04F12800D9
:107CF000BDE8F840F7F7AABA2B6860F39F032B6042
:107D0000F0E7EFF31181402383F31288BFF36F8F05
:107D1000036913F0080F836802D14268934200D9C7
:107D2000026AD31A81F31188BFF36F8F181E18BF30
:107D300001207047038B13F0070305D10368002B64
:107D40000CBF002003207047022B05D1408BB0FAF6
:107D500080F0400980007047012B05D10368002B9B
:107D60000CBF0020052070470020704710B50C465E
:107D700000B111B96FF0150010BD081D00F0B8F882
:107D80000028F9D1A368032BF6D9F3E72DE9F041D8
:107D90000D4607461946281D90461E4600F0BCF8C1
:107DA000044638B13346424629463846A446BDE823
:107DB000F0416047BDE8F08110B4EFF31182402438
:107DC00084F31288BFF36F8F41615DF8044B01218A
:107DD000E9F7C8BF38B50C46054658B151B10B6834
:107DE00043B14B6833B11C22002106F0F4FD0020A2
:107DF0002C6138BD6FF01500FBE770B505460E46E7
:107E0000FFF7B4FF041E14DBEFF31182402383F36A
:107E10001288BFF36F8F4FF6FF716B8B2C8B8B42E9
:107E200004F0070407D182F31188BFF36F8F6FF05E
:107E30000A04204670BD022C0CD101336B8382F3FF
:107E40001188BFF36F8F0023224631462846FFF783
:107E50009DFFEEE7062C14D8DFE804F0041313139B
:107E6000041A0400002333606B683BB9C5E900665F
:107E7000ACB902212846E9F775FFDAE71E606E60AB
:107E8000F6E782F31188BFF36F8F6FF00404D0E739
:107E900082F31188BFF36F8F6FF08504C9E782F317
:107EA0001188BFF36F8FC4E710B5EFF31182402341
:107EB00083F31288BFF36F8F048B04F00704022C46
:107EC0000AD0012C0CBF6FF004006FF0850082F324
:107ED0001188BFF36F8F08E0438B013B9BB2438354
:107EE00023B92146E9F73EFF204610BD2046EEE7C4
:107EF000034640B1426802F00302022A06D0032A78
:107F000004D0012A05D06FF0150070471A68002AC6
:107F1000F9D000209860704710B54268034602F01F
:107F20000302022A4FF00004816007D0032A02D026
:107F30005C60002001E018685C6010BD18685C603F
:107F40000028F6D0F8F7A4FAF3E7704703785B0748
:107F50005FBF03684288C3F34A2303EB12105DBF7F
:107F6000173020F00700800800207047002070477D
:107F700002F061BD0346D3E8EF0F421CC3E8E12FD6
:107F80000029F8D170471FB50023CDE902011A4638
:107F900019461846CDE90033EAF70CFB05B05DF849
:107FA00004FB0120EAF7C2B8002070474368DA7189
:107FB00001224368196043685A71EAF7A9B870B59D
:107FC00015460C4669B1D2E901369B1B99420AD885
:107FD00013680A460146981906F0D6FCAB6823449C
:107FE000AB60204670BD6FF01B00FBE770B50E461E
:107FF00015461946044618B9BDE87040EAF796B828
:1080000033B1C2F34A231030120D184406F0BCFC01
:10801000C4E900562046BDE87040EAF727BA2DE9CA
:10802000F3415F1C4FEA8708064608F1170020F06D
:10803000070080080C461546EAF7F4F800238DF88F
:108040000470ADF805308DF8073068B10346019A29
:10805000A8F1040143F8102F2A46294452F8045B82
:108060008A4243F8045FF9D100233146A20102F4A9
:10807000E07242EA482222F07F4222F4700222F0AB
:108080003F0202B0BDE8F041FFF7B0BF07B50123E2
:10809000019201AAFFF7C3FF03B05DF804FB07B527
:1080A000CDE9002302236A46FFF7B9FF03B05DF86C
:1080B00004FB1FB5CDE90123069B01AA039303230B
:1080C000FFF7ADFF05B05DF804FBF8B506460D46B9
:1080D00014461F4604B9F8BD214628463A46B04723
:1080E000241A0544F6E710B542680446D2E9002395
:1080F00081680068FFF7E9FF002263681A6010BD1D
:1081000013B500240094E5F76FFB02B010BD38B53D
:108110004B6805461A68CB680C469A4202D108465D
:10812000FFF7E1FF6368D3E8EF2F511CC3E8E01FBE
:108130000028F8D1A36800209D5438BD0A2838B51E
:1081400004460D4602D10D20FFF7E1FF29462046E7
:10815000FFF7DDFF002038BD2DE9F043054687B06D
:1081600008460E8891F800900C46D1F80880174612
:10817000EAF770FA011EC6F38216C9F3C2091EDBC4
:108180004846EAF785F90346214651F8102B6088E6
:10819000C2F34A22002A01EB020408BF0021002298
:1081A000C0F30B10CDE90407CDE90214284641467F
:1081B00001960092EAF77AFA07B0BDE8F08300234F
:1081C000E2E7436800201B685B6899617047436879
:1081D0001B681A6852685360704701212DE9F0410D
:1081E00043681B685A6811771D682F68D5E9013606
:1081F000D3E900481CB96B681C60BDE8F0812146DA
:1082000030464246B847241A0644F3E743681B68E1
:108210001868EAF7B9BB70B543680C461D686B680F
:108220009869E9F75FFF214603460F222868BDE8F9
:10823000704018470023182230B5083090F83440B9
:10824000D9B28C4202D84FF0FF3005E003FB022583
:10825000455D591C0DB158B230BD0B46F0E72DE914
:10826000F0410B460446002790F87650B0F8722093
:10827000D0F8408015FB02F5ADB2B4F87410BAB274
:10828000914213D8BDE8F0812A464146184606F0CF
:108290007BFB0346B4F87E202B4490440136B4F8AF
:1082A0007010B2B29142EFD80137E6E70026F6E748
:1082B0007FB505460C461646016DC26D01A806F055
:1082C00003FEEAF7E1FCB8B121462846EAF7B6FB1F
:1082D000041E04DAEAF7FAFC204604B070BD00225E
:1082E000022101A807F0DFF80446002EF2D0314643
:1082F0002846FFF7B4FFEDE76FF0CA04ECE770B56E
:1083000004460025B4F86C20ABB29A4201D8002094
:108310000BE0A66EABB2180106EB03131A7B012A21
:1083200004D0022A09D04FF0FF3070BD3058D3E995
:10833000012106F050FB0135E4E75B68325823F079
:10834000010313449A42F6D0A16E0144896822F8D1
:10835000021BF7E707F072B870B50C46054606F049
:1083600064FEEAF76BFC28462346BDE87040002116
:10837000184770B50C460546EAF744FC06F044FE83
:1083800028462346BDE8704000211847FDF7A8B8ED
:108390000FB407B504A951F8040B0191FFF7DFF9F9
:1083A00003B05DF804EB04B07047EFF31180402395
:1083B00083F31288BFF36F8F704780F31188BFF388
:1083C0006F8F704706F007BB06F0DEBA0146006803
:1083D000EAF75EBD08B5EAF7EBFDBDE80840EAF74D
:1083E000EBBD0A460121FFF751BE00210120EAF74B
:1083F0004FBDD0F8AC3083F30B887047EBF786B9EC
:1084000061B662B680F31188BFF36F8F704772B6A2
:10841000002383F31188BFF36F8FBFF34F8F30BFFB
:1084200062B6BFF36F8F704772B6002383F3118873
:10843000BFF36F8FBFF34F8F20BF80F31188BFF35F
:108440006F8F62B6704740E800F313F4803FD8B2F4
:1084500008BF6FF01500704730B50C684B6885B0E9
:108460000A894D890094013B24F01F04234402F043
:108470001F0242EA451223F01F0369468DF80820C7
:108480000393EBF7EBF905B030BD002070474FF0D8
:10849000FF3070470020704708461146EBF7DEBBFF
:1084A00008461146EBF7EEBB4FF0FF307047002057
:1084B00070470228CCBF0020012070474FF40053C2
:1084C00000204B60704710B504461420FCF71EFADC
:1084D0002060BDE8104002F081BF4FF0FF324FF046
:1084E000FF33F6F7B9BDF6F72FBEF6F7EBBA7047D4
:1084F000002303824369C3607047416A8968EBF7D0
:1085000049BCEFF31182402383F31288BFF36F8FCE
:1085100000230B60436833B9C0E9001182F311886E
:10852000BFF36F8F704719604160F7E7034610B5DE
:10853000EFF31181402282F31288BFF36F8F00683E
:1085400028B15C680268A0421A6008BF5A6081F3D3
:108550001188BFF36F8F10BD027A0132027270472B
:10856000034618465B68002BFBD17047426810B584
:108570002AB10B461C465B68002BFBD16260416050
:1085800010BD10B5044620B908460B7A01330B72B2
:1085900010BD034618465B68002BFBD1FFF7E6FFD2
:1085A0002046F5E783680B440360704703680B605F
:1085B00043684B6083688B60704783880268194406
:1085C0008180D018704730B484880568A3188380F0
:1085D000281930BC06F0D8B910B5838802685C1C35
:1085E0008480D154D01810BD034600689A88401A80
:1085F00011441860998070470268531E0360838895
:108600000133838002F8011C704703468288521AA6
:1086100082800068084418607047034600689A88A2
:10862000521A01449A801960704710B503680121FD
:108630001C78FFF7EAFF204610BD10B50368022141
:108640001C88FFF7E2FF204610BD02688068101A00
:1086500070478388C2888168D21A03685B1AD01A6F
:10866000704700230A46194682B0009302B0EBF728
:10867000D9BC0123EBF7D6BC30B5054614460A88B1
:1086800085B08B78ADF8002000210D220DF103009C
:108690008DF8023006F09FF96A466946284602F0D6
:1086A00081FA28B9BDF800209DF802302280A3701D
:1086B00005B030BD13B50C4601AA0331FFF7DCFF4E
:1086C00048B90322204601A906F04EF9B0FA80F01D
:1086D000400902B010BD0020FBE710B50C46017840
:1086E00022788AB08A420FD06946EBF7E1FD204636
:1086F00005A9EBF7DDFD10220DF115010DF10100CB
:1087000006F032F90AB010BD012A06D0022A07D0BD
:1087100072B940886388C01AF4E740686368FAE772
:108720001022611C01300AB0BDE8104006F01CB9EF
:108730006FF01500E6E7042A0AD0102A0DD0022AAD
:108740004FF0000315D103700B8843800120704760
:10875000012303700B684360F8E7022300F8013B34
:1087600001F1100351F8042B994240F8042BF9D180
:10877000ECE718467047012310B50621044600F8BF
:10878000013BF5F77BFA18B9A37963F03F03A371B6
:1087900010BD0B6803608B8883808B7983710378AD
:1087A00023F00203037070470078C0F34000704765
:1087B00038B50446807AEBF7C3FA6169054649B1DA
:1087C000637ADB0704D4436A20461B689B6898479A
:1087D0000023636121462846BDE8384002F0A6BE6A
:1087E0002DE9F04101F10C080C46054600F10C01A1
:1087F000404617461E46FFF7D9FE4046FFF725FFC5
:10880000012310FA87F068826B72394640462F8246
:10881000FFF7FBFEE368284673600023628AE3608B
:10882000728163823460BDE8F08138B50C46D1E9CD
:1088300000320546DA600B684A895A820868EBF70D
:1088400027FB20461022002106F0C5F82846BDE887
:108850003840FFF7ADBF438A23B9C068B0FA80F053
:108860004009704700207047D0F8A43083B15A7C8B
:10887000D1070DD5D2060DD51B7C102B14BF0323B9
:1088800004234372807A98428CBF002001207047F5
:108890000223F6E70323F4E70F2807D80D280BD8A7
:1088A000052808BF032018BF02207047132803D0F3
:1088B0001A2808BF0120F6E701207047FFF7E6BB42
:1088C000FFF7EDBB034610B5D3E8EF0F40EA010216
:1088D000C3E8E42F002CF7D110BD0023E9F7E6BD73
:1088E000D0E8EF3F0B40C0E8E23F002AF8D17047E4
:1088F00010B5EDF70BFD04466FF480711030FFF7F3
:10890000EFFF2046BDE8104000F02FBAC368DB78C7
:10891000012B01D1FFF7ECBF7047C0F30723537061
:1089200000231070000ED070C1F30720090E937061
:10893000137150719371D1717047C368DB78012B4B
:1089400001D1FFF7D5BF704738B504460D46EBF7A8
:1089500001FF5F3005D129462046BDE83840EBF7DE
:1089600031BE38BD0020704710B50388428893425D
:1089700019D8052B17D9B2F5486F14D88388B3F5E9
:10898000FA7F10D240F67644C088A0F10A0189B27D
:10899000A14208D801339BB25343B3EB800F34BFDD
:1089A0000120002010BD0020FCE70020704708B522
:1089B000F2F786FD18B1408A003818BF012008BDC3
:1089C00070B506460D464FF0FF304FF0FF31ECF723
:1089D000F3F9044668B103210C30FFF7EEFD068081
:1089E00085702146BDE87040002240F20640ECF759
:1089F000DBBB6FF0680070BDC368187808B1ECF796
:108A00007BB91846ECF7B6BC38B54FF0FF310546D8
:108A10004FF0FF30ECF7D0F9044668B102210C307A
:108A2000FFF7CBFD2B88214603800022BDE83840AC
:108A300042F21600ECF7B8BB6FF0680038BDF8B52D
:108A400007460E464FF0FF304FF0FF311546ECF76A
:108A5000B3F9044678B106210C30FFF7AEFD3B8830
:108A60004680038085802146BDE8F840002242F21E
:108A70002200ECF799BB6FF06800F8BD70B50646B0
:108A80000D464FF0FF304FF0FF31ECF795F90446FB
:108A900018B9BDE87040EBF78BBD03210C30FFF730
:108AA0008CFD068085702146BDE8704042F22100B1
:108AB000ECF72CBB072208B505F056FFB0FA80F0A2
:108AC000400908BDFFF7E2BA0B6803608B8883801A
:108AD0008B7983717047D0E8AF0F7047F8B50F46B8
:108AE000144638BB4FF0FF304FF0FF31ECF764F91C
:108AF000054610B327210C30FFF75FFD22460646DE
:108B00003946FFF7E1FFC31D04F1100152F8040BD1
:108B10008A4243F8040BF9D11022002106F1170014
:108B200005F059FF2946BDE8F840002242F227002F
:108B3000ECF73ABB6FF01500F8BD6FF06800FBE78B
:108B4000037A02465B0705D501462E3211F8010B68
:108B5000FFF7C4BF704738B54FF0FF3105464FF0FF
:108B6000FF30ECF729F9044658B129460C30FFF7DD
:108B700033FD2146BDE83840002242F22D00ECF7DB
:108B800013BB6FF0680038BD10B400F11003D3E8D8
:108B9000EF2F22F40051C3E8E41F002CF7D1930417
:108BA00004D501215DF8044B00F0DDB85DF8044BFD
:108BB000704770B5044686B00E4601300131FFF7AC
:108BC00079FF2E34162200210546684605F003FF82
:108BD00010226946204605F0C7FE40B1102220460B
:108BE00006F12E0105F0C0FE002808BF0125284629
:108BF00006B070BD38B54B6805460C4673B90B7AA4
:108C000013B9037A5B0709D520682A7803789A425A
:108C100004D02946FFF7CDFF00B1656038BD00F1F3
:108C2000100208B503461046FFF755FFC1050DD5E4
:108C3000D2E8EF0F40F40050C2E8E10F0029F7D16D
:108C40001846BDE80840002100F08DB808BD10B5F9
:108C50000C4630B919B1F2F7F3FB00B1441C2046C1
:108C600010BD0024FBE718B111B10846ECF7CEBEE9
:108C70006FF01500704713B5044680B106216846B1
:108C8000F4F7FCFF48B99DF80530694603F03F034F
:108C900020468DF80530FFF7E6FF02B010BD6FF0FB
:108CA0001500FAE7003818BF01207047037AD9078A
:108CB00004D523F001030372EDF732B8990704D508
:108CC00023F002030372EDF747B87047034610F430
:108CD000004F0CBF07200620DA0348BF00F0050054
:108CE0009B0348BF00F0FB007047D0E8AF0F704710
:108CF000012303FA01F13AB1D0E8EF3F0B43C0E89A
:108D0000E23F002AF8D17047C943D0E8EF3F0B405B
:108D1000C0E8E23F002AF8D1704770B506460D461C
:108D20004FF0FF304FF0FF3186B0ECF745F80446C6
:108D3000B0B10C3095B10121FFF74EFC204606F191
:108D4000100203A908230095ECF724F8002221461D
:108D500042F20A00ECF728FA06B070BD2946EBE7AC
:108D60006FF06800F8E7FFF7D8BF183002F0CABC10
:108D70000368D90444BF43F48063036003689A0422
:108D800044BF43F400630360704701F120030138DE
:108D900013F8012D8B4200F8012FF9D17047002301
:108DA0000B60436813B9C0E9001170471960416056
:108DB0007047D0F8B400003818BF0120704708464B
:108DC000896918301160426800211A6010F80D2C72
:108DD00005F001BEFFF763B9034610B5D3E8EF0F06
:108DE00040EA0102C3E8E42F002CF7D110BD437B19
:108DF000072B01D1EDF750BE70472438EDF7CABEFE
:108E0000002203680BB9184670478B4210D10B68DB
:108E100042B942680360914200D1436000230120BF
:108E20000B60704713604368994208BF4260F5E7E2
:108E30001A461B68E6E710B50446006918B1EBF75F
:108E400027F80023236110BD10B500F1C802D2E855
:108E5000AF3F5BB1591CD2E8EF4F9C4204D1C2E84E
:108E6000EC1FBCF1000FF6D1F1D110BD1846FCE7A4
:108E700010B5437B0446023B062B16D8DFE803F00F
:108E800009041515150B0900017300212046EDF7A3
:108E9000C1FF002010BD0088FFF792FD0028F9D126
:108EA000637B072BF5D10821F0E76FF07F00F1E736
:108EB00010B50446D0F8A40028B9207A04F1700156
:108EC000F2F7FEFA38B1E278438A2AB913F0210F9B
:108ED00014BF0120002010BD13F0240FF8E738B5AF
:108EE00083780446012B25D1437B072B25D10B0624
:108EF00001F07F050BD54FF400410430FFF76CFF04
:108F00002046A572F1F780FD88B9002038BD437A6C
:108F1000AB42FAD2837AAB42F7D2031DD3E8EF1FFC
:108F200021F40041C3E8E21F002AE9D0F6E7637AA2
:108F3000A372EBE76FF01500E8E76FF07F00E5E75D
:108F40008378012B0CBF407A0020704738B5037A34
:108F500004468B42154615D100F1700107222846C0
:108F600005F002FD80B1E378072243B904F17E01E8
:108F7000284605F0F9FCB0FA80F0400938BD04F14C
:108F80007701F5E70020F9E70120F7E78378012B67
:108F90000CBF703000207047F8B507460D464FF003
:108FA000FF304FF0FF31EBF707FF0646D0B10E213F
:108FB0000C30FFF702FB04460E22002105F00BFDEA
:108FC0003B88314623802B88002263806B8842F2E5
:108FD0001300A380AB88E380EB882381BDE8F840D1
:108FE000ECF7E2B86FF06800F8BD704710B50446C2
:108FF000F6F714FE234653F8482BD2F8B41061B9A3
:10900000A164D2F8B81061B9C2E92D33F6F71AFE9F
:109010002068BDE81040EDF7D9BE8B42F6D0096854
:10902000EDE70B60C2F8B830F0E703682BB1416898
:109030001A688B42026008BF4260704770472DE992
:10904000F843446B002C55D054F8085905B1083D3D
:10905000002701E02C461D46D4E900682EB3F6F740
:10906000DDFD0022D6F8B43004F1480163B1994225
:1090700032D1A36C42BBD6F8B820C6F8B4309142C6
:1090800001D1C6F8B830A764F6F7DCFD04F1300969
:10909000002200234846F6F7A7F80646F8B9D8F8A4
:1090A00004300BB1204698472760E3680BB1204697
:1090B0009847D8F820300BB120469847D5B1AB6817
:1090C000002BC7D0083BC5E71360D6F8B8309942EB
:1090D00008BFC6F8B820D6E71A461B68C6E7B369CA
:1090E00023B16FF06D02F169206898473046EAF7C6
:1090F000CFFECDE7BDE8F88338B5436B0D46BBB175
:10910000184650F8084904B1083C53F8043C9B68E1
:109110000BB1294698475CB12046A468436824B146
:109120009B68083C002BF4D1F6E79B68002BF0D13C
:1091300038BDF8B50F4600210546164600234FF20C
:1091400024420846EEF7D0FB044620B92846BDE885
:10915000F840EEF795BB04210C30FFF72EFA0570AE
:10916000477046802046F8BD406B28B1838B083895
:109170008B4201D08068F8E7704710B54AB989B2D0
:10918000FFF7F2FF28B143689B6913B1BDE81040B7
:10919000184710BD38B50D460521FFF7E5FF002340
:1091A00029461A46EEF7BEFB044610B12846EAF7F8
:1091B0006FFE204638BD406B28B1838908388B424A
:1091C00001D08068F8E7704770470346006828B10F
:1091D0005968026888421A6008BF5A60704703469F
:1091E000002003B970471A8A5B681044F9E710B58C
:1091F000D4680231237813B92170012010BD8B424D
:10920000FBD0038A023B038200201061F6E7FEF7E1
:109210003DBF2DE9F04104468868FFF7E0FF638D0C
:10922000628B0D46934228BF134683421DD300270D
:10923000A165D1F808808F60F6F7F0FC4146204622
:10924000EEF764FD064638B1C5F80880A765F6F765
:10925000F9FC3046BDE8F081618D638B2846994268
:1092600028BF194600F06DFEF1E76FF07906F0E7D0
:1092700073B51446014605464FF49572206800F018
:10928000B2FD207530B92946206800F05DFE20B996
:1092900008232375002002B070BD237AB3B1A3F177
:1092A0001802534253419B000193638A294600935D
:1092B000AE68238AE2682068B047002808DB238A6A
:1092C00098420CD1002301202375E4E70223EBE749
:1092D00010F1FF0F03D34042C0B22075DAE70E2031
:1092E000FBE71FB5CDE9012300231A460093F0F7F1
:1092F000F5F805B05DF804FB38B504460D46EEF709
:1093000005FD30B1294604F15C00BDE8384002F0AB
:1093100002B938BDF8B5936805460F46144616687D
:1093200063B9506801210C30FFF747F9A0602B6842
:109330001B78002B14BF022301230370A3681B7842
:10934000012B03D0022B1FD000201CE02B681B78C0
:10935000002BF9D1606804210C30FFF72EF9E06092
:1093600007802A68E36852885A806168728D738B1F
:10937000088A9A4294BFC0EB0200C0EB03000428A5
:1093800094BF00200120F8BD2B681B78022BDBD195
:10939000606812210C30FFF710F9E06007802B683D
:1093A000E268591C0232113351F8040B994242F819
:1093B000040BF9D16168728D738B088A9A4294BF4D
:1093C000C0EB0200C0EB03001228D9E770B40568B7
:1093D0006A6A52B3136803B1A83BA2F1A804002241
:1093E000114600E0A83B844207D0668D648BB142F1
:1093F00038BF3146A24238BF22461C462BB1D3F8B3
:10940000A830002BEED18442EFD1438D408B8B42AC
:1094100001D890420BD9824238BF0246994228684F
:1094200038BF194670BCF0F7F1BC1146EDE770BCCF
:109430007047D0680431037813B901700120704778
:109440008B42FBD0002091680B8A043B0B82106199
:10945000704770B504460E46002200230846F5F713
:10946000C3FE054658B101462046EEF74FFC0446C0
:1094700018B12946304602F059F8204670BD6FF009
:109480000104FAE72DE9F04F044685B010469046F6
:109490009946FFF7A4FE638B628D8B46934228BFEB
:1094A0001346834240F29380636840460393FFF77C
:1094B00057F84FF0000A06464046FFF790FE628BD1
:1094C000638D06F10C079A4294BFC0EB0205C0EB16
:1094D00003053846FFF7BDF8854217D24046FFF72F
:1094E0007EFE628B638D9A4294BFC0EB0205C0EB97
:1094F00003058DBB98F80A00EAF722FC002200233E
:10950000FEF7FBFF064630B9574636E03846FFF710
:10951000A0F80546EDE701464046FFF732F8404621
:10952000FFF75DFE628D638B06F10C079A4294BFD4
:10953000C0EB0205C0EB03053846FFF78AF8854209
:109540001FD24046FFF74BFE628D638B9A4294BF59
:10955000C0EB0205C0EB0305F168328ACDF800903C
:10956000DBF804700A4403985946ABB2B847071EAB
:109570000CDABAF1000F18BF5746384605B0BDE8FF
:10958000F08F3846FFF765F80546E5E70E9BB3B95F
:10959000394606F10C00FFF710F84046FFF71FFEB2
:1095A000638D628BB944934228BF13468342BA4409
:1095B0001FFA89F9A8D9AF423FF47EAFA4E7394634
:1095C00030460F9A0E9B98470028E1D19CE7002770
:1095D000D3E70022036803B970478B420FD10B68B1
:1095E0003AB942680360914200D1436000230B60A6
:1095F000704713604368994208BF4260F6E71A4615
:109600001B68E8E7D0E8EF3F43F00802C0E8E12F2D
:109610000029F7D1C3F3C00070472DE9F041064699
:1096200090461F460D46B9B104220121EEF7D4FC45
:10963000044618B9BDE8F041EEF710BC04210C3027
:10964000FEF7BBFF0570A0F80180C77021463046C9
:10965000BDE8F041FFF750BEBDE8F08137B50C46DC
:10966000054601F10C00FEF7E8FF228A034601924D
:10967000E2681221009228461322EEF7FFFC03B0A5
:1096800030BD37B50C46054601F10C00FEF7D5FF9D
:10969000228A03460192E26828460092002211467F
:1096A000EEF7ECFC03B030BD00232DE9F341176861
:1096B0001446D7F8048001461373064695224046A7
:1096C00000F091FB0546207330B93146404600F06A
:1096D00039FC28B908232373002002B0BDE8F081CB
:1096E000CDE9005531463846A388A268FFF7CAFE87
:1096F000002807DA10F1FF0F32BF0E204042C0B23F
:109700002073E9E70120E8E700232DE9F34117681A
:109710001446D7F804800146137306469522404646
:1097200000F061FB0546207330B93146404600F039
:1097300009FC28B908232373002002B0BDE8F0819A
:10974000A068798D7A8B038A914294BFC3EB0103A1
:10975000C3EB0203012BEFDD02210C30FEF72DFFDE
:10976000CDE900558046A38831463846A268FFF708
:1097700089FE031E06DA13F1FF0F2ABF5B420E2398
:10978000DBB2D8E70120A8F80030D6E707B5CA68F1
:109790000C211388528800920D22EEF78DFF03B042
:1097A0005DF804FB07B50022CB680A211B880092F4
:1097B0000B22EEF781FF03B05DF804FBF8B5CB6830
:1097C00005461F88BBB2162B19D90321EEF730FED0
:1097D0000646B0B102210C30FEF7EFFE00246FF018
:1097E00008033146037044702846FFF785FDF723D0
:1097F00028466B836F85FFF7E9FD2046F8BD0420FE
:10980000FCE70E20FAE7F8B5054650F8044C071FB0
:1098100000F15003D3E8EF1F21F00401C3E8E21F79
:10982000002AF7D1FCB16B6D83B9636873B1201D59
:10983000FFF7CBFC064601463846FFF7EAFC90B13D
:1098400063683360A368666003B9A660384605F1B3
:109850005801FFF7FEFD30B1384604F10C01BDE8B8
:10986000F840FFF7F6BDF8BD2DE9F041446A074620
:1098700034B354F8A86906B1A83E002307F10408E0
:109880001D4601E034461646A26D92B905B983B96A
:109890004046FFF79AFC054650B101462046FFF7C7
:1098A000B8FC68B17B682B60BB687D6003B9BD60A4
:1098B00023462EB1D6F8A820002AE3D0A83AE1E743
:1098C000BDE8F08138B50546D1E8AF3FDB0716D5D6
:1098D00050F8040C98B16B6D8BB90430FFF775FC30
:1098E000044660B10146281FFFF793FC38B155F8D4
:1098F000043C5A6822609A685C6002B99C6038BD7A
:10990000EFF780BD08B5EFF7CBF808B3426A02B3B2
:10991000136803B1A83B32F88E0C32F87E2C9042CB
:1099200028BF104643B913E0934228BF134698421C
:1099300038BF1846A1F1A803D3F8A8105A8B5B8D45
:109940000029F1D19A4228BF1A46904238BF1046EA
:1099500008BD1046FCE70A8A0023C968EFF702BA7F
:1099600070B50E46EFF79CF8044628B93046EAF782
:109970008FFA6FF07F0070BD00F10C05284631466C
:1099800001F0C9FD606A38B150F8A84904B1A83C9B
:109990002946FFF75EFD20B90020ECE71C466FF07A
:1099A0000100002CF8D0D4F8A83023B90230F5D04B
:1099B00020461C46ECE7A83BF8E738B505460C46C0
:1099C000F6F72CF92846EFF76BF820B9F6F73AF9D5
:1099D0006FF07F0038BD0023236083683BB9C0E986
:1099E0000144FFF741FFF6F72DF90020F2E71C6074
:1099F0008460F6E70120704708B5EFF751F878B1B9
:109A0000436A6BB1A83B03F15402D2E8EF0F20F098
:109A10000800C2E8E10F0029F7D1D3F8A830F0E739
:109A200008BD08B50421FFF7C6FB20B15030D0E8CF
:109A3000AF0FC0F3C00008BD10600020704710B524
:109A4000029CA36833B1B1F5807F28BF0E21CAB252
:109A500021469847A37DE268013BDBB2A37522B1A2
:109A60001BB92046BDE81040104710BD1060918022
:109A700000207047F0B5076806463D78144689B067
:109A8000E5B97B88B3F5245F04D011D8A3F5205342
:109A9000032B13D8ADF80A10022220460DF10A015B
:109AA000EFF7AAFA70B16FF01502C4F8582206E079
:109AB00003F55643FF339BB2042B1DD901252846DD
:109AC00009B0F0BD7B88022220460DF10A01ADF8F5
:109AD0000A30EFF791FA0028E5D1009003AA13238A
:109AE00031467768B847021EDFDB03A92046EFF74F
:109AF00083FA0028E2D0D6E7ADF80A100222204609
:109B00000DF10A01EFF778FA0028CCD17B88022208
:109B1000ADF80A300DF10A01E8E7072208B504F0B4
:109B200023FFB0FA80F0400908BD034610B5D3E822
:109B3000EF0F40EA0102C3E8E42F002CF7D110BD7B
:109B40000B6803608B8883808B798371704770B555
:109B50000D46064611F8010BEDF750FD044610B115
:109B60002C89EDF71BF9A87A05F10B01EDF746FDFD
:109B700028B16B8A9C4238BF1C46EDF70FF9AB8ABF
:109B8000A34207D0AB69AC8223B121463046BDE881
:109B90007040184770BD38B5BDF810401546A24258
:109BA0000CD84CB16BB1A21A8A42A8BF0A4694B233
:109BB0002246591904F0E8FE204638BD6FF0060031
:109BC000FBE76FF00D00F8E730B585B0C9681446C3
:109BD0001D46EFF771FA00B100890223ADF80E00BF
:109BE000009329462046BDF820200DF10E03FFF713
:109BF000D2FF05B030BD1FB50C461946E3681046CC
:109C00001C78BDF818203CB110240133069404B030
:109C1000BDE81040FFF7BFBF5B88ADF80E300223F0
:109C200000930DF10E03FFF7B6FF04B010BD30B581
:109C30001D46002385B014468DF80C30EFF7EEF981
:109C400010B1037A8DF80C30012329460093204689
:109C5000BDF8202003ABFFF79EFF05B030BD2DE916
:109C6000F04114461D46BDF81870EBF743FA06465E
:109C7000E0F7B4F880B2069033463A4629462046CB
:109C8000BDE8F041FFF787BF30B585B014461D46EB
:109C9000FEF78BFE0223ADF80E0000932946204606
:109CA000BDF820200DF10E03FFF775FF05B030BDA4
:109CB00070B500F1700605463146007AFEF777FE72
:109CC00004463146287A3CB1EFF7D6F918B10023A3
:109CD00003604360836070BDEFF7CEF90028FAD0CF
:109CE000046044608460F6E7022A10B508D10023BE
:109CF00000F170011A46007AEFF72AFA022010BD2F
:109D0000FFF7D6FFFAE701210C30FFF70EBF38B599
:109D100004461546FFF76EFE40B12046EFF77EF988
:109D200020B1037ADB0701D5FFF7EDFF35B9207AC3
:109D300004F17001EFF7A0F900B1856038BD13B5EB
:109D4000044610B9002002B010BD00238DF8043085
:109D500042F60303006801A9ADF80630FEF7BDFC2A
:109D60000028EFD1E36898880028ECD12046EFF76F
:109D700085FB013080B2E6E770B5CC681E46A3795A
:109D800088B008468DF80C301546FFF7D8FFADF8BF
:109D90000D00246823786BB96388ADF80F30052374
:109DA000009331462846BDF8302003ABFFF7F3FEA1
:109DB00008B070BD631C0DF10F02113453F8041B81
:109DC000A34242F8041BF9D11323E9E71FB5CDE9FB
:109DD000012300231A460093EFF780FB05B05DF8DE
:109DE00004FBFFF78FBD38B54C8AD3070546C4F393
:109DF0000E0404D514F0950F2AD04B6843B3900796
:109E000004D514F4957F25D08B681BB3144014F44B
:109E1000DE7F0DD0EB7A2BB92846FFF749F8D8B989
:109E2000052038BD14F0300F04D114F4C07F07D1E1
:109E30000020F6E72846FFF783F80228F5D8EFE779
:109E4000D5F8A430002BEBD05B7CDB06E8D5EFE740
:109E50000220E6E70320E4E70F20E2E7F8B5144626
:109E60000F46942261680646FFF7BDFF20BB012222
:109E700030466168EFF748FC08B3A2891B213046E1
:109E80000232EEF701FF0546E0B1A1890C30023144
:109E9000FEF793FB20F8027BA289A16804F074FD11
:109EA000D4E9041228460123EFF794F829463046F6
:109EB000BDE8F840FFF754BD4FF0FF30F8BD6FF03C
:109EC0001500FBE76FF00B00F8E72DE9F0410546C0
:109ED0008846EFF7A3F80446E0B1037ADA0719D50C
:109EE00000F10C06D6E8AF7F17F0010712D1B8F1E8
:109EF000000F10D0D6E8EF3F23F00202C6E8E12FB2
:109F00000029F7D19B07284608D5FFF775FD2046A5
:109F1000FFF7F9FE01273846BDE8F081FFF76AFD3B
:109F20000028F8D02846FFF77CFD0028F3D0D6E8BB
:109F3000EF3F23F00203C6E8E23F002AF7D12846AC
:109F4000E3E7704701207047012070470720704702
:109F5000FEF79CB8D0E8AF0F084100F00100704751
:109F600038B50A46034609B9012038BD488A10F0C1
:109F7000240FF9D0197D5D7B147CA94228BF2946A6
:109F80008C4201D90020F0E7840608D4507C197A6D
:109F9000C0070BD4187A003818BF0120E5E7052167
:109FA000181DFFF7D7FF0028F0D1EBE70029E9D013
:109FB0000521181DFFF7CEFF18B9197A01390129BB
:109FC000E0D9527CD207CFD4E4E701238B40DB43B6
:109FD000D0E8EF2F1A40C0E8E12F0029F8D17047F0
:109FE000FEF75DB808B50621FFF7E5F818B9BDE83A
:109FF0000840EFF7ADBFEC3808BD072070470123DC
:10A000008B40D0E8EF2F1A43C0E8E12F0029F8D1A8
:10A01000704708B50E21FFF7F2FF002008BD38B5E4
:10A0200004210446F0F70AF8054698B110210C30D7
:10A03000FEF7C3FA04F1270304F1370253F8041BB7
:10A04000934240F8041BF9D120462946EFF79EFFC2
:10A05000002038BD0820FCE770B5D0F8EC3004468D
:10A06000DB78012B19D1CD68061D10213046FFF792
:10A07000ACFF2B4604F1B70205F1100153F8040BB5
:10A080008B4242F8040BF9D107213046FFF762FFFB
:10A0900028B109213046FFF7B2FF002070BD0A2128
:10A0A0003046FFF757FF0028F3D12046BDE8704047
:10A0B000F0F7A2B8072070470720704707207047C5
:10A0C000012303FA01F1CA4330B5D0E8EF3F03EAB8
:10A0D0000204C0E8E54F002DF7D1194214BF01205A
:10A0E000002030BD38B504460025031DD3E8EF2F0E
:10A0F000C3E8E15F0029F9D104F5A07001F002FB8B
:10A100002572D4E8EF3FC4E8E25F002AF9D1204687
:10A11000BDE838400121FFF772BF70B500F170064D
:10A1200005460C4607223046096804F01DFCB8B904
:10A1300063681A682A679A88A5F874209B7985F85D
:10A140007630D5F8A4305BB1A268934208D062683B
:10A150001168C3F801109188A3F805109279DA719B
:10A1600070BD2DE9F84FDDF82C80044692461F465D
:10A17000BDF82890FFF736FF054600285AD0061D87
:10A18000B9F1000F27D15AEA070324D10321304641
:10A19000FFF7E0FED0B301213046FFF7DBFEA8B3A6
:10A1A0002C7D6B7B05F147019C4228BF1C46224653
:10A1B000404604F0E9FB0F2C06D80021C4F1100240
:10A1C00008EB040004F007FC30460121FFF717FFFD
:10A1D0000120BDE8F88FD4F8A430F3B904F1700B76
:10A1E0005A462020217AF1F70FF9C4F8A40030B9BB
:10A1F0005A460120217AF1F707F9C4F8A400B9F111
:10A20000000F0AD15AEA070704D006E0D4F8A430B8
:10A21000002BE3D0D4F8A41071B90F213046FFF71A
:10A2200099FE20B1022206212046EDF793F9284637
:10A23000FFF758FF0020CCE74B8A9B06EDD50C7C3E
:10A240001E312246B4E76FF08500704770B50446B2
:10A250000820EFF733FE0546E0B1061D0821304621
:10A26000FFF7B3FEBCB30721FFF7AFFE234605F1AE
:10A27000970204F1200153F8040B8B4242F8040BBF
:10A28000F9D10A213046FFF765FE70B10921304649
:10A29000FFF7B5FE0720EFF711FE0446E8B1EFF730
:10A2A00093FE0146C8B1204612E010213046FFF768
:10A2B00051FE09210028EAD13046FFF74BFE002865
:10A2C000E8D02846EFF798FF01460028E2D028465C
:10A2D000F0F7EEFCDEE70B21F9E770BD70B5044640
:10A2E000A0F1EC0650F8543BE83CD3F8A45001F040
:10A2F00009FA03212046FFF72DFEA0B108213046C0
:10A30000F0F746FC3DB16B8A13B16B7C9B0702D51D
:10A31000284600F029F83046BDE870404FF4BC7282
:10A32000002104F058BB01212046FFF713FE00284E
:10A33000E4D10F212046FFF70DFE0028DED1E1E732
:10A3400070B504460D461646F1F75EF838B9314649
:10A350002846F1F71FF810B1438A1C43448270BDB0
:10A36000438A19434182704710B5037A04465B075C
:10A3700001D5EBF7F1FC2046BDE810404422002156
:10A3800004F029BB531E1944024411F8013900F8A6
:10A39000013B9042F9D1704710B5431E00F1100205
:10A3A000073013F8011F12F8014D83421C70117021
:10A3B000F7D110BDF0B50E4614461D4697B00146C4
:10A3C000202205A81C9FFFF7DDFF202231460DA8A3
:10A3D000FFF7D8FF2146102201A88DF85450FFF74F
:10A3E000D1FF3B46412205A901A8F1F711F9044626
:10A3F00010B93846FFF7D0FF204617B0F0BD2DE961
:10A40000F04316461D4697B00446DDE91F9810221A
:10A4100005A8219FFFF7B6FF1022314609A8FFF7D4
:10A42000B1FF102229460DA8FFF7ACFF03221E99A9
:10A4300011A8FFF7A7FF494611F8013BD9F8010021
:10A440008DF847308B880622129012A8ADF84C3058
:10A45000FFF798FF414611F8013B06228DF84E3078
:10A46000D8F801300DF14F00CDF84F308B88ADF8A2
:10A470005330FFF787FF2146102201A8FFF782FF24
:10A480003B46412205A901A8F1F7C2F8044610B9DC
:10A490003846FFF781FF204617B0BDE8F0830C2255
:10A4A0000369C9B201FB0233D86D00F007007047A1
:10A4B00070B5C9B20369EFF31185402484F31288A3
:10A4C000BFF36F8F0C2606FB0134E46D14F0C0045B
:10A4D00008D0A24206D085F31188BFF36F8F4FF0EA
:10A4E000FF3070BD012271430B44DA6585F311889A
:10A4F000BFF36F8F43680B445B6898470020F0E719
:10A500008022FFF7D5BFF8B5069F0469C9B2EFF303
:10A510001186402585F31288BFF36F8F0C256943A0
:10A520000C44E56D05F0070CBCF1010F0BD1E7659C
:10A5300086F31188BFF36F8FC4E9152343685B5816
:10A5400098470020F8BD05F0C005AF4286F311889A
:10A55000BFF36F8F0CBF6FF077004FF0FF30F1E764
:10A5600013B580240094FFF7CEFF02B010BD10B4E5
:10A570001C240069CBB203FB040000215DF8044BEE
:10A5800010470220F3F724BC022000F05DBB104608
:10A59000F4F75CBE00F057BBF3F714BC40F27260F6
:10A5A0007047084608B51146F7F7ECFB002818BFBE
:10A5B0006FF0040008BD08B5F7F73EFC002818BF8F
:10A5C0006FF0040008BD436800205B68DB680B6027
:10A5D0007047436802EA01005B6821EA02015860A3
:10A5E000002099607047436800205B68596070479D
:10A5F000436800205B689960704743685A68136835
:10A6000021EA03000B40506000209360704710B5B2
:10A6100003695868F8B1884219D19C680868A1425A
:10A62000586000D19860002008602AB15A680A601A
:10A630009A68596002B99960002010E0814206D101
:10A640000868206098688142EDD19C60EBE7044681
:10A6500000680028F2D1002AE8D16FF0150010BD83
:10A66000F3F7D4BE0129036907D193F8DD0010F098
:10A6700001000CD003F11400704739B993F8DD00E4
:10A6800010F0020003D003F1700070470020704703
:10A69000D0F8CC3098684223C0F8083301234360D7
:10A6A000C0F30830E8F7B0BF1FB50C460022002306
:10A6B00001A94030F4F76CFC48B90120039B6360AA
:10A6C000019BA360029B9B08238204B010BD002065
:10A6D000FBE713460A460121FDF7E1BCF8B590F807
:10A6E000D9300546012B0C46D0F8CC6014D0F1F7D8
:10A6F00031FB58B90423422285F8D830B368C3F837
:10A70000082301225A6000273846F8BD95F8D93051
:10A7100013B9EB6F9B0823826368C5F8D030A36838
:10A72000C5F8D430D5F8CC301E693279C2F30017A1
:10A73000D206E8D5228A9B689200C3F84827228A6D
:10A7400006F108059200C3F808272268C3F8042719
:10A750006268C3F844270FCC0FC523682B60337998
:10A760006FF304133371CFE70A460121FDF78EBC66
:10A77000F0B5426887B093681469D3F8202122B1FC
:10A780000022C3F82021D3F82021D3F818217AB170
:10A790000022C3F81821D3F81821227942F00802C8
:10A7A00002F012011229227104BF42F0200222712C
:10A7B000D3F804217AB10022C3F80421D3F804218C
:10A7C000227942F0040202F011011129227104BF22
:10A7D00042F020022271D3F8082112B9D3F80C21DB
:10A7E000CAB10021C3F80811D3F80821C3F80C112D
:10A7F000D3F80C210C222046C3F80823C3F8001517
:10A8000050F81C3B98472046022150F8083B07B0FF
:10A81000BDE8F0401847237903F00F020F2A07D054
:10A82000D80701D4190703D49A072AD45B0728D57F
:10A83000237923F00C0313F0200C237108D023F0AC
:10A84000300343F010032371012100202368DEE769
:10A8500001AE04F11C050FCD0FC62B6804F11C07D7
:10A86000336004F108060FCE0FC7336801212B6057
:10A870002379C4E902CC43F01003237101A82368B3
:10A88000984707B0F0BD91F8D43010B5012B0C46B5
:10A89000A1F1040007D1FFF7FBFE54F8040CBDE85A
:10A8A0001040FDF701BBBDE81040F1F723BB7FB5B9
:10A8B0004B1E012B04460D461DD800F14006002218
:10A8C0000023304601A9F4F763FB78B1022D14D1BF
:10A8D00004F19C0500220023284601A9F4F758FB47
:10A8E00058B90199A06F00F007FDF3E70199E069FD
:10A8F00000F002FDE3E70029EAD004B070BD30B5F6
:10A9000043681360057A446804EBC504A34202D38C
:10A910006FF0010030BD5C798C4201D00833F0E764
:10A920000020F7E743681B68D3F83031704743686D
:10A930001B68D3F88004C3F880047047426813682A
:10A94000D3F84C0150B10020926A12780A70C3F813
:10A950004C01D3F84C2101229A6270474FF0FF302E
:10A96000704713B501AA0446FFF7C9FF002805DBAD
:10A97000019B226819791868F1F778FF02B010BDC1
:10A9800038B5054600220121C620E8F751FEC62051
:10A99000E8F72CFE6C680121E068FFF7E2FF6B68C6
:10A9A00019686369C1F82435E28BA38BA07E134339
:10A9B000228C1343628C1343627E9BB20243207E3F
:10A9C00002431343C1F86C3569680B68D3F8002261
:10A9D00042F48022C3F800220822C3F800254A6A04
:10A9E0000121C3F83C270022C3F840271965D3F89A
:10A9F00030110029FBD0C3F800256D680021E868FC
:10AA00002C68FFF7AEFF0823C4F800352A7A52B944
:10AA1000AB6AC4F804370123C4F80837C4F84C21E2
:10AA2000D4F84C21A362002038BD08B50220F0F70D
:10AA300063FF002008BD08B5F3F712FE08BD03460A
:10AA400070B40C46DA88006819792243012405693C
:10AA50008C402B6812F0010F866814BF2343A34378
:10AA60002B60336870BC1847012303FA01F10369B6
:10AA70001B68194203D022B183681B6903E0002AD6
:10AA8000FAD08368DB6818470A460121FDF7FEBA51
:10AA900010B54FF0FF304FF0FF31F2F7BDFB044629
:10AAA00028B9D5F791FE044618B1F2F7BDFB204650
:10AAB00010BDF2F7B9FB2046E9F76CFCF7E738B5B3
:10AAC0000B8A0D463BB101F10C00FDF7AEFD0128EC
:10AAD00018D0022803D06FF01504204638BD4FF07F
:10AAE000FF304FF0FF31F2F797FB04460028F4D116
:10AAF000E868DFF7F2FA0446F2F796FBACB1F2F73A
:10AB000099FBEAE74FF0FF304FF0FF31F2F784FB9B
:10AB100004460028E1D1E868F2F776FD0446F2F732
:10AB200083FB002CD9D1F2F785FB2846E9F7B0F971
:10AB30000024D2E7F2F7D2BC10B53122002104463E
:10AB400003F049FF202323708023A3706FF03F039D
:10AB500063710423A3722823A3730223E3730423E2
:10AB6000A3756FF0080363760323A3766FF00F03DA
:10AB7000E3760E232377302384F820306FF03F03F1
:10AB800084F82130792384F822307E2384F823301E
:10AB9000802384F82630042384F82730402384F867
:10ABA0002D3010BD08B50323E2F709FC002008BDD5
:10ABB00008B5F3F779F8002008BD08B5F7F73CF9B8
:10ABC00048B1002383F31188BFF36F8F0423184625
:10ABD00002DF6FF0040008BD08B54FF0FF314FF001
:10ABE000FF30F2F719FBE2F7F2FBBDE80840F2F79D
:10ABF0001BBB684620F007018D4601B5DEF70CF956
:10AC0000BDE8014085467047684620F007018D4643
:10AC100001B5DDF7C9FDBDE80140854670476846CE
:10AC200020F007018D4601B5DDF7B0FDBDE801401C
:10AC300085467047F3F7CABEF3F7E4BE08B5E2F7FE
:10AC40005EF9002008BD7047012802D0022803D019
:10AC500070470020DCF7F4BD0120FBE77047DCF70C
:10AC600025BC03460020184700F0D8BA024610B5AC
:10AC7000116891B1B1FA81F3C3F11F000123834040
:10AC800021EA0303D2E8EF4F8C4204D1C2E8EC3F43
:10AC9000BCF1000FF6D1EBD110BD6FF00B00FBE75C
:10ACA00010B50368CB40DB0710D401238B4002684A
:10ACB00043EA0201D0E8EF4F944204D1C0E8EC1F10
:10ACC000BCF1000FF6D1F2D1002010BD6FF01500DD
:10ACD000FBE70023F3F72EB941F2640200F13043A1
:10ACE000A3F50A23934294BF4FF48073802341F06D
:10ACF000004119500020704738B50D46044600F059
:10AD000045F801462846F3F7F5F9011E05DB204614
:10AD1000BDE83840C9B2FFF7DFBF38BDF8B5164609
:10AD200041F2640200F13043A3F50A23934294BF39
:10AD30004FF480738023C3580746002B0D4622DB57
:10AD400001F13043A3F50A23934294BF4FF480737B
:10AD50008023CB58002B16DB00F018F80446284659
:10AD600000F014F8324601462046FFF7B2FF0446D1
:10AD700038B931683846FFF7BFFF28463168FFF71A
:10AD8000BBFF2046F8BD6FF01504FAE7C0F3824020
:10AD900001387047F7B51646DDE90847019001A86C
:10ADA0001D46F3F7E1F9019BB6F1000C18BF4FF017
:10ADB000010C00EB83000B1E18BF0123002D43EA9A
:10ADC0004C0314BF4FF00C0C4FF0000C002C43EA66
:10ADD0000C0314BF4FF4706C4FF0000C002F43EACB
:10ADE0000C0314BF4FF4403C4FF0000CD0F880200F
:10ADF00043EA0C0322EA030301B109780EB1367865
:10AE0000760019430DB12D78AD0031430CB1247893
:10AE1000240229430FB13F783F040C433C43C0F860
:10AE2000804003B0F0BD1FB50DF10F030193002367
:10AE30008DF80F101A4619460093FFF7ABFF05B0C7
:10AE40005DF804FB10B504460846F3F79DF904EBE2
:10AE50004004A08AC0F3401010BD10B50446084657
:10AE6000F3F792F904EB4004A08AC0F3400010BD50
:10AE700010B504460846F3F787F904EB4004A08AAE
:10AE8000400B10BD70B5044608461646F3F77CF932
:10AE9000083034F810300D46DA0509D5C3F34323E2
:10AEA00004EBC3023146284654F8333052689847C1
:10AEB000A3682BB131462846E268BDE870401847C8
:10AEC00070BD10B504460846F3F75EF900B204EB16
:10AED0004000838ADA051DD5C3F3432123F4F853D8
:10AEE000838204F1120204F1960032F8023F13F457
:10AEF000807F03D0C3F3432399420BD08242F4D125
:10AF0000002204EBC1035A6004F19C00BDE810402C
:10AF1000FFF7C6BE10BDF0B5044600200127054668
:10AF2000844695420AD1D4F8443133B10023C4F8A1
:10AF30004431D4F8443140F40030F0BDEBB29B0012
:10AF400003F580769B0807FA03F3194208D054F8FA
:10AF500006E0BEF1000F03D044F806C0A65918431E
:10AF60000135DEE738B504460D46FFF76BFFB0B19B
:10AF70002046FFF772FF90B92046FFF779FF0123C3
:10AF800022688340C2F81833236800B203EB8003C1
:10AF9000D3F8102522F00302C3F8102538BD284647
:10AFA000BDE838400021FFF73EBF2DE9F0431746CA
:10AFB000044685B00846F3F7E7F8D7F800800E4658
:10AFC0000546B8F1000F1FD02046FFF746FF18B125
:10AFD0002046FFF737FF30BB00230DF10F02CDE90C
:10AFE00000338DF80E308DF80F30304643460DF1AA
:10AFF0000E01FFF7CFFE2AB204EB4202938A23F040
:10B00000020343F0010393827B68002B34D0314666
:10B01000204693F80080D3F80490FFF71EFF28B174
:10B02000B9F1000F1FD06FF0150028E028B204EB33
:10B030004000838A23F4604323F020038382B9F124
:10B04000000F10D0B8F1030FEDD87B6821685B6862
:10B0500093F800C001EB8C01B8F1000F12D1C1F8D8
:10B060001085C1F810852AB204EB4202938A23F0BE
:10B070001C0343EA88039382BB6853BB002005B0DE
:10B08000BDE8F083D1F8102522F00302C1F81025A5
:10B09000226802EB8C03D3F8102522F4473222F405
:10B0A0007C72C3F8102541F6F072D3F8101502EA4D
:10B0B000061242EA08420A43C3F8102504EB4C0387
:10B0C000A3F8A060838A43EA4C3343F020038382D1
:10B0D000C9E73146D3E900782046FFF7F2FE002F9A
:10B0E000CCD063689F4206D004F19C00FFF7BEFD00
:10B0F000002804DAC3E7A3689845F5D1002004EBE3
:10B10000C003C3E901782DB204EB4505AB8AC0B298
:10B1100043EA402343F48073AB82AFE7C0E90312F4
:10B12000704770B504461546FFF78CFE48B10846D7
:10B13000F3F72AF804EB40040020A38A5B0B2B7082
:10B1400070BD6FF01500FBE790F8B000003818BF35
:10B1500001207047F3F750B82DE9F3410446174634
:10B16000FFF770FE0D46266800B32046FFF775FE18
:10B170008046D8B92046FFF77BFE05B2AD0005F545
:10B18000807246F802802168B2582944D1F810250F
:10B1900042F00102C1F810252FB10122216802FA04
:10B1A00000F3C1F8143302B0BDE8F081D6F81433CF
:10B1B00028469B035CBF4FF40033C6F81433F2F704
:10B1C000E3FF04EB4004A38AC3F38203042B11D0F2
:10B1D000052B11D001A80195F2F7C6FF019BC168AC
:10B1E000D94001F001010231284602B0BDE8F0412A
:10B1F000FFF719BE0321F7E70221F5E7FFF7B2BE1B
:10B200004FF0FF31F3F7F6B908B5F3F717FCBDE8D7
:10B210000840FFF724BDC9B2F3F748BC08B1E8F70E
:10B22000A7BE704710B5436904463BB90020E268E9
:10B230004042537843F00103537010BD98470028F3
:10B24000F4D00028B8BF4042FF28A8BFFF20E36821
:10B250001870ECE740B1C368587810F001001EBFC9
:10B260001878B0FA80F040097047EFF3118340235B
:10B2700083F31288BFF36F8FFEE710B400F10C0464
:10B28000C0E903445DF8044BFCF7A7B938B50446A0
:10B29000EFF31185402383F31288BFF36F8FFCF720
:10B2A0004CF904F10C0000F024FB30B1294604F104
:10B2B0001400BDE83840F4F78BBC85F31188BFF368
:10B2C0006F8F38BD4169826842EA010313F00303BE
:10B2D0000FD1C3600369013B03FB0122002B01DA9C
:10B2E00000207047C168013B11604169C260521A79
:10B2F000F4E76FF0150070472DE9F04105460F4661
:10B30000EFF31188402383F31288BFF36F8FC66871
:10B31000FEB90468A0421CD0DCB1D4E9003213604D
:10B320005A60637BC4E9006623F002036373A6607E
:10B3300004F1180000F07AFB2046C4F8C0602761D1
:10B3400000F072FA414605F10800BDE8F041F4F75B
:10B350003FBC3E60AB69EF60013BAB6188F3118895
:10B36000BFF36F8FBDE8F081402408B5EFF3118380
:10B3700084F31288BFF36F8FFDF749F8F6E7D0E941
:10B38000003213605A600023427BC0E9003322F090
:10B390000202427383607047C0E9022303FB02127A
:10B3A0000023036280F82C3000F12403C0E905215A
:10B3B000C0E90000C0E909330161C161704713B5FC
:10B3C00001240094F3F774FD02B010BD90F90E3023
:10B3D0008B4201D0F4F78ABB00207047034600205F
:10B3E000C3E90033C3E902007047D0E900321360BB
:10B3F0005A600023427BC0E9003322F0020242730C
:10B40000836070472DE9F843914604460D469DF848
:10B41000202000F10807EFF31186402181F3128804
:10B42000BFF36F8F02B14568D4F80880474518D044
:10B43000B8F1000F15D04046FFF7D7FF08F118000C
:10B4400000F0F4FA00234046C8F8C030C8F8109065
:10B4500000F0EAF938463146F4F7BAFB0020BDE8BF
:10B46000F883A3B10820F5F763F8002838D001224B
:10B47000C0F804900260016801F003015DB9226820
:10B480000A430260626820606AB960600BE0484667
:10B49000C9F80030EFE72A68032A16D8016061680E
:10B4A00069B9C4E90000042104F1100000F09DFB1B
:10B4B0000028CFD186F31188BFF36F8FCFE70A68DA
:10B4C00002F0030202430A60DFE722F003020A43AC
:10B4D00002602A6802F0030240EA02032B60E2E7FE
:10B4E0006FF00B00E6E710B5044630B10268930731
:10B4F00003D0446809B100F097FB204610BD00233B
:10B50000C0E9003300F10803C0E9023300F1100381
:10B51000C0E904337047012307B5009300230A46AE
:10B520001946FFF76FFF03B05DF804FB002307B572
:10B530000A4600931946FFF765FF03B05DF804FB68
:10B5400000210068FFF7CFBF5AB18A4209D300F14A
:10B550001003C0E90212C0E90000C0E90433002072
:10B5600070476FF015007047012302688B4022EA94
:10B570000303036022FA01F000F0010070477047F6
:10B5800010B5032104460C30FFF7EEFF30B104F193
:10B59000100000F04BFAB0FA80F0400910BD28B15D
:10B5A000002200F58A70114600F0E4B9704770B5CA
:10B5B000C3680446C3F340069B0716D4856802217E
:10B5C0000C30FFF7D1FF80B1D5F80C216AB194425D
:10B5D0001DD122689EB9D5F81031C5F80C219C42C6
:10B5E00001D1C5F8102100232360E36813F01F0088
:10B5F0001EBF43F00203E36040F0020070BD326002
:10B60000D5F81021944208BFC5F81061EBE7164643
:10B610001268DBE773B50446EFF31185402383F32B
:10B620001288BFF36F8F0023A0F1100603210438A6
:10B630000193FFF799FF28B1A369304601A901934F
:10B64000F3F73EFF85F31188BFF36F8F02B070BD33
:10B6500038B504460D461022002103F0BCF96560A0
:10B6600038BD13B501900846EFF31184402383F3EE
:10B670001288BFF36F8F01A9F3F722FF84F31188BB
:10B68000BFF36F8F02B010BD10B5FFF7EAFF041EC5
:10B6900008DDEFF31180402383F31288BFF36F8F2F
:10B6A000F4F7A8FA204610BD70B50D46EFF31186E9
:10B6B000402383F31288BFF36F8FF3F75DFF0446D7
:10B6C00086F31188BFF36F8F38B14FF0FF324FF020
:10B6D000FF3305F11000F3F7F3FD204670BD08B508
:10B6E0004FF49472002103F076F908BD38B530228A
:10B6F0000D460021044603F06EF94FF48073656037
:10B70000E36038BD38B50446EFF31185402383F379
:10B710001288BFF36F8FFFF733FF2046FFF747FF15
:10B7200085F31188BFF36F8F38BDF8B504460D4619
:10B73000EFF31186402383F31288BFF36F8FC36842
:10B7400003F01F03002B14BF0127002705D186F348
:10B750001188BFF36F8F3846F8BDFFF711FF204601
:10B76000FFF725FF29462046F3F78CFE86F3118864
:10B77000BFF36F8F0028EED04FF0FF324FF0FF3352
:10B7800005F10800F3F79CFDE5E7D0E9003213600E
:10B790005A600023427BC0E9003322F00202427368
:10B7A00083607047EFF30580003818BF01207047B1
:10B7B00088307047D0E9003213605A600023C0E936
:10B7C0000033704708B5FFF7F5FF437B23F0020312
:10B7D00043730023836008BD38B504460D46F4F773
:10B7E000F3F8637B43F002036373E5B1A5602B6854
:10B7F0009D4209D16B68C4E900531C606C6012E083
:10B800006A689A42F6D01B68002BF3D094F90E2098
:10B8100093F90E108A42F3D09142F1DD5A68C4E9DF
:10B82000003214605C6038BD10B5EFF31184402322
:10B8300083F31288BFF36F8FF4F784F884F31188D1
:10B84000BFF36F8F10BD08B5EFF31181402282F373
:10B850001288BFF36F8F83680BB1FFF7B3FF81F3DB
:10B860001188BFF36F8F08BD38B5EFF31184402303
:10B8700083F31288BFF36F8F002390F87050427BE0
:10B8800080F870302DB121B184F31188BFF36F8F30
:10B8900038BD12F0280FF7D183680BB1FFF792FF84
:10B8A000437B23F004034373F4F74CF8ECE70121E6
:10B8B0001838FFF7D9BF08B50346EFF311814022CE
:10B8C00082F31288BFF36F8F0068834207D008B1FC
:10B8D000FFF778FF81F31188BFF36F8F08BD002059
:10B8E000F8E710B5FFF7AFFFBDE81040183000F0E3
:10B8F0009DB838B5054604680020AC4200D138BD7B
:10B90000002CFCD02046FFF7ECFF2046FFF78CFF11
:10B910002C680120A542F1E770B505460E46F4F704
:10B9200011FAB6F1FF3F08BFB5F1FF3F04462846C4
:10B9300012D04FF47A7547F61120002147F61222F3
:10B940000023C4FB0501DEF72FFAB0F1004F71F1BF
:10B95000000128BF6FF0004070BD08B5C3171F304D
:10B9600043F10003400940EAC360C117F4F7EAF964
:10B97000400108BD38B5EFF31185402383F31288E9
:10B98000BFF36F8F0468A04213D0A4B1C4F8C010F5
:10B9900022612046FFF716FF04F1180000F046F878
:10B9A0002046F3F7CFFF012085F31188BFF36F8F97
:10B9B00038BD0020F8E72046F6E72DE9F0410546BE
:10B9C0000E461746EFF31188402383F31288BFF326
:10B9D0006F8F0468A0420FD1002088F31188BFF355
:10B9E0006F8FBDE8F08139462046B0470028F4D17A
:10B9F0006B68A342F0D02468002CF4D1ECE708B5C2
:10BA00000246F4F75DFB70B1D0E904319B1A61EB9B
:10BA1000E272B3F1004F72F1000104DA002AACBF08
:10BA20001846002008BD6FF00040FBE7024638B51D
:10BA3000EFF31185402383F31288BFF36F8F036800
:10BA4000CBB1F4F73DFB04461046F4F74BFB002264
:10BA50004FF000438442C0E9042306D1F4F738FBD9
:10BA6000FFF7CDFF0021F1F72DF9002085F31188B4
:10BA7000BFF36F8F38BD6FF01500F7E708B5F4F727
:10BA800035FC08BDF4F732BCB3F1FF3F08BFB2F19B
:10BA9000FF3F70B506461D46144614D01A4316D013
:10BAA000002B08DBF4F722FC041941EB0501C6E981
:10BAB0000041304670BD6FF001031C1B4FF0FF3397
:10BAC00063EB0501F3E74FF0FF342146EFE7002475
:10BAD000FBE7B3F1FF3F08BFB2F1FF3FF8B5074600
:10BAE00016461C4610D054EA020311D0F4F7FEFBB0
:10BAF000B0420A46A14103460AD2F31A64EB02049B
:10BB0000C7E900343846F8BD4FF0FF331C46F7E76D
:10BB10000023FBE70023C0E9081200F11802C0E986
:10BB20000622C0E9003303634363704710B504463F
:10BB3000FFF77CFFA8B9636A0BB12046984704F170
:10BB40001800FFF7B8FE60B1FFF76EFEEFF311804B
:10BB5000402383F31288BFF36F8FBDE81040F4F7E2
:10BB600049B810BD2DE9F041846805460E46D4B1B0
:10BB70006378012B22D114F8533C9A0711D5A4F114
:10BB800060073846FFF7ADFE082E0CBF6FF00303C9
:10BB90000023236614F8533CDB0602D13846FFF736
:10BBA00043FE002323700020EB68A860C3F38632B5
:10BBB000164366F39433EB60BDE8F081022BF0D1BD
:10BBC0002378002BEDD054F8048CB8F1000FE8D0A6
:10BBD00004F11400FFF72AFF0023A4F114073946EB
:10BBE0004046E362FFF73DFDDBE738B5EFF3118533
:10BBF000402383F31288BFF36F8F0468A04211D0F3
:10BC0000D4E9003213605A6000232046C4E90033AF
:10BC1000FFF7A8FF85F31188BFF36F8F201E18BFB1
:10BC2000012038BD0024F5E720B1011F50F8040CB5
:10BC3000FFF72CBB7047704708B500F08CF9002067
:10BC400008BD08B5806BF4F7ABFD003818BF0120C4
:10BC5000404208BD08B5CB070AD4438A406AB2FB0C
:10BC6000F3F200F070F800280CBF00207E2008BD21
:10BC70006FF00500FBE708B5028B438AD0E9081096
:10BC800000F0B3F8002818BF6FF0010008BD10B431
:10BC900048B141B162B1448B944209D8C36D5DF89B
:10BCA000044B083018476FF002005DF8044B7047F2
:10BCB0006FF00100F9E738B50446B0B1036E016BCF
:10BCC00008309847054670B92046A36E9847054648
:10BCD00048B9E36E04F134009847236F04F148013A
:10BCE00004F13C009847284638BD6FF00205FAE79A
:10BCF000008C704740F20220704708B50346FFF7FA
:10BD0000F9FF1B79C0B21B1A5842584108BD10B543
:10BD1000044660B1FFF7F1FF60B1A36D04F10800C4
:10BD2000984730B92046636EBDE8104018476FF061
:10BD3000020010BD6FF00600FBE783688289194698
:10BD4000406800F0ABB82DE9F041C388848805460F
:10BD5000E61AB6B2D0F800C0964294BF9819981867
:10BD60002F8982B24FEA470E934215D1E41AA0B24E
:10BD7000002814BF1A460022EA80BDE8F08131F99C
:10BD8000168001362CF81080204480B2B742F6D8D5
:10BD9000013371449BB2E7E718460026F6E7F0B599
:10BDA000C38884880546E61AB6B20789D0F800C071
:10BDB000964294BF9819981882B293420DD01846B3
:10BDC000CE1905E011F901EB0CF800E0204480B237
:10BDD000B142F7D101339BB2EFE7E41AA0B20028D9
:10BDE00014BF1A460022EA80F0BD60B159B1012AA1
:10BDF0000CD95BB1828000229BB20160C2800381BA
:10BE00004381104670474FF0FF3070476FF00100DC
:10BE1000704708B5FCF74CFA40B208BD2DE9F04177
:10BE20000D46074690461E46FCF704FA012104B26F
:10BE300004EB440407EBC404A37F6FF07F02994036
:10BE4000182303FB007707EE901A97ED067AF8EEB9
:10BE5000E77AB8EE477A2946C7EE876A701E05EB87
:10BE60008808414501D1BDE8F08194F91F30B1EC5B
:10BE7000016A07EE903A86EE267AF8EEE77A77EED8
:10BE8000877AFDEEE77A17EE903A9342B8BF1346F1
:10BE90007F2BA8BF7F2300F8013FE2E770B50124A4
:10BEA000D0ED1E7A90F87C50B8EE677AAC4007EE81
:10BEB000904AF8EEE77A90F87640C7EE276A042CAD
:10BEC00012D1013A00D270BD90F97D6051F8224044
:10BED00003EB8205A41B07EE904AF8EEE77A67EEC3
:10BEE000A67AC5ED007AECE7012CECD1013AEAD351
:10BEF0008C5690F97D6003EB8205A41B07EE904AF7
:10BF0000F8EEE77A67EEA67AC5ED007AEEE770B54F
:10BF10000128049C0ED1A1F10800012803D89B68D8
:10BF20001B68236070BD0A39012903D89B685B68D0
:10BF30006360F7E72146586804EB4205C4EB40060E
:10BF4000A94202D110445860ECE71C680C44A45F7D
:10BF500021F8024BF4E72DE9F04F838A95B00C935A
:10BF60000B688A460A93CB68068B1193002390F8DE
:10BF70001CB072000B92056A0BF1FF320A9C1293FF
:10BF8000089311AF0E920C9A08998A4205D80A9B21
:10BF9000E01A801015B0BDE8F08F5A1C0692DAF84E
:10BFA0001420504602EBC303D3E90089CDE90247D0
:10BFB00042464B46CDE90056F4F70AFC04EB8004F8
:10BFC00042464B46CDE902475046CDE90056F4F7CC
:10BFD0002DFC04EB8004CDE9024742464B46504617
:10BFE000CDE90056F4F762FC04EB8004BBF1000FCE
:10BFF00053D0B6FBFBF399B20BFB13639BB20D93CB
:10C00000069B05950993002307930E9B079A5046BC
:10C01000934208BF0D9B099A08BFC918DAF814307B
:10C0200008BF89B203EBC203D3E90089059B4246EE
:10C03000CDE90247019100934B460F91F4F7C8FBFD
:10C040000F99059B04EB80044246CDE9024701911C
:10C05000009350464B46F4F7E9FB0F99059B04EB20
:10C060008004CDE902470191009342464B46504679
:10C07000F4F71CFC059B0F9904EB800403EB4103D0
:10C080000593079B01330793099B01330993079B92
:10C090009B45BAD8069B5B4406930B9B1D44089BAB
:10C0A00001330893069B6EE773B50C4611461A469A
:10C0B00000230546C0E900332046069B00F0E5F862
:10C0C000A8B3B4F918606169B6FA86F6113E324633
:10C0D00004F11C0000F034F9216A04F134000A462E
:10C0E000CDE9000100F05FF9DDE9000100F072F92F
:10C0F0003146009800F0AFF90146009004F1580075
:10C1000000F030F8E36E009923B104F16C0000F008
:10C1100096F80099636A626BB3FA83F304F18000C6
:10C12000C3F11903F4F76EFC636BC5E900032846FD
:10C1300002B070BD10B5044600F0F0F804F11C0028
:10C1400000F01FF904F1340000F0FEF904F158008A
:10C15000BDE8104000F03DB803680B604368012063
:10C160004B6070472DE9F0410025C7680439AF42A4
:10C170002DDDEB07D0F810E054BFB0F80480B0F824
:10C1800006805EF82530C8F58042A2FB0326D0F871
:10C1900000C051F8044F04FA0CF4E4FB0826930B9A
:10C1A00043EA86434EF8253002890E689C42A2FB82
:10C1B000062694BF241BE41A920B42EA864224FA14
:10C1C0000CF393422CBF0B600A600135CFE7BDE84A
:10C1D000F081C26800210069920002F0FCBB0228D5
:10C1E00070B502D831F9100070BDB0FA80F3C3F118
:10C1F0002006F2000A2EA2F10C0201EB0205D5BFC7
:10C20000153BA6F10B039840D840AB88C0F309005A
:10C2100013FB00F4B5F902305B0103EB64135843E0
:10C220008B5E00F5804003EBE03000B2DCE7B0F558
:10C23000005F39BF4043000D800940387047F8B5B2
:10C240000446002687680D1FB7421DDD6368E1685C
:10C2500053F82600FFF7C3FF55F8043FD4F810C089
:10C26000A0FB0330CCF12001ACF1200223FA0CF347
:10C2700000FA01F10B4320FA02F243EA0200FFF751
:10C28000D6FF01362860DFE7F8BD2DE9F0410768E9
:10C29000984603690446FE1A964228BF1646C068AF
:10C2A000720000EB430002F06FFBC8F800602269E7
:10C2B000B5182268256195422ED300263546D4F85C
:10C2C00004E0E068D4F81480BD4216DA3EF8153078
:10C2D00030F8151011FB03F141F30F33002B4FEA37
:10C2E000213C28F81530BCBFCCF100031BB2B3428F
:10C2F000B8BF334601351EB2E6E7A168521A5200B4
:10C3000000EB410102F04DFB01202369A268268366
:10C310009B1A2361BDE8F0810020FBE710B50446BD
:10C32000026800215200C06802F055FB226800211B
:10C330006069520002F04FFB00232361238310BD8C
:10C34000F8B5D0E90267044600230568BB4210D166
:10C35000F21A5200B34288BF0022002105EB4300CD
:10C3600002F039FB294662682069BDE8F84000F018
:10C3700094BD31F81300904025F813000133E5E730
:10C38000704710B50446826800215200006802F030
:10C3900022FBA2686068520801320021BDE810400B
:10C3A000920002F018BB30B5D0E9013502EB8302F0
:10C3B00001EB8301AB4201F104010ADA31F9024CCD
:10C3C00031F9040C644300FB0040013342F8040BD4
:10C3D000F0E730BD2DE9F04FC36887B002930369E1
:10C3E000076A03934369059104930368019300234B
:10C3F0001A461D46019C9C422ADB91460022029C63
:10C40000C66934F913E0039C059934F913C08469B3
:10C4100006EB4C0604EB4C0A049CAC4634F913B012
:10C420001546144601EB8E0E5C450BDA3AF9148082
:10C430005EF82410C1FB089C36F914800134C1FB5E
:10C440000825F1E747F8089B47F804CC0133D1E70A
:10C4500007B0BDE8F08F2DE9F74F00274FF00048F7
:10C460000368006A0191009300F10809009B9F4254
:10C4700067DA59F8085B59F8046C36BB2A4615B3DD
:10C48000B5FA85F343F0010328FA03F1C3F11F0362
:10C490005B100133013B08D3741894424FEA5606EF
:10C4A0009CBF7618121B8908F4E7964204D24FF617
:10C4B000FF739E4218BF0136B3B2019AD34040F8D1
:10C4C00027300137D2E72B46F7E7B6FA86F242F07B
:10C4D0000102C2F12001A2F1200328FA03F308FAB5
:10C4E00001F1194300231C4628FA02FCC2F13F0265
:10C4F00052100132013A1AD313EB010E44EB0C0A2D
:10C5000075454FEA530376EB0A0B43EAC4734FEACF
:10C51000540406D3B5EB0E0566EB0A06CB1844EBC4
:10C520000C04890841EA8C714FEA9C0CE2E7AB42AB
:10C5300074EB0601C1D2002C08BF9342BDD0013379
:10C54000BBE703B0BDE8F08F026800210132006A4A
:10C55000D20002F040BA2DE9F04F1646A1B0DDE955
:10C560002A25D2E9007A0AFB07F9039000EB890932
:10C5700006FB03F0BAF1010F4FEA800810D1039BCC
:10C580000A68414443F8042B9945F9D1BB1E032B9B
:10C5900000F24484DFE813F01C007D004B016B02C5
:10C5A0000832144606FB07F203984FEA8A0BCDE9DE
:10C5B0000045CDE90401CDE90623FFF7CCFFDDE915
:10C5C000062304980599584481454144EFD1DDE79D
:10C5D000039B43F6FF771C464FF480420AF10101AA
:10C5E000B60003EB8101043434F8043CBAF1010ACB
:10C5F00013FB07234FEAE33324F8043C34F8023CEE
:10C6000001F1040113FB07234FEAE33324F8023C52
:10C6100031F8083C04F1040413FB07234FEAE33C20
:10C6200031F8063C21F808CC13FB07234FEAE3332B
:10C6300021F8063CB5F90881B5F90AE108FB0CF0D0
:10C640000EFB130008FB03F334F8089C0EFB0C33BD
:10C6500000F58040C0F3CF30A9EB000921F8089C19
:10C6600034F806CC03F58043C3F3CF33ACEB030CB3
:10C6700021F806CC34F808CC3544604424F8080C82
:10C6800034F8060C034424F8063CADD121B0BDE8D3
:10C69000F08F06FB0AF3AB4605EB8303049542F6E5
:10C6A000AA294FF48045B3F90A314FEA8A0006936C
:10C6B000B3000C93F3000D93039B4FEACA079A1C37
:10C6C00032F8023C039913FB0953DB1322F8023CB6
:10C6D000039BBAF1010A5B8813FB09534FEAE3336A
:10C6E0004B800B5A13FB09534FEAE3330B52135A97
:10C6F00013FB09534FEAE3331352CE5B16FB095683
:10C700004FEAE636CE53D15B11FB09514FEAE133D4
:10C71000D3530593039BBBF90A411B5E0994194649
:10C72000BBF90831049C0793B4F90881B4F90AE114
:10C73000079C135E01FB04FC0893DDE9084304FB3E
:10C7400013CC0CF5804CCCF3CF3308FB06FC0A93DA
:10C75000059B0EFB13CC0CF5804CCCF3CF330B9325
:10C76000DDE90A3403EB040CDDE9073403FB04F4D0
:10C770002346099C01FB04330599039C08FB01F146
:10C780000EFB061632F802EC4CF34E08AEEB080E28
:10C7900003F5804306F5804624F800E0C3F3CF3369
:10C7A000C6F3CF36B4F802E003EB060141F34E08BE
:10C7B000AEEB080E22F800E032F802ECA3EB060321
:10C7C0001EFA8CFC22F802CCB4F802C01CFA81F1EB
:10C7D0006180069911FB0353215AC3F3CF331944E7
:10C7E000E153DDE90A14A1EB040C06991CFB015C82
:10C7F000115ACCF3CF3CA1EB0C01D1530399095A48
:10C80000A1EB030303990B52135A9C440B4603F10B
:10C81000040303930C9B22F800C09B44049B0D99D6
:10C8200002F104020B4404937FF44AAF2EE753460F
:10C830000C2241F6FF7C4FF4804802FB03FE9F0070
:10C84000B3001393F300149302FB06F315936B6884
:10C85000CDE906551693039BCDF814A004954FEA35
:10C86000CA0A023333F8022C039912FB0C82D2134A
:10C8700023F8022C039A528812FB0C82D2134A80AE
:10C88000CA5B12FB0C82D213CA53DA5B12FB0C8216
:10C89000D213DA5331F80A2012FB0C82D21321F89A
:10C8A0000A2033F80A2012FB0C82D21323F80A2044
:10C8B00031F80E2012FB0C824FEAE23B21F80EB059
:10C8C00033F80E2012FB0C82D21323F80E20C95F1E
:10C8D00008910499B1F908110991D95F0A91049955
:10C8E000B1F90A110B91039931F90A100C910799CA
:10C8F000B1F9081107980D91B0F90A91069833F92A
:10C900000A10B0F9080133F8025C0E900698B0F9ED
:10C910000A010F90DDE90C40604301FB190000F5AE
:10C920008040C0F3CF302E1AB4B21094039C284438
:10C9300066880D9C80B261430C9C23F8020C04FBBA
:10C94000091101F58041C1F3CF31741A0E44B1B21F
:10C950000D910C9003990D9811944880DDE9080120
:10C9600000FB01F5DDE90A01BDF8444000FB11556B
:10C9700012940E99089E01FB0BF00F9905F5804566
:10C9800001FB1200DDE9094161430B9C00F5804089
:10C9900006FB04110E9C01F5804162430F9CC1F31C
:10C9A000CF3104FB0B2202F58042C2F3CF3201EB00
:10C9B000020B1FFA8BF4C5F3CF350894C0F3CF30C8
:10C9C0008C1A05EB000909940C9C039E1FFA89F947
:10C9D000A4EB090426F80A40089C0D9EA5EB000B69
:10C9E000361B23F80A6033F8026C039C4E4423F88C
:10C9F000026C6688089C1FFA8BFB2644039C6680A9
:10CA0000109C109E611A119C1BFA84FB099C16FA5B
:10CA100084F6129C651B169CFCB11144039A0544D4
:10CA2000D15323F807B022F80E6023F80E50039A72
:10CA3000139904320392049A04330A440492149919
:10CA4000079A0A4407921599069A0A440692059A8B
:10CA5000013A05927FF406AF18E6039C05441144A1
:10CA6000E653DD5324F80E1023F80EB0DFE70AFB7F
:10CA700006F305F5847101EB830231F92310CDE94A
:10CA80000B550691B2F902100595079102EB83014F
:10CA900032F923300A950893B1F902300993039BC8
:10CAA00003EBCA019B4603EB8A0E01EB8A03039357
:10CAB00001EBCA030493B3001C93F3001D930C23F2
:10CAC00073431E9333011F9300230D934FF4804350
:10CAD000039A0BF1040B04320392049A0EF1040E34
:10CAE000043204920D9A043192457FF7CFAD41F69E
:10CAF00099103BF8042C039C12FB0032D2132BF844
:10CB0000042C3BF8022C12FB0032D2132BF8022C1F
:10CB10003EF8042C12FB0032D2132EF8042C3EF8FF
:10CB2000022C12FB0032D2132EF8022C31F8042C06
:10CB300012FB0032D21321F8042C31F8022C12FB24
:10CB40000032D21321F8022C039A32F8042C12FB83
:10CB50000032D21324F8042C34F8022C039C12FB6C
:10CB60000032D21324F8022C049A059C32F8046C8B
:10CB7000049A16FB0036F61322F8046C32F8022CE5
:10CB800012FB00320498D21320F8022C3EF9040C58
:10CB90000E900598B0F908913EF9020CB4F90A41DB
:10CBA0000F9431F9044C0F9D10940A9CB4F908417C
:10CBB000119431F9024C12940A9CB4F90A4113946D
:10CBC000039C34F9044C14940B9CB4F9084115945B
:10CBD000039C34F9028C0B9CB4F90A4116940C9C0A
:10CBE000B4F908C1B4F90A4117940E9C179F04FBCD
:10CBF00009F400FB15440CFB06F507FB125504F580
:10CC0000804405F58045C4F3CF34C5F3CF356719AB
:10CC100018943C4609FB00F00CFB02F2BFB21A97D5
:10CC200027B21997DDE90E4704FB0700179C00F5B2
:10CC3000804004FB062202F58042C0F3CF30C2F3ED
:10CC4000CF328618B4B2821A1B9412B234B20E9448
:10CC50001792189CDDE910024243641B24B2DDE9FF
:10CC6000116575430F94DDE9124004FB1022DDE9E4
:10CC700014406043109F139E169C07FB0655159E9B
:10CC800008FB140006FB08F8149F169E02F580426C
:10CC900000F5804007FB0688C0F3CF30C2F3CF32E7
:10CCA0001418121A12B211921A9A05F5804508F555
:10CCB00080480FFA84F9C5F3CF35C8F3CF3812FA9C
:10CCC00084F41B9A3BF802CC05EB0806A5EB080898
:10CCD0003BF8045C37B2199812FA86F6069A2C448F
:10CCE000664400FB023010972BF8044C2BF8026CC2
:10CCF000089A089E09FB0232D213069C02EBE0322E
:10CD00000E980FFA88F804FB003406FB0730C013B6
:10CD1000179E00EBE430079C079F06FB0434099E36
:10CD20002A4408FB0636F61306EBE4360F9CB6B22F
:10CD300007FB0434099F1294119C92B207FB043440
:10CD4000129FE41304EBE7346044971BA4B232440F
:10CD5000049E2EF8047C14FA80F7001B2EF8027C47
:10CD600026F8042C26F8020C089A199800FB0232C7
:10CD7000069800FB09394FEAE93909EBE2320898D5
:10CD800015440E9A00FB02360698109A00FB0232F8
:10CD9000D21302EBE636079A179802FB0838099A75
:10CDA000B44400FB02320998C2F3CF360F9AC8F39D
:10CDB000CF3800FB0234119A0798C4F3CF3400FB3C
:10CDC0000230A8EB0602C0F3CF3012FA85F221F848
:10CDD000042C221A12FA8CF221F8022C041B039A5A
:10CDE000A6EB080818FA85F814FA8CFC22F8048CD3
:10CDF00022F802CC0D9A1C9801320D92059A024439
:10CE000005921D980A9A02440A921E980B9A0244AF
:10CE10000B921F980C9A02440C9259E6002247F696
:10CE2000FF7C92457FF732AC154600218F4218DD1A
:10CE3000039B8E0053F825009CFBF7F30FFA80FE4E
:10CE4000001403FB0EFE43430EF5804E03F58043B2
:10CE50004FEAEE3EDB13A6F800E073805544013143
:10CE6000E4E7002F05DD00231868039B43F8220048
:10CE7000FFDE0132D5E713B50446104604F108027F
:10CE80008842CDE9002408BF00200122FFF763FBA0
:10CE900002B010BD0123FFF7EEBF2DE9F04F804631
:10CEA00000681746456889B0002D40F09680D8F894
:10CEB00004200468FFF7EEFF43F6FF7C4FF4804048
:10CEC000BA46D8F804E007EB8406BEF80030BEF896
:10CED000022013FB0C0312FB0C02C3F3CF33C2F38B
:10CEE000CF3299189B1A398027F824302AF8025F2C
:10CEF0007580012504EBD4735B1005930EEB84035E
:10CF000001930EF102030793059BAB4265DB019B86
:10CF10003EF8252033F8041C079B12FB0C0233F863
:10CF2000253011FB0C0113FB0C03C3F3CF33029329
:10CF3000019BC1F3CF3133F8023CC2F3CF325B42E5
:10CF400013FB0C03C3F3CF330393531A1BB20493A5
:10CF50004FEA8509DDE902340A441B1BD8F8084072
:10CF600011B2A9F1040904EB090B069134F90990F7
:10CF70000499BBF9024001FB09FB1BB203FB14BB84
:10CF80000BF5804B4BF3CF3B0BFA82F2521027F894
:10CF9000252009FB03F3DDE902210A4411B20291C5
:10CFA0000499043E01FB043303F5804343F3CF337C
:10CFB00003FA82F252102AF82520069A0135A2EBD4
:10CFC0000B0B029A4FEA6B0B9B1A5B107380019B51
:10CFD000A6F800B0043B019396E709B0BDE8F08FD6
:10CFE00000207047704710B5044608B1F4F79CFA6A
:10CFF0002046BDE81040F4F787BA0346C068E0B1A8
:10D000005888D0B11B8803F44F42B2F5824F09D142
:10D01000DBB2272B2AD008D8172B0FD0222B34D0E5
:10D02000122B16D06FF085007047302B2FD0413B6C
:10D03000012BF7D8FF2839D100207047C028FBD03A
:10D04000E128F9D0B0F5807F0CBF00206FF086009A
:10D05000704720F02003C02BEED020F08003B3F502
:10D06000807FE9D040F209239842EDE7E928E3D038
:10D07000EF28E1D040F21B139842DDD040F2991323
:10D080009842D9D040F23B23EEE7E928F1E720F0BF
:10D090002003C02BD0D020F04003B3F5807FCBD04D
:10D0A000B0F5C07FC8D0B0F5007FCDE7B0F5E07F28
:10D0B000CAE73AB1002918BF00232121D21A184427
:10D0C00001F089BC70472DE9F04F9B46002389B0E1
:10D0D0008DF81B30159B9146DDE912A7002B0D46FC
:10D0E0000B460CBF4FF400624FF4806207A9DDF8D5
:10D0F0005080F4F7ABFB0446D0B9079E2846318830
:10D100000DF11B02F4F74EFC044688B99DF81B3064
:10D11000BB421FD8CDE90338CDE901BACDF8009064
:10D120002B46D6E909123046F5F7A4F9044608B1B2
:10D13000C8F800703A4621465046D8F80030FFF74C
:10D14000B8FF0798F5F772F8002C18BF204609B011
:10D15000BDE8F08F6FF08904EAE741F206239842B8
:10D160001AD8B0F5905F09D241F2010398420CD071
:10D17000B0F5885F09D06FF0850070476923A0F58E
:10D18000905080B2C340DB07F5D511F0070F0CBFFC
:10D1900000206FF086007047B0F5105FEBD121F0F2
:10D1A0004003802B06D0B1F5807F0CBF00206FF0CC
:10D1B000860070470020704770B5446A05460E46E9
:10D1C0003CB90120F4F79AF9686228B12046AE62B2
:10D1D00070BD6FF08A00FBE76FF08C00F8E7F8B5E0
:10D1E0001E460F4615460388C2B103F4E043B3F56B
:10D1F000805F02D0B3F5005F10D1089BE900196091
:10D200000088FFF7AAFF044630B92A46394630465F
:10D2100001F0BAFB079B1D602046F8BD6FF0850446
:10D22000FAE710B50446406A10B1A16AFFF7DBFEC9
:10D230000020C4E9090010BD38B50546FFF7F1FF2D
:10D240002B7F0446012B0ED0023B012B0ED82B6AFC
:10D25000012B18BF6FF096042C220021284601F004
:10D26000BAFB204638BD2B6A002BF2E76FF096041C
:10D27000F2E738B5049D1446AA420BD8184601F0CF
:10D2800083FB00212A1B204401F0A5FB0020059B05
:10D290001C6038BD6FF08900FBE77FB50E461D4668
:10D2A0001446BAB1002301222B6003A9F4F7CEFA89
:10D2B00070B9CDE9004503983346D0E90912F5F776
:10D2C00077F804460398F4F7B1FF002C18BF204606
:10D2D00004B070BD6FF08900FAE7F0B50F461E4646
:10D2E000154685B00AB3002303A91A463360F4F744
:10D2F000ADFA044638B9039803885B0406D4F4F702
:10D3000095FF6FF08604204605B0F0BDCDE90056CC
:10D310003B46D0E90912F5F75FF804460398F4F7A5
:10D3200085FF002C08BF0446EDE76FF08904EAE7AB
:10D3300010B50368044653B100F0CFF90023236011
:10D34000A38823F4FF7323F00103A38010BD1846C4
:10D35000FCE72DE9FF41984600230C46016805468D
:10D3600017460393A9BB4FF41372083001F033FB47
:10D37000B8F1000F20463B4614BF4FF480624FF4D3
:10D38000006203A9F4F762FA044620BB039E384604
:10D3900031882A1DF4F706FB0446E0B96B79314663
:10D3A00068F300036B7100972846D6E90923B8F1AA
:10D3B000000F0BD0F5F788F8044660B90398F4F72E
:10D3C00035FF0446204604B0BDE8F081F5F7A0F82B
:10D3D000F2E76FF088042846FFF7AAFF0398F4F7F6
:10D3E00025FFEFE70123FFF7B4BF38B50468054612
:10D3F00064B112B90024204638BD00F057F9044644
:10D400000028F7D02846FFF793FFF4E76FF0880471
:10D41000F1E72DE9F0411746026805460E469846A9
:10D4200082B14279D2070DD502795AB1BA4216D8E3
:10D4300000F045F9044638B9A6B92846BDE8F041E0
:10D44000FFF776BF6FF088040023C8F800702B71D7
:10D4500046B92846FFF76CFF2046BDE8F0816FF023
:10D460008904F1E721463A463046D8F80030FFF704
:10D4700020FE2846FFF75CFF002C08BF0446EBE7C0
:10D480001FB501240394089C0294079C0194069CF8
:10D490000094FFF718FE04B010BD2DE9F0470546D3
:10D4A0009A46002388B0079325F0004323F47F03B6
:10D4B000B3F1106F0846DDE910961746DDF8488095
:10D4C0001CD12B464FF4804207A9F4F7BFF904465C
:10D4D000B0B9CDE90368CDE901A9079800972B46BB
:10D4E000D0E90912F5F738F8044648B90798F4F777
:10D4F0009DFE0446204608B0BDE8F0876FF0860424
:10D5000031464846F4F73EFC0798C8F80060F4F747
:10D510008DFEEFE703461B88084603F4E043B3F5AE
:10D52000805F114602D0B3F5005F01D1F4F72ABC49
:10D530006FF0850070477FB5002203880A60CDE94F
:10D540000122428806460D46002A69D0028802F46C
:10D55000E042B2F5804F63D023F0FF03B3F5E24F12
:10D5600002D0B3F5824F04D13046FFF746FD0446A2
:10D57000D8B9304602AA01A9F4F784FA0446002873
:10D5800043D1019B9B6A9BB10199304601F128036D
:10D59000D1E90912F4F79CFE0446002839D1294646
:10D5A0000198F4F7D5F9044678BB204604B070BD65
:10D5B00073681B0A22D13088718800F4E043B3F508
:10D5C000805F15D0B3F5005F12D020F0FF03B3F5F4
:10D5D000E24F22D1C0B242280ED10831C9080391CE
:10D5E00003990198FFF7E8FD04460028CCD00CE031
:10D5F000FFF7B3FD044640B90731EFE7304603A912
:10D60000F4F74CFE04460028EAD00198F4F79CFA9F
:10D61000CBE70198FFF705FEF7E76FF08504F4E725
:10D620006FF08604C1E71C22002101F0D4B9037F0A
:10D63000022B06D1036A5A1C03D001330362002077
:10D6400070476FF09600704703466FF040420846FF
:10D65000591E914207D338B103F1404393428CBF26
:10D6600000200120704701207047034668B1017F08
:10D670008A1E012A0BD80329026A03D1012A01D18B
:10D68000FFF7DABD1AB1013A1A62002070476FF055
:10D690009600704700207047C0B2FF280CBF6FF0A3
:10D6A000860000207047F4F7DBBF70470368052B46
:10D6B00002D10830F5F72CBF6FF08600704710B428
:10D6C0000468052C04D15DF8044B0830F5F73ABF27
:10D6D0006FF086005DF8044B70470368052B02D19C
:10D6E000083000F000BA002070470020F5F768B954
:10D6F0000020F5F79FB9002000F013B9E1F780BBD7
:10D700000A2840DCC31C22DA10F1400F47D010F188
:10D710003F0F2BDA10F1410F44D010F1550F44D0D8
:10D7200010F1490F08BF6FF0840018BF6FF086003A
:10D73000704709282AD8DFE800F0052929081629AA
:10D740003829292F6FF09800704700207047C31CBC
:10D750000D2B1BD8DFE803F0072F1A1C1A1A1A1A10
:10D760001A1A1D1A1A1D6FF08500704710F1210F4B
:10D770001ED00BDB10F1200F1DD010F1100F08BFD1
:10D780006FF09400D1E764380928D2D96FF0860091
:10D7900070476FF0940070476FF08C0070476FF027
:10D7A000840070476FF0890070476FF093007047F6
:10D7B0006FF0880070476FF09200704710B5013825
:10D7C0000A44914200D110BD10F8013F11F8014BFD
:10D7D00063400370F5E70144814200D1704711F8BE
:10D7E000013D1A440A70120AF6E730B5002503F528
:10D7F0008073013A002A0DDAFF2BDAB28CBF0021C8
:10D80000012152EA050003D0FF2B94BF0020012024
:10D81000401A30BD845C1C448B5C013AE41A230A34
:10D82000E4B2FF332543E5E7002313B58DF8073055
:10D830008B4206D19DF80700B0FA80F0400902B093
:10D8400010BDC45C9DF80720013322438DF80720EA
:10D85000EEE78B4230B50CD8002421469C4203D120
:10D86000081E18BF012030BD155D05552943013440
:10D87000F4E70020F7E710B58B4294BFC4184418B2
:10D88000A04200D110BD00F8012BF9E700231A4691
:10D8900082B001908B4201D102B070470198C2540E
:10D8A0000133F7E707B501A9F4F7E0FF003818BF27
:10D8B000012003B05DF804FB0368D90444BF43F4BE
:10D8C0008063036003689A0444BF43F40063036009
:10D8D0007047F7B506460D46202D2F46A8BF2027D6
:10D8E00000216846F6F7FCF8044670B93A4631461E
:10D8F0006846F6F747F910F1520F044608D0431C6A
:10D90000F4D0684600F0C4FB34B1204603B0F0BD4B
:10D91000684600F0BDFBE3E7EC1B3E44F5D025462E
:10D92000DAE700207047F0B40027059E049D0488C4
:10D9300037606DB124F0FF04B4F5E24F02D1F0BCC2
:10D94000F6F766BCB4F5824F06D1F0BC00F0F6BD28
:10D950006FF08600F0BC70476FF08500FAE7F5F7CE
:10D960004DBACA0448BF41F480618B0448BF41F4FA
:10D97000006181607047C0F30253013B10B5052B75
:10D9800021D8DFE803F0030B0B0B1B13012300F07E
:10D9900030002028136013D0002010BD0B8844F203
:10D9A00012118B420CBF04230223F0E70B8844F2D0
:10D9B00012118B4214BF03230623E8E70323E6E793
:10D9C00002331360E8E76FF09800E6E713B50C4602
:10D9D000F4F74CFFC31C0FD0013009D004224FF0E4
:10D9E000FF3321460DEB0200019300F0BDFF30B97B
:10D9F0006FF08B0002B010BD6FF08400FAE70020DA
:10DA0000F8E730B589B0054618220C4601A8002178
:10DA100000F0E1FF012344EA052401A9BA2007949C
:10DA20000593F4F7DDFE002818BF6FF0920009B0EF
:10DA300030BDF7B5BA2001A9F4F718FF044610B1BC
:10DA4000002003B0F0BD019D2F0AEDB2AC4205D11C
:10DA5000BA20F4F7F1FE0028F2D008E0E6193046CB
:10DA6000F4F7EAFE30B13046FFF71CFF10B96FF053
:10DA70009200E6E70134E9E738B50378044603335A
:10DA800003F00303012B0FD86FF0210038BD60783D
:10DA90002844F4F7C3FE48B901352378C3F3820361
:10DAA0009D42F4D30020F1E70025F6E70220EDE7E0
:10DAB00008B5F820FFF7F6FE18B9F920FFF7F2FED7
:10DAC00010B16FF0920008BDF820F4F7A7FE00280F
:10DAD000F7D1F920F4F7A2FE0028F4D0F1E7F5F72A
:10DAE000D1BCF5F7CFBC08B54FF41371FFF7CEFEEC
:10DAF000002008BD002310B500F11002103112F80B
:10DB0000014D43EA4403824201F8013D4FEAD41338
:10DB1000F5D110BD002370B588B0CDE90033CDE953
:10DB200002330C46154600F58C716A4604AB00F5CD
:10DB3000BE7000F029FD0646C0B9214604A8FFF7D3
:10DB4000D9FF9DF910302946002BB8BFE37B204652
:10DB5000BCBF83F08703E373FFF7CCFF94F9003079
:10DB6000002BBEBFEB7B83F08703EB73304608B01E
:10DB700070BD2DE9F84F044688461546002700F58C
:10DB8000B27900F5AA7AADB92DE032464946504641
:10DB9000FFF714FE5346524604F58C7104F5BE702F
:10DBA00000F0F2FC00BB0146C4F87401324648465E
:10DBB00000F011FFD4F8740108EB0701C0F1100B5D
:10DBC000AB4528BFAB4648445A4600F0DDFED4F8CA
:10DBD00074615F445E44102EC4F87461A5EB0B05BC
:10DBE000D1D1002DD1D10020BDE8F88F0023F0B5B0
:10DBF0008DB008AA04A90446CDE90033CDE902336B
:10DC0000FFF788FF80BBD4F8745104F5B276102D6D
:10DC10002A462BD1304604A9FFF7D0FD6D46334686
:10DC200004F5BA772A4618685968083303C2BB421C
:10DC30001546F7D104F5AA75102269462846FFF764
:10DC4000BDFD2B462A4604F58C7104F5BE7000F02C
:10DC50009BFC48B904F10C0355F8042BB54243F87A
:10DC6000042BF9D1102363600DB0F0BD3146684636
:10DC700000F08AFE05F130030DEB0305802310222E
:10DC8000684608A905F8303CFFF798FDD2E7F8B5DB
:10DC900000F120040E4600F58C71204617461D4603
:10DCA000F5F7E2FD18B1BDE8F840FFF729BD3A46A7
:10DCB0003146204600F039F90028F4D129462046A3
:10DCC00000F064F90028EED1204600F0D4F90028D5
:10DCD000E9D1F8BD38B54368054653B11C6914B1A4
:10DCE0005869A047044605F10C00F5F7DFFF204610
:10DCF00038BD1C46F7E773B5064601A8F6F74AF9A2
:10DD0000044680B906F10C00F5F7A6FF019800F073
:10DD1000A0F8044650B973682BB1DA681AB1586993
:10DD20009047054618B9204602B070BD05463046FA
:10DD3000FFF7D0FF002814BF04462C46F3E770B568
:10DD4000057B0446002D38D0B2F1807F06D3FFF763
:10DD5000C1FF002808BF6FF03F0070BD80682569D3
:10DD60001044A060296002F10F00216920F00F002B
:10DD700040F000558D60256826692D68811A2D694F
:10DD8000824245EA0125F560256905F11005256106
:10DD900065692B6063699A60636903F110056561C9
:10DDA00001D10020D9E700221A61636941F0804166
:10DDB0009960636910336361F3E76FF02000CCE78B
:10DDC00038B5027B32B3016882680C7AA24206D26F
:10DDD000FFF780FF002808BF6FF0530038BD4C7A72
:10DDE000B2FBF4F504FB152232B1FFF773FF0028F4
:10DDF00008BF6FF04500F1E7C269497911421CBFC5
:10DE00008A43C261602100F170020C30F5F78EFD8B
:10DE10000020E3E76FF02000E0E738B5037B05461C
:10DE200063B1F5F7F9FD431C044605D02846FFF71A
:10DE300051FF002818BF0446204638BD6FF020046B
:10DE4000FAE710B504462046FFF7E7FF431CFAD077
:10DE500010BD10B59EB0024646F611031AA901A8DE
:10DE6000F5F750FD0023039A10211360039A01A8CF
:10DE70009360039B1AAA10330393F5F757FDF5F748
:10DE8000CBFD431C0446FAD001A87421FFF7FEFC29
:10DE900020461EB010BD38B502690546146914B19C
:10DEA0005069A047044605F11400F5F7FFFE20462F
:10DEB00038BD08B5826803465AB902681169426ADA
:10DEC000114206D0FFF7E7FF002808BF6FF05300AC
:10DED00008BD03F11400702103F17802F5F726FD67
:10DEE0000020F5E773B5064601A8F6F753F8044697
:10DEF00078B906F11400F5F7AFFE0198FFF7A9FF16
:10DF0000044648B93269D3681BB150699847054641
:10DF100018B9204602B070BD05463046FFF7BBFF7A
:10DF2000002814BF04462C46F3E710B5047D0346D1
:10DF30004CB3B2F1807F06D3FFF7ADFF002808BFD6
:10DF40006FF03F0010BD4468062C06D9FFF7A3FF11
:10DF5000002808BF6FF04400F4E70AB90020F1E799
:10DF60008069016099698A60186899698069C068E8
:10DF7000C86099691031996159680131596099688F
:10DF800011449960EAE76FF02000DBE710B4037DED
:10DF9000002B57D08368C3B9836900F124021A604B
:10DFA000036882691B68013343F00053936004687F
:10DFB00082692368A4690133E4681B0203F4F853FF
:10DFC0002343D360836910338361036882681C68CC
:10DFD000131923EA040384699B1A54F8042C42EAB7
:10DFE000032244F8042C826952F8084C234443F07D
:10DFF000005342F8083C03681A68C368134423EAD4
:10E000000203C2691160C269C1689160C26902F10C
:10E010001001C161C1688B420AD000211161C16841
:10E02000C2695B1A43F080439360C3691033C361D4
:10E030000368DA68436A23EA020343625DF8044B2B
:10E04000FFF737BF6FF020005DF8044B704738B51D
:10E05000037D054663B1F5F7DFFC431C044605D09C
:10E060002846FFF718FF002818BF0446204638BD91
:10E070006FF02004FAE710B5037D04462BB120466B
:10E08000FFF7E5FF431CFAD010BD6FF02000FBE75F
:10E0900010B5037804461BB1F4F7ACFA00232370E3
:10E0A000002010BD0368D868C0F3004070470368C3
:10E0B00003F580535B6A13F4A02F14BF01200020E6
:10E0C0007047022203689A6070470368D868F5F7C2
:10E0D00015BF024608B5136803F580535B68C62B6D
:10E0E00009D01046FFF7DEFF0028F4D11046BDE846
:10E0F0000840FFF7EABF6FF0010008BD03685A50FF
:10E1000070470369996670470369986E704770B5E8
:10E1100006460D461446FFF7F7FF013D026844EA44
:10E120000524304622430421BDE87040FFF7E6BFD6
:10E1300073B50546D0E90146CDE90023FFF7E4FFBA
:10E1400003689DF8002013F0805FE8689DF80730B1
:10E1500004EB061416D002F03F0242F0200243F016
:10E160000103A0F10801201A8DF800208DF8073076
:10E1700000F07BFA083C08226946204600F09CFA31
:10E1800002B070BDA41B03F03F0342F0010243F054
:10E190002003A0F1080104F108008DF800208DF89B
:10E1A000073000F062FAE6E710B50446FFF7ACFF6F
:10E1B000C2684AB142F420222046BDE81040002146
:10E1C00042F40062FFF79ABF10BDC06870472DE9A6
:10E1D000F8430A680C4612F4700F15D1D0E90159C2
:10E1E000D1F80880FFF790FF03682046DB0048BFA6
:10E1F00063684FF0000744BFA9EB0303ED1800F07C
:10E20000B7F80646B74201DBBDE8F8834146284629
:10E21000626800F051FA63684D4498440137F1E7B1
:10E2200070B50C461E461046D1E9012505EB4205A6
:10E23000294600F041FA62683046A918BDE87040EE
:10E2400000F03ABA2DE9F04F044685B00E469146EB
:10E250000193FFF759FFD4E9018BD4F848A0054694
:10E260008768BAF1000F07D02046F5F7DFFD1025CB
:10E27000284605B0BDE8F08FF5F790FD326811062D
:10E280004CBFC26842687168914204DD2046F5F7D0
:10E29000CDFD0D25ECE7E1603268204649EA020930
:10E2A0002A6949EA0202FFF732FF2A68D20003D541
:10E2B000E268ABEB020290443FB931462046FFF7DB
:10E2C00086FF2B696BB90025D2E7FB0748BF019B8E
:10E2D0004FEA670744BF43F82A800AF1010AD8448D
:10E2E000EAE702A800F09FF9054618B12046F5F7C5
:10E2F0009DFDBDE72046DDE90223FFF719FF082158
:10E300000DEB0100FFF7C2FADDE710B50446FFF799
:10E310004BFFBFF35F8F03222046BDE8104008216A
:10E32000FFF7ECBEC0F30B03482B4B6028BF48231C
:10E3300010F4003F8B6008BF0023CB6010F48033E3
:10E3400008BFC1E9013300F47003B3F5700F14BFC7
:10E3500000238B6800284FF0010C4FF008028B60FF
:10E36000B8BF0023C1E905C2B8BFC1E90533704792
:10E370000368024613F4700F06D1806828B1D36891
:10E38000506893FBF0F07047002070472DE9F04F84
:10E390004FF0000B91461E46448805888BB005F46B
:10E3A0004F4300940734B3F5824F82460F464FF037
:10E3B0001C0259464FEAD40803A818BF5D46CDF8A1
:10E3C00008B000F008FBC845C6F800B041D8B4F565
:10E3D000847F41D26A4649465046F5F7CBFE044653
:10E3E00040BBEDB22846009901AAF5F7F9FD0446B5
:10E3F00000BBA5F14103012B20D8424602A9F4F746
:10E4000019FB20BB414602A8FFF70EFA38BB412D8D
:10E4100005D1B8F1200F02D102A800F098F94246C8
:10E42000384602A900F0B0FA202102A8FFF72EFA20
:10E43000C6F8008020460BB0BDE8F08F4A4639464A
:10E44000019800F08FF90028EED0FFF759F9044643
:10E45000F0E76FF08904EDE76FF08504EAE76FF00D
:10E460009304E7E72DE9F341DDF820801E46438859
:10E4700042450F461546019315D8294601AAF5F7DE
:10E4800079FE044658B92B463A4641463046FFF7D6
:10E49000E0F958B10A9B019A1A60099B1D60204659
:10E4A00002B0BDE8F0816FF08904F8E76FF08604F0
:10E4B000F5E72DE9F0411F460588438894B00293A3
:10E4C00005F44F43B3F5824F064614461346D0F881
:10E4D0000C800A4603A84FF0410118BF0025FFF742
:10E4E000B8F918B31A9B9C4223D83046214602AA99
:10E4F000F5F740FE0646A8B9E9B21229029D01D0FF
:10E50000302906D12A464046009403ABF5F7FCFDBE
:10E5100090B92246384603A900F036FA1C9B1D60CC
:10E520001B9B1C60304614B0BDE8F0816FF086067E
:10E53000F8E76FF08906F5E70646F3E710B51846E9
:10E54000029B1446934205D300F01EFA0020039B61
:10E550001C6010BD6FF08900FBE770B5059E044696
:10E560001546FFF7ECFB18B1BDE87040FFF7C8B8DF
:10E570002046FFF725FC0028F6D12046FFF761FC76
:10E580000028F1D13560EFE77FB5044615461E46F9
:10E59000F5F700F920B104B0BDE87040FFF7B0B85E
:10E5A000102203AB01932946334620460092FFF721
:10E5B000D4FF04B070BDF5F713BFF8B50746164693
:10E5C000D2E900208A420C460BDB551A294600F09E
:10E5D0004CF82246394670682844BDE8F84000F0FF
:10E5E00099B8891A3944F8E770B514460E461D46A5
:10E5F00021461A46FFF7E1FF2146304605F10802A1
:10E60000BDE87040FFF7D9BF70B5054616461C46F9
:10E610001A46F5F7E5FE2246314605F10800BDE849
:10E620007040F5F7DDBE10B50446F5F7B7FB43695A
:10E6300053B12046F5F7AEFC40B9002CF9D0201DAF
:10E64000BDE81040F5F7A6BC6FF0020010BD13B591
:10E6500004461046226801921A4601AB184400F0A5
:10E6600093F9019B236002B010BDF7B505460C4637
:10E6700001B3002310F0030601930BD0C6F1040789
:10E680003B46324601A920F00300FFF7E0FF344487
:10E690003D44043C0021284624F0030200F09BF98D
:10E6A00014F0030306D024F00304002201A9281962
:10E6B000FFF7CDFF03B0F0BD2DE9F04110F00307E7
:10E6C00005460E4614460BD0C7F1040843463A46A9
:10E6D00020F00300FFF7BBFF043C454446443C44A4
:10E6E000324624F00303291F33449A420BD114F01D
:10E6F00003030DD024F00304311928190022BDE8CA
:10E70000F041FFF7A4BF52F8040B41F8040FECE707
:10E71000BDE8F08173B5034614460D460CB902B04E
:10E7200070BD05F00301C1F10406A64228BF2646CC
:10E7300025F00302126801A80192014432461846EE
:10E7400000F022F9034635443344A41BE6E703787E
:10E7500023F007030370C37F03F07F0343F04003FC
:10E76000C37770470B46D0E901108A42084402D3B0
:10E770001A4600F003B86FF0400070472DE9F047EB
:10E780000446104639B122460023164612F8015BB2
:10E7900035B98B4202D16FF0530435E00133F4E711
:10E7A0008B42F8D04A1E9A4201D1022DF3D9A25CC5
:10E7B000D2072FD5FF2415EA040228D1E443A1EBA8
:10E7C0000308C718FFF757F8E5B208EB070A4246F7
:10E7D00039460020F4F72EF90446E8B93B78814623
:10E7E0002B403B703B4613F8012B534549EA020985
:10E7F000F9D10023424631463846FEF7F6FFB9F11B
:10E80000000FE4D00028E2DA2046BDE8F08764007B
:10E81000E4B2D0E76624F7E70224F5E7F0F794BC0A
:10E820004FF0FF324FF0FF33F0F716BCFCF7D6BDC8
:10E830004FF0FF324FF0FF33F0F70EBCF0F784BC1F
:10E8400000F074B807B54FF0FF334FF0FF32CDE959
:10E850000023002200F077F803B05DF804FB00F01D
:10E860006EB800F068B8FDF778B82DE9F3470446B4
:10E87000DDE90A9815460E4659B302F0010AF1F790
:10E88000C1FA0746EFF31181402383F31288BFF3E7
:10E890006F8FA80744BF0023A360A36803EA0600A4
:10E8A000BAF1000F0CD086420CD16A0744BF8343F3
:10E8B000A36081F31188BFF36F8F02B0BDE8F087CA
:10E8C0000028F2D159EA080305D181F31188BFF37A
:10E8D0006F8F0020F1E7C7E91A652246CDE900985D
:10E8E00004F10C00F1F7E0F80028F2D1B86EE4E78B
:10E8F00010B54B68D0E91A4212F0010F03EA040385
:10E9000001D09C4210D17BB18366520744BF8A6814
:10E910001A430B6848BF8A6043660123086080F889
:10E9200070301830FDF782F8002010BD0023C0E9D8
:10E930000000836070474FF0FF32F5F7C9BD0A460B
:10E940000021F5F7C5BD5200FFF78FBFC9B20346DE
:10E95000024410B59342184601D1002003E0047828
:10E9600001338C42F6D110BD0139024410B59042FA
:10E9700001D1002005E0037811F8014FA34201D036
:10E98000181B10BD0130F2E70A44431E914200D12A
:10E99000704710B511F8014B914203F8014FF9D1BE
:10E9A00010BD884210B501EB020402D9844223460F
:10E9B00007D8431EA14208D011F8012B03F8012FFC
:10E9C000F8E7024401468A4200D110BD13F8014D18
:10E9D00002F8014DF7E702440346934200D1704725
:10E9E00003F8011BF9E738B502FB01F52946F5F7F5
:10E9F000E7FF044618B12A460021FFF7ECFF204646
:10EA000038BDF8B5074615460C4621B91146BDE894
:10EA1000F840F5F7D5BF22B9F5F788FF0024204666
:10EA2000F8BD00F0B2F9A842F9D229463846F5F708
:10EA3000C7FF06460028F1D021462A46FFF7A4FF6B
:10EA4000214638463446F5F771FFE8E79368013B05
:10EA5000002B936010B408DA9469A34201DB0A2901
:10EA600003D15DF8044BF6F76FBA1368581C1060B9
:10EA7000084619705DF8044B7047F8B506460F4616
:10EA80001446D518AC4201D1002007E03A4614F8EC
:10EA9000011B3046FFF7DAFF431CF3D1F8BD2DE927
:10EAA000F047164698468A6807460B690C46DDF81B
:10EAB00020909342B8BF1346336091F843200AB1C7
:10EAC000013333602368990642BF336802333360F1
:10EAD000256815F0060506D104F1190AE3683268C5
:10EAE0009B1AAB422BDC94F843302268003B18BFE2
:10EAF0000123920630D404F1430241463846C84708
:10EB0000013023D023681A3454F80A2C03F006038A
:10EB1000042B0ABF54F80E5C002533684FF0000642
:10EB200008BFED1A54F8123C08BF25EAE575934278
:10EB3000C4BF9B1AED18B5421AD1002008E001238A
:10EB4000524641463846C847013003D14FF0FF30A6
:10EB5000BDE8F0870135C1E7E1185A1C30200233C7
:10EB6000224481F8430094F8451082F84310C2E72C
:10EB70000123224641463846C8470130E6D00136D7
:10EB8000D9E7034611F8012B03F8012B002AF9D12C
:10EB900070470139034610B532B111F8014F013AFF
:10EBA00003F8014B002CF7D11A440021934200D105
:10EBB00010BD03F8011BF9E70246014410B58A4273
:10EBC000134603D01C780132002CF8D1181A10BD5E
:10EBD000B1F90C202DE9F041170705460C4656D433
:10EBE0004B68002B02DC0B6C002B3DDDE66A002E2F
:10EBF0003AD0002312F480522F68216A2B6025D06E
:10EC0000626DA389580705D56368D21A636B0BB18F
:10EC1000236CD21A216A0023E66A2846B047411CB9
:10EC200024D00023636023692360A389DA0400D51C
:10EC30006065616B2F60B9B104F14403994202D061
:10EC40002846F5F773FE002363630DE00123284691
:10EC5000B047461C0246D4D12B68002BD1D01D2BC7
:10EC600001D0162B2AD12F6000202EE02A68B4F99B
:10EC70000C3042B11D2A01D0162A21D10023636035
:10EC800023692360D5E7626022692260CEE70F69BD
:10EC9000002FE9D093070E680F600CBF4B6900236B
:10ECA000A6EB07088B60B8F1000FDDDD43463A465E
:10ECB000216A2846A66AB047002808DCB4F90C305F
:10ECC00043F040034FF0FF30A381BDE8F0810744DB
:10ECD000A8EB0008E7E770B568234D1E0E465D43BC
:10ECE00005F17401F5F76CFE044640B1002105F111
:10ECF0006802C0E900160C30A060FFF76CFE2046E9
:10ED000070BD2DE9F8430646884600F14804002707
:10ED1000D4E90195B9F1010905D52468002CF7D192
:10ED20003846BDE8F883AB89012B07D9B5F90E3019
:10ED3000013303D029463046C04707436835E9E729
:10ED400070B50C46B1F90E1096B0154600291E4656
:10ED50000CDAA389002113F0800F14BF40234FF475
:10ED60008063002031602B6016B070BD6A46F6F7F4
:10ED700013FB0028EDDB019901F47041A1F500536C
:10ED8000594259414FF48063EBE751F8043C181F96
:10ED9000002BBCBF0B58C018704710B50C46B1F91A
:10EDA0000E10F6F72DFB0028ABBF636DA3891B186F
:10EDB00023F48053ACBF6365A38110BD2DE9F041FE
:10EDC0001F468B8905460C46DB05164605D50223F2
:10EDD0000022B1F90E10F6F701FBA3893246B4F90F
:10EDE0000E10284623F48053A3813B46BDE8F04132
:10EDF000F6F7B0BA10B50C46B1F90E10F6F7EEFA08
:10EE0000431CA38915BF606523F4805343F48053EA
:10EE1000A38118BFA38110BDB1F90E10F6F7ACBAEB
:10EE200080B483B000AF78600B46FB707B681A68D3
:10EE3000FB7803F5E0739B0013441B6818460C37FE
:10EE4000BD465DF8047B704780B485B000AFF860C4
:10EE50000B467A60FB72FB681A68FB7A03F5E07375
:10EE60009B0013447A681A6000BF1437BD465DF8F2
:10EE7000047B704780B483B000AF78600B46FB70B2
:10EE80007B681A68FB7803F5A0739B0013441B682A
:10EE900018460C37BD465DF8047B704780B485B0DA
:10EEA00000AFF8600B467A60FB72FB681A68FB7A69
:10EEB00003F5A0739B0013447A681A6000BF1437EF
:10EEC000BD465DF8047B704780B584B000AFF86044
:10EED000B9607A60FB68002B05D0BB68002B02D0BC
:10EEE0007B68002B02D16FF00C030BE00C22002199
:10EEF000F868FFF770FDFB687A681A60FB68BA680B
:10EF00005A60002318461037BD4680BD80B582B0D8
:10EF100000AF78604FF0FF3209217868FFF7BEFF3D
:10EF200000BF0837BD4680BD80B584B000AF7860B3
:10EF300010217868FFF79EFF0346FB60FB6823F013
:10EF40000F031A4610217868FFF7A8FFF022092165
:10EF50007868FFF7A3FF00BF1037BD4680BD80B5BE
:10EF600086B000AF7860002208217868FFF796FF2E
:10EF70007868FFF7D9FF00237B613B7D43F00103F5
:10EF80003B757B691A4602217868FFF787FF3B7D56
:10EF90006FF300033B757B691A4602217868FFF71F
:10EFA0007DFF7868FFF7B2FF7868F6F77FFA4FF0D9
:10EFB000FF333B613B691A4612217868FFF76EFF09
:10EFC0000023FB603B7B6FF300033B733B7B43F011
:10EFD00002033B733B7B43F004033B733B7B43F0F7
:10EFE00008033B73BB7B43F00303BB73FB7B43F022
:10EFF0001003FB73FB681A4610217868FFF74EFF79
:10F0000000BF1837BD4680BD80B582B000AFF6F7AF
:10F0100009FA78607868FFF7A2FF786800F0E6FAEE
:10F02000002318460837BD4680BD80B400AF0023DA
:10F030001846BD465DF8047B704780B584B000AFCC
:10F040007860F6F7EFF9F860FB687A681A60FB6899
:10F05000022283F83820FB681B68002B02D14FF096
:10F06000FF331CE00021F868FFF704FF0246FB684D
:10F070005A600121F868FFF7FDFE0246FB689A60BE
:10F08000FB685A68FB689B6819461046F6F7D4F986
:10F090000346002B02D06FF0050300E00023184662
:10F0A0001037BD4680BD80B584B000AFF8600B4618
:10F0B0007A607B81FB6800225A617B681A4638219E
:10F0C000F868FFF7EBFE7A8913461B0413441A46CF
:10F0D0003921F868FFF7E2FE01223C21F868FFF7CA
:10F0E000DDFE012318461037BD4680BD80B582B0D5
:10F0F00000AF7860002208217868FFF7CFFE00BFDC
:10F100000837BD4680BD80B582B000AF78607B68AF
:10F110009B691A4620217868FFF796FE00BF0837E2
:10F12000BD4680BD80B582B000AF78600022082166
:10F130007868FFF7B3FE002220217868FFF784FE8D
:10F1400000BF0837BD4680BD80B586B000AF78608F
:10F1500039603B681A1D3A601B683B610023FB82E3
:10F160001FE03B68FB60FB681B68FA68526892B25C
:10F17000920090B2FA6808321146984703467B81A4
:10F18000B7F90A30002B02D0B7F90A300EE0FB685D
:10F190005B6802339B003A6813443B60FB8A01338F
:10F1A000FB82FB8A3A699A42DBD80023184618375B
:10F1B000BD4680BD80B588B000AFF8600B467A6070
:10F1C000FB72FB6893F83C30042B14D1FB7A83F07C
:10F1D0000103DBB2002B01D000232BE1FB7C0122D9
:10F1E00062F30513FB747B681B689BB23B827B68F0
:10F1F0005B68BB616AE0FB7A002B0BD07B68002266
:10F200009A607B685A687B689B689B0013441B6804
:10F210003B611EE07B685A687B689B689B001344D7
:10F220001B683B617B689B683A8A13445A1C7B6865
:10F230009A607B689A687B681B689A4201D30023B6
:10F24000F8E07B685A687B689B689B0013441B68E6
:10F250003B617B685A687B689B6801339B00134461
:10F26000BB6133E0FB6893F83930FB75B969F86826
:10F27000FFF76AFF0346FB83B7F91E30002B02D06D
:10F28000B7F91E30D6E0FB68FA7D83F839207B6839
:10F290009B683A8A13445A1C7B689A607B689A6818
:10F2A0007B681B689A4201D30023C3E07B685A68DD
:10F2B0007B689B689B0013441B683B617B685A68B2
:10F2C0007B689B6801339B001344BB61FB7C03F0AC
:10F2D0003003DBB2202BC5D01EE07B689B683A8AE6
:10F2E00013445A1C7B689A607B689A687B681B6829
:10F2F0009A4201D300239DE07B685A687B689B6833
:10F300009B0013441B683B617B685A687B689B6861
:10F3100001339B001344BB61FB7C03F03003DBB281
:10F32000302BDAD0FB6893F83C30042B1BD0FB7CED
:10F3300003F04003DBB2002B0DD0FB7C03F0300365
:10F34000DBB2102B14BF01230023DBB21A46FB688B
:10F3500083F83C2007E0FB7CC3F30113DBB21A46C1
:10F36000FB6883F83C20FB7C03F03003DBB2102BFE
:10F3700017D1FB7C03F00403DBB2002B02D1F86849
:10F38000FFF7B4FE3B8ABA691946F868FFF78BFEAF
:10F390000346FB83B7F91E30002B22DAB7F91E3083
:10F3A00048E0FB7C03F03003DBB2002B17D1FB7C81
:10F3B00003F00403DBB2002B02D1F868FFF7A3FED1
:10F3C0003B8ABA691946F86800F04DF90346FB8399
:10F3D000B7F91E30002B04DAB7F91E302AE00023FB
:10F3E00028E0FB7C03F00403DBB2002B1FD17B6819
:10F3F0009B683A8A13445A1C7B689A607B685A68F7
:10F400007B689B689B0013441B683B61FB7CC3F3D8
:10F410000113DBB21A46FB6883F83C207B685A680C
:10F420007B689B6801339B001344BB619BE700BF73
:10F43000B7F91E3018462037BD4680BD80B582B072
:10F4400000AFF6F7CBF90346FB80B7F90630184654
:10F450000837BD4680BD80B584B000AFF5F7E2FF48
:10F46000F860F8F7A2FFB860FB681B6B002B14BFB5
:10F4700001230023FB71B868F8F79FFFFB7918465A
:10F480001037BD4680BD80B582B000AFF5F7CAFF2A
:10F4900078607B68002283F83920E3F7EFFB00BF38
:10F4A0000837BD4680BD80B584B000AF78600B469C
:10F4B000FB701346BB700023FB81E3F7E5FBF5F718
:10F4C000B1FFB8607B68002B02D14FF0FF3329E019
:10F4D000FB78032B02D0FB78012B02D1B868FFF731
:10F4E00021FEBB68FA7883F83920BB687A685A63D2
:10F4F0007A680121B868FFF75DFE0346FB81B7F922
:10F500000E30012B04D1B868F6F70CF90346FB81E5
:10F51000BB7883F00103DBB2002B01D0E3F7D6FB0D
:10F52000B7F90E3018461037BD4680BD80B483B0A1
:10F5300000AF78600B46FB707B681A68FB7803F5B8
:10F54000E0739B0013441B6818460C37BD465DF8FA
:10F55000047B704780B485B000AFF8600B467A60DA
:10F56000FB72FB681A68FB7A03F5E0739B00134497
:10F570007A681A6000BF1437BD465DF8047B704797
:10F5800080B584B000AF78600023FB60FB681A464A
:10F5900020217868FFF7DEFF4FF00073BB603B7AF5
:10F5A00043F001033B72BB681A461D217868FFF7E0
:10F5B000D1FF1D217868FFF7B9FF0346BB603B7A96
:10F5C0006FF300033B72BB681A461D217868FFF792
:10F5D000C1FF1D217868FFF7A9FF0346BB6078686B
:10F5E000F6F74AFA00BF1037BD4680BD80B584B03B
:10F5F00000AF78607B68FB60FB68002B02D14FF0A6
:10F60000FF3315E01221F868FFF790FF0246FB6810
:10F61000DA60FB68DB681846F6F7EAFA0346002B67
:10F6200002D06FF0050303E0F868F6F725FA00232F
:10F6300018461037BD4680BD80B584B000AF7860F5
:10F640007B680022DA610023FB607B7B43F00103CF
:10F650007B73FB681A4610217868FFF77BFF00BFB9
:10F660001037BD4680BD80B588B000AFF860B96086
:10F670007A607B68FB61BB681B09BB760023FB7665
:10F6800012E000237B61FB697B617B691A461B21C9
:10F69000F868FFF75FFF97F91B30DBB20133DBB28D
:10F6A000FB76FB694033FB6197F91B2097F91A3011
:10F6B0009A42E6DB97F91A30002B02DDF868FFF773
:10F6C000BBFF012318462037BD4680BDBBFE400A64
:10F6D0007047B1EEC00A704710B52DED028BB0EE49
:10F6E000408A0446F8F701FF0460B0EE480ABDEC1A
:10F6F000028B10BDF0EE407A30EE407AF4EE677A7D
:10F7000087EE070AF1EE10FA02D62120FFF7E4BFD8
:10F71000704751EC100B024621F0004343EC102BD4
:10F72000704782B08DED000B019840F0004000F56D
:10F730008010C00F02B0704710EE103A23F0004363
:10F7400000EE103A704710EE103A23F00040B0F18E
:10F75000FF4FACBF002001207047B7EE400A704752
:08F76000ECDDFD7F010000005B
:10F76800953F010000000000E5CB0100000000000B
:10F77800CD3E010000000000B9400100000000007B
:10F788000000000040F802000DEE0100000000003B
:10F7980031EE0100000000000000000078F80200CF
:10F7A800000000005CF802000000000094F802006D
:10F7B800B9DC0100000000003DAC020000000000C0
:10F7C80000000000B0F8020000000000CCF80200C1
:10F7D800EDB90100000000002BAA020000000000A3
:10F7E800E51F0100000000009584020000000000F1
:10F7F80000000000E8F8020069EA000000000000CC
:10F808000DF30100000000000000000004F90200F0
:10F818005D42010000000000B1AB020000000000E2
:10F82800BBAB0200000000005145010000000000D1
:08F83800852D01000000000015
:10F84000B1D103007099030070020300340A002054
:10F850008C89002025B7010000000000E9D10300D9
:10F86000A499030038020300380A0020088A002007
:10F8700011BC010000000000F5D10300B89903009D
:10F88000380203003A0A0020148A002011BC01004B
:10F890000000000000D20300CC99030038020300EE
:10F8A0003C0A0020208A002011BC0100000000005A
:10F8B000E1D103000000000030020300360A0020FE
:10F8C00000000000B7A50200000000005BD50300A7
:10F8D000309A03008C020300400A00209C8B002019
:10F8E00081A9020000000000C2D703000000000050
:10F8F000C09A0300420A0020E08B00200DD40100D2
:10F900000000000040D50300E09903005C02030002
:10F910003E0A00202C8A002085BD01000000000066
:10F9200000000000EB83020000000000EB830200F7
:10F9300000000000EB83020000000000EB830200E7
:10F9400000000000EB83020000000000EB830200D7
:10F9500000000000EB83020000000000EB830200C7
:10F9600000000000EB83020000000000EB830200B7
:10F9700000000000EB83020000000000EB830200A7
:10F9800000000000EB83020000000000EB83020097
:10F9900000000000EB83020000000000EB83020087
:10F9A00000000000EB83020000000000EB83020077
:10F9B00000000000EB83020000000000EB83020067
:10F9C00000000000EB83020000000000EB83020057
:10F9D00000000000EB83020000000000EB83020047
:10F9E00000000000EB83020000000000EB83020037
:10F9F00000000000EB83020000000000EB83020027
:10FA00000000000011DD010000000000EB83020097
:10FA100000000000EB83020000000000EB83020006
:10FA200000000000EB83020000000000EB830200F6
:10FA300000000000EB83020000000000EB830200E6
:10FA400000000000EB83020000000000EB830200D6
:10FA500000000000EB83020000000000EB830200C6
:10FA600000000000EB83020000000000EB830200B6
:10FA700000000000EB83020000000000EB830200A6
:10FA800000000000EB83020000000000EB83020096
:10FA900000000000EB83020000000000EB83020086
:10FAA00000000000EB83020000000000EB83020076
:10FAB00000000000EB83020000000000EB83020066
:10FAC00000000000EB83020000000000EB83020056
:10FAD00000000000EB83020000000000EB83020046
:10FAE00000000000EB83020000000000EB83020036
:10FAF00000000000EB83020000000000EB83020026
:10FB000000000000EB83020000000000EB83020015
:10FB100000000000EB83020000000000EB83020005
:10FB200000000000EB83020000000000EB830200F5
:10FB300000000000EB83020000000000EB830200E5
:10FB400000000000EB83020000000000EB830200D5
:10FB500000000000EB83020000000000EB830200C5
:10FB600000000000EB83020000000000EB830200B5
:10FB700000000000EB83020000000000EB830200A5
:10FB800000000000EB83020000000000EB83020095
:10FB900000000000EB83020000000000EB83020085
:10FBA00000000000EB83020000000000EB83020075
:10FBB00000000000EB83020000000000EB83020065
:10FBC00000000000EB83020000000000EB83020055
:10FBD000000000008D83020000000000EB830200A3
:10FBE00000000000EB83020000000000DD3C02008A
:10FBF00000000000EB83020000000000EB83020025
:10FC000000000000EB83020000000000EB83020014
:10FC100000000000EB83020000000000EB83020004
:10FC200000000000EB83020000000000EB830200F4
:10FC300000000000EB83020000000000EB830200E4
:10FC400000000000EB83020000000000EB830200D4
:10FC500000000000EB83020000000000EB830200C4
:10FC600000000000EB83020000000000EB830200B4
:10FC700000000000EB83020000000000EB830200A4
:10FC800000000000EB83020000000000EB83020094
:10FC900000000000EB83020000000000EB83020084
:10FCA00000000000EB83020000000000EB83020074
:10FCB00000000000EB83020000000000EB83020064
:10FCC00000000000EB83020000000000EB83020054
:10FCD00000000000EB83020000000000EB83020044
:10FCE00000000000EB83020000000000EB83020034
:10FCF00000000000EB83020000000000EB83020024
:10FD000000000000EB83020000000000EB83020013
:10FD100000000000EB83020000000000EB83020003
:10FD200000000000EB83020000000000EB830200F3
:10FD300000000000EB83020000000000EB830200E3
:10FD400000000000EB83020000000000EB830200D3
:10FD500000000000EB83020000000000EB830200C3
:10FD600000000000EB83020000000000EB830200B3
:10FD700000000000EB83020000000000EB830200A3
:10FD800000000000EB83020000000000EB83020093
:10FD900000000000EB83020000000000EB83020083
:10FDA00000000000EB83020000000000EB83020073
:10FDB00000000000EB83020000000000EB83020063
:10FDC00000000000EB83020000000000EB83020053
:10FDD00000000000EB83020000000000EB83020043
:10FDE00000000000EB83020000000000EB83020033
:10FDF00000000000EB83020000000000EB83020023
:10FE000000000000EB83020000000000EB83020012
:10FE100000000000EB83020000000000EB83020002
:10FE200000000000EB83020000000000EB830200F2
:10FE300000000000EB83020000000000EB830200E2
:10FE400000000000EB83020000000000EB830200D2
:10FE500000000000EB83020000000000EB830200C2
:10FE600000000000EB83020000000000EB830200B2
:10FE700000000000EB83020000000000EB830200A2
:10FE800000000000EB83020000000000EB83020092
:10FE900000000000EB83020000000000EB83020082
:10FEA00000000000EB83020000000000EB83020072
:10FEB00000000000EB83020000000000EB83020062
:10FEC00000000000EB83020000000000EB83020052
:10FED00000000000EB83020000000000EB83020042
:10FEE00000000000EB83020000000000EB83020032
:10FEF00000000000EB83020000000000EB83020022
:10FF000000000000EB83020000000000EB83020011
:10FF100000000000EB83020000000000EB83020001
:10FF200000000000EB83020000000000EB830200F1
:10FF300000000000EB83020000000000EB830200E1
:10FF400000000000EB83020000000000EB830200D1
:10FF5000CCF8020025A9020000000000EB8302009B
:10FF600000000000EB83020000000000EB830200B1
:10FF700000000000EB83020000000000EB830200A1
:10FF800000000000EB83020000000000EB83020091
:10FF900000000000EB83020000000000EB83020081
:10FFA00000000000EB83020000000000EB83020071
:10FFB00000000000EB83020000000000EB83020061
:10FFC00000000000EB83020000000000EB83020051
:10FFD00000000000EB83020000000000EB83020041
:10FFE00000000000EB83020000000000EB83020031
:10FFF00000000000EB8302005007002061A6020011
:020000023000CC
:1000000000000000EB83020000000000EB83020010
:1000100000000000EB83020000000000EB83020000
:1000200000000000EB83020000000000EB830200F0
:1000300000000000EB83020000000000EB830200E0
:100040001DE9010063AC020000000000EB83020028
:1000500000000000EB83020000000000EB830200C0
:1000600004F9020071A7020000000000EB83020007
:1000700000000000EB83020000000000EB830200A0
:1000800000000000EB83020000000000EB83020090
:1000900000000000EB83020000000000EB83020080
:1000A00000000000EB83020000000000EB83020070
:1000B00000000000EB83020000000000EB83020060
:1000C00000000000EB83020000000000EB83020050
:1000D00000000000EB83020000000000EB83020040
:1000E00000000000EB83020000000000EB83020030
:1000F00000000000EB83020000000000EB83020020
:1001000000000000EB83020000000000EB8302000F
:1001100000000000EB83020000000000EB830200FF
:1001200000000000EB83020000000000EB830200EF
:1001300000000000EB83020000000000EB830200DF
:1001400000000000EB83020000000000EB830200CF
:1001500000000000EB83020000000000EB830200BF
:1001600000000000EB83020000000000EB830200AF
:1001700000000000EB83020000000000EB8302009F
:1001800000000000EB8302009C06002061A6020034
:1001900009B2020063AC020000000000EB83020021
:1001A00000000000EB83020000000000EB8302006F
:1001B00000000000EB83020000000000EB8302005F
:1001C00000000000EB83020000000000EB8302004F
:1001D00000000000EB83020000000000EB8302003F
:1001E00000000000EB83020000000000EB8302002F
:1001F00000000000EB83020000000000EB8302001F
:1002000000000000EB83020000000000EB8302000E
:1002100000000000EB83020000000000EB830200FE
:1002200000000000EB83020000000000EB830200EE
:08023000A3A50200000000007C
:100238003DBA0100C7A50200D3A50200E7A5020048
:10024800F1A50200FBA5020059BC01000FA602009F
:0402580000000000A2
:10025C0029C2010065A60200C5C70100F9BD010055
:04026C0009C50100BF
:1002700089B7010001A5020061A50200000000008D
:0C0280009FA4020000000000000000002D
:0C028C003DA90200D1CA01002FA9020008
:1002980005000000CD7801000600000015A7010048
:0802A800040000008989010037
:1002B000110E0100AD0C0100000000000000000064
:1002C000000000000000000000000000000000002E
:1002D000989703000800000038980300070000000A
:0802E000BC94030006000000BD
:1002E80081AC03000300000034AD030003000000EC
:1002F80071C303000300000029CC030003000000C1
:1003080012B7030003000000C3C703000300000086
:1003180067D103000300000019B7030003000000C1
:10032800F7C4030003000000B8CD03000300000079
:100338009BC003000300000018C303000300000073
:100348004FD103000300000055C90300030000005B
:1003580013B1030003000000D1B60300030000003E
:10036800DFD7030003000000CDD70300030000001F
:1003780048D1030003000000A6D1030003000000D9
:1003880090AE030003000000D3D103000300000077
:10039800DCDC03000300000074D603000300000047
:1003A800B2AE030003000000C1AE0300030000006A
:1003B800C5AE030003000000EDAF0300030000001A
:1003C80008AC0300030000004DB003000300000068
:1003D8000BD803000300000082B5030003000000EF
:1003E80010B603000300000018B603000300000065
:1003F80031D80300030000001DD9030003000000EA
:10040800F6AF03000300000027B603000300000056
:10041800A7AE0300030000004AD503000300000054
:1004280066D5030003000000D1AD030003000000FF
:100438009494030058060020DCAF0300010000007C
:10044800040000000F000000010000000800000088
:100458002400000074000000840000000D0000006B
:100468000C0000000E000000500000008800000092
:10047800BC00000008000000FFFFFFFF490000006B
:04048800FFFFFFFF74
:100490000000000003000000A0000000F0000000C9
:1004A0000000000086BF03008BBF03008FBF030066
:1004B00093BF030097BF03009BBF03009FBF0300D0
:1004C000A3BF0300A7BF0300ABBF0300AFBF030080
:1004D000B3BF0300B7BF0300BBBF0300BFBF030030
:1004E000C3BF0300C7BF030000A0105000820D501F
:1004F0000004055000860D500500000004000000B7
:100500000100000061786F6E2D6E6E206578706559
:1005100063746564206861726477617265206D69D7
:10052000736D61746368210061786F6E2D6E6E204B
:1005300068617264776172652069643A20726561EE
:100540006420307825782C20657870656374656444
:1005500020307825780A000061786F6E2D6E6E204D
:100560007374732076616C75653A207265616420DE
:10057000253032782E253032782E253032782C20D6
:10058000657870656374656420253032782E253077
:1005900032782E253032780A00000000444542555A
:1005A00047212052455455524E494E4720535543FA
:1005B0004345535320414E59574159210A000000E9
:1005C0005761726E696E673A2049525120726567B1
:1005D00069737465722073746174757320616674D5
:1005E000657220747279696E6720746F20636C6520
:1005F00061723A20307825780000000061786F6ED3
:10060000206E6E2064756D7020726567733A0A0003
:10061000307825303278093078253038780A000073
:100620004952513A205741544348444F47202830BB
:1006300078257829000000005744472054696D65EB
:10064000723A2030782578004952513A2042555369
:100650002F4649464F202830782578290000000091
:100660004952513A203634424954204F5645524659
:100670004C4F572028307825782900005265736543
:100680007474696E672041786F6E2E2E2E00000004
:1006900073707572696F757320696E7465727275A7
:1006A00070743F2030782578206F7220307825785C
:1006B0000A3F00000A4552524F5221212120415841
:1006C0004F4E2D4E4E20494E5420535441545553B5
:1006D00020307825780A00000A4552524F522121D5
:1006E000212041584F4E2D44535020494E54205301
:1006F000544154555320307825780A000A2121218D
:1007000044535020574154434820444F472121210E
:100710000A000000726567202564203D203078259E
:100720003038780061786F6E2D6473702068617264
:100730006477617265206964206D69736D617463AB
:1007400068213A207265616420253032782E253088
:1007500032782E253032782C206578706563746588
:100760006420253032782E253032782E25303278AC
:100770000A00000044454255472120524554555235
:100780004E494E47205355434345535320414E59FC
:10079000574159210A000000010202030301000130
:1007A0000000010100000100010000010001000043
:1007B000000001000B0002000A00050009000A0009
:1007C0000800140007001E000600320005004B0060
:1007D00004006400030096000200FA000100F40126
:1007E0000000F401FA00960064004B0032001E0085
:1007F00014000A000500020001000C0802170D0198
:100800000102090901010602091818030101090979
:100810000303050302012302022409100404050551
:100820000B0B040B2B1B1B159A9A1C021D16130590
:1008300001490D150508061B1B0F01010000FEFEF6
:10084000FEFEFEFEFEFEFEFEFEFEFEFEFEFEFE16B0
:10085000FEFEFEFEFEFEFEFEFEFEFE1F1FFEFE264E
:10086000FEFEFEFEFEFEFEFEFEFEFEFEFEFEFEFEA8
:10087000FEFE3E3EFEFEFEFE3B3BA201B003BE0579
:10088000EE024806A209C405F40B241274140020D9
:100890000200000B01000000070000000000000043
:1008A00000000000000000000406080A0C0E1012F0
:1008B0001416181C1E20222426282A2C2E303234EE
:1008C00036383A3C3E40424446484A4C4E021A5062
:1008D00000000000280000001800000000000000D8
:1008E000F023000024130000000000004006000078
:1008F00040060000000098086B03000000000000A4
:10090000F0230000241300000000000048A30000B2
:1009100014A00000000040060C0300009C00002012
:100920000200000BF41400200200000C5A150020F5
:100930000200000B5A1500200100000C5815002081
:100940000100000C00000000000001010101010194
:100950000101010101010202020202020303040477
:100960000505060607070808090A0B0C0D0E0F10EF
:100970001112131415161718191A1B001001000074
:10098000D200000030010000D8000000010000008B
:10099000E400000002000000EA0000000200000085
:1009A000EC00000003000000EE0000000400000066
:1009B000F000000005000000F2000000060000004A
:1009C000F400000007000000F6000000080000002E
:1009D000F700000009000000F80000000A00000015
:1009E000F90000000B000000FA0000000D000000FC
:1009F000FB0000000F000000FC00000011000000E0
:100A0000FD00000013000000FE00000015000000C3
:100A1000FF00000018000000000000001B000000A4
:100A2000010000001F000000020000002300000081
:100A30000300000028000000040000002D0000005A
:100A4000050000003300000006000000390000002F
:100A5000070000003F000000080000000010020036
:100A6000FA00000001030062746C650000000000E1
:100A70000000000000000000000000000000000076
:100A80000000000000000000000000000000000066
:100A90000000000000000000000100000000000055
:100AA0000338FDD87047000000000000000000007F
:100AB0000338FDD87047000000000100000000006E
:100AC000763C7935EF39EA3D763C7935EF39EABD48
:100AD0000000E0FE422EE63F0000E0FE422EE6BFB0
:100AE000000000000000E03F000000000000E0BF48
:100AF00000000040FB21F93F000000002D44743E3F
:100B0000000000809846F83C0000006051CC783B23
:100B100000000080831BF0390000004020257A3857
:100B2000000000802282E336000000001DF36935DA
:100B3000803E000019000000300000001C00000092
:100B400028000000140000002000000058020000EF
:100B50002C01000005000000A9AB0300AEAB0300B0
:100B6000C7AB0300DEAB0300EBAB0300C9AA030075
:100B7000FEAB030020020000803E0000DC0A0020E3
:100B800000080000D007000007100000200A002025
:100B900001010000300A0020090A000029AD03000D
:100BA000AC0B030001000000000000004105020042
:100BB000000000000000000000020100D4AD0300AE
:100BC00000000000307C002001000200280001002D
:100BD000000000000400000000000000AC1700202E
:100BE000010003002800010027764E000300138057
:100BF0000100000002010000AC180020000000000D
:100C0000A0170000000000009C0C03008C320300C1
:100C1000A46100007C090000B074002020120000D4
:100C20003C0C03000600000001000100010001006F
:100C3000000020001D80010000000000B0740020B2
:100C40000004000080FFFFFF01000000B0780020DA
:100C50000003000080FFFFFF01000000B07B0020C8
:100C60008000000080FFFFFF01000000307C0020BA
:100C7000A000000080FFFFFF01000000D07C0020EA
:100C80000004000080FFFFFF01000000D080002072
:100C90000006000080FFFFFF010000004B09FF1F5E
:100CA0008000000602000100307C002004003300B8
:100CB0000400000000000000000000002800030005
:100CC000A000000800000000000000000000050077
:100CD00004000100241800200800030008000000A0
:100CE0000002000000000000C80000040000000036
:100CF00000000000000000000300000000000000F1
:100D0000F00000000001000080000003030001006B
:100D1000AC1700200300330003000000B000000007
:100D200028180020BC00000001000000F0000000B6
:100D300000010000800000070200010029180020C7
:100D400008003300080000000400010000A00300B8
:100D50002800330000000000AC0000040200010085
:100D6000307C0020040003000400000003000000A9
:100D7000CC00000000000101D800000001000000CC
:100D8000F0000000000100008000000705002800BE
:100D90002618002008000330000004000500280089
:100DA0008C3203002000A302C8000000A80000034A
:100DB0000000150001000100641900200400050076
:100DC000BC0000010000000080FF0000C80000031C
:100DD00000000100000003010000010303170100EF
:100DE000800100010300000000000000A4010000D9
:100DF00000000000C8010001000000C0000000C0A9
:100E000064010001001F030029070000D800000052
:100E100001000001F0000000000100006401000179
:100E2000003FFDFF360C0000640100010067FFFF7A
:100E3000E8090000640100018076FEFFA4090000BB
:100E40006401000180E20400610900006401000106
:100E500000490000490A00006401000180A1FFFF71
:100E6000C607000064010001805BFDFF210A00004D
:100E70006401000180D1FFFF1C0800006401000133
:100E8000802CFFFF8B0900006401000100E60600D2
:100E90009208000064010001804DFEFFDE090000A1
:100EA00064010001800FFDFF250A000064010001BC
:100EB000801303001F070000640100010021FEFFF2
:100EC000ED0B00006401000180BF0000BD0E0000BA
:100ED000640100018085FDFFA80A00006401000193
:100EE00000CB0000170800006401000180ABFDFF8B
:100EF000BD0600006401000100560600140A00004F
:100F000064010001007B0100A509000064010001EB
:100F10000021FFFF3E0B00006401000100A6FBFF63
:100F2000F70A0000640100018027FDFFA40700000C
:100F3000640100010024FFFF790B0000640100013F
:100F400000640200060B00006401000180C1010082
:100F5000DA0B0000640100010039FEFFB709000050
:100F600064010001800903007C0A000064010001A3
:100F700000A7FEFF49090000640100018033FFFF64
:100F80003D0900006401000100A90400A50B000058
:100F90008000000604000100B07B00200400330044
:100FA000040000000000000000000000200003001A
:100FB000A80000040000050004000100AC17002098
:100FC0000800030008000000C80000040000000042
:100FD000000000000000000003000000000000000E
:100FE000F00000000001000080000001010001008D
:100FF00064190020B0000000B0170020BC00000001
:1010000003000000F0000000000100008000000765
:1010100005000100AC1700200800031808000000BC
:10102000050001008C4B0300200033000500000088
:10103000A80000050000150001000100AC18002008
:10104000040005000400000000000000C8000003C8
:10105000000001000000010100000103031B01006A
:10106000800100010200000000000080CC010000AF
:10107000000000B0640100017DF0FFFF15E70300F0
:10108000D800000001000001F00000000001000095
:1010900064010001FF48FFFF2057070064010001C1
:1010A00001A2FFFF0B0D060064010001FFA6FFFF78
:1010B0000DF305006401000100890000346D040097
:1010C0006401000180F1FFFFD324070064010001E7
:1010D000FB7F0000D6C206006401000101EEFFFFA5
:1010E0004C19070064010001026300001B80050029
:1010F00064010001012BFFFF954E0900640100010E
:1011000082F2FFFF2DE1050064010001800A00006A
:10111000AB5E060064010001FD330000C7C3070099
:10112000640100017F9FFFFF5C4004006401000137
:10113000FEEA0000F753050064010001FF160000FD
:1011400009E705006401000183A800004CB003001A
:1011500064010001F7480000CED2030064010001E1
:1011600000520000BB05030064010001813700004C
:1011700013020500640100018339FFFF7D62030053
:1011800064010001058D0000D73F050064010001E6
:10119000FFA600007FC407006401000101130000E6
:1011A0009D120400640100017FF6FFFFDFDB0500F4
:1011B0006401000184CEFFFF047207006401000196
:1011C00000600000C12C06006401000183D2FFFF13
:1011D00047DC050064010001013D00007B1F0500A4
:1011E00064010001019200008045050064010001D6
:1011F0007DC8FFFF1B130600640100017FD8FFFFBD
:10120000C1C805008000000780000100AC18002064
:1012100000040303000000000400010000A003001C
:101220000100330004000000AC00000320000100B6
:101230002C1900202000030020000000C000000046
:1012400000000000C80000030000000000000401CE
:101250000000000003000000D800000001000000B2
:10126000F0000000000100008000000720000100E5
:101270002C19002020003300000004002000010091
:101280002C4C03004000330020000000A8000004A4
:1012900000000500010001004C19002004000300BB
:1012A00004000000C800000300000100000001016C
:1012B000000001030317010080010001030000008A
:1012C00000000000CC010000000000C0640100012B
:1012D00089E5FFFF895B0100D800000005000001DF
:1012E000F00000000001000064010001E9FFFFFFC1
:1012F0009689010064010001BD02000061D5010072
:1013000064010001A30B0000F10A01006401000167
:10131000F8F6FFFFBCEE010064010001F1FBFFFFE6
:10132000C3A70100640100017D0B0000738501006B
:1013300064010001A405000038C00100640100013F
:1013400003060000E75A01006401000111F7FFFFE6
:10135000FC7F01006401000120FDFFFF30F9000067
:10136000640100015100000021A40100640100019A
:10137000BA1100009BC5010064010001F1080000E2
:10138000EA02010064010001140A000002F40000F6
:10139000640100012DF2FFFF3DD301006401000153
:1013A000BFF4FFFF7A5001006401000138E6FFFF3F
:1013B0000FDA0000640100014A0800005B6F0100C1
:1013C0006401000197EAFFFF91A30100640100019D
:1013D000BBFFFFFF8008010064010001AA050000B7
:1013E00016E301006401000150EBFFFFC0EA0000BA
:1013F00064010001FF0000003F950100640100014D
:101400000C000000A0EF010064010001F80C0000D6
:10141000C05701006401000162FCFFFF0DA2010042
:1014200064010001A4FEFFFF5AC501006401000130
:10143000090A000020E500006401000151080000D5
:10144000C3CC00006401000133FCFFFF02B70100C0
:10145000640100017A0800001B50010064010001D2
:101460002ADFFFFF32BD0000640100013F060000DB
:10147000EE6B02006401000135050000891B0100CC
:10148000640100018AFAFFFF5CC5000064010001ED
:10149000F1EBFFFFC10D01006401000131F5FFFF19
:1014A0006F16010064010001201100008821010075
:1014B00064010001BC05000011AE010064010001DF
:1014C00028030000B46501006401000150ECFFFF37
:1014D000ABB900006401000176040000C9EA000015
:1014E000640100019C0A0000EA620100640100013D
:1014F0006CFFFFFFF2E70000640100015F040000E1
:10150000661E010064010001B4EEFFFF9F28010088
:101510006401000125FDFFFFD18601006401000187
:1015200004010000F22A010064010001E109000049
:101530002E6101006401000169F8FFFF116D0100D7
:1015400064010001F80B0000C25D010064010001AC
:1015500022FAFFFF4E79010064010001E2F6FFFF6D
:101560008C4701006401000152010000B4A8010091
:101570006401000192F2FFFF7A330100640100016F
:1015800084FCFFFF037B010064010001600B00008D
:10159000D65701006401000139FCFFFFE66F01002E
:1015A000640100016AFFFFFF60D9000064010001CF
:1015B000AA000000DA14010064010001B5E8FFFF91
:1015C00025690100640100015FF6FFFFC9A8020060
:1015D00064010001DF0B000022EC01008000000725
:1015E00004000100AD1700200800330008000000CF
:1015F0000400010000A003002000330000000000F0
:10160000AC00000104000100B07B0020BC00000021
:1016100003000000C800000000000000D00000022D
:10162000000000000300000001000000F0000000C6
:1016300000010000800000060A000100B0780020D0
:101640000C0033000C00000000000000000000004F
:1016500040000300AC0000040C0001004C1A002004
:10166000100003001000000000020000CC00000089
:1016700000000000D800000000000000F0000000A2
:101680000001000080000003010001004C1900204F
:101690000400330004000000AC000001040001005D
:1016A000581A0020BC00000003000000F0000000F9
:1016B00000010000800000060B0001004E1A00200F
:1016C00010003300100000000400010000A003001F
:1016D00020003300AC0000030B000100AC18002018
:1016E0000C0003000C000000CC0000000000010111
:1016F000D800000001000000F00000000001000020
:10170000840000004E1C0020B00000004C1E002091
:10171000F000000000010000800000010A0001004C
:101720004F1A00209800000040003300AC00000178
:101730000A000100B0780020F00000000001000065
:101740008000000307000100B01800200C003300E7
:101750000C0000009800000020003300AC000003E3
:1017600007000100CC1F0020080003000800000053
:10177000F00000000001000084000004CC1F0020E5
:101780000800031808000000070001002C540300A3
:101790009C00000007000000A800000600001500E3
:1017A00001000100AC180020040005000400000046
:1017B0000000000080FF0000C800000300000100DE
:1017C0000000010100000103031C01008001000171
:1017D0000200000000000080CC010000000000902A
:1017E00064010001044B000070C80700D80000002D
:1017F00001000001F0000000000100006401000190
:10180000A5E2FFFFE0C50400640100012B2D0000EC
:1018100088C9060064010001C50E0100B2B00600CF
:10182000640100017540FFFFCD4405006401000123
:101830001D29FFFF2B220600640100015BB5FFFF9D
:10184000630E090064010001DA00FFFF73A70800BE
:1018500064010001F65A0000A4080B0064010001B5
:10186000AB980000D7150900640100019E1AFFFF24
:10187000AC5A060064010001853A000014A3070079
:10188000640100014B62FFFFCCF20800640100011B
:101890001659000096AE070064010001EB3C000001
:1018A00045DA0500640100013D08000090FA0800D7
:1018B00064010001F584000008180A0064010001B9
:1018C000BFC0FFFFD663060064010001236D000066
:1018D000732A050064010001840E0000306E0600CA
:1018E00064010001A41500009F420300640100018F
:1018F000EA4100006A690700640100010B60000012
:101900006E54050064010001614501002F7008005C
:10191000640100011F7D0000353E0A0064010001E2
:10192000917DFFFF772507006401000172AFFFFF83
:10193000572A0900640100017580FFFF66B30800A3
:10194000640100012E66FFFFF69C060064010001A1
:10195000C5BF00006CEE060064010001C0EAFFFF95
:10196000DE8A070064010001098B0000BBB7060096
:10197000800000050B0001004C1E00200C00031825
:101980000C0000000B0001000C5503009C0000003F
:101990000B000000B00000002C190020CC0000005B
:1019A00000000101640100017FA4FFFF6A450900F6
:1019B000D800000001000001F0000000000100005C
:1019C00064010001DEBA00007C6B0B0064010001C1
:1019D0005AFBFEFF0C9305006401000198500000C3
:1019E000D6580600640100013BAE0000C91E060087
:1019F000640100017E190000977505006401000173
:101A0000E9B20000296E080064010001DA4EFFFF10
:101A1000877608006401000139170000D10E080024
:101A200064010001A7EBFFFF22C60700640100016B
:101A30008F77FFFF68EE0B00640100019535000011
:101A4000C96A060064010001BA010000DBCD05008F
:101A5000640100012551FFFF5D0E060064010001D5
:101A6000E487FFFF84140700640100012CCFFFFF0F
:101A70009461060064010001BA99FFFFC883050064
:101A800064010001940C01002619080064010001A2
:101A9000B580FFFF48BD090064010001781B00000C
:101AA000B4E30800640100013D3D000081D10D0058
:101AB000640100010B13000048240B0064010001C5
:101AC00065EBFEFFF9A3070064010001AA230000F3
:101AD000FA6A0A00640100011DDFFFFF7853080065
:101AE0006401000186770000BA78090064010001F2
:101AF000A839FFFF916B070064010001DEF4FEFFCF
:101B0000C69A070064010001B4FEFEFF7ACC05000E
:101B100064010001638FFFFF649807006401000106
:101B2000C6600000B34509006401000140B3FFFF37
:101B30003D7208008000000601000100AC18002082
:101B4000040033000400000000000000000000005A
:101B500020000300A80000060000050004000100AA
:101B60004C1E0020040003000400000003000000DD
:101B700000000000C8000004000000000000000099
:101B8000000000000300000000000000F000000062
:101B900000010000840000002C190020B0000000AB
:101BA000CC1E0020F00000000001000080000007B3
:101BB000000101004C1E0020000483010000000011
:101BC0000400010000A00300010033000400000035
:101BD000A80000050000150040000100AC1800201E
:101BE000400003004000000000000000CC000000A6
:101BF00000000401D800000001000000F000000017
:101C0000000100008000000740000100AC18002027
:101C10004000330000000400400001006C56030047
:101C20004000330040000000A80000040000050050
:101C300001000100EC180020040003000400000073
:101C4000C8000003000001000000010100000103C2
:101C500003170100800100010300000000000000E4
:101C6000CC010000000000C064010001BC060000BF
:101C70005D510000D800000005000001F0000000E8
:101C80000001000064010001DB0F0000817500000D
:101C900064010001CC0400003A3700006401000137
:101CA00010DDFFFF4D8300006401000142F7FFFFDC
:101CB0003E4F000064010001591A0000DD49000098
:101CC000640100014BE2FFFF4B8000006401000152
:101CD0007E070000497E00006401000143100000FF
:101CE000416500006401000193F8FFFF415D0000C1
:101CF000640100012BF8FFFF245B00006401000178
:101D0000ABFAFFFF3B600000640100018AF7FFFFB0
:101D1000A3650000640100018AF7FFFF1D6D00004C
:101D2000640100015C2300005F5B000064010001AE
:101D30009C090000876200006401000192FAFFFF25
:101D40009E800000640100018AFBFFFFAA7800006A
:101D500064010001DDF6FFFFBA44000064010001E8
:101D6000F6120000068F0000640100017D040000EF
:101D7000174400006401000156FCFFFF4E9700006D
:101D8000640100015CFBFFFFE15B000064010001F6
:101D9000B0F3FFFF51570000640100019AFEFFFFFE
:101DA000B156000064010001DFFDFFFF886C0000F8
:101DB000640100013D090000BE5100006401000102
:101DC000480800000C6F0000640100018BDEFFFF7B
:101DD0005A6C00006401000192FAFFFF607300007A
:101DE000640100018C050000C14500006401000190
:101DF000380800008757000064010001CC0B000088
:101E0000844F000064010001240D00001A730000DB
:101E100064010001741200001D55000064010001FE
:101E20005AF0FFFF0457000064010001BCF1FFFFFE
:101E3000E64B00006401000109F3FFFF4A4900007E
:101E4000640100019C180000836700006401000128
:101E5000750A0000C767000064010001C4080000A3
:101E60006850000064010001AC1A0000A764000083
:101E70006401000135EEFFFF4174000064010001C0
:101E8000B2EDFFFFDA43000064010001ABFAFFFF8F
:101E9000176F0000640100015DFDFFFF4E6E000042
:101EA000640100018F110000C85C000064010001A2
:101EB0000FF5FFFFE3670000640100012FEFFFFF54
:101EC0003F68000064010001E80900000F6600009F
:101ED00064010001CBF2FFFF2B70000064010001E0
:101EE000B3040000C95A000064010001C7FFFFFFEE
:101EF000368B0000640100017B080000FF5E0000DB
:101F000064010001D40D0000C1570000640100010C
:101F1000BA00000043740000640100016AFEFFFF84
:101F2000755D00006401000161E7FFFFDF5F0000F5
:101F300064010001B80F00009A6F00006401000105
:101F4000A9FFFFFF0B730000640100012CF1FFFFEC
:101F5000F263000064010001FBFEFFFF75680000F2
:101F6000640100019E100000F463000064010001A0
:101F7000D11200008C760000800000060E000100E7
:101F8000B0740020100033001000000000000000BA
:101F90000000000040000300AC000004100001003D
:101FA0004C1E00201400030014000000000200007A
:101FB000C800000400000000000000000000000055
:101FC0000300000000000000F0000000000100001D
:101FD0008000000301000100EC1800200400330021
:101FE00004000000AC000001040001005C1E0020A1
:101FF000BC00000003000000F00000000001000031
:10200000800000070F0001004E1E00201400330066
:10201000140000000400010000A0030020003300B1
:1020200000000000AC0000030F0001004C23002062
:102030001000030010000000CC00000000000101AF
:10204000D800000001000000F000000000010000C6
:1020500084000000CE200020B00000004C250020AD
:10206000F000000000010000800000010E000100EF
:102070004F1E00209800000040003300AC0000011B
:102080000E000100B0740020F0000000000100000C
:1020900080000003090001005223002010003300DB
:1020A000100000009800000020003300AC00000386
:1020B00009000100AC1800200C0003000C00000017
:1020C000F00000000001000084000004AC180020B3
:1020D0000C0003180C000000090001006C660300EE
:1020E0009C00000009000000A8000001000015008D
:1020F00001000100B400000304000500040000001A
:102100000000000080FF0000C80000030000010084
:10211000000001010000010303190100800100011A
:102120000200000000000080CC010000000000421E
:1021300064010001192AFFFF1EE60000D80000001C
:1021400001000001F0000000000100006401000136
:10215000EA7FFFFFA8B10100640100010280FFFFD8
:10216000D4AB00006401000161EDFFFF4AA401004F
:102170006401000148000100D7ED00006401000186
:10218000EB69FFFF13D300006401000105ADFEFF02
:102190001A28010064010001F8B3FFFFE1F200001A
:1021A00064010001BD5C010023D600006401000150
:1021B000DC1500009CB200006401000166510000C3
:1021C00047C1010064010001633E010089BB0000BA
:1021D000640100012291FFFFA001020064010001DF
:1021E000C7D8FFFF292E010064010001186200001A
:1021F0008B1E02006401000122B3FEFF58E90000BB
:1022000064010001D3CD0000DA8501006401000102
:10221000F96C00004308010064010001E465FFFF60
:1022200017A3000064010001CE26FFFFBC2F0100B0
:10223000640100012F65FFFF7DD2000064010001F1
:102240001BFFFFFF9347010064010001E6A5FFFFAC
:102250003F21010064010001CCB0FEFFED0301004D
:10226000640100011B12FFFF68010100640100010D
:10227000AC5AFFFF45E9000064010001AA710000AB
:10228000B397010064010001FA77FFFFA447010042
:10229000640100019875FFFFCD4C0100640100014D
:1022A000B0AEFFFFCB15010064010001CFC5FFFFF9
:1022B000AF9D000064010001B7E0FEFF49FB000094
:1022C000800000050F0001004C25002010000318BD
:1022D000100000000F0001008C6703009C0000004C
:1022E0000F000000B00000002C190020CC000000FE
:1022F00000000101640100017E7E0000EF2F01005B
:10230000D800000001000001F00000000001000002
:102310006401000194BB00005E81010064010001C2
:102320002E1D0000D3D0000064010001113DFEFF0E
:102330009FEF000064010001D0FF000091E8000061
:10234000640100018D4B000023270100640100019E
:10235000F7E70000BFFF000064010001671F0000F5
:1023600020F600006401000121210000E9F20000D4
:10237000640100011D05020000FF0000640100016E
:10238000C3B3FEFF1B750100640100019062FFFFF3
:102390007243010064010001DDF3FFFF82EA0000E7
:1023A0006401000174EDFEFF323F01006401000191
:1023B0006CCE00001D66010064010001F5E3FEFF24
:1023C0001403010064010001E177FEFFE315010041
:1023D00064010001EF2F0000EF160100640100010D
:1023E0000725FFFF1AE20100640100018A96FFFF42
:1023F00068CB00006401000138C9FEFF2DE8000031
:1024000064010001C1FCFFFF5322010064010001CF
:10241000C88800005C00010064010001D2300000A7
:10242000E312010064010001DB0700007CFC0000F6
:10243000640100016ADEFEFF3488010064010001CE
:10244000CE620000CA67010064010001CA2EFFFFCE
:10245000F92C0100640100011496000079250100A7
:102460006401000119E7FEFFBFE300006401000101
:10247000ECF700001D13010064010001E322FFFFDF
:10248000244C01008000000601000100AC1800206F
:102490000400330004000000000000000000000001
:1024A00020000300A8000006000005000400010051
:1024B0004C2300200400030004000000030000007F
:1024C00000000000C8000004000000000000000040
:1024D000000000000300000000000000F000000009
:1024E00000010000840000002C190020B000000052
:1024F000CC230020F0000000000100008000000755
:10250000000101004C2300200004830100000000B2
:102510000400010000A003000100330004000000DB
:10252000A80000050000150040000100AC180020C4
:10253000400003004000000000000000CC0000004C
:1025400000000401D800000001000000F0000000BD
:10255000000100008000000740000100AC180020CE
:102560004000330000000400400001006C690300DB
:102570004000330040000000A800000400000500F7
:1025800001000100EC18002004000300040000001A
:10259000C800000300000100000001010000010369
:1025A000031701008001000103000000000000008B
:1025B000CC010000000000C064010001A4D6FFFFB0
:1025C00001C50000D800000005000001F000000077
:1025D0000001000064010001001000009DD2000015
:1025E00064010001C15EFFFFA080000064010001E2
:1025F000BA1A0000C3B500006401000128070000FA
:102600007AB700006401000153F8FFFF09C9000018
:1026100064010001DBCEFFFFF2FA0000640100015B
:10262000D9B0FFFF54B90000640100016D2A000019
:102630001FC80000640100019BFDFFFF61C900008D
:1026400064010001FAFFFFFF99D800006401000156
:1026500097FDFFFF785E0100640100013D0B000063
:1026600022F10000640100012C260000F3EB0000C1
:1026700064010001E727000049BC0000640100017B
:10268000A4C9FFFF9CB3000064010001ADE6FFFF99
:102690005F01010064010001AD010000A4D400004D
:1026A000640100017B7FFFFFF9DB00006401000192
:1026B0006ABBFFFF3FCD0000640100012CDAFFFF81
:1026C0002485000064010001C328000079FC00009B
:1026D0006401000184A8FFFF942A01006401000145
:1026E00064EAFFFF94BB0000640100017BEBFFFF85
:1026F00006E600006401000199F7FFFF0B8100006E
:102700006401000185EFFFFF3BCB00006401000185
:1027100042A5FFFFDDF60000640100011F26000056
:1027200065AB00006401000164CAFFFFD7F100003F
:102730006401000130C1FFFF45D4000064010001C5
:1027400035ADFFFFD3A4000064010001E9260000BD
:102750009CF100006401000167020000B2E6000085
:1027600064010001996C00005E0101006401000138
:1027700062DAFFFFCCEC0000640100016A03000094
:1027800098DC000064010001901400006DE6000078
:1027900064010001B3460000EA8E000064010001FC
:1027A00019ACFFFFD3BE000064010001C980000026
:1027B000EF0001006401000165210000FAD1000072
:1027C0006401000138C3FFFFC0050100640100017E
:1027D000A0CFFFFF6633010064010001AAD2FFFF12
:1027E00054DE000064010001E1D6FFFF5EB200008C
:1027F000640100011B130000BDA60000640100017C
:10280000F7BAFFFFDCE6000064010001DF2A0000E8
:102810000FF700006401000108DBFFFFA7C3000001
:102820006401000102E2FFFF34380000640100018E
:10283000F2C0FFFF64F700006401000101A1FFFF87
:102840002FA5000064010001850800004EE3000090
:10285000640100015584FFFF0A5200006401000179
:10286000DDBDFFFFFE6F0000640100014A75FFFF40
:102870001EE30000640100019005000010BB000091
:1028800064010001A21500008AEE0000640100014D
:10289000ADCDFFFF19830000640100011CB9FFFFEB
:1028A0004579000064010001CEF3FFFF77030100CA
:1028B0006401000113FBFFFF780E010064010001B9
:1028C000310D0000F6AD000080000006160001008A
:1028D000D080002018003300180000000000000025
:1028E0000000000040000300AC00000418000100DC
:1028F0004C2300201C0003001C000000000200000C
:10290000C8000004000000000000000000000000FB
:102910000300000000000000F000000000010000C3
:102920008000000301000100EC18002004003300C7
:1029300004000000AC00000104000100642300203A
:10294000BC00000003000000F000000000010000D7
:1029500080000007170001004E2300201C00F30F29
:102960001C000000170001006C79030040003300D8
:1029700017000000A800000600001500010001007B
:10298000AC18002004000500040000000000000056
:1029900080FF0000C80000030000010000000101EA
:1029A00000000103031A0100800100010200000081
:1029B0000000008064010001F915FEFFBDBE0000AB
:1029C000D800000001000001F0000000000100003C
:1029D000640100014417FEFF9F41010064010001F2
:1029E000A9DDFFFFBD9A000064010001023A020068
:1029F0005DF000006401000107EBFDFF70090100BC
:102A000064010001E91AFEFFC9B800006401000179
:102A1000D880FEFFEE4B0100640100018BCA01006B
:102A2000CA0001006401000149570200ABD0000058
:102A3000640100011068FFFFEFC90000640100019C
:102A40006E14FFFFC14C010064010001FE4500004F
:102A50002E9E010064010001049AFDFF343901003B
:102A60006401000187D9FEFFC27401006401000106
:102A700019C100005EFF0000640100011FFEFEFF9F
:102A8000A91D010064010001C5700100FE82010062
:102A90006401000156F70000B9AD000064010001B7
:102AA0008E63FFFF8761010064010001C914FEFF0E
:102AB0008AEA000064010001A4ED000054AC0000AB
:102AC0006401000145B800003B4B020064010001B5
:102AD0006E57FFFF8DCE0000640100010508010064
:102AE00046AC010064010001FC08FEFF4ACE000074
:102AF000640100012EE7FEFF7E4C0100640100012D
:102B00007D2FFEFF20F20000640100015A0D00003D
:102B1000E7DC000064010001FF0DFFFFC5CC0000F1
:102B20006401000137B8FFFFEF6501006401000197
:102B30002530010084A30000640100015A3902001D
:102B4000E5900000640100014241000046160100CA
:102B50006401000100CA000061EB00006401000193
:102B6000A6F4FCFF45AB0000640100012B730000DC
:102B7000FAB4000064010001584500004CC900008F
:102B8000640100019514010076DE0000640100017B
:102B900046340200C8820000640100010695FDFF72
:102BA0006A4D01006401000106FEFEFF36090100C6
:102BB0006401000180C5FEFF2A8801006401000154
:102BC00071B7FEFF5D4F0100640100011C0AFFFFA9
:102BD000CBC001006401000159740100FEAB01008B
:102BE00064010001658EFFFF3AC30000640100012B
:102BF0009485FEFF76DB0000640100018FF4FDFF89
:102C0000769000006401000156DFFDFF55EF0000E3
:102C100064010001CA32FEFF99CA0000640100018C
:102C2000782700002045000064010001B65DFFFF29
:102C3000A7A1010064010001D5E9010043B400002F
:102C4000640100012D94020050BF000064010001E6
:102C500008170000104D0000640100012E60FEFF07
:102C60005DBF00006401000109DCFFFF969A0100CE
:102C7000640100014827FFFF1F0C010064010001EF
:102C80004522FFFF2DAE000064010001DF86FEFF3C
:102C900062AE00006401000138710000EEB2000075
:102CA0006401000170ED01001EEE000064010001EE
:102CB000D0910100232E0100640100018C6C020000
:102CC000BEC000008000000700010100AC18002019
:102CD00000048301000000000400010000A00300C4
:102CE0000100330004000000AC00000340000100BC
:102CF000AC1900204000030040000000C0000000AC
:102D000000000000C80000030000000000000401F3
:102D10000000000003000000D800000001000000D7
:102D2000F0000000000100008000000740000100EA
:102D3000AC190020400033000000040040000100F6
:102D40002C7F03004000330040000000A800000476
:102D50000000050001000100AC1800200400030081
:102D600004000000C8000003000001000000010191
:102D700000000103031701008001000103000000AF
:102D80000000000064010001A9E8FFFFF8950000C1
:102D9000D800000005000001F00000000001000064
:102DA000640100012813000092B5000064010001D5
:102DB000800100008D170100640100018F110000E7
:102DC00093AC000064010001A199FFFFB05D000019
:102DD00064010001E1C4FFFFEECD000064010001C9
:102DE00001F1FFFF70E3000064010001B6F6FFFF90
:102DF000FAA10000640100018F190000BBF9000076
:102E00006401000137EBFFFFEFA600006401000141
:102E100016E2FFFF87A80000640100012B110000EB
:102E2000DE9F00006401000181BCFFFF7C75000093
:102E300064010001C9090000CEEE00006401000138
:102E4000184A0000B28500006401000122DCFFFF87
:102E50009BAC000064010001121A00007BE200003C
:102E600064010001F8D2FFFFC6AB0000640100015D
:102E70002909000035D800006401000165F5FFFF55
:102E800052B1000064010001D61600004CB50000EC
:102E9000640100013C070000E0A70000640100019C
:102EA000070A0000E0C2000064010001DDCFFFFF5F
:102EB00080BE00006401000190DCFFFFBA9D0000AD
:102EC00064010001B9E9FFFFCDE1000064010001E8
:102ED0005EFAFFFF32E90000640100018CE0FFFFB1
:102EE000DFA7000064010001122E0000FCD40000E6
:102EF0006401000157B8FFFF1F8700006401000153
:102F000095E7FFFF3477000064010001B0D0FFFFB8
:102F100051AE00006401000178E3FFFF526B000036
:102F2000640100016A0100002BEF00006401000150
:102F3000ABE4FFFF8E8B000064010001BEF8FFFFD1
:102F4000E9C400006401000193FAFFFF5DC80000BE
:102F5000640100015FD4FFFFA99200006401000139
:102F6000E50B00001CEA000064010001ECD3FFFF48
:102F700003D4000064010001F7B1FFFF1A680000EC
:102F80006401000121F8FFFF8FD7000064010001F8
:102F9000773B00000371000064010001CBC5FFFF17
:102FA00034B0000064010001EDE6FFFFE7E8000037
:102FB00064010001A6E8FFFF52C1000064010001A6
:102FC00050090000D22401006401000172F8FFFFE3
:102FD00094FA000064010001E50E0000BBE200006D
:102FE00064010001A1FBFFFFBDA800006401000116
:102FF0003034000092FE000064010001B1C9FFFFFF
:1030000011ED000064010001F31F000020D7000053
:103010006401000164100000A76101006401000167
:103020001C070000EEF70000640100010929000000
:103030001AAD00006401000153F1FFFF68D10000E8
:1030400064010001B6E8FFFF09AB00006401000164
:1030500056D6FFFF39A50000640100015617000095
:10306000A4A30000640100013BF0FFFFAAC7000019
:1030700064010001F2F4FFFFC1BF00006401000120
:1030800031F5FFFF49E200006401000195070000EF
:103090000FC600008000000610000100D07C002058
:1030A00010003300100000000000000000000000CD
:1030B00040000300AC000003100001004C2A002077
:1030C0001400030014000000C80000040000000009
:1030D00000000000000000000300000000000000ED
:1030E000F00000000001000080000003010001006A
:1030F000AC1800200400330004000000AC00000104
:10310000040001005C2A0020BC0000000300000055
:10311000F00000000001000080000006FF03010035
:103120004C2A0020FF03330000000000FF030100D1
:103130002C8F030001003300A000000501000100F6
:103140002C9403000400050001000100AC180020CD
:1031500002000500BC00000000000000D4000001D7
:1031600005000000050200008001000102000000CF
:1031700000000080A80100006F7D0000CC0100006D
:1031800000000000F00000000001000080000001CD
:10319000FE0001004B2E002090000001FE00010007
:1031A0002B930300A4000000AC180020B000000125
:1031B000B018002002000400D0000001000001034C
:1031C000040F0100F0000000000100000900FF2FC3
:1031D00001000000792A010006000000B01800205C
:1031E000AC18002000000040010001000100168022
:1031F000010001002500FF1F8000000F10000100EA
:103200004D2A0020140033001400000004000100C7
:1032100000A0030040003300000000000000000098
:10322000000000000000050010000100D07C00201C
:10323000100003001000000003000000C80000049C
:103240000000000000000101000000000300000079
:1032500001000000F00000000001000080000003F9
:10326000160001004F2300201C0033001C0000004A
:10327000AC00000316000100D080002018000300FD
:1032800018000000F000000000010000230A4610B2
:103290000432EB3BF612694BF422FC0A2C1C52233D
:1032A000481AF2250C5C0D2468684B14283656DB4E
:1032B000B3DBDFE82426354827371F2A26292614C2
:1032C000F41D16FFF5091EF9341FDDDFD0120A00C8
:1032D00014F9C4E5C205E3D1D19CC1EF15DCBEB43D
:1032E0008196D6A7C49310080EEBD4210F2F252268
:1032F000D2CE2CFB07EAFA073B3A0BDEB2D8EFD965
:10330000DFCA37F92518194527B1CA09EF45441313
:103310003D7967141A2B28482207052A1C28161203
:103320005155776722071500CB041FDEE7E9CDF67C
:10333000FB2CF40BDA3CFDD5D8A90300C9DBD63B46
:103340001C12F80D07E5D5E9FC17E8DDDA0846C2DE
:10335000002D3B2562453C3E2FA9AE8198BA0FEE69
:103360000D1D2B381B351A1E13F30ADADCCAA6A969
:10337000B799EE00D1CCE21A05F503EA1108141B47
:1033800012F913E8E1E1D0C1DDD9E7121A11170DE6
:103390002023172E28EBF3001907E4E9FAFB26C1D6
:1033A000B8D4FBF8FC0E09221ED2D6FDFE07DCEED7
:1033B000100C0AF5F907071C0A13001221EFE3D0DD
:1033C000E5EFEFEBF50D1305EE1C1E07CEDBCCC5CC
:1033D000D015EEEFCBBDEDE3F2B3ED0E13101E26CC
:1033E000CC08EAED24F0D8E5FF0A07FE15EE07EC5D
:1033F00002F9FAFC0A13F30107C6E6F0F1F2EA1546
:1034000016F220FC0FF1E6FD05070C2817D3E4D3D4
:10341000E1E3F6022F0C00CCEBF7FD06EBB9CB880D
:103420009E1FD9D981A425E7D4B29E7445E7C3BFB6
:1034300027330CCDEFF21314BECE4F2C27120C42C3
:1034400010E6CEC9540D0103ECDCD8D0C7BE42282B
:10345000F1D4F034FED1FCC2F512DDEDC916DAF27A
:10346000E9D620F0CBE5EF061AE7BDCC351D22E109
:10347000DE0D0409DF0004EDFD14220BD200F01272
:10348000FB0E0101EC15DADBACE4131A071D0A117F
:1034900008210F050CF6140603DEDBD2D5DB260D62
:1034A0002E26FDE4FCEEEFBCEAFFFD0BE612F5EC88
:1034B000E9AAF30F06F6FAEDF51429F106EEE41D7C
:1034C0000ED5F40111F6E4EDF90DEE1E1D3F3D158C
:1034D00036313C2D1D4B666D7343FF110B281F3C8D
:1034E0005A5E6F173B27FEEEF9F937461E040CFFB4
:1034F000FAFD02284D0A4C4CECFD0D180CA4C70037
:10350000F42FD5FC101823D3CAFA13E005DDE7C168
:10351000A5F21BFE1B42CFC6D7DCF22A23F7E8C672
:10352000D62D100E3EEAED163739ADEB01E1CFD3C3
:10353000FF0C2A4411FB1BE7F71E341AF0B8EE39D2
:103540000CDACF0B013101FED5FEC8E1F3A8FD1165
:10355000E62AB8EEEE1115C715F82F1696DFDE161F
:103560000DE3453E5432A0BFCFFC2984CB0AFF496E
:10357000C18BCEFA03DD0AD6F3EFD0ECE2FF0EA248
:10358000FA2D3357B4B5D7163CC92A073347DDFBAC
:10359000F705132035427F469DC0EEEF23D0E406A9
:1035A0005469869FACCDE2ACD50F031E4137434230
:1035B0002E402D554B277256555A56502E7F544942
:1035C00033145622481B2426526BF405F2F7F4B844
:1035D000BEAFCCDBE800E5E2EFE1CBA8BAB20AF17E
:1035E0000B08E9EFD3E8DFE4251600051AF50AED2C
:1035F00001E7010C162A009EBDB0D1E1F5E7090CE8
:1036000013EFD8F3F8001801161D1CFC05EB06009B
:103610001C25212F4912201315EA2538483433255B
:10362000121CFB0DF2EEEADBF21F07F016E7160B99
:103630003216111614160601392A1A1E1B2A3C507E
:103640002120FC0D2401231E120BF71FE2EB09F4CD
:103650000A1E2319302A0F031E340DD5E1B90304C5
:10366000F4ED121A21BDB0C4D2EF29161F0F0519AF
:103670003F1B4037FE217F5632050F23372D43591C
:103680004019212237461ED3373502BBB91B0EEB3A
:10369000CEAF00D4C2BBAEC4B6F9F2CB0618ED1C57
:1036A000F60E16E702FB11050AEFE4224A1905F6A9
:1036B000101CFB08E9EE13292217F7F1182B2FE253
:1036C000142F2927CBFDCFD3D6C4C8D0F5E123F2E0
:1036D00001E2A56A3E25F8AB4A26F6CA9BF5DDF65F
:1036E00006D6240DDAD3C7FBDEBFDC13F9C9A8B4B4
:1036F000BFFEE30611060CD5DC08FF5E40475160B3
:10370000F1E4E1021BEAF80FFA2D444739241F0BBC
:103710001C11081F26060BF8F902DBEFE81D18172D
:103720000DFDEBB59AC8EED90FF709110BD2CBE915
:10373000F32519223B2A43B6D6D5EB14F6E90AE75E
:10374000B544106C280E93B9F1FCD3493C4E5D4949
:10375000EC01DBF1C74C52201A36EE0DC4BEDA5232
:103760005F16223805E7EA1ECC2B62321DF3B9F250
:10377000CCF6C3E1040BE8DCB1FED0CED2332E256B
:1037800026F9290DFF31065D596E3423FC0C1DF618
:10379000E95867746A3F28FD24FC0F5C4B76654F3F
:1037A000100DF408071827311B22BED6D3E5BCE460
:1037B000FE33FF2DBABAD9EAE00C2C3E2328A3BB76
:1037C000BCE2F8C2DF2D387292BABB18F914E51EBC
:1037D000101AC1C0E3ED03D7BEA7BDEAC0D4A9DB70
:1037E000EDDB17D410FBD8DDD7E5E3092132101843
:1037F0008F93819CAF2E24391F709F869694BAC6F2
:10380000EDDDD809E3FFC9DB07132B17142DEFD12A
:10381000000400E5C8FED30681A5AFC20035162D11
:10382000477C41281C1B373C1DC5F9FD0CD5DDF636
:103830001CFAF503F70DD5D0A1BD0CD6B3D3E6E73E
:103840000D0CF21E140D1210113E1914431D5320BD
:10385000F3E6F216DCCEFA0F27EB9CE3EE2CEDCC70
:10386000CE071AC1E1B1E412E0012A2E24EDE3E80B
:10387000EFFDEED1F4C9DF372338F9F3DBE6FC09BD
:103880000EE818010F19C2C5BEAFF027F8ECE952D7
:10389000BBC4EA1331ED15FA1F3098B2BAF2498869
:1038A000DEC9E852CD999DDE29A8BDC3073233FC9D
:1038B00000392CFC1B013D5405E5EA1459CCC7BC6A
:1038C000FF1A11DDED1C3FC6C3DAF427F716132DDE
:1038D0002E30315B522C46582F32164F3F391FF98C
:1038E0004B5B3D0BD14F3A33470F10F3C6F3C8D8AB
:1038F00097BC9A813317F3F6B52D060EC5CCF9EBBC
:10390000C1D7CEC5E6B3C89BF4FDE701C9A4B6D5BF
:10391000E326D92120434EDAE51F06FDD2FA063A06
:103920000ECFF3FF07F4D4FC46F7C5FEFD0204BB3F
:1039300003113A10DD241828F9D67D4D1E18442DA8
:103940002D3CFD0527E2F49DC00E02F7F0F2B5A272
:10395000999D9AD8E7E60D3BB0B7E4ACF790A8DCA8
:10396000B7DAE0BFD4BEBB170917162E15F310F94E
:1039700012FCF415283F3B34465B33FEF9FAFFDBBB
:1039800023341F3A1AECC9D7CFD247303F302F210A
:10399000451C020803F0ADFA114A2BF91768CAFD5D
:1039A000F1E709057B7F051E9CD2F1A6BE4B2429B9
:1039B000E21E08E4DDCAD6F00925C116C9E9D7D848
:1039C000BE230C374123C396DE18D41EDC0C3439D9
:1039D00030F40431D23E0FD0452E0DF3DAEDF3EA88
:1039E000090629FDFFEDC6E1EC212EE540EEE611CA
:1039F000F3EDE01A3E2706D6D8CFF3DDC2D50C1D75
:103A0000D20CBF0BC2A4C53E0416D6FDF505F2E3E9
:103A1000C6FC200D1C2AF4FAFF04F53E515D6459E2
:103A20001A5430F3F43A4C31FBF115220406CAF96A
:103A3000C8E4D19BDCECC59DA0FBE0E8FA0AE9CF25
:103A4000DED4D3022A121719D705F2F0DA376365EC
:103A50003928E7F233D4DAEAE3DECBC819D4F4DD4F
:103A6000424A19300A471B130333350C000D245406
:103A700018EDE202191816E5D8011BF0DBDEBA19C1
:103A8000DBD4A6B3461DDAD7DB501CFFD9CBF8F543
:103A9000EF16071CDFFE330D0955163239233C158E
:103AA0003018E7F1E9C8D1C8E7DB120DD0F2EE0417
:103AB00009D1F7081A0BC4CDE11719E6DECCC9D03D
:103AC000A0B1C4EFFAF907040F165765544757E839
:103AD0000A180608183E4F7F7D0DEE19343B5A78C0
:103AE00072724FD6EF40513974616B511F4B4F4981
:103AF0004C655553332B0A043E574C69E80C433A46
:103B00003CF31E2F310ACEEAEAA2C2263E38301616
:103B10004A41361CFFE3FEF1021EE1F3FFF5E92DF9
:103B20004E43421002FD0B08E0072B44363E1B407B
:103B30004739752D230A56410E1C301FFB0C0919FD
:103B40000B05221E2E34201DF01013F9090E040A55
:103B5000FF3CF4EF2BFFE601D8F4EBFC10E5C4F7D3
:103B600008F701D0B9FBFA35F2F9DDAAD5F5CFE2B5
:103B700011FF172DE5F9F409FBD1D6C3DDE7B59D9B
:103B8000D5FA10BBDAE740098193B9DEF1B3B7A3E8
:103B90008AB6C9D9E8FBBDC3CCE7CED3F70C25F371
:103BA000CE102C1E24F3354C3B45FCFEDDCCE1E76A
:103BB00030261DF0CDD9C7D7AAC6071CFED3C22513
:103BC0000D1002EF2F446319040C1400C9283D3076
:103BD0002BF0EFE7EF1BD2F519F3E0CDC2E6E8D703
:103BE000CDBA162A150E17171EEBC6FAB1A3A38E6F
:103BF000ACB599BFCEEBDCDDE1EEE9FBCFC4CF0481
:103C0000E107F00808211847582B231011292A280A
:103C1000211731464B2D29251F1D293F3625F80533
:103C2000F6F60BDF09071D35DFDC090B1CEA08136C
:103C3000123AEEDC0610EE08D60E00FDF6FFE5F6B1
:103C400019D6C4B2B1E0C3D6D3CAF1D4C1ABD9D26C
:103C500092A2D8E3D98188CED3FDE0BFCDD7FACEEA
:103C6000D80D0C06D9F6121343EBE62A2D27133094
:103C7000272A343148472E163332372229FD0C08C3
:103C8000FC2C292817041E0F0702160F0DE3E8E984
:103C9000FBDCB2B6C2D9F906E1DAF7D4A3D0E4FC72
:103CA000F8E0F2F108D9E8F0CE1EF0FA0CE41DD4E9
:103CB000D0E9092ED9D9E91004DEBCF6FDC8ADC99A
:103CC000E4BDD69A8A9DD6C0C1CFB5BA01160DF70C
:103CD000CCEC06240430FC2133755D4F4B2D582C61
:103CE000474271614652102C173A462D627A656739
:103CF000412238584E4C6D56435B3A4E767F761FC4
:103D00001A3F4D58242846114F2F222640111226C3
:103D1000072501E9DB00E61D9FF100D116D7FFFC66
:103D2000ED30E6ECEEC9E4E105C9F6F60FDBF8F597
:103D3000E8DCE7F9E501F9ECFA3732C5D5FF05050E
:103D4000C5F0D4BED1DAE4B8D8CCF9D8BA0708BBEC
:103D5000E8D1EC070AD61C011FE8EDD909E600F20C
:103D6000C7FAF0E2FBDF05E2FFFBF417C724484186
:103D7000324E2726FDEB091533251E15CED2D7FE70
:103D80000B3D14334B2E221E110FCF06F6F2F0C856
:103D9000B8BC818FE0FE050D19262C2C2205FD32C2
:103DA00030002C12201BFCEC030914EEE70DFC1272
:103DB000CDFCF228FDFD0604F9EFDBDBDDC1C51A01
:103DC000FAE5EFC904FFEDCFD2211B0ED7DC0DDBE6
:103DD000E3E0052D1D17F5FA2C0FE819EE2123E07D
:103DE000F60206F5DCE2FAE414F8EC0A1FFA00FC2D
:103DF000C1F803EB0B08F3CC03383F0D101017ECA0
:103E000002E4F425F307010ADAF4ACD7BFF9FAF9B2
:103E1000ECFFCECBE1BDD3E4D301F6DDCCF4E4ED91
:103E2000142C323C2C39E4CBF9F1E7F0F0E4EEE964
:103E3000DECEECD4D2CEEE120A22150A0D250920D0
:103E40003738242C2E45644A253A3A1B1CDA17339E
:103E50002615F4ED0327262805F2191516E4EC289B
:103E60001C1AE700243D42E4F50E587FE7E0FF2CE2
:103E70003EF7ED00121128172D151FD6D0E9E2FDEF
:103E8000060B09170F0B0AF5F5E10E0CF3F7EE110F
:103E900002F8FBEA1621170E11FAD5E5F7DE3B36DC
:103EA000290FFCF2E7FC0626FFFE1F1539FBFCEB91
:103EB0000B1D0FFEFCF1E5E1D8D30B0D07D4D2D6D4
:103EC000E3FBE5DCF8FBFEE2D8E404F2E6E7F60803
:103ED00005D8D1EEE11703011A20FBE5DBF60C2C27
:103EE0000EF1F0FF0706CCF7E51D0BF30FF019DB21
:103EF000DEE4DE2305FFE8F406DDD9EDF41AF8E789
:103F0000DAF411F1D7E4C712E3F201FA1406161835
:103F1000213BFB180414DFD3E7DCFE12FD313759D7
:103F2000FAF61E0F0934055821F3E401E3FEE8A276
:103F3000CD8EC3F90D001BECF2BFE3C0FF17F9D51E
:103F4000FDF6F6CEDFF8C9DAEBF2F5E4D702F72694
:103F5000D2B21814FAF30FEF0412FC090A0110157B
:103F600026F2F91318FAE7030FFC37D4DCF804E85B
:103F7000CC01EED5EFE2E8D6E5EFC1C1D1DDC7B2A5
:103F8000D398C181A6C0B7B7E0B0CDE0EAD6E7F4D8
:103F900007080FF7FAF1DBEB1B183804005247440F
:103FA000633A2D313D2F1A2512132317F2F51718F6
:103FB000EEE20311E6090D0910F507002727292D68
:103FC0000E101C1DF5FCF8070B05E7F7F4E8BFF42D
:103FD000DDD6E3ADE2F1C7B098342B224130F715BE
:103FE0002A1647403A547938201F344C3F2A10365D
:103FF0000BE23D1804E9B92C1734D9C5423019D465
:10400000B36A42FCFAAD361ADBF0B00013FDE5EA04
:10401000EE25E9F7C92B242E26FAE614EC1C0BD367
:104020000F1A285005CEEDE8ED32FF24F330D7C744
:10403000B9C8C3B0C09F92A3BFD1B6B2A502201B1E
:10404000E8E23545475D2C4752443530414B4F2817
:10405000544D412E3CF75226485B11C9FEE309003E
:10406000021319F213F6DDF6C5E613F1E5D8B8B17F
:1040700008EAD8EE3A40482523C1D4C6C9E3FCEE8D
:104080001DDD19B7B6B2C4EF0D29E2FEE98A8182BF
:10409000A3A5032823EC173016F6F519D9BB94BA5B
:1040A000BBF7DE0D2510183417F70021D80CECB93A
:1040B000090E30CFDE382B431E187D793B655647FD
:1040C0002E5C36595F2B365F44E904262C47DDD23F
:1040D000E1D30506D9EA132AEAFCDDEA19D420EF78
:1040E000F4330F17422E2B363A4F20491726F2276A
:1040F000FA27CFE5DAE1FAE8CC03E3DDBA150B19CC
:10410000C3C9A1B3C2CFA6D3BACEE2BD85D3DAB1BB
:10411000A381C225F7001A3353E8F3C4F6275F11D1
:10412000D3F6FF17E62C0906F4D8FBCACBD3AFA110
:10413000CD2A1EDBC8EC28CBC9E3E84136F50714CD
:1041400056ECD8C9D3F1643AC0D0E30F08E0B1DC33
:1041500040EECAAB99E3C9C2BFE91D01B4C9F7E992
:10416000E1D4A7D153547B7B61FC224A3D263434F1
:104170003C4541E207592F39F4004F517F0D136838
:104180004D510B5A6C62551C1731230F474C453D5E
:104190002A18092B0FFE242717070DEED3EEE7E9A7
:1041A000412122161E071A1104ED2E27101BF3E7DA
:1041B000F8EFF604FCF1F909F707F8EE110F152BEB
:1041C0004B3204E4FB202F19E417313017E0FF1EB7
:1041D0000624D5EB351635C8DD04191DD6F7E60BD8
:1041E0000B01021C1004FB0F5B4655ADD8FBFE2EE5
:1041F000BBC80A182EEDF6E9E8E5EBF5003649D71D
:10420000C1C3E8F0F3E2E1FE0AF7FF1902E914E4A2
:10421000FF0307F40A14132AFDFD05121500E4D666
:10422000FB03DAD0FFED01EBF321122DE8C6C9DF65
:10423000FEF400120C0C281120312A01DFEEF6EBFF
:10424000F715210F1FE1F00A1A062F2F2E2544E63D
:10425000F513F12AF1FC1800182D122F201D04FE71
:104260000C1A21E1D9E50E13D9CFF1E2ECDFD2C36C
:1042700001F4A48CACD6F78F81CFE90DE9DEFAFF0B
:104280000937294D4B4611F1FCFBFD15EEF808CF1F
:10429000302E291D1D2F2E2D392B354F596A742A8A
:1042A00012273B2560515D2C3F181B0B1B0C0DED9D
:1042B000E21501CDCED5B5B91E1C463104FFE60589
:1042C000E5CE163207150DB6D0BEDEB012FEF8F1FF
:1042D000DB01F6F5F1E21F231AFE12BFDDF5E4CC97
:1042E0000111331A05DADDDDDCC3274022FD0CEABB
:1042F0000F16F8FFF5CCE9F912F7FD03330BEFF7D2
:10430000001C0A11211A14060410EA02E4D200F774
:10431000D8CCF90CEFD5E2F63B1307EEFA352910AD
:104320001806060F0F1CBCCED6D1D7F4C0EB01E1A6
:104330008687AB8CA9D4F1FBF80CBFD2D0EEDBDDC5
:10434000D2D41EDBBB92C7C8BA1E203A1933021F53
:1043500006262B04192F10170D13FA1404333332C9
:10436000392913243323232E2C233A30060A032120
:10437000070D1831192AF7FFD20CEE141F1411087B
:1043800012F00327021D04271D2F05010CFF210633
:10439000F10A040EE7F1DCFFFBD3E2071C2EC3E4B5
:1043A000EC0316DFF502281B81A99ABFF2D4223252
:1043B000314BCAB1EEFE0DD1DDEE1054C3AE81AB70
:1043C000B7F9FF08E5D7ECE613FED187999A9CDE92
:1043D0008C9081C1E8B1D5C2CEFBECC690D0AAEFDB
:1043E0001B10151FDD0BF7D5D904EFEDFFF3F8E433
:1043F000E2F5E3120A1210180B0AE7E3B50B1AEB09
:10440000DCFB172E08162D21F7FA11FF36312D315E
:10441000174C311B3941ECE0E3EED3A195CCB60348
:10442000C5A3C3B8D316273F12160114FB14573C7B
:1044300009DFD70C01EEE0B0BB231D2A2202FE06E5
:1044400009EBD7F6EA18FA040B11EEDFB40D19F7F1
:10445000E2ED03DEEDCDDE261D121D060D2725EE55
:104460001C1F194A313200DE031A121213153D11B6
:10447000F2DBE7FFD2260E1A04F6C7BEDCE4D1DC7D
:10448000E021E5FD33333427EFBC8185A4AE02C5BE
:1044900085DFA106E090C6A62D28E5B3C6E2C7B227
:1044A000C100EDBCE7D2ECC3F405FD20FC152E5E87
:1044B00042A4B8C4D52B35F9E8F0CFA1F4013120DE
:1044C0000CCDC3174AE3ECE7F42223FAC629FE1801
:1044D000F398C61513D2A8CDBAD403A8BD9EF3FC99
:1044E000C1DFE327EDB4DAF7F0B081E42412F0BFC6
:1044F000D202F3D6D8C520CCA8AAF0EDF3D812FD8D
:10450000FAA8A4D7D01902D2EF15251DE2E51D1C8B
:10451000322B304E760618293A5759401F180C1D79
:1045200026261E4BF62512114FFAD4F3273C05EC34
:1045300004DEFDD2F229153B0937473445C702187E
:1045400014453B565B4B58D9EA291D423B3E4B4D27
:10455000154B332F0A0926200FF703EBD7AEC3C044
:104560000CBCAEC3B903C8C8D8CE1EF009D9E52B20
:10457000182023F73B40334523F91D05FEF80901B8
:10458000F4EF0A0D25FB0E3A230F1120F71F09FF48
:1045900009011E12190DF8D6F5FDF5EB143C1C03AC
:1045A000FD2D111819057F280AD9F151352209C9A5
:1045B0001DF3E6E3D200E0FBD5BB12D1A6A0B0020A
:1045C000E2D2C0E119FFCFE0F424F6D1B598F6D0DD
:1045D000C6D8D71D0DDEE7EADFEBF50416050D3E64
:1045E0001420FCFA1414E918F1F3EFEF15FB060D93
:1045F0000FFAEEF3DBD70A02F8D5EBC6C4C3D8EE48
:1046000005E9F711F7E4F5C6FDEC04152A30211F82
:104610002902281EC6D0E9F608A3C4CBE0EBD2E5F8
:10462000D9F3DB10FAF2EB04D4EFD9FD0FB0F30AA3
:10463000F9EE05051B071D0D1C471614F1183B3438
:10464000190A0D544C6CDAEEF802FDF203403F28D3
:10465000DE08F6F9ED0A0F181414E7FCDBC3EBD8FB
:10466000C3C9CCFBE9E1C8D3DDEFFDF205F3F7D810
:10467000BCCBD7DDF6F0D5DAC7DBDCEA0AD0E4F94B
:10468000FEFBA5DCF50009FD1D48271EF0202522B4
:1046900028E1171D0F350011193419EF061F20DB13
:1046A0003F3452614028144940054E412E00E1E953
:1046B0000F291F15FDEC372E3BC3CDECE7F4EA03C1
:1046C000222C29EAF82E472B4B4E63593CD4FC038D
:1046D000051C495C7F6C2C202134330020FC11F038
:1046E000DE443164543C1DEEEFF4CC7F717D7545A2
:1046F000140E0902E80523534030E40D07FADB1CD1
:10470000393E18FC08F70BE6E30310F7FE0B02E74F
:10471000FAD3D30D1B051C100C0617EBEE300F055A
:10472000140CEEFDDEF4E9061D0706FB0F11EE0E7C
:10473000EF080406E6D6D0B2CAA2B8FBE4E6BBD4C2
:10474000050712FFF11A32FB09F10108E6E4E50A58
:104750000F1A30F01917FBFB00160F131F0D0EEA8E
:10476000FCE1D5E4FAE5E1DAEC0AF3DAE503FCE88A
:10477000E0FC10F9F9F7F01527F2F3EAFAE4D8EAC9
:10478000BEF8DFF0E2D9202D291AFE2012EC0CD45D
:10479000322A412C24070A0D09DF262B051913297B
:1047A000341B290B224B43351231372C0CFB15EDF2
:1047B00002D3B72C3819E5F25F5A511CD0E405ED4D
:1047C00006D21403E4D6EC0DFA091CE0C5D6CCF3EE
:1047D000F9DED4AADF08CCBEB9E6C612FF12EEF4A9
:1047E000EB02FC03D83AE72201BBF72C2922172B56
:1047F000402F4A1C334A07260D2B08E9F9D23D46C3
:10480000FCB4C71B0210FD040A1F1BFB0DBDDFCE4D
:10481000AA810E11C3938C131201DEE9CBD7D4C247
:10482000E8010202FDE1CAE8D8DBBCF3182401026A
:1048300006E0F8CCDCFC212ADC090F3107F3C21FAB
:1048400067F1E4BC0300E9F0DF1A3911E522F9F859
:1048500018052D13D903180FEEBED4F8F7DDF00AB2
:10486000E700FF06FFFFEE09FED5C5D928EB10FFD4
:10487000472D34FEEAD8E4E91A17F4C7EFDB305CC1
:10488000B6D5D2E719C4F3F5273EFA05F3070900B8
:104890001CE8F4EF3F422411CE0F210FE2DBE8C009
:1048A000C6B9C826D6E90EEBCEE7D8FB33EAFF0A35
:1048B00004040BF90CE30EDC05240820DBEEF433D2
:1048C0004F414E5A5C260226004922352BD214DE77
:1048D0001212EED001FF3CEDE4F5062F272256061A
:1048E000291A242107F2D2C6F3FEFCE2ECF6E3EE2D
:1048F000F7070FF6FB0413261A3742223A34291D14
:104900001BDCE5F4E701C6F6F72D08F00D55492646
:10491000FFF0FFEBE4E42A362313CF2741250ED422
:1049200057696114B81F0515EFA17A7F551A9E3D8E
:1049300045F7E7A203DDF4D9D3B9C1C6B6A10FD8B4
:10494000D6ECE1B69C95898E1712F5FDDF2228176B
:1049500000EC6D6B7F581F45274123EA3C4D5A4BB5
:10496000500C1D1C09F6411C1B15191B2132230A72
:104970002C06280E0CE4F9F9EDEF08FE02FE2BCE12
:10498000D8DCE9E31622282237CBEAE5F902EDF874
:10499000FA1C1AC4F101DE1AF5E9FF2417F8E6E360
:1049A000FEF6201612FC18EECFD4DED31808F91448
:1049B00005DFE3C7E8F9322131481507010B0C0C7C
:1049C000EA040FF7EEFD0BE9E30D2A181C0F2AE6A7
:1049D000F0DCDDE90810021322DCC4B4DBE708FFD9
:1049E000DEE0D7E7DDBEB2D2F000F8EDCCE7E6C9F5
:1049F000C5EE03F8EAF5F0E4F1E9DFEA2A4C4343B7
:104A000068F0FAA9F909F20A2C411EE4E71B2729EC
:104A10001A25594A40B3C3C1B5C1EEF5F6F420A535
:104A2000A4BF0908D1BFF5FF2618E6F109F33F60DE
:104A300057361CE8F508F507D2DFFEFAFAF5001B39
:104A400011132C18331D35D9BAC7D4A1FDF31500A5
:104A5000F0D9C5E8DBEDE4EC125D63AEB7F60D5BB3
:104A6000E40C4D5D7F9EAFF8F9E0D40D3C5376AB7E
:104A7000D308FB02E6D8E5FAFEC9C6C9EABCD9DE0E
:104A8000F0D31DF2EA151128080C080D251207E6CF
:104A9000F7DD18291903090EF2E4DCDDEA06C2B1DC
:104AA000C53C0E0604E81C2C0F0309FBCDEEBBE948
:104AB00006F306D4EB12F1B6CEDB482510F5E7324B
:104AC000020A040D3A1A1CE204F001EEE6E2FA24AE
:104AD000472D320E437974413C657F6A431A1F416A
:104AE0001B1832152F1C12F8281F403F07081B0AFD
:104AF0001907FA05070B2F39FF040AF0E1FAE71E40
:104B0000E400091016F8E9EB01F2F103E5F7E8D843
:104B1000D3D7EFF1F60E090B064115FFE8CD52345D
:104B20000EFAC2FD2F25F9F82D2B4B29401D2E1B07
:104B3000090A5E6C6448202E192D250316002316E1
:104B40002613020921001A272E3619EB0B4A4E2D87
:104B5000291B3010F92D162C00E90D10271A2CC036
:104B6000E7FE231BFF030A0BF7FBE8EEF800B7CCC8
:104B7000DE0431C7C7D009FCE8DBE7D2ECB1AFB641
:104B8000C6E9CFADCEE7D4E2D3F80B06CEE407A951
:104B90007F81A2DEC9C82D898114F98186EE491072
:104BA00039DE28547F5ACE81D8627F621520EA7F91
:104BB000209EC1DEEBF4293F7FD0BCB9908181F902
:104BC000571AFA641E060C8104D0E0357F81C5FFB8
:104BD0001EDC63417F684B649F822A7F43CF727FD4
:104BE0004E81F6677B393E7F1CB714A3D8F97C7FD2
:104BF0009481B9FCA97F69181CFE34311A507FAF2B
:104C000081627E164062BE810CDE571281D51DE79F
:104C1000FF3E7FC081323BF77FA4A472410D3DFF70
:104C20007F5C81EA4528B98BD3646E81F6CAF06057
:104C30000ACAD8D3D700821EDCD37FA2C1C6180C03
:104C4000111136F41A48E9F49BF38C990D3351187D
:104C5000F3F418F70BDAA22EBD0F1DE9D50736368F
:104C6000F8BA332D8140DBF93505D9E905CFF9F5DF
:104C70001A2E19C41B143D0ECCD9307FF1503A11B5
:104C8000E8B7DFDD55F83F09FDDDF9DCBDD54CAEF9
:104C9000F1A9DE0444403060E7F8937EE9214362E5
:104CA000E229CEDAA30F11637F52633427C439DCC3
:104CB00037CCFE7FE1E7C9D8FB23250F39EBF8108D
:104CC0003AB610FBA3DBD5BE660EC500EBFD03B7FD
:104CD000E0DBF37F01040B1854BDAC030F2F31133D
:104CE000CB220BFEC104E83D0B6DFCC861C9D65058
:104CF0003EFEBA5F0DFC29C1401C182818B181483E
:104D000017F2A0F565303512AF1EEC2C08E12ED15C
:104D1000B814E81CFF74FE2F06FD0EDFCF05F4E685
:104D200003FB3D0E231B81E8EEFED9023CAF20635E
:104D3000013BBFB02F3EB7AE1CE41E223BDDDC556D
:104D4000300481C3322D67F9BA30FC274A6D94E9EB
:104D5000D77F64D66443058478DC84CD15FB1CFAC8
:104D6000C2F6A8F2DBE15CAA1E250AB0F1F803DB6B
:104D700045FCD3BC1A172C0BDB12C9F5187FEF5D6D
:104D8000D80D20D62EE73A141C940A2023981C7CB8
:104D900001E900DE16FAE24195FAEA3E7FF10319D5
:104DA000EEE4F6EBF2315C4DE182E9ADE919FD6824
:104DB000FA52E7FE162721FFE71D02E0F70C15EA7D
:104DC000F7EA81FB19151035ACFF196EF86E066312
:104DD000BB47F2B935BDD014171A19D7F6FD3F37C6
:104DE000FFDCADAA0A7F22D1AFCE271D2975DBD308
:104DF000C87F3FD4EF171C0F20F79473D0FCF50247
:104E0000BA4B23473D8B700061A42DFCE9A5EF56FA
:104E10000DC210F02F07F7C22CD5099CF90DDA1A34
:104E2000BDF5EC420FF77F30AABFF343641D2ACBD8
:104E300045621921D0EFFB59FDBB8CC7F700516FBC
:104E400004F5920C57C9FA81E9DCDDB448D6E713C2
:104E5000C6258C8B08E92CF6AA56D5E0F0EC856ABD
:104E6000EC3F39F02DB3A3994F81DEA52CC419F97D
:104E70004557057FF824F3D201F43C15D7E40E2CF6
:104E80001222E4260AFB24BF1B16EF2AB8A82735F6
:104E9000F499C813F4C011D6D4051B4900F22CC6EE
:104EA0002BDDD61EF29F07BC141581DC1D00E21914
:104EB000BF1005DB0DCDE1E5057FF63E00D7B00E56
:104EC000F10D1FAF20FB521412A80EF429B7F4C342
:104ED000120BC97F2C0E40F000102F04FBD8FAEB08
:104EE00005F4F424F903C92EC016FB46DD35F9524A
:104EF000E9FF42D1F6F1814604F409B0A5E60616B1
:104F0000CDCDB0DD2BCFFA0F24F1299C23E4F43B67
:104F10002C28F8CEBB2D2443C1EE3C7F49D3103F53
:104F20000AC2FBCC4B2307B310DCF0BD1FF4D1C782
:104F3000E54CE8AE81CF251F16032A02DBC4D01A48
:104F4000500A3DFE3452C814C3080DE22C17FF046A
:104F500016C9CC1E1D431DDC65F8D1E303272C3E8A
:104F6000EE7FD923C9D7F9412C522E01D93504E857
:104F7000B023293AF0CE9F0DC0F35A9CF4F114FFF0
:104F80007F135CAF96DAFDC7342DCA49EE32C235C5
:104F9000D659FA18C2B8DB1D40346333C1DFADEE19
:104FA0009E718159042CF936245882D825982507FA
:104FB000EDD412320D8166C84FEA72EA181AEF96E4
:104FC000EEDC596D11C0DCA9101EED792D7D723318
:104FD00066F362123BFF43CF32AAF781BD3C5F7E8E
:104FE000C90CFCD31E4BFBEBF629A2069441B27F01
:104FF0002DD721DD2B0FF621CB99F44DC3EDFEB457
:10500000012D42A5420C011AA90825F5BCDD092D88
:10501000F47F04C0FBFDF806CB171230FE12C42546
:10502000F6B649C72D45FC0AC1C91E3C3E38B3BB84
:10503000F4C31E04CAC7FCDE61E5FC2422CB04AD28
:10504000D450016DA881209A2D09EAB70E46D4D319
:10505000C6193905F3AEEAE1E71029F40F03EFF9B9
:1050600043121DD602011EE516B47F17080A0D2A49
:10507000DFF42A1F18C158DECB0A30F10A1BF5B441
:105080002F810245F6DBD3010A96EF104FBBF6598C
:10509000DDDB522D08D404EAC892F181532D03259B
:1050A000BEE8E0E012081627254E5130C7FAE60C9C
:1050B000E9B4FC0EB39950D1F8271B7F5FD5D5DE3C
:1050C00029A4002DBCCAE904FBB4D3AD08E8DC1167
:1050D00013E80E29CCB7FDDFEBB8D019FF117FD84C
:1050E0001A0C027D0A96CBF26733DB02369244201B
:1050F000D77BB662C25077E01E1DE20882AE81F80F
:1051000043141ACF1DD88A35E30F4E66FCD24A05E8
:105110000FCCD9BE34FCC97F944D53FE4FB014F66A
:1051200006D33A1DDE5410F828C60CCAE01FD70279
:1051300005F41C2B2703F72E248116BF31C642A786
:105140001A260AF32EF5EA39C02D2D046BBF022270
:10515000D6F607F490ACD606265C37AD1FA9E51845
:105160001EA1E52DEFE9E91B259CF8810465D3BA62
:10517000B742E6ECCD1CF03C1B2C7614EFD9338102
:105180002CF9CE213C1D9FD0C3C9F1D8588B60EBC0
:105190002C68CABBFC1DFFF3C41E0BF9FDC903FC40
:1051A0000D63F70C7FE115A938C1503FFDE5AC490F
:1051B00021291715F40612FD16AE35042A1CFAB47F
:1051C000468DB3157FF2FBE4ABD1E8532B06F7E62F
:1051D0001F34338BF0D5451A25EF24504605FD05C5
:1051E0001AE9EAEA447FD0BF071C0D87D50843259A
:1051F00034E6E8CB28ACFEB2CDFE1BA281460D2DD5
:1052000005E9D2EFC13728F921F0E119D808D21405
:105210001AC32EFE1108F916B4E7384E49AF1F0421
:10522000041BDEFE8155FE3EDA0F0BE3094C06A699
:10523000ECBB3B49FBEC1E3319F32B5B28DECDF8AE
:10524000C927D810E41824186C100281DF07F11365
:10525000F8351A23D4231F12B6E72B12FA10191FA0
:105260000E01F9DCF27FCDEAAF04E3311B9C069F0F
:105270009C5B3907F0A3810D1E1825A635CCC711FC
:105280005C144D0B1883EFDB70F1C76538CBE62259
:10529000A8EAC8E2EC92123B7F05D9245FC5E8DD9D
:1052A0006ED5593D03D7190719205CF5135AB9C8B3
:1052B000C32D27E6E1CEF12C23EFCF3201F429A054
:1052C000F9171C3C54ACEB81061418E702DB3DF0E7
:1052D000EDB1EBC4E6CCF923172F101FE7B2DDC206
:1052E0007DA8E4160CDDE012FA8103EAFB15CDEA95
:1052F0000BE97F1CE4F6283B05BE15C627DC24E538
:105300000248082D06E2FFEA1D0102FD1F8112D4AA
:105310001323992D1DA520D0215EF6B2D123AC1701
:10532000F8F9DF10F3E1F6D5B32B2F23D012B52D0A
:1053300076060ABF6AB1DD27320C4CD12D7FF0CA48
:10534000A1032DCA5E210420EFD1F101EE5017ED2B
:10535000BF101F3CCEE11506EADD0D1CFE19EE065E
:105360001506F5B5137F11F38D1D4E12F726BC3AC5
:105370000671EAAFE3D8F5D4EB38E4EC1801E5297F
:105380003BD881C0017EBAFED6F15BB410EC06CFEB
:1053900015C4734A3CF848FFB82A0E2477D713A6E1
:1053A000D7AD467F29B822FB5CAEF5A0E84BDF1BEA
:1053B000CF65F2FA3666C74EA7018121EBBB16A670
:1053C000E842B0294F11FEDEE4A3E21D0DD3F1A7A0
:1053D00013B6397FC2DEA6F576E413B8F4E4B2F969
:1053E000FB02A605F8D6E3FA1548208C2C0E81EFB7
:1053F000F3F41E3D0C0832021BCCE1D7DCF2190D90
:10540000F127C5F10002D6EFFC2018C1F92146179B
:105410000EDE3B0E683C8152FF0C47B7F2B3F2F14F
:10542000E7494B01C0F40328F90954EE65797F423E
:10543000818AEB6E5357F19181A8832136D3B771DE
:105440007F17316A7F7D2A3904048381DA148AFF49
:10545000AF1DA8C4819B452DCFFA119D81E6C3E8FD
:10546000BBB08D811F05DFD60A527F093A10F720A5
:105470004D7F088EBEB2B3FF812254028FB7357FB5
:10548000BEEFF1E0819F28FB457F3CEEE4E47FC363
:10549000D90E3A50C43A7FFF9E9EE536FF07C921D8
:1054A0003D5E7F080D1F28189281963E537F4FFD69
:1054B000E058A48D95307F557FF4E1848B497F8936
:1054C000D3477F6832C7F3092D7F464289017F7D2C
:1054D0006C664B7004F6103F7F47E8C4ED1C2DD777
:1054E000A8811E4CEA8189E31EAA81AF17F734E236
:1054F00099BC0BE8CF8139E2F14F217F75445D19EA
:1055000068FA9281EB0B7F760CC3ED5A1607F025F3
:1055100040F3D5DBECC8817F514117031C2003E722
:10552000170DB0A69881A9F64CF3A0F90A7F2A0CB2
:105530003709E0FD12FEC2029AFD1EF90B08484A27
:105540002D5A7F5B797F43DAED05ACC6ADB7E5CB6D
:10555000EF2349361308276A7FC08186A3BFF2DA9A
:105560002B3F231EEDBEC09EE4EE6A7F5728EB7FE3
:1055700009C6DD04DB12011DDEBFF9F6E7E20330E8
:10558000FFECE3B781ED0C396B31ECC184B8367FA9
:105590007FFEDB1861DCF5E9CE03A921058185C911
:1055A000535491B6AC10A2E212FBFF193F31D7A2BF
:1055B0008104503A2B5E40BB9DD8818F8CEF4569AA
:1055C0000B86811A1A349428424B3DEF0CE9447F34
:1055D000760DAFC9DDAECAD63E7F2FACC20DDFCE91
:1055E000F0F31C4F723C01811A0B0204DBD3E30879
:1055F000F5447FD7FEF411F6E7C9D520347F81A9A1
:10560000CCFFA5A3EEEEDCD40C1303E0E4FBF8F230
:10561000FBF4177F7F4519F8D2A79EC1EA0E1B7FC6
:1056200078305140D4C8CE11DAE25C45D0B895EE5E
:1056300026C681A6B6BEBB1AD5B0CEE210E1B681B1
:10564000E7D8071100C20E9E818FB39AA8BACCDEAC
:105650004D54D990EF7F5F6AECCAD12F12CCC11D97
:105660007FE2170B0A81819FF85A7BEBD9B229336D
:105670001AA1F3021418D6013C55FC6A55BFE70A7B
:10568000F5E71C31DBE1FC13350A7F2E1CBB02D28F
:10569000BE2C3504A5B9503755DE1BF219BC06D611
:1056A00019BA0C460611D32C0DCDB43DE6F514BB4A
:1056B0002E10EA01D9C76C665C68A845EA01F24C75
:1056C0002418FE1D990C81F614C3362218F8D23D19
:1056D000EC0A9A0BE52BE002E2400301B5CA75DB48
:1056E000C9243225F3E549DE1AD827FCE6000B0170
:1056F000D2E43246C14462C0231B04150A01D526F8
:10570000A3DC0C10CB0DF2060D0CFAD12B2B40FABA
:105710000FB3E57F1EF6E61FE914E2A7ABFB30F3FB
:105720000A1EFEB9F90E131D1DF7FC1B654C818B7B
:10573000BF0FE11409E3F11ED4E3DB100ADB32579B
:10574000F77205160BBD44E989FD120386329C26CB
:1057500021C916D8D9C331C608DE010BD7EDC0C7A1
:10576000545107D5C8AFBC0534425BB7484BA93884
:105770003DA4FF29F24461D7C6E256DAD217190BCD
:10578000818BF1D7FDC8ECA1C5B7EAC6C4F2601A97
:10579000E2C5A66276301B3C1C2F06BEAD3B02BEA6
:1057A0003D22BCC8232A37F490F776B731204B2628
:1057B000FF11F77FCD06A5F1F444D6E16624471B1F
:1057C000FCBF180EF5180FC97C52F112D9164A2EDB
:1057D0003DB9199FE09D1D2A9A21BF31E542F3F59D
:1057E0004E4D603136484DF71E4EE4F2B9F9EABF2E
:1057F000CB0CEF1740F338B7BDCCB006F64BE781C2
:1058000000A2F6242F184CF4DF13CDF9ACE2E8EA3D
:105810002606EB0BE539073830DE19EDB455D71BFA
:1058200016DAD4FCF813D1D03A03BEC07E44EF1987
:1058300009552202A9C6D6FDDAF4AB81E11F292B56
:105840001C00F92A1B113BDE1532F3ECE6E5FC44A3
:10585000171AF5E995A71A091511E429F90701D3D3
:10586000DC401908F9FDEC06FE37ED045A1DDFEDAA
:105870002BB812A4D8DE1A203DD1182039E095F9B2
:10588000ECD7FA9D18D2FD3F3AEA48F010DCF62931
:10589000DA0E24E4C91134382246FB470619F1F523
:1058A0000DF919DEE6047F61D51A1EE7C9C2D82AB0
:1058B000E41E0046DD331417CE09F10045F4F8EB81
:1058C00095FEA7E3ED12E7CAE00AFDEA0F3BB51A21
:1058D0001C21FC3DE2E95139051919B80664E1388B
:1058E00013F804D20D031BF4327F3106B23ADB1DEC
:1058F0005F2027008A12E8EDB27220C6C498FE55D8
:10590000EB9BB002FD0C2E58FCEBF748AA25FC17C8
:1059100035FC14F1ACAE8EEF26293B6A34F4C7B9DE
:105920005F7ABBFF1ECC0FC1D01FE77FE5ECF25CB6
:10593000E9C9EFEBF20D09040F1A070CDC2515116C
:105940001656E1150A2F12C018EA9412F4024E16E8
:10595000E6F8C2454C0D8109BED122D5FC2BF604D8
:105960006D1205EB23D9FF64EEF5400DEB5BCA0623
:105970001D007FC3E6D14501CFE4EF8BCC2BFA9F0E
:105980003AD62896660E2909213B17AEDE3A01F277
:1059900022530C1635EA83F7E7C13427311FD8D7D5
:1059A0001C77EB053261A9E9DFEEB2FC90CB2FC783
:1059B000E20E03F9A84A3BACB42D9E57411112FCEC
:1059C000B0031906050CAD101AE45CE9E7E0060E19
:1059D000043D003BE411158155D412BB4D21251522
:1059E0000BBFD0F5B604ECF319BC28594813A6D563
:1059F000062237C5CBC468E32A3227D88148BD04C4
:105A0000E0D9FBB2C95109B6F7B0171D3402FCDE6C
:105A1000C7141408353C01031EFD5C4C18FED82049
:105A2000132832D9280C0E25F1DAF20E54DABDEE25
:105A3000469AF0DA2822FF0AF79928D1C6C6EF085D
:105A400096DA0AD2D9BA6AF4FCA867C506BB6DF724
:105A50008A25FBE7D0FF27070850DF3A27D437ED28
:105A600093F4D420DEC5767FD2ED2EFF212A0BF9E8
:105A7000FE0BB7315AF51032E1E2EE1AD821F2E509
:105A80002A2AFDF1C6EB1EFAA4C4DA08BFE82026D4
:105A90005781FBA449F0010DF5EA0D2206C3FA2453
:105AA0003E29E62326C328C20F2BCEDADA4706FFAB
:105AB000DB1757D8141E31133AF64E26DA0C990B21
:105AC00048BDE596CDD62BFFEFFED0DDCE2DB2251D
:105AD00002CFF1FA7FDDEAEF0616F13D420FD7D58E
:105AE000F8379ACB3F5133EA9D089F0BC2E79A08DB
:105AF0007F110ACCDE1CECB02201E80B10CAE514C1
:105B000028FA06F6ED06FD1827F7082D01FAE01F22
:105B1000DF260318DCE9EEBD39E24B1C37CCEBD4B1
:105B20006BE3F33CD717C20306CAEE5136141FE9E4
:105B3000E60804CDD4CD30FB5DDA050FE9BFC5E240
:105B4000E10FE681140BE338F9C41703F111E7FF05
:105B50001F0116E10BF137DE0E40FE3D3409DD2258
:105B6000E2E71A1F0B3648230710120DCBD6290B7C
:105B7000AD4AED1F4B8D544E012A933696254ACDE2
:105B8000D705EE024D4EAB20C5DBD06F3B020B5666
:105B90001618FF009F1D1FBB751D1EF2047F2543B5
:105BA000AC12C6FB0662EE53E6E5F24EFC2D231B5B
:105BB0002B0804B7CEF8E80C323010CABAF70D281B
:105BC00014EBE31CFE20FBCDE6130CF67F0404F07F
:105BD000CCDAE02521141930DC0AF8F6D50DD714FB
:105BE000D044E4BCD6F909E50EFA06D81566EEE114
:105BF0009D2F354E1108FB00F8C24CF8C2FCD23F75
:105C0000F9FF000EEFEC6DF6A90DD7BF82FEBD08BF
:105C100044D1F50DE0EED8E531082FEDDFD1A8E154
:105C20004D2C3EBAD2CBF39A2C6D7F0C41A3D200FF
:105C30003DDEDBE93220F4D7D4B104E6DB26DFF425
:105C4000FD09DEE7BC094EC7B4DA31095AFFE64464
:105C5000D93E2A08A0FB000D111C0515EEDD422ED1
:105C60008133B421F5F3F8111B1761F9420ED3BD4E
:105C7000021A0D48F1740E2BECF84BC51511DC50CF
:105C80001122FDE3D8C021F4E0DFFDE3D000D9EF1D
:105C900006B88F13E8DDFFDA1A383430BDE1540658
:105CA00071E2EEFB1405DCC1FC5F7FCD0C2C4E01D4
:105CB0001B4808E806CCDD43CEFF03C8C8DA121043
:105CC0002EEA96004EF7F4F8CE0FA32D1CD0FB273A
:105CD000DFF3064F58127F31CE3D6C0BCA31DD33F6
:105CE00097FA12C1DC2F4BABF53E0BB2CEFE0C0C7B
:105CF000C9C6BB1D7F50E4691E0C5038469CBEF7D8
:105D00003A1EF7DAB9FA3A5BFBE92965E2ADF40A23
:105D10006C010DF626E446FFEF502E0931DF1442E8
:105D2000C1F905E9BEF1C9BAF5B1E64181CA100869
:105D30005D4A0D2CD92510ACFF50E8252FF3F4183F
:105D4000E6972917CF2926F1E5DB7E16EA2BE02C12
:105D500003459C6F0B17FAFD49D62C031715D62A5D
:105D60000F07ECEDAB15E52BE7F1FA39E8EE130A76
:105D7000B4011F093DD51107EAEC3FDDE639E482A5
:105D8000FDAF0B55730AF234D939CCA6F612502662
:105D9000DCB02BF1ED08E10D2BA8B4E71B7FDBE4B1
:105DA000D8BFEDF42CE79F4A24F4E20EFDF0B52DA8
:105DB00044DC7FB7C043A700E85108D8C3232EDADC
:105DC00028EFC807F6C8E025ED1CCC0D03D01B1149
:105DD000D823142E37EFBFB72CD03AFD4709D34A4A
:105DE0001EE91C31AD56F90AF103280E12F9E1F350
:105DF000F2DD151DF148D2FCE9D2EEEFF6DD002709
:105E00000D27F8F6019039E6F6091D963514E1B62E
:105E1000A820D21BDA2A1F28F43DCA1DEA03002C51
:105E2000A7B0373C142935257F723FE7AC04E8F46E
:105E300034166D224713F63D7FF2FB6DC70F9608AF
:105E40005602E425BF26D506E3A4B2E94EDB05CC15
:105E5000F449034F5C03B924051D3898B286B0FBA2
:105E600013170DC2BDE91429A8FC0804E2FD0AE3DA
:105E70000D694C72E2C225F154F8ECFDC2C2AAD9F8
:105E8000F2DDE59FDBFA3805A98130E6D522CBD5D6
:105E9000451BC72BF0CA0FF8E8F255B537B2EFDF54
:105EA000222619A1EC0EFC0C2B0C0AF898BBD7FC8F
:105EB000E12DDFAFEBE31FABA8F2FC0819FAAEE768
:105EC000F6FE9329FC39F70AF78D092C3181D9EEBA
:105ED000ECF84B1F1C1DEF19DE7A0EF718DE051BC0
:105EE00023D4451AD9CE30430449066E330FECE271
:105EF00006E93804A43AE8F306ED2C0DC130FAF2B5
:105F0000AFFB09EEFAF92E01C5DD64813A19F807F5
:105F100009E80623F1434CE2F4FA3639CEE52203D0
:105F2000CAEDF82635F264E9226505AF20072F1D7A
:105F3000DF26980346FFD86503D5B281F60E4005EB
:105F4000D521F964D81EDF2A21FF0EF112DE4B1194
:105F5000112CFCD0E6D00AF2E0E8DB16F6E0E7A46C
:105F6000F543122D4EE723FC04FDE6CCF4077F51E8
:105F700016179F255F1DD43AFB390EAEF65D2EE84D
:105F8000FBDFB409B11CE00BF526081B2D2DF6BA7A
:105F90001F09F86021051A0EED2FEAB8FED4B8DF0C
:105FA000D0F8E9EAED3715DCDFFDE8D4E7EA2B9A13
:105FB000BF58BF0807B3FD81B150210CD44CCEA40B
:105FC000DEB0F31B36F002FCCED72BD6EFB4334C49
:105FD0004CDBD00B0A4C702811D1F00438199234E4
:105FE000B0A81EEA249FEB0741B49C39EFE3E7C356
:105FF00043F0527FF303F0FF3C200255101BC7DE35
:10600000E8EBE7F7C75DF4D847F719F3E4CE571983
:106010009131A927C2F81301ACD6ECF2250FC919AA
:1060200035173DD5B535FE29E3FFFA241AF5EA0206
:1060300000DF0A0AE9E9210E3702FA02E2D6A8F7E0
:10604000EEE6D3811BF1EE18E4E8280E1523BE011D
:1060500028E93DECE1BC4A301C3C421A24AF0AF767
:10606000D13D05403FF9130D063916FB4BCF3ADE03
:10607000E917BDCCF0D13EC079DB68DDCDCDF0FCB9
:10608000D7D0299B3235D90E2F814DDB11EA4FDB5A
:106090008F02030BD5E50A43ED9A007C1CA5A9E805
:1060A0005ED2F70DF6DC203EF41B3EE0FF0E2DCD58
:1060B0005EF7F20BE11F561BE619DBECF33AB4D79F
:1060C000FA43A681ED1B04300ACF1C0C0540D50D08
:1060D000B0ECEE2A00FD39A6EA035215150AE5FFD9
:1060E000FDA7340D255058216D17EE1A031A01082B
:1060F000F6F60598BCEC16A017D1FBC7CC2CFACC51
:106100000B44D79A1C0A6BF1BE03FDDD1DE9D11CBF
:10611000E10853140AF1CBB804FF3D14071281F7CC
:106120002CF0E5F6E53612F7FC4702C636E3F453E9
:106130000AAEC4EE0B2FB5EF02CE20EC6EC131409B
:10614000F2FB2FF534823218CB1F32811EC73E0A74
:106150000911622701F8110106CDB003CAF2B3F7A5
:106160008EF83C0CE63008CB0FFC1E0E57628FF900
:106170002538BC65FBF3F349BE26FDE6F6421B0954
:106180000827110C9E36F3EF4DE018EFB4F302121E
:1061900019D7179D0EC3D58B37E2E130DCF8C981E2
:1061A0000236F6293CA59F074C62E8BC109533EAFD
:1061B00040F82CAA2BF50922E110DE26DAE5CBCC3B
:1061C0000717BBE61C3BE2E5259BE1D9378127F3A6
:1061D00095E00AFFC4EBCAF90AFA02E5F61417EDD6
:1061E000EB224FDBE1D6AA26D2E8CD480BF1D0E76F
:1061F00022D717E90008EBEC1AE1FF61110BC3F09D
:1062000031F102ACDED112A9F11D40DDE2A972D854
:10621000E714450D151E1C7AC60035D824F3107FEF
:10622000DAF53614CFD6094C00CB2C63EEBBF70859
:10623000CBDBE2F0F0FCE5D4DEBFF3031BF002BAE7
:10624000BADB001106CD34F0C2FBFD81218D25F0B3
:1062500013140C2DF01A4C0819F7F0D0F3DDE2E519
:10626000BFB60A4CE412FCDF1E28191ADBEB13211F
:1062700040B4FD6621750F09CCDA13271006D7DD6F
:106280002B1EC8CBEA09EA811314D7AECC280E091D
:106290000ABE891439C1040EB018071BD7453C2427
:1062A00026B6C6211047E9C5B4334DFA1A4A201D57
:1062B0000F3E0920158113E9D5F410EDC73AFCE82B
:1062C000E0F1070FCD3054FB06E925D718F208C8D6
:1062D000D4DCF309362A09DFC3CEE8282E050CEDFD
:1062E000D5CD094A0201FC312128C2A06802C8FEAE
:1062F0000D1E1DEAEAEA35091C07EA1CECF21F280C
:10630000EF061F143105E4C2EEF34B02250D1159BF
:10631000077F4FCDA4EACBFF2E13EF29C9F121202F
:106320000257890C35F3E1C5B9934797D407121882
:10633000FEEA37DDC1CF0E12DEF019B80BFE052CD8
:1063400022C9BDA5EE0AF33BDD171BC5E90DF2F727
:10635000FAEDFD38E5491449F5205FF5C61B81B615
:106360002B1E2CC8CA1047EA394840FDBFC7EE258E
:10637000E4EEE45116F1F6E0F7F51AD61929F2C663
:1063800007D781D50B3BE7EFF40BE502C519ECDC31
:1063900019E6D055FB5A382DEB4141C5EB0CD345DE
:1063A000F7D035EDF7FCF7FF126317C9AAD6CCE397
:1063B000CD136B7DEF30D1F1301A1773E406D0DCCA
:1063C000E1F7F8D581EF38BDDAEE038FC6AFE16CA7
:1063D000093B2F7F0E1820F5E4F632DD27B2535823
:1063E000B10BC69EA84703C8A0F0F91BE7EC97D9EC
:1063F000F1147FF9D40AFF1DFA0B0409FB1CF0D23B
:1064000043DDD00CC93003C76E19E4D820EE134524
:10641000F62EDD50F8A3C1D8EF2BE3010E4923027D
:10642000DCF826D8D0F2DE17EE3D1F306944C3C633
:10643000EE35D51E2CB810F381FF38E3D7240B18A6
:106440003A462C27C62A30F0CFDC503BE29C27F09E
:10645000E1F1E6AC08D817B53D2B2300D1E4D7D045
:106460002C0027F7F88DE80451FB0109437F252113
:106470000F4B1FD69298022BDD12AAA7AFE6220B74
:10648000C4AB974E016BEBD603318E14FD933FD70F
:10649000E0F115AE12C8045B33680361FFFB8DDBCE
:1064A000017813F5F37E60CE23EBEBDF21D9DAA57B
:1064B000CA5FFFACC59746D0B831F3EFA91B01E026
:1064C000DCC1E9467F4CA3F6CBB3D1410010DF0716
:1064D00015E51483D7E8D6FC412ABA2CFA611B2CA7
:1064E0002CE637E546BC05E6110FCC40F7CBA6BF3E
:1064F000F0071440EC04E8203DE35D15DE0D07D8FD
:1065000005FF97B7BC133DFED70581F1E45AE4E9D6
:1065100036F11D4ACD09210B02FC41C82CFBD810D5
:10652000F42B03E1BF4B29E63131FE28240EFA1883
:106530000AD1BBE12B010AADFF16E9DE43F728DDE6
:1065400001D849171BBDF8EA4A1F06EA0C0F43F4AD
:10655000ACD559E1E8F006FDE1F6D2350BC230D2F8
:1065600057CE2A557F26111705F748FAE85F642AA7
:10657000322AA04EFEB50269EEF5CEB5DCEE28CD8E
:1065800017BDD2061350FDFFD12B892AFE2CE6F34E
:10659000F00F917623342201BE057F9ACB2DCBF9E3
:1065A00020CFC5AACC40FCF5EB4D43A334042742D1
:1065B0000A2BB2E511D9E521269D35BCE3E6371B50
:1065C0001321090BF53245D119F7CBFD3FDB2E42E4
:1065D000F9F55ECE05E1D4E0BAC705D742C703D7C7
:1065E000FE203D4352C4E32DED0CF2811C02EA81F2
:1065F00008282B1EB3DE46EE151A0DDCB5F9FE4158
:10660000022D11CE1B1DE456D5EE1205093ADFF41A
:10661000FE101005D2CE1FCA00F7264BFE03C6D4CB
:10662000FE19DA215B02FBC5404402DE3ABD392186
:10663000141FF75CAEDF000FFD42C0D2C237180E48
:1066400039F406B8E414ED813527F6035B4E19EDF5
:10665000E12B9DC3EF045006C87308D3A0DC515D45
:10666000CB1524D43AE248F6DAEF2CF90BF90FF205
:10667000D2AEBA958101251FFCF3E8C0A281E7D014
:10668000BD81F62A26DBEB2E312A143414D2A481E4
:10669000051A2A1953682B3A7F233405DA0EDB8E4C
:1066A000A681819D878FA4D7BADF127F332A1BF77B
:1066B000C7948995D32D7F636343656467354856D6
:1066C0006034FA81A8A481D70843463F2310485C70
:1066D0004B772F487F2F2215DFF4041CF7FAEBD3FA
:1066E00081EAF5C7DFF8BEEB0C7F24F7F2EC02FD80
:1066F00019347FD009CED9B0929D86811A0A1D1017
:10670000023740547F3F5B667E4218E1A081A7D9E3
:10671000AF81A41DF0F279492D0DCABA968CA381E0
:10672000AF81CACAEFFB1515F50308CE1C0A5E3A05
:10673000E781B7F30F392D26CBB981C3B1DE88B21B
:1067400081A7C5EA0F3BDCAAD2DD95818FE0B4C2F8
:10675000B281C7DC216AFBF813FB22FF0D367FA252
:1067600081B31826EBE5F516303B4BECCAB19381AB
:10677000B9C7ECB5BEBAD2F8347F1640FDEE37E0AB
:106780000F81A781ACD199F2BCC3D1E87F4C5247AD
:1067900026DCE8E9DBE01601FEF2057F584A210617
:1067A000061A01EFCEF4FF00233C6F643BAAB981C7
:1067B000A1DF4363621EFCD5D281AA8AB2ABB7CBFC
:1067C000EDDACAE207F7CDA93C3B16102D101B07E6
:1067D000033A08F7291E7F7F612D4D4031392FE79D
:1067E000CD9EADAAE2D9D9262C52466A4227F5ACF5
:1067F000D8B02A697F15A89D81D908342A1A09E5DD
:106800000B3775655B7F540FE30520FCC6F0FCF782
:10681000D3B6CF7F70614E4C42242B401846062CD5
:106820004878FDF0F9D0C8CDEAE2CBCCDAE6CBAEC1
:10683000812A05EE04F51C0F07EEDEFEE1B59C8112
:1068400082819DDADD36355F6469250DDCDB13B0AE
:106850008D81A4B8BCD913112E032005ECC5070DFA
:1068600005F7FEE81B192D507F571911F7F5DC11BC
:106870000B2CFEDEDACCD4DABB8194B198CDCEC835
:10688000CBD7F509FE06D9A281B89C7F6F701BDCBF
:10689000D5D7C1BA0005FFF8DD0B8198AFDFCEEB8D
:1068A000EB000207F4EEFC051201B38DCF3E7F2D05
:1068B000A8A8BAD814ED2030C3D7BFA7C084ACAC09
:1068C0008191B54E7F441F626635331C021413EF6D
:1068D000D79481A2ED1CF9E9FADAEF2241FFFA56CA
:1068E000FFC8F67D7F989898C30F0E062B677F37F9
:1068F00018210C2B0102DDCBD91E6C7753415BECC8
:106900008189A5F2D6EBF0F4ECEDE7D9D3E4E4DF2E
:1069100091817F4439190BF3E8FE02E1F4CCEE0BD0
:1069200031521136100FCFEDE5D2C9A4D5BFB081D9
:10693000241C2BDF2C3A17AD9BEE757F4E0BE2DA51
:10694000E4FBE5B6A69881C2DCFDD0F545157F6F66
:1069500069574D1CE6D5080FF82A06F4EB94C811C8
:10696000F3ECB6DC131806183ED1818EC03BF9C299
:106970002D611ED0047FB03324450794D261696D28
:106980000070B882FAD8B737FC16C4FEE2F91EC10F
:10699000C3D9EECFD7F8002D48292E0526CDA01B50
:1069A000D2183F7A2765E91F2612BAEDEBBC090A17
:1069B000D515D235DE3CB8D0CBCB4E22C1D731ACC9
:1069C000CC1D043D7FE8D2494C7E37441700CAEB0A
:1069D000BEE8D826DA1AEB12B83B9719243C07BB5D
:1069E000BE37C7BC100FF63FDC2028CC1C125A1053
:1069F0002B026E20E0F51037EF4238E0CC81E94100
:106A0000EAF713D352FEAF1BD41B189B34095E6503
:106A100019181DD9256E3B3AE9E9F929B5DD01655B
:106A200066D6FEDB0D75452B5655302F03EFFB81E7
:106A30000CE3CFA096EF68D9180601FD4200BF67AE
:106A4000D5C89D12EFDB202504023ECBB70EF1DB4B
:106A5000F3131DFCDD572613E6E3F1F5F0001B29C7
:106A6000DA0247CFB62928FC03043711534C2DFD19
:106A700044DF3DF759B2E138CD3B25A9CE08C3C765
:106A80000B1758BD1834E6E044D40DBAD69418F765
:106A90000D4FF43AF5EDD82EF5071823B40893AA54
:106AA0000F3407FC30F300E314F7C781DFD3B214CF
:106AB000F305422FEE46EE0731F71781D861EAD38E
:106AC000F8FFDAC8CF080D2A511DC82BBA8DE84649
:106AD000F2035013BB00523B391C1931BFF1DE2ABF
:106AE0001CD41934F84AED35AD29E8E12C23D9F846
:106AF000132A0EFE280524FAC70740C5D03234CE2B
:106B0000F922EB073000D4083AF42CFEEAE4DCEF7B
:106B10003350CE1BF0F88131F802F628FD1FBADFA2
:106B2000001D061622D44CFA3C060AD6E04AB731BC
:106B3000DC35AB6C25123D0FD67F00D66838DD966C
:106B40001E441B080BBA21E63329101F0EE83FE351
:106B5000BD1C2E1429EC99FA41B6AAE6FAB1D63238
:106B600041F8D5FA4FC027115BEB013F16FFE982D0
:106B7000B51CD012D9ECA6D20FA6F5281933B6F061
:106B8000CEBEBB3DAD12E44B7FFDC603CFF8D604AD
:106B9000C733C24C2F4BDDD7CE363C2A3659E633AD
:106BA000C2CA2FBFD330F961A7FA2261450700EDB1
:106BB00024F52BBF5601E01BD837768E8A7F10B79D
:106BC00043F53ED12B44AEBDF1E812D9D5E63F34B2
:106BD0002AE8FEE4B6AAF0EF3DE20B38DC323B02D5
:106BE0001218FC0BD203FC0810E9BCDECE54C30221
:106BF000FC901390F0CB2409F119EB051FC24AEF6A
:106C00000911EA04186D23060B24BDCFF30CFCC751
:106C100045DE50FA19E91BD4E9E4D82511FCDD0260
:106C200018514D2A81390CE421F6F3CB10E1ED0423
:106C3000EE1DECED2E1EDA020606FDF12AE5E00956
:106C4000DA13EAD7DCED1A133809F414BDF5F2F2C1
:106C5000EF0604161DF5F428C3043607060B9CFC4A
:106C60000A1727E613FBEB7FD1281BFB2AE1E0C7BD
:106C7000E910052CCA044BA21DC6B5327F37C02AC5
:106C80003EEDF6FED0BE0397FED4F3FFDCCE04CD7E
:106C90001A000EB8EF25144E70070F17FBB8F5E871
:106CA0001DF0D65545C0FE0151F3FFFE43CCCB1B72
:106CB000F52EE015F22609E7810B70D4E5E21325E5
:106CC000CBC8120F0E04B9C6BB4E13EC3AEAB8E5B6
:106CD00011F8F2E2A812D126F61B070C29C8B3F46A
:106CE000C945FD1228912E28130131B802A82DDEC6
:106CF000FD1218DEB75AA0DF81ECD55141FAD62437
:106D000009EA047BCA1EDAA5CAB920FC3FE634DAD8
:106D100031B2E1A15B5BEE05041631C7F301F83B2C
:106D200083EF233CF4CBDE14D6EF16F724292E2470
:106D30004B473221D46D6B63A5F8542918A1B634A2
:106D4000E5B82338D525063BD2C51EB97F21133FB0
:106D500010F286892ED3C343181DAF42BE3FDFA772
:106D6000CECB8BE3C746C2E4380F554AE307048114
:106D7000D9F161DB4707F6EF3B05ABF2110C0E02D0
:106D80001C02CA37F8CF372040D711E1D91CEE13C7
:106D900032E929271D0A11EAEAD742FD345D490E7E
:106DA0001AC60AFFEC05C9D1F716E2450FA8DD2D7A
:106DB00039EDE43D0B46ED0D03E7F9DB407FD5E40B
:106DC0000800010617D55EFED409EA1DDAC8DA1BF1
:106DD000E216F1D0540413D59D3FD2E6F1F0DCFB6E
:106DE000FED8D6D3F64E0826210E1AF267182F4A7F
:106DF00047171703AD247636B12133DE380A02FB7C
:106E0000C1FA75F6ED38170F2C31F315E301FDE8E3
:106E100004D9C7F77F42E83606C54005DD27990645
:106E200045D238E612DED0401D0C3AE32303C3F707
:106E3000F02A4A57C01ECBC233FB12B987EE0A1A9A
:106E40002D332927201581BF52495F1D61D845EA9E
:106E5000934B2DD2F2E27F7A34FED60508AE291A82
:106E6000DF3F561DEE61D93BF619BF2F7536DA8B21
:106E70009CFF3B2829FE1DE8AD2A4B66FBC464C479
:106E8000F953B2E6F21605D075493710DE2B8C1A8D
:106E9000DB0D24D9EFC5D80DFBC7E87F2600CD5DFB
:106EA0004DFA0207DA0419DC2DA60020A20227FD04
:106EB000E7F4D8B523E0C80269018DFB13E1FA01BC
:106EC000084DC2321F007FB43505F6EBFEF7DCE556
:106ED0001F0C0E3114FF52CB040EE7C5F0D1FE217A
:106EE000E5F6DAF9E910B5BF44FEFF0F1CB81AB693
:106EF000EE19051CF8DDB2BEF4F407EB34465BBCBA
:106F00002F3802D70AF9E9FB3124EE7FF8DC5D5215
:106F1000CBC9637F5B0BDC151AE5CB21DF0C4A265E
:106F2000110FD08A13726C163A43F5D651DDDF5338
:106F3000CE26C8361115BACDD7155B09E9CA23ED9F
:106F4000F9B643401C3F83F5B2391B43085501E0B5
:106F5000F825E9FC1D32A63504E6F80444CAE6210A
:106F600006230BFBDE81F95E20AEE3F6EECC1423A4
:106F70003A2F785108D4034123FC53811FAFD2210B
:106F80003CD425A70C0FD0F91C0D43DF26EBA92913
:106F9000B71C0A0DFAD37617C6402814C1E7E426B9
:106FA000331722E5E8E9260BD5F1A5D9677F15F956
:106FB00031E12128F20010CFC908E5E4DAFBE3A8AB
:106FC0009F59FC3926C4CF7F15D6573DA9BDF1E4A2
:106FD000B374CC3112F1E046A6BAD60ACEDF8EF9F0
:106FE0003906379947C9290C6503091E047DE00954
:106FF000F4C433E756D016022636A3E830CCDCF3CF
:10700000F2EED4E5F2463BC6173014E5DE1E31261B
:107010002D7FF0C227B3F7BCFAB7F6010EEC0C16C1
:10702000215FFFFCC32826E5E70BF1EAF83921A12F
:10703000C0D055F508F511EC44320CF04ADD323E73
:107040002E1CF823DBEFF7503B66EC1C05D91F27FD
:1070500023D1F7E640FB2BF4B60319673ED5811325
:1070600014212CEF3529B908131A51FCF6AAFA5449
:10707000325B8139B52AAFD0C79DE9433DEDCA6D7A
:10708000CBEDDE09E5CFFCB3DD062E345226DCCE97
:107090003C9E15F9E5CAFF05134B2B9F05DDF5094D
:1070A000AADFE01328E10D5B060A120FE4FE1AEDD9
:1070B000CF0C40E7E0C3DED20F4C022DDBF6F70C1D
:1070C000242BF3F804F1EF070673FD0E18FF214E91
:1070D00008B0E4A2046834EFDF6C941CD50E131BD7
:1070E000DF183ADE0A4653E8E44C7F111313D00B45
:1070F0005C4EC508D73E60EDAB1108FAEF371B6256
:10710000B2BC26CA2D13DFF0253B192D0FE0811FDD
:107110002AF0E229BDF2B8002137D03EB103273D65
:10712000CA29E60012320D4F046D0F1513351515DF
:10713000E12C51F52318D00A1910F3F0D610079658
:107140000D181C2950E416311001F6FD06432D15CB
:107150000718E71A27DEF8E422D014D94D2659047F
:107160000BCA40CD3323DECBDFE1057FD207FB35F1
:107170002E28CA4EF6358CFF24DFC1D2030902CE79
:10718000F40AFDAE40D30407EAF3E31EBF8126F7FD
:10719000E816F514F1D270FAE52A21F8CCCAFB2CD6
:1071A000B329C7041F37340AEF2DFE16F81CB6C3E7
:1071B000F81CFCD3DF321332E6EA3EE20EEB2F027C
:1071C000FE16FD162219F7DE0609F6BD37D30AD8DA
:1071D0001ACAF304CC48F5F1E444F0F7074C6EEF1B
:1071E00081051CE590261625FAFC0C0BC7DCF6D7AA
:1071F0002E11D6E2F00DDA0F1EBF20BE0A06E60AF7
:1072000020FFF2061299E212F318E18101FED190FB
:107210002A18A801CF1FC30AC25D30C30AF8E8D7F5
:10722000C60FDC23BFE61D05F600F2D1264AD23F89
:107230003AED0520201D391744DCE317251819C144
:1072400016D61F0BFB4214E8F3F4D2F9A8ED1C3359
:10725000CFCA227FE63DA659B511D5FFDE2B0C41E2
:107260002499C8C31BE5C03FCB4A29B1C748D42BDA
:10727000FF3FDAF9085881232E3BF9C3AD6CDFC319
:10728000F9320AC234C90DF11F05E5DBFFEC3D1BE5
:10729000F51517F3DF00FEDEDD0F05C215AB341B5D
:1072A000D1D413F203460BFB3835EA151BF210DF7D
:1072B00064EB4F3BD6B8F9380A1854BA20A9DEED72
:1072C0002525CF81ECD3EC0DEB1646CF103BC00B40
:1072D000D909D529F3CF4611D2330E25A3F6DEFA0C
:1072E000FD10FDE8EE0726D430269EDCBB2F28F5E6
:1072F000FE0FB20411EC219B02BB23434D09AE1FCC
:1073000021E081FFAFB755C7D1F60516E6E43ED1BF
:10731000C9AE1809F5BFF3EC3DE83FA5CDF8A007CD
:107320004890F74AF813B51651E8DE30FE6AE104DA
:107330001046C9103FDACCF2602547E4960A0E8168
:10734000D1EA12346511AA556340004E002FEE4475
:10735000CA5F8B1B9D57B047B510D14D0C35EB2143
:10736000FC20BEBC060EF41D2C354938C3D00EC51A
:10737000F8DCD8BFDD33BE001CD6E10C04E1DD47EC
:10738000EA97F322E4FEDA11FB0AE3F30AC006C32C
:1073900022D0B3EC032209EBB54605D8121DF1E269
:1073A000B4EC3EDDE3D9FA0E810F1E0BBEF8F9F402
:1073B000D4F1F3EAE1DC19027FE8A1F510090F0727
:1073C00022EF07243E0B2A35F33FDBE03302F2C500
:1073D00034EF130701DC10B006151CB6F0E1F5EC34
:1073E0002BF4E9100C211CA902D7B408DE2EEB0304
:1073F0003520C314D30BE960B91A04FAD61C26232E
:10740000DC27F0E947E7F7DB09196621F6E9FACD51
:1074100045DAEBE044EBCA33193ADDF69EEA461E44
:107420009FF0CA38095722647F241BFB28FA1701F2
:10743000E6FF2E32042D13C6FFF2C747E61EF4F313
:10744000FC292D30F8CD0C1EF7EB0FF425BA341EB5
:10745000FBDC09B05A55E9280658C45B01DFA2A03D
:10746000E6EA2AF6282D1CFA01257FC039BEE73648
:10747000B4CB1BBED4204FEB041C49E61AC8FB3D1D
:10748000141AEE1F262A10CBAF4121CA17BB0DC319
:107490001CD46D080A0B46220AC40D2311EE3FE5E9
:1074A0001A7F1C4589CB510530A7FDAF307ED0BA7D
:1074B000C7D05C893D4A483BD2F438D0D8C51A0EB3
:1074C000F315E2AB1F79F7F1ECE132915081F7E768
:1074D00038E10BFCB74DF647FB7216524FC0221C29
:1074E000BF37281A9DF3472CEA0E41A02EE13BF14D
:1074F0002E01311A5D41EDA54B1209AF2E1C13C7A9
:10750000BB0E1CBBFFE9F71367D28102309CF4FB72
:10751000EB3C8428EBEBD818A4B7EE630667AE11FA
:1075200016E601DDECDBEC13DAEA27F24325DA0597
:10753000103D7F1A19020D2DD91449ECFDFBFBF506
:1075400022EA22F21827EBF549C613E50CE10A01FD
:1075500007ECFE0523F6F4190C29213E2622EFD56F
:1075600026E23AF506E1EB1104D4DDC60B7FDF26F7
:10757000EB20DAE00FD9FAD1E10AEAF0154D05E780
:10758000E1DEDCB93AF101EB290A04F79EEF2FFCAA
:107590002C23E51101E5C105FBFEF619D4EF96DFBA
:1075A0001604C50B0CE2B851200007D8EB0CD8D755
:1075B000FC4A48264D20C0E07E16F4A7667FF3C93A
:1075C000E5B50BD214E0FF17541A06CFAC31F5FC29
:1075D000F609CB06F40C04E816BE38D632ECECDD26
:1075E0004FF3D43C50E6F9E712FDD06A50094C360F
:1075F00046F8DC2C0BDE20560C240281BC950C4F87
:10760000C43233C1BCFFFCDF57441D42F4DAEA0741
:10761000EE48CACCE7AF6203B8FDEBE082EDF4E7D9
:107620000BDC56CFF574D62C2646B6F205B6ED30F7
:107630002D43F70DBB06F220E5E50010FDF70A2CFF
:107640003D111652AD1031F881E5172344071EE7AE
:107650000E84F7C5265E1EEE56001F0514E12AC8EB
:10766000F0061C4B38E81C29FBDE35DFF24AD6B3A6
:107670004DDD1CEF3EED044D5052AB85CC09E8BF0B
:107680001E71204E1889F33C7BF002192139777F57
:10769000F14EFF23FBC020B22A81F468FCEE19945E
:1076A0005D17F9ABE44120CE6321F4540C1723811C
:1076B000310B1DE404151ADDF8F2D3F43F09E1188B
:1076C000E1038BE1ADE6111419101F010E12D60172
:1076D000E80FDBFAF021FFFCFCFC001DD12706E9D6
:1076E0000EEEE112F91A060A09FB161B26DB141529
:1076F00007153A3EF80FD4F1EC1F1C1307DCE5C464
:107700003EF7E57FD52D082813F214281FDE063634
:10771000CBE2E816220F4617D9DFFE4EF52B0310F9
:10772000260C12012535154BFC5B0AE80F54CBE4FF
:1077300000646442FE34AA081B7F24E7AF111D4297
:107740003537EABF59EE3BE7553312C6A85EBA4B50
:10775000ED052AB9200B20A9280A2EC7E9B300D0CD
:107760002FF912A1FF659109D507004C4E3D0E304F
:1077700095F523E9EFD339C50068F66910DA19E207
:107780003717ED0CF95F37D60E7FF946111B050D43
:10779000D8C91E183E71101B46D2CA0120F3F60448
:1077A000633A2D40D2001F080BF64DE1DC1DF500B9
:1077B00029F9C9FAF2EFCCFD301498D6C813E06F5E
:1077C0000860ABBAC7D3C211334AF4F0172A611567
:1077D000F4EB13F2D3217F0BCF4CC9EFD0C9E746AE
:1077E000FE43F542E54AC7E00D60CD0D1709D713FA
:1077F00019F540F715F00318E51EF2D52A2BE7819D
:107800003A450AEAE82404D641D701C1D0CBAF1BE0
:1078100014CE4E3ED430DA2DF628C450BABFE4015F
:1078200023CFF7E50CE7D614E71816A46005E5DDCD
:10783000EDFE7F4EDFFBDED406FC2747E1F42EF1A0
:107840002CE00F1E33E0F8F278E0D2CCCCB913056F
:10785000710E184A2E1AC223B5DC0B7012FDE40B10
:1078600068B022D366B7EFF3FCE2F9E5B02662EE2A
:1078700062F4F622E7BBDD12FFEF34F5D3810F543B
:10788000F945BBCC0A06EA2B21E8324A4AED4149C8
:10789000DDF909C4DE19C0E4F452E919E136D14A30
:1078A0000052DEDED4233DDF283136661AC90F29A7
:1078B000E6541A4AD10AD1F10B421318F0032444BA
:1078C000560809055BDFE4210CDD41BD9F42DEE483
:1078D000F22BE0DBFDECDD32C6F625FB4BD14CFE96
:1078E00022991AA54EFB81FDEA0DED29252FE761AE
:1078F000322FCE40074263FF41D6D5E219DC121188
:10790000BAA344E6D22A0F201111D230EDDE9169DC
:107910000B3ACAF905C028E10514A51DCAE51C9C4F
:1079200007B701C6EC3FD006147F1DE6E7FDBE1881
:10793000502618F6F1F3C35E0524F48BE17FECE7E3
:10794000242E5FFE14070AE5FED4CCD3EBED321CE7
:1079500014E6E21CC923DDE3151B40DDD511DCB6BE
:10796000EDE60DF418DFF9DDBC1CD706F319F1F7CD
:10797000DAE415FCEEF7F3E2AA818AA4888799BDC0
:10798000E8091308FEF9F0EFDDDCCEC5BEBFAFB8E5
:10799000CCCFD4DEEAEBE7D1B181A78BD4F8497F15
:1079A0005B2D05C3BDC90801F8163210E6FA0105C2
:1079B000E44244475046293E2C2C2D401F1705EE2B
:1079C00002F81A35366C7F6581A5B2C7DDE3FDFA92
:1079D000D8C9B6BED8D3E4F0DECBD1E0F0DCD0819C
:1079E0008BABC2D8ADA2D60B13250C1D13F9EAD868
:1079F000D0CABDA8CACD81B9CEE7D7D9DEFAF70D76
:107A00000200FAE4E3E3D7E3ECEDF0C59B31404339
:107A100038516C747F48151016FD030307FDFCDA1E
:107A20000A3226400616FEE5F7081E3D6A7F5C779F
:107A30007361452D3A5545474A0DF8E7E723313F35
:107A4000223126403614FCC9BAEBEAF1D6DCC1A5D6
:107A50008193EBF1E2D8E4E906FE04FE10111E1456
:107A6000191308EAB6BCB3AC817F6C5B281C0B0011
:107A7000F5DBC3C2CEE4EAF90D04FB02FBF9F71211
:107A8000B5BAB6CCCDD1D4C6D2D5D2C2CAD7EED82B
:107A9000D4D8D3DFC7B081B8C2E2F9EFD3E6F5F0AE
:107AA000EEF3EDEDE9F4F0010E04FBEDC881D3D95E
:107AB000F5181BFDFAE7FD091A00E8E4070C0B1E98
:107AC0002F3E65677F819EC5EA0221230ED2C2C088
:107AD000DBEAE3DBE5041C19FE03EDFD432A2B1C66
:107AE0000A0E03F400EAFCF8FC000B0E223B3B54A8
:107AF00060757F79704303F7FD2D5A5C65440AFD7C
:107B0000CDA08199EC3C433734DCB18196B1EF03D1
:107B1000140725372604DDCCD6E7E8E7F708032D60
:107B20005581A4A28FC5F0F60301EFECFF1A0D12E8
:107B3000E6CCCABCBDCDBA8F81BEBEC2DCE43D4638
:107B400058683A3C1B0F4349392D12060926461541
:107B500005FCFA000F18151005080B0A0806FFF5BA
:107B6000F0FC0F2E4F7FF9142B1F09FAD08293A639
:107B7000C6CFEAF2074074684CFBB181BA0109FE36
:107B8000F60A1B2B2123230BFAF5F6FA161B101D00
:107B900024304C7F3DF1C9BDD7DEC6B9B5C5CCCECA
:107BA000EFFF1D2BFDD8C1BB9E848181A5C7E2F1EB
:107BB000E9DEF6F2F9FFFC0DF1F5071D06E5D4DF6D
:107BC000E4D8BBB5DEF40CF4C9BCE300220B01FE23
:107BD000CDE4E3F4CEAC818781BEC0C4C3AF9D9435
:107BE00096B0DE0D607F6974705521111310241357
:107BF0002F584A583416F7E3E7E6DABCAABAE1EAA6
:107C0000D6CCCCBDC6B58181A4C5CDEDEFFAF3F0DD
:107C1000E8FC06051623232636311A080DFF7F5986
:107C20003533476035EAA5868DF1162E150CF70C15
:107C3000FA1A43786B79737F4B3C421CFFF2E6D50E
:107C4000050F2B3A56376263384E2E141454547E67
:107C500068401BF806E6F3ED05150D0CDADBE7EEE0
:107C6000D6B081A5AFC0D4C4E30C120807EC032B37
:107C7000767F6D402C153937403BF8DC8187909535
:107C8000ADCFB4A598C9A69FA8CAD5CBE7D3D9DBF9
:107C9000DA2F727F7121060B13EEF201F6C8AC9E4B
:107CA000C8F802EEFBFD374D090DDEC9D6F2E90D2D
:107CB0000F1F24F8DF998AADF830545B48757FC9EF
:107CC000EB15FBEB023033482002161D19E8D9E111
:107CD000082E516F7F46A4B4E409363F2A435C6EF8
:107CE0006F7F705C500BF6F3273A687A4BC7C9A9CF
:107CF000A6BBB8CCE6D9EEE4F8F3F0DFC7C7C3C93A
:107D0000B9BAA5817F4D10F7FAFDFFE4EDE3F8FC69
:107D100009EADEC2B7C5C6C9C39585E1EDEBE4E665
:107D2000E7F1E5EDF3F5F8F4F3F2EDEBE9EEDED78C
:107D3000B28181A7BED3D5D8DCDBD3D5DCEF01017E
:107D4000F4F5F2ED00FE041A0481AFCDE8EFE8F699
:107D5000FCF602F7000713110809F8E7D5DAD8E0B6
:107D60001F201E1B1E1B120D1B140B070C1422219F
:107D70001A201B2335597F7F5C1717292B23353198
:107D8000221FFDFFDADAB5B69A9FA1A1ACB4919992
:107D900081909395BEC4DE04182D3D340C12170754
:107DA000ECF1E5C1D00E21FAECE5CCDEEBD0D00A47
:107DB000F8E1EBEED5ADB1BC9786818D85818C98CD
:107DC000ACA9DAEEFD0EF6F6F1E8DACEE2DED1F697
:107DD000E0E0C7C7D3CCC0CDF70112FC2A2C08F9CC
:107DE000C0999881AFC2BDC9DEC4A84245377F5B48
:107DF000FBDCBAFEA7CEB727FBCFE3000446F31E99
:107E000036281505F7F3FAF7020D0DF8F4F4EE0431
:107E1000FE09F0EED6BFAB811A3D5D757F747076BA
:107E20002BD6AFAECC07262239503F593508023F3A
:107E30002E4125363522322639745D5E46391C1BAB
:107E400006050D4A7B7F12CABCE50D291718EF1EE7
:107E500008CAF4E9F9E0FA0A1028DF067F03D2B96C
:107E6000E5205E4C190D01E7BDBDA38681A2C9B610
:107E7000AC95D81781A2C7D6DBE8EDEFFD02040769
:107E8000010F0D18332A2320212F2AC9B7D0DED69F
:107E9000063E3AFECEE2D5E8FE2F400CF8F5DBDBDD
:107EA000C481EFD4C89CA68581A2DE2F546B646088
:107EB0002D0FF8DECCC1C4D60F2020161D303D4B4F
:107EC00028ECC2A4CEB68881C1CDC3BECEB4A8A6CC
:107ED000EDE2F81F4F7F441BFCF206EAD0D203020A
:107EE000E4DF012843190A7F7A5D5A656C656D6A83
:107EF0005B3E22182C2F1809FEE1CFC0C3B7EAFE63
:107F00000913F1E2D7D8E61A34242518251E374E76
:107F100076706B5F7F203956273E4C587F621C106D
:107F20002615141019191C376D523E32A60248BB93
:107F3000BCB1F9CECCE6405458EBCD16EB1A9ED925
:107F400021FB01E8AE292B5164D504B37F05BEEFB8
:107F5000E56ECA3D1BE20DE5E312C2E93AD70B4AD2
:107F6000B0A4CAC8FBF319F541C82227D439DEDF13
:107F7000E2D47F0AF03609ECF430EEF0DBE2E9F708
:107F8000E3451EC5C4FBED4EE71ED4DDD6BA22FF85
:107F9000293C056502EDEB2BC004321109F9F00113
:107FA00006131BD500DC041300FE2F33EE2FDC1F5D
:107FB0001012EEFFD5E31B072205E5FF81FAE10C65
:107FC000D410100506FD16E3E5EA0B08E5FBE9D53C
:107FD000570F17F31815F90ACB1BFC0C0E2819FBC9
:107FE00024160D24D4D3CC430593241516E0C517CD
:107FF00046F9459CF8356445385104C8B4221DD46F
:10800000FE22C1A9443224B9DFE63DEA922957068F
:108010004E910CA1E9FFEBC2B4FE221F1F5808C20B
:108020002FE9C951E4120742D7C27FD706FBF312EA
:10803000ACA4AD32511837FFEE8128DC0AF8BDE45C
:108040002B07034C1EB2E7E3E9F2F91C0BF0FEF339
:10805000F7CEE996FF3E109F5839B2E69E3300BF37
:10806000E2F7E6F4E5D2C0EC03D74837131812A7BD
:10807000DFE9BDCBD5BA22310F3CFC17F3FAC19032
:10808000C81BCB02C40E47C37FFC0BEDD143F816CF
:10809000FCEBBAF92515ED90CFC70CD70CEA12D935
:1080A00008ECF9E8D8C024ED09FC1425E9D3D9007F
:1080B000E3D121B4ED056D5DDCBF7F1150F496CEA8
:1080C000FAD9FE52F2F129BF010A35270E3339D60B
:1080D000E50DDBE8B4F91DD64902FB180EC31D916E
:1080E000DF27F6DA60FA1023282D0FE81642C409BC
:1080F0002BDB50C13C3B2AF80A74C7BBE825EED005
:1081000020EAF78CC13D01172C81440FEEA0DD075A
:10811000AE38D44508DFA392F3672512030D1D5234
:10812000E221333FB0A9EF3CB9D60824CC06EFF5E5
:10813000EFD6E11CFBE6CECEF153EBD2F00C54ECC3
:1081400034D9E6C900FDB8D3052424380C105ADC14
:10815000D832F4484A1F260EDE0FCA2E3BB9111C36
:1081600004351B1EF564C8092AC47FEA11CF1C9F81
:1081700012A3D805EFB6340846C4C559CE4EDED595
:10818000DD9D1E3CFBF910013EFB4B207F1A02FFD8
:10819000F3CFC3FA1459C804E19FD6AFF8FAFA57DF
:1081A00019E9DBEC131CE0DF0DD1C913DBEE08D5B8
:1081B000E0EE0BB20A212FBE4C25F8B693E1EBD5C9
:1081C000FFB4E60D19E412FFEBF0F4950EF00FCDBD
:1081D000F403D4BF2D7FCAFCB2C8CFEA5F1CF8F20B
:1081E000D306F9234B1E1D01F3AE4BD3E77500CE2A
:1081F000E3D918E9919949FC1C1AF403DC58ABA99E
:10820000E8572BAABA5D4B09333DEF15FD41E161FB
:10821000281EE07FE1E8061907BB11C2C3301E2506
:10822000F7EDE8C9DF01DF0CEA211C2FD2BA811774
:108230000CDCCD0C56FDE33BF4F8F2DD3BE9D4C891
:10824000DEC123561ED72805E6DAFE32331DF4FEC2
:10825000EEC312E3E4CF0CA77B07F5EFAF05089858
:108260002EE3D411FB58BBE90B49E4E5FF0115D01F
:108270000003FFE9DC3223FC3214DC1011EF17C1DC
:108280003BC824F7E2D602023D10DF1D07EE23C4EF
:10829000CE1EC8EE7F18E4FC03C8D6DB20160C40C7
:1082A00030BCE6F506130D060D2FF4C6FA3CF7DEDA
:1082B000D3234D262B3FECC1767FCE1C0E99FDDBE0
:1082C0001BC24EE3E004F2194CEB093CFFB020D98D
:1082D000DD28C05B7740254AE1EE5F56E2D6D13813
:1082E0002BCCE7F3E01F59E4CF2A48F81B1702BA5A
:1082F0008A18820AB5D1FC7F3CB9FC06A505F31D9E
:1083000017ABC40EF79EF6B15A70C0D0F137ED3CF2
:108310000FCCD13FF8194DDEDFAFB0C8A3F8132C56
:10832000D9EFE5EA1B6333BA26B72EF10012F81332
:10833000361A7600EF2BD803F7621F07FE02D70428
:10834000EE60F88EEB32D71BFB208108CAF50302E2
:10835000EF05E930E2B5094E01F50FFA1EE3ED42F3
:10836000DAE6090419F705F9E7321719C60981B6E3
:10837000B7B9D7D8E4DC037A34E1C96CE813D52661
:108380002ED32F26C18D02F4FD0915B51F020A0F49
:108390003D1FCD243E101898C4D5CA8BBB38261774
:1083A00045CBD440170D48A50755C51424DEFABAAD
:1083B0001EE3E5D4B3062A5F08130CFEEBF66FC686
:1083C000FDFC2BD516E2EAA3F4312000D4177F057B
:1083D00060D4DBB7DA5E43BFBEDDAAE4145CDCBB6D
:1083E00041B31642212CF40CDF225624AD57DAB4E7
:1083F000F1C817D7DF1024002D05CAD9EE4329EAAA
:108400002DBD9A058C1B2D5A7FF50CA3619C017420
:1084100087FFA1512302A0CE0BD8E6C90400EC19B6
:108420009BED1C1D5C17E7204B30DD18B9F605EEFF
:1084300017C52ED9EEA7293574EF0FF7A691C0E323
:10844000BFCDB6281CF21ABA10EEDBEF5AB26F3A63
:108450007008B93105583A37FC21CF37FF20003575
:10846000458110E3D950D14B42E318D4D840EFEF07
:10847000EC017F02184BF5FC0B4FDA0ACBE30AE064
:10848000BB3540AEDDEC05EDE1EC0AC5B5E5130703
:108490003D02FC24EEEAF114D2321A4AE001322302
:1084A000ED20FEE0B38F1B2231A94F11F60B24F60D
:1084B00008DA25AC34321EEE1745FF2086FE96B250
:1084C000DB0841B21152FDE8E2C046F1AF4304AE11
:1084D000612A0EF80E332BE0A1035C11143D06D582
:1084E0000809F121ACC8393EF481381AF6AA0D1DED
:1084F000B7D2E1672C04E3CED2EA010AC000CE4233
:10850000DFDF073504D22413EB02202706F0CB046B
:1085100018ECF281162AD3EE2204E70CBE340B0BC2
:10852000EE0FEEEEE709F3EAE93BDC35E812E8F698
:10853000B3C2F7A5D6A80ED353BDDE16EB060CB218
:108540004AF9084313F9230B7FC1E3CF61FCDAF545
:10855000FBEEB9F5714402CEE5E40CC509F3C23E69
:1085600019C7F1EBFB2EE2B6FAFAC017D27F09D693
:10857000A9E5E022B3F335103F02CE9FD71202FAED
:10858000D6CCE4FED1EF11E95710FC124325BB1401
:10859000192BE262221CDDC91E1CE2BFB6E6062EC4
:1085A000AFD3F10AF521BEC30708EB7116FDEEC289
:1085B0003CE904C50FEBE1092A25F64B810CF9AB28
:1085C00008ECEFF4211F31BEECB21C14D81E3AFDAA
:1085D00033D203041C1C08E6C5F9123ACE09DF01A8
:1085E000CB082010DFD9EEF23EB2A72AF93681DAA5
:1085F000EADEF0A1120FCFE82DFDC39DECCF2DC90F
:1086000047BB4CE7F9C2D4EF1AC944EC63172BBE41
:108610000121D1104750B7A0CFFC28F80245C70769
:108620003FB6D0E0481E2BE8230E19E3C7537F1155
:1086300014EA55DE4AF628EE0F56BD47CD0A09A9C1
:1086400016E62DCFD41B29EFE2BAF5FAFCCC09DDF2
:108650002DE707F670280618DE45DA303C1D221398
:108660000D180730C0BD131951D027DB00A503F743
:10867000D3EBB24057DDCC35A7FAD8C2EC3EBD7F74
:10868000BCD2447D39984F00E603CBE301B4DC55FE
:108690001B9EDAB1171BE8AC67329DD98D70D3DF12
:1086A00023CEECE6E227C7F0EB012244183A2FC2B2
:1086B00021F3C8C1B52739613F61E203C83094DBBB
:1086C000B90D379F9AD30CAAF1BB0627A868261FBD
:1086D0005343A137D5D64784EB33EDFCD6FA0D16BC
:1086E000F4D4F916819DE666F0122E39B64021D7F2
:1086F0009ACBC5D481CAECEF40DB1846CBF0F2EC44
:10870000F2EBF2C59FF42B1B43D8160F3126212D17
:10871000464AF8F4F70AB70CB2A80B84FD3A45387C
:10872000F5EBF7D8FCB09B0F5BDCEF55F522E86565
:10873000A5B32AB7A256EE3CD81C520A6803D4D57A
:10874000054EFD3CDDCFC5D0DE36371803762CEA6A
:10875000DA181837BAEDF9E54DB7E3F9D8B815E5E9
:108760002527F0BE7FC8E00C3E14222CDDD9082E50
:108770000CD00DC20DF81D1020EC0BE58141D3216A
:1087800005D2C1FEEBF821F9F9224ABE5AD222C61F
:1087900003031A353867B319DEC8C6E6D020F909D5
:1087A000022D13E73F410DE4D1C42823A7B9FEF3FE
:1087B0004CDA1131351CFEC4FB00FEF64FCC200014
:1087C00001B52958F31EDC40FDDBDF39F0CF06068A
:1087D000A5D9D5CC13F9D3C67F741D122EC3D4B737
:1087E0003AEA1EE8D33F04F211E2BA2FA03F0D206F
:1087F000E4F339F3032E14D41BF1C8ABE8FB080AE9
:1088000015DB29D2C327F645FDCC1DC90ABFC8CA4E
:10881000D30D1A7F111FBAF5F73825EDD2D21440C7
:10882000CA301DF6F3C0232600B42FEFCF0103C0DA
:1088300020A232A3CF024730307FE5CDCE50C626EE
:108840002A23AEF5960753F43105F5482CD2FDF7EF
:108850009129DEF51D08DDFB031BC71714930B1BC5
:10886000FFF415B04E1E0B06D9053F0ADAAB47D10F
:10887000F114AB323DCCC305BEAE20FECAE3BA3024
:10888000EFCD1476DACF5941FA002B110ED6EE2A2D
:1088900021E1DD872D2203EA7F46C700E41407DDCE
:1088A00007F8F2C3DE1EC7B839F7B33923E4EBB4D7
:1088B00008BE141726511105F5FA02D8FD20F4164A
:1088C00057D8A7DA2923F1692B2013D9E5E73ACC49
:1088D000F3E1DD23FF47D5FEEEDA0DC80FF3C7EB5A
:1088E000F7EFEB077F33FEE70602F5C5DDFCF93451
:1088F00007F24209EA0EE4FAEA11DEE0DE1410F5AE
:10890000CB0AF8B3E4F9E5EBF0CF1CC681E3F6F44B
:10891000180CFB6410F4E2B1B51F17F708F411FA54
:108920001B2AFF37A2A1CD35C8CE3CE7DD81A100CF
:10893000F0EEF4F11018E930F3E4F705850786311D
:10894000F5E21300F3123E001DDAEEA6D8E2280A83
:1089500033E1CBB01646C99BF729C62DBC49BF18D9
:1089600013D011EFE90EFEF9B7CFDCFCFDCAFA1EF9
:108970001CD53AFDE923E33D15F929C588CCAD297D
:1089800022DC47F5F5FE2519E31B1CC8FDD032AEED
:10899000FFE0DCFC0948F2F1E7010608BED4140B45
:1089A000AB33DD301B04211AE9817C0CF6C5E911DB
:1089B0003A021EEDFE1C35CDE404012F39FA27CE14
:1089C0001CCC124B1D4C03101A46191BCE2103D987
:1089D000E51714FA1106617F6E1D36FB62BEFFDBE0
:1089E0000EBA0F02390D29EFF05FCCF301E005F765
:1089F000E01FD7FEFCE2C651340A27D6BB9F8D0F7D
:108A0000E8E3F595E9C00481DBFCDFF0823F45F83F
:108A1000511AC1E2E60A67B2D1B3D956C4C62520BD
:108A20005BDBD643B7CEF835C7DC1E00ACAEC3E780
:108A300008D5089AC34E72FDE9A25C430968A1E813
:108A400050DBC91611F425F90EFC090D0B480F0572
:108A5000E7DD015FD92AE5BCE01B19D0FCC1EEFBC4
:108A6000B61513045D81141EF359DC374E0A37A383
:108A7000E2A8C0CDCDCC1F045501BE47E05730065B
:108A8000D2A0ADF8E700D7B900C832CFF13A59EF1C
:108A900053D9E498125BFCD0A3F4B0E10219FD02B3
:108AA000F6B7362F4624D3253CA91E7FF50B2DC9DA
:108AB0001804EEE6E10FFD2A73C31A14E65B270DD6
:108AC000E7EB0418DC28201A45FD0DF4E10404DF6F
:108AD0002413B80F03F0E924EBDA15EB13E7F300E6
:108AE000FD81E6FC20DCEFF310DBD312F4F9260C59
:108AF000D2FDF8CCA8FDFCFE7F0CDECC0313EA0708
:108B000009ADF30903230B0419F60421E603E41469
:108B1000F431BDE90C11F0CEF0F81EE435150F0765
:108B200032ADF608D8111AF90D16DC0B3741F58174
:108B3000F21ACD1ADEFD447C14D71A1CE30FE9109B
:108B40005ECA2202CCC2610978F6091431DD23C362
:108B5000DE0FD4E06229BCE723010BD1BAC6081DA1
:108B60002FE00FFB32E951CF0D0F12E5B43B0409A2
:108B7000FDDD30A5C2F910EE2A7FECE4BA1803AC93
:108B8000F5EA118CD91800A61C960223DE1BF4DF2F
:108B90000360F91FE0DB02CBDE3930FE2A2D28EC22
:108BA0001E070C3C9FE53D5CC905FF36230FF0FB1B
:108BB0007FFA74D7E21BF01C1C32EB2D27D2EF1882
:108BC000D5135EED1047DFF50557A638F8FB1AEE12
:108BD000FACCF0F103E853670BCBFD0B0CD2E83570
:108BE00017EF1DF228FCF7EBCE21F0F50C211DF557
:108BF000CBD6C0D9B8D10A2D2DD010C2EB30E11C94
:108C0000C1E0E0DFCBDFFAD631FA3ED6FB27E00544
:108C10003E2FE2F3EC3EDBEEE581D8BCE8FA00340F
:108C2000DB020F00E6D603DB1329FD1B037F00F1F7
:108C3000FED72D0BCEFCD1FC1174E807F8EBF2F750
:108C4000D91149E00B4AE5FD2630CD101605F91182
:108C5000E1F5E739F6EF2D52E1ED2D0DE2F5232D8B
:108C6000EED5FBCA3916DDE2E50024F732BC12C9A5
:108C70000AF716FB0727E2FF293F2A33E7D032AC79
:108C800023DFD9EBE7D8F1FBFE41E0D102F87FF218
:108C90001CE4EB1E3E3712F112EDD8D5E61DF8E7C5
:108CA000DDC60E3C2EEF37F1FE1F30BE0CF3F7E1B0
:108CB0002FBE11D80DDA1DF842F009EABACDFBA695
:108CC000FE16DEFEFB4914F613E721E3F9F839E856
:108CD00034D1DC26F21E10D223F50B11207F0707BA
:108CE000CCBFEE16031AFE1CF5EFD5F8CA39DDAD80
:108CF0001A1235EAECB844E67F16EEE410B3E4E667
:108D0000D00744F6ED415BF13D2ED6311C365B2198
:108D10005B02C93CEB183B35DBBB00CD25181103CA
:108D20000CA4E3D4B62CA2300B2CFB1C051FEDD6F3
:108D3000E3DAE219D0104001EAFA93CCB617F02436
:108D4000CDC22E1FE8DF340A10CBE11105F205A4D5
:108D5000FB0AF1DD5856EE00DEF127C401D11D7F7C
:108D60005800F2D835D32ED208EAF925AFA700195A
:108D7000FED4182D3419301BDBEC0819FAE7CED3DA
:108D80000F9A1E69042B232EE52BFD27D4C6FF0A5C
:108D9000E7DAFE81012A36F33829081EDEAD28DE27
:108DA000E9D5FC0815DBCB34F462F00DF703C8926B
:108DB000FEB509FDF85CFB0A270225F598F609CBFC
:108DC0002481B307CF0B4A1B2FF1F0D0D8DD28E464
:108DD00020DAE5E13D1E14F4CD088DD7F244A8F069
:108DE000F798F12347FABBE111F63DEE214908E17E
:108DF000F5EC11250E0875F5FF0BC4F534D8DDE947
:108E00001FED19EA162F774F2F06FAE5EE84FF1CA7
:108E1000F5F0BB257F1EEA42CA121BD0B9061D62BF
:108E2000C2CA1DC318FFB3C4E1F94DF0F6DBC7D3C6
:108E3000DE0FBE14120F323DE52508C7E4FAC24822
:108E4000180FB3BC31EC2045187F2DA8BEED666A23
:108E50001AC8D9CB104ADDEACEDDE90A0438E2D5DA
:108E600097E419E16DEBB0F7BEDC44AEE367EC2D9F
:108E70000BF84AFEF8CC06A500F5CBB4CBFB22DFFD
:108E8000C5E2EFF3B62603C1EF810EC719B1FE109C
:108E9000EB3D2670061FCBD3C3420829080E15539D
:108EA000C436172DBFD7EA76E7C4FAF2FFE7219F51
:108EB000DFBC44C4EC167674F5CA4D053620CCE808
:108EC000F193CD62BC04EADDC9DF59EDC928081968
:108ED000EE5308F5F8212DC873E5DC1A3503298116
:108EE00012F524A11B06073BE0230E288F7125C82D
:108EF000BDC2FFCF1B1E4832E845EA31D53E15E81A
:108F00002CE6B00BA713505E511B0ACC3693051C00
:108F1000E1020243571CC01AF4260400C901C9EA41
:108F2000810C08E932F3DECAFAFAE12CE100FD0B0C
:108F30000C03EDF1F5F2F8F50CEEDADDDC000000E3
:108F40000C0C000001FAFBFB02F8FAF5EBF9EACA97
:108F500085000000E700F6E1E5ECE5DCE2EFFFF775
:108F6000060003F6E8000000D0E2E8F3FEF9F6E5BB
:108F7000E9FBF3FFFEFAF3E1C4000000DAF9FBF3CA
:108F8000F9150A120206060E0C0901102A0000004B
:108F9000E2FE0B070CF3E5EEF7FB0304F5DFDADD89
:108FA000D80000000C03030D15181B0201FE0E1C57
:108FB0001A25213342000000CBEAF8F7050FF5D55A
:108FC000E1FC03050905F5F2E20000000403FEEBF5
:108FD000FE0803FDD7E0D6DBCBD8EBE5C7000000E9
:108FE00003F9E0DDE4F1F5D2D7E8F2F1F6F0F300B1
:108FF000FC000000EDFD00F2E7F8E5E7DEF6E9ED44
:10900000EEEEE8F1E600000018050A0E0103F8F79D
:1090100001080A16EEE1CCB589000000DBF4121558
:10902000150A010300090CFE00FFFA042D000000E0
:109030000A040DFFF4ECE2EDFAFCEFD5D8D0CBD565
:10904000E9000000190A0F0AF7F4EBE1F8F5F6E081
:10905000D2CADEDECF000000D4DEF0FBFEF7EBEA82
:10906000EFED07FEF6F1DFE1DC0000003113051241
:109070000D130506000BFF0700F2EDD48100000080
:10908000FF05F0FD101709E6DCE7EDF0FCF3E8DB87
:10909000F7000000DAE2E8FCF8F8F7FCF9FDF9E384
:1090A000E3DEE6D1BD000000EEF4F9FBFEE7DBE114
:1090B000E6010106F9EFE9DBD10000002201FF0F14
:1090C00004E9CEE6FA01F0F5DCD7C4D2CB0000000B
:1090D00005FAFF01FFEEFEF6FF00F6F5F0EEF8D41C
:1090E00096000000F909FBE4E1D8ECE4F503FAF995
:1090F000F3EA01DEC6000000E3E8F001FAE6EEFB69
:10910000FB0C0B0906100E1834000000E6061A08C6
:10911000F5F5F0E5E7E1E7EBF4F4E6F7030000002E
:10912000EE04FDFE00F0E5E9FCFEEFECF1EAE0CB39
:10913000A6000000CCDFD5EDEFEEF900F8FDECF075
:10914000F7DCE3F5F0000000E4FC170E0E00EDF78D
:1091500006FAF3F4FAFBF10CE70000000BFFE1DF85
:10916000EFE7D1D6F80902E6E2FDF7EAE1000000F8
:10917000D5080D02FAEFFCF7FF0605070C060D12E5
:1091800032000000FBFDF505F700FBFEFDFFEEF8E9
:10919000F2E8D2BBA2000000090D0B100CEFEAE4CC
:1091A000E7EFFDFEF7EFDDE6E0000000230E0C1216
:1091B0000D00020EFB041C2B2B211E25220000009B
:1091C000D2E6F4E7E0DFE1EBE3EAE8F0F7F3E4E529
:1091D000F0000000E5FB1E1D0B05FE090708080551
:1091E000080600042D000000D2E8F3FAF8F2EBEED6
:1091F000EBF6F0E9DDE0E8DAD2000000DBF40A1972
:109200000E02F1E7F5F80502F4C1B5D4E000000064
:10921000E2FAFDEEEBF003100A0C0C070AFF040E55
:1092200036000000F0FAF5F1F0F8F4F9FADBE2D3D9
:10923000DDE1F7F6F8000000D8F0EF02FA05F6F8E5
:10924000F0FFFD030600E0CDA8000000D4DCE2FE44
:1092500014F7F8E0EDFA010A100702FA1100000015
:10926000CEE0F1F4EFF1F6E8EBE8E8F2ECF7EF0529
:109270000200000017040C02080A0508100F00FD88
:10928000FD0104101D000000D7F0F6FEF3F1E6DA50
:10929000E4E2F1F7F9F603F2F300000017242829BD
:1092A0001C0D0EFBF6F8F00E2B241905DD00000056
:1092B000F2F808000E1903FBDECFCCE7ECE1D5CCC9
:1092C000E600000017F9F5F409101D1E1C07EDD685
:1092D000CDC0DAE1E4000000050701100A00FBF54B
:1092E000FFF7E3DCCDD6DBDADA000000EBFC0901A6
:1092F00006E7F1E8F1FD02F0D7C3C5DC000000008D
:10930000F707FAF4F4F6F7F50503ECF2F6DADDDF29
:10931000A4000000452C1B1A150D0DFC0806F4FED8
:1093200001FF0EF2B7000000ED010A0300FDEDE0C1
:10933000D7E602100BFFEAFC0300000029221511FA
:109340000601FEFCFCE9F1FAF3EFF5D1970000000D
:10935000F7EDEDF1F6E0D1DCDFE0DCE3DEC3C4D114
:10936000D0000000F2E3EF0606E9DDF8FF0204F2A8
:10937000D5D2E9E5F1000000301006F30009FAFB50
:1093800001FBF3F3E3C4B9BCB1000000EBE1D9D1B8
:10939000C8D5D200F0FFEAEAE2FA0D081900000091
:1093A0001D200E050FFFFF08140D0803F9FE08111C
:1093B00034000000FBFFFDEDF0E5E0E9D3DBEEE873
:1093C000EFF5F9F1F8000000F3FD030CF7E0DDD74D
:1093D000DEE7F0F3F4F008FC16000000DBF405040F
:1093E00003FFF0E8DCDFEBEFF1E3EEEBE800000079
:1093F000C1E7F1EBF6E6E5E8EA0105F7F903F5E583
:10940000D30000000B0CF2FD0F171314140F0A11F8
:109410000A19252648000000E6E4EEE4DFE6EEE265
:10942000EDF0FDFDFC05F2E8D8000000E333E9FFB4
:109430002838002000010000A37F02004D7F0200B9
:10944000020000005981020000000000000000003E
:109450000000000000000000BCAF0300C4AF030028
:10946000000000000000000000000000CCAF03007E
:10947000D0AF0300D4AF0300D8AF0300849403003F
:10948000EC8600200D2A01000C8700207AC0002005
:1094900001000000178202000D820200DB81020041
:1094A000CF81020000000000C38102000000000024
:1094B00073830200598302000000000094A503009A
:1094C000F79B02000000000002B103000000010051
:1094D00090A50300799D0200000000008C0600208A
:1094E00000000100E0B003000000000000000000E8
:1094F00000000000000001008CA50300C99B0200D1
:1095000065920100680600200000030088A50300A2
:10951000799D0200000000006006002000000100AC
:10952000BEB0030000000000B52D010000000000E7
:1095300000000300600000200000000006000100A1
:10954000020000004895030000000000F2B503008F
:1095500006000000E04F1E0000000020FAB50300E6
:1095600021000000E0FB0720713D01000000000029
:10957000EF84020068950300849503000001000059
:1095800000000000B85F0120689503009895030073
:109590002E00000000000000086D01206895030007
:1095A000AC9503000201000000000000DC6D01200A
:1095B000CBBF0300E9BF030004C0030014C00300D5
:1095C00021C003002AC0030031C0030038C00300DB
:1095D0003FC0030047C0030021C003004FC0030089
:1095E00061C0030076C0030089C003000E030000C1
:1095F000215801000F040000ED5701001A0100007E
:10960000E543010005040000FD43010013010000D3
:10961000614601003E010000D14801000112000036
:109620000D8902000A1E00003B890200FF010000B4
:10963000454A01003E010000254A010005040000E2
:109640004944010008040000A14E0100300300005D
:10965000194E010010010000F14401000112000048
:10966000015501000A1E0000F989020003090000EB
:10967000D54B0100040B00000D460100060A000056
:1096800029570100070A0000C14401000C05000031
:109690008D440100050C000065560100689503002B
:1096A000AC9603004700000000000000F86E0120A7
:1096B0008EAC03004FC703006FC7030063C70300EE
:1096C0007AC7030091C70300A1C7030001AD0300DF
:1096D000B5C7030068950300E4960300000000008E
:1096E000000000001870012068950300F896030040
:1096F000000100000000000040700120EB8F02001C
:109700003D9002000000000000000000000000008A
:10971000CD7B010000000000000000000000000000
:109720000000000002020100BD97020004040100D5
:109730001D890100060601005D8801000804010082
:10974000498701000A020100A59702000C040100EC
:109750008D9702000E0401001D8601002004010007
:1097600081850100100401009184010012020100B2
:109770005D9602001E00040057990200520200008C
:10978000839602006895030094970300020100008D
:1097900000000000E0740120C4A50300F79B020054
:1097A00000000000C0A5030000000100BCA50300EC
:1097B000799D020000000000BC08002000000100AC
:1097C000B4A503000000000000000000000000003D
:1097D00000000000B0A50300C99B020065920100D3
:1097E000C408002000000300ACA50300799D02001E
:1097F00000000000B408002000000100A4A5030040
:109800002F9C0200219301000000000000000300D3
:10981000A0A50300799D020000000000AC08002014
:109820000000010098A503006D96010000000000F3
:109830000000000000000100F0A50300F79B0200FB
:1098400000000000ECA5030000000100E8A50300F3
:10985000799D020000000000F808002000000100CF
:10986000E0A503005F9C0200000000000000000073
:1098700000000100DCA50300799D0200000000004B
:10988000F008002000000100D4A50300899C02001C
:10989000000000000000000000000100D0A503004F
:1098A000799D020000000000E8080020000001008F
:1098B000C8A50300019101000000000000000000A5
:1098C00000000100A1A60100DDA20200C9B0010054
:1098D0000000000000000000B1AD01000000000029
:1098E0000000000000000000000000000000000078
:1098F0000000000019A8010006000000B9A0020045
:109900000600000009A40100100000007DA0010075
:109910001000000069B00100010000004D9F02002E
:1099200010000000B5A002000A00000035A70100E9
:109930001000000095AE010007000000BDA002006D
:1099400010000000FB9F020001000000DDA50100E7
:109950004000000059A002001000000013A0020007
:1099600001000000E1B60100B1B6010000000000F6
:1099700045B80100C5B70100BED1030099A502009A
:1099800095A50200C4D1030083A5020089A50200A9
:10999000CAD1030000A0105000820D5000040550F1
:1099A00000860D50FF03000000A010509C06002010
:1099B0000000000000000000FFFFFFFF00820D50CC
:1099C000500700200000000001000000FF07000019
:1099D000000405500000000000000000020000002C
:1099E00029C00100009A030000800E500000000012
:1099F0006C8B0020000000000048E801000000001F
:109A000000800E500C9A030001000000149A03001D
:109A10000300000037000047360000492D00004BCE
:109A200000A0105000820D500004055000860D501B
:109A300000600C5000000000000000005C9A030071
:109A400000C201000000D60100000000000000403C
:109A500000000000C1C10020C0C1002000600C5007
:109A6000689A030001000000709A030004000000DF
:109A7000300000003200000231060001330600030E
:109A800078F802001600000078F8020019000000C3
:109A900078F802001B00000078F802001C000000AB
:109AA00078F802001A00110078F80200090011008D
:109AB00078F80200080011005CF8020005001100AF
:109AC000F9D2010091AA0200BFAA0200809B030004
:109AD000010000007C9B030001000000789B030054
:109AE00001000000749B030001000000689B03005C
:109AF000030000005C9B030003000000489B030080
:109B0000050000003C9B030003000000289B0300AD
:109B1000050000001C9B030003000000A49B030041
:109B2000F49B0300B49B0300949B0300D49B0300AD
:109B3000A49B0300F49B0300B49B0300949B0300CD
:109B4000D49B0300A49B0300849B0300E49B0300BD
:109B5000A49B0300F49B0300B49B0300849B0300BD
:109B6000E49B0300A49B0300849B0300C49B0300AD
:109B7000949B0300B49B0300A49B0300949B0300ED
:109B8000849B030000000000248C0020148C002023
:109B90000020045000010000288C0020188C0020B8
:109BA00000200850000200002C8C00201C8C00209B
:109BB00000200C5000030000308C0020208C00207E
:109BC0000020105001040000348C0020004004509C
:109BD0000030085001050000388C0020004008507B
:109BE00000400C50010600003C8C00200050045046
:109BF00000300C5001070000408C002000500C5039
:109C00000030105000A0105000820D50000405508C
:109C100000860D50080000000A000000040000004B
:109C200001000000D3D80300E1D80300F5D80300F9
:109C300004D9030010D9030068F7020078F7020086
:109C4000E0F70200E8F7020038F8020040F80200EE
:109C500020D9030000010000000000000000E00027
:109C6000BA018E025D032704EB04AA0564061907F6
:109C7000C80773081909BA09560AED0A800B0F0CB8
:109C8000980C1E0D9F0D1B0E940E080F780FE40FFD
:109C90004C10B01010116C11C51119126A12B712C4
:109CA000001346138913C71303143A146F14A01436
:109CB000CE14F81420154415651583159D15B5159A
:109CC000CA15DB15EA15F615FF150516081609164F
:109CD00006160116FA15EF15E215D215C015AB15CB
:109CE00094157A155E153F151E15FA14D414AB148D
:109CF000811453142414F213BE1388135013151334
:109D0000D9129A1259121612D1118A114011F51056
:109D1000A81058100710B40F5F0F080FAF0E540EA5
:109D2000F70D990D380DD60C720C0C0CA50B3B0BD6
:109D3000D00A630AF509850913099F082A08B307A1
:109D40003B07C1064506C8054905C8044604C303C8
:109D50003E03B7022F02A5011A018E000000000089
:109D600000010000000200000014000000280000B4
:109D7000004000000100000002000000889D030078
:109D80000100000010101000110000001108000078
:109D90001148000011280000010000000F00000021
:109DA0001000000010000000200000001000000063
:109DB00010000000B89D03001100000011280000F1
:109DC0001108000001000000000010002000000049
:109DD0008FDD0300C0000000DC9D03000F000000C9
:109DE000000000000000000006000000000000006D
:109DF00030000000C000000018000000310000002A
:109E00000000000030000000E00000001C00000026
:109E100039000000000000003000000000010000D8
:109E200020000000410000000000000030000000A1
:109E30004001000028000000510000000000000068
:109E400030000000800100003000000061000000D0
:109E50000000000030000000000200004000000090
:109E6000810000000000000017000000C00000009A
:109E70001800000031000000000000001700000082
:109E8000E10000001D0000003B0000000000000099
:109E90001700000000010000200000004100000049
:109EA0000000000012000000C000000018000000C8
:109EB000310000000100000012000000E00000007E
:109EC0001C0000003900000001000000120000002A
:109ED000000100002000000041000000010000001F
:109EE00012000000400100002800000051000000A6
:109EF000010000001200000080010000300000009E
:109F000061000000010000001200000009020000D2
:109F10004200000085000000010000004100000038
:109F2000FF000000200000002000000000000000F2
:109F300041000000C00100003800000038000000AF
:109F40000000000042000000FF00000020000000B0
:109F5000200000000000000042000000C0010000DE
:109F6000390000003900000000000000709F03006D
:109F70002600001000000000003000000C0000006F
:109F800000000000889F030022000010000C000069
:109F9000003100000C00000000000003C009002098
:109FA00000000000000000000000000000000000B1
:109FB00000000000000000000000000000000000A1
:109FC0000000000000000000000000000000000091
:109FD0000000000000000000000000000000000081
:109FE0000000000000000000000000000000000071
:109FF0000000000000000000000000000000000061
:10A0000001000000FB21F93FFB2109407CD91240EF
:10A01000FB2119407A6A1F407CD92240BBFD2540B4
:10A02000FB2129403A462C407A6A2F405C47314058
:10A030007CD932409C6B3440BBFD3540DB8F3740D0
:10A04000FB2139401BB43A403A463C405AD83D4087
:10A050007A6A3F404C7E40405C4741406C10424031
:10A060007CD942408CA243409C6B4440AC34454078
:10A07000BBFD4540CBC64640DB8F4740EB584840D0
:10A08000FB21494083F9A200444E6E00FC291500D3
:10A09000D1572700DD34F50062DBC0003C99950004
:10A0A000419043006351FE00BBDEAB00B761C500C9
:10A0B0003A6E2400D24D42004906E00009EA2E0023
:10A0C0001C92D100EB1DFE0029B11C00E83EA70048
:10A0D000F535820044BB2E009CE98400B426700054
:10A0E000417E5F00D6913900538339009CF43900DA
:10A0F0008B5F840028F9BD00F81F3B00DEFF97004E
:10A100000F980500112FEF000A5A8B006D1F6D008C
:10A11000CF7E360009CB2700464FB7009E663F0032
:10A120002DEA5F00BA277500E5EBC7003D7BF10023
:10A13000F739070092528A00FB6BEA001FB15F00FB
:10A14000085D8D00300356007BFC4600F0AB6B00D1
:10A1500020BCCF0036F49A00E3A91D005E61910097
:10A16000081BE60085996500A0145F008D4068001B
:10A1700080D8FF0027734D0006063100CA5615002F
:10A18000C9A873007BE260006B8CC0000000000077
:10A19000DCCFD1350000000000C0153F0000803F3B
:10A1A0000000C03F000FC93F000F494000CB964060
:10A1B000000FC9400053FB4000CB164100ED2F417A
:10A1C000000F49410031624100537B41003A8A410E
:10A1D00000CB9641005CA34100EDAF41007EBC4145
:10A1E000000FC94100A0D5410031E24100C2EE415B
:10A1F0000053FB4100F20342003A0A42008310423E
:10A2000000CB164200141D42005C234200A52942E7
:10A2100000ED2F4200363642007E3C4200C74242EB
:10A22000000F4942A2000000F90000008300000076
:10A230006E0000004E000000440000001500000009
:10A2400029000000FC00000027000000570000006B
:10A25000D1000000F500000034000000DD00000027
:10A26000C0000000DB00000062000000950000005C
:10A27000990000003C000000430000009000000036
:10A2800041000000FE0000005100000063000000DB
:10A29000AB000000DE000000BB000000C5000000B5
:10A2A00061000000B7000000240000006E00000004
:10A2B0003A000000420000004D000000D200000003
:10A2C000E000000006000000490000002E00000031
:10A2D000EA00000009000000D10000009200000028
:10A2E0001C000000FE0000001D000000EB0000004C
:10A2F0001C000000B100000029000000A7000000C1
:10A300003E000000E8000000820000003500000070
:10A31000F50000002E000000BB000000440000001B
:10A3200084000000E90000009C00000070000000B4
:10A3300026000000B40000005F0000007E00000066
:10A34000410000003900000091000000D60000002C
:10A3500039000000830000005300000039000000B5
:10A36000F40000009C000000840000005F0000007A
:10A370008B000000BD000000F90000002800000074
:10A380003B0000001F000000F800000097000000E4
:10A39000FF000000DE000000050000009800000043
:10A3A0000F000000EF0000002F000000110000006F
:10A3B0008B0000005A0000000A0000006D00000041
:10A3C0001F0000006D000000360000007E0000004D
:10A3D000CF00000027000000CB00000009000000B3
:10A3E000B70000004F000000460000003F000000E2
:10A3F000660000009E0000005F000000EA00000010
:10A400002D0000007500000027000000BA000000C9
:10A41000C7000000EB000000E5000000F1000000B4
:10A420007B0000003D000000070000003900000034
:10A43000F70000008A0000005200000092000000B7
:10A44000EA0000006B000000FB0000005F0000005D
:10A45000B10000001F0000008D0000005D00000042
:10A46000080000005600000003000000300000005B
:10A4700046000000FC0000007B0000006B000000B4
:10A48000AB000000F0000000CF000000BC000000A6
:10A49000200000009A000000F400000036000000D8
:10A4A0001D000000A9000000E30000009100000072
:10A4B000610000005E000000E60000001B000000DC
:10A4C0000800000065000000990000008500000001
:10A4D0005F00000014000000A00000006800000001
:10A4E000400000008D000000FF000000D8000000C8
:10A4F000800000004D0000007300000027000000F5
:10A5000031000000060000000600000015000000F9
:10A5100056000000CA00000073000000A800000000
:10A52000C900000060000000E20000007B000000A5
:10A53000C00000008C0000006B0000000200000062
:10A540000300000004000000060000000000C93FF6
:10A550000000F0390000DA370000A2330000842E3A
:10A560000000502B0000C2270000D0220000C41FB2
:10A570000000C61B00004417040000000700000094
:10A5800009000000FF7F008000000328000002296E
:10A59000000003280000002800002A2B00002A2BBE
:10A5A000000003280000292B0000292B00000328AD
:10A5B000000002290000052A0000052A00000328E7
:10A5C00000000118000000280000042A0000042AEE
:10A5D000000003280000012A0000012A00000328CF
:10A5E0000000002A0000002A0000032800000018D4
:10A5F0000000002853544154455F4C495354454E84
:10A60000494E473A20737461727465642062792000
:10A6100025732C2077616974696E6720666F7220DC
:10A620007370656563682C2073747265616D696E03
:10A630006720656E61626C65640053504545434810
:10A640000073696C656E6365005641445B25735DFC
:10A65000206672616D653D257520736D702F2575BF
:10A66000204220282575206D732040257520487ACA
:10A670002C20312063682920726D733D2575206E72
:10A680006F6973653D2575206F6E3D2575206F667A
:10A69000663D2575202D3E202573207C2073706536
:10A6A0006563685F6163746976653D2564206F6EDC
:10A6B0007365743D25752F25752073696C656E6310
:10A6C000653D25752F2575207370656563683D258B
:10A6D000752F2575206C6174636865643D25642061
:10A6E0006C697374656E696E673D256400526563BD
:10A6F0006F7264696E672073746F703A20257320DF
:10A7000028616674657220256C6C64206D73290065
:10A7100053544154455F46494E414C495A453A20AD
:10A72000636170747572652064697361626C6564DD
:10A730002C20647261696E696E6720424C4520541A
:10A74000582071756575650042544E3120737461EF
:10A750007274207265717565737465640042544E3D
:10A76000312069676E6F7265643A2073657373692F
:10A770006F6E20616C7265616479206163746976C3
:10A78000652028737461746520307825782900422B
:10A79000544E322069676E6F7265643A206E6F7432
:10A7A000207265636F7264696E67202873746174C8
:10A7B000652030782578290057616B65776F726462
:10A7C00020696E666572656E6365206661696C6599
:10A7D000643A2025640057616B6520776F726420AE
:10A7E00064657465637465640069646C65007265B2
:10A7F0006300507265726F6C6C3A2073656E7420E2
:10A800002575206F66202575206672616D65732041
:10A81000282575206D732900537065656368206F66
:10A820006E7365742064657465637465642028259F
:10A830006C6C64206D732061667465722073746142
:10A84000727429006F6E7365740056414420656E02
:10A8500064706F696E743A202575206D73206F6681
:10A8600020636F6E74696E756F75732073696C65A4
:10A870006E636520616674657220737065656368D8
:10A8800000656E64706F696E7400424C45205458C8
:10A890002071756575652072656A656374656420ED
:10A8A000617564696F206368756E6B3A202564007A
:10A8B00056414420696E697469616C697A61746992
:10A8C0006F6E206661696C65643A2025640057618B
:10A8D0006B65776F726420696E697469616C697AFF
:10A8E0006174696F6E206661696C65643A202564E5
:10A8F00000426C7565746F6F746820696E69746965
:10A90000616C697A6174696F6E206661696C6564F7
:10A910003A202564004265616D666F726D65722034
:10A92000696E697469616C697A6174696F6E2066B9
:10A9300061696C65643A20256400416C77617973C4
:10A940002D6F6E206265616D666F726D696E672036
:10A950006661696C656420746F2073746172743A07
:10A96000202564004265616D666F726D696E6720B7
:10A970002B2077616B6520776F7264202B206164D8
:10A98000617074697665205641442061637469760C
:10A9900065005641443A20257520487A2C20656E82
:10A9A00064706F696E74206166746572202575200D
:10A9B0006D732073696C656E63652C206D696E2004
:10A9C0007574746572616E6365202575206D730002
:10A9D000564144207468726573686F6C64733A20E2
:10A9E0006F6E3D25752F3878206F66663D25752F73
:10A9F0003878206F66206E6F69736520666C6F6FA4
:10AA00007220286D696E202B2575202F202B25752F
:10AA1000292C206E6F69736520696E69743D2575F8
:10AA20002C20707265726F6C6C20257520667261C7
:10AA30006D65730057616B65776F72643A20707251
:10AA40006F623E25752F313030302C202575206FF8
:10AA500066206C6173742025752077696E646F774A
:10AA6000730057616B6520776F7264206F722042AC
:10AA7000544E313A207374617274207265636F7240
:10AA800064696E6720202042544E323A206D616E18
:10AA900075616C206661696C736166652073746FA3
:10AAA000700053544154455F49444C453A2073610A
:10AAB00079207468652077616B6520776F726420F8
:10AAC0006F722070726573732042544E31004D6175
:10AAD00078696D756D2073747265616D206475722F
:10AAE0006174696F6E2072656163686564004E6FA2
:10AAF000207370656563682077697468696E2025C6
:10AB000075206D730046696E616C697A6174696F56
:10AB10006E3A20257520617564696F206368756ED3
:10AB20006B7320776572652064726F707065643B2B
:10AB30002074686520726563656976656420726556
:10AB4000636F7264696E67206861732067617073F8
:10AB50000046696E616C697A6174696F6E20636F1B
:10AB60006D706C6574653A20726561736F6E3D251A
:10AB7000732C20256C6C64206D7320636170747578
:10AB80007265642C207370656563685F64657465C5
:10AB9000637465643D25640053544154455F5052CD
:10ABA0004F43455353494E47006E6F6E6500564103
:10ABB000445F454E44504F494E5420286175746F90
:10ABC0006D61746963290042544E3220286D616EB4
:10ABD00075616C206661696C7361666529006D61E1
:10ABE00078206475726174696F6E006E6F20737087
:10ABF0006565636820646574656374656400776186
:10AC00006B6520776F7264006D61696E00636170BF
:10AC1000747572653A20256420487A2C20256420BA
:10AC200063682C2025642D62697420736C6F7473C3
:10AC30002C202575206672616D65732F626C6F63C1
:10AC40006B20282575206D732900493253207265C9
:10AC50006164206661696C65643A2025640049324C
:10AC600053207374617274206661696C65643A2064
:10AC7000256400617564696F5F63617074757265E6
:10AC8000006265616D666F726D00424C45206469BB
:10AC900073636F6E6E656374656400424C45206338
:10ACA0006F6E6E656374696F6E206661696C656452
:10ACB0003A20257500424C452073656E642066611C
:10ACC000696C65643B2064726F70706564206F6EA0
:10ACD00065206368756E6B3A20256400424C452000
:10ACE0006C696E6B20646F776E3B2064726F70705E
:10ACF0006564206F6E65206368756E6B00424C451D
:10AD000020636F6E6E65637465640064697361626D
:10AD10006C6564004E5553206E6F7469666963619B
:10AD200074696F6E73202573004265616D666F7282
:10AD30006D657200626C7565746F6F7468004D6F3D
:10AD400064656C20696E697469616C697A617469A3
:10AD50006F6E206661696C656420286572722025BB
:10AD600064290057616B65776F726420696E69743E
:10AD700069616C697A65642C20696E7075745F779F
:10AD8000696E646F773D25752073616D706C6573B6
:10AD9000004661696C656420746F20666565642097
:10ADA000696E70757473202865727220256429009D
:10ADB0004661696C656420746F2072756E20696EDF
:10ADC000666572656E636520286572722025642948
:10ADD0000077770061786F6E5F757365725F696E7B
:10ADE0007374616E63655F39343038310028756E75
:10ADF0007369676E6564292063686172202A207513
:10AE000073656420666F72202525702061726775F6
:10AE10006D656E742E2049742773207265636F6DA3
:10AE20006D656E64656420746F206361737420695E
:10AE30007420746F20766F6964202A2062656361D4
:10AE4000757365206974206D617920636175736520
:10AE5000206D69736265686176696F7220696E2022
:10AE60006365727461696E20636F6E66696775727F
:10AE70006174696F6E732E20537472696E673A2223
:10AE800025732220617267756D656E743A256400C2
:10AE900063627072696E74665F7061636B6167652F
:10AEA00000286E696C29007379735F6765746F7031
:10AEB000740066735F6E7673006C6F6767696E67A8
:10AEC000006C6F67006C6F675F6D676D74004D6538
:10AED0007373616765202822257322292064726FAD
:10AEE00070706564206265636175736520697420A4
:10AEF000657863656564732073697A65206C696D34
:10AF000069746174696F6E2028257529004D657319
:10AF1000736167652064726F707065642062656339
:10AF20006175736520697420657863656564732055
:10AF300073697A65206C696D69746174696F6E20DC
:10AF400028257529000D0A001B5B306D0025732034
:10AF5000005B2530386C755D20005B253032753A1A
:10AF6000253032753A253032752E253033752C2533
:10AF70003033755D200025732F003C25733E200083
:10AF800025733A2000253032782000202020007CD4
:10AF900000256300206D65737361676573206472BB
:10AFA0006F70706564202D2D2D0D0A1B5B306D00B8
:10AFB0001B5B313B33316D2D2D2D20001B5B313B55
:10AFC00033316D001B5B313B33336D0065727200B2
:10AFD00077726E00696E6600646267006C6F675F0F
:10AFE0006261636B656E645F75617274006C6F673C
:10AFF0005F756172740073657474696E6773004580
:10B0000052524F5221204D4F44454C204C41434B0E
:10B010005320414E2045585445524E414C20494EF4
:10B02000505554210A0041786F6E204E4E3A204907
:10B030006E76616C6964205369676D6F6964206224
:10B0400079746577696474682025640A006D6C738F
:10B0500073002A2A2A20426F6F74696E67206E522D
:10B060004620436F6E6E6563742053444B207633E5
:10B070002E332E302D70726576696577322D6564BA
:10B0800065313532656332313062202A2A2A0A005E
:10B090002A2A2A205573696E67205A65706879726A
:10B0A000204F532076342E332E39392D34623664B6
:10B0B0006635666631316231202A2A2A0A00029EEC
:10B0C000CADC240EE5A9E093F3A3B50200406E02AA
:10B0D0009ECADC240EE5A9E093F3A3B50200406EFE
:10B0E000029ECADC240EE5A9E093F3A3B503004059
:10B0F0006E029ECADC240EE5A9E093F3A3B503001B
:10B10000406E029ECADC240EE5A9E093F3A3B501CC
:10B1100000406E62745F6E75730072302F61313A59
:10B120002020307825303878202072312F61323A53
:10B130002020307825303878202072322F61333A41
:10B1400020203078253038780072332F61343A204F
:10B1500020307825303878207231322F69703A20CB
:10B1600020307825303878207231342F6C723A20B4
:10B17000203078253038780020787073723A20209B
:10B1800030782530387800735B2532645D3A2020B2
:10B190003078253038782020735B2532645D3A2082
:10B1A000203078253038782020735B2532645D3A72
:10B1B00020203078253038782020735B2532645D7C
:10B1C0003A20203078253038780066707363723A00
:10B1D0002020307825303878004661756C74696EAF
:10B1E0006720696E737472756374696F6E20616431
:10B1F000647265737320287231352F7063293A2089
:10B2000030782530387800556E68616E646C6564FE
:10B21000204952516E3A202564002A2A2A2A2A20DF
:10B220004D5055204641554C54202A2A2A2A2A009E
:10B230002020537461636B696E67206572726F7250
:10B240002028636F6E746578742061726561206D6B
:10B2500069676874206265206E6F742076616C691E
:10B260006429002020556E737461636B696E6720DA
:10B270006572726F720020204461746120416363C3
:10B280006573732056696F6C6174696F6E0020205E
:10B290004D4D46415220416464726573733A2030CB
:10B2A000782578002020496E737472756374696F15
:10B2B0006E204163636573732056696F6C617469B6
:10B2C0006F6E002020466C6F6174696E672D706F21
:10B2D000696E74206C617A79207374617465207072
:10B2E0007265736572766174696F6E206572726FD4
:10B2F00072002A2A2A2A2A205553414745204641CE
:10B30000554C54202A2A2A2A2A002020446976698A
:10B3100073696F6E206279207A65726F0020205504
:10B320006E616C69676E6564206D656D6F72792002
:10B33000616363657373002020537461636B206FD6
:10B34000766572666C6F772028636F6E74657874AB
:10B350002061726561206E6F742076616C6964296A
:10B360000020204E6F20636F70726F636573736F80
:10B370007220696E737472756374696F6E730020E6
:10B3800020496C6C6567616C206C6F6164206F662E
:10B39000204558435F52455455524E20696E746F94
:10B3A000205043002020496C6C6567616C207573E8
:10B3B00065206F6620746865204550535200202038
:10B3C000417474656D707420746F20657865637561
:10B3D000746520756E646566696E656420696E7358
:10B3E0007472756374696F6E002A2A2A2A2A2042B1
:10B3F0005553204641554C54202A2A2A2A2A0020F7
:10B4000020537461636B696E67206572726F72009E
:10B4100020205072656369736520646174612062E5
:10B420007573206572726F7200202042464152206F
:10B43000416464726573733A203078257800202067
:10B44000496D70726563697365206461746120621F
:10B450007573206572726F72002020496E7374726A
:10B46000756374696F6E20627573206572726F7296
:10B470000052657365727665642045786365707403
:10B48000696F6E20280053707572696F757320693B
:10B490006E74657272757074202849525120005381
:10B4A0005053454C20696E20746872656164206D4C
:10B4B0006F646520646F6573206E6F7420696E64BD
:10B4C000696361746520505350002A2A2A2A2A2071
:10B4D00048415244204641554C54202A2A2A2A2ABF
:10B4E000002020427573206661756C74206F6E2099
:10B4F000766563746F72207461626C652072656139
:10B50000640020204465627567206576656E74006E
:10B5100020204661756C7420657363616C61746989
:10B520006F6E20287365652062656C6F7729004116
:10B530005243485F4558434550542077697468200A
:10B54000726561736F6E2025780A002A2A2A2A2ADA
:10B55000204465627567206D6F6E69746F72206537
:10B560007863657074696F6E202A2A2A2A2A002A55
:10B570002A2A2A2A20257320256429202A2A2A2AD1
:10B580002A006D7075004661696C656420746F20D7
:10B59000616C6C6F63617465206E6577204D5055EA
:10B5A00020726567696F6E2025750A00506172749C
:10B5B0006974696F6E2025753A2073616E697479BC
:10B5C00020636865636B206661696C65642E004961
:10B5D0006E76616C696420756E6465726C79696EF3
:10B5E0006720726567696F6E20696E6465782025D3
:10B5F0007500464C4153485F30005352414D5F3017
:10B6000000657869740A0061626F727428290A0003
:10B610006E65745F627566006E65745F6275665F05
:10B6200073696D706C6500736F6300416C6C6F6360
:10B6300061746564206C65737320475254432063C2
:10B6400068616E6E656C73202825642920746861BA
:10B650006E20726571756573746564202825642990
:10B660000000FFFFFFFFFFFF00000000000000FFE1
:10B67000FFFFFFFFFF0000000000007075626C69B3
:10B68000630072616E646F6D007075626C69632D2A
:10B6900069640072616E646F6D2D696400253032DB
:10B6A000583A253032583A253032583A25303258F7
:10B6B0003A253032583A253032582028257329004F
:10B6C0003031323334353637383961626364656618
:10B6D0000062745F727061004254204C57205751D1
:10B6E0000002FB349B5F800000800010000000001F
:10B6F0000000010400020000000200000000000041
:10B700000005000000000000000000000000000034
:10B71000000562745F6275660062745F64617461E3
:10B72000004461746120627566666572206F76659B
:10B7300072666C6F7720286C696E6B207479706507
:10B74000203078253032782900556E61626C652092
:10B75000746F206C6F6F6B20757020636F6E6E203E
:10B76000776974682068616E646C65202575005582
:10B770006E61626C6520746F206C6F6F6B757020EA
:10B78000636F6E6E20666F722068616E646C6520F8
:10B790002575004861726477617265206572726F09
:10B7A000722C20686172647761726520636F6465D2
:10B7B0003A20256400436F756C64206E6F742073AB
:10B7C00075626D69742072785F776F726B3A2025AD
:10B7D000640062745F74785F70726F636573736F17
:10B7E0007200556E61626C6520746F20616C6C6FC5
:10B7F000636174652062756666657200556E686186
:10B800006E646C6564206576656E742030782530D2
:10B810003278206C656E2025753A20257300657698
:10B8200074206E756D5F68616E646C657320283D71
:10B8300025752920746F6F206C617267652028253B
:10B840007A75203E20257529004E6F20636F6E6E3D
:10B85000656374696F6E20666F722068616E646CD8
:10B8600065202575007061636B65747320636F7567
:10B870006E74206D69736D6174636800546F6F201E
:10B88000736D616C6C20282575206279746573294D
:10B89000206576656E742030782530327800496EE8
:10B8A00076616C696420484349206576656E742032
:10B8B00073697A65202825752900496E76616C695F
:10B8C00064204C45206D657461206576656E74203A
:10B8D00073697A65202825752900574553545F54AC
:10B8E0004F504449522F7A65706879722F73756290
:10B8F0007379732F626C7565746F6F74682F686FDE
:10B9000073742F6863695F636F72652E6300657679
:10B91000745F666C6167732026202831554C203C8B
:10B920003C202830292900415353455254494F4E59
:10B93000204641494C205B25735D20402025733A09
:10B9400025640A00496E76616C6964206275662020
:10B950007479706520257500496E76616C69642084
:10B960004843492041434C207061636B65742073E8
:10B97000697A6520282575290041434C206461744B
:10B9800061206C656E677468206D69736D617463A6
:10B99000682028257520213D2025752900556E61D8
:10B9A000626C6520746F2066696E6420636F6E6ED2
:10B9B00020666F722068616E646C65202575006278
:10B9C000745F6863695F6576745F6765745F666CF2
:10B9D000616773286864722D3E657674292026207D
:10B9E0002831554C203C3C202831292900556E6BCC
:10B9F0006E6F776E2062756620747970652025758C
:10BA000000556E68616E646C65642076656E646F67
:10BA1000722D7370656369666963206576656E74FF
:10BA200020307825303278206C656E2025753A20DC
:10BA30002573004E6F20636F6D6D616E64207365BA
:10BA40006E7420666F7220636D6420636F6D706C1E
:10BA500065746520307825303478004F70436F640A
:10BA6000652030782530347820636F6D706C657494
:10BA7000656420696E7374656164206F6620657803
:10BA80007065637465642030782530347800696EA1
:10BA900074657276616C2065786365656473207483
:10BAA00068652076616C69642072616E6765202527
:10BAB00075207573006C6174656E637920657863B9
:10BAC00065656473207468652076616C69642072B2
:10BAD000616E676520307825303478007375707634
:10BAE0005F74696D656F75742065786365656473EF
:10BAF000207468652076616C69642072616E676588
:10BB000020307825303478004E6F2070656E64697F
:10BB10006E67207065726970686572616C20636F12
:10BB20006E6E656374696F6E00556E6578706563DF
:10BB300074656420737461747573203078253032B5
:10BB400078202573004661696C656420746F2073EA
:10BB500065742072657175697265642073656375BB
:10BB600072697479206C6576656C004E6F2063682D
:10BB7000616E676520746F20656E63727970746999
:10BB80006F6E2073746174652028656E63727970BE
:10BB900074203078253032782900756E6B6E6F779F
:10BBA0006E005B305D00484349207472616E7370B3
:10BBB0006F72743A20257300534443004964656EE4
:10BBC0007469747925733A202573004964656E742D
:10BBD0006974795B25645D3A202573004843493ACE
:10BBE0002076657273696F6E202573202830782562
:10BBF00030327829207265766973696F6E203078EB
:10BC0000253034782C206D616E75666163747572B1
:10BC1000657220307825303478004C4D503A2076CB
:10BC2000657273696F6E2025732028307825303255
:10BC300078292073756276657220307825303478E3
:10BC400000556E61626C6520746F2073656E6420B0
:10BC5000746F20647269766572202865727220257F
:10BC6000642900657272203D3D20300009436F6EEB
:10BC700074726F6C6C657220756E726573706F6E26
:10BC8000736976652C20636F6D6D616E64206F70D3
:10BC9000636F6465203078253034782074696D6571
:10BCA0006F75742077697468206572722025640A44
:10BCB000006F70636F6465203078253034782073AE
:10BCC00074617475732030782530327820257300C4
:10BCD0004661696C656420746F20726561642044FC
:10BCE0004C45206D61782064617461206C656E0044
:10BCF00074785F6F637465747320657863656564D9
:10BD000073207468652076616C69642072616E6767
:10BD1000652025750074785F74696D6520657863AA
:10BD200065656473207468652076616C696420724F
:10BD3000616E6765202575004E6F2070656E6469C1
:10BD40006E6720636F6E6E20666F7220706565721D
:10BD5000202573004E6F6E2D4C452063617061622B
:10BD60006C6520636F6E74726F6C6C6572206465B5
:10BD700074656374656421004E756D206F662043A1
:10BD80006F6E74726F6C6C657227732041434C2028
:10BD90007061636B65747320213D2041434C2062C8
:10BDA000745F636F6E6E5F747820636F6E74657816
:10BDB00074732028257520213D20257529004143D5
:10BDC0004C2042522F45445220627566666572735C
:10BDD000206E6F7420696E697469616C697A65643C
:10BDE0000056656E646F722048434920657874651B
:10BDF0006E73696F6E73206E6F7420617661696C0B
:10BE000061626C6500485720506C6174666F726D9A
:10BE10003A20257320283078253034782900485777
:10BE20002056617269616E743A202573202830783B
:10BE30002530347829004669726D776172653A2041
:10BE40002573202830782530327829205665727382
:10BE5000696F6E2025752E2575204275696C6420EA
:10BE60002575004661696C656420746F2072656198
:10BE70006420737570706F727465642076656E648B
:10BE80006F7220636F6D6D616E6473004661696CE3
:10BE9000656420746F207265616420737570706FC3
:10BEA000727465642076656E646F72206665617475
:10BEB0007572657300484349206472697665722023
:10BEC0006973206E6F74207265616479004254203A
:10BED0005258205751004843492064726976657270
:10BEE000206F70656E206661696C6564202825642A
:10BEF00029004F7574206F6620636F6D6D616E64ED
:10BF0000206275666665727300556E65787065634C
:10BF100074656420484F53545F4E554D5F434F4DF9
:10BF2000504C455445445F5041434B4554532C209D
:10BF300073746174757320307825303278202573DE
:10BF400000556E636C65617265642070656E64692E
:10BF50006E672073656E745F636D64000009090984
:10BF60000901020909090909090909090909070952
:10BF70000909090906090909090909090909090934
:10BF8000090909090905312E306200312E310031CD
:10BF90002E3200322E3000322E3100332E3000345B
:10BFA0002E3000342E3100342E3200352E30003544
:10BFB0002E3100352E3200352E3300352E3400362A
:10BFC0002E3000362E3100362E32005374616E64EE
:10BFD00061726420426C7565746F6F746820636F62
:10BFE0006E74726F6C6C65720056656E646F722051
:10BFF000737065636966696320636F6E74726F6CDA
:10C000006C6572004669726D77617265206C6F6154
:10C010006465720052657363756520696D6167655B
:10C02000007265736572766564006E5246353178CC
:10C03000006E5246353278006E5246353378006EC7
:10C04000524635344878006E524635344C780049B3
:10C050006E74656C20436F72706F726174696F6E7D
:10C06000004E6F726469632053656D69636F6E641F
:10C070007563746F72004E58502053656D69636F1D
:10C080006E647563746F7273004573707265737359
:10C0900069662053797374656D730062745F6863B9
:10C0A000695F636F726500636D6420646973616CBE
:10C0B0006C6F776564004661696C656420746F20FD
:10C0C00064697361626C6520616464726573732076
:10C0D0007265736F6C7574696F6E005265736F6C07
:10C0E00076696E67206C6973742073697A65206560
:10C0F000786365656465642E205377697463686945
:10C100006E6720746F20686F73742E004661696CCF
:10C11000656420746F20636C656172207265736F53
:10C120006C7574696F6E206C697374004661696C1C
:10C13000656420746F206164642049524B20746FE1
:10C1400020636F6E74726F6C6C657200536574203F
:10C1500070726976616379206D6F646520636F6DBD
:10C160006D616E64206973206E6F742073757070DA
:10C170006F72746564004661696C656420746F2039
:10C180007365742070726976616379206D6F646580
:10C190000044697361626C696E67206164647265F2
:10C1A0007373207265736F6C7574696F6E2066614E
:10C1B000696C6564202865727220256429004661D7
:10C1C000696C656420746F2072656D6F76652049B7
:10C1D000524B2066726F6D20636F6E74726F6C6C61
:10C1E0006572004F6E6C792072616E646F6D2073A2
:10C1F0007461746963206964656E7469747920611F
:10C2000064647265737320737570706F72746564A3
:10C2100000496E76616C696420696E707574207077
:10C220006172616D6574657273004661696C656405
:10C2300020746F2072656164207075626C69632080
:10C240006164647265737300526561642053746144
:10C250007469632041646472657373657320636FEE
:10C260006D6D616E64206E6F7420617661696C61C2
:10C27000626C65004661696C656420746F2072654C
:10C2800061642073746174696320616464726573AE
:10C29000736573004E6F2073746174696320616409
:10C2A000647265737365732073746F72656420695B
:10C2B0006E20636F6E74726F6C6C65720043616E9A
:10C2C00027742073657420626F7468204944454E5A
:10C2D000544954592026204E52504100556E6162F7
:10C2E0006C6520746F20736574206964656E746971
:10C2F0007479206164647265737300556E61626C59
:10C300006520746F207365742072616E646F6D2098
:10C31000616464726573730062745F696400546F72
:10C320006F20626967206164766572746973696EF3
:10C33000672064617461004661696C656420746F94
:10C3400020737461727420616476657274697365B8
:10C3500072004661696C656420746F2073746F703D
:10C36000206164766572746973696E673A2025642A
:10C370000062745F616476004661696C6564207474
:10C380006F2067656E657261746520454343206B5D
:10C390006579202564004661696C656420746F20AE
:10C3A0006578706F727420454343207075626C69C4
:10C3B00063206B6579202564004661696C656420A3
:10C3C000746F206578706F727420454343207072DB
:10C3D0006976617465206B65792025640046616922
:10C3E0006C656420746F2064657374726F79204586
:10C3F0004343206B657920494420256400466169E8
:10C400006C656420746F20696D706F72742074683D
:10C41000652070726976617465206B657920666F3E
:10C4200072206B65792061677265656D656E742039
:10C43000256400526177206B6579206167726565BC
:10C440006D656E74206661696C65642025640046C4
:10C4500061696C656420746F2064657374726F79B0
:10C4600020746865206B6579202564007073615FB6
:10C47000696D706F72745F6B6579282920726574BD
:10C4800075726E6564207374617475732025640021
:10C490004275737920706572666F726D696E672080
:10C4A000616E6F746865722045434448206F706503
:10C4B000726174696F6E00E69D350E480103CCDB36
:10C4C000FDF4AC1191F4EFB9A5F9E9A7832C5E2C2A
:10C4D000BE97F2D203B0208BD28915D08E1C742463
:10C4E00030ED8FC24563765C15525ABF9A32636D48
:10C4F000EB2A65499C80DC62745F6563630046617A
:10C50000696C656420726561642072656D6F746525
:10C510002066656174757265732028256429005052
:10C52000485920307825303278206E6F742073752A
:10C5300070706F72746564004661696C6564207424
:10C540006F207365742064617461206C656E2028AF
:10C5500025642900556E657870656374656420668E
:10C5600069727374204C32434150206672616D656C
:10C5700000556E6578706563746564204C32434184
:10C580005020636F6E74696E756174696F6E004ED2
:10C590006F7420656E6F7567682062756666657278
:10C5A00020737061636520666F72204C3243415086
:10C5B000206461746100556E6578706563746564AC
:10C5C0002041434C20666C61677320283078253009
:10C5D0003278290041434C206C656E206D69736D83
:10C5E0006174636820282575203E20257529002860
:10C5F000756E6B6E6F776E29006E6F207472616E50
:10C60000736974696F6E20257300496E76616C6979
:10C61000642028257529206F6C642073746174650B
:10C6200000636F6E6E202570206661696C65642002
:10C63000746F2065737461626C6973682E20524652
:10C64000206E6F6973653F006E6F2076616C696460
:10C650002028257529207374617465207761732003
:10C6600073657400696E636F6D70617469626C6587
:10C670002068616E646C652025750054696D656F76
:10C680007574206469736361726465642E204E6FF3
:10C6900020626C6F636B696E6720696E20737973BB
:10C6A00077712E00466174616C206572726F722022
:10C6B000282564292E20446973636F6E6E65637448
:10C6C000696E6720257000466F756E642076616C18
:10C6D000696420636F6E6E656374696F6E202825D0
:10C6E00070292077697468206164647265737320AF
:10C6F000257320696E202573207374617465200092
:10C7000053656E64204C4520706172616D207570B8
:10C7100064617465206661696C6564202865727265
:10C72000202564290053656E64206175746F204C68
:10C730004520706172616D2075706461746520665A
:10C7400061696C6564202865727220256429006423
:10C750006973636F6E6E6563742D636F6D706C6566
:10C760007465007363616E2D6265666F72652D6915
:10C770006E6974696174696E6700696E6974696174
:10C7800074696E672D66696C7465722D6C6973745B
:10C79000006164762D636F6E6E65637461626C65B3
:10C7A000006164762D6469722D636F6E6E656374CB
:10C7B00061626C6500646973636F6E6E6563746952
:10C7C0006E670062745F636F6E6E00556E61626CBF
:10C7D0006520746F20616C6C6F6361746520627595
:10C7E0006666657220666F72206F70203078253023
:10C7F0003278004E6F20617661696C61626C6520F1
:10C800004C3243415020636F6E7465787420666FBC
:10C810007220636F6E6E20257000457870656374BA
:10C82000696E6720757020746F20256420726566BC
:10C83000732C20676F7420256400616C72656164DD
:10C840007920686176652076696577206F6E20258E
:10C8500070004C32434150206C656E677468206DE7
:10C8600069736D617463682028257520213D20253A
:10C87000752900496E76616C6964206964656E741F
:10C880002076616C756520696E204C3243415020E2
:10C8900050445500496E76616C6964204C452063B4
:10C8A0006F6E6E20706172616D207273702073699B
:10C8B0007A652028257520213D20257A752900528A
:10C8C000656A656374696E6720756E6B6E6F776EEF
:10C8D000204C324341502050445520636F64652002
:10C8E00030782530327800546F6F20736D616C6C36
:10C8F000204C32434150207369676E616C696E67EA
:10C900002050445500546F6F20736D616C6C204C47
:10C910003243415020504455207265636569766505
:10C92000640049676E6F72696E672064617461208C
:10C93000666F7220756E6B6E6F776E206368616EC6
:10C940006E656C2049442030782530347800636F60
:10C950006E6669670062745F6C3263617000415497
:10C9600054206368616E6E656C206E6F7420636F17
:10C970006E6E6563746564004572726F72207369D0
:10C98000676E696E6720646174610052616E206F2A
:10C990007574206F662054582062756666657273E0
:10C9A000206F7220636F6E74657874732E00466119
:10C9B000696C656420746F207375626D69742061A1
:10C9C00074745F74785F64657374726F795F776F86
:10C9D000726B3A20256400556E61626C6520746F3D
:10C9E00020637265617465206572722072737020B5
:10C9F00050445500415454204D545520657863658A
:10CA0000656465642C206D61782025752C20776124
:10CA10006E74656420257A7500556E61626C6520C0
:10CA2000746F206372656174652072737020504466
:10CA30005500546F6F20736D616C6C20415454200D
:10CA400050445520726563656976656400556E686B
:10CA5000616E646C65642041545420636F6465208A
:10CA600030782530327800496E76616C6964206CCC
:10CA7000656E20257520666F7220636F64652030B7
:10CA8000782530327800556E61626C6520746F20B5
:10CA900063726561746520555549443A2073697A1B
:10CAA0006520257500556E61626C6520746F20638A
:10CAB000726561746520555549443A2073697A65F9
:10CAC000202564004E6F20617661696C61626C653F
:10CAD0002041545420636F6E7465787420666F72C1
:10CAE00020636F6E6E202570004E6F206176616945
:10CAF0006C61626C6520415454206368616E6E65A0
:10CB00006C20666F7220636F6E6E202570004E6F12
:10CB10007420636F6E6E656374656400556E616248
:10CB20006C6520746F2066696E64204154542063E4
:10CB300068616E6E656C00476F74206572722025A7
:10CB4000642C206E6F742063616C6C696E67204189
:10CB50005454206362004661696C656420746F20E0
:10CB600072652D7375626D69742025733A20256492
:10CB7000004E6F20415454206368616E6E656C20D6
:10CB8000666F72204D545520257A75004E6F2070C7
:10CB9000656E64696E6720415454207265717565D5
:10CBA000737400556E61626C6520746F20637265EA
:10CBB000617465207265747279205044552028256F
:10CBC000752900446973636F6E6E656374696E677F
:10CBD000206661696C65642028657272202564296D
:10CBE000004154542054696D656F757420666F72EE
:10CBF000206465766963652025732E20446973631C
:10CC00006F6E6E656374696E672E2E2E006174748C
:10CC10005F74785F64657374726F795F776F726B3E
:10CC20005F68616E646C65720062745F6174740049
:10CC3000434D414320757064617465206661696C81
:10CC4000656420256400756E61626C6520746F20D8
:10CC5000736176652053433A206E6F2063666720C8
:10CC60006C656674004E6F20737061636520746F2D
:10CC70002073746F72652043434320636667004EE0
:10CC80006F20737061636520746F2073746F7265B9
:10CC900020436C69656E7420537570706F72746593
:10CCA0006420466561747572657300556E61626CCF
:10CCB0006520746F20696D706F72742074686520D0
:10CCC0006B657920666F722041455320434D414387
:10CCD00020256400434D4143206F70657261746983
:10CCE0006F6E20696E6974206661696C65642025C9
:10CCF0006400434D41432066696E69736820666134
:10CD0000696C65642025640052656164206D6574FA
:10CD1000686F64206E6F7420736574004661696C7F
:10CD2000656420746F207265616420617474726937
:10CD300062757465202570202865727220257A64DA
:10CD40002900496E76616C69642072656164206CAB
:10CD5000656E6774683A20257A6400434343202552
:10CD600070206E6F74207772697461626C65005315
:10CD70004320726573746F726520696E64696361C4
:10CD800074696F6E206661696C6564004661696CE8
:10CD9000656420746F2073657420736563757269B0
:10CDA000747920666F7220626F6E646564207065AE
:10CDB000657220282564290062745F6761747400BD
:10CDC000556E61626C6520746F2066696E642053D5
:10CDD0004D50206368616E6E656C005075626C69C1
:10CDE00063206B6579206E6F7420617661696C6178
:10CDF000626C65004661696C656420746F206765CC
:10CE00006E65726174652044484B65790043616CBE
:10CE100063756C61746520636F6E6669726D206600
:10CE200061696C656400556E6B6E6F776E20706122
:10CE30006972696E67206D6574686F642028257556
:10CE4000290043616C63756C617465204C544B2000
:10CE50006661696C65640043616C63756C617465DF
:10CE6000206C6F63616C2044484B65792063686572
:10CE7000636B206661696C65640043616C63756C0B
:10CE80006174652072656D6F74652044484B6579E7
:10CE900020636865636B206661696C656400526538
:10CEA0006D6F7465207075626C6963206B657920A5
:10CEB00072656A65637465640052656D6F746520A0
:10CEC0006973207573696E672044656275672050C9
:10CED00075626C6963206B6579005265636569767C
:10CEE000656420696E76616C6964207075626C6936
:10CEF00063206B6579004E6F20617661696C6162B9
:10CF00006C6520534D5020636F6E74657874206695
:10CF10006F7220636F6E6E20257000556E61626CBB
:10CF20006520746F20676574206B65797320666F68
:10CF3000722025730054686520696E2D70726F67CA
:10CF4000726573732070616972696E6720686173BE
:10CF5000206265656E2064656C65746564210053AC
:10CF60004D5020646F6573206E6F7420616C6C6F20
:10CF70007720612070616972696E67206661696CF3
:10CF8000757265206174207468697320706F696EB2
:10CF9000742E204B6E6F776E2069737375652E202B
:10CFA000446973636F6E6E656374696E6720696E42
:10CFB00073746561642E00546F6F20736D616C6CC7
:10CFC00020534D5020504455207265636569766545
:10CFD0006400534D5020636F6D6D616E6420286353
:10CFE0006F6465203078253032782920726563655A
:10CFF000697665642061667465722074696D656F19
:10D000007574005265636569766564207265736541
:10D010007276656420534D5020636F6465203078CC
:10D020002530327800556E68616E646C65642053FB
:10D030004D5020636F64652030782530327800557C
:10D040006E657870656374656420534D5020636F1E
:10D0500064652030782530327800496E76616C69DD
:10D0600064206964656E7469747920257300526563
:10D07000667573696E67206E657720706169726985
:10D080006E672E20546865206F6C6420626F6E643A
:10D09000206D75737420626520756E7061697265AC
:10D0A000642066697273742E0070616972696E67BC
:10D0B000206661696C656420287065657220726500
:10D0C00061736F6E203078257829004E6F206B6574
:10D0D000797320737061636520666F722025730019
:10D0E000534D502054696D656F75742028666C61CE
:10D0F00067733A30782530387820616C6C6F7765CB
:10D10000645F636D64733A307825303878290000A5
:10D1100005061F1F2918120308020305080A000844
:10D1200001030401050405090607010106060800BC
:10D1300000010001000301000302020100020000DF
:10D14000000000020301000362745F736D700062EF
:10D15000745F6B657973006C888391AAF5A538605C
:10D16000370BDB5A6083BE62745F63727970746FD1
:10D17000004661696C656420746F20696D706F7220
:10D180007420414553206B65792025640046616910
:10D190006C656420746F20636F6D70757465204DCD
:10D1A00041432025640063616368655F6E72667841
:10D1B00000636C6F636B40313065303030006866FF
:10D1C000636C6B006C66636C6B006866636C6B32DF
:10D1D000346D00636C6F636B5F636F6E74726F6C42
:10D1E000007073612D726E67006770696F40313037
:10D1F00061303030006770696F4064383230300021
:10D200006770696F403530343030004661696C6555
:10D210006420746F20616C6C6F63617465206E654F
:10D220007874205258206275666665723A202564CB
:10D2300000446576696365206973206E6F742063AE
:10D240006F6E666967757265640043616E6E6F74B8
:10D2500020777269746520696E2073746174653A11
:10D2600020256400546869732064657669636520CD
:10D2700063616E206F6E6C792077726974652062CD
:10D280006C6F636B7320757020746F20257520623E
:10D2900079746573005468697320646576696365A1
:10D2A0002063616E206F6E6C7920777269746520DF
:10D2B00066756C6C2033322D62697420776F7264EE
:10D2C000732067726561746572207468616E2025D1
:10D2D000752062797465732E0043616E6E6F7420E1
:10D2E00072656163717569726520717565756564D4
:10D2F000206275666665720043616E6E6F7420739E
:10D300007570706C7920627566666572004E6F206C
:10D3100054582062756666657220617661696C6139
:10D32000626C65004E6F20726F6F6D20696E2052C7
:10D33000582071756575650043616E6E6F7420636A
:10D340006F6E66696775726520696E2073746174AB
:10D35000653A2025640054686973206465766963C2
:10D36000652063616E206F6E6C79207472616E73DC
:10D370006D69742066756C6C2033322D626974207F
:10D38000776F726473206772656174657220746868
:10D39000616E2025752062797465732E00556E7359
:10D3A0007570706F7274656420776F726420736932
:10D3B0007A653A20257500556E737570706F7274BA
:10D3C0006564206461746120666F726D61743A20D7
:10D3D00030782530327800556E737570706F7274C6
:10D3E00065642073747265616D20666F726D61741F
:10D3F0003A2030782530327800556E737570706F32
:10D4000072746564206E756D626572206F6620634C
:10D4100068616E6E656C733A20257500556E737584
:10D4200070706F72746564206F7065726174696F7B
:10D430006E206D6F64653A20307825303278005563
:10D440006E737570706F72746564206F7074696F3D
:10D450006E733A2030782530327800545820616E4F
:10D4600064205258206368616E6E656C7320636F30
:10D470006E66696775726174696F6E73206172653B
:10D4800020646966666572656E7400545820616E2A
:10D490006420525820636F6E6669677572617469A3
:10D4A0006F6E732061726520646966666572656E71
:10D4B0007400496E76616C6964207472696767658F
:10D4C000723A202564004E6F7420616C6C6F776532
:10D4D0006400496E617070726F707269617465206A
:10D4E00074726967676572202825642F2564292C6A
:10D4F000206163746976652073747265616D287349
:10D50000293A202564004661696C656420746F20A7
:10D510007265717565737420636C6F636B3A202557
:10D520006400010000010101010000000001010090
:10D5300000010000000000000000010208080202D3
:10D5400074646D4065383030300074646D5F6E72A5
:10D55000660000010405020608090F756172744037
:10D56000633630303000756172745F6E7266785F5A
:10D570007561727465004750494F204952512063CC
:10D580006F6E666967206661696C65642C206572E0
:10D59000723A202564004661696C65642064697391
:10D5A00061626C696E6720696E7465727275707401
:10D5B000730043616E6E6F742072656164206770E2
:10D5C000696F2070696E0043616E6E6F74207772B0
:10D5D000697465204C4544206770696F0043616E33
:10D5E0006E6F742064697361626C652063616C6C3A
:10D5F0006261636B730043616E6E6F7420656E6170
:10D60000626C652063616C6C6261636B7300436183
:10D610006E6E6F7420636F6E666967757265204CFD
:10D620004544206770696F0043616E6E6F742063BC
:10D630006F6E66696775726520627574746F6E20AF
:10D640006770696F0043616E6E6F74206469736107
:10D65000626C652063616C6C6261636B7328290086
:10D6600043616E6E6F74206164642063616C6C62F0
:10D6700061636B00646B5F627574746F6E735F617E
:10D680006E645F6C65647300536F6674446576699D
:10D69000636520436F6E74726F6C6C6572204153CA
:10D6A000534552543A2025732C20256400536F664D
:10D6B0007444657669636520436F6E74726F6C6C39
:10D6C0006572206275696C64207265766973696F32
:10D6D0006E3A2000456E74726F707920736F7572A8
:10D6E000636520646576696365206E6F742072657A
:10D6F000616479004661696C656420746F207265AD
:10D700006769737465722072616E6420736F7572DD
:10D710006365202825642900416C6C6F6361746522
:10D7200064206D656D6F727920746F6F206C6F77F8
:10D730003A20257A75203C202575004576656E7463
:10D740002062756666657220746F6F20736D616C00
:10D750006C2E20257A75203E20257500556E657843
:10D76000706563746564206D73675F747970653A82
:10D770002025752E20546869732069662D656C73A9
:10D7800065206E656564732061206E657720627226
:10D79000616E636800556E6B6E6F776E2065727296
:10D7A0006F72207768656E2070726F63657373693E
:10D7B0006E6720686369206D6573736167652025F6
:10D7C000640062745F6863695F7364630062745FBE
:10D7D0007364635F6863695F64726976657200622F
:10D7E000745F7364635F63727970746F004D50533C
:10D7F0004C204153534552543A2025732C20256424
:10D80000004D50534C20576F726B006D70736C5FFE
:10D81000696E697400556E737570706F72746564AB
:10D82000204846434C4B206576656E743A2025644B
:10D83000006E7266785F636C6F636B5F6D70736CA4
:10D8400000000A2A35424242424242424242424299
:10D85000420001020348616C74696E67207379733A
:10D8600074656D00556E6B6E6F776E206572726FAA
:10D8700072003E3E3E205A4550485952204641547F
:10D88000414C204552524F522025643A20257320A6
:10D890006F6E20435055202564004661756C7420DE
:10D8A000647572696E6720696E74657272757074E2
:10D8B0002068616E646C696E670A004375727265F8
:10D8C0006E74207468726561643A20257020282582
:10D8D00073290043505520657863657074696F6ED5
:10D8E00000556E68616E646C656420696E74657263
:10D8F0007275707400537461636B206F7665726625
:10D900006C6F77004B65726E656C206F6F70730083
:10D910004B65726E656C2070616E6963006F730099
:10D92000737973776F726B71004661696C656420FF
:10D93000746F20706F70756C6174652077696E64A8
:10D940006F772073746174650A004661696C656461
:10D9500020746F20706F70756C61746520666674DA
:10D960002073746174650A004661696C6564207493
:10D970006F20706F70756C6174652066696C74657A
:10D980007262616E6B2073746174650A004661692E
:10D990006C656420746F20706F70756C61746520A5
:10D9A0006E6F69736520726564756374696F6E204C
:10D9B00073746174650A004661696C656420746FF4
:10D9C00020706F70756C617465207063616E206784
:10D9D00061696E20636F6E74726F6C207374617412
:10D9E000650A004661696C656420746F20706F7011
:10D9F000756C617465206C6F67207363616C652062
:10DA000073746174650A004661696C656420746FA3
:10DA100020616C6C6F6320657374696D617465203F
:10DA20006275666665720A004661696C6564207499
:10DA30006F20616C6C6F63617465206761696E2033
:10DA40004C55540A004661696C656420746F20610E
:10DA50006C6C6F636174652077696E646F772063A7
:10DA60006F656666696369656E74730A004661690D
:10DA70006C656420746F20616C6C6F6361746520E9
:10DA800077696E646F7720696E7075740A004661FD
:10DA9000696C656420746F20616C6C6F6361746580
:10DAA0002077696E646F77206F75747075740A00E3
:10DAB0004661696C656420746F20616C6C6F6320D3
:10DAC00066667420696E707574206275666665722C
:10DAD0000A004661696C656420746F20616C6C6F2C
:10DAE0006320666674206F75747075742062756645
:10DAF0006665720A004B697373206D656D6F72798C
:10DB00002073697A696E67206661696C65642E0AA4
:10DB1000004661696C656420746F20616C6C6F6392
:10DB20002066667420736372617463682062756630
:10DB30006665720A004B697373206D656D6F72794B
:10DB400020707265616C6C6F636174696F6E2073B5
:10DB500074726174656779206661696C65642E0A08
:10DB6000004661696C656420746F20616C6C6F6342
:10DB7000617465206368616E6E656C2062756666AF
:10DB80006572730A006C6F7765725F667265717596
:10DB9000656E63795F6C696D6974203E3D20302E3F
:10DBA000306600766F69642043616C63756C6174E4
:10DBB0006543656E7465724672657175656E6369FD
:10DBC000657328696E742C20666C6F61742C2066F6
:10DBD0006C6F61742C20666C6F61742A29002F733E
:10DBE000646B2D6E72662D656467652D61692F64A7
:10DBF0006570732F74686972645F70617274792FD5
:10DC000074662F74656E736F72666C6F772F6C69B4
:10DC100074652F6578706572696D656E74616C2FBF
:10DC20006D6963726F66726F6E74656E642F6C6976
:10DC3000622F66696C74657262616E6B5F75746980
:10DC40006C2E63630075707065725F6672657175C6
:10DC5000656E63795F6C696D6974203E206C6F77C7
:10DC600065725F6672657175656E63795F6C696D0B
:10DC70006974004661696C656420746F20616C6C26
:10DC80006F636174652077656967687473206F726C
:10DC900020756E776569676874730A0046696C74ED
:10DCA000657262616E6B20656E645F696E64657833
:10DCB0002069732061626F7665207370656374728A
:10DCC000756D2073697A652E0A00141400001C20FB
:10DCD00030401C2000001C20304000406372616313
:10DCE000656E00010302141400001C2030401C204B
:10DCF00000001C203040004069203C20415252412D
:10DD0000595F53495A45287265712D3E6F7574707D
:10DD100075746F70732900574553545F544F5044C6
:10DD200049522F6E72662F7375627379732F6E72FC
:10DD3000665F73656375726974792F7372632F649C
:10DD40007269766572732F63726163656E2F736992
:10DD50006C6578706B2F7461726765742F68772FAC
:10DD600062613431342F706B6861726477617265FF
:10DD70005F6261343134652E630073785F706B5F6E
:10DD80006765745F6F75747075745F6F707300FF93
:10DD9000FFFFFF0000000100000000000000000085
:10DDA000000000FFFFFFFFFFFFFFFFFFFFFFFFFF80
:10DDB000FFFFFF00000000FFFFFFFFFFFFFFFFBCB2
:10DDC000E6FAADA7179E84F3B9CAC2FC6325516B6E
:10DDD00017D1F2E12C4247F8BCE6E563A440F277A4
:10DDE000037D812DEB33A0F4A13945D898C2964F1D
:10DDF000E342E2FE1A7F9B8EE7EB4A7C0F9E162BD6
:10DE0000CE33576B315ECECBB6406837BF51F5FF8E
:10DE1000FFFFFF0000000100000000000000000004
:10DE2000000000FFFFFFFFFFFFFFFFFFFFFFFC5AA7
:10DE3000C635D8AA3A93E7B3EBBD55769886BC654C
:10DE40001D06B0CC53B0F63BCE3C3E27D2604B63B0
:10DE50007572737A203C3D20737A00574553545FA6
:10DE6000544F504449522F6E72662F737562737906
:10DE7000732F6E72665F73656375726974792F7341
:10DE800072632F647269766572732F637261636562
:10DE90006E2F73696C6578706B2F696E746572662E
:10DEA0006163652F73786275662F73786275666F2C
:10DEB00070732E6300637572737A203C3D20535853
:10DEC0005F504B5F4D41585F4F505F535A0073781E
:10DED0005F706B5F65636F70326D656D5F6265006B
:10DEE0002C2066756E6374696F6E3A2000617373DF
:10DEF000657274696F6E2022257322206661696CD9
:10DF000065643A2066696C6520222573222C206C9A
:10DF1000696E65202564257325730A000020202082
:10DF200020202020202028282828282020202020C9
:10DF30002020202020202020202020202088101099
:10DF400010101010101010101010101010040404F5
:10DF500004040404040404101010101010104141B3
:10DF600041414141010101010101010101010101A1
:10DF700001010101010101011010101010104242B5
:10DF80004242424202020202020202020202020271
:10DF90000202020202020202101010102000000011
:10DFA0000000000000000000000000000000000071
:10DFB0000000000000000000000000000000000061
:10DFC0000000000000000000000000000000000051
:10DFD0000000000000000000000000000000000041
:10DFE0000000000000000000000000000000000031
:10DFF0000000000000000000000000000000000021
:10E000000000000000000000000000000000000010
:10E0100000000000000000000000000000232D3080
:10E020002B2000686C4C0065666745464700303120
:10E03000323334353637383941424344454600306F
:10E04000313233343536373839616263646566009E
:10E05000AC6CCB122A4563977CBAAABD8D8FD09B3E
:10E06000C2C923EA00FFFFFFFF1F00647261676FF0
:10E070006F6E2F6C6962732F73636865642F7372A0
:10E08000632F73636865645F68616C5F74696D6555
:0CE09000725F677274632E630000000072
:10E09C00FFFFFFFFFF1F00001F000000000000003B
:10E0AC001D40000000000000FFFFFFFF1FFF0000ED
:10E0BC00BAABBABA10101010000000000050085093
:10E0CC0000000000000000000C000000010000FF38
:10E0DC007F000000000000000000000000000000B5
:10E0EC0000000000CBB1000000000000FFB10000F8
:10E0FC000000000005220000000000001FB200001C
:10E10C0000000000DDB10000000000000000000075
:10E11C0000000000000000000000000000000000F3
:10E12C0000000000000000000000000000000000E3
:10E13C0000000000000000000000000000000000D3
:10E14C0000000000000000000000000000000000C3
:10E15C0000000000000000000000000000000000B3
:10E16C0000000000000000000000000000000000A3
:10E17C000000000000000000000000000000000093
:10E18C000000000000000000000000000000000083
:10E19C000000000000000000000000000000000073
:10E1AC000000000000000000000000000000000063
:10E1BC000000000000000000000000000000000053
:10E1CC000000000000000000000000000000000043
:10E1DC000000000000000000000000000000000033
:10E1EC000000000000000000000000000000000023
:10E1FC000000000000000000000000000000000013
:10E20C000000000000000000000000000000000002
:10E21C0000000000000000000000000000000000F2
:10E22C0000000000000000000000000000000000E2
:10E23C0000000000000000000000000000000000D2
:10E24C0000000000000000000000000000000000C2
:10E25C0000000000000000000000000000000000B2
:10E26C0000000000000000000000000000000000A2
:10E27C000000000000000000000000000000000092
:10E28C000000000000000000000000000000000082
:10E29C000000000000000000000000000000000072
:10E2AC000000000000000000000000000000000062
:10E2BC000000000000000000000000000000000052
:10E2CC000000000000000000000000000000000042
:10E2DC000000000000000000000000000000000032
:10E2EC000000000000000000000000000000000022
:10E2FC000000000000000000000000000000000012
:10E30C000000000000000000000000000000000001
:10E31C0000000000000000000000000000000000F1
:10E32C0000000000000000000000000000000000E1
:10E33C0000000000000000000000000000000000D1
:10E34C001403002023CF000029CF00002BCF0000A6
:10E35C0051CF00002FCF00005BCF000035CF000065
:10E36C0065CF00003BCF000071CF000047CF00000D
:10E37C004BCF00003DCF000043CF000061CF000029
:10E38C006BCF0000FF0000006003002001000000C4
:10E39C002DD5000039D500003DD5000045D5000035
:10E3AC0049D5000000000000000000000000000043
:10E3BC000000000000000000000000000000000051
:10E3CC000000000000000000000000000000000041
:10E3DC000000000000000000000000000000000031
:10E3EC000000000000000000000000000000000021
:10E3FC000000000000000000000000000000000011
:10E40C000000000000000000000000000000000000
:10E41C0000000000000000000000000000000000F0
:10E42C0000000000000000000000000000000000E0
:10E43C0000000000000000000000000000000000D0
:10E44C0000000000000000000000000000000000C0
:10E45C0000000000000000000000000000000000B0
:10E46C0000000000000000000000000000000000A0
:10E47C007D550100000000000000000000000000BD
:10E48C000000000000000000000000000000000080
:10E49C000000000000000000000000000000000070
:10E4AC000000000000000000000000000000000060
:10E4BC000000000000000000000000000000000050
:10E4CC000000000000000000000000000000000040
:10E4DC000000000000000000000000000000000030
:10E4EC000000000000000000000000000000000020
:10E4FC000000000000000000000000000000000010
:10E50C0000000000000000000000000000000000FF
:10E51C0000000000E8F8020000000000E9EA00003A
:10E52C0000000000000100000000000000000000DE
:10E53C0000000000000000000000000000000000CF
:10E54C000000000000000000000000006700000058
:10E55C0000000000000000000000000000000000AF
:10E56C00000000000000000000000000000000009F
:10E57C00000000000000000000000000000000008F
:10E58C00000000000000000000000000000000007F
:10E59C00000000000000000000000000000000006F
:10E5AC00000000000000000000000000000000005F
:10E5BC00000000000000000000000000000000004F
:10E5CC00000000000000000000000000000000003F
:10E5DC00000000000000000001000000000000002E
:10E5EC0000000000410E0100E7AD03000202000034
:10E5FC0086A5030084A503000000000000000000B5
:10E60C000200010001000100A000A00000000000B9
:10E61C00E0350020A07400202C0600200100000032
:10E62C00B80B03009C7400200100000002000000E5
:10E63C0000000100000000000000000000000000CD
:10E64C0077BC020055BC020039BC020043BC02007E
:10E65C009D0502003BBD020029060200403500204A
:10E66C00B40B0300B00B03000000000028000100F5
:10E67C00B80A03000000000000000000A00B03001B
:10E68C00377702006D7F02007C94030000000000CD
:10E69C00CFB0030000000C000000000000000000E0
:10E6AC00000000000000000000000000000000005E
:10E6BC00A12D01000000000000000000F1B00300DB
:10E6CC00000010008B8402008F84020000C01050E8
:10E6DC00000000000000000000000000000000002E
:10E6EC00000000000000000000000000000000001E
:10E6FC00000000000000000000000000000000000E
:10E70C0000000000000000000000000000000000FD
:10E71C0000000000000000000000000000000000ED
:10E72C0000000000000000000000000000000000DD
:10E73C0000000000000000000000000000000000CD
:10E74C0000000000000000000000000000000000BD
:10E75C0000000000000000000000000000000000AD
:10E76C00000000000000000000000000000000009D
:10E77C00000000000000000000000000000100008C
:10E78C0000A00D5000000000000000000000000080
:10E79C00000000000000000000000000000000006D
:10E7AC00000000000000000000000000000000005D
:10E7BC00000000000000000000000000000000004D
:10E7CC00000000000000000000000000000000003D
:10E7DC00000000000000000000000000000000002D
:10E7EC00000000000000000000000000000000001D
:10E7FC00000000000000000000000000000000000D
:10E80C0000000000000000000000000000000000FC
:10E81C0000000000000000000000000000000000EC
:10E82C0000000000000000000000000000000000DC
:10E83C0000000000000000009958010000000000DA
:10E84C000000000000000000F14801000000000082
:10E85C0000000000000000003D6701000000000007
:10E86C0000000000000000000D6601000000000028
:10E87C000000000000000000D96F01000000000043
:10E88C000000000000000000416B010000000000CF
:10E89C000000000064080020640800200000000054
:10E8AC0000000000717E01007D8E0100E98D0100E9
:10E8BC00000000000000000009820100079802001F
:10E8CC00C5980200517E010000000000000000000D
:10E8DC00ED8A010000000000000000009CA5030070
:10E8EC0000000200A8A5030000000A00B8A5030060
:10E8FC0000002000000000000000000000000000EC
:10E90C0000000000000000000000000000000000FB
:10E91C00E99C020000000000CCA5030000000200EE
:10E92C00D8A5030000000200E4A5030000000200CB
:10E93C000009002000090020000000000000000079
:10E94C000E000000140900201409002055AD010030
:10E95C0000000000FFFFFFFF85CB0100000000005E
:10E96C00FF0000000090D003600900205409002033
:10E97C004C09002048090020E49A0300DC9A0300AB
:10E98C00149B0300D49A0300049B03000C9B03000C
:10E99C00CC9A0300EC9A0300F49A0300FC9A03004F
:10E9AC00FF0000000F000000710200007C09002035
:10E9BC007C090020E5CF0200E1CF0200D7E902007C
:10E9CC0067742000340B0020840B00205C0B0020AB
:10E9DC00840C0020780C0020480B0020700B0020C9
:10E9EC001DE8020021E802002DE80200C009002009
:10E9FC0000000000E09F0300C09F0300A09F0300E5
:10EA0C0000000000000000000000000000000000FA
:10EA1C0000000000000000000000000000000000EA
:10EA2C0000000000000000000000000000000000DA
:10EA3C0000000000000000000000000000000000CA
:10EA4C0000000000000000000000000000000000BA
:10EA5C009ECADC240EE5A9E093F3A3B50100406E39
:04EA6C00060101FF9F
:10EA70000000000000000000000000000000000096
:10EA80000000000000000000000000000000000086
:10EA90000000000000000000000000000000000076
:10EAA0000000000000000000000000000000000066
:10EAB0000000000000000000000000000000000056
:04EAC0000000000052
:10EAC400880A0020880A00208879012000000000BC
:10EAD400010000002C00000000000000A40A002037
:10EAE400A40A002048F900200000000001000000F2
:10EAF400B000000000000000C00A0020C00A00208E
:10EB0400B479012000000000040000001C00000093
:10EB140000000000DC0A0020DC0A00202C54002045
:10EB240000000000040000000008000000000000D5
:10EB3400F80A0020F80A002000000000000000008D
:10EB44000E0000000C0B00200C0B00200000000045
:10EB5400000000000E000000200B0020200B00200D
:10EB640000000000000000000E000000340B002034
:10EB7400340B002000000000000000000E00000024
:10EB8400480B0020480B002000000000000000009B
:10EB94000E0000005C0B00205C0B00200000000055
:10EBA400000000000E000000700B0020700B00201D
:10EBB40000000000000000000E000000840B002094
:10EBC400840B002000000000000000000E00000084
:10EBD400980B0020980B00200000000000000000AB
:10EBE4000E000000AC0B0020AC0B00200000000065
:10EBF400000000000E000000C00B0020C00B00202D
:10EC040000000000000000000E000000D40B0020F3
:10EC1400D40B002000000000000000000E000000E3
:10EC2400E80B0020E80B0020040200002000000094
:10EC3400381F0120B85F0120381F0120381F012030
:10EC4400000000000C0C00200C0C00200000000050
:10EC5400180C0020180C0020010000000100000026
:10EC6400280C0020280C0020300C0020300C002040
:10EC74000000000001000000400C0020400C0020B7
:10EC8400480C0020480C0020000000000100000097
:10EC9400580C0020580C0020600C0020600C002050
:10ECA40000000000FFFFFFFF700C0020700C00202C
:10ECB400780C0020780C002000000000840C002058
:08ECC400840C00200000000098
:10ECCC000000000000000000980C0020980C0020B0
:08ECDC00A00C0020A00C002098
:10ECE4000000000000000000B00C0020B00C002068
:10ECF400B80C0020B80C0020040004001000000030
:10ED040000000000E89603004074012000000000A9
:10ED140000000000DC0C0020DC0C0020E40C0020CF
:10ED2400E40C00200400040010000000ED7D01004C
:10ED340084970300E8780120000000000000000030
:10ED4400080D0020080D0020100D0020100D0020DB
:10ED54000300030000000000000000008895030089
:10ED6400946D01200000000000000000340D00201C
:10ED7400340D00203C0D00203C0D0020010001005A
:10ED8400100000004D6A0100D496030018700120A1
:10ED94000000000000000000600D0020600D002055
:10EDA400680D0020680D002003000300000000002F
:10EDB400000000009C960300D06F012000000000BA
:10EDC400000000008C0D00208C0D0020940D00200C
:10EDD400940D00200C000C000400000029430100E5
:10EDE40074950300B86B01200000000000000000CF
:10EDF400B80D0020B80D0020C00D0020C00D00206B
:10EE04000100010000000000000000009C950300C8
:04EE1400E06E01208B
:04EE180015E015E00C
:040000031000342D88
:00000001FF
