:10000000F0050120E12C00003D8B0000CD2C00000C
:10001000CD2C0000CD2C0000CD2C0000CD2C0000FC
:10002000000000000000000000000000412E000061
:10003000CD2C000000000000E52D0000CD2C0000BC
:10004000CD2F0000CD2F0000CD2F0000CD2F0000C0
:10005000CD2F0000CD2F0000CD2F0000CD2F0000B0
:10006000CD2F0000CD2F0000CD2F0000CD2F0000A0
:10007000CD2F0000CD2F0000CD2F0000CD2F000090
:10008000CD2F0000CD2F0000CD2F0000CD2F000080
:10009000CD2F0000CD2F0000CD2F0000CD2F000070
:1000A000CD2F0000CD2F0000CD2F0000CD2F000060
:1000B000CD2F0000CD2F0000CD2F0000CD2F000050
:1000C000CD2F0000CD2F0000CD2F0000CD2F000040
:1000D000CD2F0000CD2F0000CD2F0000CD2F000030
:1000E000CD2F0000CD2F0000CD2F0000CD2F000020
:1000F000CD2F0000CD2F0000CD2F0000CD2F000010
:10010000CD2F0000CD2F0000CD2F0000CD2F0000FF
:10011000CD2F0000CD2F0000CD2F0000CD2F0000EF
:10012000CD2F0000CD2F0000CD2F0000CD2F0000DF
:10013000CD2F0000CD2F0000CD2F0000CD2F0000CF
:10014000CD2F0000CD2F0000CD2F0000CD2F0000BF
:10015000CD2F0000CD2F0000CD2F0000CD2F0000AF
:10016000CD2F0000CD2F0000CD2F0000CD2F00009F
:10017000CD2F0000CD2F0000CD2F0000CD2F00008F
:10018000CD2F0000CD2F0000CD2F0000CD2F00007F
:10019000CD2F0000CD2F0000CD2F0000CD2F00006F
:1001A000CD2F0000CD2F0000CD2F0000CD2F00005F
:1001B000CD2F0000CD2F0000CD2F0000CD2F00004F
:1001C000CD2F0000CD2F0000CD2F0000CD2F00003F
:1001D000CD2F0000CD2F0000CD2F0000CD2F00002F
:1001E000CD2F0000CD2F0000CD2F0000CD2F00001F
:1001F000CD2F0000CD2F0000CD2F0000CD2F00000F
:10020000CD2F0000CD2F0000CD2F0000CD2F0000FE
:10021000CD2F0000CD2F0000CD2F0000CD2F0000EE
:10022000CD2F0000CD2F0000CD2F0000CD2F0000DE
:10023000CD2F0000CD2F0000CD2F0000CD2F0000CE
:10024000CD2F0000CD2F0000CD2F0000CD2F0000BE
:10025000CD2F0000CD2F0000CD2F0000CD2F0000AE
:10026000CD2F0000CD2F0000CD2F0000CD2F00009E
:10027000CD2F0000CD2F0000CD2F0000CD2F00008E
:10028000CD2F0000CD2F0000CD2F0000CD2F00007E
:10029000CD2F0000CD2F0000CD2F0000CD2F00006E
:1002A000CD2F0000CD2F0000CD2F0000CD2F00005E
:1002B000CD2F0000CD2F0000CD2F0000CD2F00004E
:1002C000CD2F0000CD2F0000CD2F0000CD2F00003E
:1002D000CD2F0000CD2F0000CD2F0000CD2F00002E
:1002E000CD2F0000CD2F0000CD2F0000CD2F00001E
:1002F000CD2F0000CD2F0000CD2F0000CD2F00000E
:10030000CD2F0000CD2F0000CD2F0000CD2F0000FD
:10031000CD2F0000CD2F0000CD2F0000CD2F0000ED
:10032000CD2F0000CD2F0000CD2F0000CD2F0000DD
:10033000CD2F0000CD2F0000CD2F0000CD2F0000CD
:10034000CD2F0000CD2F0000CD2F0000CD2F0000BD
:10035000CD2F0000CD2F0000CD2F0000CD2F0000AD
:10036000CD2F0000CD2F0000CD2F0000CD2F00009D
:10037000CD2F0000CD2F0000CD2F0000CD2F00008D
:10038000CD2F0000CD2F0000CD2F0000CD2F00007D
:10039000CD2F0000CD2F0000CD2F0000CD2F00006D
:1003A000CD2F0000CD2F0000CD2F0000CD2F00005D
:1003B000CD2F0000CD2F0000CD2F0000CD2F00004D
:1003C000CD2F0000CD2F0000CD2F0000CD2F00003D
:1003D000CD2F0000CD2F0000CD2F0000CD2F00002D
:1003E000CD2F0000CD2F0000CD2F0000CD2F00001D
:1003F000CD2F0000CD2F0000CD2F0000CD2F00000D
:10040000CD2F0000CD2F0000CD2F0000CD2F0000FC
:10041000CD2F0000CD2F0000CD2F0000CD2F0000EC
:10042000CD2F0000CD2F0000CD2F0000CD2F0000DC
:10043000CD2F0000CD2F0000CD2F0000CD2F0000CC
:10044000CD2F0000CD2F0000CD2F0000CD2F0000BC
:10045000CD2F0000CD2F0000CD2F0000CD2F0000AC
:10046000CD2F0000CD2F0000CD2F0000CD2F00009C
:10047000CD2F0000CD2F0000CD2F0000CD2F00008C
:10048000CD2F0000CD2F0000CD2F0000CD2F00007C
:10049000CD2F0000CD2F0000CD2F0000CD2F00006C
:1004A000CD2F0000CD2F0000CD2F0000CD2F00005C
:1004B000CD2F0000CD2F0000CD2F0000CD2F00004C
:1004C000CD2F0000CD2F000053B94AB9002908BF35
:1004D00000281CBF4FF0FF314FF0FF3000F00CB888
:1004E000ADF1080C6DE904CE00F010F8DDF804E081
:1004F000DDE9022304B07047704700BF034613F8DC
:10050000012B002AFBD1181A013870472DE9F0475A
:1005100086468C460846089E154674461946002BAA
:1005200040F0C1808542B2FA82F245D94AB1C2F1A7
:10053000200300FA02FC954094402EFA03F343EAAC
:100540000C0C4FEA154EA8B2230CBCFBFEF80EFBB8
:1005500018CC08FB00F943EA0C43994528D9EB185D
:1005600008F1FF3704D2994502D9A8F102072B44BC
:10057000A3EB0903A4B2B3FBFEFC0EFB1C330CFB84
:1005800000F044EA0344A04214D92C190CF1FF33C3
:1005900004D2A04202D9ACF102032C44241A43EA4B
:1005A00007401EB1D440002334607360BDE8F0877B
:1005B0004746DDE76346F1E792BB431B01214FEA63
:1005C000154EAFB2200CB3FBFEFC0EFB1C330CFB34
:1005D00007F840EA0343984561D9EB180CF1FF3066
:1005E00004D2984502D9ACF102002B44A3EB0803D6
:1005F000A4B2B3FBFEFC0EFB1C330CFB07F744EA72
:100600000344A7424DD92C190CF1FF3304D2A74261
:1006100002D9ACF102032C44E41B43EA0040C0E7DA
:10062000C2F120039540944020FA03F12EFA03F31F
:100630004FEA154E9040AFB20343B1FBFEFC0EFBF8
:100640001C10190C0CFB07F841EA0041884522D91F
:1006500069180CF1FF3004D2884502D9ACF10200D0
:100660002944A1EB08019BB2B1FBFEFC0EFB1C115F
:100670000CFB07F743EA01439F420ED9EB180CF13C
:10068000FF3104D29F4202D9ACF102012B44DB1BA3
:1006900041EA004193E76046E3E76146F7E76046D9
:1006A000A4E76346B8E7834206D916B90021084695
:1006B0007CE7C6E900E0F9E7B3FA83F78FB9834234
:1006C00001D3724508D8BEEB020460EB030301209E
:1006D0009C461EB9002169E73846FAE7C6E9004C96
:1006E000F8E7C7F1200CBB400EFA07F522FA0CF42C
:1006F0002EFA0CF1BA401C4320FA0CF3B8404FEA32
:10070000144901431FFA84FEB3FBF9F809FB1830C2
:100710000B0C08FB0EFA43EA00439A4540D9E31854
:1007200008F1FF3004D29A4502D9A8F1020023440F
:10073000A3EB0A0389B2B3FBF9F809FB183308FBF2
:100740000EFE41EA03418E452CD9611808F1FF33B2
:1007500004D28E4502D9A8F10203214443EA0040A5
:10076000A1EB0E01A0FB02984145CE46434602D3C1
:1007700006D14D4504D20138B9EB020E68EB0403F3
:10078000002EA7D0B5EB0E0261EB030101FA0CFCC1
:1007900022FA07F3F9404CEA0303C6E9003199E76E
:1007A0004046C5E74346D9E72DE9F04F9B4DA5B03C
:1007B0001FAC0FCD0FC42B689948236007F0A4FC31
:1007C00020234FF4C8516422CDE90031954802231B
:1007D0004FF4FA5107F098FC934807F095FC9348C2
:1007E00007F092FC924807F08FFC924E304608F0DA
:1007F00085FF30B9904807F087FC002025B0BDE8A0
:10080000F08F8E4D284608F079FF08B98C48F2E742
:100810002A69A9681368284623F0007313600B68DF
:100820004FF4C02219219847011E03DA854807F0CA
:100830006BFCE2E7B4680021304623681FAA9847A2
:10084000011E01DA8048F2E7002230461146236992
:100850009847011E14DB7D4F0023CDE90D33B368AB
:100860000DA930469B680EAA9847011E0ADA7848FF
:1008700007F04AFC002140F6354009F085F8EBE727
:100880007448D4E70D9808B10E9C1CB9724807F063
:100890003BFCE1E741F607139C4288BF4FF44874E4
:1008A0004FF0000200F10403DFF8B0A1DFF8B0E17F
:1008B000DFF8B091DFF8B08198BFE4080B93944261
:1008C0007AD1214665480FAA07F059FA21466448B3
:1008D00013AA07F054FA2146624817AA07F04FFA04
:1008E00021461BAA604807F04AFA3B68179C03F1AF
:1008F0001402944205D2E21A48BF0F3203EB2213CE
:100900003B60DFF868913B6899F80020DFF8608170
:10091000002A6ED128339C4204D90123C8F8002054
:1009200089F800301A9BBDF940200893199B0F9954
:100930000793BDF960304F48CDE90543169B0493FA
:10094000159B0393BDF950300293139B0193129BA7
:100950000093119B07F0D8FB1E9BBDF970201B99DB
:10096000454800931D9B07F0CFFB314807F0CCFBB7
:100970002A6999F800301268920148BF83F0010398
:10098000002B48D0AB68DB684FF000712B489847CC
:10099000D8F800303968029399F8003001F1280244
:1009A000CDE90043354801F1140307F0ADFB0D9983
:1009B000334808F0D0FE4FE70B9B50F832C053F895
:1009C00032104FEA2C4B0B1209142EF8021B03EBCA
:1009D0002C21C3EB2C2301EBD17103EBD373491210
:1009E0005B122AF802BB29F8021B28F8023B0132ED
:1009F00065E714339C420CD2D8F800300133042B45
:100A0000C8F800308ED9002389F80030C8F80030CB
:100A100088E70023FAE7AB681B69B5E7F0AB000095
:100A2000C4AE000005AF000043AF000090AF00006F
:100A30004BB20000A8A10000A8AF000054A1000024
:100A4000C8AF0000E8AF00000CB00000F0000020CC
:100A50004AB000002DB0000066B0000060EF00203A
:100A600020E90020E0E20020A0DC0020A0F500202A
:100A7000900B00207DB00000AAB00000BAB00000CA
:100A80000C0300202DE9F04F91B0009302F0040315
:100A90000293C2F3C2030133840705460E46DDF814
:100AA00068800392059340F0BB81041D30B1072993
:100AB00009D86FF01B0011B0BDE8F08F01F00706F8
:100AC0003444C6F10806009B4FF000094FF0040AB9
:100AD000591E4FF0FF334F460193CB465346CDF896
:100AE00010900DB1009A22600598002800F3E8806C
:100AF0009848009A824203D397488242C0F0E0802F
:100B0000039AA4EB050E92074FEA9E0000F10381C1
:100B10000F2F00F2B180002D00F0058107F1400297
:100B20000DEB020C019A0CF8200C0CF8102C049818
:100B300001300490E7E07A285DD84B280ED847288A
:100B400059D829282DD8252852D054D820287AD0F1
:100B50002338D0F1000B4BEB000B74E04C382E28FF
:100B600049D8DFE800F070484848484848484848B5
:100B700048484B484848484848484859484B4B59CA
:100B80005959704B6D487048184B184848827F4B34
:100B900048484B487F0000204FF0000B4FF0040AFC
:100BA00038E001222A38C0B202FA00F010EA0E0F33
:100BB00049D110F0625C2FD110EA020B43D060469D
:100BC000013C5444B4FBFAF40AFB04F4002D61D058
:100BD000A3EB050CA444B4453FF66BAF002868D1E5
:100BE000042B47D158F8043B2360042304342AE043
:100BF000019A013A01924FF0000B24E011F8010C28
:100C00006C2834D1002011F8023C83466C2BC5D1EE
:100C10004FF0080A5346D3E708F1070828F0070801
:100C2000073424F00704F8E802AB35B106982044F5
:100C3000B0423FF63EAFC4E900AB4FF0000B0834C2
:100C40004FF0080A534611F8010F002878D0BBF185
:100C5000000F7FF470AF2528F5D14FF0010B019BF9
:100C6000013301934FF0040AECE7584694E7002063
:100C70008346A5E7082B02D06FF015001BE708F1AB
:100C8000070828F00708F8E80223C4E9002308232E
:100C90000834D8E768B9042B02D108F10408A4E7A6
:100CA000082BE9D108F1070828F0070808F108081F
:100CB000EDE7059A013A059258F8042B009210E7E7
:100CC000039A900720D54FF0010CA4EB050E4FEAD4
:100CD0009E00BEF5007FCFD20F2FCDD8F5B107F122
:100CE00040020DEB020E019AC0B20EF8200C0EF875
:100CF000102CBCF1000F3FF41AAF60F07F000EF82B
:100D0000200C09F101090137C5F108024FF6DA7E1E
:100D10000434069297E74FF0000CDAE7BCF1000FBD
:100D200001D00136EFE7029802360028EBD1009897
:100D3000CDE90631FFF7E2FBDDE906310644E2E7E3
:100D4000631BB3F5806F97D245B9A6F10804E0188C
:100D5000B1E600BF78A00000C8BD0000029A9B0861
:100D600028602B709DF81030C2B1EB7085F80290AE
:100D7000B9F1000F05D0002208A8C5F1010C974277
:100D80000ED14FF0000AC5F101030DF120080193C7
:100D90000DF1300B574512D1601B8CE66B70E5E707
:100DA00010F8013B190608D50CEB040EB64503F00C
:100DB0007F033FF67EAE04F8013B0132DFE7B9F175
:100DC000000F03D098F90020002A17DB029BD3B153
:100DD0001AF80B2004F8012B0022019B181910446B
:100DE000B0423FF666AE98F80000009904F8010B97
:100DF0002046039209F008F9039A14440AF1010A03
:100E000008F10108C6E798F8002055F82230009351
:100E1000029B009845F82230FFF770FB421CDCE78C
:100E20006FF00D0047E600BF2DE9F04F97B000AF1F
:100E3000D7F880B03B62CBF3C0030446894690F8F4
:100E400002A0FA62BB6141B9457800780AEB8000E4
:100E500020444D4517D8A0EB0409E378FB61BAF1B3
:100E6000000F02D01BF0010F16D1FB6953BBFB6AC8
:100E70001BB1494620463A6A98474D4628465C379A
:100E8000BD46BDE8F08F461C3046FFF737FB01300A
:100E9000304409F10109DCE7626823787A62FA6A72
:100EA0009900796104EB8301002A40F001810E462C
:100EB0004FF000084D4601EB0A094E454CD101EBBD
:100EC0000A0610E01BF0020FD1D023789A007A6155
:100ED000626804EB83017A62FA6A002A77D14D4690
:100EE000904601EB0A061BF0050F0CBF02230123FD
:100EF000FB62FB6906EB430A0BF00203BB6256453B
:100F0000BCD016F8021B16F8013C54F82390994BFC
:100F1000994502D3984B994536D3BB69002B40D0F5
:100F2000786A07F0B8F800283BD0E9468AB06A46EC
:100F3000924B53617B6AC2E906314FF4007313840C
:100F40008F4B42F8103F00234FF412518D4801F0AF
:100F500029F9023DCD46D2E716F8013BF96254F873
:100F60002300FFF7CBFAD7F88430F96A01304BB190
:100F7000D7F8883098453EBFD7F8843023F818005A
:100F800008F10108054498E7BB6923B1786A07F0C6
:100F900082F80028C9D11BF0010F05D1FB6AED1AB8
:100FA000ADE7BB6A002BAAD04846FFF7A7FAD7F8EF
:100FB000843053B1D7F8883098453FBFD7F88420A4
:100FC000431C22F8183008F10108054497E7BAF1EC
:100FD000000F73D01BF0040673D0D046002607F133
:100FE000480052463B61B96209F00EF8B96A3B69A4
:100FF00001EB0A02BA62FA69F9695200FA60BA6A48
:1010000002EB41023A610BF00202BA603A69B96A36
:101010008A4258D162781BF0020F18BF00217A6211
:1010200008BF4FEA5801B2181BF0010FD2B240F0CE
:101030009F801BF0040F14BF40460020BB6162700C
:10104000A070E17020463A6A7969FB6A9847051EEC
:10105000FFF614AFBB69414623707B6A3A6A63703E
:10106000FB6984F802A0E37007F14800FB6A984727
:10107000B0F10008C0F2BA807B69A9EB0A01C91A75
:10108000FB683A6AC91AD7E90A0398470028C0F2F0
:10109000AF804FF0000BA84408EB000507F1380AB9
:1010A000B34571D300213A6A0846FB6A9847E5E6E2
:1010B00056464FF0000807F1380092E75646D046F2
:1010C00096E7B04694E7BA6A12F8021B12F8015C80
:1010D000BA6254F82500274A904202D3264A904229
:1010E0001ED3BA6932B1786A7B6006F0D4FF7B68A0
:1010F00000288BD1BA6802BB08F1280207F1300C36
:1011000008F10100944407F1580208F1020852FA6C
:1011100080F00CF8101C5FFA88F800F8105C75E796
:10112000BA693AB1786A7B6006F0B5FF7B6800283F
:101130007FF46CAF1BF0010F09D006F1280207F114
:101140003000711C161806F8205CCEB25EE71BF06A
:10115000040F3FF45BAF08F1280207F1300008F1FB
:10116000010102EB000808F8105C5FFA81F84DE716
:10117000002063E778A00000C8BD0000F9B00000BF
:10118000040000013CAB00001BF80A3054F8239027
:1011900087F83730D7F884302BB3D7F888309B45A1
:1011A00021D2D7F8843033F81B8001213A6AFB6AD8
:1011B00007F13700984700281ADB0544B8F1000F03
:1011C00006D14846FFF79AF900F101081FFA88F89E
:1011D000414648463A6AFB6A9847002808DB0544BE
:1011E0000BF1010B5CE74FF00008DEE7454645E6F2
:1011F000054643E6014B1860704700BFF40000202D
:1012000030B5002587B0CDE903010446009503A958
:101210000548059500F06EF8DDE904309842B8BF46
:10122000255407B030BD00BFE5800000F0B5024690
:1012300001680A270020074E0B461C780131355DF6
:101240006D0701D41360F0BD07FB0043A3F130002C
:10125000F2E700BFC6BC00002DE9F84F15469A46DC
:10126000D378234A6F2B12F803B081460F460BF058
:10127000030B2BD026D8582B0CBF10260A26DDF8DE
:1012800028803246002348463946FFF71DF9092ACF
:1012900008F1FF38D4B21ED83034B145E4B277F14A
:1012A000000788F8004001D3D04511D82B789B0661
:1012B00005D5082E15D1AB7843F00803AB70404636
:1012C000BDE8F88F03F0F703702BD5E70826D6E7C3
:1012D00081460F46D5E7BBF1010F0CBF37345734B9
:1012E000DBE7102EEBD1AB7843F01003E6E700BF4D
:1012F000C6BC00002DE9F04F8A4616461C46002564
:1013000097B00390307808B9284655E325280AD0CD
:101310005146039B98470028C0F24E83731C013549
:101320000493049EEEE71822002110A808F079FE2D
:101330007378252B00F0A380002398469E469C4698
:101340001846711C0F4611F8012B2B2A00F0C6809D
:1013500000F2BD80202A00F0C480232A00F0C4805F
:101360002BB19DF8483043F040038DF84830B8F178
:10137000000F05D09DF8483043F020038DF8483029
:10138000BEF1000F05D09DF8483043F010038DF8F2
:101390004830BCF1000F05D09DF8483043F00803F9
:1013A0008DF8483028B19DF8483043F004038DF89B
:1013B00048309DF8483003F04401442903D16FF3CD
:1013C00086138DF848309DF848302A2A43F0800370
:1013D00009978DF8483040F08C809DF8493043F0F3
:1013E00001038DF849307B1C1A782E2A0CBF01218D
:1013F00000219DF8492061F341028DF849200CD16C
:101400005A1C09925A782A2A40F083809DF8492074
:10141000023342F004028DF849201A786C2A00F059
:10142000A48000F28680682A00F08C806A2A00F08E
:10143000A5804C2A00F0AA801A4612F8013B782BAE
:1014400004928DF84B309DF8492000F217816D2BE6
:1014500000F2A980692B00F21181572B00F2BE80A7
:10146000412B03D0453B022B00F2088104229DF85A
:101470004A3062F302038DF84A300123CAE08DF846
:101480004B30B31C04939DF84930D90740F1FD80DF
:1014900054F8048BB8F1000F07DA9DF84820C8F122
:1014A000000842F004028DF848205A0740F1F68007
:1014B00054F804BBBBF1000F80F2F5809DF8493071
:1014C0006FF341038DF849304FF0FF3BEBE02D2ADD
:1014D0000DD0302A7FF444AF012333E74FF0010CE5
:1014E00030E74FF0010E2DE74FF001082AE7012009
:1014F00028E709A8FFF79AFE099BBB423FF474AFA7
:101500009DF848201390C00F60F341028DF84820E9
:101510006AE709A8FFF78AFE9DF848301490C3F3E4
:10152000400242EAD07262F341038DF84830099BD1
:1015300073E7742A26D07A2A7FF47EAF06219DF8BD
:1015400049200CE05A78682A9DF8492006D10121EB
:1015500061F3C6028DF8492002336DE7022161F381
:10156000C6028DF84920013366E75A786C2A9DF847
:10157000492001D10421EBE70321F0E705219DF883
:101580004920ECE707219DF84920E8E7BDF848200D
:1015900022F4F04222F0020242F4804242F00202BF
:1015A000ADF84820DFE76E3BD9B201238B4040F213
:1015B00082410B4238D113F0240F52D1DF075DD5A1
:1015C00003219DF84A3061F302038DF84A3002F09E
:1015D0007803A3F14000434243411BE00120A3F103
:1015E0005801C9B200FA01F111F4624F7FF43EAF25
:1015F00040F6010739421DD111F4043F3ED09DF859
:101600004A3060F3020302F07802402A8DF84A3033
:1016100034D000239DF84820C2F340010B4363F30C
:1016200041028DF848202EE702219DF84A3061F3EF
:101630000203E8E702209DF84A1002F0780260F306
:101640000201402A8DF84A1002BF9DF8481041F06F
:1016500001018DF84810632BDBD1131E18BF012345
:10166000D8E703219DF84A3012F0780F61F30203A6
:101670008DF84A3014BF01230023CBE79DF8483092
:1016800043F001038DF84830C3E79DF94820002A54
:10169000ACBF4FF0FF38DDF84C8006E79F077FF5C1
:1016A00013AFDDF850B00023CDE913339DF84A3075
:1016B0009DF8491003F00703012BC1F3C30132D198
:1016C000CB1E042B04D8DFE803F020454520200082
:1016D000236801294FEAE372CDE910321BD19DF94D
:1016E0004030DA17CDE9103204349DF8483013F059
:1016F00003074FD032465146049B039806F028FD5D
:101700000028C0F2598105440BE654F8043BDA176F
:10171000CDE91032E9E70229E6D11AB243F3C0332A
:10172000CDE91023E0E7022B24D1CB1E042B04D8F3
:10173000DFE803F018101018180001294FF000021C
:1017400054F8043B14D00229CDE91032CDD19BB21C
:101750001093CAE7073424F00704F4E80223CDE924
:101760001023C2E754F8043B109300231193BCE705
:10177000DBB2CDE7042B08D1073424F00704D4E909
:1017800000230834CDE91023AFE7032BADD154F883
:10179000043BDDE79DF84B0078283FF6C2AD622898
:1017A0001ED8252850D058287FF4BBADDDE91001A4
:1017B0000DF13E03009312AA0AABFFF74DFDBBF1FA
:1017C000000F814680F2C180B9F1000F3FF4A9AD4E
:1017D0000DF13E06A6EB0903002F7BD0013379E023
:1017E000633815283FF69DAD01A252F820F000BFE6
:1017F000C318000021190000231300002313000068
:1018000023130000231300002119000023130000FC
:101810002313000023130000231300006D190000A0
:101820004519000081180000231300002313000055
:10183000591800002313000045190000231300006D
:1018400023130000451900005146039B98470028C8
:10185000C0F2B280013564E5BBF1000FDDF84090C5
:101860000ADB5946484608F0F7FBB9F1000F3FF490
:1018700058AD09EB000620E04846FEF73FFEF8E7CA
:101880001098002800F086800DF13E060AAB00217A
:10189000009612AAFFF7E0FCBDF84A30BBF1000F3A
:1018A00003F0EF0343F4F04343F010038146ADF837
:1018B0004A3049DA00283FF434AD0027A6EB09038B
:1018C00008E0109B00278DF8283001230DF1290630
:1018D0000DF128099DF84A1011F0100206925FD010
:1018E0000233139A134405924A0644BF14995B18B5
:1018F000B8F1000F6DDDA8EB03089DF848305807DC
:10190000C3F3800B65D4590659D53FB151463846CB
:10191000039B984700284FDB5F46013530234FE09B
:101920001E075ABFC3F300135F012B27DDE9102305
:10193000002BBFF63BAF524263EB43032D27CDE9AB
:10194000102333E7002731E700279DF848100DF1F9
:101950003E03A3EB09036FF386119B458DF84810F6
:101960007FF632AFABEB030313932DE7109B0729F0
:101970003FF6D7ACDFE801F00C04060C08080C0CAD
:101980001D70CEE41D80CCE4EA17C3E90052C8E420
:101990001D60C6E4304E07460523A6F1050999E708
:1019A000080748BF01339CE7184607935146039B3D
:1019B00098470028079B04DA17B0BDE8F08F202372
:1019C000C346594600290BF1FF3BEDDC4544D846A0
:1019D0006D1A37B151463846039B98470028EBDB18
:1019E00001359DF84A30DA0601D41B0706D5514669
:1019F0003020039B98470028DEDB0135069B3BB176
:101A000051469DF84B00039B98470028D4DB0135D5
:101A1000059F2F4406E051463020039B984700283D
:101A2000CADB01357B1B002BF5DC33464A465146A9
:101A3000039806F08DFB0028BEDB0544A844A8EB04
:101A40000503002B7FF76DAC51462020039B984780
:101A50000028B1DB0135F2E7B2B100002DE9F04713
:101A6000058B04462807904611D4022905F0070586
:101A700040F0CC80204606F0F5FD78B10138218B8E
:101A8000042811D8DFE800F0C2106D859500012907
:101A90000CBF45F0100545F02005258388F311881B
:101AA000BFF36F8FBDE8F08701F0070AAA4500F089
:101AB000A5800027B9463E46A368002B00F0BC80F5
:101AC00041F00801218388F31188BFF36F8FA1686B
:101AD000002900F0BA800D68002900F0B680334676
:101AE00052462046D1F80480C047002D76D02B689E
:101AF00029461D46F0E701F007035A1F012A1BD8AB
:101B0000002221F00701062B276889B2C4E90022D0
:101B100009D13B4603E0628B013262831B68002BD4
:101B2000F9D141F002012046218306F09BFD0028F7
:101B30007AD041F0200176E0042B0AD121F0070190
:101B400089B22046218306F08DFD10B141F02001BD
:101B50002183218B01F0070AAA454FD00027B946FF
:101B6000AAE7236921F0070141F00601062DD3F809
:101B7000009021832DD1B9F1000F3FD041F0080131
:101B8000218388F31188BFF36F8F20463949C847F6
:101B900029E021F00701236941F0040189B2042DF5
:101BA000D3F804902183E6D000274FF0040A3E4684
:101BB00082E721F00701236941F0050189B2052D73
:101BC000D3F808902183D6D000274FF0050A3E466F
:101BD00072E700274FF0060A3E466DE72B4687E77F
:101BE000B9F1000FD1D1EFF31188202383F31288CC
:101BF000BFF36F8F238B23F008032383258BEA0623
:101C00002ED525F01003238305F007056669218B87
:101C1000002EBFF670AF00232768C4E9003321F01F
:101C2000070141F001012183218B4FF0000901F0F0
:101C3000070AAA457FF440AF002F9CD041F008016D
:101C4000218388F31188BFF36F8F002FC8D03D68C0
:101C5000394633465246204606F030FD2F46F4E71B
:101C6000AB067FF51BAF25F02003238305F00705A6
:101C700000E700BFE98600002DE9F047044607466B
:101C80004FF00109DFF8508014B93846BDE8F087FD
:101C900094FAA4F5B5FA85F509FA05F32E0108EBD7
:101CA00005156FEA030A24EA03042B7B002BEBD013
:101CB00058F806301B694BB946447368042228461D
:101CC000196807EA0A0706F0F9FDDDE72846984794
:101CD0000028D9D1F0E700BF9CAB000030B500224E
:101CE00089B00F490F4807F0E4FE002200230024CA
:101CF000CDE906230E230C4DCDE903344FF4407299
:101D00002846CDE90144094B0949009404F03AFA08
:101D10000849284604F0C2F9204609B030BD00BF8A
:101D2000391D000090080020C80300205120000049
:101D3000B0F50020BEB10000014804F055B900BF65
:101D4000A00300202DE9F047804621480F4606F009
:101D500099FD0646002833D000252846BDE8F087C7
:101D6000237B83B12368DB680BB120469847636807
:101D700083F8069023681B69D3B963680422204660
:101D8000196806F09BFD013610345445E8D3B8F1CC
:101D9000000FE2D0002DDFD02846FFF76DFF05468B
:101DA000002FF7D0002140F2391007F0EDFDF1E7E8
:101DB000204698470028E0D009FA06F31D43E2E7E1
:101DC00005464FF00109034CDFF80CA0DDE700BF2A
:101DD000A4D300209CAB0000ACAB0000014B53F837
:101DE000200070474CAC000008B5034608462BB1F4
:101DF000044A136000F070FC002008BD6FF015006D
:101E0000FBE700BFF800002010B5044C237813B99D
:101E1000034804F0E9F80123237010BDA1F5002068
:101E2000A003002010B50446094806F02BFD3CB184
:101E3000084BD3E8EF1F0139C3E8E21F002AF8D1AD
:101E4000054807F042FEBDE81040044804F0CCB855
:101E50009CD30020A0D3002090080020A0030020E5
:101E600000200146034BD3E8EF0FC3E8E21F002A2E
:101E7000F9D170479CD3002070B5FFF7F1FF0546FC
:101E8000074C084EB44200D370BD63685B792BB138
:101E900023685B6813B12946204698471034F1E760
:101EA0009CAB0000ACAB000010B5044C04492046CC
:101EB00006F06AFA034B1C6010BD00BFD002002080
:101EC00038AC000094D3002000230D4A10B51370E5
:101ED0000C4A0D4913600D4A0D481360FFF784FF4B
:101EE000FFF7E2FF0B4B0C4918468B4200D310BDA5
:101EF0001A1A5C681211013222711033F5E700BF23
:101F0000A2F500209CD3002040420F00A0D3002067
:101F1000818800009CAB0000ACAB000001460022B1
:101F20000023014806F051BAD0020020014806F013
:101F3000EABA00BFD0020020024B0146186806F042
:101F40003DBB00BF94D30020014806F072BB00BF28
:101F5000D002002070B5274B1878002849D0FFF731
:101F6000E5FF0546002841D1234B244C1B68002B7C
:101F700019DD07F09CFD4FF47A75A0FB050647F6C6
:101F80001222002305FB0161FEF79EFAD4E900321C
:101F9000C01A40F2E93361EB0201984271F100018D
:101FA00001D3FFF769FFD4E9003213F57A7342F1E8
:101FB0000002C4E90032BDE87040FFF7C5BF6368A6
:101FC0005B7923B12368294620461B689847103463
:101FD000B442F4D32846FFF7AFFF094BD3E8EF1F15
:101FE0000139C3E8E21F002ABED0F7E7054C064ED0
:101FF000EEE770BDA1F500209CD3002088080020EA
:10200000A0D300209CAB0000ACAB000070B50D4D20
:10201000297861B90120FFF795FE0B4C0B4EB442B5
:1020200006D3FFF797FF0028FBD101232B7070BD6B
:1020300063685B791BB1236820469B68984710341E
:10204000EDE700BFA2F500209CAB0000ACAB0000A8
:1020500000212DE9F0470846FFF774FE044648B317
:1020600040F21B684FF0000904F040FB1A4B186067
:1020700030B11A4B1B68092B02DD194803F0B4FF7D
:102080000025184FDFF858A044B12046FFF7F4FDB3
:10209000044618B94FF0FF384FF0FF39FFF75AFFE9
:1020A000064628B9B5B942464B46504603F0D0FF24
:1020B0003546E9E74FF0FF384FF0FF39D4E72B689A
:1020C0009B691BB100222846114698471035BD4236
:1020D000F5D3E8E7044DFAE798D30020A0D3002019
:1020E000A0030020ACAB00009CAB000013B5184867
:1020F00006F0C8FB174B1B7873B1EFF31184202354
:1021000083F31288BFF36F8FFFF724FF84F31188E6
:10211000BFF36F8F02B010BD0F4B1B68002BF9D0BF
:1021200050B9002200230D48CDE9002347F61222C2
:10213000002304F0DDFDEDE70928EBD1074807F0A7
:10214000C4FC074802B0BDE8104003F04DBF00BF1B
:10215000A0D30020A2F5002098D3002090080020F2
:10216000A003002010B5064B04461B689847214683
:10217000A060044806F0A8F9BDE81040FFF7B6BF1C
:10218000F8000020D0020020044A054B9B1AB1EB56
:10219000D30F34BF52F831000020704734AB000039
:1021A0009CAB00002DE9F04F8FB0C1F34A2804AF7B
:1021B0000D469146B8607B600C0DB8F1000F63D0FE
:1021C00000264FF0040B4FF00A0A07F11403C7F87A
:1021D0000C80C7E907667E620193CDF808B0CDF8A0
:1021E00000A007F11C0332464846F968FEF71CFEC2
:1021F000B0F5006F03461CD36C468AB0D9F80410C2
:1022000004AB26481A46C3E9050140F2FF71D961C3
:102210004FF400711984224B42F8103F4FF41251D1
:1022200033462048FFF7BEFFA5462C37BD46BDE824
:10223000F08FC0F30A0804F11700184420F00700DB
:1022400080083B60FFF76AFE68F35325044690B1AF
:102250003B6800F11001C7E9083607F11403F96182
:10226000CDE900A3CDF808B048460F4AF96807F158
:102270001C03FEF7D9FD68F353252A4620467B68E8
:10228000B96806F03BFBD0E704F1170020F0070027
:102290008008FFF743FE0446EDE700BFD3B100001E
:1022A0000400000154AB0000CF8800002DE9F04F7E
:1022B00087B00446DDE9105ADDE912799346984665
:1022C0000391BFB13B46524610210020CDF800904B
:1022D000CDF81490FEF7D6FBB0F5006F06460AD392
:1022E00040F2FF730221174A174807B0BDE8F04FCC
:1022F00006F05DBB3E4605F11700304420F00700B4
:102300008008FFF70BFE04F007040BF0070BE40056
:1023100044EA8B1444EA462444EA0554054640B195
:102320003FB13B4652463146CDF800901030FEF7A3
:10233000A9FB434622462846039907B0BDE8F04F63
:1023400006F0DCBA12B2000054AB0000406820B1C5
:10235000034BC01A40F3CF0070474FF0FF30704777
:1023600034AB00000EB403B503AB53F8042B0146A5
:102370000448019306F040FB02B05DF804EB03B0A3
:10238000704700BF078A0000CA0605D48B064CBF01
:1023900002490349FFF7E6BF704700BF4BB2000098
:1023A0004AB200002DE9F04F89B09A46149B9DF87F
:1023B0004CB00693159B04460593169B0D4690461C
:1023C000179E0493BBF1000F00F09D8006F480730C
:1023D000079306F071FA06F00209024600283ED083
:1023E00020469249FFF7BEFF0746B9F1000F08D01B
:1023F00016F0440F35D12A4620468D49FFF7B2FF2B
:10240000074406F0010353B18A4B204653F82B20B2
:10241000894B8A49002A08BF1A46FFF7A3FF06F432
:102420008073002B49D006F00803002B63D1B8F16C
:10243000000F66D0424620468149FFF793FF0546CC
:10244000069B3D44002B6DD1049B002B73D1F307F9
:1024500000F1E58031462046FFF796FFD9E00746B8
:10246000C3E7784B18680028CAD0774B4FF47A79C5
:102470001B684FF03C0CB5FBF3F5B5FBF0F14FF4E6
:10248000616300FB115509FB05F5B1FBF3F2B5FBE8
:10249000F0FE03FB121100FB1E55B1FBFCF309FB20
:1024A00005F5B5FBF0F50CFB131120460091CDE9C5
:1024B00001E56649FFF756FFA2E706F00803EBB116
:1024C000634B204653F82B206249FFF74BFF05462C
:1024D000B8F1000F05D0424620465949FFF742FFA8
:1024E0000544BAF1000FABD0524620465A49FFF7D7
:1024F00039FF0544A4E74FF0000AE1E706F00805BC
:10250000E6E745469CE7BAF1010F069B06D1002B92
:1025100065D1049B002B7CD000250CE0002BF8D06B
:102520004E485DE04E48069B22464E4905F082FD2E
:10253000049B002B69D0DFF83081DFF83091049FD5
:102540003146102F204628BF10274FF0000AFFF712
:102550001BFF554546DC059B494620461A78FFF788
:1025600001FF4FF0010A1AF0070F03D14146204640
:10257000FFF7F8FE57453CD9059B4946204613F81E
:102580000A20FFF7EFFE0AF1010ABAF1100FEAD1B3
:102590004FF0000A20463649FFF7E4FE5246059BFD
:1025A00020469A5C334B995C11F0970F08BF2E229E
:1025B0003149FFF7D7FE0AF1010ABAF1100F1DD019
:1025C0001AF0070F03D141462046FFF7CBFE5745CF
:1025D0005246E4D841462046FFF7C4FEEBE72048C8
:1025E0005D46A0E741462046FFF7BCFE0AF1010A1E
:1025F000AFE720462149FFF7B5FEC4E7059B3B4402
:102600000593049BDB1B049399D1BBF1000F7FF46E
:102610001EAF204609B0BDE8F04F06F0E0B92046F5
:10262000054A0649FFF79EFE14E700BF52B20000BC
:1026300056B200005CAC00004DB200007BB200005E
:102640007EB20000ACD30020A8D300205FB200000F
:1026500070AC000082B2000088B20000358A000031
:10266000078A0000F989000095B200008DB20000D1
:1026700097B20000C6BC000099B2000093B20000FF
:1026800042F20F7373B58B4228BF0B4605680446B0
:10269000052168460D4A05F044FD06466368284654
:1026A0000B225B680A4906F08CF96368324669467A
:1026B00028465B6806F085F963681B2228465B683C
:1026C000044906F07EF902B070BD00BF5ABB00009D
:1026D000B8B200009CB2000000210123064A9042DB
:1026E00006D8064A01B901231360054B18607047EC
:1026F000012140085B00F2E740420F00A8D3002010
:10270000ACD30020F8B50D460446064F4618B44237
:1027100001D12846F8BD14F8011BBB6801485B686D
:102720009847F4E78CA10000014B0360002070473C
:10273000B8AC000008B5044805F0E6FC034805F015
:10274000E3FC002008BD00BFFEB2000033B3000070
:1027500008B50348034A0021121A06F0E7F908BD3C
:10276000C8030020ACF50020074808B5074A08490F
:10277000121A06F0DDF9BDE808400648064A074986
:10278000121A06F0D5B900BF60000020C80300206F
:10279000C8BD00006000002060000020C8BD00002F
:1027A0002DE9F04706460C4600AF002936D0D1E9A6
:1027B0000012E9468AB06D46A3684FF0050AA846A4
:1027C0001F48C5E90723C5E9050148F810AF0023F4
:1027D00042464FF421511B48FFF7E4FCD4E90312B1
:1027E000CD466369AD461848C5E90723C5E905012B
:1027F000C5F810A0002342464FF421511148FFF7BD
:10280000D1FCCD46E3690121104A0E4806F0CFF80D
:10281000A36901210E4A0B4806F0C9F8012E07D121
:10282000EFF305830B4A31460648103B06F0BFF82C
:102830002146304603F076F8BD46BDE8F08700BF7C
:1028400061B3000074AB000090B30000BFB30000A0
:10285000CEB30000FCB3000030BFFFF7FDBF00BFE8
:10286000054B5A699B689A421FBF044A536843F05C
:1028700080535360704700BF34D6002000ED00E065
:1028800070B52A4C06460D4629482A4906F05DF9DE
:10289000A36ADB0647D52648274906F056F91120DA
:1028A000A36A1C0704D52248244906F04EF91220D9
:1028B0001E4CA36A990712D521491D4806F045F917
:1028C000636BA26A120609D501211E4A184806F058
:1028D0006EF81EB1A36A23F08003A3621320134C89
:1028E000A36ADE0704D51248174906F02EF9142012
:1028F000A36A9C0604D50E48144906F026F9152053
:102900000A4B9A6AD10658BF9A6A9A6A920642BFDF
:102910005A6A22F400525A629A6A42F0FF029A629C
:1029200000232B7070BD1020BAE700BF00ED00E05F
:1029300074AB00000FB4000025B4000058B40000D0
:102940006BB4000083B4000099B40000B8B4000078
:1029500010B5244C2449254806F0F7F8A36A9901DC
:102960003ED52248224906F0F0F81E20A36ADA017B
:1029700004D51E481F4906F0E8F81F20194CA36A29
:10298000DB0204D519481C4906F0DFF80220A36ACF
:102990001C0304D51548194906F0D7F82120114C1D
:1029A000A36A590304D51148154906F0CEF8222030
:1029B000A36A9A0304D50D48124906F0C6F82320ED
:1029C000084CA36ADB0304D508480F4906F0BDF89C
:1029D0002420A36A6FEA03436FEA1343A36210BD86
:1029E0001D20C3E700ED00E0E7B4000074AB000079
:1029F000FFB4000012B500002CB5000056B5000071
:102A000074B5000099B50000B3B5000070B5294C4D
:102A100006460D462848294906F097F8A36AD904C6
:102A20003CD52548264906F090F81720A36A1A05D8
:102A300004D52148234906F088F818201D4CA36AC4
:102A40009B0512D51C48204906F07FF8A36BA26AAB
:102A5000100409D501211D4A174805F0A8FF1EB131
:102A6000A36A23F40043A3621920124CA36A5905F8
:102A700004D51148164906F068F81A20A36ADA0549
:102A80000ED50D48134906F060F81B20094A936AD9
:102A900043F47F43936200232B7070BD1620C5E77B
:102AA000A36A9B04F2D504480B4906F04EF81C209B
:102AB000ECE700BF00ED00E074AB0000DEB5000005
:102AC000F4B5000058B4000005B600001EB60000C2
:102AD00033B600004EB60000B8B400002DE9F04156
:102AE0008AB0654B0446D3F80480002600AFC8F3D3
:102AF000080586F31188BFF36F8F02F07F43B3F1AF
:102B00007F4F07D102F00C03082B12D15B495C48C0
:102B100006F01BF8002634460023FB71EB1E092B40
:102B200000F28980DFE803F00A7F827B878787874E
:102B3000878510074CBF0C460126EDE751495048E8
:102B400006F003F800234C4DFB71EB6A9A0705D59C
:102B50004D494B4805F0F9FF002331E0EB6A002BAB
:102B600001DA4A49F5E7EB6A5B00F5D54849444884
:102B700005F0EBFF6B69A26943F480736B61BFF3EF
:102B80004F8FBFF36F8F6B6932F8022C23F4807381
:102B90006B61BFF34F8FBFF36F8F4DF602739A4295
:102BA00007D0AB6ADBB26BB30120F91DFFF768FEFB
:102BB00037E023680121374A314805F0F8FE2368E1
:102BC000FA79DAB907F1080504F1200C2A462068E1
:102BD0006168083403C264451546F7D17A6A002E4D
:102BE00045D0C2F3080121B96FEA52226FEA4222AE
:102BF0007A62184607F10801FFF7D2FD2837BD4673
:102C0000BDE8F081AB6A13F47F4F04D00120F91DB9
:102C1000FFF7FCFE05E0AB6AB3F5803F9CD3FFF7FE
:102C200097FE0346CCE70020F91DBFE70020F91D01
:102C3000EEE719498DE7194A18F4F87FE8468AB09B
:102C4000174B18BF13466A461649103DC2E90513D3
:102C50004FF400731384144BD56142F8103F0023E6
:102C60004FF411510648FFF79DFAC54674E722F468
:102C7000FF7222F00102BBE700ED00E094B6000015
:102C800074AB0000BFB60000D6B60000F7B6000077
:102C900005B7000024B7000040B700007BB6000075
:102CA00066B6000064B7000004000001064B5A69D4
:102CB00042F010025A615A6942F480625A615A69BC
:102CC00022F008025A61704700ED00E0EFF308803F
:102CD000EFF3098101B57246FFF700FF01BD00BFA8
:102CE000002080F31488BFF36F8F002080F30A88E0
:102CF00080F30B88104880F3088800200F49087083
:102D000001F05AFF00200E490860BFF34F8F00F01A
:102D10002DF8202080F311880A484FF400614018F4
:102D200080F30988EFF314800221084380F31488AC
:102D3000BFF36F8F00F0EAF8F0050120A7F500203F
:102D400094ED00E0B0F80020002318460649D1F8C1
:102D50009020C2F30722934200DB7047C1F89830FD
:102D6000C1F8A0000133F6E700ED00E010B572B63F
:102D7000002484F31388FFF7E7FF23464FF0FF306A
:102D80000C4A03F120010133102B42F82100F8D145
:102D900000234FF0FF30074A03F160010133102B8D
:102DA00042F82100F8D162B6BFF34F8FBFF36F8FA7
:102DB00010BD00BF00E100E0084B9B6883420BD1CF
:102DC000EFF3058343B1064B5A6842F080525A60D4
:102DD0005A6A22F400425A6203F08EBC34D60020B4
:102DE00000ED00E014498A684FF030001044EFF322
:102DF000098C80E8F01F202080F31288BFF36F8FCA
:102E00000E4F4FF000664A698A603E60D2F8B80003
:102E10000023C2F8B83080F3118802F1300090E846
:102E2000F01F8CF3098802F1000004B505F095FE4F
:102E3000BDE804407047000034D6002004ED00E0F7
:102E40001EF0040F0CBFEFF30880EFF309808169D7
:102E500011F8021C0229FFD001B5724605F06AFE86
:102E600001BD00BF00B2002807DB01234109034A6E
:102E700000F01F00834042F82130704700E100E07D
:102E800000B200280CDB01220649430900F01F00B4
:102E90008240203341F82320BFF34F8FBFF36F8F61
:102EA000704700BF00E100E0054B420953F82220C3
:102EB000012300F01F0003FA00F01040704700BF2C
:102EC00000E100E000B2002801F10101ACBF00F117
:102ED0006040064B4FEA4111C9B2ABBF00F56140FB
:102EE00000F00F0080F800131954704714ED00E053
:102EF000044B054A23F07F039360BFF34F8FBFF36A
:102F00006F8F70470000000000ED00E008B5FFF78C
:102F1000EFFF074AD2F8883023F47003C2F88830F4
:102F2000FFF716FCFFF720FC00F042F802F01EFE4F
:102F300000ED00E042F8203C009B0B4942F81C3CAD
:102F4000019B21F0010142F8183C029B42F8081C49
:102F500042F8143C4FF0807342F8043C0023203ABE
:102F60000265C0F8B83070473D81000000B50C4BD9
:102F70000E4698601546D0F8A83083F30B882C468F
:102F800086F309880020044B984720460021002240
:102F90000023024C204700006B8B00003D810000A5
:102FA00034D600201022014B1A61704700ED00E07A
:102FB000002320210448C2180133B3F5917F82F821
:102FC0000013F8D1704700BF00E100E008B5EFF34F
:102FD0000583064A103B02EBC30152F833004968EF
:102FE0008847BDE80840FFF73BBC00BFC4A1000014
:102FF0001FB5094C094A23460121094800F012F97E
:1030000000230393074B0121E41A01A801930294C2
:1030100000F012F904B010BD00FC072000000020F1
:10302000B8AC0000C803002010B50C7A0B6804F09F
:103030001F0223F01F031A43CB68640923F01F0308
:10304000054943EA440343F00103C1F89800C1F87D
:103050009C20C1F8A03010BD00ED00E010B50A4B77
:10306000D3F89030C3F30723013B984208D90121DC
:103070000346064A064805F09AFC6FF0150010BD9D
:10308000FFF7D2FFFBE700BF00ED00E07BB70000D9
:103090006CAB00002DE9F04F8946144606464FF010
:1030A0000008514D85B0C84527DAD6F804A0BAF11A
:1030B000000F44D0BAF11F0F17D91AF01F0F14D107
:1030C000D6F800B01BF01F0F0FD1584605F070FD69
:1030D00007460AEB0B00013805F06AFD874210D065
:1030E0006FF01507414A3B4601E04346404A012143
:1030F000404805F05CFC6FF01504204605B0BDE8C3
:10310000F08F17F1160FEDD0BC42EBDDC5F89870CB
:10311000D5F89C10C5F89870D5F8A03021F01F01A3
:1031200043F01F0BD6E900321A44994202F1FF3AEC
:103130001DD1D34507D13146F8B205F042FD08F163
:1031400001080C36AFE73146C5F89870D5F89C30C9
:1031500022F01F0203F01F031343C5F89C30E0B2B6
:1031600005F02FFD10F1160FC5D0441CE7E7C5F898
:103170009870D5F8A020013B23F01F0302F01F0236
:103180001343D3453146E0B2C5F8A030E8D005F08E
:1031900018FD10F1160FAED0C5F89870D5F89C2028
:1031A0009DF808300BF1FF3B62F304038DF8083003
:1031B000D5F8A0309DF808205B0863F347128DF81E
:1031C0000820D6E900321344009323F01F035B4428
:1031D000A3EB0A03013023F01F036946C0B2039337
:1031E000FFF73CFFBEE700BF00ED00E0C4B7000002
:1031F000A1B700006CAB00000522044BC3F894207B
:10320000BFF34F8FBFF36F8F704700BF00ED00E03B
:10321000BFF35F8F0022024BC3F89420704700BFBA
:1032200000ED00E010B5034C2278FFF733FF20706B
:1032300010BD00BFA4F500202DE9F74F294D8A46A7
:1032400006464FF00008AB46274FD0451BDAD6F8AC
:103250000490B9F1000F3FD031680846019105F0A4
:10326000A7FC0199044609EB0100013805F0A0FC18
:1032700084424FF014021D4B08D002FB08F36FF09C
:1032800015024BF8032003B0BDE8F08F14F1160FC0
:103290002C60F8D01978A142F5DD02FB08B0C7F820
:1032A0009840C7F89840D7F89C4000F10801007B8F
:1032B00064F304000871D7F8A0000C79400860F3AB
:1032C00047140C71D7F89C1021F01F016960D7F8E2
:1032D000A01021F01F01296108F1010814350C36F6
:1032E000B3E700BFD4D3002000ED00E0A4F5002038
:1032F000F0B55249524CD1F890302568C3F30723FA
:103300009D4287B000F296800020FFF781FF4D4B71
:10331000C1F8C030854216D14B4C01A82570FFF78B
:1033200003FA00250646494FAE4213D10020237808
:103330004249D1F89020C2F30722934274DBFFF791
:103340005BFF002043E0616801EB0011FFF76CFEBA
:103350000130DFE70199280101EB0513DA683A40F3
:10336000B2F5800F42D007D8B2F5801F15D0B2F564
:10337000001F2ED00135D7E7B2F1006F43D0B2F174
:10338000805FF7D15A689B680958013B22F01F0003
:10339000034423F01F03012032E05A689B68095858
:1033A000013B22F01F0003440120844623F01F0349
:1033B00040EA4C10CDE902218DF8100002A92078D6
:1033C0000593FFF74BFE00282ADA6FF0150007B0CF
:1033D000F0BD5A689B680958013B22F01F00034466
:1033E0004FF0020C012023F01F03E1E75A689B68AD
:1033F0000958013B22F01F000344062023F01F035D
:103400004FF0000CD4E75A689B680958013B22F042
:103410001F0003444FF0030C012023F01F03C7E7F4
:10342000237801332370A5E7C1F89830C1F8A000D4
:1034300001337EE74FF0FF30C9E700BF00ED00E049
:10344000C4AC0000AAFF4400A4F500200000F0FF77
:10345000014B1860704700BF0401002008B5244AE2
:10346000244B1A6000F060F84FF47A612248D0F8DB
:103470002436C3F30802C3F309434B4382F480723A
:103480001E49883201FB02334FF4FA215B00B3FB83
:10349000F1F201FB12331A49B3F57A3F28BF01322A
:1034A000C1F80429D0F820364FF47A60C3F308023B
:1034B000C3F30943434342F21C5082F4807202F288
:1034C000172200FB02334FF47A701B0AB3FBF0F2B1
:1034D00000FB12330020B3F5FA7F4FF0010328BF41
:1034E0000132C1F81C27C1F80009C1F8003608BD37
:1034F0000020A1077C02002000C0FF00F82A008005
:103500000000125048B1054B054A1B68B3FBF2F3AB
:103510005843044B43F00103184770477C020020D6
:1035200040420F0020AC00000122024BC3F80424EB
:10353000704700BF002008E0084B70B5C31A0D4665
:1035400007499B10044659434022064805F060FB9A
:103550002B4601462046BDE870401847FCD30020AA
:10356000B76DDBB600A10000402373B50B4C009390
:10357000041B0B460D460A49A41061430646094A3E
:10358000094805F070FB011E05DA30462B4602B0F3
:10359000BDE87040184702B070BD00BFFCD30020EA
:1035A000B76DDBB6CF8C000000A100002DE9F0471D
:1035B0000022012107464FF48770FFF783FC124871
:1035C00001F07AFB0446D0B901F0A0FB25464FF08C
:1035D0001C0A4FF00C08DFF834903E6949460AFB9C
:1035E000056005F08EF8031E0CDB012308FB056661
:1035F0001D44032DF365F0D12046BDE8F0876FF040
:103600000404F9E71C46F7E73D370000ECAC000086
:103610001FB500220123CDE902236B46084ACDF8ED
:1036200000D0CDF804D005F04BFB002805DB43F6B5
:1036300009520023684602F00BFD05B05DF804FB5B
:10364000ED8C000010B5EFF31184202383F3128872
:10365000BFF36F8F074A136823F00201DB07116085
:1036600002D4012005F0DAFD84F31188BFF36F8FD7
:1036700010BD00BF74D400200C22104B014602FB89
:103680000033002030B4D3E915525865EFF31180B0
:10369000202484F31288BFF36F8FDC6D04F0C00424
:1036A00044F00204DC6580F31188BFF36F8F1DB115
:1036B0002B4630BC0248184730BC7047FCD3002072
:1036C00000A1000010B4EFF31182202383F31288CD
:1036D000BFF36F8F1648016841F002040460C80709
:1036E00007D482F31188BFF36F8F012010BC05F05F
:1036F00089BD1049D1F80C14C903F2D5EFF311803C
:1037000083F31288BFF36F8F0B49CB6D03F0C003B7
:1037100043F00203CB6580F31188BFF36F8F82F310
:103720001188BFF36F8F002010BCFFF7A5BF00BF4B
:1037300074D4002000E01050FCD30020042805D0F1
:1037400007280AD002280AD1012004E0044BD86DD2
:1037500010F0070003D1FFF78FBF0220FBE770478F
:10376000FCD30020C3B21C20014A03FB0020704799
:10377000FCD300202DE9F041012207463449D1E86D
:10378000EF3FC1E8E02F0028F9D133B93149324881
:103790004B60CB608A6004F0C7FF7B1E012B28D8EA
:1037A000012F06D12D4BD3F8503403F00303012B26
:1037B0001FD006F04AF80546E8B9294B1B78D3B16B
:1037C00004220646254BC3F80823244CDFF89480D6
:1037D000D4F84C24D4F84C34D20315D503F00303A9
:1037E000012B01D0012F0FD16DB386F31188BFF3E8
:1037F0006F8FBDE8F081EFF31186202383F31288E9
:10380000BFF36F8F0125E0E7C5B1304605F0C1F980
:10381000D4F8403413F0FF03DAD1D4F80821002A99
:10382000D6D0C4F80831D4F808314FF480420123CF
:10383000C4F84034C8F8A0212361C9E70021202042
:1038400006F0A2F8E4E70422044BC3F80423D0E70F
:10385000F8D30020E8D3002018D4002000E0105056
:10386000A7F5002000E100E008B5074805F046FF95
:1038700038B10648FFF7ECFD0448FDF7BBFC00201B
:1038800008BD6FF01200FBE78CA10000913800002A
:103890000A2838B50446074D04D1AB680D212846E7
:1038A0005B689847AB6803485B68E1B2984720467D
:1038B00038BD00BF8CA100002DE9F04340F2063571
:1038C0004768D00648BF4FF0030C3B7C02EA050571
:1038D00058BFC2F3401C87B001F01F06B5F5837FC7
:1038E000144646EA43168DF803C046D00DD8062D7F
:1038F00045D005D8A5B1022D12D06FF0150039E0E2
:10390000B5F5807FF9D101250AE040F20222954207
:1039100037D0B5F5407F36D0B5F5007FEDD1042521
:103920000123220303FA01F12FD57B685960B8689F
:1039300080BB7F2E06F01F034FEA561173D83C4A16
:1039400052F8212084F4803102EB8302D2F88030D7
:10395000C1F30041C4F3404423F4706344EA4104DA
:1039600023F00F031C4344EA8C0444EA0524C2F804
:103970008040002007B0BDE8F0830925D0E7082586
:10398000CEE70625CCE70525CAE7630344BF7B687D
:103990009960CCE731460DF1020205F021FE14F4E6
:1039A000403F80460CD13146B86805F032FEB8F190
:1039B000000FDED19DF80210B86801F09DFCD8E739
:1039C0004FF0000901ABCDE90199CDE90439CDF8FB
:1039D0000C903146B86803AA05F046FD4845C8DB9F
:1039E00014F4003314D09DF8033084F48034C4F30D
:1039F00000448DF80E308DF80C508DF80D404B467C
:103A00003146B86803AA01F0C5FB0028CFDAB0E759
:103A1000CDE904330DF1030303933146B86803AADB
:103A200005F022FDF1E7203350F82330FFDE00BF20
:103A30002CAD00007F2870B54FEA50110CD80D4A0C
:103A400052F8216046B13269516829B1012500F070
:103A50001F030C689D4001B970BD8A682A4002D0DE
:103A600030464B6898471CB1236821461C46F2E754
:103A70002346FAE71CAD000038B54568A868C0B118
:103A800005F0C1FD0146A0B9A86801F0FDFB0446A0
:103A900088B902460949A86805F09FFD2246012120
:103AA000DB20FFF70FFA2246012140F20D10FFF74D
:103AB00009FA002038BD6FF00400FBE7353A00003A
:103AC000F0B544681646A068227C01F01F0587B057
:103AD00045EA421500286CD0B6F5001F04D12946EE
:103AE00005F0EBFD002055E06268607CB6F5800FC4
:103AF00050624FF0000001AA0190506039D1B3F13B
:103B0000007F14BF052304238DF804300023CDE982
:103B100004230393E3680DF1030723FA01F111F085
:103B2000010139D1B6F1A07F36D105F01F037F2DF9
:103B30004FEA551003F120033ED8214A52F82020C5
:103B400052F82330DB0727D43A462946A06805F00F
:103B500047FD163018D002972946A06803AA05F041
:103B600083FC002816DB01222946A06805F053FDDE
:103B7000B8E7B3F1C06F05D0B3F1007F14BF0123E4
:103B80000223C1E70323BFE73946A06801F0BEFB6B
:103B90000028E0DA07B0F0BD3A462946A06805F0F3
:103BA0001FFD0028D8D19DF80310A06801F0A4FBE8
:103BB000D2E76FF08500EDE751F82330FFDE00BF5C
:103BC0002CAD000010B500220C460023006F0C3114
:103BD00002F046F8021E05DA0448054905F013F91B
:103BE000002010BDE36801202360FAE78CAB0000E1
:103BF00062B80000F7B5044600220121E820FFF773
:103C000061F901232569666885F8C8307768002165
:103C1000384601AA05F00DFA00281BDB019B3A6823
:103C20001979186800F058FD002813DB04230C22D2
:103C300009490A48C5F8BC6005F0DDFD04230C22E3
:103C40000749084805F0D7FD02202469FFF78AFDDF
:103C50002060002003B0F0BDA8D50020E8D40020EB
:103C600078D500203CD5002013460022F0B5056928
:103C700089B0029295F8CD200C46D207CDE9001309
:103C800004D43149314805F009F908E095F8C82015
:103C9000511E012906D92E492C4805F0B4F86FF0C1
:103CA00004002CE02A6A9A4201D22A49F4E713F070
:103CB000030101D1082B02D808222749ECE702941E
:103CC0006C6A05F14006631C1BD047F6122740F2D0
:103CD000E73024EAE4744FF47A720023C4FB07014E
:103CE000FCF7F2FB02460B466946304605F092FDB2
:103CF000002804DB95F8C830022B06D0002009B05C
:103D0000F0BD4FF0FF321346EEE795F8CC30002BB4
:103D1000F4D00021142203A806F083F9284603A951
:103D200005F05CF820B90D49084805F0B7F8E5E75B
:103D30000023284685F8CC3003A905F069F800284F
:103D4000DCD107499EE700BF88B800008CAB0000BB
:103D5000A1B80000BBB80000ECB8000030B900000A
:103D60004FB90000F0B5044687B01422002101A825
:103D700006F057F994F8C9300BBB204601A9FFF7AC
:103D800021FF00287BD1204605F01CF894F8CD30A7
:103D90005B0702D5206804F01EFD029B1BB103994E
:103DA000E06905F0D8FC019B1BB10499206F05F078
:103DB000D2FC04236FF00B0084F8C8305DE020468D
:103DC00001A905F00BF820B93149324805F066F831
:103DD000D9E794F8C930012BCFD1DDF804C0029B9C
:103DE000BCF1000218BF0122C4F8C030039B01AD32
:103DF000C4F8C430D4F8BC301E699C68337906F12D
:103E0000080762F300033371029B1A1E18BF0122D8
:103E1000337923F03E0343EA420333710FCD0FC7DA
:103E2000002001212B68029D3B60C6E90700C4F811
:103E30000015C4F804018542D4F80431C4F818010F
:103E4000D4F8183107BF0A460223422302468445AC
:103E500004BF4023022243F00C03C4F80433BDF82E
:103E600014309B00C4F84837C4F84457C4F80837E6
:103E7000C4F804C7C4F80825216007B0F0BD94F861
:103E8000C930002BA9D1636F9B08ADF81430A4E7AB
:103E900064B900008CAB00000023F0B589B00F4678
:103EA0000446CDE90033029301F0020280B9764D59
:103EB00095F8C83022BB744B93F8C820032A6AD106
:103EC0004222724BC3F8082301225A6009B0F0BDA8
:103ED000038A9B000193002A3FD06B4D95F8C820C0
:103EE000D5F8C030032A04BF012285F8C820EBB9F9
:103EF000284604F067FF95F8CD305A072DD50FE01E
:103F0000032B04BF012385F8C830D5F8C030002B3F
:103F100033D15D4804F056FF95F8CD305907CAD526
:103F2000594B186804F057FCBCB9C4E742689A4280
:103F300006D0D5F8C410E8690293009105F00BFC97
:103F400000235148C5F8C03004F03CFF95F8CD304F
:103F50005E0702D5286804F03EFC2568FDB9636859
:103F600053B3494AA168D2F8C00000919842029325
:103F70006AD1012382F8CB30A2E700234248C5F87A
:103F8000C03004F01FFF95F8CD30580793D528684E
:103F900004F021FC8FE7042283F8C82090E73A4E12
:103FA000E168029596F8CB50009115B3306F05F09B
:103FB000D2FB6368002B45D1FB0787D5324C142216
:103FC000002103A806F02DF894F8C93063B194F8E5
:103FD000CA30002B3FD0D4F8C0300493D4F8C4309A
:103FE00005930123ADF81C3003A9274804F010FF06
:103FF0006CE700220023694606F1940005F00AFCF4
:10400000002810DA2249234804F048FF04230099CD
:10401000306F86F8C83005F09EFB6368002B3FF4D4
:104020004FAF01259DE796F8C930002B97D196F840
:10403000CA50002D93D0012386F8CB306368002B43
:104040008FD13DE700258CE7D06905F084FB002D7A
:104050007FF436AFB0E7204603A904F0BFFE002886
:10406000C2D194F8C830032B4FF0010308D1D4F823
:10407000C02084F8CA300492D4F8C4200592B1E775
:1040800084F8CC3022E700BFA8D4002000800E5076
:104090007BB900008CAB00002DE9F04F04698B4622
:1040A00094F8C8801546B8F1010FD0F804908DB08F
:1040B00009D04246A049A14804F0A5FE6FF01500C2
:1040C0000DB0BDE8F08F5368029343BB204604F067
:1040D00088FF0BF1FF33012B1DD894F8CD30029AE5
:1040E000029962F3000384F8CD302C2204F114000D
:1040F00005F097FFBBF1020F0BD194F8CD302C22C5
:104100006FF34103002184F8CD3004F1680005F01D
:1041100088FF0020D4E7BBF1000FEED0F9E7D368A9
:1041200013F0030701D1082B02D808228449C2E703
:104130001678182E0BD006D8082E0BD0102E26D0AD
:1041400032468049B7E7202EFAD1032300E002234C
:10415000019300E00197AA7802F00703042B19D815
:1041600079487A49C05CC95C05907948C05C069082
:104170007848C05C07907848C05C08907748C35C7A
:10418000039312F03803049306D0754993E7CDF8F2
:104190000480E0E773498EE795F801A0BAF1010FBA
:1041A00002D1039B012B04D0514504D252466E49E3
:1041B00081E7039B0493049A0AF1FF331344DBB2B3
:1041C0000B930123EA7803FA0AF3013B0A9302F006
:1041D0000603062B03D00BB164496CE7984699F8A7
:1041E0001D30012BD9F8083018BFD9F81820D3F8A2
:1041F000703508BF5E4A002B0ADBD9F814703FB156
:1042000002EB57023805390B0023FCF75DF9070371
:10421000B8F1000F14D10299049B714353445943E0
:1042200099F81C300805012B14BFD9F81820504A02
:10423000002302EB5102090BFCF746F90303099333
:10424000B9F81C3094F8CD20003B18BF012363F36C
:10425000820284F8CD2095F90330EA78002B01DB47
:10426000530601D5434926E70BF1FF33012B30D923
:10427000BBF1000F7FF44DAF0FCD04F168060FC600
:104280002B683360059B84F87C8084F87D30019B2B
:10429000C4F8887084F87E309DF82830C4F88030E7
:1042A0000B9B84F88430069B84F88530099BC4F806
:1042B0008C30079B84F89030089B84F89130039BE6
:1042C00084F8923094F8CD3043F0020384F8CD3076
:1042D0001FE7AC4604F11406BCE80F000FC6DCF87B
:1042E0000030BBF1020F3360059B84F8288084F80E
:1042F0002930019B676384F82A300A9B4FEA034305
:1043000003F47F03E3620B9B84F83030069B84F850
:104310003130099BA363079B84F83C30089B84F8E9
:104320003D30039B84F83E3094F8CD3043F00103D8
:1043300084F8CD30A0D0ECE68FB900008CAB000043
:10434000ADB90000F4B900008DBB000092BB0000C5
:1043500088BB000083BB00007EBB000079BB00006F
:104360002EBA00000EBA000050BA000073BA000066
:1043700000366E0196BA00002DE9F8430229064680
:104380000D4690460469D0F8049000AF0CD194F823
:10439000CD3003F00303032B1CD09D499D4804F04E
:1043A0007DFD6FF004005FE001290CD194F8CD3061
:1043B00013F0010FF1D0B8F1040F4ED8DFE808F088
:1043C000252B2B5741000029E7D194F8CD3013F06D
:1043D000020FEFE7E36AD4F8801081EA1342D2B209
:1043E0000AB18D49DAE70B431822E362C4F8803042
:1043F00004F17C0104F1280005F0F6FD18B9226AE9
:10440000636F9A42D7D08549C8E794F8C830012B2A
:104410004AD08349C2E794F8C830022BF9D194F806
:10442000C9309D422DD1B8F1020F4FF0030340F087
:10443000DB80B5FA85F56D0984F8C83084F8CA5078
:10444000D7E094F8C830042BE3D12946306904F052
:10445000C8FD012384F8C830CBE0424671496D485D
:1044600004F0D1FC6FF01500BD46BDE8F88394F868
:10447000C830022B40F0BF8094F8C9309D4200F054
:10448000BD806C468AB06A46C2E907530523664977
:10449000C2E9051842F8103F00234FF421515D484E
:1044A000FDF780FEA546DDE7002384F8C950A4F897
:1044B000CA3084F8CC303569766895F8C9303268EE
:1044C000012BD5F8BC300CBF05F1280405F17C04A4
:1044D0009868196923784FF00008C0F804356378AC
:1044E000C0F82835A378C0F824356368C0F82C35A7
:1044F000237AC0F83035637AC0F834352369C0F8C0
:104500001835A37DC0F83C35E368C0F81035237D2D
:10451000003B18BF0123C0F82035637DB3FA83F355
:104520005B09C0F83835D0F80C35D4F80CC023F04E
:104530000103BCF1000F18BF43F00103C0F80C35B4
:104540000A60C0F80481D0F80431C0F81881D0F8AE
:104550001831C0F80881D0F80831C0F30830FEF7F0
:1045600081FC022385F8C8302369B268B3F1004F9B
:1045700094BF00210121337F581E4342434143EA47
:104580000123C2F81C35E268737FB2F1004F94BF7B
:10459000002201225C1E6342B168634143EA0223A8
:1045A000C1F8143595F8CD305E0717D51F4B286834
:1045B000AB600323C5F81080EB60291D04F0B4F84C
:1045C000041E16DA284604F0FDFB01232246184992
:1045D000104885F8C83004F016FCE2E62846FFF7DC
:1045E000C1FB00EAE0703FE784F8C830012384F89B
:1045F000CA30002038E7012B3FF427AF01224221C7
:1046000084F8CB20D9F80830C3F808139A601CE767
:1046100088B800008CAB0000B2BA0000E2BA00001B
:104620001DBB000009BB000029BB0000BB8F0000C0
:104630005DBB0000F0B50369144693F8CD200D462C
:10464000920785B007D41A491A4804F027FC6FF086
:10465000040005B0F0BD93F8C82003F19407042AC4
:1046600024D09E6F731C1DD047F6122C40F2E73009
:10467000002126EAE6764FF47A720023C6FB0C018D
:10468000FBF722FF02460B46384601A901F080FBEA
:1046900010F1230FDBD00028DBD1019B2B60029BA4
:1046A0002360D6E74FF0FF321346EDE70022FBE729
:1046B00088B800008CAB0000036803F01F027F2B5A
:1046C00002604FEA53129ABF024B53F822000020B7
:1046D000704700BFCCAD00002DE9F04F15460746EE
:1046E00040F2FF19DFF84CA2DFF84CB285B000EBC6
:1046F0008101B94203D1002005B0BDE8F08F3A68CE
:10470000C2F3C323082BC2F3080400F20F814C4507
:1047100008BF4FF0FF34B2F1D05F1AF803804FEAC0
:10472000126339D3383B162B02D96FF08500E3E7CB
:10473000162BFAD801A252F823F000BF034900005B
:104740002B4700002B4700002B4700002B470000A1
:104750002B4700002B4700002B4700002B47000091
:104760002B4700002B4700002B4700002B47000081
:104770002B4700002B470000D9480000DF4800000D
:10478000E5480000EB480000F1480000F748000051
:10479000FD480000AD480000192BC6D801A252F810
:1047A00023F000BF0D48000029480000AD4800007C
:1047B000A74800003748000043480000A748000011
:1047C0002B4700002B4700002B4700002B47000021
:1047D0002B4700002B4700002B4700002B47000011
:1047E0002B4700002B4700002B4700002B47000001
:1047F0002B4700002B4700002B470000B348000068
:10480000C7480000CD480000D3480000C5F8044662
:10481000661C14D0012603A80394FFF74DFF039BE9
:1048200006FA03F3436004E0C5F80C46621C06D0A8
:104830000026324613E0631CC5F8004674D10437E5
:1048400057E7C5F80446621CF9D0012603A8039473
:10485000FFF732FF0122039B02FA03F383603B68F8
:10486000039403F40040002818BF002203A818BFD7
:10487000012601930092FFF71FFF039C019B00EBB1
:104880008400D0F88040C3F3412C009A4FEA0823FB
:1048900043EA8C03134304EA0B04234343EA46032D
:1048A000C0F88030CBE7C5F80846BFE7C5F810462A
:1048B000AEE7C5F86045601C3B68C0D0C3F3004359
:1048C000002BA7D1C1E7C5F86445F4E7C5F86845F2
:1048D000F1E7C5F86C45EEE7C5F87445B3E7C5F8F0
:1048E0007445A3E7C5F87845ADE7C5F878459DE779
:1048F000C5F87C459AE7C5F88045A4E7C5F870453A
:10490000A1E703A80394FFF7D7FE039B00EB830006
:10491000D0F8803023F0E04343F08043C0F880308B
:10492000631C8CD0012684E700268FE76FF015000A
:10493000E2E600BFA9BB0000F0F0FCFF2DE9F0416A
:1049400004460D46476804F080FF88B12021EFF34C
:1049500011831A4681F31288BFF36F8F6068006875
:10496000D0F83001D0B983F31188BFF36F8FEEE731
:104970001E4B1B78002BE9D04FF02008642663689B
:104980001B68D3F83031FBB9012004F004FC013E70
:10499000F5D10021202004F0F7FFEFE77B6A00202B
:1049A0001D706368796A1B68C3F83C170121C3F85E
:1049B0004017C3F83001D3F83001196582F311882C
:1049C000BFF36F8FBDE8F081EFF311831A4688F3D0
:1049D0001288BFF36F8F61680968D1F83011002920
:1049E000DCD183F31188BFF36F8FD2E7A7F50020E6
:1049F00070B40D4CD4E90065901B63EB05014009D0
:104A000040EAC1604101891945EBD065C4E9001550
:104A1000002400250549C1E90023054BC3E90045F1
:104A200070BC02F06DB800BFE8080020D00800207C
:104A3000E008002008B500220121E420FEF742FA38
:104A4000164A0020D2F8183723F44033C2F818373A
:104A500000F0BEFD002820DB0120114900F044FEDB
:104A600000281ADB00F08CFD0E4B20F01F00C3E97C
:104A700000010D4B0022C3E900014FF0FF304FF061
:104A8000FF310A4BC3E90001094B0A49187A00F0CB
:104A900089FD67220020084B1A6008BD00200E50D7
:104AA00078020020E8080020C8080020D008002074
:104AB00070020020F149000010D6002008B500F077
:104AC0005FFD064AD2E90032C01A054B61EB0201D4
:104AD000C3E90001400940EAC16008BDE8080020C0
:104AE000E0080020F7B5224B0146224F187A224BEE
:104AF000D7E90056D3E900239E4208BF954211D161
:104B0000B1F1806F0ED24901012938BF0121012284
:104B10004D1946F10006C7E9005603B0BDE8F04064
:104B200000F06CBE154BDFF858C0D3E90043DCE958
:104B3000002CA41843EB0C0C4FF0200E22466346C9
:104B4000C1FB0E23954276EB0301C7E900230DD28A
:104B5000291B66EB0C04C82974F10004B4BF0121C1
:104B60000021009100F012FE03B0F0BD0021F8E733
:104B700070020020D8080020D0080020E80800209B
:104B8000E008002003689A070CD50368DB070DD501
:104B90000922074BC3F80C250F22C3F80425012274
:104BA0001A60FEE7034B0360EF3B0360704700BFF2
:104BB00000801050F000FA5008B50123304AC2F8C6
:104BC0000038A2F55722D2F800242E4AD2F840230A
:104BD000292A01D0332A02D12B4AC2F80C342B489F
:104BE000FFF7D0FF0830FFF7CDFF0830FFF7CAFF0F
:104BF0000830FFF7C7FF00F5F470FFF7C3FF244A42
:104C0000D2F88C3043F44063C2F88C300022D300D9
:104C100003F57F0303F54043D3F8001401310AD0B4
:104C2000D3F8001439B1D3F800140132D3F80434A6
:104C3000402A0B60EBD1174BD3F80026D2071AD4C9
:104C4000154B1349D3F8182522F00302C3F8182591
:104C5000D3F81825C3F81825D1F88C2042F4406207
:104C6000C1F88C200022C3F8A0250C4AD2F80034E9
:104C7000012BFBD008BD6FF00102C3F80026DFE76F
:104C80000000125000C0FF000030055000F50E502B
:104C900000ED00E000E0105000E0045000900450EF
:104CA000014B1B68184700BF14D60020014B07209A
:104CB0001B68184714D6002010B5104C2379D3B9BF
:104CC000012323710E4B0028206018BF184600F006
:104CD000FFF890B923680B48002B08BF184600F076
:104CE00041F850B923680848002B08BF1846BDE8B2
:104CF000104000F085B96FF0770010BD14D6002089
:104D0000A14C000001920000AD4C000008B5074B1B
:104D10001B6853B14FF48770FEF7C6F828B9BDE899
:104D200008404FF48770FEF79DB808BD14D60020E8
:104D300038B504230A4C42F21075C4F80833012335
:104D400063610023C4F80831D4F80831D4F84C3436
:104D5000DB0304D5012004F01EFA013DF6D138BD75
:104D600000E01050064A13793BB90121106011711F
:104D7000044A1846C2F8403470476FF07700704715
:104D80001CD6002000E0105010B51D4B1D4CD3F870
:104D90004C14D3F84C2411F4803F18D002F00302D5
:104DA000012A03D00AB1FFF7C3FF0022144BC3F856
:104DB00040240022C3F80821D3F8082101221A61F7
:104DC000226872B9D3F80821002AFBD011E0D3F889
:104DD0004824D107E9D5D3F850249207E3D42268B8
:104DE0001AB10422C3F8042310BDD3F80821002A05
:104DF000FBD00022C3F80821D3F80831F4E700BF44
:104E000000E010501CD60020F8B50125184C194EB2
:104E1000D4F80C3303F00C0303B9F8BDB3FA83F3F1
:104E20000027C3F11F039A0002F5807292B202F1CB
:104E3000A04202F58712176005FA03F1022B1268EF
:104E4000D8B2C4F8081310D1D4F84C34D4F84C3488
:104E50009B070AD10423C4F84054C4F804332561E5
:104E6000D4F80C3303F00C03D6E733689847F7E720
:104E700000E010501CD60020712238B5114B0021E3
:104E8000C3F8082301225A60C3F80011D3F80011B7
:104E90000D49D1F84013292901D0332900D1DA6016
:104EA00042F21074074DD5F80C3413F4803305D05A
:104EB000012004F070F9013CF5D138BD034A53716B
:104EC000FBE700BF00E0105000C0FF0024D6002028
:104ED000054B0246187918B91A6001221A717047F9
:104EE0006FF07700704700BF24D600200022174BD8
:104EF000C3F81021D3F81011C3F81821D3F81811F2
:104F0000C3F81421D3F81421114AD2F84023292AD6
:104F100001D0332A01D101229A600022C3F8002176
:104F2000D3F8002101221A600A4A126852B9074BCD
:104F3000D3F80021002AFBD00022C3F80021D3F8C7
:104F4000003170477122C3F80423704700E010500D
:104F500000C0FF0024D60020F8B50126194C1A4DD8
:104F6000D4F80C3303F0710303B9F8BDB3FA83F33B
:104F70000021C3F11F039A0002F5807292B202F180
:104F8000A04202F58712116006FA03F7042B12689B
:104F9000D8B2C4F8087308D0062B10D02B689847F5
:104FA000D4F80C3303F07103DEE702236B71C4F80D
:104FB0001411D4F814312023C4F80433EEE76971D6
:104FC000ECE700BF00E0105024D6002038B5802365
:104FD0000A4C42F21075C4F808330123A36200237F
:104FE000C4F81C31D4F81C31D4F86C34DB0304D57C
:104FF000012004F0D0F8013DF6D138BD00E010509A
:10500000054B0246187918B91A6001221A717047C7
:105010006FF07700704700BF2CD6002000220C4BA9
:10502000C3F81C21D3F81C2101225A62094A1268D4
:105030001AB18022C3F804237047D3F81C21002A38
:10504000FBD00022C3F81C21D3F81C31704700BFED
:1050500000E010502CD60020094BD3F80423120690
:105060000DD5D3F81C2152B10022C3F81C21D3F86E
:105070001C218022C3F80823024B1B681847704785
:1050800000E010502CD60020036803F01F027F2B95
:1050900002604FEA53129ABF024B53F822000020DD
:1050A000704700BF2CAE0000034A4309D35C00F0F8
:1050B0001F001844C0B27047CDBB0000F0B5844655
:1050C000002587B0DFF848E0124F019102AE1EF8CC
:1050D000013B06AA02EBD30212F8144C03F00703BB
:1050E000DC4014F0010406D10135042DEFD1002479
:1050F000204607B0F0BD97E80F0086E80F0056F88D
:105100002520136A4CF825301362002BECD0EFE712
:10511000DDBB000004AC0000F7B504460846FFF70D
:10512000C3FF06B204EB4606B38A0D46DB072BD558
:10513000204604F076F92946204604F0E2F858B1FA
:10514000204604F0F4F80022276800B207EB800341
:10515000C3F81025C3F810252946204604F010F99D
:10516000002101A8B1820195FFF78EFF019B00EBA2
:105170008300D0F88020064B134043F00203C0F8B0
:105180008030084603B0F0BD6FF01500FAE700BFAD
:10519000F0F0FCFF2DE9F043044685B008461646C2
:1051A0001D46FFF781FF0F46804636B3204604F0C8
:1051B000B3F818B9204604F0A4F828BB0FFA88F910
:1051C00004EB4909B9F8143013F01C0F02D07378BE
:1051D000012B19D001238DF80F3000233846CDE97B
:1051E0000063721CB31C0DF10F0104F032F8B9F822
:1051F000143043F00303A9F81430002D40D0394691
:10520000204604F089F820B96FF0150005B0BDE81C
:10521000F0830022297823684FEA810C03EB810395
:10522000C3F81025C3F810250FFA88F204EB4202E8
:10523000938A23F4604323F0200393826E78FEB1B7
:105240002468A8786444D4F810550E4B36042B40DB
:10525000C4F8103541F6F07306F4403603EA07133C
:105260000005D4F81055334300F4801003432B435A
:10527000C4F81035938A43EA413343F02003938204
:105280000020C3E70FE0ECFF70B590F8B040054692
:1052900090F8B1604CBB84222146143004F0C1FE6A
:1052A0002146134A2B6852F836608E4213D10024EF
:1052B00040F20D10C3F84441D3F844210D4A934203
:1052C00008BFDB20FDF7CEFD0123204685F8B03076
:1052D000C5F89C3070BDCAB2920002F58070442AB5
:1052E00004BF1C501A580131DFE76FF07700F1E777
:1052F0003CAE000000A00D5090F8B100024B03EB53
:10530000800003F064BF00BF8002002010B5064B90
:1053100090F8B1000C4603EB800003F03EFF00283C
:10532000A4BF2070002010BD800200202DE9F04FA6
:10533000814659F8043B8DB0D3F8141390F8B1406E
:1053400000936C4BC9B241F40031804653F83420CD
:10535000009804F03FF8810305463BD51022002158
:1053600008A804F05EFE634B08A803EBC4035B6867
:1053700019460193FFF7A2FE042303EBC403039332
:105380004FF0000B5C4B0DF1200A0293029A594931
:1053900012F8013B0292039A02EBD3028A5C03F0FB
:1053A000070322FA03F3DA071AD40BF1010BBBF15E
:1053B000040F0AF1040AE9D14FF4003100220098E9
:1053C00004F008F8019908A8FFF778FE0028D7D163
:1053D00025F400350124002D75D10DB0BDE8F08F06
:1053E000464B5B440493DAF800100029DDD091FAB3
:1053F000A1F1B1FA81F1049B1C7841EA44142046E2
:10540000FFF752FE08EB4000878AC808BB080593E7
:1054100001231AF8002001F0070103FA01F122EA42
:1054200001020AF8002007A80794FFF72DFE079A4B
:10543000059B203250F82220C7F382065B073746CF
:10544000C2F3014223D54846D6B221463A4603F07C
:1054500078FF07A80794FFF717FE079B203350F843
:105460002330C3F301439E4207D10021204603F0BD
:1054700039FF3146204603F035FF07A80794FFF7B0
:1054800003FE0122079B02FA03F30362ABE7022A41
:105490000DD10321204603F025FF06F00503012B63
:1054A000EBD13A462146484603F04BFFE5E702219F
:1054B0002046059203F016FF032EF2D0059A032A28
:1054C000DBD1022EECE795FAA5F3B3FA83F300994A
:1054D00004FA03F225EA020503F5A27251F822202C
:1054E00008EB43034846B3F8A010C2F3014203F0AF
:1054F00028FF70E73CAE0000DDBB0000DDBB000014
:105500000123034A03FA00F0936803439360704752
:105510006000002073B504460191EFF3118620234B
:1055200083F31288BFF36F8F0B4D019B6A6801A84C
:105530001340019303F031FE002807DB01226B6862
:10554000824023EA02036B602070002086F31188FA
:10555000BFF36F8F02B070BD60000020074B027A6E
:10556000D3F8101521F001010A43C3F81025026891
:10557000C3F8A4264268C3F8AC26704700200E503A
:105580004FF0FF306FF0404130B5054CD4E90023B7
:10559000904271EB0305F9D31046C3F3130130BDFC
:1055A00040270E5030B50C25074B1C1894F854407A
:1055B00005FB0433C3E9031218750123034A834032
:1055C000C2F8243330BD00BF6000002000200E5020
:1055D000F0B53D4D85B02C78002C6FD13B4A01AB26
:1055E00007CA83E807003A491846D1F8102522F087
:1055F0000202C1F81025FFF7B1FF0723672202F06E
:1056000001012144013BCCB24FEA5202F7D1052CF3
:1056100057D119464FF0010C2B4E00246720CFB212
:1056200004E00CFA02F220EA0200013490FAA0F23F
:105630005FFA84FEBE45B2FA82F2F2D301313275CE
:1056400005292A4482F8547006F10C06E5D101219F
:10565000002420489A0801FA02F212F0670F18BFDE
:105660001C500433302BF5D1E420FDF7FBFB184B25
:105670001949D3F8102503F5C07322F00202C3F8CC
:10568000902340F6FF72C3F8A82100221A60A3F508
:10569000807004338B420260F8D101240C4B0F4A16
:1056A0001C660F4B5D201B68B3FBF2F358430D4B98
:1056B0002343984700202C7005B0F0BD6FF07700B1
:1056C000FAE76FF08B00F7E76000002014AC0000F1
:1056D00000200E5000210E50B0210E5040420F000D
:1056E0007C02002030AC000038B5254B0C46D3F8C6
:1056F000102595073DD4D3F8102542F00202C3F8D7
:105700001025C0B1D3F8482712F0010202BFD3F828
:10571000481741F00101C3F84817194BD3F8401757
:10572000D3F844174900F9D42AB9D3F8482722F00E
:105730000102C3F84827134B134A1B681049B3FBF7
:10574000F2F303EB4313BBB1D1F84027D1F8445730
:1057500015F080450BD14FF0FF312046FFF7DAFE00
:10576000002803DB2078FFF7CBFE284638BD013B3D
:10577000E9E76FF07700F9E76FF07300F6E700BF35
:1057800000200E507C02002040420F0070B51D46E4
:105790001446184A9DF81060131893F8543000B25C
:1057A0000C3302EBC30142F833404D60C5F31301E3
:1057B000AEB10201104E02F1A04202F56222800059
:1057C000C2F820450644C2F82415336833B1FFF708
:1057D000D7FEA042A94101D20023336070BD03016E
:1057E00003F1A04303F56223C3F82045C3F8241551
:1057F000F4E700BF6000002000210E50F0B50E4D10
:105800002B1893F8543000010C3355F8334005EB56
:10581000C3077E68641800F1A04021F0004146F102
:10582000000641EAC27100F5622045F833407E600F
:10583000C0F82815F0BD00BF60000020F7B5284B68
:10584000284CD3F82C6304F188070EB903B0F0BDDF
:1058500096FAA6F00123B0FA80F08340DA43224999
:1058600026EA0306231893F85450830019440C23A6
:1058700003FB0543DB6873B3D7E8EF3F03EA020C91
:10588000C7E8EECFBEF1000FF6D1C340DB0719D554
:10589000020102F1A04202F56222D2F82435D2F8C8
:1058A0002025D1F800C0BCF1000FCED04FF0000C85
:1058B000C1F800C00C2101FB054529690091E96888
:1058C0008847C2E705F10C0304EBC30C54F83320FE
:1058D000DCF80430E5E70A68002AB6D00B60B4E7CC
:1058E00000200E506000002000210E50044B40EAC2
:1058F0000120C3F80005D3F80024D207FBD5704778
:1059000000E0045010B50446FCF780FB0348012179
:10591000034A03F043F8204603F0FBFE74AB00009B
:10592000E1BB00002DE9F84304460D4600AFEFF35C
:105930001188202383F31288BFF36F8F0428294A2C
:1059400098BF294BE9468AB09668117C98BF53F8F6
:1059500020306A4688BF254BC2E9073140F2013347
:1059600023489384234BC2E9050442F8103F0023E7
:105970004FF431512048FCF715FCCD4645B1EB6999
:10598000C3F3080323B101211C4A1B4803F006F8A6
:105990002EB1304603F05FFF08B1037803B9184811
:1059A000E9468AB06A46174BD061C2E9053640F233
:1059B00001331384144B42F8103F00234FF411516C
:1059C0000D48FCF7EFFB2946CD462046FFF79AFF2E
:1059D00088F31188BFF36F8F3046FDF7EDF9BD46B0
:1059E000BDE8F88334D600204CAE0000F0BB0000C8
:1059F00006BC00000500000174AB00002EBC0000D6
:105A0000FEBB00004FBC00000400000138B50A4B8B
:105A100053F82040013053F82050A54200D838BD3B
:105A2000606830B1037EDB0701D403F04FFE083419
:105A3000F3E723689847FAE760AE0000012270B5EB
:105A4000294B032086B01A70FFF7E0FF04F059F8E5
:105A50000420FFF7DBFF254C254D2646AE4204F11E
:105A6000300410D300F04EFD204C224EAC4226D321
:105A700000F05CFDFAF798FE1F4A137B23F0010348
:105A8000137306B070BD54F80C3C059354F8103CE9
:105A9000049354F8143C039354F8183C029354F8BC
:105AA0001C3C019354F8203C009354E90A2354E928
:105AB0000C0100F003FB54F8303C5E65CDE7D4E9FF
:105AC0000A23B3F1FF3F08BFB2F1FF3F05D052EA0E
:105AD0000301206803D100F0E5FD3034C6E731460C
:105AE000183000F07DFFF8E7A7F50020D4AA0000E9
:105AF000D4AA000055990000B0090020C02370B559
:105B0000144E86B003FB0066134B012205930F234E
:105B1000CDE903320023CDE9013314234FF4A07201
:105B20000E4D0F4903FB0055044602FB00110D4BBF
:105B30003046009500F0C2FA737B2C7423F0040306
:105B40007373094B013403EBC423EE606B6006B042
:105B500070BD00BFF0080020B1BC000034D60020AA
:105B6000B0000120C7970000B0F80020BFB50020AA
:105B7000FFF74CFF294B03F5006282F3088883F39B
:105B80000A880024E023264D264F85F82230EC7742
:105B90002C766C76AC7685F820406B6A43F4E02373
:105BA0006B6285F82340FDF781F8FDF7FBF94FF0B4
:105BB000FF33AB62EB62FDF79BFBFDF719FAFCF7D5
:105BC00083F9194800F00AFB0120FFF71FFF0220AC
:105BD000164DFFF71BFF00F0DDFC154B15495D610D
:105BE000154B4FF48062059301232846CDE903430A
:105BF000CDE901443B46009400F060FA06466A7B1A
:105C0000284622F004026A7303F061FE2046FFF783
:105C100075FF3A4631462846FDF7A8F9B0F800204E
:105C200000ED00E03D5A0000700A0020B00900209D
:105C300034D60020F0010120B6BC0000002038B5A9
:105C4000054C064DAC4200D338BD204603F069FD3B
:105C50000028F9DB1C34F5E70C03002028030020A2
:105C600073B50C46EFF31181202585F31288BFF33D
:105C70006F8FC5685DB125602B68C3608369013390
:105C80008361002081F31188BFF36F8F11E052EA26
:105C9000030603D16FF00B002560F3E7CDE9002385
:105CA0000246083000F074FB18B9034B9B681B696F
:105CB000236002B070BD00BF34D600202DE9F3414F
:105CC00004460E469DF8200004F10808EFF3118702
:105CD000202181F31288BFF36F8F256AE1688D421E
:105CE00043D22568AC421AD0CDB1284603F076FDE8
:105CF00005F1180003F0AFFEA268002431462869C0
:105D000004F082F92846C5F8BC4003F0E0FD4046A7
:105D1000394600F0D1FB204602B0BDE8F081A26810
:105D2000A8B13146E06904F06FF9E369A268134451
:105D30006269E361934201D12369E3610020236A30
:105D40000133236287F31188BFF36F8FE4E7A16902
:105D50002369994208BF6369314608BFA361A069FE
:105D6000801AA06104F050F9E8E752EA03010AD072
:105D70000649404689680E61CDE90023394622462E
:105D800000F006FBC8E76FF02200DBE734D6002006
:105D9000F7B50446084604F10807EFF31186202101
:105DA00081F31288BFF36F8F216A00293AD0A2686D
:105DB000A16904F029F9A369A268256813446269FE
:105DC000A361934204BF2369A361236AAC4203F138
:105DD000FF33236234D02846002D32D003F0FEFC7E
:105DE00005F1180003F037FEA2682969E06904F0A4
:105DF0000BF9E369A268284613446269E3619342A0
:105E000004BF2369E361236A013323620024C5F8D8
:105E1000BC4003F05CFD3846314600F04DFB2046A7
:105E200003B0F0BD52EA030110D00A498968086145
:105E3000CDE9002331462246384600F0A9FAEFE7C3
:105E4000002086F31188BFF36F8FE9E76FF022001F
:105E5000F7E700BF34D600202DE9F341044617468A
:105E60001E46EFF31188202383F31288BFF36F8F50
:105E7000C368334A7BB180689168884219D057EA79
:105E8000060318D188F31188BFF36F8F6FF00F00EE
:105E900002B0BDE8F081916891F90E100133E36022
:105EA00093682161A36088F31188BFF36F8F00208E
:105EB000EEE72169F2E791F90E1090F90E306FF0DC
:105EC0007E029942A8BF19469142B8BF11468B4243
:105ED0002DDD03F0A6FC054622464146CDE90076BD
:105EE000184800F055FA0028E1D0EFF3118620237E
:105EF00083F31288BFF36F8FA068D0B12368216944
:105F00009C420AD04BB193F90E309942A8BF194672
:105F10006FF07E039942B8BF194603F082FC40B18E
:105F20003146084800F0C8FA6FF00A00B0E70025D3
:105F3000D2E7002DF4D186F31188BFF36F8FF3E71A
:105F400034D60020A8F50020F8B583680546002B5C
:105F500040D0234A926893423FD1C368012B03D9B2
:105F6000013BC3600020F8BDEFF31187202383F3CA
:105F70001288BFF36F8F0169806803F052FC2C68B0
:105F8000AC4207D10023C5E9023387F31188BFF380
:105F90006F8FE7E7002CF5D0D4E9003200261360BC
:105FA0005A60637BC4E9006623F002036373A66052
:105FB00004F1180003F04FFDAC6094F90E30204658
:105FC0002B61C4F8BC6003F082FC3946054800F040
:105FD00073FAC7E76FF01500C5E74FF0FF30C2E76F
:105FE00034D60020A8F5002070B5EFF311862023E9
:105FF00083F31288BFF36F8F0468A0421BD0D4B123
:10600000D4E90032002513605A60637BC4E900556F
:1060100023F002036373A56004F1180003F01BFD75
:106020002046C4F8BC5003F052FC3146BDE8704035
:10603000064800F041BAD0E902329A4218BF013353
:10604000836086F31188BFF36F8F70BDA8F50020C1
:1060500013B5EFF31181202484F31288BFF36F8FFF
:10606000846844B1013C846081F31188BFF36F8F71
:10607000002002B010BD52EA030406D181F311885A
:10608000BFF36F8F6FF00F00F3E7CDE900230246F7
:10609000014800F07DF9ECE7A8F5002010B50446B2
:1060A00008B9054B9C681F2204F1840003F0C1FF6E
:1060B000002084F8A30010BD34D600202DE9F04F55
:1060C00087B0DDF850E09046DDE910BA5FFA8EF255
:1060D0004FF0040E00F15805C0E91655002504469E
:1060E0001F4680F80DE0DDF84CE002735FFA8EF297
:1060F000827308F10702DDF8489022F0070201EBF5
:106100000208C0E92A12C0E906558560C573C0F8C7
:10611000B0504246CDE901A9CDF800B0159E8DF8EA
:1061200017E0FCF707FFC4E91C7BC4E91EA96565FD
:1061300084F86C50EFF31183202282F31288BFF3AE
:106140006F8F0F4F3A6A3C62C4F8802083F3118846
:10615000BFF36F8F8EB11F22314604F1840003F02C
:1061600068FF84F8A350BB680BB1D3F8B430404645
:10617000C4F8B43007B0BDE8F08F84F88460F2E76B
:1061800034D60020F0B5002587B00595109DDDE9D7
:10619000127604950F9D044603950E9D02950D9D64
:1061A00001950C9D0095FFF789FFB6F1FF3F08BFF1
:1061B000B7F1FF3F05D056EA070305D1204600F0AE
:1061C00071FA204607B0F0BD3A46334604F1180094
:1061D000014900F005FCF4E75599000040F2011375
:1061E00083810023C0E92A33C0F8B430014B9860A2
:1061F000704700BF34D600206FF00A01094A936847
:10620000C3F8BC100849C3F8B8004B6843F080538A
:106210004B60002383F31188BFF36F8F9368D3F82B
:10622000BC00704734D6002000ED00E070B590F956
:106230000D20437B002A36DBD90634D11B4C63F09A
:106240007F032246437352F8183FE169934207D116
:10625000C0E900210860E06111E09942F8D01B68B4
:10626000002BF5D090F90E5093F90E60B542F4D0A2
:10627000AE42F2DD5968C0E9003108605860A56996
:10628000954200D005B9E568A3685A7BD20604D1CF
:10629000DA897F2A01D9AA6932B1AB4202D02846F5
:1062A00000F0FCFA656170BD6361FCE734D6002044
:1062B00038B590F90D200146002A437B04DA03F03B
:1062C0007F03437303F0C9FA0D4D2A4652F8184F65
:1062D000AB68944200D004B9EC688B4207D05A7B7B
:1062E000D20604D1DA897F2A01D9A2692AB1A34250
:1062F00002D0204600F0D2FA23466B6138BD00BFC1
:1063000034D60020B3F1FF3F08BFB2F1FF3F03D006
:106310000249183000F064BB704700BF5599000077
:1063200038B5194CA168E0690B68814214BF1A4660
:10633000002249680B605960A368E1692AB9134AD1
:10634000C3E900210B60E3610CE093F90E0092F9C0
:106350000E50A84214D0854212DD5168C3E90021D5
:106360000B605360A569094B9D4200D005B9E568F3
:10637000A3689D4202D0284600F090FA656138BDBE
:106380009142DCD01268D9E734D600204CD60020E8
:10639000F8B5DDE906670D4B0C46986811460C4AC6
:1063A0001060EFF31182202282F31288BFF36F8F07
:1063B0009D68284603F063FA284632463B46FFF7BD
:1063C000A1FF2046BDE8F840FFF716BF34D60020F5
:1063D00058D60020F8B50446EFF31187202383F345
:1063E0001288BFF36F8F437B49B203F01F02002A6C
:1063F0000CBF0126002639D103F07F032D4D4373D6
:1064000003F02BFA2A46437B817363F07F034373C7
:1064100052F8183F934227D1E869C4E9002004608C
:10642000EC610FE09842F8D01B68002BF5D093F98F
:106430000EC06145F6D08C45F4DD5968C4E90031E1
:106440000C605C60AC69944200D004B9EC68AB6845
:106450009C4202D0204600F021FA6C6187F311883B
:10646000BFF36F8F3046F8BDE869DEE79B071ED5A6
:10647000856803F0F2F981732B689D4209D16B683E
:10648000C4E900531C606C60E8E76A689342F6D088
:106490001B68002BF3D093F90E209142F5D08A426D
:1064A000F3DD5A68C4E9003214605C60D6E781739A
:1064B000D4E700BF34D6002049B9EFF3058030B9E6
:1064C000054B5A699B689A4201D0FFF795BE81F34C
:1064D0001188BFF36F8F704734D60020034648B948
:1064E000EFF3058232B9064A51699268914201D0B0
:1064F000FFF782BE83F31188BFF36F8F704700BF31
:1065000034D60020EFF31181202383F31288BFF3E8
:106510006F8F054B9A68D37B013BD37381F311884E
:10652000BFF36F8F704700BF34D6002070B5EFF314
:106530001186202383F31288BFF36F8F144DAB684D
:10654000DA7B0132DA732A4652F8184F944200D0AF
:1065500004B9EC685A7BD20604D1DA897F2A01D9C2
:10656000A2692AB1A34202D0204600F097F923463F
:106570006B6186F31188BFF36F8FEFF311802023D7
:1065800083F31288BFF36F8FBDE87040FFF7A6BF9B
:1065900034D60020024B03F11802C3E906227047EB
:1065A00034D6002070B5EFF31186202383F31288D0
:1065B000BFF36F8F1B4CA168E0690B68814214BF69
:1065C0001A46002249680B605960A368E1692AB93C
:1065D000154AC3E900210B60E3610CE093F90E005A
:1065E00092F90E50A84218D0854216DD5168C3E9D1
:1065F00000210B605360A5690B4B9D4200D005B98B
:10660000E568A3689D4202D0284600F047F965611D
:106610003046BDE87040FFF7EFBD8A42D8D012681F
:10662000D5E700BF34D600204CD60020F8B550EA9C
:10663000010306460C4603D1FFF7B4FF0020F8BD66
:10664000EFF31187202383F31288BFF36F8F124D6E
:10665000124BA8681860FFF72BFEA8682346324645
:106660000F49183000F0BCF9AA680446537B38463D
:1066700043F004035373FFF7BFFDAB68D3E90A236C
:10668000B3F1004F08BF002AD8D103F00CFA201A4A
:1066900020EAE070D3E700BF34D6002058D60020AF
:1066A0005599000038B50446EFF31185202383F394
:1066B0001288BFF36F8F437B5B070FD5183003F051
:1066C000CAF9637B204623F004036373FFF7AEFD32
:1066D0002946BDE838400448FFF7EEBE85F311882F
:1066E000BFF36F8F38BD00BFA8F50020014B98683D
:1066F000704700BF34D600202DE9F8430446077BDD
:10670000EFF31185202383F31288BFF36F8F437B50
:10671000190705D585F31188BFF36F8FBDE8F8839E
:10672000D90943F0080260D14273A36813B120462F
:1067300003F09BF804F1180003F08DF9A66D04F145
:106740005808B04511D04FF0000976B1304603F03B
:106750008CF806F1180003F07EF93046C6F8BC90BC
:10676000FFF764FDA66DB045EFD1DFF8C480D8F81F
:1067700008309C4241D1EFF30589B9F1000918BFF7
:106780004FF00109D8F818602A4A964200D00EB995
:10679000D8F80C60B34202D0304600F07FF82046B3
:1067A000C8F8146002F0DEF9204600F0C9F8B9F12B
:1067B000000F02D02048FFF711FDD8F808309C42A6
:1067C00031D1EFF3058373BB227BD20718D428465F
:1067D000FFF712FDFB07A1D5002383F31188BFF358
:1067E0006F8F0423184602DF98E703F07F0343F01E
:1067F0000803437303F031F897E74FF00009C1E74E
:1068000085F31188BFF36F8F83F31188BFF36F8F08
:106810000423184602DFEFF31180202383F312884C
:10682000BFF36F8FD4E785F31188BFF36F8FD1E784
:1068300034D600204CD60020700A0020427B03464C
:1068400012F01F0210D10A4988420DD00949086888
:1068500068B1D9897F2909D893F90E20064B1B68A6
:106860009A42B8BF0020704700207047104670471A
:10687000F0080020880200205CD600200122044B92
:10688000C01A044BC0105843034B1A54704700BF42
:10689000300B0020ABAAAAAAA8F5002070B50D4BBA
:1068A0000D4D1E7CFFF7CAFF06EB460305EBC30543
:1068B0000446284603F0CFF80022084B9A553CB115
:1068C000621E2846BDE870400549D31700F088B81D
:1068D00070BD00BF34D60020300B0020A8F500208A
:1068E0007D68000038B5EFF31185202383F312880B
:1068F000BFF36F8F0F4B104A9C681068A04206D1FF
:10690000FFF7CCFF85F31188BFF36F8F38BD0021EF
:106910001B7C1160094AD35C002BF3D02046FFF7A3
:106920008DFF0028EED0637BDB0601D1FFF7F8FC7A
:106930002046E5E734D6002058D60020A8F50020F0
:10694000EFF31181202383F31288BFF36F8F0C4A7A
:10695000136A834208D1D3F88030136281F311881F
:10696000BFF36F8F70471346002BF7D0D3F880200A
:106970008242F8D1D0F88020C3F88020EEE700BF33
:1069800034D60020024B1868984208BF0020704798
:106990008C020020034B1B680BB9FEF78FB8002058
:1069A000704700BF60D6002030B570B10B4B5B68FC
:1069B00098420AD0036843B1D3E90421D0E90445E1
:1069C000121941EB0501C3E90421D0E9003213603B
:1069D0005A600023C0E9003330BD00BF8C020020A4
:1069E000B3F1FF3F08BFB2F1FF3F2DE9F84F044676
:1069F000994615461F467AD08160EFF3118820230F
:106A000083F31288BFF36F8FB9F1000FDFF8E4A0B2
:106A100020DBFFF7BFFFDAE90027013549F1000964
:106A20002D1849EBE07306464FF00109C4E9045301
:106A3000AD1843EB0707FFF7A5FF0346DFF8B8E003
:106A4000DEF804A0EBB9C4E900EACAF80040CEF8C9
:106A5000044028E06FF00103DAE900125B1A4FF0FE
:106A6000FF3161EB02025B1B62EB0902012B72F149
:106A70000001BCBF012300224FF00009C0E904322D
:106A8000D9E7D3E9041CD4E904208A4270EB0C0B4B
:106A900024DA891A5A686CEB0000C3E90410C4E9CF
:106AA000003214605C60FFF76DFF84420ED1134B1F
:106AB0001B685BB9B9F1000F02D1FFF76BFF064607
:106AC000304602F0B1FF0021FEF70CF888F3118880
:106AD000BFF36F8F28463946BDE8F88F521A60EB36
:106AE0000C009A45C4E90420ADD01B68AAE7002534
:106AF0002F46EFE7480B00208C02002060D60020D4
:106B00002DE9F047EFF31185202383F31288BFF3BB
:106B10006F8FDFF8A0900026C9F800000027FFF76C
:106B200031FFDFF89480D9F80030D8E900ECD917AC
:106B300050B1D0E90442A34271EB020A1BDAE41A15
:106B400062EB0102C0E90442002413EB0E034CEB9C
:106B500001012046C8E90031C9F8004002F064FF95
:106B60002146FDF7BFFF85F31188BFF36F8FBDE8A6
:106B7000F047FFF7B7BE14EB0E024CEBE473C0E92D
:106B80000467C8E90023FFF70FFF85F31188BFF3FF
:106B90006F8F83689847EFF31185202383F3128862
:106BA000BFF36F8FD9F800301B1BC9F80030FFF717
:106BB000E9FEB8E760D60020480B002010B5EFF3DF
:106BC0001184202383F31288BFF36F8FFFF7E2FE57
:106BD0000346054AD2E90001181841EBE37184F33A
:106BE0001188BFF36F8F10BD480B0020F8B5064623
:106BF000EFF31187202383F31288BFF36F8F0268AE
:106C000022B187F31188BFF36F8FF8BDD0E90A5422
:106C1000691C44F10003022973F1000334D3013DE0
:106C200044F1FF34002CBCBF15462C4602F03FFF58
:106C3000013041F10001401944EB0101012871F1DB
:106C400000014ADB02F033FF6FF00203013041F133
:106C50000001401944EB010183426FF000438B4176
:106C600040DB02F024FF6FF001024FF0FF330130F0
:106C700041F10001401944EB0104121A63EB0403D3
:106C800030461A49FFF7ACFE336B01333363336A86
:106C90006BB187F31188BFF36F8F3046336A984723
:106CA000EFF31187202383F31288BFF36F8F3346EE
:106CB00053F8184F9C42A4D0002CA2D0204602F0DA
:106CC00015FE0023C4F8BC3087F31188BFF36F8F23
:106CD0002046BDE8F84002F0FABD6FF001024FF027
:106CE000FF33CDE700224FF00043C9E7ED6B000012
:106CF0002DE9F04105461C4690461F46EFF31186EC
:106D0000202383F31288BFF36F8FB4F1FF3F08BFD6
:106D1000B2F1FF3F05D186F31188BFF36F8FBDE855
:106D2000F081002C09DB012A74F10003BCBF0122B1
:106D3000002412F1FF3844F1FF37284602F08BFEA1
:106D4000DDE906010023C5E90A012B6342463B4603
:106D500028460249FFF744FEDDE700BFED6B000067
:106D600038B5064C064DAC4201D3002038BD204654
:106D7000D4E9011202F0C6FE1434F4E7280300201F
:106D800028030020F8B50D4E0D4C0E4D33680E480B
:106D9000984767782B680C48984733680B489847A2
:106DA000022F08D12478E31F5C425C412B6807481E
:106DB00098472046F8BD0024F8E700BFBC02002039
:106DC00064D60020B80200208C0300207803002045
:106DD00070B51D4E1D4C33681D48984723785907E0
:106DE00044BF23F00403237023789A0705D500F0ED
:106DF000C1F8237823F002032370164D14482B6842
:106E00009847336814489847637813B1134802F0E1
:106E1000AEFE002304211148637000F0CBF82B680C
:106E20000D48984733680A4898472378DB0705D50B
:106E300002F09AFE237823F0010323702B680448A4
:106E4000BDE87040184700BFBC02002064D6002097
:106E500078030020B80200208C03002068D60020B0
:106E60002DE9F041FFF78EFF18B100242046BDE860
:106E7000F081364F36483B689847044620B16FF0A2
:106E80008F04FFF7A5FFF1E7324D2B78D80706D422
:106E900002F068FE04462B7843F001032B702E4E5F
:106EA0002B483368984710B1002CE8D0E9E7002C54
:106EB000E7D13B682648984704460028DFD12B7865
:106EC000990706D400F04EF804462B7843F00203ED
:106ED0002B7033681E4898470028E5D1002CD0D18C
:106EE0003B681B4898470028C9D13368184895F873
:106EF000008098470028C2D13B681848984704464C
:106F00000028BCD16B7843B918F0010F05D01448A4
:106F100002F02BFE022304466B7033680F4898473B
:106F20000028C1D1002CACD13B6809489847002803
:106F3000A5D12B7806485A075CBF43F004032B7099
:106F400033689847002890D099E700BFBC02002022
:106F50007803002064D60020B80200208C030020B3
:106F600068D600200122024B002083F8802570475C
:106F70006CD600202DE9F0410A4C002526464FF042
:106F8000010803272046C4F820802777013502F046
:106F9000CCFD202D04F12C04F4D1002386F880359B
:106FA000BDE8F0816CD60020014B1B68184700BF7C
:106FB0009402002010B50A46044619B1024B002184
:106FC0001B68984710BD00BF9802002010B50D4CFB
:106FD000206802F07BFF0C4A1368591C11605BB9F2
:106FE0000A4A5920D2F8003443F00703C2F80034AB
:106FF000FBF738FF00F02EFC2068BDE8104002F0DF
:107000006BBF00BFA0020020F0DB00200090055005
:1070100038B5164D286802F059FF154B1C68013C25
:107020001C60ECB95920FBF72BFF0722114BC3F86A
:107030000823D3F8002422F00702C3F80024C3F881
:107040000041D3F80021C3F80441D3F804214FF0E4
:107050000072C3F80841D3F80831074BC3F8882100
:107060002868BDE8384002F037BF00BFA00200200A
:10707000F0DB00200090055000E100E070B5104DFD
:10708000104E2B68B3420DD0FFF7A0FF00F03AFD81
:1070900000F0CCFD40B102F077FD0446FFF7B8FFE9
:1070A00044B92E60002405E000F0D4FA044618B17B
:1070B000FFF7AEFF204670BD02F069FEEDE700BFAE
:1070C0009C020020117365000022074BC3F81021B9
:1070D000C3F80C21C3F80021C3F80421C3F8082128
:1070E000C3F81821704700BF0090045008B5FFF79F
:1070F000EBFF01230360104B0A6832B9D3F80C216F
:107100001AB9D3F80821002AF6D00B687BB90B4BCB
:1071100099420ED0A3F58473D3F80831002B0CBF2D
:107120004FF0FF306FF00200FFF7CEFF08BD0020E8
:10713000FAE74FF0FF30F7E7009004500891045051
:1071400038B505460C4691B10021012002F0B7FA8E
:1071500008480949C0F80055C0F80445FFF7C6FFC4
:1071600000210446084602F0AAFA204638BD6FF016
:107170000104FAE70090045000910450034B0449C5
:10718000C3F800050348FFF7B1BF00BF00900450EB
:10719000049104500490045010B5044600210120CD
:1071A00002F08DFA064B0749C3F800450648FFF781
:1071B0009DFF00210446084602F081FA204610BDDA
:1071C00000900450089104500890045038B50C46C3
:1071D00059B1074D0749C5F800050748FFF786FF75
:1071E00010B9D5F80835236038BD6FF00100FBE712
:1071F00000900450109104500C9004502DE9F04779
:10720000804600244FF010091E4E94B00DF1270562
:1072100025F01F0506F1200A012210211A4802F06C
:107220001EFD2B1900935246102320211548CDF83E
:10723000049000F04DFA0746F8B9D6E90C32103444
:10724000013342F10002302CC6E90C32E4D1B8F12E
:10725000000F04D022464146284602F0F3FC2E4699
:10726000084C0FCE0FC496E80F00203584E80F00BD
:1072700095E80F00103484E80F00384614B0BDE8DC
:10728000F08700BF500B0020700B0020F0B5194DA7
:10729000194FAB6B8DB0BB4229D0184E306802F04D
:1072A00015FE402300221946284602F0E2FC302158
:1072B000684602F0FFFC044678B96846FFF79EFF77
:1072C000044690B9302302461946684602F0D1FCC4
:1072D00001220023C5E90C23AF63306802F0FCFDF6
:1072E000204602F051FC0DB0F0BD0E24F5E7002061
:1072F000F9E700BF500B0020B4A5B4A5A4020020FC
:107300002DE9F04F99B00DF1570802F10F098246AF
:107310000E46144628F01F084FEA191922B1002919
:1073200069D0B2F5005F66D8344F354D386802F049
:10733000CDFDD5E90C3213430BD15046FFF7A6FF24
:10734000834630B1386802F0C7FD584619B0BDE831
:10735000F08FD5E90C2319EB020943F10003B9F5CD
:10736000803F73F1000314D3302102A802F0A2FC85
:10737000B8B902A8FFF742FF83460028E2D13023C4
:107380000246194602A802F074FC00220023C5E957
:107390000C23DFF870A03CB92046FFF72FFF83468F
:1073A000D0E76FF0920BCDE7102C4FF001024FF0B9
:1073B00010015046A14628BF4FF0100902F04FFCC3
:1073C000102352462021CDE900830D4800F080F9BA
:1073D00083460028B6D14A463046414602F014FEA4
:1073E000D5E90C32013342F10002C5E90C32A4EBBD
:1073F00009044E44CFE76FF0860BA6E7A4020020F5
:10740000500B0020700B00202DE9F04F89B007468B
:107410000C4615461E4602F097FC78B97B69009031
:10742000C3F3013262F305108DF8000010F0300054
:1074300007D1B96889070FD06FF0860009B0BDE8A1
:10744000F08F102808D1BDF8023023F4F87343F40C
:10745000A873ADF8023053E0DBB2F82B02D06FF026
:107460008500EBE700234FF0010B984619469C4638
:10747000D7F808E0DFF8CC9159F804AB1EEA0A0F00
:1074800008D00BFA0CF343EA080303F07F0801234A
:1074900041EA0A010CF1010CBCF1070FECD12BB150
:1074A0009DF8033068F347038DF803303EEA01018D
:1074B000D5D17B88FF2B35D005D8802B34D0C02B7D
:1074C000CDD1022306E0B3F5807F2FD0B3F5C07F86
:1074D000C5D106239DF8021063F306118DF8021042
:1074E00010B91EF0030FA7D13B79022B2BD01FD868
:1074F000012BA1D1BDF8021063F3C811ADF8021041
:10750000012A39D0032A23D0002A95D13B88B3F52C
:10751000105FA4D1182E03D0202E01D0102E8BD1B5
:10752000494F2DE00323D5E70123D3E70423D1E717
:10753000032B02D0FF2B7FF47FAF0221BDF8023076
:1075400061F3C81385E7BDF8023043F4C07380E7E8
:10755000412E0ED0202E05D006D8102E02D0182E87
:107560007FF46AAF394F0BE0302EFBD0612E7FF4F1
:1075700063AF0135013EF5E7302E7FF45DAF344F48
:107580004FF000080F364FEA1619C14515D11F2ECE
:107590001CD81C22002101A802F043FD4FF0000A74
:1075A0004FF0FF39D04518D11F2E04D9BA20FFF76C
:1075B000F3FD002835D1002040E704EB080002F07D
:1075C0006FFB00283AD008F10108DEE7414620466B
:1075D00002F0A2FB0028DCD030E707EB0A124FEAEA
:1075E0000A130692BAF1000F1ED1009A0792BDF855
:1075F00002202B44C2F3C11205920DF1040C03F1D9
:10760000100E624618685968083303C273459446E1
:10761000F7D101A904EB0A00FFF792FD38B102F09F
:1076200093FB6FF0920009E7CDF81C90DFE71C2177
:1076300001A802F029FB0AF1010AB3E76FF08A0002
:10764000FCE600BF78AE000000FF0720000000202D
:107650001094055010B590B01C22002101A802F032
:10766000E0FCF82002F01CFB08B3202200200DEB08
:107670000201FFF745FE0446F8B901A84FF48071F6
:1076800002F040FB0E4B0F4904930F4BCDE9011361
:107690000E4BF821069320230DEB0302FFF7B4FEF7
:1076A000202104460DEB010002F0EEFA05E0F9207E
:1076B00002F0F6FA0028D8D10446204610B010BDDA
:1076C0000010C00400240001014B4E80F800FF7F31
:1076D0002DE9F3411D464FF48073284C804600206D
:1076E00017460E46019300F097F901AB2360112372
:1076F000234A0121C4E9022304F11003636040F628
:107700001103E36104F1200363612123089AE3621A
:107710001C4B46F000561A60099A45F0005542F09D
:107720000052C3E901122022C4F81080A66127622A
:10773000A5626162DA60BFF35F8F134A1460BFF322
:107740005F8FBFF35F8F1361BFF35F8FBFF35F8FF7
:1077500003235363BFF35F8FBFF35F8F9363BFF365
:107760005F8F00F039F8431C0446FAD0002000F087
:107770007DF9204602B0BDE8F08100BF04DC0020A6
:1077800004000020F4DB00200000015038B5BFF3F6
:107790005F8F104CE569BFF35F8FBFF35F8F1023DE
:1077A0006363BFF35F8F012002F0ABFBBFF35F8F1A
:1077B00000236363BFF35F8FBFF35F8FE36BBFF3A0
:1077C0005F8F5B06F8D425B1BFF35F8FE561BFF330
:1077D0005F8F38BD0000015008B500F0A7F9104ACE
:1077E00020B9BFF35F8F906ABFF35F8FBFF35F8FE6
:1077F000D36BBFF35F8F10F0240F03F0230304D08B
:10780000FFF7C4FF6FF01F0008BD4FF0FF30002BE3
:10781000FAD1BFF35F8F1063BFF35F8F1846F3E7B2
:1078200000000150BFF35F8F094A1368BFF35F8FF9
:1078300043F48071BFF35F8F1160BFF35F8F23F458
:107840008073BFF35F8F1360BFF35F8F704700BF1C
:1078500000100150BFF35F8F1522064B5A62BFF331
:107860005F8FBFF35F8F40F237129A62BFF35F8F73
:10787000704700BF0010015008B5FFF7D3FFBFF3FA
:107880005F8F064A1368BFF35F8F43F00103BFF3B6
:107890005F8F1360BFF35F8F08BD00BF0010015002
:1078A00070B50026C0E9006605460C46FFF78EFB62
:1078B00001232B70FFF7B6FFBFF35F8F204BDB6810
:1078C000BFF35F8F9B08013BACB3226842B19A4281
:1078D00005D9FFF79DFB6FF03F002E7070BD13467A
:1078E000D4E90115E068002908BF4FF400710028B1
:1078F00008BFF1202469BFF35F8F114A9360BFF383
:107900005F8FBFF35F8F1564BFF35F8FBFF35F8F30
:107910005064BFF35F8FBFF35F8F5163BFF35F8F1F
:1079200044F4802444F00104BFF35F8F1460BFF37C
:107930005F8F0020D2E74FF40071F1202546DAE78F
:107940000010015070B503780D461446002B53D03B
:10795000BFF35F8F2D4A136BBFF35F8F5908C3F3DB
:107960004203052B4BD011F0060F02D14FF0FF3030
:1079700070BD4368D3B9BFF35F8F5368BFF35F8FA8
:10798000032BF3D9224B2349BFF35F8FD2F88060DA
:10799000BFF35F8FBFF35F8F43F8046BBFF35F8F5D
:1079A0008B42F1D1FFF768FF01234360BFF35F8F84
:1079B000164B9A68BFF35F8F0132B4EB021F21D8D8
:1079C000BFF35F8F5A68BFF35F8FB4EB820FCDD8E0
:1079D00084B1BFF35F8FD3F88020BFF35F8F291D81
:1079E00005F8012B8D424FEA122204F1FF34EFD04B
:1079F000002CF5D10020BBE76FF02000B8E76FF056
:107A00005100B5E76FF03F00B2E700BF0010015032
:107A1000101001502010015010B50446FFF7D6FA9F
:107A2000104B186802F052FA0CB101232370BFF317
:107A30005F8F00220C4BDA61BFF35F8FBFF35F8F64
:107A40004FF0FF321A63BFF35F8FBFF35F8F3422B3
:107A5000DA61BFF35F8F012203F59223C3F8042399
:107A600010BD00BFA80200200000015010B5044660
:107A700038B9FFF7CDFABDE81040074B186802F09F
:107A80002BBA03783BB1FFF7C3FA034B186802F037
:107A900023FA0023237010BDA802002038B5154C2E
:107AA000D4F80051BDB1BFF35F8F134B996ABFF398
:107AB0005F8FBFF35F8F4FF0FF321A63BFF35F8FAB
:107AC0000023C4F80031D4F800310C4B1868BDE82D
:107AD000384002F014BAD4F8083153B100F076F807
:107AE00002F085F9C4F80851D4F808310121044B9B
:107AF000ECE738BD0090055000000150B0020020B6
:107B0000AC02002008B5074B186802F0E7F9064BF5
:107B1000186802F0E3F9BDE8084000225920114638
:107B2000FBF7D0B9B0020020AC02002038B5094BF9
:107B30001C7864B1084B4FF0FF311D68284602F0F5
:107B4000CFF94FF0FF310446284602F0D6F920461F
:107B500038BD00BFA7F50020B002002010B5064CCC
:107B6000E36C3BB9214651F84C3B986902F080F92F
:107B70000123E364014810BD34DC002080DC0020D8
:107B800010B504460E4B186802F0A0F90D4B1A68A8
:107B9000236122605A6862609A68A2600A4A126889
:107BA0009A660023A364FFF711FA204602F010F949
:107BB0000028FAD1204602F010F90028F5D110BDB6
:107BC000B402002034DC002094AE0000004870476E
:107BD00034DC002010B50446054A036912689A6631
:107BE00002F039F92046BDE8104002F008B900BFA4
:107BF000ACAE000010B50446FFF7ECFF0422084BC2
:107C0000C3F80823FFF704FA064A236912689A6644
:107C100000236364044BBDE81040186802F05CB9AF
:107C20000090055094AE0000B402002010B5104B37
:107C3000104C236003F5C04363602461FFF78EFF9F
:107C400098B1236D2046B3F5007FCCBF4FF480631D
:107C50004FF40073A360FFF793FF2046FFF7BAFFCE
:107C60002046FFF7C7FF002010BD0E20FCE700BF35
:107C70000020015034DC0020244B0340B3F5806F1A
:107C80002FD017DC402B2ED008DC102B2DD0202B32
:107C90002DD0181E18BF012040007047B3F5807F1B
:107CA00027D0B3F5007F26D0802B08BF0B2018BF4C
:107CB00002207047B3F5804F1FD00ADCB3F5805F18
:107CC0001DD0B3F5005F1CD0B3F5006F08BF0620D0
:107CD000EDE7B3F5004F16D0B3F5803F08BF0320A2
:107CE000E5E7112070470A2070470C2070470920F3
:107CF0007047082070470720704714207047052000
:107D00007047042070470F20704700BFF0FF01004C
:107D10002DE9F0434FF0000985B00546CDF80490F9
:107D200000F10C07EFF31188202383F31288BFF3CF
:107D30006F8F8368594003EA02060A4053400E4998
:107D400001AACDE9023901F04DFE019C3CB120466B
:107D5000C4F8BC900021246E01F0D9FDF6E7DDE9FE
:107D6000023223EA020338464146AB60FEF7A4FB29
:107D7000304605B0BDE8F0838D9F000070472DE9C7
:107D8000F0471546002970D00024B0F800C0264600
:107D90006FEA0C0C4FF000084FF00009274647F639
:107DA000FF7ECCF3C03C30F9172082EAE273A3EBEC
:107DB000E2739BB2B3F5004F08BF73461BB29E42FD
:107DC000B8BF1E46C2FB82892FB1D243D20F624593
:107DD0001CBF944601340137B942E4D149463A46C2
:107DE00000234046F8F770FB4FF000094FF0804E3B
:107DF000484571EB0E0314D30023984659EA0E024E
:107E000016D1012F1FBF4FF4FA5161437F00B1FB20
:107E1000F7F108BF0021C5E902412B60AE80BDE843
:107E2000F0874FEA990242EA8E794FEA9E0EDFE729
:107E300013EB09024EEB080C90424FEA530371EB2F
:107E40000C0A43EAC8734FEA580807D3821A10464F
:107E500061EB0C0119EB03034EEB08084FEA9902A2
:107E600042EA8E794FEA9E0EC8E70B460C460E4654
:107E7000D1E7836800EBC101B3F5004F2CBF51F887
:107E8000220031F81200704700EBC1018068B0F5A4
:107E9000004F2CBF41F8223021F8123070470122E8
:107EA00008B5FFF7E6FFD04008BD836800EBC101CD
:107EB000B3F5004F08D34B681AB143F001034B6090
:107EC000704723F00103FAE74B881AB143F001032E
:107ED0004B80704723F00103FAE753000122FFF7BC
:107EE000D3BF8368481CB3F5004F34BF0423082375
:107EF0000833A0EBD300B0FA80F0C0F11F00704748
:107F00002DE9F0410D4686680446FFF7C8FFB6F537
:107F1000004F014601D3012832D02046FFF7E1FF90
:107F200004EB80010E6996B90122E3688240134395
:107F3000E36002220D612B4629462046FFF7A4FF8D
:107F4000032229462046BDE8F041FFF79DBF0222EB
:107F500031462046FFF78DFF074603462946204657
:107F6000FFF792FF0322334629462046FFF78CFF96
:107F700039462B462046FFF787FF02223146E1E7CC
:107F8000BDE8F081B2F5802F2CBF082304232DE932
:107F9000F0410026D21A8C18CD1D25F0070524F0DB
:107FA0000704641BE408056021462846AC60EE60C7
:107FB000FFF797FF421D9200013002F107074FEAD9
:107FC000D7073146A2F1100205F11000B8BF3246C2
:107FD00002F027F83A4631462846FFF77EFF33463F
:107FE000324631462846FFF74FFFA4EB07082846E4
:107FF00031460122FFF759FF42463946FFF76DFF30
:108000003B46324639462846FFF73EFF2146284682
:10801000FFF763FF4346324621462846FFF734FF09
:10802000214628460122FFF740FF3946BDE8F041CE
:10803000FFF766BF2DE9F04706460D4617469846FE
:108040002BB34FF0000A98F8004093F80190DB78CA
:10805000A40004EB430498F802301C444444CA458D
:1080600009D339463046AC46D8F8042008F1080355
:10807000BDE8F047604714F8013B0AF1010A2046C9
:1080800048F82340F8F73AFA01300444E7E76FF084
:108090001500BDE8F08770B5002502462846144655
:1080A00014F8013B0BB9184609E098B18D4207D18D
:1080B000702B04D0A3F140023A2A0BD8002070BDE7
:1080C000A3F140063A2E05D853780135941C002BB5
:1080D000E9D00020252B224608BF80F00100DEE712
:1080E0000020704730B50C688B6814B14A689A421A
:1080F00002DC01338B6030BD013A9A4214BF054661
:108100000025E5548B68F4E70FB407B504A951F8CE
:10811000040B019100F0BFFB03B05DF804EB04B069
:1081200070470CB407B504AB53F8042B0193F9F76F
:1081300067F803B05DF804EB02B07047044608B579
:10814000084611461A46A047FEF7D0FAFAF734FE61
:108150002DE9F0410746884615461E461446B442AE
:1081600005D30EB1601B08E02378002BFAD04146FE
:1081700014F8010BB8470028F1DABDE8F08110B51A
:108180000369024613F0080009D11368D4689C42C1
:108190009BBF0120126AE31AD31A0B6010BD0023A3
:1081A0001846FAE713B501A90446FFF7E8FF20B126
:1081B000019BE268013B13440193206A019BC01AB2
:1081C000013802B010BD10B5044650182269236A68
:1081D000D20702D5013B184010BD984228BFC01AF3
:1081E000FAE710B504460A46C168FFF7ECFF2369B9
:1081F000E06023F00803236110BD38B50D46C26965
:108200008B00016843F00203044642F82130016804
:108210002A46FFF7D8FFE3686168984208BF2369E0
:10822000206008BF43F008032A46204608BF2361A8
:10823000FFF7C9FF606038BD2DE9F74FC768C66911
:108240009B4606EB8703009316F82730044603F09D
:108250000303022B884691464FF000030BD01360B6
:10826000CBF8003023699B0713D44FF0000A504627
:1082700003B0BDE8F08F56F8271013608908CBF8DB
:108280000030EFD0FFF7ADFFE368A3604FF0010AC5
:10829000EDE7A36906EB8700984716F82720054607
:1082A00012F0010AE1D012F002021FD0B8F1000F63
:1082B00003D041462046FFF7A0FF61682A462046CA
:1082C000FFF781FFD4E902219142606006D12A467E
:1082D0002046FFF778FF4FF0000AA060A2682260F6
:1082E000E260226942F008022261C0E701462046AE
:1082F0000192FFF776FFE368A360B8F1000F04D0A6
:108300002168E369019A43F8212005EB0802CBF8C4
:10831000002021682046FFF756FF2369206043F0C4
:108320000803236116F827306FF3000306F827309F
:10833000009BC9F80030A9E770B504461546FFF761
:1083400042FF2368834205D12369216023F008039B
:10835000236170BDE269AB0043F0020342F82130B3
:1083600061682A462046FFF72EFF6060F1E738B5C6
:10837000036904465B0706D5456AFFF713FF85428C
:108380002CBF6562606238BD38B50D4604461C22BC
:10839000002101F046FE0022EB68A361AB68636137
:1083A0002B68E3616B68626223622A6923B1591EFC
:1083B000194208BF42F001022261012204F12800A3
:1083C0000021BDE8384001F034BA2DE9F04F002516
:1083D00087B00093036A04468B420E469246A94634
:1083E0000395059539D3EFF3118B202383F312887E
:1083F000BFF36F8F059AD8462AB129462046FFF76A
:108400009BFF0023059304A92046FFF7B8FE0499BB
:108410000746B1422AD32268E369204613F82210A6
:1084200003EB820921F0030103F822102168324690
:10843000FFF7C9FEE3682060984212D0002788F356
:108440001188BFF36F8F039929B162690AB1204681
:10845000904700230393002FC5D1484607B0BDE8DD
:10846000F08F236943F008032361E7E718B1204642
:10847000FFF7C3FEE3E7009B5AEA03021CD0019119
:1084800001F0E3F90199B8B9BBF1000F14D187F3FA
:108490001188BFF36F8F5246009B04F12800FDF74F
:1084A000D7FDEFF31188202383F31288BFF36F8F7A
:1084B000B0FA80F77F09C2E7204605AB03AA25681A
:1084C000FFF7BAFE0746BAE770B504468369084667
:1084D0000D4698470246EFF31186202383F3128856
:1084E000BFF36F8F2B78204643F001032B70616838
:1084F000FFF769FE60602046FFF739FF86F31188B9
:10850000BFF36F8F70BD2DE9F04104462027002096
:10851000EFF3118687F31288BFF36F8F236913F08F
:10852000080FA36802D16268934200D9226AD21A66
:10853000E1695AB986F31188BFF36F8F18B104F15E
:108540002800FDF751FD4FF0000834E011F823201A
:1085500001EB830812F00305ECD0022D03D151F892
:108560002350AD0805D1D00713D44046A3699847DE
:108570000546A1682A462046FFF725FE2946A06049
:108580002046FFF72EFE86F31188BFF36F8F012080
:10859000BEE742F0020201F82320A3694046A56825
:1085A0009847294602462046FFF70DFEA06086F355
:1085B0001188BFF36F8F4046BDE8F081F8B50446DF
:1085C000836908460D4698470646EFF31187202336
:1085D00083F31288BFF36F8F2B786FF300032B7038
:1085E00023699B0705D5E268E36903EB82039D429B
:1085F0001AD12B786FF341032B70D4E902319942E1
:1086000004D132462046FFF7DEFDA0603146204609
:10861000FFF7E7FD87F31188BFF36F8F04F12800A0
:10862000BDE8F840FDF7E0BC2B6860F39F032B60CA
:10863000F0E7EFF31181202383F31288BFF36F8FEC
:10864000036913F0080F836802D14268934200D98E
:10865000026AD31A81F31188BFF36F8F181E18BFF7
:1086600001207047038B13F0070305D10368002B2B
:108670000CBF002003207047022B05D1408BB0FABD
:1086800080F0400980007047012B05D10368002B62
:108690000CBF0020052070470020704710B50C4625
:1086A00000B111B96FF0150010BD081D00F0B7F84A
:1086B0000028F9D1A368032BF6D9F3E72DE9F0419F
:1086C0000D4607461946281D90461E4600F0B8F88C
:1086D000044638B13346424629463846A446BDE8EA
:1086E000F0416047BDE8F08110B4EFF3118220241F
:1086F00084F31288BFF36F8F416110BC0121F9F739
:10870000ADB938B50C46054658B151B10B6843B107
:108710004B6833B11C22002101F083FC00202C6146
:1087200038BD6FF01500FBE770B505460E46FFF744
:10873000B5FF041E14DBEFF31182202383F31288AC
:10874000BFF36F8F4FF6FF716B8B2C8B8B4204F056
:10875000070407D182F31188BFF36F8F6FF00A040B
:10876000204670BD022C0CD101336B8382F311883B
:10877000BFF36F8F0023224631462846FFF79EFF46
:10878000EEE7062C14D8DFE804F004131313041AE0
:108790000400002333606B683BB9C5E90066ACB9DF
:1087A00002212846F9F75AF9DAE71E606E60F6E70B
:1087B00082F31188BFF36F8F6FF00404D0E782F368
:1087C0001188BFF36F8F6FF08504C9E782F31188BA
:1087D000BFF36F8FC4E710B5EFF31182202383F34B
:1087E0001288BFF36F8F048B04F00704022C0AD0A9
:1087F000012C0CBF6FF004006FF0850082F311882C
:10880000BFF36F8F08E0438B013B9BB2438323B9D7
:108810002146F9F723F9204610BD2046EEE703462E
:1088200058B1426802F00302012A03D0032A04D19E
:10883000026812B10020986070476FF01500704711
:108840004268034602F00302032A4FF000028160EF
:1088500014BF104600685A607047704703785B0782
:108860005FBF03684288C3F34A2303EB12105DBF66
:10887000173020F007008008002070470020704764
:1088800000F073BC0346D3E8EF0F421CC3E8E12FAE
:108890000029F8D170471FB50023CDE902011A461F
:1088A00019461846CDE90033F9F700FD05B05DF82B
:1088B00004FB0120F9F7B6BA002070474368DA716B
:1088C00001224368196043685A71F9F79DBA70B57F
:1088D00015460C4669B1D2E901369B1B99420AD86C
:1088E00013680A460146981901F08EFBAB682344D1
:1088F000AB60204670BD6FF01B00FBE770B50E4605
:1089000015461946044618B9BDE87040F9F78ABA09
:1089100033B1C2F34A231030120D184401F074FB36
:10892000C4E900562046BDE87040F9F71BBC2DE9AC
:10893000F3415F1C4FEA8708064608F1170020F054
:10894000070080080C461546F9F7E8FA00238DF871
:108950000470ADF805308DF8073068B10346019A10
:10896000A8F1040143F8102F2A46294452F8045B69
:108970008A4243F8045FF9D100233146A20102F490
:10898000E07242EA482222F07F4222F4700222F092
:108990003F0202B0BDE8F041FFF7B0BF07B50123C9
:1089A000019201AAFFF7C3FF03B05DF804FB07B50E
:1089B000CDE9002302236A46FFF7B9FF03B05DF853
:1089C00004FBF8B506460D4614461F4604B9F8BD2B
:1089D000214628463A46B047241A0544F6E710B522
:1089E00042680446D2E9002381680068FFF7E9FF86
:1089F000002263681A6010BD13B500240094F8F7D4
:108A000079FC02B010BD38B54B6805461A68CB68D2
:108A10000C469A4202D10846FFF7E1FF6368D3E8AB
:108A2000EF2F511CC3E8E01F0028F8D1A3680020F5
:108A30009D5438BD0A2838B504460D4602D10D2094
:108A4000FFF7E1FF29462046FFF7DDFF002038BD94
:108A50002DE9F043054687B008460E8891F800904E
:108A60000C46D1F808801746F9F770FC011EC6F3D2
:108A70008216C9F3C2091EDB4846F9F785FB034697
:108A8000214651F8102B6088C2F34A22002A01EBDC
:108A9000020408BF00210022C0F30B10CDE9040737
:108AA000CDE902142846414601960092F9F77AFC76
:108AB00007B0BDE8F0830023E2E7436800201B68AD
:108AC0005B681961704743681B681A685268536095
:108AD000704701212DE9F04143681B685A68117500
:108AE0001D682F68D5E90136D3E900481CB96B68C9
:108AF0001C60BDE8F081214630464246B847241A42
:108B00000644F3E743681B681868F9F7B9BD70B508
:108B100043680C461D686B681869F9F75FF92146D0
:108B200003460F222868BDE87040184701F079BA63
:108B300001F06ABA01460068F9F732BE08B5F9F7E4
:108B40008BFEBDE80840F9F78BBE0A460121FFF70E
:108B500025BF00210120F9F723BED0F8A83083F308
:108B60000B8870476FF08500704761B662B680F37E
:108B70001188BFF36F8F704772B6002383F311889B
:108B8000BFF36F8FBFF34F8F30BF62B6BFF36F8FEE
:108B9000704772B6002383F31188BFF36F8FBFF362
:108BA0004F8F20BF80F31188BFF36F8F62B670477D
:108BB00040E800F313F4803FD8B208BF6FF015000F
:108BC000704730B50C684B6885B00A894D890094B0
:108BD000013B24F01F04234402F01F0242EA451225
:108BE00023F01F0369468DF808200393FAF736FA3D
:108BF00005B030BD4FF0FF307047002070470C22A9
:108C00000369C9B201FB0233D86D00F00700704759
:108C100070B5C9B20369EFF31185202484F312887B
:108C2000BFF36F8F0C2606FB0134E46D14F0C00413
:108C300008D0A24206D085F31188BFF36F8F4FF0A2
:108C4000FF3070BD012271430B44DA6585F3118852
:108C5000BFF36F8F43680B445B6898470020F0E7D1
:108C60008022FFF7D5BFF8B5069F0469C9B2EFF3BC
:108C70001186202585F31288BFF36F8F0C25694379
:108C80000C44E56D05F0070CBCF1010F0BD1E76555
:108C900086F31188BFF36F8FC4E9152343685B58CF
:108CA00098470020F8BD05F0C005AF4286F3118853
:108CB000BFF36F8F0CBF6FF077004FF0FF30F1E71D
:108CC00013B580240094FFF7CEFF02B010BD10B49E
:108CD0001C240069CBB203FB0400002110BC104728
:108CE000022000F08FBA022000F098BA1046FDF77B
:108CF0007BB900F0A8BAFCF747B8436800205B686E
:108D0000DB680B607047436802EA01005B6821EA98
:108D100002015860002099607047436800205B683A
:108D200059607047436800205B68996070474368EA
:108D30005A68136821EA03000B40506000209360DA
:108D4000704710B503695868F8B1884219D19C681A
:108D50000868A142586000D19860002008602AB1DC
:108D60005A680A609A68596002B99960002010E058
:108D7000814206D10868206098688142EDD19C60EC
:108D8000EBE7044600680028F2D1002AE8D16FF032
:108D9000150010BDFCF7CABA0129036907D193F881
:108DA000CD0010F001000CD003F11400704739B968
:108DB00093F8CD0010F0020003D003F16800704773
:108DC00000207047D0F8BC3098684223C0F80833C0
:108DD00001234360C0F30830FAF752B81FB50C46C0
:108DE0000022002301A94030FCF7D2FF48B901203E
:108DF000039B6360019BA360029B9B08238204B0DA
:108E000010BD0020FBE713460A460121FFF7CFBD46
:108E1000F8B590F8C9300546012B0C46D0F8BC6077
:108E200014D0FAF7CFFE58B90423422285F8C8308F
:108E3000B368C3F8082301225A6000273846F8BDFA
:108E400095F8C93013B96B6F9B0823826368C5F826
:108E5000C030A368C5F8C430D5F8BC301E6932797B
:108E6000C2F30017D206E8D5228A9B689200C3F8A5
:108E70004827228A06F108059200C3F808272268CD
:108E8000C3F804276268C3F844270FCC0FC52368D2
:108E90002B6033796FF304133371CFE70A46012156
:108EA000FFF77CBDF0B5426887B093681469D3F8CA
:108EB000202122B10022C3F82021D3F82021D3F8A9
:108EC00018217AB10022C3F81821D3F81821227989
:108ED00042F0080202F012011229227104BF42F08E
:108EE00020022271D3F804217AB10022C3F80421B0
:108EF000D3F80421227942F0040202F01101112971
:108F0000227104BF42F020022271D3F8082112B965
:108F1000D3F80C21CAB10021C3F80811D3F80821F5
:108F2000C3F80C11D3F80C210C222046C3F80823F7
:108F3000C3F8001550F81C3B98472046022150F812
:108F4000083B07B0BDE8F0401847237903F00F0253
:108F50000F2A07D0D80701D4190703D49A072AD4B7
:108F60005B0728D5237923F00C0313F0200C237121
:108F700008D023F0300343F01003237101210020B7
:108F80002368DEE701AE04F11C050FCD0FC62B6888
:108F900004F11C07336004F108060FCE0FC73368D5
:108FA00001212B602379C4E902CC43F01003237123
:108FB00001A82368984707B0F0BD91F8C43010B5F8
:108FC000012B0C46A1F1040007D1FFF7FBFE54F87A
:108FD000040CBDE81040FFF7FEBBBDE81040FAF7F7
:108FE000C1BE7FB54B1E012B04460D461DD800F1B6
:108FF000400600220023304601A9FCF7C9FE78B1E3
:10900000022D14D104F1940500220023284601A961
:10901000FCF7BEFE58B90199206F00F09CFBF3E706
:109020000199E06900F097FBE3E70029EAD004B07A
:1090300070BD30B543681360057A446804EBC5041D
:10904000A34202D36FF0010030BD5C798C4201D0A5
:109050000833F0E70020F7E743681B68D3F83031A6
:10906000704743681B68D3F88004C3F880047047D6
:1090700042681368D3F84C0150B10020926A12780C
:109080000A70C3F84C01D3F84C2101229A62704750
:109090004FF0FF30704713B501AA0446FFF7C9FF30
:1090A000002805DB019B226819791868FBF714FB7F
:1090B00002B010BD38B5054600220121C620F9F7DF
:1090C00001FFC620F9F7CEFE6C680121E068FFF7CA
:1090D000E2FF6B6819686369C1F82435E28BA38BE2
:1090E000A07E1343228C1343628C1343627E9BB297
:1090F0000243207E02431343C1F86C3569680B6854
:10910000D3F8002242F48022C3F800220822C3F8D8
:1091100000254A6A0121C3F83C270022C3F84027F2
:109120001965D3F830110029FBD0C3F800256D680C
:109130000021E8682C68FFF7AEFF0823C4F800356B
:109140002A7A52B9AB6AC4F804370123C4F8083745
:10915000C4F84C21D4F84C21A362002038BD08B5D6
:109160000220FAF707FB002008BD08B5FCF708FA53
:1091700008BD08B5FDF774FE48B1002383F31188DC
:10918000BFF36F8F0423184602DF6FF0040008BDA1
:1091900003460020184700F095BA024610B5116842
:1091A00091B1B1FA81F3C3F11F000123834021EA99
:1091B0000303D2E8EF4F8C4204D1C2E8EC3FBCF18C
:1091C000000FF6D1EBD110BD6FF00B00FBE710B52F
:1091D0000368CB40DB0710D401238B40026843EACD
:1091E0000201D0E8EF4F944204D1C0E8EC1FBCF17B
:1091F000000FF6D1F2D1002010BD6FF01500FBE793
:10920000FBF74EBD012804D0022804D028B9FBF793
:10921000BBBDFBF76BBEFBF701BF7047012804D055
:10922000022804D028B900F00EB800F00EB800F003
:109230000EB8704708B5FBF78FFEFBF7E5FDBDE8FC
:109240000840FBF709BFFBF773BDFBF715BEFBF743
:10925000BDBEF7B51646DDE90847019001A81D46D9
:10926000FBF712FF019BB6F1000C18BF4FF0010C89
:1092700000EB83000B1E18BF0123002D43EA4C03B3
:1092800014BF4FF00C0C4FF0000C002C43EA0C0301
:1092900014BF4FF4706C4FF0000C002F43EA0C0326
:1092A00014BF4FF4403C4FF0000CD0F8802043EA4C
:1092B0000C0322EA030301B109780EB13678760077
:1092C00019430DB12D78AD0031430CB1247824023F
:1092D00029430FB13F783F040C433C43C0F8804022
:1092E00003B0F0BD1FB50DF10F03019300238DF8FE
:1092F0000F101A4619460093FFF7ABFF05B05DF853
:1093000004FB10B504460846FBF7CEFE04EB400410
:10931000A08AC0F3401010BD10B504460846FBF704
:10932000C3FE04EB4004A08AC0F3400010BD10B59A
:1093300004460846FBF7B8FE04EB4004A08A400B45
:1093400010BD70B5044608461646FBF7ADFE083062
:1093500034F810300D46DA0509D5C3F3432304EB86
:10936000C3023146284654F8333052689847A36800
:109370002BB131462846E268BDE87040184770BD01
:1093800010B504460846FBF78FFE00B204EB400020
:10939000838ADA051DD5C3F3432123F4F85383826E
:1093A00004F1120204F1960032F8023F13F4807FB8
:1093B00003D0C3F3432399420BD08242F4D100225D
:1093C00004EBC1035A6004F19C00BDE81040FFF7B4
:1093D000FEBE10BDF0B504460020012705468446B8
:1093E00095420AD1D4F8443133B10023C4F8443152
:1093F000D4F8443140F40030F0BDEBB29B0003F5EB
:1094000080769B0807FA03F3194208D054F806E067
:10941000BEF1000F03D044F806C0A6591843013529
:10942000DEE738B504460D46FFF76BFFB0B12046C6
:10943000FFF772FF90B92046FFF779FF01232268FA
:109440008340C2F81833236800B203EB8003D3F8DB
:10945000102522F00302C3F8102538BD2846BDE8C8
:1094600038400021FFF73EBF2DE9F0431746044680
:1094700085B00846FBF718FED7F800800E46054673
:10948000B8F1000F1FD02046FFF746FF18B1204665
:10949000FFF737FF30BB00230DF10F02CDE900339A
:1094A0008DF80E308DF80F30304643460DF10E0129
:1094B000FFF7CFFE2AB204EB4202938A23F00203A5
:1094C00043F0010393827B68002B34D03146204661
:1094D00093F80080D3F80490FFF71EFF28B1B9F18C
:1094E000000F1FD06FF0150028E028B204EB4000F9
:1094F000838A23F4604323F020038382B9F1000FB1
:1095000010D0B8F1030FEDD87B6821685B6893F841
:1095100000C001EB8C01B8F1000F12D1C1F8108529
:10952000C1F810852AB204EB4202938A23F01C038F
:1095300043EA88039382BB6853BB002005B0BDE8B3
:10954000F083D1F8102522F00302C1F8102522681B
:1095500002EB8C03D3F8102522F4473222F47C72FC
:10956000C3F8102541F6F072D3F8101502EA06127E
:1095700042EA08420A43C3F8102504EB4C03A3F85F
:10958000A060838A43EA4C3343F020038382C9E717
:109590003146D3E900782046FFF7F2FE002FCCD009
:1095A00063689F4206D004F19C00FFF7F6FD002897
:1095B00004DAC3E7A3689845F5D1002004EBC003A3
:1095C000C3E901782DB204EB4505AB8AC0B243EA8A
:1095D000402343F48073AB82AFE7C0E903127047C6
:1095E00070B504461546FFF78CFE48B10846FBF7F8
:1095F0005BFD04EB40040020A38A5B0B2B7070BD65
:109600006FF01500FBE790F8B000003818BF01209C
:109610007047FBF781BD2DE9F34104461746FFF77C
:1096200070FE0D46266800B32046FFF775FE8046A3
:10963000D8B92046FFF77BFE05B2AD0005F5807274
:1096400046F802802168B2582944D1F8102542F02A
:109650000102C1F810252FB10122216802FA00F39E
:10966000C1F8143302B0BDE8F081D6F814332846AF
:109670009B035CBF4FF40033C6F81433FBF714FDB3
:1096800004EB4004A38AC3F38203042B11D0052BFF
:1096900011D001A80195FBF7F7FC019BC168D940E7
:1096A00001F001010231284602B0BDE8F041FFF7A8
:1096B00019BE0321F7E70221F5E7FFF7B2BEC9B2F1
:1096C000FCF714B908B1F9F71DBF704710B543692D
:1096D00004463BB90020E2684042537843F001035E
:1096E000537010BD98470028F4D00028B8BF4042FE
:1096F000FF28A8BFFF20E3681870ECE740B1C368FB
:10970000587810F001001EBF1878B0FA80F04009B8
:109710007047EFF31183202383F31288BFF36F8F19
:10972000FEE74169826842EA010313F003030FD1A7
:10973000C3600369013B03FB0122002B01DA002017
:109740007047C168013B11604169C260521AF4E779
:109750006FF0150070472DE9F04105460F46EFF315
:109760001188202383F31288BFF36F8FC668FEB978
:109770000468A0421CD0DCB1D4E9003213605A6006
:10978000637BC4E9006623F002036373A66004F1FF
:10979000180000F060F92046C4F8BC60276100F0B2
:1097A00096F8414605F10800BDE8F041FCF784BE9B
:1097B0003E60AB69EF60013BAB6188F31188BFF39A
:1097C0006F8FBDE8F081202408B5EFF3118384F397
:1097D0001288BFF36F8FFFF7CFF9F6E7D0E90032B9
:1097E00013605A600023427BC0E9003322F002027A
:1097F000427383607047C0E9022303FB0212002317
:10980000C0E90521C0E900000161C161036280F87F
:109810002430704713B501240094FCF74FFA02B0CE
:1098200010BD90F90E308B4201D0FCF7D3BD002063
:1098300070473AB18A4205D3C0E90212C0E900007C
:10984000002070476FF015007047EFF30580003877
:1098500018BF0120704784307047D0E90032136090
:109860005A600023C0E90033704708B5FFF7F5FFE1
:10987000437B23F0020343730023836008BD38B5A4
:1098800004460D46FCF714FD637B43F0020363734B
:10989000E5B1A5602B689D4209D16B68C4E900530E
:1098A0001C606C6012E06A689A42F6D01B68002B5C
:1098B000F3D094F90E2093F90E108A42F3D091421E
:1098C000F1DD5A68C4E9003214605C6038BD10B53F
:1098D000EFF31184202383F31288BFF36F8FFCF71B
:1098E000A5FC84F31188BFF36F8F10BD08B5EFF3AB
:1098F0001181202282F31288BFF36F8F83680BB12E
:10990000FFF7B3FF81F31188BFF36F8F08BD38B540
:10991000EFF31184202383F31288BFF36F8F0023AA
:1099200090F86C50427B80F86C302DB121B184F3FB
:109930001188BFF36F8F38BD12F0280FF7D18368FD
:109940000BB1FFF792FF437B23F004034373FCF753
:109950006DFCECE701211838FFF7D9BF08B50346C5
:10996000EFF31181202282F31288BFF36F8F00681A
:10997000834207D008B1FFF778FF81F31188BFF366
:109980006F8F08BD0020F8E770B505460E46FCF75E
:109990004DFEB6F1FF3F08BFB5F1FF3F0446284634
:1099A00012D04FF47A7547F61120002147F61222A3
:1099B0000023C4FB0501F6F787FDB0F1004F71F1FC
:1099C000000128BF6FF0004070BD08B5C3171F30FD
:1099D00043F10003400940EAC360C117FCF726FECB
:1099E000400108BD2DE9F04105460E461746EFF34C
:1099F0001188202383F31288BFF36F8F0468A0427D
:109A00000FD1002088F31188BFF36F8FBDE8F0817C
:109A100039462046B0470028F4D16B68A342F0D005
:109A20002468002CF4D1ECE708B50246FCF7AAFF45
:109A300070B1D0E904319B1A61EBE272B3F1004FCF
:109A400072F1000104DA002AACBF1846002008BDFC
:109A50006FF00040FBE7024638B5EFF31185202395
:109A600083F31288BFF36F8F0368CBB1FCF78AFFD3
:109A700004461046FCF798FF00224FF00043844252
:109A8000C0E9042306D1FCF785FFFFF7CDFF0021D5
:109A9000FBF728F8002085F31188BFF36F8F38BDDE
:109AA0006FF01500F7E708B5FDF788F808BDFDF77A
:109AB00085B80023C0E9081200F11802C0E90622A7
:109AC000C0E9003303634363704710B50446FFF7F2
:109AD000C2FFA8B9636A0BB12046984704F1180089
:109AE000FFF73CFF60B1FFF7F2FEEFF31180202398
:109AF00083F31288BFF36F8FBDE81040FCF7EEBC14
:109B000010BD704710B400F10C04C0E9034410BC50
:109B1000FEF738BA10B50446406A10B1A16A00F0E9
:109B200029F80020C4E9090010BD38B50546FFF743
:109B3000F1FF2B7F0446012B0ED0023B012B0ED8E8
:109B40002B6A012B18BF6FF096042C2200212846A7
:109B500000F067FA204638BD2B6A002BF2E76FF061
:109B60009604F2E7FDF78ABA70470020704700209C
:109B70007047704710B5044608B1FDF71BFA204640
:109B8000BDE81040FDF710BA0A2840DCC31C22DAF9
:109B900010F1400F47D010F13F0F2BDA10F1410FB9
:109BA00044D010F1550F44D010F1490F08BF6FF0A9
:109BB000840018BF6FF08600704709282AD8DFE8B4
:109BC00000F00529290816293829292F6FF0980057
:109BD000704700207047C31C0D2B1BD8DFE803F033
:109BE000072F1A1C1A1A1A1A1A1A1D1A1A1D6FF0A0
:109BF0008500704710F1210F1ED00BDB10F1200FF4
:109C00001DD010F1100F08BF6FF09400D1E7643839
:109C10000928D2D96FF0860070476FF09400704722
:109C20006FF08C0070476FF0840070476FF0890010
:109C300070476FF0930070476FF0880070476FF0C7
:109C40009200704710B501380A44914200D110BD0E
:109C500010F8013F11F8014B63400370F5E7014430
:109C6000814200D1704711F8013D1A440A70120A6E
:109C7000F6E710B58B4294BFC4184418A04200D137
:109C800010BD00F8012BF9E700231A4682B00190BD
:109C90008B4201D102B070470198C2540133F7E7FB
:109CA00007B501A9FDF792FA003818BF012003B0EB
:109CB0005DF804FBF7B506460D46202D2F46A8BFDC
:109CC000202700216846FDF7EBFD044670B93A46AF
:109CD00031466846FDF736FE10F1520F044608D0B3
:109CE000431CF4D0684600F069F834B1204603B054
:109CF000F0BD684600F062F8E3E7EC1B3E44F5D0A7
:109D00002546DAE7CA0448BF41F480618B0448BFA6
:109D100041F400618160704730B589B00546182272
:109D20000C4601A8002100F07CF9012344EA052437
:109D300001A9BA2007940593FDF702FA002818BF7D
:109D40006FF0920009B030BDF7B5BA2001A9FDF758
:109D50003DFA044610B1002003B0F0BD019D2F0A6A
:109D6000EDB2AC4205D1BA20FDF716FA0028F2D0C8
:109D700008E0E6193046FDF70FFA30B13046FFF73C
:109D80008FFF10B96FF09200E6E70134E9E708B5FC
:109D9000F820FFF785FF18B9F920FFF781FF10B110
:109DA0006FF0920008BDF820FDF7E8F90028F7D120
:109DB000F920FDF7E3F90028F4D0F1E710B50378B6
:109DC00004461BB1FDF724F900232370002010BDC9
:109DD0000368D868C0F300407047036803F58053F8
:109DE0005B6A13F4A02F14BF0120002070470222E9
:109DF00003689A6070470368D868FDF73DBF024664
:109E000008B5136803F580535B68C62B09D010466C
:109E1000FFF7DEFF0028F4D11046BDE80840FFF749
:109E2000EABF6FF0010008BD03685A50704703692C
:109E3000986E704710B50446FFF7F9FFC2684AB143
:109E400042F420222046BDE81040002142F4006286
:109E5000FFF7EABF10BD10B50446FFF7EBFFBFF3F5
:109E60005F8F03222046BDE810400821FFF7DCBFCA
:109E7000C0F30B03482B4B6028BF482310F4003F6E
:109E80008B6008BF0023CB6010F4803308BFC1E9AA
:109E9000013300F47003B3F5700F14BF00238B6817
:109EA00000284FF0010C4FF008028B60B8BF002370
:109EB000C1E905C2B8BFC1E905337047FCF744B832
:109EC0004FF0FF324FF0FF33FBF7C6BF4FF0FF32CA
:109ED0004FF0FF33FBF7C0BFFCF736B800F074B8A3
:109EE00007B54FF0FF334FF0FF32CDE900230022DA
:109EF00000F077F803B05DF804FB00F06EB800F0F6
:109F000068B8FFF762BD2DE9F3470446DDE90A981A
:109F100015460E4659B302F0010AFCF7E7FB074667
:109F2000EFF31181202383F31288BFF36F8FA8070B
:109F300044BF0023A360A36803EA0600BAF1000F40
:109F40000CD086420CD16A0744BF8343A36081F3DF
:109F50001188BFF36F8F02B0BDE8F0870028F2D1FF
:109F600059EA080305D181F31188BFF36F8F0020F0
:109F7000F1E7C7E919652246CDE9009804F10C0024
:109F8000FCF706FA0028F2D1786EE4E710B54B68CA
:109F9000D0E9194212F0010F03EA040301D09C42F8
:109FA00010D17BB14366520744BF8A681A430B68DD
:109FB00048BF8A6003660123086080F86C3018305F
:109FC000FFF749FD002010BD0023C0E900008360B9
:109FD00070474FF0FF32FDF79BBE0A460021FDF7A8
:109FE00097BE5200FFF78FBF0139024410B590426F
:109FF00001D1002005E0037811F8014FA34201D000
:10A00000181B10BD0130F2E70A44431E914200D1F3
:10A01000704710B511F8014B914203F8014FF9D187
:10A0200010BD02440346934200D1704703F8011B60
:10A03000F9E70139034610B532B111F8014F013A81
:10A0400003F8014B002CF7D11A440021934200D1B0
:10A0500010BD03F8011BF9E70246014410B58A421E
:10A06000134603D01C780132002CF8D1181A10BD09
:10A070009C64FF7F010000005D34000000000000D0
:10A08000354A0000000000000000000000A10000B0
:10A090003D5C000000000000616D00000000000059
:10A0A0000000000054A10000000000001CA10000FE
:10A0B0000000000038A100000000000070A10000B6
:10A0C000000000008CA100006938000000000000C2
:10A0D0005F91000000000000DD1C00000000000097
:10A0E000FB8B00000000000000000000A8A10000A1
:10A0F0007391000000000000352700000000000000
:10A1000005B80000F8AC00000CAB0000C002002055
:10A11000FCD30020AD3500000000000035B8000081
:10A120003CAD0000D4AA0000C202002078D4002078
:10A13000793A00000000000041B8000050AD000076
:10A14000D4AA0000C402002084D40020793A000080
:10A15000000000004CB8000064AD0000D4AA00006C
:10A16000C602002090D40020793A000000000000D0
:10A1700057B8000078AD0000D4AA0000C802002043
:10A180009CD40020793A000000000000B2BB00001F
:10A19000DCAD000028AB0000CC02002008D6002077
:10A1A000B59000000000000097BB00008CAD0000DF
:10A1B000F8AA0000CA020020A8D40020F53B000045
:10A1C0000000000000000000538B000000000000B1
:10A1D000538B000000000000538B000000000000C3
:10A1E000538B000000000000538B000000000000B3
:10A1F000538B000000000000538B000000000000A3
:10A20000538B000000000000538B00000000000092
:10A21000538B000000000000538B00000000000082
:10A22000538B000000000000538B00000000000072
:10A23000538B000000000000538B00000000000062
:10A24000538B000000000000538B00000000000052
:10A25000538B000000000000538B00000000000042
:10A26000538B000000000000538B00000000000032
:10A27000538B000000000000538B00000000000022
:10A28000538B000000000000538B00000000000012
:10A29000538B000000000000538B00000000000002
:10A2A000538B000000000000538B000000000000F2
:10A2B000538B000000000000538B000000000000E2
:10A2C000538B000000000000538B000000000000D2
:10A2D000538B000000000000538B000000000000C2
:10A2E000538B000000000000538B000000000000B2
:10A2F000538B000000000000538B000000000000A2
:10A30000538B000000000000538B00000000000091
:10A31000538B000000000000538B00000000000081
:10A32000538B000000000000538B00000000000071
:10A33000538B000000000000538B00000000000061
:10A34000538B000000000000538B00000000000051
:10A35000538B000000000000538B00000000000041
:10A36000538B000000000000538B00000000000031
:10A37000538B000000000000538B00000000000021
:10A38000538B000000000000538B00000000000011
:10A39000538B000000000000538B00000000000001
:10A3A000538B000000000000538B000000000000F1
:10A3B000538B000000000000538B000000000000E1
:10A3C000538B000000000000538B000000000000D1
:10A3D000538B000000000000538B000000000000C1
:10A3E000538B000000000000538B000000000000B1
:10A3F000538B000000000000538B000000000000A1
:10A40000538B000000000000538B00000000000090
:10A41000538B000000000000538B00000000000080
:10A42000538B000000000000538B00000000000070
:10A43000538B000000000000538B00000000000060
:10A44000538B000000000000538B00000000000050
:10A45000538B000000000000538B00000000000040
:10A46000538B000000000000538B00000000000030
:10A47000538B000000000000538B00000000000020
:10A48000538B000000000000538B00000000000010
:10A490009D7A000000000000538B000000000000C7
:10A4A000538B000000000000538B000000000000F0
:10A4B000538B000000000000538B000000000000E0
:10A4C000538B000000000000538B000000000000D0
:10A4D000538B000000000000538B000000000000C0
:10A4E000538B000000000000538B000000000000B0
:10A4F000538B000000000000538B000000000000A0
:10A50000538B000000000000538B0000000000008F
:10A51000538B000000000000538B0000000000007F
:10A52000538B000000000000538B0000000000006F
:10A53000538B000000000000538B0000000000005F
:10A54000538B000000000000538B0000000000004F
:10A55000538B000000000000538B0000000000003F
:10A56000538B000000000000538B0000000000002F
:10A57000538B000000000000538B0000000000001F
:10A58000538B000000000000538B0000000000000F
:10A59000538B000000000000538B000000000000FF
:10A5A000538B000000000000538B000000000000EF
:10A5B000538B000000000000538B000000000000DF
:10A5C000538B000000000000538B000000000000CF
:10A5D000538B000000000000538B000000000000BF
:10A5E000538B000000000000538B000000000000AF
:10A5F000538B000000000000538B0000000000009F
:10A60000538B000000000000538B0000000000008E
:10A61000538B000000000000538B0000000000007E
:10A62000538B000000000000538B0000000000006E
:10A63000538B000000000000538B0000000000005E
:10A64000538B000000000000538B0000000000004E
:10A65000538B000000000000538B0000000000003E
:10A66000538B000000000000538B0000000000002E
:10A67000538B000000000000538B0000000000001E
:10A68000538B000000000000538B0000000000000E
:10A69000538B000000000000538B000000000000FE
:10A6A000538B000000000000538B000000000000EE
:10A6B000538B000000000000538B000000000000DE
:10A6C000538B000000000000538B000000000000CE
:10A6D000538B000000000000538B000000000000BE
:10A6E000538B000000000000538B000000000000AE
:10A6F000538B000000000000538B0000000000009E
:10A70000538B000000000000538B0000000000008D
:10A71000538B000000000000538B0000000000007D
:10A72000538B000000000000538B0000000000006D
:10A73000538B000000000000538B0000000000005D
:10A74000538B000000000000538B0000000000004D
:10A75000538B000000000000538B0000000000003D
:10A76000538B000000000000538B0000000000002D
:10A77000538B000000000000538B0000000000001D
:10A78000538B000000000000538B0000000000000D
:10A79000538B000000000000538B000000000000FD
:10A7A000538B000000000000538B000000000000ED
:10A7B000538B000000000000538B000000000000DD
:10A7C000538B000000000000538B000000000000CD
:10A7D000538B000000000000538B000000000000BD
:10A7E000538B000000000000538B000000000000AD
:10A7F000538B00008CA10000599000000000000065
:10A80000538B000000000000538B0000000000008C
:10A81000538B000000000000538B0000000000007C
:10A82000538B000000000000538B0000000000006C
:10A83000538B000000000000538B0000000000005C
:10A84000538B000000000000538B0000000000004C
:10A85000538B000000000000538B0000000000003C
:10A86000538B000000000000538B0000000000002C
:10A87000538B000000000000538B0000000000001C
:10A88000538B000000000000538B0000000000000C
:10A89000538B000000000000538B0000BC0100201F
:10A8A000958D000000000000538B000000000000A8
:10A8B000538B000000000000538B000000000000DC
:10A8C000538B000000000000538B000000000000CC
:10A8D000538B000000000000538B000000000000BC
:10A8E000538B00003D5800009191000000000000D3
:10A8F000538B000000000000538B0000000000009C
:10A90000538B0000A8A10000A58E000000000000ED
:10A91000538B000000000000538B0000000000007B
:10A92000538B000000000000538B0000000000006B
:10A93000538B000000000000538B0000000000005B
:10A94000538B000000000000538B0000000000004B
:10A95000538B000000000000538B0000000000003B
:10A96000538B000000000000538B0000000000002B
:10A97000538B000000000000538B0000000000001B
:10A98000538B000000000000538B0000000000000B
:10A99000538B000000000000538B000000000000FB
:10A9A000538B000000000000538B000000000000EB
:10A9B000538B000000000000538B000000000000DB
:10A9C000538B000000000000538B000000000000CB
:10A9D000538B000000000000538B000000000000BB
:10A9E000538B000000000000538B000000000000AB
:10A9F000538B000000000000538B0000000000009B
:10AA0000538B000000000000538B0000000000008A
:10AA1000538B000000000000538B0000000000007A
:10AA2000538B000000000000538B00000801002041
:10AA3000958D00003592000091910000000000000B
:10AA4000538B000000000000538B0000000000004A
:10AA5000538B000000000000538B0000000000003A
:10AA6000538B000000000000538B0000000000002A
:10AA7000538B000000000000538B0000000000001A
:10AA8000538B000000000000538B0000000000000A
:10AA9000538B000000000000538B000000000000FA
:10AAA000538B000000000000538B000000000000EA
:10AAB000538B000000000000538B000000000000DA
:10AAC000538B000000000000538B000000000000CA
:10AAD000538B0000B9380000FB8C0000078D00008C
:10AAE0001B8D0000258D00002F8D0000C13A000055
:10AAF000438D00000000000099400000998D000087
:10AB000035460000693C0000794300001136000022
:10AB1000618C0000C18C000000000000FF8B000071
:10AB20000000000000000000719000003D4900009E
:10AB300063900000FAB70000030000009CB1000021
:10AB40000300000027B8000003000000BEBC0000A6
:10AB500003000000C6B1000003000000CAB10000FD
:10AB600003000000F5B200000300000077B700000A
:10AB700003000000BBBC000003000000F6B70000AB
:10AB800003000000B3B1000003000000A1BB0000FF
:10AB900003000000BDBB0000030000009CAC0000EF
:10ABA000FC000020E4B200000100000004000000EE
:10ABB0000F0000000100000008000000200000005D
:10ABC00070000000800000000D0000000C0000007C
:10ABD0000E0000005000000084000000B8000000DB
:10ABE000FFFFFFFFFFFFFFFFFFFFFFFFFFFFFFFF75
:10ABF00020020000401F00000C030020001900008C
:10AC0000D007000000A0105000820D500004055035
:10AC100000860D5005000000040000000100000047
:10AC20000338FDD87047000000000000000000005D
:10AC30000338FDD8704700008804002000010000A0
:10AC4000B38800005D88000002000000518A000007
:10AC500000000000000000000000000000000000F4
:10AC6000C4B20000CCB200000000000000000000F0
:10AC700000000000D4B20000D8B20000DCB2000036
:10AC8000E0B200008CAC0000B0D30020052700002B
:10AC9000C8D30020A3F50020010000000F8B0000A6
:10ACA000058B0000D38A0000C78A00000000000066
:10ACB000BB8A0000000000006000002000000000CF
:10ACC0000600010002000000CCAC00000000000003
:10ACD000E7B7000006000000E04F1E000000002063
:10ACE000EFB7000021000000E0FB072069350000FD
:10ACF0003935000000000000C53600004536000070
:10AD000012B80000F78C0000F38C000018B80000A7
:10AD1000E18C0000E78C00001EB800001CA10000C0
:10AD200054A1000070A1000038A1000000A0105044
:10AD300000820D500004055000860D50FF030000F6
:10AD400000A01050080100200000000000000000DA
:10AD5000FF1F000000860D50BC0100200000000015
:10AD600003000000FFFFFFFF00820D50BC01002028
:10AD70000000000001000000FF0700000004055073
:10AD8000000000000000000002000000993E0000EA
:10AD9000ACAD000000800E5000000000D8D50020AF
:10ADA000000000000048E8010000000000800E5094
:10ADB000B8AD000001000000C0AD000003000000BD
:10ADC00037000047360000492D00004B00A010500E
:10ADD00000820D500004055000860D5000600C509C
:10ADE000000000000000000008AE000000C20100EA
:10ADF0000000D6010000000000000040000000003C
:10AE0000A6F50020A5F5002000600C5014AE00004F
:10AE1000010000001CAE0000040000003000000033
:10AE200032000002310600013306000300A010507A
:10AE300000820D500004055000860D5008000000EF
:10AE40000A000000040000000100000067BC0000D0
:10AE500075BC000089BC000098BC0000A4BC0000C8
:10AE600078A0000088A00000D0A00000D8A00000BA
:10AE7000F8A0000000A10000000101000002020093
:10AE80000014000000280000004000000100000045
:10AE90000200000098AE000000000000000000006A
:10AEA000000000000000000000000000B0AE000044
:10AEB0000F0000000000000000000000060000007D
:10AEC000000000004475616C2D6368616E6E656CF6
:10AED00020493253206D6963206D6F6E69746F7203
:10AEE000202B2063656E746572206265616D666FEC
:10AEF000726D6572202B20616461707469766520C3
:10AF00005641440A0073616D706C655F72617465CF
:10AF10003D2575206368756E6B5F6D733D257520EB
:10AF20006368616E6E656C733D257520626974732C
:10AF30003D257520626C6F636B5F73697A653D2593
:10AF4000750A006669656C64733A204C5B726D73B8
:10AF5000207065616B207A6372206573745F687A14
:10AF60005D20525B726D73207065616B207A637235
:10AF7000206573745F687A5D20535B726D73207017
:10AF800065616B207A6372206573745F687A5D0017
:10AF900020445B726D73207065616B207A63722050
:10AFA0006573745F687A5D006572726F723A2049EA
:10AFB000325320646576696365206973206E6F740F
:10AFC0002072656164790A006572726F723A204C72
:10AFD000454420646576696365206973206E6F74EB
:10AFE0002072656164790A006572726F723A206638
:10AFF00061696C656420746F20636F6E6669677544
:10B000007265204C45443A2025640A006572726FCF
:10B01000723A206932735F636F6E66696775726535
:10B02000206661696C65643A2025640A0065727265
:10B030006F723A20493253207374617274206661D2
:10B04000696C65643A2025640A006572726F723A11
:10B05000206932735F72656164206661696C656442
:10B060003A2025640A007761726E3A20656D70742B
:10B07000792049325320626C6F636B0A004C5B2568
:10B08000752025642025752025755D20525B25756A
:10B090002025642025752025755D20535B257520AE
:10B0A00025642025752025755D0020445B257520CD
:10B0B00025642025752025755D006E6F6973653DDB
:10B0C00025752074685F6F6E3D25752074685F6F0D
:10B0D00066663D257520535F726D733D257520763C
:10B0E00061643D25642073696C656E63655F6368A8
:10B0F000756E6B733D25750A0028756E7369676EF2
:10B100006564292063686172202A20757365642054
:10B11000666F722025257020617267756D656E748B
:10B120002E2049742773207265636F6D6D656E64A0
:10B13000656420746F206361737420697420746F78
:10B1400020766F6964202A206265636175736520CB
:10B150006974206D6179206361757365206D697311
:10B160006265686176696F7220696E2063657274CA
:10B1700061696E20636F6E66696775726174696F6D
:10B180006E732E20537472696E673A2225732220E3
:10B19000617267756D656E743A25640063627072E2
:10B1A000696E74665F7061636B61676500286E69C4
:10B1B0006C29007379735F6765746F7074006C6FCE
:10B1C0006767696E67006C6F67006C6F675F6D67BC
:10B1D0006D74004D657373616765202822257322A5
:10B1E000292064726F707065642062656361757395
:10B1F0006520697420657863656564732073697A76
:10B2000065206C696D69746174696F6E202825759D
:10B2100029004D6573736167652064726F70706596
:10B220006420626563617573652069742065786365
:10B23000656564732073697A65206C696D697461F2
:10B2400074696F6E2028257529000D0A001B5B307C
:10B250006D00257320005B2530386C755D20005B28
:10B26000253032753A253032753A253032752E2523
:10B270003033752C253033755D2000257300257320
:10B280002F003C25733E200025733A2000253032E4
:10B29000782000202020007C00256300206D65734D
:10B2A00073616765732064726F70706564202D2D03
:10B2B0002D0D0A1B5B306D001B5B313B33316D2D57
:10B2C0002D2D20001B5B313B33316D001B5B313B6F
:10B2D00033336D006572720077726E00696E6600BE
:10B2E000646267006C6F675F6261636B656E645F69
:10B2F00075617274006C6F675F75617274002A2AE1
:10B300002A20426F6F74696E67206E524620436F29
:10B310006E6E6563742053444B2076332E332E318A
:10B320002D316437613062306534396238202A2A21
:10B330002A0A002A2A2A205573696E67205A6570E6
:10B34000687972204F532076342E332E39392D33BD
:10B350003765366332383537366565202A2A2A0A3A
:10B360000072302F61313A20203078253038782033
:10B370002072312F61323A20203078253038782001
:10B380002072322F61333A2020307825303878000F
:10B3900072332F61343A202030782530387820728B
:10B3A00031322F69703A2020307825303878207279
:10B3B00031342F6C723A20203078253038780020D4
:10B3C000787073723A2020307825303878004661E2
:10B3D000756C74696E6720696E73747275637469D5
:10B3E0006F6E206164647265737320287231352F2B
:10B3F0007063293A2030782530387800556E6861BE
:10B400006E646C6564204952516E3A202564002AAE
:10B410002A2A2A2A204D5055204641554C54202A8C
:10B420002A2A2A2A002020537461636B696E6720E0
:10B430006572726F722028636F6E74657874206114
:10B44000726561206D69676874206265206E6F7433
:10B450002076616C696429002020556E73746163E5
:10B460006B696E67206572726F7200202044617490
:10B4700061204163636573732056696F6C61746901
:10B480006F6E0020204D4D4641522041646472652C
:10B4900073733A2030782578002020496E737472D7
:10B4A000756374696F6E20416363657373205669B9
:10B4B0006F6C6174696F6E002020466C6F617469F7
:10B4C0006E672D706F696E74206C617A7920737469
:10B4D00061746520707265736572766174696F6EF0
:10B4E000206572726F72002A2A2A2A2A2055534137
:10B4F0004745204641554C54202A2A2A2A2A002012
:10B50000204469766973696F6E206279207A65726A
:10B510006F002020556E616C69676E6564206D65F3
:10B520006D6F7279206163636573730020205374BB
:10B5300061636B206F766572666C6F772028636F2E
:10B540006E746578742061726561206E6F74207608
:10B55000616C6964290020204E6F20636F70726FE8
:10B56000636573736F7220696E7374727563746947
:10B570006F6E73002020496C6C6567616C206C6F86
:10B580006164206F66204558435F52455455524EC2
:10B5900020696E746F205043002020496C6C6567F1
:10B5A000616C20757365206F662074686520455056
:10B5B0005352002020417474656D707420746F20A4
:10B5C0006578656375746520756E646566696E651A
:10B5D0006420696E737472756374696F6E002A2AD1
:10B5E0002A2A2A20425553204641554C54202A2AC3
:10B5F0002A2A2A002020537461636B696E672065D4
:10B6000072726F72002020507265636973652064E6
:10B6100061746120627573206572726F7200202000
:10B620004246415220416464726573733A20307817
:10B630002578002020496D70726563697365206408
:10B6400061746120627573206572726F72002020D0
:10B65000496E737472756374696F6E2062757320BE
:10B660006572726F7200526573657276656420450B
:10B670007863657074696F6E202800537075726905
:10B680006F757320696E74657272757074202849C5
:10B6900052512000535053454C20696E20746872FB
:10B6A000656164206D6F646520646F6573206E6FE3
:10B6B0007420696E64696361746520505350002A78
:10B6C0002A2A2A2A2048415244204641554C5420D7
:10B6D0002A2A2A2A2A002020427573206661756C66
:10B6E00074206F6E20766563746F72207461626C73
:10B6F000652072656164002020446562756720657D
:10B7000076656E740020204661756C7420657363E5
:10B71000616C6174696F6E20287365652062656C69
:10B720006F772900415243485F45584345505420A4
:10B730007769746820726561736F6E2025780A00DE
:10B740002A2A2A2A2A204465627567206D6F6E694D
:10B75000746F7220657863657074696F6E202A2A31
:10B760002A2A2A002A2A2A2A2A20257320256429FF
:10B77000202A2A2A2A2A006D7075004661696C65A4
:10B780006420746F20616C6C6F63617465206E65FA
:10B7900077204D505520726567696F6E2025750AB8
:10B7A00000506172746974696F6E2025753A207358
:10B7B000616E69747920636865636B206661696C8A
:10B7C00065642E00496E76616C696420756E6465EF
:10B7D000726C79696E6720726567696F6E20696E39
:10B7E00064657820257500464C4153485F3000530E
:10B7F00052414D5F3000736F630063616368655F42
:10B800006E72667800636C6F636B40313065303008
:10B8100030006866636C6B006C66636C6B00686616
:10B82000636C6B32346D00636C6F636B5F636F6E60
:10B8300074726F6C006770696F4031306130303006
:10B84000006770696F406438363030006770696F28
:10B85000406438323030006770696F4035303430C2
:10B8600030004661696C656420746F20616C6C6F98
:10B8700063617465206E6578742052582062756625
:10B880006665723A202564004465766963652069BF
:10B8900073206E6F7420636F6E666967757265647E
:10B8A0000043616E6E6F7420777269746520696EF3
:10B8B0002073746174653A202564005468697320AC
:10B8C0006465766963652063616E206F6E6C7920B4
:10B8D000777269746520626C6F636B73207570207A
:10B8E000746F2025752062797465730054686973DC
:10B8F000206465766963652063616E206F6E6C7984
:10B900002077726974652066756C6C2033322D6205
:10B91000697420776F7264732067726561746572F1
:10B92000207468616E2025752062797465732E001D
:10B9300043616E6E6F7420726561637175697265C3
:10B940002071756575656420627566666572004371
:10B95000616E6E6F7420737570706C79206275669D
:10B96000666572004E6F2054582062756666657277
:10B9700020617661696C61626C65004E6F20726F48
:10B980006F6D20696E205258207175657565004392
:10B99000616E6E6F7420636F6E6669677572652085
:10B9A000696E2073746174653A2025640054686977
:10B9B00073206465766963652063616E206F6E6CC9
:10B9C00079207472616E736D69742066756C6C2079
:10B9D00033322D62697420776F72647320677265E9
:10B9E00061746572207468616E20257520627974B7
:10B9F00065732E00556E737570706F727465642078
:10BA0000776F72642073697A653A20257500556EE8
:10BA1000737570706F727465642064617461206600
:10BA20006F726D61743A2030782530327800556E2F
:10BA3000737570706F727465642073747265616D74
:10BA400020666F726D61743A20307825303278004C
:10BA5000556E737570706F72746564206E756D626B
:10BA60006572206F66206368616E6E656C733A2044
:10BA7000257500556E737570706F72746564206FF4
:10BA80007065726174696F6E206D6F64653A203005
:10BA9000782530327800556E737570706F727465EA
:10BAA00064206F7074696F6E733A2030782530327D
:10BAB0007800545820616E64205258206368616E8B
:10BAC0006E656C7320636F6E666967757261746909
:10BAD0006F6E732061726520646966666572656E5B
:10BAE0007400545820616E6420525820636F6E6653
:10BAF000696775726174696F6E7320617265206425
:10BB00006966666572656E7400496E76616C69641B
:10BB100020747269676765723A202564004E6F74FD
:10BB200020616C6C6F77656400496E617070726F34
:10BB30007072696174652074726967676572202824
:10BB400025642F2564292C20616374697665207330
:10BB5000747265616D2873293A2025640046616915
:10BB60006C656420746F20726571756573742063F1
:10BB70006C6F636B3A202564000100000101010134
:10BB800000000000010100000100000000000000B2
:10BB90000001020808020274646D406538303030DC
:10BBA0000074646D5F6E7266000001040502060891
:10BBB000090F756172744063363030300075617200
:10BBC000745F6E7266785F756172746500000A2A30
:10BBD0003542424242424242424242424200010215
:10BBE0000348616C74696E672073797374656D00C6
:10BBF000556E6B6E6F776E206572726F7200756E28
:10BC00006B6E6F776E003E3E3E205A45504859524B
:10BC100020464154414C204552524F522025643A0F
:10BC2000202573206F6E2043505520256400466107
:10BC3000756C7420647572696E6720696E746572C4
:10BC4000727570742068616E646C696E670A004377
:10BC5000757272656E74207468726561643A20252D
:10BC6000702028257329004350552065786365703E
:10BC700074696F6E00556E68616E646C65642069EE
:10BC80006E7465727275707400537461636B206FAB
:10BC9000766572666C6F77004B65726E656C206FAF
:10BCA0006F7073004B65726E656C2070616E6963B6
:10BCB0000069646C65006D61696E006F730063728A
:10BCC0006163656E00002020202020202020202895
:10BCD0002828282820202020202020202020202044
:10BCE000202020202020881010101010101010107C
:10BCF00010101010101004040404040404040404BC
:10BD0000101010101010104141414141410101013A
:10BD10000101010101010101010101010101010113
:10BD20000110101010101042424242424202020220
:10BD300002020202020202020202020202020202E3
:10BD40000210101010200000000000000000000091
:10BD500000000000000000000000000000000000E3
:10BD600000000000000000000000000000000000D3
:10BD700000000000000000000000000000000000C3
:10BD800000000000000000000000000000000000B3
:10BD900000000000000000000000000000000000A3
:10BDA0000000000000000000000000000000000093
:10BDB0000000000000000000000000000000000083
:10BDC000000000000000000000000000670000000C
:10BDD0000000000000000000000000000000000063
:10BDE0000000000000000000000000000000000053
:10BDF0000000000000000000000000000000000043
:10BE00000000000000000000000000000000000032
:10BE10000000000000000000000000000000000022
:10BE20000000000000000000000000000000000012
:10BE30000000000000000000000000000000000002
:10BE400000000000000000000000000000000000F2
:10BE5000000000000000000014000000E18000006D
:10BE60007D88000084AC000000000000F58B00001D
:10BE700000C01050000000000000000000000000A2
:10BE800000000000000000000000000000000000B2
:10BE900000000000000000000000000000000000A2
:10BEA0000000000000000000000000000000000092
:10BEB0000000000000000000000000000000000082
:10BEC0000000000000000000000000000000000072
:10BED0000000000000000000000000000000000062
:10BEE0000000000000000000000000000000000052
:10BEF0000000000000000000000000000000000042
:10BF00000000000000000000000000000000000031
:10BF10000000000000000000000000000000000021
:10BF20000001000000A00D50000000000000000013
:10BF30000000000000000000000000000000000001
:10BF400000000000000000000000000000000000F1
:10BF500000000000000000000000000000000000E1
:10BF600000000000000000000000000000000000D1
:10BF700000000000000000000000000000000000C1
:10BF800000000000000000000000000000000000B1
:10BF900000000000000000000000000000000000A1
:10BFA0000000000000000000000000000000000091
:10BFB0000000000000000000000000000000000081
:10BFC0000000000000000000000000000000000071
:10BFD0000000000000000000F14900000000000027
:10BFE000FF0000000090D003FF0000000F000000E1
:10BFF000710200008C0200208C020020739B000064
:10C0000023A00000677420002803002064030020A0
:10C0100050030020BC030020B00300203C0300209C
:10C02000BD9E0000C19E0000000000000000000056
:10C030000000000000000000000000000000000000
:10C0400000000000000000000000000000000000F0
:10C0500000000000000000000000000000000000E0
:10C0600000000000000000000000000000000000D0
:10C07000000000000C0300200C030020940B0020A3
:10C08000000000000800000000190000000000008F
:10C09000280300202803002000000000000000000A
:10C0A0000E0000003C0300203C03002000000000C4
:10C0B000000000000E00000050030020500300208C
:10C0C00000000000000000000E00000064030020DB
:10C0D0006403002000000000000000000E000000CB
:10C0E000780300207803002000000000000000001A
:10C0F0000E0000008C0300208C03002000000000D4
:10C10000000000000E000000A0030020A00300209B
:10C110000000000001000000B0030020B003002078
:10C1200000000000BC030020BC0300200000000051
:04C1300015E015E021
:00000001FF
