:020000040000FA
:10000000580C0020093E0000893E000015F0000059
:1000100035F0000055F0000095F0000075F000008C
:100020006D3E00006D3E00006D3E00001564000056
:100030008F3E00006D3E00009F770000953E00005F
:100040006D3E00006D3E00006D3E00006D3E000004
:100050006D3E00006D3E00006D3E00006D3E0000F4
:100060006D3E00006D3E00006D3E00006D3E0000E4
:100070006D3E00006D3E00006D3E00006D3E0000D4
:100080006D3E00006D3E00006D3E00006D3E0000C4
:100090006D3E00006D3E00006D3E00006D3E0000B4
:1000A0006D3E00006D3E00006D3E00006D3E0000A4
:1000B0009B3E0000A13E0000A73E0000AD3E0000B8
:1000C0006D3E00006D3E00006D3E00006D3E000084
:1000D0006D3E00006D3E00006D3E00006D3E000074
:1000E0006D3E00006D3E00006D3E00006D3E000064
:1000F0006D3E00006D3E00006D3E00006D3E000054
:100100006D3E00006D3E00006D3E00006D3E000043
:100110006D3E00006D3E00006D3E00006D3E000033
:100120006D3E00006D3E00006D3E00006D3E000023
:100130006D3E00006D3E00006D3E00006D3E000013
:10014000B3780000D16600006D3E00006D3E0000F7
:100150006D3E00006D3E00006D3E00006D3E0000F3
:100160006D3E00006D3E0000B33E0000B93E000051
:10017000C53E00006D3E0000BF3E00006D3E000029
:100180006D3E00006D3E0000CB3E00006D3E000065
:10019000D13E0000D73E00006D3E00006D3E0000E5
:1001A0006D3E0000751C01006D3E00006D3E0000BC
:1001B0006D3E00006D3E00006D3E00006D3E000093
:1001C0006D3E00006D3E00006D3E00006D3E000083
:1001D0006D3E00006D3E00006D3E00006D3E000073
:1001E0006D3E00006D3E00006D3E00006D3E000063
:1001F0006D3E00006D3E00006D3E00006D3E000053
:100200006D3E00006D3E00006D3E00006D3E000042
:100210006D3E00006D3E00006D3E00006D3E000032
:100220006D3E00006D3E00006D3E00006D3E000022
:100230006D3E00006D3E00006D3E00006D3E000012
:10024000CF7800006D3E00006D3E00006D3E000066
:100250006D3E0000DD3E0000E33E0000E33E000096
:10026000E33E00006D3E0000E93E0000EF3E00006E
:100270006D3E00006D3E00006D3E00006D3E0000D2
:100280006D3E00006D3E00006D3E00006D3E0000C2
:100290006D3E00006D3E00006D3E00006D3E0000B2
:1002A0006D3E00006D3E00006D3E00006D3E0000A2
:1002B0006D3E00006D3E00006D3E00006D3E000092
:1002C0006D3E00006D3E00006D3E00006D3E000082
:1002D0006D3E00006D3E00006D3E00006D3E000072
:1002E0006D3E00006D3E00006D3E00006D3E000062
:1002F0006D3E00006D3E00006D3E00006D3E000052
:100300006D3E00006D3E00006D3E00006D3E000041
:100310006D3E00006D3E00006D3E00006D3E000031
:100320006D3E00006D3E00006D3E00006D3E000021
:100330006D3E00006D3E00006D3E00006D3E000011
:10034000EB7800006D3E00006D3E00006D3E000049
:100350006D3E00006D3E0000F53E0000FB3E0000DB
:100360006D3E0000013F0000073F00000D3F000010
:10037000133F0000193F00001F3F00006D3E0000CA
:100380006D3E00006D3E00006D3E00006D3E0000C1
:10039000253F00006D3E00002B3F00006D3E000039
:1003A0006D3E00006D3E00006D3E0000313F0000DC
:1003B0006D3E00006D3E00006D3E00006D3E000091
:1003C0003D3F0000433F0000493F00004F3F000019
:1003D000553F00005B3F00006D3E00006D3E000099
:1003E0005B3E00006D3E00006D3E00006D3E000073
:1003F0006D3E0000613E0000673E0000373F000098
:100400006D3E00006D3E00006D3E00006D3E000040
:100410006D3E00006D3E00006D3E00006D3E000030
:100420006D3E00006D3E00006D3E00006D3E000020
:100430006D3E00006D3E00006D3E00006D3E000010
:10044000077900006D3E00006D3E00006D3E00002B
:10045000613F00006D3E00006D3F00006D3E0000FA
:10046000733F0000793F00006D3E00006D3E0000CC
:100470006D3E00007F3F0000673F00006D3E0000C2
:100480006D3E00006D3E00006D3E00006D3E0000C0
:100490006D3E00006D3E00006D3E00006D3E0000B0
:1004A0006D3E00006D3E00006D3E00006D3E0000A0
:1004B0006D3E00006D3E00006D3E00006D3E000090
:0804C0006D3E0000553E0000F6
:1004E0007FE97FE907F068BE7FE97FE907F076BE24
:1004F0007FE97FE907F0A8BE7FE97FE907F096BEB4
:100500007FE97FE907F07CBE0000000000000000EA
:1005100000000000000000000000000000000000DB
:1005200000015F5F02000000FE0B0000A5640000F8
:1005300000040000000000000000000000000000B7
:1005400000000000000000000100FFC3000000C424
:1005500060B100200000000001015F5F03010000A6
:100560001F010000C9100000002000000000000072
:100570000100000001000000000000000000000079
:100580000000000000000000B84000200000000053
:1005900070000000583C010080000000000F0000C7
:1005A00001000000F50600000100000001015F5F8E
:1005B000000100001F0000003D3B0000000700009C
:1005C0000000000003000000010000000000000027
:1005D0000000000000000000000000006016002085
:1005E00000000000800000007000000040000000DB
:1005F000633C0100600000000107000001000000F2
:10060000C53100000100000001015F5F0101000031
:100610001F010000C71A00000010000000000000C9
:1006200000000000010000000000000000000000C9
:100630000000000000000000B86000200000000082
:10064000813C010070000000020F0000010000006A
:10065000B10A00000100000001015F5F0401000019
:100660001F010000BD2C000000050000000000007C
:100670000000000001000000000000000000000079
:100680000000000000000000B87000200000000022
:10069000A63C01004000000005070000010000002A
:0806A000652A000001000000C2
:1006C00038B500250648294600F58054D4F80024A2
:1006D000C4F804540EF048FDC4F8005438BD00BFFF
:1006E000B8750020024BD3F8043403600020704733
:1006F000B88500202DE9F04F04680546A5B0002C10
:1007000040F014812022214604A80EF02DFD14AFE4
:10071000202221460CA80EF027FD40222146384613
:100720000EF022FDEA6905F11C039846B2B10424DB
:10073000EA6A05F12C03EAB10426ECB96FF08304F0
:10074000204625B0BDE8F08F002CF1D053F8041DF1
:100750002246013C0029F7D01446E9E70324F5E7D7
:10076000002EEAD053F8041D3246013E0029F7D08E
:100770001646E2E70326F5E740233A46002168687B
:1007800007F0C0FD4028D9D10121DFF8A8A1CDE9AB
:10079000047005F1100904AF0AF5805B8C422ED17C
:1007A0000CAF38460021644A08EB860ED2F80034BC
:1007B000A2F58059C64540D109B1C2F800340023E2
:1007C000CDE90233059BA968402BC2F80414049AB2
:1007D00040F0A080138D180A03285BD0012800F098
:1007E00082801268831ECDE90221092B00F28C80E1
:1007F000DFE803F04150555B61676D737E8459F803
:10080000043F1A1D21D8DBF800C4D81C20F00300D7
:10081000CCF5A052904218D860440CEB0A02CBF8F9
:1008200000046868CDE9001207F06CFD019A009998
:10083000F860013147F8082FB0E758F804CF1CF1F1
:10084000040F07D909B1C2F80034FFF739FF6FF080
:100850008C0475E70CF1030424F00304C3F5A05ADB
:10086000544500F10800EDD803EB090140E9021CF2
:10087000234401219EE702AA0CA904A801F055F81F
:1008800004464FF00008464507F1080745D1FFF739
:1008900017FF55E70CA904A800F0F8FCF0E702AA3E
:1008A0000CA904A800F0B3FDEAE702AA0CA904A869
:1008B00000F018FCE4E702AA0CA904A800F063FE0B
:1008C000DEE702AA0CA904A800F065FFD8E702AA97
:1008D0000CA904A800F062FFD2E702AA0CA904A8A0
:1008E00000F05FFFCCE70CA904A801F0D9F8C7E736
:1008F00002AA0CA904A801F0E0F8C1E702AA0CA919
:1009000004A801F0DDF8BBE70C480EF0B7FC6FF06F
:100910008504B6E76FF08004B3E7414657E9022348
:10092000686807F0F9FC08F10108ACE76FF085048E
:1009300006E700BFB8750020B8850020F02C000045
:1009400008B54FF40C52002102480EF00DFC0020B7
:1009500008BD00BFB81D00200023F7B50C6807468E
:100960000E461546019314BB22B3146001A8FFF78D
:10097000B9FEA8B94FF48C6C104A0CFB04F3D158A3
:10098000A646013471B94FF0010E02EB030C42F898
:1009900003E0019910331344CCE9011734602B6054
:1009A00003B0F0BD082CE8D16FF08400F8E76FF0D9
:1009B0008800F5E76FF08600F2E700BFB81D002061
:1009C0000023F7B505680193013D072D036004D9A5
:1009D0006FF08604204603B0F0BD01A8FFF782FE49
:1009E00004460028F6D14FF48C635D430A4E7359D8
:1009F0007719012BECD17A68019B9A42E8D105F175
:100A000010004FF48A62214630440EF0ADFBC7E976
:100A100001447451DEE700BFB81D0020002373B508
:100A20004C1E072C06461546019303D96FF088002B
:100A300002B070BDC2B101A8FFF754FE0028F7D183
:100A40004FF48C6202FB04F1094B5C585A18012CDC
:100A5000ECD19468B442E9D15468019A9442E5D14A
:100A6000103119442960E3E76FF08600E0E700BF2A
:100A7000B81D002010B5044C0F22204603490EF08B
:100A80004EFB204610BD00BFC0AE0020152D00005B
:100A900008B54FF40251044802F096FA034807F0F3
:100AA00013FD002008BD00BF408E0020A91A0000E1
:100AB0006FF47A72F0B50368044613448DB0032BCB
:100AC0007CD8DFE803F002284C6B0369082B02D0C6
:100AD0006FF080055FE08569042DF9D10021406841
:100AE00008AA07F00FFC0828F2D12B460221606803
:100AF00006AA07F007FC0428EAD16168314A636955
:100B00001160069ACDE90032DDE90823A06800F003
:100B10001DF905463FE00369082BD9D14569042D2D
:100B2000D6D10021406808AA07F0ECFB0828CFD1F5
:100B30002B460121606806AA07F0E4FB0428C7D110
:100B40006168204A236A116005AACDE90132069B3B
:100B50000093A068DDE9082300F072F9D9E7036982
:100B6000082BB5D1076A0C2FB2D10021406806AA24
:100B700007F0C8FB0828ABD1DDE9062308AE0096D4
:100B8000A06800F0E7F9054628B901463B46324621
:100B9000606807F0C1FB28460DB0F0BD0369082B63
:100BA00096D10021406808AA07F0ACFB08288FD135
:100BB000DDE90823A06800F0DFF9AAE76FF08505FA
:100BC000E9E700BFC0890020024603480B460068E1
:100BD000012107F097BB00BFC089002002460348EF
:100BE0000B460068002107F097BB00BFC0890020BA
:100BF0001FB5CDE902010843019218D004220D4827
:100C00000DEB02010EF08BFA08220B480DEB0201EE
:100C10000EF085FA019C0948094B0A4AB4F5807F19
:100C200008BF1846034901F0ADF804B010BD6FF0DD
:100C30008600FAE7D2AE0020D6AE0020EC8B002072
:100C4000D48B0020048E002030B5384B85B09D6ACF
:100C5000A8470369042B03D06FF0800005B030BDB6
:100C6000A847334C8368A360A847037D01A8237677
:100C700005F053FA0028EFD1019BA26863609DF84C
:100C80000C3021465343029A2A48B2FBF3F22282E7
:100C9000294AE36001F028F80028DFD1254801F057
:100CA00055F8002834D1A8470369042BD4D1A847AC
:100CB000224C8368A360A847037D01A8237605F032
:100CC0001EFA0028C8D1019BA26863609DF80C3011
:100CD00021465343029A1A48B2FBF3F22282164A83
:100CE000E36001F001F80028B8D1154801F02EF8B2
:100CF0000028B3D013480EF0C1FA114801F040F8B3
:100D00000028ABD10E4805B0BDE8304001F01EB858
:100D10000D480EF0B3FA074801F032F800289DD1D3
:100D2000044801F013F80028BDD097E7387F000091
:100D30009C1D0020EC8B0020D02C0000801D00208A
:100D4000D48B00204A2D0000242D000019462DE9E7
:100D5000F04F52EA010385B00646DDE90E54104615
:100D600032D0072C5CD8B6F5807F02D0B5F5007F75
:100D70002AD83246FFF73CFF30B92B4B9B68D90786
:100D800005D56FF0840021E010F18C0F1ED10027F3
:100D9000DFF8948044F44034DFF89090DFF890B0AE
:100DA000DFF890A0C8F80450C8F80840B5F5007FF7
:100DB0002C4628BF4FF4007448462146FFF704FF35
:100DC000B6F5807F29D027B16FF0860005B0BDE869
:100DD000F08F4FF404730122CDE9004ACDE90232CD
:100DE00015494B460C22104800F06FFE0028EDD14B
:100DF00053461248CDE900730B4A23460E4900F0D2
:100E0000E3FF0028E2D1D8F808302D1B23F440334B
:100E1000C8F808302744C9D1D8E74B465846E9E717
:100E20006FF08500D2E700BF048E0020048C002004
:100E3000D48B0020C4890020D2AE0020EC8B00208F
:100E400019462DE9F04F52EA010385B08046DDE9ED
:100E50000E6A1046DDF8409005D16FF086042046FA
:100E600005B0BDE8F08FB8F5807F04D006EB0A032B
:100E7000B3F5007FF1D84246FFF7BAFE04460028DA
:100E8000EDD12E4F3D68B542E7D3AD1B554528BF88
:100E90005546B8F5807FC9F8005021D1DFF8A08011
:100EA000DFF8A0A0DFF8A0B0B5F5007F2F4628BF7F
:100EB0004FF4007733463A4651465846CDF8008005
:100EC00001F09BF820B10023C9F800300446C6E7C2
:100ED00039464046FFF782FEED1B3E44E4D1BEE7B3
:100EE0007B68B3F5047F25D8DFF860A00346CDF812
:100EF00000A03A681349164801F07FF810B1C9F80C
:100F00000040E3E74FF40073DFF83480039402936A
:100F1000CDF804803B680C220093384653460949BB
:100F200000F0D3FD0028EAD1294608EB0600FFF7C0
:100F300055FE94E76FF0890491E700BF048E00200E
:100F4000048C0020D2AE0020D48B0020C489002065
:100F5000EC8B002038B50546194610462A46049CFD
:100F6000FFF746FE28B9034B1A689B68C4E90022C4
:100F7000A36038BD048E002010B504461946104603
:100F80002246FFF735FE80B9084B9B68DB070AD481
:100F90000748084B0849B4F5807F08BF1846BDE8EC
:100FA000104001F01AB86FF0840010BD048E0020CC
:100FB000EC8B0020D48B0020D2AE0020F8B51D466B
:100FC000036804465B680E46174698470B4BC0F310
:100FD000410013F8202063680699E0681D442368E7
:100FE000B1FBF2F200FB065039469B699847002896
:100FF000B4BF6FF091000020F8BD00BFE42C0000EA
:101000002DE9F3470A9C07469146002C57D0C26849
:1010100040681E183B6802FB01665B689847294BD5
:10102000C0F3410013F82080B6FBF8FA08FB0AFA77
:10103000564524D03B68012250465B6901A9984778
:10104000002804DA6FF0910002B0BDE8F087A6EB4B
:101050000A03E218904501AA02EB030104D92246D3
:1010600048460EF05CF808E0A8EB060555442A4611
:1010700048460EF054F8641B02D10020E4E7002536
:101080003B68A0455B690DD8B4FBF8FA09EB050194
:101090005246A81998470028D4DB08FB0AF2A41A84
:1010A000EBD015443B6801225B6901A97019984790
:1010B0000028C7DB224601A909EB0500D1E720463D
:1010C000C2E700BFE42C000008B5FFF739FC40B9C7
:1010D000FFF7D0FCFFF7DCFC18B9BDE8084008F0CA
:1010E0008BBC08BD2DE9F04F4FF00008D0F8009000
:1010F00089B0B9F828A006AF06460D46D2E900210E
:101100003846CDF8148000F0D3FCBAF5A06F15D1A5
:101110002B1D03936B6802932B680193F368009374
:10112000B368D9F8042097E8030008F093FB04465D
:10113000C0B90024204609B0BDE8F08F40F2015349
:101140009A4512D12B1D03936B6802932B68019370
:10115000F3680093B368D9F8042097E8030008F017
:10116000DBF8E4E7C5F80480E4E7AAF2025B1FFAC3
:101170008BF3012B1FD8D5F80080B8F1000F02D1F6
:101180006FF08004D6E76B68032BF9D9D9F80830E3
:1011900041460120C8F8003005AAFFF7DDFB0446F0
:1011A0000028C7D1BBF1060F6DD8DFE80BF0384738
:1011B00025314F5A67000120D9F8081005AAFFF71A
:1011C0002DFCAAF20753012B044603D90028B1D104
:1011D0008046E7E7D5F80080B8F1000FD0D06B6803
:1011E000032BCDD9D9F80830C8F800300028D9D061
:1011F000BAF5A16F9DD09DE705982B1DD5E900128A
:101200000FF096F80446002893D000236B6091E716
:101210000598D6E902120EF054FD04468AE7D9F883
:101220000430059897E806000EF033FD04460028C8
:101230003FF47FAF4046FFF7C3FB7BE7D9F80430AC
:10124000059897E806000EF030FDEFE72B1D01939F
:101250006B68059800932B68D6E902120EF04FFDDB
:10126000D0E7059805F10C03D5E902120EF061FDF7
:1012700004460028DED00023EB605BE705980EF003
:10128000FAFC0446D6E76FF0850453E72DE9F043F6
:101290000026056885B0B5F828900746B9F5407F67
:1012A0008846029612D10B1D01934B6800930B6880
:1012B000D0E9021268680EF068FB0446002858D096
:1012C000C8F80460204605B0BDE8F08340F2013361
:1012D000994509D1436900938168D0E9032368687F
:1012E0000EF064FB0446EDE740F20233994519D154
:1012F0000E6816B96FF08004E4E74B68032BF9D948
:10130000AB6831460320336002AAFFF725FB044691
:101310000028D7D1696802980EF0C6FA044640B397
:1013200030466EE00320A96802AAFFF777FB6FF44E
:1013300041734B44022B04460BD90028C2D1064608
:10134000A9F20333042B5FD8DFE803F015371B281D
:101350003200D8F80060002ECCD0D8F80430032B2F
:10136000C8D9AB6833600028EAD040F2073399450A
:10137000A8D10024A6E70298D7E902120EF0B4FA29
:10138000B0E7029808F10C03D8E902120EF0C0FA97
:10139000044658B10023C8F80C3093E70298D7E907
:1013A00002120EF0C6FA044600288BD10024B7E7DB
:1013B00002980EF06EFA0446B2E70023D8F8005007
:1013C0000393002D96D0D8F80430032B92D9BB6834
:1013D000002B8FD0FA68032A8CD91B68294603207A
:1013E0002B6003AAFFF7B8FA044600287FF46AAF1F
:1013F000DDE902010EF003FB044600283FF462AF72
:101400002846FFF7DDFA5DE76FF085045AE72DE91E
:10141000F04F0025D0F8009089B0B9F828A00DF160
:10142000180807460E46D2E900214046059500F00F
:101430003FFBBAF5806F16D1331D03937368029397
:1014400033680193FB680093BB68D9F8042098E8DF
:1014500003000EF0D1FB0446002856D075602046EC
:1014600009B0BDE8F08F40F201439A450ED17B6987
:1014700002933B690193FB680093BB68D9F8042091
:1014800098E803000EF0CDFB0446E8E7AAF2024B11
:101490001FFA8BF3012B1AD8356815B96FF0800449
:1014A000DDE77368032BF9D9D9F808302946022003
:1014B0002B6005AAFFF750FA04460028CFD1BBF1F4
:1014C000050F5DD8DFE80BF02331393F4D5702207F
:1014D000D9F8081005AAFFF7A1FAAAF20543022BD2
:1014E000044603D90028BAD10546E8E73568002D3F
:1014F000D4D07368032BD1D9D9F808302B600028D9
:10150000DDD040F207439A45A9D10024A7E7D9F8D6
:101510000430059898E806000EF0EBFA044600281F
:10152000F3D02846FFF74CFA99E7D9F8043005982C
:1015300098E806000EF0E9FAF0E70598D7E90212FC
:101540000EF0EFFAA0E7059806F10C03D6E90212B7
:101550000EF0FBFA044608B90024E2E70023F3602A
:101560007DE70598D7E902120EF026FB0446002815
:101570007FF475AFF0E705980EF05BFA0446D0E70C
:101580006FF085046BE72DE9F04F4FF00009076815
:101590008DB0B7F828A00DF1280806460D46D2E90F
:1015A00000214046CDF8249000F082FABAF5C06FD1
:1015B0001FD12B1D07936B6806932B680593F36867
:1015C0000493B368039373690293336901937B6A4D
:1015D00000937A6807F1140398E803000EF0C6FB45
:1015E0000446002868D0C5F8049020460DB0BDE838
:1015F000F08F40F201639A4517D12B1D07936B685A
:1016000006932B680593F3680493B3680393736997
:101610000293336901937B6A00937A6807F114039C
:1016200098E803000EF0EAFBDAE7AAF2026B1FFA71
:101630008BF3012B20D8D5F80090B9F1000F02D11F
:101640006FF08004D1E76B68032BF9D9BB6849467A
:101650000520C9F8003009AAFFF77EF904460028E2
:10166000C3D1BBF1090F00F29380DFE80BF0273400
:101670005662697A6F3B80510520B96809AAFFF765
:10168000CDF96FF4C1635344022B044603D90028FB
:10169000ABD18146E5E7D5F80090B9F1000FCFD086
:1016A0006B68032BCCD9BB68C9F800300028D8D0B0
:1016B00040F20B639A4598D1002496E77B6809981D
:1016C00098E806000EF0F1FB04460028F4D04846E6
:1016D000FFF776F989E77B68099898E806000EF02D
:1016E000F0FBF1E705F10C030293EB680998019315
:1016F000AB680093D5E9041205F114030EF080FCE9
:10170000044608B90024E2E70023EB606B616CE754
:1017100009980EF0BBFB0446D9E709982B1DD5E9C3
:1017200000120EF048FE04460028C5D000236B606E
:101730005BE70998D6E902120EF0CFFB044654E7A6
:101740000998D7E903120EF0EBFBF7E72B1D019385
:101750006B68099800932B68D6E902120EF024FCFE
:10176000E1E70998D6E902120EF0F6FBE6E7F36826
:1017700009980193B3680093D5E9021205F10C03AF
:101780000EF070FC04460028BCD00023EB602CE770
:101790006FF0850429E76FF0850070476FF08500D2
:1017A000704700232DE9F04706688EB0B6F8289000
:1017B0000DF1140807460D469246D2E90021404635
:1017C000049300F075F9B9F5106F0FD12B1D039339
:1017D0006B6802932B680193FB680093BB68706889
:1017E00098E806000EF050FE044626E040F601138D
:1017F000994517D12F68002F74D06B68032B71D9CE
:10180000B368394604203B6004AAFFF7A5F80446F4
:1018100098B97168049807F011FF0446002872D146
:1018200000240AE00420B16804AAFFF7F7F8044690
:1018300038B140F60A13994557D020460EB0BDE89E
:10184000F087A9F60219B9F1080F6BD8DFE809F0A3
:10185000050F14281B5F222F4D002968002941D055
:101860006B68042B3ED104980EF04EFCBCE7316B44
:1018700004980EF052FCB7E7718D0498D7E9022363
:101880000EF00BFDB0E7718D0498D6E90C2307F03C
:1018900037FFA9E70498D5E900120EF04FFCA3E743
:1018A000718D049898E80C000EF000FD9CE72E68FE
:1018B000C6B16B68032B15D9B96899B1FA681C2AAF
:1018C00010D107A80DF02BFCDAF8040007A900F0EE
:1018D000F2F84246049907A80EF046FC059B044620
:1018E0003360AAE76FF08004A7E72F68002FF9D0D4
:1018F0006B68032BF6D9B3683B60002C90D1049839
:101900000EF0D4FB04463846FFF75AF895E7FB681B
:10191000718D0193BB680498009398E80C0007F060
:1019200021FF61E76FF0850487E72DE9F0418EB074
:1019300003ACD0F8008006460D461746D2E90021D8
:10194000204600F0B5F840F20322B8F82830934260
:1019500003D0A3F50273012B0ED8B16811B96FF053
:10196000800426E0F2681C2AF9D107A80DF0D7FB05
:10197000786807A900F09FF8B8F82830A3F500733D
:10198000092B00F28A80DFE803F02F1824052A4192
:101990004D595E77D6E904122E68002EDFD06B68B1
:1019A000032BDCD9234607A807F05AFB0446039B08
:1019B000336020460EB0BDE8F0812E68002ECED0F8
:1019C0006B68032BCBD9D4E9000122460EF06BFEE5
:1019D000ECE794E803000EF087FE0446E9E794E89C
:1019E000030007F0F9FAF8E794E8030007AA2E6865
:1019F0000DF01DFE2B680446002BB0D06A681C2A2F
:101A0000ADD8304607A90DF08AFBD2E72B1D009315
:101A1000D5E9002394E803000DF03CFE044650B9DC
:101A20000024C6E72B1D0093D5E9002394E80300AA
:101A30000DF057FEF2E700236B60BAE794E803006D
:101A40000EF073FEC9E7002205A811462E6800F0CB
:101A50002FF82B68002B82D06B68032B7FF67FAFAB
:101A600094E8030005AB07AA0DF06BFE04460028BE
:101A70009FD1059B3360D3E72E68002E3FF46FAFF4
:101A80006B68032B7FF66BAF214607A80EF04CFD69
:101A9000044600288DD1039BECE76FF0850488E7AE
:101AA000D1E9000107F0C4BE0FB4002004B07047B4
:101AB000C0E900217047886170476FF0850070476A
:101AC0006FF085007047FFF7BFB82DE9F04F15465E
:101AD000182204468DB00E460DEB020000219946F7
:101AE000DDF858809DF864B00DF03EFB74B3228998
:101AF00004F10C07BBF1000F26D12368CDE90432B5
:101B0000EEB12A46314638460DF009FB042205A9FC
:101B100078190DF004FB281D042204A938440DF0A7
:101B2000FEFA04F1200ABBF1000F2DD00C21504623
:101B300003F01CFA68B14CF2DA23984206D06FF039
:101B400083000DB0BDE8F08F4346D7E76FF0860005
:101B5000F7E70C230B93142309931023029304F14A
:101B60002C030193189B424600934946179B06A8F5
:101B7000CDE90665CDF828A0089704F04DFA0028B5
:101B8000D9D1C4F8048017E00C230B9314230993D4
:101B9000189B42460293179B49460193102306A8BF
:101BA000009304F12C03CDE90665CDF828A0089731
:101BB00004F044FA0028BED10020C2E708B503684B
:101BC00000209B689847002818BF6FF0910008BD5F
:101BD0000020704770B504460E460025E368AB420E
:101BE00001D8002070BD606806FB0300236828440C
:101BF000DB69984710B9A3681D44EFE76FF09100C7
:101C0000F0E72DE9F04F036895B005AA04460E46AB
:101C1000D3F80C8000F017FC00285FD10AA800F070
:101C200014FF014600285CD1DDE9057A3C2205A8B5
:101C3000089D0DF099FA3146204605AA00F053FDA3
:101C400000284BD1834681462368DB8A5B4515D843
:101C5000002D35D12946204602AA00F084FC002838
:101C60003CD12946204602AA00F09FFEB0BB204688
:101C700000F084FE78B36FF083002FE0B3451CD0F2
:101C80005946204605AA00F0DEFB38BB059BBB4247
:101C90000DD10AA800F0D9FE48B9069B534506D9D4
:101CA000984528BF98465B1B0693089B9944594664
:101CB000204605AA00F017FD80B90BF1010BC3E720
:101CC00043462A4639462046CDE900A900F0B6F938
:101CD00020B9002FCBD1204600F0A0FB15B0BDE805
:101CE000F08F6FF08B00F9E770B50C46164605468D
:101CF00048B341B33AB3098A012924D9032922D030
:101D00003C22E38A022902FB03F3A08AE26807D09F
:101D1000904218D80C200239083300FB013307E049
:101D2000A2F11401C91A81420DD390420BD8143389
:101D3000934208D81822002128460DF015FA0020F9
:101D4000C5E9004670BD6FF08600FBE737B5054674
:101D500000F0B8FD044658B94FF08071284601AA3A
:101D600000F0E3FB38B928460199FFF74AFF044623
:101D7000204603B030BD10F18C0F18BF0446F7E7C2
:101D800000F0C3BC30B591B0144601AB6A4600F018
:101D900099FB0546A8B9049B0C226360039B09A923
:101DA0002360BDF8143004F12000A3600DF0B7F9F2
:101DB00010220CA904F12C000DF0B1F9284611B045
:101DC00030BD6FF08B05F9E72DE9F04399B00DF1C7
:101DD000240804468946154600213C2240461F46F9
:101DE000209E0DF0C1F94FF6FF73CDE9043325B9FC
:101DF0006FF0860019B0BDE8F083AB68B3F1807F67
:101E0000F6D2236849465A8A6B682046013B134440
:101E1000524213406B6004AA434600F053FB002873
:101E200040F09380AB6804999A0306D50C9AD5F8D4
:101E300004C062457BD10B900D9305914FF6FF7363
:101E4000059A9A4240F08A8021686B68898A8B42A1
:101E5000CED806A9CDE9028105A90191A96820463D
:101E6000009104998A1A18BF0122494600F0DAFB52
:101E70000028BFD1002F79D12046099906AA00F089
:101E800094FD00285ED10C2205F1200111A80DF06F
:101E900046F9102205F12C0114A80DF040F905991E
:101EA0004246204600F01FFC014600284AD1DDE9E9
:101EB00004539D4228BF1D4620462A4600F0EBFCF5
:101EC00000283FD14FF6FF72049B93420FD0059A32
:101ED00093420CD09A4238BF1A462046691C00F043
:101EE000DAFC78BBDDE904539D4238BF1D46236808
:101EF0002046DA8A691C00F0CEFC18BB099B002B37
:101F000065D1002F63D0204600F088FA00287FF4C6
:101F100071AF4FF6FF73049999423FF46BAF059B85
:101F200099423FF467AF2046FFF76BFE62E70D9BD7
:101F3000424643F0807320460D9300F0D4FB002806
:101F40003FF47CAF6FF0830054E710F18C0F7FF407
:101F500051AFAB68DB037FF54DAF6FE720460999C2
:101F600006AA00F000FB002884D0EBE723685B8A18
:101F70005A1E3242E6D107F1FF3999445B4209EA21
:101F800003090B9B9E42DDD84A4631460C9800F06F
:101F900050FD0028D6D1219B4246CDE90093204632
:101FA000334606A900F0C0F80028CBD10B9B3E4475
:101FB0009E420999204688BF0B96069E00F029FA9A
:101FC00031460690099A204600F08AFB54E72046E5
:101FD00000F0D4FC002896D0B4E713B5002301AA82
:101FE000044600F06FFA28B920460199FFF709FE70
:101FF00002B010BD6FF08B00FAE770B592B01546D5
:102000001C4602AA03AB064600F05CFA98B92A46C1
:102010002146059800F00DFD58B9169B2246009305
:1020200030462B4603A900F05EF8002818BF6FF079
:10203000830012B070BD6FF08B00FAE72DE9F04716
:1020400086B01646DDE90E9703AA054688469A46ED
:1020500000F089FA044698B9059B41463344284666
:10206000059300F0D6F906467FB101464A46284658
:10207000CDE900A7039B00F0E0FB28B16FF08304DB
:10208000204606B0BDE8F0870127DDE903324A4566
:102090000AD2A9EB0201CDE900212846314600F021
:1020A000CCFB0028EAD1012742462846039900F0DC
:1020B00017FB4146284603AA039600F076FC044627
:1020C00028B142463146284600F00AFBD8E7B8F16D
:1020D000000FD5D0002FD3D06B683146DB6828685D
:1020E00098470446CCE72DE9FF410D46164609689E
:1020F00001AA04461F46DDF8288000F034FA70B9C2
:1021000001994B1C0BD062686B680A975568424670
:10211000AC462068334404B0BDE8F04160476FF03E
:10212000830004B0BDE8F0812DE9F3471546DDE9F1
:102130000AA90F4698461168044600F06AF96B68D0
:102140007A689844A8EB0203CDE9002306460146CD
:102150003B68204600F071FB20BB6368CDF800A00F
:10216000D3F808A04A46434631462068D047C8B94C
:10217000EB686A68B9681A4423682046DB685B1A12
:102180009B1ACDE9002331463B6800F056FB48B965
:102190002B683BB1314663682068DB6802B0BDE85C
:1021A000F047184702B0BDE8F08713B50C2404FBD4
:1021B00001F3416800948C68083341690068A047C6
:1021C00002B010BD436810B5416904461B69006840
:1021D000984750B923681A8A022A06D96268A1680A
:1021E0001846BDE810401269104710BD008A022849
:1021F00014BF03380020704708B5FFF7F7FF0C2322
:102200003C2200FB033302FB0130083008BD2DE9FE
:10221000F04F002405460F46904626464FF00C0925
:1022200093B0D5F800A05046FFF7E0FF013086429A
:102230000ED300264FF03C09D5F800A0BAF81630AE
:102240009E421DD3002088F8004013B0BDE8F08FF7
:1022500009FB06F36A68CDF80090D2F804B039465D
:102260005046083303AAD8470028EED103AB13F831
:10227000012B01300C2884EA0204F8D10136D0E7A2
:102280006B6831465046D3F804B0FFF7B5FF3946C6
:102290000346CDF80090504603AAD8470028D4D171
:1022A00003AB13F8012B01303C2884EA0204F8D177
:1022B0000136C1E737B5837B01685A1CD2B28273FD
:1022C000097E04469142416904BF023383730129A8
:1022D00000F10D020DD8FFF79AFF40B9082263689C
:1022E00000929D6861690346A2182068A84703B060
:1022F00030BD6FF08600FAE713B50C46114622791F
:102300000346012A09D1036862791B7E9A4214BFF1
:1023100000206FF0830002B010BD022A04D11B68B8
:10232000A2791B7E9A4202D16FF08300F3E7012964
:102330000DD80DF10702FFF76AFF0028EBD1627993
:102340009DF807309A4218BF6FF09100E3E76FF0F5
:102350008600E0E70822F0B5436887B000925C6829
:1023600000236A44054619460068A0470246002833
:1023700032D000264FF0FF3408226B6800925F686D
:1023800001210023286804AAB84700283AD1012275
:10239000284604A9FFF7B0FF0346002832D1002EDB
:1023A00035D02A689DF81610127E9DF80E00B2FAFC
:1023B00082F25209914218D1002914BF022301234D
:1023C0001B1A18BF01231C462C61B4FA84F40020A8
:1023D00064096C6107B0F0BD284602A9FFF78CFFC5
:1023E00004460028C5D10126C6E7904205D1002841
:1023F00014BF022201229142E5D188422CBF002362
:102400000123E0E7002EDFD16FF08300E2E7012433
:10241000DAE709B9406970478068704710B504462B
:10242000FFF748FF70B963686169DB682068984707
:1024300040B9D4E904232046C4E90432BDE8104081
:10244000FFF7C0BE10BD2DE9F341066805463046D2
:102450001446FFF7D1FE3C216A6800910346576895
:10246000304622462969B847064640B92868FFF732
:10247000BDFE23680130834205D36FF097063046D6
:1024800002B0BDE8F08104F1140000F0DEFA00288B
:10249000F5D12D68E768AB8A9F42EED8A3689F42CA
:1024A000EBD3D4E900382BB92846E98AFFF7A4FE1C
:1024B0004045E2D83A464146E86800F0BAFA0028BA
:1024C000DDD0DAE72DE9F0430746884691461C4601
:1024D000002591B03B68DB8AAB4202D86FF08B06D7
:1024E0001AE02946384601AAFFF7ADFFD0B90C2201
:1024F000414606A811F0DFF8064688B9C9F8005031
:1025000054B101AD0FCD0FC40FCD0FC40FCD0FC40B
:1025100095E8070084E80700304611B0BDE8F08375
:102520000135D7E76FF08306F6E7F0B505460E46AE
:102530001746002491B02B68DB8AA34202D86FF0C3
:102540008B0009E02146284601AAFFF77CFF38B935
:10255000059B1E4202D03C6011B0F0BD0134EAE799
:102560006FF08300F8E773B506460C2000FB01F31B
:10257000716800904C683068316908331546A0478F
:10258000044630B9336829681A8A914204D36FF03F
:102590009704204602B070BDD868D5E9011200F05A
:1025A00048FA04460028F2D12B68012B03D8306882
:1025B000C18AFFF721FE6B688342EAD0E7E7F7B5EF
:1025C0000C2606FB01F3416800964F680833016949
:1025D000054600681446B847034630B92B682168A1
:1025E0001A8A914204D36FF09703184603B0F0BDE6
:1025F000D868D4E9011200F01CFA03460028F2D191
:102600002268012A0AD82A681046FFF7EFFDD18A0E
:102610003C22514300FB06660831881962688242F9
:10262000E3D0E0E72DE9F04F05468B46914698460A
:10263000002791B0DDE91C6A2868FFF7D7FD01305B
:10264000874202D36FF08D0420E052463946284677
:10265000FFF789FF044680BBDAF8082090452AD8A6
:102660002B685946DB6837609B1A73600C22C6F8EA
:102670000C8006F114000CF052FD1A9BB46033611B
:10268000DAF80830A3EB0803CAF8083000262B68F4
:10269000DB8A9E4205D23146284601AAFFF7D3FEC7
:1026A00070B14FF6FF766FF08D0420461B9B1E60C5
:1026B00011B0BDE8F08F0137BEE76FF08304E5E7A6
:1026C00006A800F0C2F948B1B9F1000F04D0002CFF
:1026D00018BF6FF08D04E8E74FF001090136D6E727
:1026E00002B181607047F7B506680446304615466A
:1026F000FFF782FD3C2162680091034697683046EF
:102700002A466169B84703B0F0BDF0B593B00546FD
:10271000FFF720FE002861D16E696B6831461B69A6
:10272000286898470446002878D1B6FA86F16B6885
:1027300028681B6949099847044600286ED12E680D
:102740000127337EB3FA83F35B09AB73338AC5E9A0
:102750000407022B14BF02230123AB6002232B7357
:10276000F18A3046FFF748FDF36821461B1A0190B5
:102770006A46284602930097FFF717FD0446002893
:102780004CD106462B680190DB6802932B681846F3
:10279000FFF72CFDB04223D8002C4BD12B681846F4
:1027A000FFF724FDA04228D83C22002103A80CF00A
:1027B000DBFC00242B68DB8AA34232D82846FFF7D3
:1027C00079FD48BB6B686969DB68286898470446EF
:1027D00020BBD5E90423C5E904321FE000269CE7AD
:1027E000198A6A68022914BF03210021184631445E
:1027F0001269904701360443C8E71B8A6A46022BD8
:1028000014BF0323002323440134214628460093A8
:10281000FFF7CBFC0028C1D06FF08304204613B033
:10282000F0BD2146284603AAFFF75DFF0028F3D13B
:102830000134BFE76FF09104F0E72DE9F04F044653
:10284000884616469946C3B0DDE94CA51DB9284611
:1028500043B0BDE8F08FB5F5807F2F4628BF4FF419
:10286000807763680097D3F804B0494653462068E0
:1028700002AAD8470028EBD163680097D3F808B0C4
:1028800041463346206802AAD8470028E0D13E449A
:10289000BA44ED1BDAE7F7B5076804463846164632
:1028A000FFF7AAFC314605463846FFF7A5FC401B5A
:1028B000CDE900502A46204623696169FFF7BDFF34
:1028C00003B0F0BD2DE9F041436805461B68006880
:1028D00086B09847044628B92846FFF73BFD28B143
:1028E0006FF08304204606B0BDE8F08108266B68CF
:1028F00005F108070096D3F804803A462346296973
:102900002868C0470028EBD1394628462A69FFF7D6
:10291000F3FC0028E4D12846FFF754FC04460028C5
:10292000DED12B7B012B24D1014603AA2846FFF7D9
:1029300046FE04460028D5D1059B2A68C3F1FF2333
:10294000D26803F57F03F8331344CDE900633246C0
:1029500028462B696969FFF770FF04460028C1D13A
:102960006B7B2846AB7302232B73FFF757FD04469E
:10297000B8E7022B18BF6FF08304B3E710B586B039
:10298000002103AA0446FFF7EEFD60B92068049A0F
:10299000059BD118C36820465B1ACDE90023D4E912
:1029A0000431FFF74AFF06B010BDF0B504460D46EE
:1029B00087B009B94369136029462046FFF7F5FB44
:1029C0000146E0B9D4E904769DB90C2205FB022248
:1029D0000021206802F10805FFF70EFC401BCDE93D
:1029E00000503B462A4631462046FFF726FF07B0F7
:1029F000F0BD204603AAFFF7B6FD014610B16FF007
:102A00008300F4E7204603AA0396FFF7CEFB0028D5
:102A1000F5D1012DD9D00C2314226B430C3B01932B
:102A200031463B4620460092FFF707FF0028CCD0F6
:102A3000DDE7814206D8401A90422CBF00206FF09B
:102A4000860070476FF08600704700F10C039842D3
:102A500002D16FF08B00704710F8012B002AF6D0DE
:102A600000207047F0B503680446A3F2F233A7B024
:102A7000032B00F22081DFE803F0025AA4A7002311
:102A8000C269169300F11C03A2B10421E26A04F1A9
:102A90002C03DAB104222369042B19D0012070E041
:102AA0000029F3D053F8040D0A4601390028F7D065
:102AB0001146EBE70321F5E7002AECD053F8045D5B
:102AC0001046013A002DF7D00246E4E70322F5E76D
:102AD000206A0428E2D80129E0D1012ADED10021B0
:102AE000606806AA05F00EFC0428D7D1A3680698F2
:102AF000002B15DB00220699A06803F088FB002854
:102B0000CCD1216A069816AA03F036FB0028C5D15D
:102B10000146236A606816AA05F0FEFB002030E03B
:102B200006A903F089FB0028E4D0022029E0C2694D
:102B300000F11C03002A30D00422E16A04F12C03C6
:102B4000002936D004212369042BA7D1012AA5D15D
:102B50000029A3D1606816AA05F0D4FB04289DD1F2
:102B6000A3681698002B26DB00221699A06803F0B4
:102B70004EFB002892D1169803F036FB003818BFA0
:102B8000012027B0F0BD002AD7D053F8040D11461C
:102B9000013A0028F7D00A46CFE70322F5E70029DB
:102BA000D1D053F8045D08460139002DF7D0014615
:102BB000C9E70321F5E716A903F03EFB0028D3D0AF
:102BC000B3E702F05FFBA9E700253C22294607A8EE
:102BD000CDE90255CDE9045506950CF0C5FA3C2225
:102BE000294617A816950CF0BFFAE269019504F181
:102BF0001C0312B30426E26A04F12C034AB3042531
:102C0000731E012B3FF64AAF012D3FF647AF042359
:102C1000002160680DEB030205F074FB04281AD054
:102C20006FF08000ADE7002EE5D053F8041D32466A
:102C3000013E0029F7D01646DDE70326F5E7002D13
:102C4000DED053F8041D2A46013D0029F7D0154671
:102C5000D6E70325F5E7022E16D16669402E27D860
:102C600006AF33463A460121606805F04BFB8642C9
:102C7000D6D1CDE9027602A945B92A46019803F0DA
:102C800000FA054628467CE70021F5E7236A402B39
:102C9000C6D816AACDE90423019804AA03F0F1F9D5
:102CA000DDE9042305460021606805F035FBE9E70E
:102CB0006FF0890065E76FF0850062E708B503F003
:102CC00059FA002814BF6FF09200002008BD0000E0
:102CD000BD1B000001100000BD0F0000D11B000053
:102CE000D51B0000010000000200000004000000ED
:102CF0005B4552525D5B43727970746F5D20556E17
:102D0000737570706F727465642072657175657328
:102D100074210D0A004D62656420544C5320332EFB
:102D2000362E35004372656174696E6720616E20CE
:102D3000656D7074792049545320666C6173682006
:102D40006C61796F75742E0D0A0043726561746948
:102D50006E6720616E20656D707479205053206617
:102D60006C617368206C61796F75742E0D0A0000B8
:102D700001680E4A0346914215D1C169A2F11022A1
:102D8000A2F1EF1291420ED18268012A0BD8C268DB
:102D900012B101698A4206D0586928B19B691B1A91
:102DA0005842584170470120704700BF55AA00FFA4
:102DB0000D4B70B59E68A6B13046FFF7D9FF0446AB
:102DC00078B9F3686BB935690DB9204670BD2846EE
:102DD000FFF7CEFF28B9EB68B34202D12E462D692A
:102DE000F2E70124F1E700BFE0AE00202DE9F04159
:102DF000394E3468F368D4B1B468C4B1002861D0E6
:102E000000295FD001FB00F5B5FBF0F0884259D1F5
:102E1000291D57D8AA070DD025F0030204321C46FD
:102E200003E0616891424FD2A469002CF9D1204699
:102E3000BDE8F0812A46F2E7891A232904F1200728
:102E4000D4E9050C1AD80123A360A0B1C0F818C0BA
:102E5000A36903B158610023C4E905333369DB0773
:102E600002D5FFF7A5FFA0BB2A46002138463C4605
:102E70000CF07AF9DBE7C6F80CC0E9E702F12008AC
:102E800004EB08032039C3E9011E2169DFF84CE097
:102E9000DC60196144F808E0AEF1102EAEF1EF1ECF
:102EA000C3F81CE001B1CB60C3E9050C40B18361FC
:102EB000996901B14B6101212361C4E90121CAE78C
:102EC000F360F5E70024B2E7D4F808E0BEF1000FA4
:102ED000B2D001200CF074F8E0AE002055AA00FF3B
:102EE000F8B5054600283AD0364E3368002B36D068
:102EF000B268002A33D0834203D8726813449842E0
:102F000002D301200CF05CF8A0F120042046FFF76A
:102F10002FFF0028F5D155F8183C012BF1D145F8C9
:102F2000180C55E90570DFB1BB68CBB955F81C2CFE
:102F30007B68203213447B60386100B1C760202277
:102F4000002120460CF010F9386908B183682BB3D2
:102F500033699B0703D5FFF72BFF0028D1D1F8BDBC
:102F600040B3836833BB42686368134420336360B3
:102F70000369D4E90521236192B9B9B9426981692C
:102F80006261A161A2B19461A26902B1546103B10D
:102F9000DC60202200210CF0E7F8D9E73C46E2E7AC
:102FA0009161A1690029E9D04A61E7E7F160F8E79A
:102FB000F460E9E7F36845F8083C03B15C61F4604C
:102FC000C6E700BFE0AE002038B50D461422002150
:102FD000044612480CF0C8F81149124805F06AFA84
:102FE000232D1AD914F003031FBF043DED18C3F1BC
:102FF0000403E4182A46002120460CF0B5F8074BDC
:10300000094AC3E900459C602260A2F11022203DDC
:10301000A2F1EF126560E261DC6038BDE0AE002035
:10302000E12E0000ED2D000055AA00FF0000000079
:103030000000000000000000000000000000000090
:1030400010B50F4C4FF4CC72204600210CF08CF8D8
:103050004FF48073A36108A3D3E90023C4E90423D8
:103060000123A4F8903184F82830BDE8104000F026
:10307000D9BA00BFAFF3008000BD40DFE143E14EAD
:10308000C814002000000000002230B54C4C89B06C
:1030900002AD04904FF4C87301200021CDE9004532
:1030A000CDE906220394ADF814200BF093FD10B186
:1030B00001238DF81430049B0022009302204FF46A
:1030C000C873002101950BF085FD10B101238DF827
:1030D00015304FF4807238A1D1E90001039BC3E998
:1030E00004019A61049BC3E904019A61002006A9C6
:1030F00000F020FE002858D12946012000F01AFED9
:10310000002852D1022007A900F014FE00284CD15B
:10311000079A029B9A429DF8143018BF0790012B22
:1031200003D0002003A900F05CFD9DF81530012BB1
:1031300003D0012003A900F054FD039B049993F8E8
:103140002830012B1CBF01238DF8143091F8283052
:10315000012B1CBF01238DF8153040F20113BDF87F
:1031600014209A4225D09DF81430012B07D14FF43A
:10317000C8721348A4F890310BF0D1FF07E09DF816
:103180001530022B13D04FF48073A4F8903194F8CB
:103190009101002101300BF06DFD10B110F18C0F89
:1031A00003D1074800F0B6FB002009B030BD012371
:1031B000DDE76FF08300F8E700BD40DFE143E14E5B
:1031C000C81400206FF47A72F0B5474B04461860BB
:1031D00003688DB01344042B08D8DFE803F00327FD
:1031E0004867770003698668082B02D06FF0800576
:1031F00059E08569042DF9D10021406808AA05F03D
:1032000081F80828F2D12B460221606806AA05F051
:1032100079F80428EAD1069B30460193636900934C
:10322000DDE9082300F08CFC05463CE00369082B2F
:10323000DCD14569042DD9D10021406808AA05F0E8
:1032400061F80828D2D12B460121606805AA05F053
:1032500059F80428CAD106AB0293236A0193059B4F
:103260000093A068DDE9082300F080FCDCE7036937
:10327000082BBBD1076A0C2FB8D10021406806AAE1
:1032800005F040F80828B1D1DDE9062308AE009624
:10329000A06800F07FFC054628B901463B4632464F
:1032A000606805F039F828460DB0F0BD0369082BB9
:1032B0009CD10021406808AA05F024F8082895D17F
:1032C000DDE90823A06800F075FCADE7056A042D70
:1032D0008CD100F082FC2B4608900021606808AA7F
:1032E00005F01AF80025DEE7601D002038B5074B11
:1032F00002461D680C460B466868012105F002F87D
:10330000844214BF6FF08000002038BD601D002093
:103310000B46044910B40C6802460021606810BCDA
:1033200004F0FABF601D002008B5074907480BF0FC
:10333000A5FF00F021F830B100F051FC18B9BDE84C
:10334000084000F019B808BD00025005803D00009B
:1033500038B5084D2B4600F0FDF9044618B9BDE814
:10336000384000F089BA002128680BF083FC204621
:1033700038BD00BF641D002010B5044C2046FFF787
:1033800083FE034B383C5C6010BD00BFB80C0020CE
:10339000641D00202DE9F347DFF864A01F46534663
:1033A00081468846164600F02BFA044608BB154DA8
:1033B000DAF80000294601AAC5E90498AE6100F0D8
:1033C00055FC044678B9AE6ABE4216D30A9BF61B7A
:1033D0009E4228BF1E4605F1380031463844FFF7AB
:1033E00097FF0B9B1E6040F64802002105480BF03A
:1033F000BBFE204602B0BDE8F0876FF08604F2E71E
:10340000641D0020800C00202DE9F04F85B0DDF810
:1034100038A00746BAF5006F0E4690469B4673D813
:10342000DFF8EC904B4600F0EBF9044600283FD162
:10343000384DD9F80000294603AAC5E90476C5F835
:10344000188000F013FC044600284CD12B6BDB07DE
:103450004FD4C5E90BAB4FF0010B5B46D9F80050D8
:1034600051462D480193FFF741FF0446C0BB019B25
:103470002749184600F03CF9044688BB2549D9F88D
:103480000000C1F828A000F023FC044628BB4246F7
:1034900038463146FFF75CFF044668B340F6480201
:1034A00000211C480BF060FE204605B0BDE8F08FFF
:1034B00010F18C0FF8D1174C40F64802002120463D
:1034C0000BF052FEC4E90BAB4FF0000B02235D463C
:1034D000C4E90476C4F81880C2E70DB1C9F80050F9
:1034E000BBF1000FDAD0424638463146FFF730FFD5
:1034F000D4E76FF08404F6E7002DCFD021462846AC
:103500000BF0B8FB0446C9E76FF08604CCE700BFB8
:10351000641D0020800C0020B80C00202DE9F3472A
:10352000DFF84CA01E46534681468846174600F0F9
:1035300067F90446B8B90F4DDAF80000294601AA28
:10354000C5E90498AF6100F091FB044628B9AB6A65
:103550007360EB6A33602B6BB36040F64802002166
:1035600004480BF001FE204602B0BDE8F08700BF22
:10357000641D0020800C00202DE9F7431A4F80467F
:103580003B460E46914600F03BF9044620BB174DE2
:103590003868294601AAC5E90486C5F8189000F0E4
:1035A00065FB044690B92B6BDB0719D44A464046AD
:1035B000314600F03BF9044640B900F05DF904469D
:1035C00020B9214638680BF055FB044640F6480206
:1035D000002106480BF0C8FD204603B0BDE8F0838B
:1035E0006FF08404F2E700BF641D0020800C00200F
:1035F000F0B500250A4CD4E910768E4208BF874208
:1036000005D1A66C964202D100201D60F0BD0135A7
:103610000B2D04F12004EED16FF08B00F6E700BF14
:10362000C8140020002030B5DFB0029000F08DFB00
:103630000246002836D102A900F07CFB024688BB76
:103640002A4C029D204600F06DF9024650BB4FF413
:10365000B47204F1280103A85D950BF060FD4FF4EE
:10366000B672204603A900F009FA0246D0B994F8D0
:1036700091514FF4C872009023460021681C0BF052
:103680008BFA024670B994F89031039003A9012097
:1036900084F8913184F89051029C00F04BFB68B1A2
:1036A0006FF0830210465FB030BD012000F04DFB8B
:1036B00002460028F6D1039B01330393039B9C42EF
:1036C000F3D8022003A900F035FB0028E8D1039BC2
:1036D0009C4201D80022E5E7022000F036FB0246BA
:1036E0000028DFD1039B01330393F0E7C8140020C7
:1036F00070B50D4648B300231C46154AD2E9101692
:10370000314304F1010106D00B2919D01C462032A7
:1037100023460C46F2E70B2900F1FF300FD0203290
:103720000028F5D12346DC1C204600210BF0A2FA2C
:1037300010B110F18C0F01D100202C6070BD0A2354
:103740000028F0D06FF08D00F8E76FF08600F5E705
:10375000C81400202DE9F0471E4600238146884604
:1037600017468AB0244D02AC01930FCD0FC495E8E3
:103770000F0084E80F003A464846414601ABFFF788
:1037800037FF1E4D824668B9019C202205EB441488
:103790003034214602A80BF0C2FC202251462046BC
:1037A0000BF0E2FC33687168DC1E05EB431343E960
:1037B000089805EB44131C463034102220469F64C1
:1037C0000BF0ADFCFFF72EFF064688B1DDE90632AF
:1037D000134308D0019B202205EB431502A905F1F4
:1037E00030000BF09CFC2022002120460BF0BCFC9A
:1037F00030460AB0BDE8F087603D0000C8140020E4
:1038000037B51D4601ABFFF7F3FE044648B9019BEF
:103810000549DA1C2A606868102201EB43110BF09D
:103820007EFC204603B030BDF8140020002330B5E4
:103830008BB0019301ABFFF7DBFE0446B0B9019BEF
:103840000C4D202205EB4315294602A80BF067FC1E
:103850002146202228460BF087FCFFF7E3FE0446B2
:1038600020B12022284602A90BF059FC20460BB0BB
:1038700030BD00BFF8140020034B002193F89101E4
:1038800001300BF0F7B900BFC814002030B589B083
:1038900004460D461822002102A80BF065FC002307
:1038A0004FF440710093194B6846CDE903134FF470
:1038B0001053ADF8043080234FF00821ADF80630E6
:1038C0000BF0F6F800BB40F201116846104A0BF00D
:1038D000A9F8A0B90C232A4640F2012168460BF052
:1038E0000BF960B92246694601A80BF02DF930B9F1
:1038F00068460BF0BBF838B120680AF0D9FF68467B
:103900000BF0B4F86FF0830009B030BD0002500531
:1039100002C0FF7F00F11C010C2201480BF0FFBB2D
:103920006C1D00201FB50822184904460DEB02004B
:103930000BF0F5FB042216490DEB02000BF0EFFB38
:10394000029B039A013342F10002CDE90232134394
:1039500014D008220D480DEB02010BF0E0FB04220D
:103960000B480DEB02010BF0DAFB0C22074904F1C6
:103970001C000BF0D4FB002004B010BD019B0133F0
:103980000193002BE5D16FF08300F5E76C1D00205B
:10399000741D00202DE9F0438DB00E4609A90446A0
:1039A00090469946159F179D00F046F909A908A869
:1039B000FFF76CFF18BB169BCDE90068CDE90473D7
:1039C000149B1049CDE9029308980C23069504F145
:1039D0001C020AF08BFF28B108980AF069FF6FF00B
:1039E00083000CE0296810221039296020463944F0
:1039F0000BF095FB08980AF05BFF0028EFD10DB0A3
:103A0000BDE8F083000250052DE9F04104461D4653
:103A10008CB0129E0F4609A9904600F00DF9214680
:103A20001022A8190BF07BFB09A908A8FFF72EFFAD
:103A3000B8B9159B10360693149BCDE90256059331
:103A4000139BCDE9007804930B490C23089804F1EB
:103A50001C020AF099FF38B108980AF029FF6FF0AC
:103A600094000CB0BDE8F08108980AF021FF00280E
:103A700018BF6FF08300F4E70002500570B58EB0F8
:103A80000D460BA90446164600F0D6F80BA90AA865
:103A9000FFF7FCFEF0B909AB06931023CDE9020055
:103AA000CDE90443CDE900560C230B490A9804F1F3
:103AB0001C020AF01BFF18B9DDE90930102B05D0F4
:103AC0000A980AF0F5FE6FF0830003E00AF0F0FEBA
:103AD0000028F8D10EB070BD0002500570B58EB050
:103AE0000D460BA90446164600F0A6F80BA90AA835
:103AF000FFF7CCFEB8B909ABCDE90503102304905C
:103B0000CDE90243CDE900560C230B490A9804F194
:103B10001C020AF039FF099B18430A9805D00AF0E5
:103B2000C7FE6FF094000EB070BD0AF0C1FE002811
:103B300018BF6FF08300F6E700025005FFF7F4BBF3
:103B400030B4194604461046DDE9022350EA010567
:103B500005D0072B07D8224630BCFFF755BC6FF0C5
:103B6000860030BC70476FF08500FAE770B41946E4
:103B700004461046DDE9033250EA0106059D05D0F2
:103B8000CDE90325224670BCFFF704BC6FF0860028
:103B900070BC7047194610B40446104650EA010242
:103BA000019B03D0224610BCFFF7B8BC6FF0860023
:103BB00010BC7047194652EA010310B5044610467E
:103BC00008D02246FFF7D8FC10F1950F08BF6FF020
:103BD000830010BD6FF08600FBE700207047FFF701
:103BE0002FBA70B551F82060DCB0CB684FF4B472D6
:103BF00005460C4601A806F128015B930BF08FFAED
:103C00004FF4B672304601A9FFF768FF80B123690F
:103C100083B14FF4B672304601A95B93FFF75EFFA4
:103C200000280CBF032301232C4423725CB070BD19
:103C30000223F9E70123F7E71FB5D0E904230C4677
:103C4000CDE90223042283690DEB02012046019392
:103C50000BF065FA0822201D0DEB02010BF05FFA54
:103C600004B010BD0F30000901307047F0B51646A2
:103C7000002289B005AB019301F11C030D460093AE
:103C8000114640F61C0307460AF0A4FFD8B9059C6C
:103C900006970C3C2046FFF7E5FF07AB3060039327
:103CA0004FF4026305F12807CDE9017304223B4676
:103CB0002846009406A9FFF7A7FE30B9079B9C424F
:103CC00018BF6FF0830009B0F0BD6FF08300FAE712
:103CD0002DE9F04186B00490064608460D468F6AED
:103CE000FFF720FE0446B0B905AA03924FF4026222
:103CF00007F1100805F12803CDE901322846042216
:103D0000CDF8008004A9FFF745FE10B9059B984542
:103D100005D06FF08304204606B0BDE8F08121464F
:103D20000094304605F11C0307F11C020AF034FF31
:103D30000446F0E70A4608B504210AF0C9FF002846
:103D400014BF6FF08300002008BD08B50AF0A8FF7B
:103D5000002814BF6FF08300002008BD00000000A1
:103D60000000000000000000000000000000000053
:103D70000000000000000000000000000000000043
:103D80005B494E465D5B50535D20456E63727970B2
:103D900074696F6E20616C673A20307825780D0A5F
:103DA0000000000000000000000000000000000013
:103DB0000000000000000000000000000000000003
:103DC000F840010000AF002036000000C0400100B4
:103DD000801D00200E000000C0400100800C00206B
:103DE00000000000D8AF0020CB040000B81D002068
:103DF00052240000800C002040040000600C0020D1
:103E00000800000003F0A0BC08B572B60C4A0D4BC8
:103E10009A600D4B83F309880C4B83F30A8883F374
:103E20000B880B4B04A1D1E90001C3E9000100F0AC
:103E3000C3F804F013FA00BFA5EDF5FEA5EDF5FEFD
:103E40000000000000ED00E0580C0020600400209D
:103E5000580C002008B500F009F808B500F006F885
:103E600008B500F003F808B500F000F8EFF308809B
:103E7000EFF309812DE9F00F6B46724600F014F95B
:103E800008B0FFF7BFFFFEE708B5FFF7EFFF08B583
:103E9000FFF7ECFF08B5FFF7E9FF08B5FFF7E6FF0E
:103EA00008B5FFF7E3FF08B5FFF7E0FF08B5FFF738
:103EB000DDFF08B5FFF7DAFF08B5FFF7D7FF08B554
:103EC000FFF7D4FF08B5FFF7D1FF08B5FFF7CEFF26
:103ED00008B5FFF7CBFF08B5FFF7C8FF08B5FFF738
:103EE000C5FF08B5FFF7C2FF08B5FFF7BFFF08B56C
:103EF000FFF7BCFF08B5FFF7B9FF08B5FFF7B6FF3E
:103F000008B5FFF7B3FF08B5FFF7B0FF08B5FFF737
:103F1000ADFF08B5FFF7AAFF08B5FFF7A7FF08B583
:103F2000FFF7A4FF08B5FFF7A1FF08B5FFF79EFF55
:103F300008B5FFF79BFF08B5FFF798FF08B5FFF737
:103F400095FF08B5FFF792FF08B5FFF78FFF08B59B
:103F5000FFF78CFF08B5FFF789FF08B5FFF786FF6D
:103F600008B5FFF783FF08B5FFF780FF08B5FFF737
:103F70007DFF08B5FFF77AFF08B5FFF777FF08B5B3
:103F8000FFF774FF03689A070CD50368DB070DD5AC
:103F90000922074BC3F80C250F22C3F80425012280
:103FA0001A60FEE7034B0360EF3B0360704700BFFE
:103FB00000801050F000FA5008B501232F4A304815
:103FC000C2F80038A2F55722D2F800242D4AD2F8C0
:103FD0004023332A04BF2C4AC2F80C34FFF7D2FF27
:103FE0000830FFF7CFFF0830FFF7CCFF0830FFF7AE
:103FF000C9FF00F5F470FFF7C5FF244AD2F88C30F2
:1040000043F44063C2F88C300022D30003F57F03F1
:1040100003F54043D3F8001401310AD0D3F800145B
:1040200039B1D3F800140132D3F80434402A0B60BC
:10403000EBD1174BD3F80026D2071AD4154B1349EE
:10404000D3F8182522F00302C3F81825D3F8182551
:10405000C3F81825D1F88C2042F44062C1F88C20B6
:104060000022C3F8A0250C4AD2F80034012BFBD063
:1040700008BD6FF00102C3F80026DFE70000125010
:1040800000F50E5000C0FF000030055000ED00E0CC
:1040900000E0105000E00450009004507C220149E0
:1040A0000BF03DB8A0B5002038B51D46394B3A4C51
:1040B0005B68C3F308032360EFF303836365530670
:1040C000C4E90120E16039D502F00C020C2A08BFD6
:1040D000084601462061202230480BF020F825B127
:1040E000202229462E480BF01AF82A4B9A6AA2651C
:1040F000D96AE165986B206602F400406066586BEF
:10410000A06602F08000E0669A62D962D3F8E420EB
:1041100024482267D3F8E810616702F04001A167E4
:10412000C3F8E4200E2101F0ADFB2268D31E042B5E
:1041300025D8DFE803F00F181B1E2100EFF394834E
:10414000990704D5130702D5EFF38980C1E7EFF390
:104150008880BEE70C21144801F094FBEFF38883BC
:10416000EFF3898338BD12211048F5E70B21104881
:10417000F2E70D210F48EFE70E210F48ECE70F2A79
:1041800095BF142125210D480D4888BF103A02F033
:10419000D7F8E3E700ED00E0A0B50020B4B50020BB
:1041A000D4B50020407E00004E7E00005A7E000004
:1041B0006C7E0000777E0000847E0000927E00000E
:1041C000A67E000037B5084C6369984748B9E56A90
:1041D000A847C307FCD4236A019303B0BDE830406D
:1041E0001847002003B030BDCC7E000010B50B4C4A
:1041F0000020A368984780B902202369984760B9D6
:104200004FF4E1310120A46AA04730B90121152003
:10421000A04710B90122024B1A7010BDCC7E0000DD
:1042200074C20020064B82B01868002382B262F389
:104230000F03000C60F31F43184602B0704700BF25
:10424000147F0000014BD86D704700BF04AF002001
:10425000014B186E704700BF04AF002008B502483C
:1042600000F0E6FB002008BD04AF0020F0B5C2B2AC
:10427000012A04460B4685B00AD0A2F11501012996
:1042800000F2D280002B00F0BD80002005B0F0BD10
:10429000684D01AE95E8070086E807004DF6C0229C
:1042A00093427CD028D8B3F5615F7BD011D8B3F5A9
:1042B000965F79D008D8B3F5966F77D0B3F5166FBF
:1042C00077D06FF00700E1E7B3F5165FF9D15A4BED
:1042D00033E047F6122293426ED007D8B3F5964FDB
:1042E0006DD0B3F5E14FECD1544B26E0B3F5164F4A
:1042F000E7D14FF41D0320E0514A934261D011D819
:10430000B3F5E13F60D007D8B3F5614F5FD0B3F5A7
:10431000963FD6D14B4B10E0B3F5613FD1D14FF072
:104320006C730AE0B3F5612F54D0474A934254D0DE
:10433000B3F5E12FC5D14FF0E86314F4E06F55D128
:1043400014F4404103D0B1F5804F52D110213F4FBA
:1043500004F44052B2F5805FB7F8940040D0B2F553
:10436000005F40D0002A47D114F4403403D0B4F5A4
:10437000403F44D101248DF804408DF805208DF88C
:104380000610ADF8080096E8070085E807003049F8
:10439000C7F88C30A1F1640001F0E7FB75E74FF43A
:1043A0006503CAE72B4BC8E72B4BC6E74FF49E23A8
:1043B000C3E74FF41D23C0E74FF40003BDE7274BCD
:1043C000BBE74FF08063B8E74FF0EB73B5E74FF40E
:1043D0006B03B2E74FF07063AFE74FF08053ACE789
:1043E00000200E22C0E74FF48070FAE76FF008005B
:1043F0004CE76FF00A0049E76FF0090046E76FF0FD
:104400000B0043E71148162A4FF0FF3315BF014652
:1044100000F1640141F8643F836601F0A6FB10F1EE
:10442000100F04D0C01731E76FF003002EE76FF0D4
:1044300001002BE794AF00200050270000C075005A
:1044400090D0030000903A0140420F0004AF0020DA
:1044500068AF002000F03A0000B0130000A04E004A
:1044600073B506461B480C4601F0BBFB194D18B945
:104470004FF0FF3002B070BD22463146284601F0B1
:104480008EFC10F1100F02D16FF00100F2E700284E
:10449000EEDB0321284600F029FB10F1100FF3D0CA
:1044A0000028E5DB00230193284601A901F023FD44
:1044B00010F1100FF8D07830DAD0019B9C42D7D899
:1044C00001220448114601F014FD0028D0DB002031
:1044D0002C66CFE704AF0020F0B51B4E054691B027
:1044E00030460C4601F07DFB18B94FF0FF3011B09B
:1044F000F0BD05F06043B3F1005F20D100232246F8
:104500002946304601F073FB10F1100F19D0002836
:10451000EBDBF46511E0A71B402F28BF4027A9194A
:104520003A4668460AF0FBFD39466846FFF7D4FF75
:104530000028DCD14036B442EDD80020D7E7002671
:10454000F9E76FF00100D2E704AF002010B50A4C84
:1045500004F16400D4E9151201F0AAF90146002221
:10456000204600F0DFF90028AABF00206FF001000C
:10457000C4E9170010BD00BF04AF00207FB50025BF
:104580000C46C0F810511646D0F81021D0F8002281
:1045900022F02002C0F80022104AC0F8082301F0DF
:1045A000D8F9A560256104F14C03D3E8EF1F21F48D
:1045B0007F0121F47041C3E8E21F002AF5D11022E7
:1045C000294668460AF0D0FD042368468DF800307D
:1045D0000196D4E90013984704B070BD200218007A
:1045E000044B054A1B68B3FBF2F35843034B43F0FB
:1045F0000103184700AF002040420F00307F000049
:104600007F2800F01F034FEA50110BD8084A52F8D8
:10461000212002EB8303D3F88010064A0A40C3F836
:10462000802070470022203352F82330FFDE00BF85
:10463000187F0000F0F0FCFF7F284FEA501208D8E6
:10464000054B00F01F0053F82220012383405360E4
:10465000704700235B60FFDE187F00007F2800F0BA
:104660001F034FEA50110DD8094A52F8212002EBDE
:104670008302D2F88010074B0B4043F00303C2F8CB
:10468000803070470022203352F82330FFDE00BF15
:10469000187F0000F0F0FCFF91F839302DE9F74F5A
:1046A00005460C460E682BBB076D47F0007303658B
:1046B000701C05D03046FFF7BFFF3046FFF7CEFF36
:1046C0006068411C01D0FFF79BFF94F82C30012B50
:1046D00010D1E06847F02067421C2F6501D0FFF73A
:1046E0008FFFA1684B1C05D00846FFF7A5FF0846C1
:1046F000FFF7B4FF94F838E0BEF1000F03D12B6D43
:1047000043F080732B65D4E90183278EB4F832A07F
:104710000093E36894F82D9094F82E10A08E94F8EE
:104720002CC0E28EDFF8A0B0019347EA0A072B689D
:104730003843A56A41EA09015B4542EA00024CEAB6
:10474000010108BFED080A43C3F82455C3F86C25DE
:10475000BEF1000F0DD1BCF1010F08BF009AC3F8E4
:104760000466C3F80C8602BFC3F81026019AC3F88A
:104770000826002194F83B20C3F84C11D3F84C01D3
:10478000C3F86811D3F86801C3F81411D3F8140101
:10479000C3F82411D3F82401C3F830110B48D3F81F
:1047A00030115201C3F30F31C3F30833D2B2C4182E
:1047B00084F80023012201F01F015B098A4040F8C0
:1047C000232003B0BDE8F08F00D0045000E100E0EA
:1047D0007F2800F01F034FEA50110DD8094A52F804
:1047E000212002EB8302D2F88010074B0B4043F0EC
:1047F0000203C2F8803070470022203352F8233081
:10480000FFDE00BF187F0000F0F0FCFFF8B50546A2
:104810002B6D046803F48223B3F5805FD4F80002A3
:1048200005D009B100232B626FF07600F8BDD4F8F3
:104830000463C4F8086309B9830647D4D4F8003286
:1048400023F02003C4F800324FF4A11305F1500700
:10485000D7E8EF1F1943C7E8E01F0028F8D112B9C5
:10486000AB68002B59D12E4BC4F808330123E36207
:10487000D4F82431002BFBD00023C4F85031D4F8F5
:104880005021C4F84C31D4F84C21C4F82431D4F868
:1048900024212A6D12F400421BD12A62204601F025
:1048A00058F80023EB606B61D7E8EF3F23F47F03F8
:1048B00023F47043C7E8E23F002AF5D126F4C0167E
:1048C00026F408760020C4F80463AFE74FF4803381
:1048D000BCE7C4F85031D4F85021EA69C4F8042781
:1048E0000522C4F80827C4F84C31D4F84C31012310
:1048F000E361D4F84C31002BFBD00022C4F84C21EA
:10490000D4F84C31D4F850310BB1D4F80C372B62B9
:10491000C4F85021D4F85031C0E70123E362D1E755
:10492000200218002DE9F34104460F4694F84C107C
:1049300090460430002966D150220AF015FC3B69EC
:1049400063607B69E363BB6903B1013B23643B6A3A
:104950002568042B81BFFB69E36100232362D5F83E
:10496000003243F48023C5F80032012384F84C3030
:10497000D5F85021C4F80880EAB939462046FFF737
:104980008BFE0822002325688DF80730C5F8002526
:104990000DF10702C5F83C27C5F8403701230A2668
:1049A0002B656B65D5F8303183BB0120FFF718FE0E
:1049B000013EF7D120E008226426C5F80025EB620D
:1049C000D5F82431EBB9D5F81431D3B90A20FFF763
:1049D00007FE013EF4D10023C5F85031D5F850212F
:1049E000C5F84C31D5F84C21C5F82431D5F824212F
:1049F000C5F80035002EC0D16FF08B0002B0BDE8C5
:104A0000F0810126E7E76FF07700F7E70020C5F8AF
:104A100068018045D5F86831044B08BF0346226819
:104A2000C5F80005C2F80433E8E700BF200218000B
:104A30002DE9F041012503682A4A2B4EC3F80823CB
:104A4000C3F30431C3F3434205FA01F120320446B3
:104A500046F82210BFF34F8FBFF36F8FD3F80022B9
:104A6000294622F48022C3F800222A46FFF7CEFE10
:104A70002946204601F04EF9256D2368E901D3F857
:104A80000406D3F80C86D3F81066D3F8087609D557
:104A90004FF0FF32C3F80426C3F80C26C3F81026E3
:104AA000C3F80826AA0115D5431C01D0FFF790FED4
:104AB000B8F1FF3F02D04046FFF78AFE290109D531
:104AC0007A1C02D03846FFF783FE731C02D03046B2
:104AD000FFF77EFE002384F84C302365A360BDE819
:104AE000F08100BF2012180400E100E0F8B506468E
:104AF000044656F8505B071DD6E8EF3F43F480525A
:104B0000C6E8E02F0028F7D1DA0468D44B0702D5B5
:104B1000E369002B66D0354BC5F808330823C5F888
:104B200000350023C5F84C31D5F84C21C5F850317B
:104B3000D5F85021C5F824310A03D5F824318B0368
:104B400003F4804302F400524903134301F400418B
:104B50000B43D6E8EF2F1A43C6E8E12F0029F8D11E
:104B6000E368C3B9A3687BB9236DD80435D5D6E80B
:104B7000EF3F23F47F0323F47043C6E8E23F002AAB
:104B8000F5D16FF00B00F8BD0321384600F0BCFEF4
:104B9000E368002BE8D0D5F80433D90610D5A36814
:104BA00073B1236D1A030BD5D6E8EF3F23F400232E
:104BB000C6E8E23F002AF7D10621384600F0A4FEFD
:104BC000236DDB0409D5D5F850310BB90123AB6255
:104BD000A36813B1054BC5F804330020D3E76FF089
:104BE0000F00D0E74FF0FF30CDE700BF20021800E4
:104BF00072B6024A13680133136070471CB6002076
:104C0000034A1368013B136003B962B6704700BFE3
:104C10001CB6002000487047647F00001FB50D4A95
:104C200001AB10685168128903C300211A80012367
:104C300001A88DF804308DF80810ADF8061000F0CA
:104C4000BBF818B110F1780F08BF002005B05DF86F
:104C500004FB00BF7C7F0000F8B58507144618D11F
:104C60000D4DA84215D82D1AB5EB820F11D30B4E5E
:104C7000D6F80075D6F8005507F00107C6F800759C
:104C800000F072F8204605F47C553D43C6F8005507
:104C9000F8BD6FF00400FBE700D01F0000E00450F7
:104CA00038B50346094D0846AB4214460AD8ED1AFA
:104CB000B5EB840F4FEA820204D319460AF02FFAAB
:104CC000204638BD6FF00400FBE700BF00D01F0096
:104CD00070B50478437841880679C288057A44EA39
:104CE0000324184B41EAC67142EA0542C3F8004565
:104CF000C3F80C15C3F81025D3F80424D207FBD54C
:104D0000114A1268E2B10021427AC3F80C11D3F8BB
:104D10000C01C3F80411D3F80401C3F80811D3F847
:104D20000801C3F80011D3F8001152010749D2B2AB
:104D300081F84E234FF480428A600F22C3F8042387
:104D4000002070BD00E0045054C2002000E100E0EB
:104D5000044B40EA0120C3F80005D3F80024D20731
:104D6000FBD5704700E004502DE9F04104460D46A4
:104D70001646DFF840800120D8F80075D8F80015F5
:104D800007F00107C1F30521FFF7E2FF04EB8606F8
:104D90002B1FA64204D13846BDE8F041FFF7D8BF2B
:104DA00053F8042FD8F80404C007FBD544F8042BAB
:104DB000EFE700BF00E0045010B5064C237933B98B
:104DC0002160FFF785FF08B90123237110BD6FF043
:104DD0007700FBE754C20020003A18BF01220039D7
:104DE00018BF012103688900074841EA420118639E
:104DF00059605A6842F001025A60BFF34F8FBFF307
:104E00006F8F0020704700BF04AAFF000123084AEB
:104E1000C2F8043302F58022C2F8043302F580227E
:104E2000C2F8043302F58022C2F80433704700BF91
:104E3000000004500D4BD3F8000103F58023D3F894
:104E4000003183B9003818BF01208000084BD3F827
:104E50000031002B074B18BF0420D3F80031002B82
:104E600018BF042070470420F0E700BF0000045082
:104E700000000C50000010500122024BC3F8042324
:104E8000704700BF00100450034BD3F800010038F6
:104E900018BF0120C0007047001004500022034BCF
:104EA000C3F80021D3F80031704700BF0010045050
:104EB00000230A4AC2F80031D2F80021084AC2F899
:104EC0000031D2F80021074AC2F80031D2F800219F
:104ED000054AC2F80031D2F8003170470000045092
:104EE0000000085000000C50000010500022104636
:104EF00030B50749074C51F8043BD3F800511DB1B8
:104F0000D3F80404234018430132042AF3D130BDFE
:104F1000887F00000000FFFF10B5FFF78BFF0D4CEE
:104F20004207206002D5FFF7E1FF6060FFF7ACFFAA
:104F3000236818430307206006D5074BD3F80024E5
:104F40006260D3F80434A3601621BDE81040034822
:104F500000F098BC5CC2002000100450987F000054
:104F60000C2201490AF0DBB85CC2002038B50446C7
:104F700000B30B291ED9114D2868431C02D143F6FA
:104F8000DA3038BD78B108220D4920460AF0C7F85A
:104F900004220A4904F108000AF0C1F82B68002035
:104FA00001332B60EDE70822054905F047FD002895
:104FB000E9D0E4E74CF2DA20E3E700BF68C2002062
:104FC0007AC200202DE9F04F17461C22ADF2044DA5
:104FD000044689460DEB020000211D46DDF82864D9
:104FE0009DF834840AF0C0F84FF46A72002116A8C4
:104FF0000AF0BAF810230693002C78D0236813B96E
:105000006268002A73D1A26812B9E268002A6ED1E0
:10501000226912B96269002A69D1DDF82C24002ABC
:1050200065D0DDF830240F2A61D9B8F1000F01D026
:10503000BE425CD34FF0200B0DF1380ACDF808B01A
:10504000CDF804A06268022000920022114609F007
:105050005BFE00284ED14FF44072284B07A9CDE9E2
:105060000923274A009307925B46524616A8B8F1D7
:10507000000F2ED007F090FC38BBD4E9041216A81C
:1050800007F0C2FC08BBD4E9021216A807F0E8FC3E
:10509000D8B905AC2B463A464946CDE9006416A876
:1050A00007F0FEFC88B92268A918B21AB8F1000FFF
:1050B00012D006AB0293DDF8303416A80193DDF868
:1050C0002C340093234607F011FD0DF2044DBDE88A
:1050D000F08F07F07DFCCFE7DDF8303416A80193A0
:1050E000DDF82C340093234607F02CFDEDE74CF25D
:1050F000DA20EAE743F6DA30E7E700BF00051005FB
:1051000004200001F8B502F051FD044680BB09F00F
:105110005BFE50B93221194800F0B4FB09F09EFE45
:1051200040BB0A21164800F0ADFB164A2721D36880
:10513000154823F008031B041B0C43F0BF6343F422
:105140000033D36000F09EFB00220C210F4801F0D9
:10515000F7F8002501260E4F06FA05F39B0704D049
:105160002A460621384601F0EBF80135202DF3D10F
:105170002046F8BD45F22354FAE700BFAE7F000099
:10518000E07F000000ED00E0EA7F000011800000F9
:105190001D800000024B1860024B00201960704710
:1051A00070C200206CC200201FB5274C42692368E2
:1051B0005A6282699A62C269DA62026A1A63426A50
:1051C0005A63826A9A63C26ADA63026B1A64426B38
:1051D0005A60826B9A60C26BDA60026C1A61426C30
:1051E0005A61826C9A61C26CDA61026D1A62826DD8
:1051F0005A65C26D9A65026FDA65026E1A66826E32
:105200005A66426F9A66EFF388825A64EFF3898296
:105210009A644268DA64EFF394821A65026801A81E
:105220001A67FFF79DFE2368019ADA6601221A7059
:10523000064B1C686408640020462146224623462B
:105240000EF092FA04B010BD70C200206CC20020B3
:1052500000B5A1B001A8FEF721FF029B63B15B0678
:105260000AD4019B23F00203052B05D1044B1B68D4
:1052700013B101A8FFF798FF21B05DF804FB00BF50
:105280006CC20020BFF34F8F0549064BCA6802F479
:10529000E0621343CB60BFF34F8F00BFFDE700BF59
:1052A00000ED00E00400FA05254B264A4FF47A6130
:1052B0001A600122244B2548C3F80424D0F8243670
:1052C000C3F30802C3F309434B4382F480722049BD
:1052D000883201FB02334FF4FA215B00B3FBF1F299
:1052E00001FB12331B49B3F57A3F28BF0132C1F8E5
:1052F0000429D0F820364FF47A60C3F30802C3F3D0
:105300000943434342F21C5082F4807202F2172296
:1053100000FB02334FF47A701B0AB3FBF0F200FB80
:1053200012330020B3F5FA7F4FF0010328BF01329A
:10533000C1F81C27C1F80009C1F80036704700BF4A
:1053400000AF00200020A107002008E000C0FF00FF
:10535000F82A008000001250F8B5C0F30B0686B999
:1053600020F47F650A4F25F00F054418AC4201D8A0
:105370003046F8BD2846FB69984728B905F58055A1
:10538000F4E74AF2C536F3E743F65C26F0E700BFE0
:10539000387F00002DE9F74FDFF864A08346DAF884
:1053A00004300F46154698470024164BC0F34100C1
:1053B00013F82090DFF8508004F18003AB4294BFD3
:1053C00080262E1BB6FBF9F24146DAF8143004EBC6
:1053D0000B000192984700280EDB4146DAF818309E
:1053E000019AE0199847002806DB3444A542E3D827
:1053F000002003B0BDE8F08F43F65C20F9E700BF62
:10540000387F00002480000082C200202DE9F3478D
:105410001B4D81466B680F4614469847194BC0F3E5
:10542000410013F820A0B9FBFAF60AFB16961EBB42
:105430006CB1D5F81480B4FBFAF509F588292A4631
:1054400039464846C047002805DA43F65C26304610
:1054500002B0BDE8F0870AFB05F5641BF7D0012216
:1054600001A909EB0500C0470028EEDB224601A98F
:10547000781909F054FEEAE74AF2C536E7E700BFBB
:10548000387F0000248000002DE9F04F861806F6D2
:10549000FF7525F47F6525F00F0585B0B5F5805FB4
:1054A0000446019104D943F65C2005B0BDE8F08FB5
:1054B000DFF86C81D8F8043098470422594BC0F3C8
:1054C000410053F82070D8F8143057480093FBB2CD
:1054D000B2FBF3F203A9009B9847039A531C0232D4
:1054E00008BF01230393002D34D024F47F6B2BF0ED
:1054F0000F0BA5EB0B010BF58820FFF72DFF002804
:10550000D3D1B5F5BE7FAA4628BF4FF4BE7ADA459F
:1055100029D8B5F5BE7F5ED3FBB20427B7FBF3F7FE
:10552000424D3A4629464048009B9847B6F5BE7F13
:105530005CD8042203A93D4809F0F1FD384B3A46F6
:105540003A493B489B69984708B18742ABD100F084
:105550007DFEAAE74FF480514FF48820FFF7FCFE50
:105560000028C2D0A1E70BF180039A452CBF4FF071
:105570008009AAEB0B095FFA87F8B9FBF8F82B4909
:105580004246009B0BF58A2098475E4516D909EBE9
:105590000B039C4212D2A3455A4638BF2246111B28
:1055A000A2EB0B009E4294BFC2EB0602C2EB0302C9
:1055B000019B19441D4B184409F0B1FD184B42469C
:1055C0009B691A490BF58820984710B180457FF4F4
:1055D0006AAFCB449BE74FF4BE724FF488214FF47F
:1055E0008A20FFF7D7FE002896D05EE7B4F5C07F8B
:1055F0009FD2B4F5BE7F224638BF4FF4BE72019BE6
:10560000111BA2F5BE700B44B6F5C07F94BFC2EB70
:105610000602C2F5C0721946284409F080FD88E7E9
:10562000387F0000248000007C51040082C20020EA
:105630007C4104002DE9F041504F86B00020BB684A
:105640009847002870D104226946FFF7DFFE044620
:10565000002840D104224FF4BE700DEB0201FFF789
:10566000D5FE0446002836D1454D009BAB4203D100
:10567000019B013B033366D97B689847414BC0F3DC
:10568000410053F8206004224FF4805004A9FFF732
:10569000BDFE0446F8B9042241F27C1005A9FFF7CB
:1056A000B5FE0446B8B9049B4FF48051AB424FF4A9
:1056B000882014D1059B013B033310D8FFF74CFE23
:1056C000044640B94FF480524FF488214FF48A20A9
:1056D000FFF760FE0446204606B0BDE8F081FFF704
:1056E0003BFE04460028F6D101468022264809F0F8
:1056F0003BFDF3B28026B6FBF3F6DFF88C8004F5B1
:10570000882032464146BB6980349847B4F5805FB3
:10571000F5D300F09BFD04460028DCD1042202A949
:105720000295FFF7B1FE10B143F65C24D3E70123E5
:1057300004224FF4BE7003A90393FFF7A5FE0446AD
:105740000028C8D0F0E7042241F27C1005A9FFF739
:105750005DFE04460028BED1059B5A1E033206D8C2
:10576000019A934203D30233B5D1012AB3D100F099
:105770006DFD002818BF0446ADE700BF387F00006C
:105780001281DEC02480000082C200201E2811D8B1
:1057900001230A4A8340134208D113F0980F07D11E
:1057A0001D2807D1402300200B6070472023FAE713
:1057B0000423F8E74CF25A30704700BF650F0040F1
:1057C00038B543680C2B01D0022038BD4B68042B40
:1057D000FAD14FF0FF3304680D6821682B6000296F
:1057E000F2D0A268002AEFD00623012002F010F8C0
:1057F0000028E9D161680B4B99420AD9A2680533A8
:105800008818984208D8206809F089FC0020286090
:10581000DBE7054B9942D7D9A268044B8818984218
:10582000D2D8F0E7030508E0FFD4FF0000DAFF005C
:10583000436810B50C2B14D14B68042B11D10A68A6
:1058400001210368116018680C49884209D10221BE
:1058500011609968032904D15B6813F0020002D03B
:105860001160022009E00649D1F81845634003F0B1
:1058700003036340C1F81835106010BD18E50450EB
:1058800000E00450FEF79EBC012070476FF003005B
:105890007047002070476FF003007047002070478A
:1058A000022814BF6FF0030000207047FEF714BEFB
:1058B00070B540F2FF1501EB8202914200D170BD3C
:1058C00051F8044BC4F30803240EAB4208BF4FF059
:1058D000FF33032CF1D8DFE804F00204060803606C
:1058E000EBE74360E9E78360E7E7C360E5E703468A
:1058F000D0F8300130B931B9D3F86801003818BF99
:10590000012070470120704730B504460D4685B030
:1059100010220021684609F027FCD4E900136846EC
:105920008DF80050984705B030BD7FB504460E464F
:10593000154600211022684609F016FC012368462E
:105940008DF80030CDE90165D4E90013984704B023
:1059500070BD10B50446FFF74BF9D4F8303133B1C0
:10596000D4F8043313F4805308BFC4F80035BDE8FD
:105970001040FFF745B9D0F8303133B1CB6CC3F3E9
:105980000032DB0458BFC0F8002570472DE9F74FFF
:10599000866804460D463EB113F0020604D0C36B80
:1059A000002B00F095800126276D17F0100740F0BE
:1059B0008F804FF00109AB180193019BAB4200F0BF
:1059C000898005F060439B46E26BD4F8008082B981
:1059D000BBF1005F40F087809246FFF709F9216D27
:1059E000404601F00101FFF782FF28B9FFF708F9EF
:1059F000EAE74FF0010AF0E7A26CAB46002ABCBF11
:105A0000D8F84427A264BAF1000F07D0D4E90F12E6
:105A100028788854D4E90F2102EB010BBBF1000F69
:105A200003D0C8F83CB7C8F840970023C8F86831DD
:105A3000D8F86811C8F83031D8F83011C8F86C318E
:105A4000D8F86C110821C8F80015BEB14FF4805287
:105A5000C8F80423C8F85090FFF7D2F8A368002BC9
:105A60003FD1236D1B073CD55034D4E8EF3F23F0E2
:105A70000803C4E8E23F002A2AD0F6E7C8F85090AD
:105A8000FFF7BEF8216D01F001014046FFF72FFF3F
:105A90000246D8F84407D8F83C375AB99B45F4D0A9
:105AA00004F1040AD1B1FFF7A3F851464046FFF7CD
:105AB00062FFD1E79B4504F1040AF3D10028F1D13C
:105AC000FFF796F851464046FFF755FFFFF798F865
:105AD0004FF0FF37384603B0BDE8F08FC8F8549058
:105AE000E1E7013569E76FF01507F3E770B5CE6CB4
:105AF0000D4606F001010446FFF7F9FE38B94FF4F0
:105B0000805346F00406EE64C4F8043370BDD5E952
:105B10000A365AB1296CEA6B761A964228BF1646A5
:105B200019443246A86B09F0FAFAAB6B4FF0FF321A
:105B30006A641BB1C4F83C37C4F840670023C4F85A
:105B40006831D4F86821C4F83031D4F83021C4F871
:105B50006C31D4F86C310823C4F800354FF480530D
:105B6000C4F8043301232365D0E737B590F84C30EF
:105B700004463BB3036B4BBB0268C2F80035836835
:105B80000BB10B6943602046FEF786FD0822002317
:105B900024688DF80730C4F800250DF10702C4F819
:105BA0003C27C4F8403701230A2523656365D4F8F0
:105BB000303173B90120FEF713FD013DF7D16FF0CD
:105BC0008B0001E06FF0760003B030BD6FF00F0086
:105BD000FAE70020C4F86801D4F86831C4F8000579
:105BE000F2E790F84C00003818BF012070472DE90B
:105BF000F04704460D4699461646D0F80080002A24
:105C000068D087685FB953B9076B002F65D102630D
:105C1000FFF7BCFE054627632846BDE8F08719F06C
:105C2000030F07D04B46324629462046BDE8F047D1
:105C3000FFF7ACBE05F06043B3F1005F07D0E36B44
:105C400013B119F0040F14D06FF00C05E4E7236DC5
:105C5000DB0702D519F0040F42D1FEF7C9FF226B12
:105C60009AB9C4E90B564046211DFFF73FFF0025B6
:105C700027E0FEF7BDFF236B3BB9236D012243F004
:105C80000203C4E90B562365EDE7A36BE3B919F0F2
:105C9000040F19D0E36A03F06043B3F1005F16D13B
:105CA0000A27236DC4E90D5643F010032365D8F885
:105CB0006C31C3B90120FEF793FC013FF7D16FF0BF
:105CC0008B05FEF79DFFA7E76FF00F05F9E74FF093
:105CD000FF35F6E76FF006059EE76FF00F059BE7CF
:105CE0004FF0FF3598E74FF080622368C3F8042334
:105CF000D8F8003223F48023C8F800320023C8F813
:105D00006C31D8F86C31002DB1D0C8F83C57C8F8C8
:105D10004067ACE7F8B50468036BD4F80463054644
:105D2000C4F8086323B96FF07600C4F80463F8BDC3
:105D300000F15003D3E8EF0F40F00800C3E8E20F92
:105D4000002AF7D10123636501B3296D01EA030736
:105D500039462046FFF7CBFD0028FAD0FEF748FF72
:105D6000C7B9D4F868314BB101236365D4F8303139
:105D7000002BFBD02046291DFFF7FDFDFEF740FF5D
:105D80000023C4F86831D4F868212B630020C4F8DC
:105D90000463CCE7D4F83031002BEBD1EEE72DE9EA
:105DA000F84F0568036DD5F804A313F48028044662
:105DB0000F461646C5F808A340F0928001F06042F5
:105DC000B2F1005F40F08F80C26852B18268002A51
:105DD00075D1D5F84C21002A71D0C5F84C81D5F881
:105DE0004C31226AC4E90376002A47D09642E16921
:105DF00033D84FF0000932463846C4E9039909F018
:105E00008EF9226AE069921B2262811909F051F928
:105E1000A368BBB1236D04F1040B990417D550346A
:105E2000D4E8EF3F43F48023C4E8E23F002AF7D1EF
:105E3000324639465846FFF778FD4A4659462846C5
:105E4000FEF79CFB4046C5F804A3BDE8F88F324638
:105E500039465846FFF769FDF4E7384609F05FF91F
:105E6000236AA3620023236204F15003D3E8EF1FE7
:105E700041F40021C3E8E21F002AF7D1A16A236997
:105E8000E2685B1A0A44C5F80427C5F80837236D91
:105E9000DA04D7D55034D4E8EF3F23F48023C4E8A4
:105EA000E23F002AF7D10123AB62D5F82431002B61
:105EB000C8D00023C5F82431D5F82431C2E762697F
:105EC000A2B95B04C4E90576C5F80477C5F808678C
:105ED000B8D5D5F8003243F02003C5F80032B1E759
:105EE0006FF07608AEE76FF00C08ABE76FF00F08C5
:105EF000A8E7FEF78BBC8368A3B90368D3F8002535
:105F0000082A06D011B1D3F80C370B606FF0770078
:105F10007047D3F84C2142B111B1D3F80C370B6064
:105F2000002070474FF0FF3070476FF00F00704750
:105F30000420704700207047002070474B6830B540
:105F400013F01F052DD102680C681068C0F30720FC
:105F5000844226D25068556094600C7C23F01F0365
:105F600004F001041C438B7CDB0003F018031C438A
:105F70004B7C5B0003F006032343D3608B68013B3B
:105F800023F01F04CB685B0003F00E03234343F0B0
:105F9000010313615060BFF34F8FBFF36F8F28462B
:105FA00030BD0120FCE7036800205A68C9B2586080
:105FB0009960D86018615A60704770B50546002432
:105FC00003681E68C6F30726B44201D1002070BDE5
:105FD00021462846FFF7E7FF0134F5E700F47C038C
:105FE00043F0A0431A0BC2EB1030C0B203EB8003A6
:105FF000D3F8002542F01002C3F80025D3F800259D
:1060000042F02002C3F8002529B1D3F8002542F45C
:106010008072C3F8002570471FB501240394089CC3
:106020000294079C0194069C0094FEF7CBFF43F674
:10603000DA33002818BF184604B010BD1FB500247D
:106040000394069CCDE90134089B0093079BFEF75F
:10605000B9FF43F6DA33002818BF184604B010BD64
:1060600008B5FFF7F5F872B620BFFDE7034610B19B
:106070000020187070474AF2C53070470020704702
:1060800070470346012B084670B5114607D0042B14
:1060900009D0002B31D1BDE87040FFF791BBBDE8BE
:1060A0007040FFF7C5BB4368082B01D0022070BDCC
:1060B0005468042CFAD14FF0FF330568166829683C
:1060C00033600029F2D06B68002BEFD026237422B6
:1060D000012001F09DFB0028E8D122462323012066
:1060E000696801F095FB04460028DFD1D5E900017D
:1060F000FFF750F830602046D9E70320D7E748B1D2
:106100004FF48C224FF48043C0E900230123037233
:10611000002070474CF2DA20704748B14FF48022DB
:106120004FF48043C0E9002301230372002070472D
:106130004CF2DA20704737B504225C3084000D46FB
:1061400020460DEB0201FFF761F958B9019B5A1C7B
:106150000AD0AB420BD8042220460DEB0201019578
:10616000FFF792F903B030BD45F2A350FAE74AF2C7
:10617000C530F7E7FFF75EBA0B46042B114611D185
:10618000012807D0022809D078B91A464FF4B87010
:10619000FFF73CB91A464FF4BA70F9E71A464FF4C4
:1061A000BC70F5E743F65C2070474CF25A307047FC
:1061B000012837B504460D4602D0022800D080B928
:1061C000FFF7B9FF58B90421204601AAFFF7D4FF11
:1061D00028B943F65C23019AAA4218BF184603B0B7
:1061E00030BD4CF25A30FAE713B5042101AA044637
:1061F000FFF7C2FF30B901994B1C05D02046013191
:10620000FFF7D6FF02B010BD45F2A350FAE702290E
:1062100005D90839022909D94CF25A307047B0F52E
:10622000807F4CF25A3008BF0020704700284CF2A3
:106230005A30B8BF00207047022804D819B108307E
:106240000860002070474AF2C530704708B54FF427
:1062500080514FF48A20FFF77FF848B9BDE8084025
:106260004FF480524FF48A214FF48820FFF792B800
:1062700008BDFFF7DFB973B50C4601A916461D46E8
:10628000FFF784FA58B9019B32469E4228BF1A464E
:106290002946204602B0BDE87040FFF7B7B802B00B
:1062A00070BD13461E2848D8DFE800F010471519C6
:1062B0001D2125292D31353947474747474747474E
:1062C0004747474747474747473D42000A46002060
:1062D0000421FFF7D0BF0A4602202421F9E70A462D
:1062E00003204421F5E70A4604204821F1E70A4645
:1062F00005204C21EDE70A4606206C21E9E70A4615
:1063000007208C21E5E70A4608209021E1E70A46AC
:106310000920B021DDE70A460A20D021D9E70A4644
:106320000B20F021D5E70A461D204FF48871D0E7F5
:106330000A461E204FF4A871CBE74CF25A30704742
:1063400030B50C46154685B038B139B1FFF79AFA29
:10635000041E03DA204605B030BD044640F60D2386
:10636000ADF80E3009230B4901A805F00F028A5C35
:106370002D091A54013B012BF7D147F630030C21AC
:10638000ADF80430FFF77EFA0028B4BF04462418A5
:10639000E0E700BF3080000007B51A4B83F30A889E
:1063A000194801F064FA48B101F0CEF900F066F83E
:1063B00000DF7047002003B05DF804FBFEF7A2FE8B
:1063C0000028F1D123211148FFF75CFAFFF751FFB4
:1063D0000028E9D10DF10700FFF748FE0028E3D1BE
:1063E0009DF807301BB1FFF749FE0028DCD1FFF70D
:1063F00047FE01F0FEF935210548FFF743FA00F0AA
:106400004BFBD3E76004002020B600204080000052
:1064100063800000EFF308807146EFF30982EFF329
:106420000B830CB406B400F049FE8646009900F0D8
:10643000080001F00801401A02DC12DB04B07047CA
:106440001EF020031CBF2DE9F00FBDF1080D0A4C12
:10645000254626462746A046A146A246A34630B476
:10646000704704B030BC1EF020031CBF1DF1080DA6
:10647000BDE8F00F04B07047A5EDF5FE084BDA68F3
:1064800082F07F4282F47F0242F48042DA6000228E
:106490001A765A76DA76DA77602283F82220704705
:1064A00000ED00E0009A0A4B9A420FD1012290437E
:1064B0000146024603460446054606460746804610
:1064C000814682468346844686460447FEE70000AE
:1064D000A5EDF5FE2DE9F041044618B943F6DA3092
:1064E000BDE8F0810029F9D08368002513F4406FDE
:1064F00014BF012300234FF0180843F002030F4E8E
:106500000B6000F13807236AAB4201D80020E7E7AF
:10651000A369E26907EB830308FB02330C226A4399
:1065200099188968090707D59B58B342D6D13068B6
:1065300010B10121FFF752FD0135E4E7A8AF0020BB
:10654000F0B53B4C87B03B48FFF737FD236801258A
:106550005A1C0193384B2260DA681B694FF440766D
:1065600003930023334801A902920495ADF8146007
:106570008DF81630FFF7E2FC18B143F6DA3007B0B9
:10658000F0BD23688DF816005A1C01932B4B294847
:1065900002932B4B01A9CDE903352260ADF81460BD
:1065A000FFF7CCFC0028E8D123688DF816005A1CB0
:1065B0000193244B1F480293234B01A9CDE90335D6
:1065C0002260ADF81460FFF7B9FC0028D5D102278E
:1065D00040F2011623688DF816005A1C01931B4BDC
:1065E000144802931A4B01A9226003930497ADF853
:1065F0001460FFF7A3FC0028BFD123688DF81600B4
:106600005A1C0193134B0B480293134B01A92260B0
:10661000CDE90337ADF81460FFF790FC044600287D
:10662000ABD12A4629460348FEF7D6FB2046A6E70B
:1066300028B60020A4AF0020988000004081000010
:10664000C040010040300000C03D0000800C002030
:10665000801D0020600C0020800C002008B5FEF793
:106660005BFCFEF725FC0C4B5B6899B2C3F3080397
:10667000103B002B9AB20BDB5309A1F11002012150
:1066800002F01F0201FA02F20449603341F82320AC
:10669000BDE8084001F058B800ED00E000E100E07E
:1066A000EFF30880EFF309812DE9F00F6B46724696
:1066B000FDF7FAFC08B0FEF72FFCFEF7EFFB022215
:1066C000024BC3F8882101F03FF8FEE700E100E04B
:1066D000194A10B5D2F8003153B3D2F80034D2F8C9
:1066E0000404164A164CD2F8F010A34202F50072C8
:1066F000D2F8B82001F0010118D9124C03F160431F
:10670000A3428CBF0023012391B102F03002302A52
:106710000ED1C2040CD510F4C04F09D143B9FEF715
:10672000BDFB0222084BC3F8882110BD0123EBE713
:10673000BDE81040FFF7B4BF0010045000ED00E0CA
:10674000FFCF1F003FFE070000E100E00020034BE9
:10675000D8765A6A42F470225A62704700ED00E01F
:106760000349044BCA68002092B21343CB607047C0
:1067700000ED00E00800FA0510B504461C220021D7
:1067800008F0F2FC034B23600123237108236361AB
:1067900010BD00BF00010100054B00F01F0003EB1E
:1067A0008003D3F8802022F0E042C3F880207047B5
:1067B00000820D50164BD3F8D02042F00102C3F8EE
:1067C000D0200022C3F8D820124A516821F01F01BE
:1067D000C3F8DC101049C3F8E0100221C3F8D81048
:1067E000D168126921F01F0122F01F0242F003025A
:1067F000C3F8DC10C3F8E0200322C3F8D820074A0E
:10680000C3F8DC206FF01E02C3F8E020704700BF21
:1068100000ED00E09880000001D0FF0000000120A2
:1068200030B5002589B001A8FFF7A6FF134B01A8DA
:106830005B6807950393124B0224049301F071F8EF
:10684000FFF79AFF0F4B01A8039303F5DF2303F52E
:10685000C86304930123079301F063F801A8FFF7CD
:106860008BFF234601A801348DF80650079301F0F1
:1068700058F8052CF2D1002009B030BD98800000F6
:1068800000D0FF000000012030B585B06C46002527
:10689000114B01211868FFF7A1FB01210F48FFF7F9
:1068A0009DFB01210E48FFF799FB01210D48FFF7E1
:1068B00095FB0D4B0FCB84E80F00012154F8040B1E
:1068C0000135FFF78BFB042DF7D10121074805B0F7
:1068D000BDE83040FFF782BBA8AF00200020055084
:1068E00000F00C5000300550C48000000000125031
:1068F0002DE9F0414FF45C6286B00021364808F083
:1069000033FC4FF45C620021344808F02DFC4FF456
:106910005C620021324808F027FC4FF45C620021E1
:10692000304808F021FCFFF7AFFF032300220124C9
:10693000CDE90132DFF8B0C0DFF8B0E001AD0DF114
:106940000C08002155F8047B560104FA01F33B4280
:1069500016D0CDE903CE58F82230701803F47C032A
:1069600043F0A04303EB8003D3F8000840F010008D
:10697000C3F80008D3F8000840F48070C3F800089A
:1069800001312029E1D10AB90122DAE72D20FFF7F0
:1069900003FF2E20FFF700FF154A164B10695169BF
:1069A000C3F8044403AB03C30021128B03A81A806D
:1069B0008DF80C408DF81010ADF80E10FEF7FCF9B4
:1069C00038B9FEF771FC08B143F65C2006B0BDE8AB
:1069D000F0817830F5D0F7E700000450000008504F
:1069E00000000C500000105000A0105000820D500C
:1069F000C4800000002008E008B54FF0FF300023FD
:106A0000104A03F1A0010133102B42F82100F8D104
:106A1000402000F0A0FF802000F09DFFC02000F08B
:106A20009AFF4FF4807000F096FF592000F093FF1A
:106A3000412000F090FF4FF4827000F08CFF0020A6
:106A400008BD00BF00E100E010B5FEF7DFF901244A
:106A500000210F4850F8043BC3F30432C3F343430F
:106A60009B0003F1604304FA02F203F56143C3F8AB
:106A700080211A6001310429ECD1FEF70FFAFEF7EC
:106A8000FBF90222034BC3F888219A60002010BD55
:106A9000B480000000E100E00122014B1A60704761
:106AA0002CB6002010B504460A4B22891B68616889
:106AB0005868062350F8140C00F0AAFE28B9064BBB
:106AC0001B68012B01D100F05DF86FF08603236095
:106AD00010BD00BFD0B600202CB6002030B5094C48
:106AE000024661680023084640B105686D6895421A
:106AF00005D11BB1826860609A60816030BD034639
:106B00008068F1E7B0B6002038B504462AB10B68BA
:106B10009B68DB0515D5002038BD0C4B1B685D68F4
:106B2000182D01D100F010FE002255F8183C99698B
:106B300034338A4203D053F8040FA04204D1914267
:106B4000E9D16FF0FC00E7E70132F2E7D0B60020B0
:106B500070B504460E461546002130220C3008F070
:106B600003FB074B20461B68A6605B686561183B0A
:106B7000636000F07DFB00232061236070BD00BFD7
:106B8000D0B60020054B1B685B68182B04D053F867
:106B9000180C10B14068704700207047D0B6002034
:106BA000084B10B51B685C68182C01D100F0CCFDB7
:106BB00054F8183C9B6813F4406F14BF0120002068
:106BC00010BD00BFD0B600202DE9F0410746904629
:106BD0000C4621B96FF080042046BDE8F0814B00DF
:106BE000F8D5144B01F01F0253F82250002DF1D0BC
:106BF0002B685E68FFF7D4FF294602463046FFF750
:106C000083FF88B9C4F30721284600F000FF04463B
:106C10000028DFD100F054FB064640B14246294629
:106C2000FFF796FF3E60D7E76FF08104D4E76FF07F
:106C30008204D1E730B600202DE9F04100F030FBAE
:106C40000023134E134F73607B6000F005FBDFF8E9
:106C50004880304600F022F80446A0B1394680232F
:106C6000424600F0ABF80546204600F006FF2068DB
:106C7000211DFFF72FFC08B100F066FD29462046D4
:106C800000F024F9E5E7BDE8F04100F079B900BF74
:106C9000BCB60020B0B6002030B60020F8B50546DE
:106CA00008B900F051FD404E346814F1310F78D826
:106CB0003E4B196804F130038B4272D2D4E906329C
:106CC00006200E3300FB0233226A02EB4202134419
:106CD000626AC2EBC20213449B00E31801D29942DC
:106CE00001D200F031FD2368314A1B0C1B04934292
:106CF00001D000F029FD2388B3F5817F01D300F096
:106D000023FD6368002B01DA00F01EFDD4E90A239D
:106D10009A4201DD00F018FDA36813F4406F22D100
:106D2000244A176807F140031360234A126893420C
:106D300001D900F009FDD4E9063206210E3301FB2A
:106D40000233226A3C6002EB42021344626AC2EBE5
:106D5000C2021344326802EB83026B683260FB6349
:106D60006F603846F8BDA26A002A04DAE36A002B95
:106D700001DA9A4201DD00F0E7FC6F68002FCFD006
:106D80003B689A6812F4406F09D0E16A9A6A9142AE
:106D900005DBA26ADB6A9A4201DC00F0D5FCFF6BDE
:106DA000ECE70027DDE700BFB8AF0020E880000077
:106DB00000005F5FB4AF0020E48000002DE9F04FD9
:106DC00085B0884691460746029300B109B900F0A4
:106DD000BBFCD7F800A0DAF818100AF1380303EB6F
:106DE00081030193DAF81C40234B1D6854B10C2138
:106DF00001FB04541C60214B1B689C4201D900F02C
:106E0000A3FC2C4600262546B346DAF81C305B4529
:106E100000D91CB9304605B0BDE8F08F1822019B9F
:106E200002FB0B310023AB604B69C5E900171E4321
:106E30008B689A0516D5B9F1000F02D0029A802A04
:106E400003D0039300F080FC039B13F0E00FD9B252
:106E500002D159F821301BB1039100F075FC039960
:106E600049F82150D8F804300BF1010BAB60C8F899
:106E700004500C35C9E700BFB0AF0020E08000002F
:106E800083680B4383600023C0E90D3303689A686D
:106E900092054CBFD8680148704700BF6DE70000FD
:106EA00070B50646044656F8183B1546D3E90A0164
:106EB00000F0C2F9044B1E602368DC6800F026FA7B
:106EC0002860204670BD00BFB8B600200368F7B543
:106ED0001A6B9D681B6904461344073223F00703AD
:106EE00022F00702C0E9082383610023C36180F810
:106EF0002930438500F11803C3621F4B80F82850E6
:106F0000C5F3C02553F8253001AA984725680146E6
:106F1000AA68A06912F4007214BF0C23EB69AE6971
:106F200004BF9B000C33073323F00703C31A134835
:106F3000A3615860E86818600020986052B918276B
:106F400005F1380000EB8600EE6903F10C05B24252
:106F50000AD19A6063616FF00102019B04F128007D
:106F600000F048F903B0F0BD07FB020CDCF810C0DC
:106F7000013245F804CBEAE7EC800000E83B010071
:106F800038B5094D094800F0F5F8284600F000FE34
:106F90002B6804465B6853E9060100F02BFC08B13E
:106FA00000F0D2FB204638BDD0B600207D7A00002C
:106FB00038B50E4B1B685C68183CEFF30583C3F3D0
:106FC00008030BB100F0C0FB094BA2691B689C6869
:106FD000A24202D9D9688A4205D91D6800F09CF9FD
:106FE0002846214638BD00242546F7E7D0B60020C4
:106FF000B8B600202DE9F047EFF3108A72B6DFF83B
:10700000B490D9F800305F68EFF3098310F0200FD7
:107010000CBF002228229B1A3B6000F0B1F8D9F87F
:10702000003006465D68B846183DA0F12804D0B18E
:10703000A54218D0EFF30982BB682833934201D9E7
:1070400000F082FB6168686800F026FC38B1616876
:1070500056F8280C00F0CEFB08B100F075FBD6F80E
:107060000480C9F8006063690BB900F06DFB124E33
:1070700063691835AF42336001D000F065FB04F15D
:107080001803984501D000F05FFBD9F80030283490
:10709000A34201D000F058FB58F8042C33689A4200
:1070A00001D000F051FB8AF3108838464146BDE814
:1070B000F08700BFD0B60020600C002001F00C0368
:1070C00070B50C2B0CBF144604464A060D4620D55D
:1070D0008B0658BF2834A36913F8026C85F00803A7
:1070E000C3F3C003C6F38012934201D000F02CFB1F
:1070F00016F0A00F32D1022E13D0032E0DD026BBD6
:10710000FFF79AFD05460146164800F06AFD28463D
:1071100070BD00F019FB2026E0E72046FFF7C2FC17
:10712000F5E7114BD4E900121B685868334650F854
:10713000140C00F06DFB28B9D4E90001FEF7A2FBA6
:107140002060E4E700F000FBE1E732461C2107483D
:10715000FFF7F6F86FF083032360D8E732461F216C
:107160000348F5E7580C0020D0B60020F48000005A
:1071700010810000014B1860704700BFC4B60020AA
:10718000104B73B51C6800230193EFF3108572B6A2
:107190000D4E6CB12046336801A99847C0B205284E
:1071A00060700AD10199606800F01FFD01236370CF
:1071B00085F31088204602B070BD0128F8D0A4687D
:1071C000E7E700BFC8B60020C4B60020C9B2012955
:1071D000064B417005D11A682AB1017812789142A4
:1071E00001D3034A10681860704700BFC8B600207A
:1071F000CCB60020F8B50F4E0446306815461A4646
:1072000018B1237807789F420BD3A0603460606880
:107210002B4600F0A9F82046BDE8F8400121FFF711
:10722000D5BF0646806810B107789F42F9D3A060A9
:10723000B460ECE7CCB60020014BC3E90001704715
:10724000D4B60020034BD3E900308342C8BF0020EE
:10725000704700BFD4B6002008B500F04BF8034BD0
:10726000986000F04DF880F3888808BD00ED02E0DA
:10727000054A1368013303F007031360034A01331F
:10728000801A03EBC0007047DCB60020E0B6002097
:1072900018B1024B013803EBD0007047E0B6002074
:1072A00008B58C22082340F2AC41044800F02FFDC1
:1072B00018B1BDE8084000F047BA08BDE0B60020AC
:1072C000014800F0D9B800BFE0B60020014608B57B
:1072D000044800F0E1F800280CBF6FF0FC0000202B
:1072E00008BD00BFE0B600200146014800F03DBDEA
:1072F000E0B60020014B1868704700BF988000007E
:10730000014B1B681868704798800000014B1B6890
:107310005868704798800000024801210160BFF35F
:107320004F8F704724B600200349086800220A6086
:10733000BFF34F8F7047000024B600200848026852
:10734000002A08D107484FF080510160BFF34F8FEA
:10735000BFF36F8F704702220260BFF34F8F7047F9
:1073600024B6002004ED00E02DE9F84305461E4652
:107370000068134B9046AA68A0F1080440E9023364
:10738000503890420F4601D200F0DEF9A4F14809CE
:1073900048220021484607F0E7FE002344E907336E
:1073A00044F8143C4FF0807344F8043C6FF002033F
:1073B00044E9036744F8208CC5E90093BDE8F883ED
:1073C000A5EDF5FE0D4B70B51B6804465D680E46D5
:1073D00055F8103C183D1BB1034201D100F0B4F93F
:1073E000002E08DA2146284600F074FB002808BF6A
:1073F0006FF0FD0070BD28692040FBE7D0B600208B
:1074000070B50E46044610B1431E034201D000F091
:107410009BF9184B30221B6831465D68062355F8EE
:10742000140C183D00F0F4F908B100F08DF92B6947
:107430000BB900F089F92B69234201D100F084F9DE
:10744000042C07D1284600F09BFA0346D0F88800A8
:10745000F36070BD2146284600F0B4FA38B100F15F
:107460000C013022304607F05AFE0020F1E76FF0A1
:107470008B00EEE7D0B60020034648B1006838B173
:1074800002681A600022034BC0E9002308307047ED
:10749000704700BFAACCF0F000F10C03994212D360
:1074A0008268CB1A9A420ED942680832B3FBF2F0D6
:1074B00002FB1033082B06D151F8040C034BC31AFE
:1074C0005842584170470020704700BFAACCF0F0E6
:1074D0002DE9F04F93B000935F4B07461B680D46B4
:1074E0005B681646A3F1180A0BB2002BC1F30269C0
:1074F000C1F3024B04DA6FF0800013B0BDE8F08FE7
:107500008B42C36001D10020F7E709EB0B03042B8A
:10751000F1D8CC0F64014FEAC90831464246DAF887
:10752000040044F0020300F073F901460028E2D1A0
:10753000202202A807F018FE4246314602A84FEA70
:10754000CB0607F0ECFD32460099DAF8040044F06F
:10755000060300F05DF980460028CCD101462022C8
:107560000AA807F001FE324600990AA802AE07F009
:10757000D6FD334608F10108C14514D91A46C44660
:107580000DE0D2F808E0D16818687144884203D24F
:10759000596808448645AED30CF1010C0832CC453D
:1075A000EFD10833E6E715F0006F18BF2024102252
:1075B000002107F11C0007F0D7FD07F11808102281
:1075C000002107F12C0007F0CFFD08EB890944F0FA
:1075D0000203C84512D1202C27D1002D02DBC5F3B0
:1075E000C0456C0107F128050AAE05EB8B0B44F092
:1075F00006045D451BD1009BFB6784E77268DAF8DF
:10760000040056F8081B019300F002F900287FF4EB
:1076100072AF56F8042C019B48F8042F56F8082C3A
:10762000C8F83000C8F82020D3E70024DAE77268F1
:10763000234656F8081BDAF8040000F0E9F80028A1
:107640007FF459AF56F8043C45F8043F56F8083C1F
:1076500028642B63CDE700BFD0B600202DE9F041B0
:107660001F461A4B0D461B681646D3F8048000F0DF
:10767000E0F9044608B900F067F8E368002B01DA86
:1076800000F062F8032D01D900F05EF804EB8504E8
:10769000E569E36CED1A16D006233A46314658F8F0
:1076A000140C00F0B5F808B100F04EF8BD4228BF48
:1076B0003D46E36CE16B2A461944304607F02FFD46
:1076C000E36C2B44E3642846BDE8F081D0B600208B
:1076D0002DE9F0411D461B4B0F461B6816465B68A3
:1076E000A3F1180800F0A5F9044608B900F02CF839
:1076F000E368002B01DA00F027F8032F01D900F02E
:1077000023F804EB8704E36AE26E9B1AAB4201D2D2
:1077100000F01AF802232A463146D8F8040000F097
:1077200077F808B100F010F8E36EE06D2A463146B4
:10773000184407F0F4FCE36E00202B44E366BDE838
:10774000F08100BFD0B60020FEF78ABC70B52DE9ED
:107750001F1072B6BFF36F8FFFF72AFCEFF30B8594
:107760006E4600281FBF002282F30B88854681F3F6
:107770000B8862B6BFF36F8FB6E81F10E04772B692
:10778000BFF36F8F00F0F5F94FF0000282F30B8822
:10779000B54685F30B8862B6BFF36F8F70BD40208E
:1077A00010EA0E0024D001B57046FFF723FCBDE8B7
:1077B000044088421CD072B6BFF36F8FEFF309828A
:1077C0001EF020031CBF22E9F00F083A80E80440B5
:1077D000B1E804401EF020031CBF0832B2E8F00FED
:1077E0000B6882F3098883F30B8862B6BFF36F8F4F
:1077F00070477047EFF3148381F00201C1F3400139
:1078000061F3000383F31488BFF36F8F0020704788
:1078100010B50446084611460AB9002010BD18B339
:1078200003F00602062A1DD09A071DD508229B06E2
:1078300048BF42F01202A30758BF42F00402E40717
:1078400009D5EFF39483DB074CBF42F0040222F02A
:10785000040242F0120207F027FB0028DDD16FF08E
:107860007F00DBE70122E2E74CF2DA20D6E710B531
:107870000446FEF79FFFFEF7D3FF10B143F6DA3060
:1078800010BDFFF735F80028F8D1FEF759FE0028A3
:10789000F4D102232360F3E7884206D0830706D59C
:1078A00081F00200C0F340007047002070470120C3
:1078B0007047EFF30880EFF309812DE9F00F6B4675
:1078C0007246FCF7F1FB08B0FEF7C8FEFEE7EFF3E7
:1078D0000880EFF309812DE9F00F6B467246FCF743
:1078E000E3FB08B0FEF7BAFEFEE7EFF30880EFF324
:1078F00009812DE9F00F6B467246FCF7D5FB08B005
:10790000FEF7ACFEFEE7EFF30880EFF309812DE907
:10791000F00F6B467246FCF7C7FB08B0FEF79EFE01
:10792000FEE7037E81685B0103F1A04202F582223B
:10793000C2F80418C1688378C2F8081801695B02AC
:10794000C2F810184169C2F81418417843EA0123BB
:10795000C2F800387047012143099B0003F16043DE
:1079600003F56143D3F8802200F01F00814022EA32
:107970000102C3F88022D3F880327047002070479C
:1079800038B50446EFF3108572B6436B0BB9FFF7B9
:10799000DBFE0022636B04F1340163B91068D0F898
:1079A00084301360636B1BB9236923F004032361E4
:1079B00085F3108838BD03F184000A46D3F884307B
:1079C0000146EAE7F0B50346EFF3108672B60024ED
:1079D000826B00F1380520466AB948B10568012C70
:1079E000D5F880200260284602BF1A698A431A61CE
:1079F00086F31088F0BD97683F687F698F4204BFA7
:107A00002846013402F18005D2F88020E4E70368BB
:107A10009A68DB6812F4806F05D18B422CBF00207E
:107A20006FF0FA0070478B420CBF00206FF0FA0035
:107A3000704710B5FFF72CFC0446FFF747FC50B920
:107A4000FFF7A0F8A3685B681B685B68834218BFF8
:107A50000024204610BD0024FBE738B5054648B198
:107A6000FFF7F0FBB5EBD07F044601D0FFF76CFECB
:107A7000204638BDFFF786F8F4E7704738B544680C
:107A80004278183CEFF3108572B6E0682369034032
:107A90001BD0042B17D1A268520714D42369606B42
:107AA00023F004032361D0F888300B600368022BB5
:107AB00001D1FFF719FC0023636300230520E36075
:107AC00085F3108838BD0B60F7E700280CBF10461F
:107AD0000220F5E738B50D46044608B9FFF734FE35
:107AE000EFF3108372B62069284008BFE56083F386
:107AF000108838BD38B50D46044608B9FFF724FE96
:107B0000EFF3108272B623692B4323612169E36886
:107B1000194214BF6FF0FD00002082F3108838BDB9
:107B200038B50546B8B18368ABB11A689AB15868E0
:107B300088B1836B5169C5F880308563FFF7DAFF40
:107B4000042104466868FFF7C5FF002808BF6FF0EE
:107B5000FD04204638BD6FF08004FAE70346406814
:107B6000C3F88810426B0421C3F884204363FFF7F5
:107B7000C1BF10B5044600F046F8FFF7D5FB14F17D
:107B8000FE0F01D0022801D1FFF7D8FB204610BD1F
:107B900038B50546FFF7F4FA0446FFF7CFFB05B109
:107BA0002C606068BDE8384000F022B808B5FEF7E8
:107BB000CDFD10B143F6DA3008BDFEF7D1FD002847
:107BC000F8D1FFF7DBFE0028F4D162B6FCF70EFB1C
:107BD000FEF712FF0028EDD1FEF736FF0028EBD0AC
:107BE000E8E704460D46A5462847036899627047B2
:107BF0000368283383F30988836883F30B88BFF312
:107C00006F8F406870478230012808B506D8FEF7AC
:107C1000C7FF18B9BDE80840FFF796BD08BD07B516
:107C20000421072001AAFEF73CFB98B9019B072B12
:107C300007D8DFE803F0041106090606060C4FF426
:107C4000805003B05DF804FB4FF44050F9E74FF467
:107C5000C040F6E70020F4E74FF40050F1E7F8B534
:107C600005460E46FFF7E5FE044608B9FFF76CFD32
:107C7000A7680FB9FFF768FDE368991C1FD05A1C6D
:107C800020D1002E34D016F1820F11D102233546B7
:107C90002360EFF3108672B629462046FFF75EFF99
:107CA00086F310882368022B1CBF00232360F8BDD5
:107CB00016F1830FEAD0FFF747FD0025E9E702231D
:107CC0002360FAE7002BF6DB002304F1280252F8C8
:107CD000041F19B1E16F106C194448600833202B60
:107CE000F5D13B6835469B689B0544BF0223236062
:107CF00015F1810FCDD16369002BCADBFFF724FD9D
:107D0000C7E708B5FEF7ACF96FF0830008BD2DE9B1
:107D1000F8430D4617461E46044618B313B302F146
:107D2000080903FB09F808F10C038B421AD10A4633
:107D3000002107F019FA002004F10C031A4601464D
:107D400001318E42106002EB090C104608D1002070
:107D5000A8EB09084344C4E90037A560BDE8F883EF
:107D60006246EDE76FF0F800F8E7002241F8042CD6
:107D70000268A1F1080341F8082C036070472DE95F
:107D8000F3410E46174698460546FEF709FFFFF7F2
:107D900064FE2946024601A8FEF716FF044660B9B4
:107DA00043463A4631460198FFF792FB044640B1FC
:107DB0006B0002D50198FFF797FA204602B0BDE8A4
:107DC000F0810198FFF7ACFE0122019B04461A6086
:107DD000F3E740F20110704770B50546FEF7E0FE8C
:107DE00006462846FEF77AFE044608B9002070BD14
:107DF000014632462846FEF787FE0028F6D1236862
:107E0000D868F4E770B50D461646FFF712FE044633
:107E100008B9FFF799FCE368002B01DAFFF794FC3F
:107E2000032D01D9FFF790FC04EB8504E36CE069B6
:107E3000C01A04D0B04228BF30460344E36470BD8A
:107E4000464154414C204552524F523A200048611D
:107E500072644661756C740D0A004D656D4D616EFE
:107E6000616765206661756C740D0A004275734622
:107E700061756C740D0A0055736167654661756CB8
:107E8000740D0A005365637572654661756C740DF7
:107E90000A00526573657276656420457863657083
:107EA00074696F6E2000506C6174666F726D20652E
:107EB000787465726E616C20696E7465727275702B
:107EC0007420284952516E293A20000025420000B2
:107ED000895800004D4500005D420000A158000097
:107EE000AD580000614400008D580000454200007C
:107EF000514200006D420000935800009758000066
:107F00009D58000006000000080000020700000164
:107F1000090000030402020200A0105000820D506C
:107F20000004055000860D50000000000000000015
:107F30000338FDD87047000000000000315F0000EA
:107F40001D4C0000355F000000000000A14C000047
:107F5000594C0000395F00000000000000000000E4
:107F6000154C000000000000FD01000000100000A2
:107F70000400000004000000FF000000000080007A
:107F8000010000010107000000000450000008503B
:107F900000000C5000001050506C6174666F726DE0
:107FA00020457863657074696F6E3A0D0A005772E8
:107FB0006974696E672072616E646F6D20486172CA
:107FC000647761726520556E69717565204B6579BE
:107FD0007320746F20746865204B4D552E0D0A0078
:107FE000537563636573730D0A0050696E7320687F
:107FF000617665206265656E20636F6E6669677580
:10800000726564206173207365637572652E0D0A55
:10801000004750494F20706F72743A200050696ECB
:108020003A200000010000000200000004000000EF
:10803000303132333435363738394142434445469E
:108040001B5B313B33346D426F6F74696E67205434
:10805000462D4D2076322E322E322A2A1B5B306D71
:108060000D0A001B5B313B33346D5B536563205459
:1080700068726561645D2053656375726520696D22
:1080800061676520696E697469616C697A696E6798
:10809000211B5B306D0D0A0000A0040000A004004D
:1080A000FF6F1F00E00400002005000000701F00AB
:1080B000FFCF1F00000004500000085000000C50CB
:1080C000000010500060055000C0085000600E50C5
:1080D00000F01050000080000100000101070000C6
:1080E00048B1002018B10020A8060000816E0000F1
:1080F000A16E0000556E6B6E6F776E2053504D2051
:10810000535643207265717565737465643A200037
:10811000556E6B6E6F776E20535643206E756D6291
:0F8120006572207265717565737465643A20002D
:1081400077B46C4684E80300194E009D1146B54291
:1081500018460BD00136B54213D0023EB54214D0BA
:1081600094E8030003B070BC03F00ABB0AA3D3E990
:108170000023C0E9002300200E4B0B6003B070BC4D
:10818000704707A3D3E90023F3E707A3D3E900234C
:10819000EFE700BFAFF3008002C0FF7F00000000E8
:1081A00003C0FF7F0000000001C0FF7F000000004F
:1081B00002C0FF7F03004E80009A074B9A4208D10D
:1081C00010B500F075F806F01FFF06BC96460C4689
:1081D000744700F0B3F80000A5EDF5FE009A074BD8
:1081E0009A4208D110B500F06BF806F00DFF06BCFE
:1081F00096460C46744700F0A1F80000A5EDF5FE88
:108200000CB4029A084B9A420CD14FF00043194328
:108210000CBC10B500F05CF806F0F6FE06BC964605
:108220000C46744700F08AF8A5EDF5FE009A044B61
:108230009A4202D103490868744700F07FF80000B1
:10824000A5EDF5FEA0380100009A034B9A4200D13B
:10825000744700F073F80000A5EDF5FE38B5104C3A
:10826000104DAC420BD3104C104DAC420FD306F066
:108270007FFEBDE8384000210846FEF78DB8A268B1
:10828000D4E90010920006F04AFF0C34E9E7626876
:10829000002154F8080B920006F066FFE5E700BFE6
:1082A000C03D0000E43D0000E43D0000043E00004D
:1082B000024B1B685B689B68184700BF600C00207E
:1082C000024B1B685B685B68184700BF600C0020AE
:1082D00010B4034C246864682468A44610BC60474A
:1082E000600C0020024B1B685B68DB68184700BF0E
:1082F000600C0020024B1B685B681B69184700BFBD
:10830000600C002010B4034C246864686469A446BF
:1083100010BC6047600C002010B4034C24686468F3
:10832000E469A44610BC6047600C0020024B1B6847
:108330005B681B6A184700BF600C0020024B1B687B
:108340005B685B6A184700BF600C00202DE9F046AF
:1083500000278BB00C4606460197002800F092805B
:10836000317849B9019919B102A806F096FF07447E
:1083700038460BB0BDE8F086252906F101057CD111
:108380007178302925D1B378322B2AD1F27802F0D6
:10839000DF03582B25D154F8045BDFF8F0A0DFF899
:1083A000F090C5F30311782A14BF52464A4601A83B
:1083B00006F03AFFF278074405F00F01782A14BF5F
:1083C00052464A4601A806F02FFF351D07442E46A7
:1083D000C6E769290FD017D8582933D007D82529DF
:1083E00046D02C4901A806F03CFF0744EFE763297B
:1083F0003CD06429F5D1642254F8041B01A806F08E
:10840000E4FE0744B51CE2E77039CBB2082BE8D88C
:108410000829E6D801A353F821F000BF53840000D7
:10842000E3830000E383000061840000E383000035
:1084300041840000E3830000E38300005D840000CA
:108440007522D9E7114A54F8041B01A806F0ECFE86
:10845000D7E7114901A806F004FF07440C4AF2E7E8
:1084600054F8041B01A806F0FCFECAE714F8041B2C
:1084700001A806F09CFE0137C4E701A806F097FEAC
:108480000137A4E74CF2DA2772E700BFD03C0100C5
:10849000E03C0100BE3C0100BB3C0100014B1B68FD
:1084A000184700BFC4AF0020014B1B68184700BF2E
:1084B000C0AF0020024B1860024B002019607047CB
:1084C000C4AF0020C0AF0020014B186000207047EF
:1084D000BCAF002010B50A46044619B1024B00217A
:1084E0001B68984710BD00BFC8AF00200E4B03406B
:1084F000B3F1607F06D1B1F5885F14BF6FF08600DD
:1085000000207047B3F1707F0BD101F4E043B3F565
:10851000005F06D111F4E06F0CBF6FF08600002001
:1085200070476FF0860070470000C07F9142F8B539
:1085300006460C4600F04A8121F4875521F0FF00E1
:10854000AC4925F01F058D4200F09080AA4B98425F
:1085500000F0988024F4FF7323F00103B3F1062F99
:1085600000F0C080A54DA84205D114F0FF0340F0F3
:10857000C08000242AE1A24DAB42F6D0A14DAB420F
:1085800040F0008114F0FF03F3D022F0FF038B4290
:1085900040F08380D1B20029EBD084EA0201FF29A8
:1085A00000F2F080944924F4FF7525F001058D4216
:1085B00010D0954988420DD0924F24F47F7121F05C
:1085C0000301B94206D08D49884203D001F57451A8
:1085D0008D4208D114F0FF0105D08C4841F00071A4
:1085E000814200F0768183498B4240F0A78012F0EF
:1085F000FF0340F0C28004F0FE41B1F1A06FB8D09B
:10860000B1F1407FB5D102F0FE43B3F1407FB0D16C
:1086100084EA020333F47E15ABD131462046FFF7DE
:1086200065FF0028A5D114F47C1300F0F380C4F397
:10863000054312F47C1104F4004702F4004500F0F5
:108640000E81C2F30540002F00F040810146002D4D
:1086500000F03781994238BF1946090424F47E148A
:1086600001F47C11214341F40044AFE014F0FF0316
:108670003FF47FAF22F0FF03AB420ED112F0FF01B7
:108680008BD176E714F0FF0533D184427FF471AFCC
:1086900022F0FF038B423FF46CAF5B498B4231D039
:1086A000A1F588518B4200F09380594D02EA0507ED
:1086B000B7F1062F2CD0514DAB421ED005F57455A5
:1086C000AF42DBD0A5F58445AF42D7D08A4259D11D
:1086D000494984EA0105FF2D8DD824F4FF7525F062
:1086E000010524E014F0FF057FF44FAFB4F1062F2D
:1086F000CCE722F0FF038B42BFE7D5B2002D7FF419
:108700004CAFE3E7D1B200297FF447AF3A49DDE748
:1087100012F0FF077FF441AFB2F1062F7FF429AFCB
:1087200084F0062CBCF1FF0F3FF623AF25408D42AD
:108730007FF43FAF14F0FF017FF44FAF32498B421B
:108740003FF455AFA1F588518B423FF450AF22F46E
:10875000FF7121F00101B1F1062F0AD027488342B1
:108760003FF445AF264B994203D0A3F58443994289
:1087700008D112F0FF033FF4FCAE244943F000732C
:108780008B4223D004F0FE41B1F1A06F7FF438AFEB
:1087900002F0FE43B3F1A06F7FF4EBAE84EA020374
:1087A00033F47E137FF4E5AE2504C4F30543C2F32E
:1087B000054002F4004116D581B1834238BF03461B
:1087C00024F47E1444EA034444F400442046F8BDF3
:1087D000D1B200297FF4E1AE9A4278E7834294BF98
:1087E00014460024F2E700293FF4C3AE834238BFA9
:1087F0000024EBE700030006000200060009000663
:10880000004600060004000600130006FF000002F8
:1088100000FEFFFF30492140B1F1607F0ED12F48AB
:10882000E1B241F00071814217D001F17E4104397B
:1088300011293FF6FEAE2A4B5B5CFAE6B1F1707F80
:108840007FF4F7AE06F4E041B1F5005F7FF4F1AEDE
:108850000123C6F302218B40EBE61023E9E61E4814
:108860001040B0F1607F1DD11C4ED0B240F00070BE
:10887000B04224D000F17E40043811280FD9284698
:10888000002F7FF4E4AE002DA0D183427FF471AEBF
:108890001B0403F47C1324F47E141C4396E7114953
:1088A000085CD0E6B0F1707FE9D106F4E040B0F5A5
:1088B000005FE4D10120C6F30226B040C3E61020D9
:1088C000C1E68B4294BF144600247FE7002DDCD024
:1088D0008CE714467AE700BF0000C07F0300000267
:1088E000F03C0100F03C01008A42F8B506460D4616
:1088F00000F0188101F0FE41B1F1C06F6BD18D4CD9
:1089000022F4875121F01F01A14222F0FF0015D06F
:10891000894988422CD022F4FF7121F00101B1F184
:10892000062F2CD004F5C064A04207D004F574547F
:10893000A14203D0A4F58444A1421DD1D1B221BBF0
:108940008BB122F4FF7323F00103B3F1062F06D09D
:108950007A4922F4FF6323F007038B4203D122F408
:10896000807225F48075954214BF00200120F8BD67
:10897000D1B251B9824208D0002BE9D1F3E7D1B28C
:1089800019B9B2F1062F40F0D1806B4E25F4FF717A
:1089900021F00101B14225F0FF0411D006F58856FF
:1089A000B4420DD0664F25F47F7626F00306BE4212
:1089B00006D0644EB44203D006F57456B142BFD11E
:1089C00015F0FF01BCD0604E41F00071B14204BF10
:1089D00002462546B4E7B1F1A06F17D102F0FE437D
:1089E000B3F1A06F40F08C8082EA050333F47E136C
:1089F00040F086802E0440F18380C5F30540C2F329
:108A0000054290428CBF00200120B0E74F4B9D42B1
:108A100009D1A3F500439A4200F084804C4B22F424
:108A20007E109842A0E7B1F1407F69D102F0FE4389
:108A3000B3F1407F64D182EA050030F47E145FD147
:108A400031462846FFF752FD00286DD1414B12F404
:108A50007C1103EA020318D0B3F1607FC2F3054131
:108A60003DD13D48D3B243F0007383423DD003F182
:108A70007E43043B112B01D83848C45C15F47C1F9D
:108A8000C5F3054333D18C426EE7B3F1607F0DD15E
:108A90003148D3B243F0007383421ED003F17E43CA
:108AA000043B112BDDD82E49C95CDAE7B3F1707FA6
:108AB00019D106F4E043B3F5005F03D10121C6F3F9
:108AC0000223994006F4E043B3F5005FD6D10120BC
:108AD000C6F3022600FA06F4D0E71021C1E7B3F18D
:108AE000707FCBD1EEE70024C8E71024C6E712F46C
:108AF0007C1F01D1A34215D02C0401D58B4281E704
:108B000025F0004323F47F03B3F1106F0CD102F082
:108B1000FE43B3F1106F07D11248104040F01060CF
:108B2000A84221E7012022E7002020E7002B7FF464
:108B300016AF18E70003000600020006004000061A
:108B40000004000600090006FF0000020093C004B4
:108B5000000140050000C07F03000002F03C01005E
:108B6000F03C01000000FFF60E4A20F47E13934211
:108B700010D002F5807293420ED0B3F1052F0DD0C4
:108B8000094A93420CD0094802F58072934218BFFB
:108B900000207047064870470648704706487047EF
:108BA0000648704700014005000600050007100553
:108BB00000015005000250050005100500061005D3
:108BC00000F0FE43B3F1A06F47D1254B20F0FF0228
:108BD0009A4203D110F0FF002FD17047214B9A42E7
:108BE00028D0A3F588539A4220D020F4FF7323F0B5
:108BF0000103B3F1062F15D01B498A420ED01B4A40
:108C0000934207D0A2F5844293421FD110F0FF0097
:108C100013D1704710F0FF000FD1704710F0FF0024
:108C20000BD1704710F0FF0007D1704710F0FF0024
:108C300003D1704710F0FF0011D00D4B40F00070D1
:108C4000984214BF00206FF08600704710F4004F68
:108C50000CBF00206FF0860070476FF086007047F1
:108C60000003000600130006000900060046000687
:108C7000FF000002436830B5002B6CD003F0FE42C9
:108C8000B2F1106F02BF23F01F6323F4702343F08F
:108C900000634A1C0FD1314A23F0FF01914236D1C3
:108CA000038903F40473B3F5047F54D1437A43F08A
:108CB0000403437229E0427A55074CD4274C23F031
:108CC000FF05A54229D140F2022399420AD040F281
:108CD0000323994214D040F2011399420AD06FF055
:108CE000860030BD037A13F0180F34D143F0080327
:108CF00003720AE0037ADC062DD443F01003F7E791
:108D0000910728D442F0020242720020E9E7B3F151
:108D1000082F1DD06FF08500E3E7B3F1082FF9D1DC
:108D200040F2012399420BD040F206239942D2D15E
:108D3000037A03F09002102A0DD143F08003D7E7A5
:108D4000037A03F0D002102A05D143F04003CFE7A5
:108D5000037ADB06AAD46FF08800C2E7000100089E
:108D600008B5FFF701FF0D4B984208D00C4B984215
:108D70000ED100290CBF6FF08600002008BD0C2921
:108D800009D0082914BF6FF086006FF08500F5E761
:108D90006FF08500F2E70020F0E700BF0005100546
:108DA000000250052DE9F3476E4686E8030096E879
:108DB000030090461D460A9C00F004FF064600286A
:108DC0003AD1D8F80070B7F8009009F4E043B3F551
:108DD000804FBB6808BF25F0010535EA030323D1A6
:108DE00054B3B5F5006F2BD0A5F50052554255414F
:108DF000294B24F0FF029A4224D114F0FF0104D041
:108E0000264B41F0007199423BD02B462246484602
:108E1000F968FFF769FD824670B92B46224648463D
:108E20003969FFF761FDA8BB6FF08406002338465F
:108E3000C8F8003007F02CFC304602B0BDE8F087DF
:108E40000125D5E7164B9A42D7D0A3F588539A420D
:108E5000D3D024F4FF7323F00103B3F1062FCCD059
:108E600010498A42C9D0104A9342C6D0A2F5844222
:108E70009342C2D004F0FE43B3F1407F04D12304F7
:108E8000C3D56FF08606D1E7B3F1A06FF7D0034BDF
:108E90009C42B9E75646CFE700030006FF000002F8
:108EA00000130006000900060046000638B50379E5
:108EB00004460D4663B9D4E9050185E80300237F24
:108EC0000020012B13D0C5E900006FF096000DE0E3
:108ED0004369084A03F14043A3F580539342EAD91A
:108EE000D0E9091207F06EFC0028E4D038BD022357
:108EF0002377FBE7FFDFFF3F38B500F0FE43B3F118
:108F0000407F04460D4602D06FF0860038BDFFF763
:108F1000EDFA0028FAD114F47C1F12D0C4F30543F3
:108F2000032B137022D9284A2240B2F1607F3DD131
:108F3000264AE4B244F0007494422BD1102BE5D9B8
:108F4000E2E7214B2340B3F1607F15D11F49E3B223
:108F500043F000738B4202D110231370D6E703F164
:108F60007E43043B112B04D9002313706FF085005E
:108F7000CCE71749CB5CD3E7B3F1707FF4D101F4B0
:108F8000E043B3F5005FEFD10123C1F302218B4031
:108F9000DBB2C5E704F17E44043C112CB4D80D4A81
:108FA000125D9342B0D8202BB0D9DFE7B2F1707FC9
:108FB000AAD105F4E042B2F5005FA5D10122C5F3C4
:108FC0000225AA40EDE700BF0000C07F03000002B9
:108FD000F03C0100F03C01001FB56B46044683E8FD
:108FE000030088B393E8030003AA00F0EBFD0446F6
:108FF00050BB039B1A7F022A29D103221A771A79C0
:10900000FF2A27D062B15A69144902F14042A2F501
:1090100080528A4204D9D3E9050107F0B2FB044625
:1090200003980E4A436903F14043A3F580539342EA
:1090300004D801F04DFA002C08BF0446039807F04D
:1090400012FB002818BF0446204604B010BD6FF084
:109050009604F3E76FF08404F0E700BFFFDFFF3F03
:109060002DE9F0411F46002388B088460546018857
:109070001646CDE90433C7E900330792002A5FD0D2
:10908000B2F1005F80F0998021F0FF03B3F5E24F69
:1090900002D0B3F5824F20D1284606F00DF90446E0
:1090A00000287ED1EB6863B16B8853B101F44F4265
:1090B000B2F5824F05D1C9B2222936D02DD8122956
:1090C00038D04246002308EB060112F8010B91420A
:1090D00043EA0003F9D1002B32D0284605AA04A99F
:1090E00006F0B6F90446A0B9049B9B6A5BB3049BE7
:1090F00041465A882846069206AA029203F128029F
:1091000001929A6A00925B6A324600F06DFF044653
:1091100070B3049806F087FA43E02739C9B21B29D7
:10912000CFD8274ACA40D207CBD50733B6EBD30FE7
:10913000C7D205E040F209229342F6D1402EC0D8B2
:109140006FF086042DE06B681B0A07D1079904981D
:1091500006F0FDF904460028C9D0DAE73246414658
:10916000284607AB00F0E8FE04460028EED0D0E722
:109170000498069B4288C2B943804FF6F872934226
:1091800018D82B8813B102889A4210D16B8813B17A
:1091900042889A420BD13946FFF788FE04460028E0
:1091A000B7D1204608B0BDE8F0819A42E5D06FF013
:1091B0008604AEE76FF08504ABE76FF08504F0E757
:1091C0000102000CF0B506461D46002387B09DF94C
:1091D000307002A880E806003268012F05930CBFAA
:1091E0004FF480734FF40073002A7ED105F0FE42E5
:1091F000B2F1806F7CD1009505AA03C8FFF7D2FDBC
:109200000446002858D13379059A60F341033C485D
:1092100012888542337102F4E041DBB213D164F36A
:109220000003B1F5005F33710BD112F4E06FC2F3AC
:1092300002214AD142F204039A4248D1314B9D4265
:109240004ED0002325E043F00103B1F5005F3371F8
:1092500004D112F4E06FC2F3022108D142F20403F8
:109260009A4234D1284B9D42E8D10C2311E0274883
:1092700025F48073834209D02548854206D02548CD
:10928000854203D0A0F53F408342E7D101238B40C4
:10929000DBB24FF49C720021737106F1080005F0F7
:1092A00063FF05990095012F3046D1E9092319D1B3
:1092B00000F0A2FF0446F0B1304606F0DCFC059851
:1092C00007F0E6F9204607B0F0BD2B46D4E742F29E
:1092D00007039A42B2D10C4B9D42AFD11823D8E775
:1092E0000D23D6E700F0A0FFE4E76FF08804E3E782
:1092F0006FF08604E0E7059807F0CAF90446E1E755
:10930000004440040013C004000180040010C004A5
:109310000012C00400FF40042DE9F0411F46002365
:109320008AB0099302F0FE4306ACB3F1806F154694
:1093300084E80300DDF84080139E10D06FF08604AF
:10934000099807F0A5F9002818BF0446204633689D
:10935000E21723EA020333600AB0BDE8F08100920D
:1093600094E803004FF4007309AAFFF71BFD0446BD
:109370000028E5D10998038803F4E042B2F5005FC4
:1093800014D10122C3F302218A4079B11A4C25F489
:109390008071A14212D004F50074A5420ED0174C82
:1093A000A5420BD0A4F53F44A14207D042F20402EB
:1093B000934213D1124B9D4217D10C224245BDD886
:1093C000129B04960393119B0097CDE901832B46D2
:1093D000D0E9091200F0EAFE0446B1E742F20702C2
:1093E000934202D1064B9D4204D0064B9D42E7D1E9
:1093F0000D22E3E71822E1E70010C00400FF40045B
:10940000000180040013C0042DE9F0434FF000096F
:1094100087B00E9E05460DF1080830460F4688E8D5
:109420000C00CDF81490FFF7CBFB044600286BD15D
:109430002B6843B1002007F02BF96FF08804284611
:1094400006F024FD59E02B7D1A07F3D101464FF4B5
:109450006A7205F1180005F087FE002F009618BF0C
:109460004FF4807398E8030008BF4FF4007305AA17
:10947000FFF798FC044618B1059807F009F9DEE7F4
:10948000224826F47E1282420599C6F305431AD07B
:109490001F48824208D0B2F1052F14D0084607F0C9
:1094A000F7F86FF08504CAE7043BDBB20C2B04D855
:1094B000184A42FA03F3DB0707D5084607F0E8F835
:1094C0006FF08604BBE7102BF7D1D1E909232846BA
:1094D0000096B7B100F03EFF04460598002CCCD1B1
:1094E00003882B8107F0D4F804463046FFF73CFB95
:1094F0002B7D686067F304132B75204607B0BDE829
:10950000F08300F03DFFE7E74846B6E700060005B8
:1095100000024005EEE0FFFF2DE9F743DDF828905B
:1095200007460D4616469846FFF7A4FB044600285A
:109530005AD17B68B3F1082F0AD140F2011295424B
:109540001AD1338823F0FF03B3F5105F42D010E047
:10955000394A23F0FF0191420ED140F201129542A7
:109560000AD13388B3F5885F34D0B3F5905F31D03A
:1095700083B36FF0860437E040F20122002E3FD023
:109580009542318805D141F20103994222D009B3B5
:10959000EFE717D8B5F5817F0DD141F20322914253
:1095A00018D0B1F5905F15D0A1B1B1F5105FE0D141
:1095B000B3F1082FCAE740F2011025F002028242FF
:1095C000EFD0D6E740F202239D4214D141F20623A8
:1095D0009942D8D14346324629463846CDF80090C4
:1095E00007F090FA044610B1384606F05FFD2046B9
:1095F00003B0BDE8F083A5F20323032BB9D8C2E77B
:10960000954209D00FD8B5F5817F05D040F20112FF
:1096100025F002039342ACD14B46424629463846D8
:1096200007F064FADEE740F202239D42F4D0A5F28F
:109630000323032B9DD8EFE700070008F8B5476820
:1096400005460E46002F4DD121F0004323F47F0341
:10965000B3F1106F49D001F0FE43B3F1106F29D17F
:1096600021F01F6424F4702444F0006400214FF4BE
:10967000886205F1100005F077FD2146284607F0C5
:1096800023FAB0B91A4A24F49F6323F007039342E4
:109690006E6017D1174BE4B244F000749C420ED0B8
:1096A00004F17E44043C112C02D8134B33F814709F
:1096B000EF60F8BDB3F1006F17D10C46D6E74FF459
:1096C0007F67F5E70D4B24F0FF029A4207D0B4F113
:1096D000082F0CBF6FF060474FF0FF37E8E76FF0DF
:1096E0006047E5E76FF08800E3E76FF08600E0E7AA
:1096F0000001000803000002143C010000070008FC
:10970000F8B51E4640F2052399420546174605D096
:109710006FF08604284606F0C9FC1CE0FFF7AAFAA1
:1097200004460028F6D16B680D4A23F0FF019142F0
:1097300003D002F58072934203D157EA0603E7D0C3
:109740005EB93A46334640F20521284607F0E6F96D
:1097500004460028DED12046F8BD6FF08504D9E725
:10976000000180082DE9F04192B00E4606A981E87B
:109770000C004368054603F0FE42B2F1106F52D16F
:10978000009308AA4FF4804303C9FFF70BFB04467C
:1097900040BB01461C220A900BA8DDF8208005F092
:1097A000E3FC6A68214B0AAF134009AA0492202205
:1097B0000392199A02970192189A4046009243F038
:1097C0001063D8E90912099400F062FE044668B1FA
:1097D00038460999FEF77EFE284606F067FC089891
:1097E00006F056FF204612B0BDE8F081099B024604
:1097F0003146009328463B46FFF78EFE0446099902
:109800003846FEF767FE002CE6D140F201139E4277
:1098100008BF2B7A089804BF43F001032B7206F0AF
:1098200037FF0446DEE76FF08604DBE70000FFF653
:10983000074B0A465978022906D11978072903D11E
:109840000146181D07F08AB96FF08800704700BF05
:109850008CBB00202DE9F04790B008AC84E80300F1
:10986000DDE9198900209A4602F0FE43B3F1806FCA
:1098700016461B9F0B9005D006F00AFF6FF0860579
:1098800000247DE000924FF4807394E803000BAA5B
:10989000FFF788FA05460B9815B106F0F9FEEFE7D9
:1098A000028802F4E043B3F5005F1DD112F4E06FCB
:1098B000C2F3022118D0374C26F48073A3420AD099
:1098C00004F50074A64206D0334CA64203D0A4F59A
:1098D0003F44A34208D101248C40102C0CD906F03F
:1098E000D7FE6FF08305CBE742F204039A420AD118
:1098F0002A4B9E420ED10C24A14510D206F0C8FE80
:109900006FF08905BCE742F207039A4202D1234B6C
:109910009E42E4D0224B9E4209D10D24ECE7214621
:109920000CA8FFF785FF054610B10B98B5E700249A
:109930000B98D0E90912B8F1000F26D008EB040506
:10994000A9EB0403CDE90453189B0DF13009CDE9CF
:1099500002A3069733460194CDF8009000F004FC72
:1099600006460B9806F094FE054686B9002887D176
:1099700024B122464946404605F0D1FB3B681C44D1
:1099800028463C6010B0BDE8F0874546D8E735462C
:1099900076E700BF0010C00400FF4004000180040F
:1099A0000013C00410B5124C2378590744BF23F0AC
:1099B0000403237023789A0705D500F0A7F82378CD
:1099C00023F002032370637813B10A4807F0C9F843
:1099D0000023042107486370FEF77CFD2378DB0732
:1099E00005D506F09DFF237823F00103237010BDF9
:1099F0008CBB002090BB002038B51C4D6A782B78BA
:109A0000022A01D1072B12D0D80713D52B7899073A
:109A100007D400F073F82B78044643F002032B7050
:109A200088B96A782B788AB12B785A0719D500241F
:109A3000204638BD06F072FF2B78044643F0010340
:109A40002B700028E2D0FFF7ADFFF1E7DB07EBD585
:109A5000074807F080F8022304466B700028F2D113
:109A6000E2E743F004032B70E1E700BF8CBB00206A
:109A700090BB002073B56B46144600F140421F2A8C
:109A80000E46054683E8030014D82C231A4803FB2E
:109A90000200037F022B24D143699D4221D18369B7
:109AA00099421ED10146084606F0BAFD00B9216070
:109AB00002B070BD012293E8030006F0BEFDB8B10C
:109AC0000D4B00221846197F022905D159698D4294
:109AD00002D199698E4207D00132202A03F12C036A
:109AE000F1D16FF08B00E3E72C2303FB0201DAE7EF
:109AF0006FF08700DCE700BF94BB00200122024B1F
:109B0000002083F88025704794BB00202DE9F041A8
:109B10000A4C002526464FF0010803272046C4F8CA
:109B200020802777013505F061FD202D04F12C04FC
:109B3000F4D1002386F88035BDE8F08194BB002085
:109B4000F8B51E4D064695F880350F467BB30024C8
:109B50002B462246197FD1B13CB9022905D1196A99
:109B600019B91979002918BF1C460132202A03F1BE
:109B70002C03EFD114B96FF08C0006E0204606F0FC
:109B80004FFD204605F032FD10B100240DE01C46CB
:109B9000237F7BB90123237736B1094B651BAD10B9
:109BA0005D4305F18045356000203C60F8BD6FF0F5
:109BB0008800EAE76FF09600E7E700BF94BB00205B
:109BC000A38B2EBA2DE9F04100256C4B156092B0A5
:109BD00093F8803502AF164687E80300002B00F0AB
:109BE000C98097E80300FFF745FF10F18C0F04468A
:109BF00040F0958031462846FFF7A2FF0446002832
:109C000040F08D8097E80300012335681C2205F1A0
:109C1000140888E803006B6021460BA805F0A4FA3D
:109C200000220023CDE908236B69554A03F1404324
:109C3000A3F580539342CDE90644059422D898E8D1
:109C4000030008AB05AA06F08FFF0446B8B9D5E9B2
:109C500005231193059BCDE900000C9313F0FF033E
:109C600018BF13460BAA10930346DDE9080100F064
:109C70004FFA10F18A0F044614D0002853D014F183
:109C80008C0F52D100236FF04042356808930B933C
:109C90006B69013B93424ED3284605F0A7FC6FF059
:109CA000870445E006A90BA800F05EF904460028E9
:109CB000E5D12846069905F04AFC04460028DED185
:109CC000DDE9080107AB0193AB6A0BAA00936B6A4D
:109CD00000F01EFA044618B1284605F07CFCCEE7D9
:109CE000079B0BACAB620FCC0FC594E8070085E86F
:109CF000070030688368D90444BF43F480638360FD
:109D000083689A0444BF43F400638360037F012B9C
:109D100004BF0223037706F083FC044640B92046C3
:109D200012B0BDE8F0816FF09604306805F05EFC7B
:109D300000233360F3E728460BAA08A906F09AFD32
:109D4000044650B10B99089806F092FD306805F072
:109D50004DFC14F18C0FA2D0EAE7089928460B9A23
:109D600005F008FC04460B99089806F081FD002CCC
:109D7000BFD0EBE76FF08804D1E700BF94BB0020B1
:109D8000FFDFFF3FF7B515460E4607460822184687
:109D900029491C4605F0C3F9042200230DEB0201FA
:109DA00004F10800019305F0BAF904226B680DEB89
:109DB000020104F10C00019305F0B1F92B8801A90F
:109DC000022204F11000ADF8043005F0A8F96B8808
:109DD00001A9022204F11200ADF8043005F09FF948
:109DE0000422AB680DEB020104F11400019305F0AD
:109DF00096F90422EB680DEB020104F118000193BF
:109E000005F08DF904222B690DEB020104F11C0011
:109E1000019305F084F9042204F120000DEB020106
:109E2000019605F07CF93246394604F1240003B06E
:109E3000BDE8F04005F073B9023D01002DE9F7439C
:109E4000232904460F46914698460A9E05D86FF08E
:109E50009805284603B0BDE8F0830822354909F08B
:109E60002AFC05460028F2D1042204F108010DEB7A
:109E7000020005F054F9019B002BE8D1042204F103
:109E800020010DEB020005F04AF90199243F8F42B1
:109E9000C8F80010DBD3B1F5005FD8D2002938D163
:109EA000C9F80050042204F10C010DEB020005F08A
:109EB00036F9019B0222736004F1100101A805F03C
:109EC0002EF9BDF804300222338004F1120101A8FA
:109ED00005F025F90422BDF8043004F11401738063
:109EE0000DEB020005F01BF90422019B04F118019F
:109EF000B3600DEB020005F012F90422019B04F19E
:109F00001C01F3600DEB020005F009F9019B3361C0
:109F10009FE70120FEF7C2FAC9F8000030B1D8F877
:109F2000002004F1240105F0FAF8BBE76FF08C057E
:109F30008FE700BF023D0100194610B400244368BA
:109F40000C60074C1A0AB4EB132F02D0054B9A424F
:109F500002D110BC00F0B4BC6FF0860010BC70479A
:109F6000004E80004B4E800010B4002443680C600B
:109F7000074C1A0AB4EB132F02D0064B9A4202D1B7
:109F800010BC00F09DBC6FF0860010BC704700BF95
:109F9000004E80004B4E80002DE9F041456804469C
:109FA0002D0A0E461746984606D00E4CA54214D0F0
:109FB0006FF08600BDE8F08105886D0407D4434644
:109FC0003A4631462046BDE8F04106F09CBA00F022
:109FD00037FF10F1860FEDD1F1E7BDE8F04100F059
:109FE0002FBF00BF4B4E80002DE9F04FD0F804E0AA
:109FF000DFF87CB085B0BBEB1E2F0446DDE90E898F
:10A000000D4616461F46DDF840A04FEA1E2C1CD018
:10A01000DFF860E0F44518D0BCF1000F22D1CDE9A3
:10A02000019ACDF8008000F087FE10F1860F1BD159
:10A030003B46324629462046CDE90F9ACDF8388076
:10A0400005B0BDE8F04F05F0A5BA3B4632462946BB
:10A050002046CDE90F9ACDF8388005B0BDE8F04F25
:10A0600000F06ABE6FF0860005B0BDE8F08F00BF5B
:10A07000004E80004B4E8000F0B44468DDE9045689
:10A08000240A06D0084FBC4208D0F0BC6FF086000E
:10A090007047CDE90456F0BC05F0E7BACDE90456A7
:10A0A000F0BC00F065BF00BF4B4E80002DE9F743C8
:10A0B0000D46DDE90A891646134942681F46B1EB91
:10A0C000122F04464FEA12230ED0104A934200D0BA
:10A0D000ABB93B46324629462046CDE9008900F01F
:10A0E000EFFD10F1860F0CD13B4632462946204643
:10A0F000CDE90A8903B0BDE8F04300F0E1BD6FF09F
:10A10000860003B0BDE8F083004E80004B4E800017
:10A11000F0B4DFF82CC05468DDE90456BCEB142F12
:10A120004FEA142702D0074CA74204D1CDE90456C8
:10A13000F0BC00F0F5BE6FF08B00F0BC704700BFC4
:10A14000004E80004B4E8000F0B44768054EB6EBE1
:10A15000172F02D1F0BC00F05BBF6FF08600F0BC9F
:10A16000704700BF4B4E80002DE9F0474468DDF892
:10A170003890240ADDE90856DDE90A7CDDE90CE8BF
:10A1800003D0DFF824A054450AD1CDE90D89CDE9EB
:10A190000BCECDE909670895BDE8F04702F0CAB8D3
:10A1A0006FF08600BDE8F0874B4E80002DE9F0434C
:10A1B0004568DFF83C90DDF82C80B9EB152F4FEAAD
:10A1C0001524DDE90767DDE909CE03D0094DAC426E
:10A1D00000D044B9CDE90AE8CDE9087C0796BDE88E
:10A1E000F04302F00BB96FF08600BDE8F08300BFCA
:10A1F000004E80004B4E800037B504464868000A88
:10A2000002D0084DA8420AD10698009004F1080037
:10A2100001F0C0FE08B90523236003B030BD6FF024
:10A220008600FAE74B4E800037B504464868000ABE
:10A2300002D0084DA8420AD10698009004F1080007
:10A2400001F0C0FE08B90523236003B030BD6FF0F4
:10A250008600FAE74B4E800070B4054EB04202D043
:10A2600070BC06F0F0BD6FF0850070BC704700BF99
:10A2700005000002074B10B59942044606D0043091
:10A2800006F01BFE08B90523236010BD6FF08500A2
:10A29000FBE700BF050000022DE9F74F0C9CDDE94C
:10A2A0000D5601944468DDE90F7C240ADDE911E8CC
:10A2B000DDE9139A03D0DFF830B05C450ED1019C84
:10A2C000CDE9139ACDE911E8CDE90F7CCDE90D5622
:10A2D0000C9403B0BDE8F04F02F072BC6FF0860042
:10A2E00003B0BDE8F08F00BF4B4E80002DE9F74F63
:10A2F0000C9C4568DFF854B000940D9CBBEB152F07
:10A300000194DDF850A04FEA1524DDE90E67DDE980
:10A3100010CEDDE9128903D00D4DAC4200D07CB9DE
:10A32000019CCDE9139A0D94009CCDE911E8CDE98B
:10A330000F7C0E960C9403B0BDE8F04F02F0D2BC37
:10A340006FF0860003B0BDE8F08F00BF004E8000C4
:10A350004B4E800070B44C68039D240A02D0074E17
:10A36000B44206D1052440F8184B039570BC02F0A6
:10A3700013BB6FF0860070BC704700BF4B4E80006F
:10A3800070B44C68039D240A02D0074EB44206D133
:10A39000052440F8184B039570BC02F019BB6FF010
:10A3A000860070BC704700BF4B4E80002DE9F04323
:10A3B000DFF84490DDB2446845F000754D45DDF8A6
:10A3C0002C804FEA1424DDE90767DDE909CE0CD0C3
:10A3D00014B10A4DAC420CD1CDE90AE8CDE9087CB4
:10A3E0000796BDE8F04302F091B96FF08500BDE833
:10A3F000F0836FF08600FAE7050000024B4E800004
:10A40000F7B5089E0E4FF5B2044645F00075486852
:10A41000BD424FEA10200DD010B10A4DA8420CD118
:10A42000009604F1080006F01DFF08B9052323601B
:10A4300003B0F0BD6FF08500FAE76FF08600F7E734
:10A44000050000024B4E8000F7B5089E0E4FF5B296
:10A45000044645F000754868BD424FEA10200DD013
:10A4600010B10A4DA8420CD1009604F1080006F084
:10A47000FBFE08B90523236003B0F0BD6FF0850033
:10A48000FAE76FF08600F7E7050000024B4E800008
:10A490002DE9F04144681D46DDE9087CDDE906361A
:10A4A000240ADDF828E003D0DFF82080444508D1F5
:10A4B000CDE909E5CDE9077C0696BDE8F04101F05C
:10A4C000F9BA6FF08600BDE8F08100BF4B4E800006
:10A4D0004268044BB3EB122F01D106F004BD6FF0BC
:10A4E000850070474B4E800010B50D4C207809F068
:10A4F00020F90C4A1368591C116063B90A4AD2F852
:10A50000003443F00703C2F800344FF00072074BE9
:10A510009A6003F01DF92078BDE8104009F00BB9EE
:10A5200075C2002018C100200090055000E100E035
:10A5300038B5174C207809F0FCF8164B1A68013A28
:10A540001A6002BB4FF000751348C0F88850BFF383
:10A550004F8FBFF36F8F0721104BC3F80813D3F849
:10A56000001421F00701C3F80014C3F80021D3F848
:10A570000011C3F80421D3F80411C3F80821D3F85B
:10A580000831C0F888512078BDE8384009F0D3B8C8
:10A5900075C2002018C1002000E100E000900550C5
:10A5A00070B5104D104E2B68B3420DD0FFF79CFFD5
:10A5B00003F0F2F903F0C0FA40B106F0E1FA044604
:10A5C000FFF7B6FF44B92E60002405E001F09AF8C9
:10A5D000044618B1FFF7ACFF204670BD06F010FD31
:10A5E000EDE700BFCCAF0020117365001FB5114C23
:10A5F000D4F84034012B14D0B72000F02DF918B155
:10A600006FF0210004B010BDB82000F025F900283B
:10A61000F6D1B92000F020F90028F1D10123C4F8C7
:10A62000403410220021684604F09EFD684607F081
:10A63000E9FCE7E70090055000230B6010F0FF03F2
:10A6400010B514D043F0007303F17E43053B102B8B
:10A650000DD801220B4C9A40224203D1042B06D183
:10A66000094B0B600B6853B96FF0850006E000F0F2
:10A67000FE40B0F1007FF7D06FF0860010BD0020E3
:10A68000FCE700BF69780100B4390100F8B5054660
:10A690000E4618461C2117461C4606F081FB6B68C7
:10A6A0002B491A0AB1EB132F1BD12A4A33782261A6
:10A6B000294A13F00303E26066610CD0023303F011
:10A6C0000303012B3AD86B880733DB086360234B05
:10A6D00023600020F8BD6B880733DB086360204BE4
:10A6E000F6E7204B9A4226D16B691F4A1A44022A88
:10A6F00013D81E4AE2601E4A22611E4A93420AD0C3
:10A70000013293421DD10223A3602346AA6943F874
:10A71000182F6361DDE70123F6E72246A96942F8B5
:10A72000181F62610022C4E90322134A934201D137
:10A730002023D3E747B1C4E90067CAE76FF084007C
:10A74000C8E76FF08600C5E76FF09600C2E700BF6C
:10A750004B4E80007DB200003DB1000000000020A3
:10A7600000FF0720004E8000FF3F0080EDA50000A5
:10A770007D0B010002C0FF7F04C0FF7F0022074B5A
:10A78000C3F81021C3F80C21C3F80021C3F8042139
:10A79000C3F80821C3F81821704700BF0090045087
:10A7A00008B5FFF7EBFF01230360104B0A6832B9CD
:10A7B000D3F80C211AB9D3F80821002AF6D00B6877
:10A7C0007BB90B4B99420ED0A3F58473D3F80831B3
:10A7D000002B0CBF4FF0FF306FF00200FFF7CEFFF1
:10A7E00008BD0020FAE74FF0FF30F7E70090045073
:10A7F00008910450034670B501B34A69120706D0A8
:10A8000055221049104804F039FDFCF79DFF0F4D0B
:10A810000F48D5F80065D5F8004506F0010604F4A8
:10A820007C54C5F800653443C0F80035C0F8041501
:10A830000849FFF7B5FFC5F8004570BD6FF001008E
:10A84000FBE700BF0A3D0100683D010000E0045045
:10A850000090045000910450034B0449C3F80005D4
:10A860000348FFF79DBF00BF0090045004910450BF
:10A8700004900450034B0449C3F800050348FFF754
:10A880008FBF00BF009004500891045008900450FE
:10A8900038B50C4659B1074D0749C5F800050748BA
:10A8A000FFF77EFF10B9D5F80835236038BD6FF08B
:10A8B0000100FBE700900450109104500C900450EC
:10A8C00070B544681B4E0288B6EB142F43884FEADC
:10A8D000142513D14069184B98420BD003F5FF4360
:10A8E0007D330344012B02D8B2F5105F20D06FF006
:10A8F000860016E047F212139A42F7E70F488542A6
:10A90000F5D102F44F40B0F5824F0BD144F2121052
:10A91000073382424FEAD30301D15B0001330020A9
:10A920000B6070BDB2F5885F02D10733DB08F6E734
:10A930000223F4E7004E800001C0FF7F4B4E8000F1
:10A940002DE9F047804600254FF010091C4E94B0C9
:10A950000DF1270424F01F0406F1200A0122102122
:10A96000184806F078F96319009352461023202105
:10A970001348CDF8049002F047FC0746E0B9D6E949
:10A980000C321035013342F10002302DC6E90C3291
:10A99000E4D1B8F1000F04D02A464146204606F023
:10A9A0004DF920222146064804F0B9FB1022054843
:10A9B00004F1200104F0B3FB384614B0BDE8F08781
:10A9C00060B5002080B50020F0B5194D194FAB6B74
:10A9D0008DB0BB4229D0184E307808F0AAFE402333
:10A9E00000221946284606F0D0F93021684606F0C4
:10A9F000EDF9044678B96846FFF7A2FF044690B91E
:10AA0000302302461946684606F0BFF901220023AA
:10AA1000C5E90C23AF63307808F08DFE204606F0C0
:10AA2000AFF80DB0F0BD0E24F5E70020F9E700BF48
:10AA300060B50020B4A5B4A576C200202DE9F04F82
:10AA400099B00DF1570802F10F0982460C461546E0
:10AA500028F01F084FEA191922B100296CD0B2F56D
:10AA6000005F69D8364F374E387808F062FED6E975
:10AA70000C3213430BD15046FFF7A6FF834630B18B
:10AA8000387808F058FE584619B0BDE8F08FD6E97E
:10AA90000C2319EB020943F10003B9F5803F73F170
:10AAA000000314D3302102A806F090F9B8B902A827
:10AAB000FFF746FF83460028E2D1302302461946BD
:10AAC00002A806F062F900220023C6E90C23DFF891
:10AAD00078903DB92846FFF733FF8346D0E76FF003
:10AAE000920BCDE7102D4FF001024FF010014846B8
:10AAF000AA4628BF4FF0100A06F0ADF810234A46C8
:10AB00002021CDE900830F4802F07EFB8346002818
:10AB1000B6D1434604EB0A0213F8011B04F8011BEB
:10AB20009442F9D1D6E90C32013342F10002C6E970
:10AB30000C32A5EB0A05CCE76FF0860BA3E700BF4C
:10AB400076C2002060B5002080B500202DE9F047D6
:10AB5000054688461646EAB131B97D223449354862
:10AB600004F08CFBFCF7F0FDD0F85831934214D977
:10AB7000006806F08FFFD5F8582105F5AE73801AEE
:10AB800018443246414604F0CAFAD5F858319B1BA6
:10AB9000C5F858310020BDE8F08706F041F90446B9
:10ABA000002840D1286806F075FFD5F8582105F136
:10ABB000040905F5AE7A821A5146484606F0C4FEED
:10ABC000044680BB2868D5F8587106F063FFF71B70
:10ABD000B7FBF0F303FB1077F61B324641464846BD
:10ABE00006F0B2FE0446F0B9484606F0D9FE044627
:10ABF000C8B9484606F044FF0446A0B9286806F0E4
:10AC000049FF4021C5F85801504606F0C9F857B130
:10AC10003A46504608EB060104F081FAD5F858315F
:10AC2000DB1BC5F858312046BDE8F04705F0A8BF4A
:10AC3000813D0100683D01002DE9F041054688464F
:10AC400014461F4633B9C7221B491C4804F016FBA3
:10AC5000FCF77AFD006806F01BFFA04227D82846C3
:10AC600006F0DEF80446E8B92E4656F8040B06F066
:10AC700011FFD5F8582105F5AE71821A304606F05D
:10AC800063FE044670B94146304606F0CBFE0446EA
:10AC900040B9304606F0F4FE044618B9286806F0BC
:10ACA000F7FE38602046BDE8F04105F069BF6FF05F
:10ACB0008900BDE8F08100BF813D0100683D0100D1
:10ACC0002DE9F0419446DDE906E50F461C4633B90F
:10ACD00020221749174804F0D1FAFCF735FD0DB9C9
:10ACE0002122F6E74FF000080688C5F80080BEF183
:10ACF000000F16D026F0FF06B6F5E24F05D1CDE9DC
:10AD000006E5BDE8F04103F0F1B8B6F5824F0CD18D
:10AD100073462246384606956146BDE8F04107F085
:10AD2000C7BA6FF08600BDE8F0816FF08500FAE7E2
:10AD3000E33D0100683D01002DE9F04F8DB0044670
:10AD4000DDE91656894692469846189F33B978220F
:10AD50003849394804F092FAFCF7F6FC0EB979222A
:10AD6000F6E70FB97A22F3E74FF0000CB0F800E0F5
:10AD7000C7F800C0C6F800C0002D52D0D0F804C0FB
:10AD8000DFF8B8B04FEA1C2CCDF80CC0D0F804C0E6
:10AD9000BBEB1C2F2BD103F00BF9002844D004A9E6
:10ADA0002046D4F814B0FFF78BFD0146C0B9049BD0
:10ADB0009D4219D35FFA8BFB594653464A462046BB
:10ADC00000F0B6FA014658B943465846CDE9005658
:10ADD00005AA00F0FBFC014610B9BDF816303B6037
:10ADE00008460DB0BDE8F08F6FF08901F8E7039CCD
:10ADF000ECB92EF0FF04B4F5E24F07D1CDE91767A7
:10AE000016950DB0BDE8F04F07F0E6B9B4F5824FE6
:10AE10000DD1CDE9176716950DB0BDE8F04F07F0DD
:10AE200002BA6FF08601DBE76FF08401D8E76FF0BC
:10AE30008501D5E7E33D0100683D01004B4E8000F0
:10AE40002DE9F043044616461D460F4693B031B92E
:10AE5000EA223049304804F011FAFCF775FC0BB9CE
:10AE6000EB22F6E7D0F804E0DFF8B090B0F800C0CD
:10AE7000B9EB1E2F4FEA1E2834D103F099F80028B1
:10AE80003ED0628823880732B2F5C47F4FEAD208E9
:10AE90003CD223F0FF02B2F5E24F13D12B464246DB
:10AEA000204606A907F02CF948B905ABCDE90153B6
:10AEB00042463B462046009606A9FFF73DFF13B0E9
:10AEC000BDE8F083B3F5105F06D0B3F5885F03D01B
:10AED00042F20402934219D1424606A90020FFF72C
:10AEE000ADFDE1E7B8F1000F10D162B12CF0FF0425
:10AEF000B4F5E24F0AD113B0BDE8F04307F000B952
:10AF00006FF08400DBE76FF08600D8E76FF0850014
:10AF1000D5E700BFE33D0100683D01004B4E8000D6
:10AF20002DE9F047114F0446DDE9089AC71961F190
:10AF3000000C032F7CF1000C0D461646984603D2F8
:10AF4000BDE8F04703F080B8104603F031F848B18F
:10AF50004346324620462946CDE9089ABDE8F047E7
:10AF600000F034BC6FF08400BDE8F087FF3F008044
:10AF70002DE9F84304881E4604F44F43B3F5824F8D
:10AF80009046DDE908270D460CD0B4F5885F0ED158
:10AF900042462946304604F0C2F80020C7F8008037
:10AFA000BDE8F883E4B2422CF2D0122CEFE74388DC
:10AFB0000733B2EBD30F4FEAD30921D3DFF8488030
:10AFC00098F8000008F0B5FB284600F0B7F80446F2
:10AFD00030B94A4630460D4904F0A1F8C7F8009050
:10AFE000284600F04BF9054698F8000008F0A3FB4E
:10AFF000002D14BF28462046BDE8F84305F0C0BD2B
:10B000006FF08900CCE700BF77C20020000000206D
:10B010002DE9F047984603880E4603F44F4186B069
:10B02000B1F5824F0446DDE90E9A02D0B3F5885F90
:10B030000ED105ABCDE901A3314643462046CDF8FC
:10B040000090FFF779FE0446204606B0BDE8F08781
:10B05000144F387808F06DFB304600F06FF8054665
:10B06000D8B9628805AB07322046CDE901A30E4965
:10B070004346CDF80090D208FFF75EFE0446304606
:10B0800000F0FCF80646387808F055FB46B9002D6C
:10B09000DAD0284605F074FDD5E76FF09604EEE7A8
:10B0A0003546F6E777C200200000002030B5ADF24B
:10B0B0006C4D122205460C460DF10E00002104F0E5
:10B0C00053F84FF410530021ADF80C30184B4FF4E7
:10B0D0008862CDE90831174B0AA8049304F044F8BC
:10B0E0004FF008210AA800F07BFCE8B90346009065
:10B0F00040F2011103AA0AA800F0C0FCA0B9032382
:10B1000040F201210C4A0AA800F08CFC60B910231F
:10B110002A4640F206210AA800F084FC20B9202229
:10B1200021460AA800F022FD0DF26C4D30BD00BF93
:10B1300002C0FF7F03004E804F3E0100F0B5037850
:10B14000064603F00303022B9DB018D0033303F02F
:10B150000303012B11D86FF021000CE0707820441C
:10B16000FFF77AFB00285CD101343378C3F3820304
:10B17000A342F3D800201DB0F0BD0024F5E70BAFCB
:10B1800039464078FFF784FB04460028E3D1357840
:10B19000C5F38205AC4222D3182200210EA803F089
:10B1A000E3FF4FF41053ADF834304FF480731E4E6C
:10B1B0004FF400710DA8ADF83630109605F095FEED
:10B1C00032231A4C00211C2215A8149303F0CCFF43
:10B1D000204614A9FFF76AFF40B10E20CBE7707834
:10B1E0002044FFF739FBE0B90134D0E70CAB0893FA
:10B1F0006023CDE9064304F1100304930423CDE951
:10B2000002730C23013D2D01CDE900430C90334620
:10B210002022059514A90DA801F064FD0028AAD0EC
:10B22000DBE70220A7E700BF000250050000002076
:10B230006029F8B505460E4618D80E4F387808F044
:10B2400078FA2846FFF77AFF05F09AFC044640B9E1
:10B2500009493246284603F062FF6021064805F09E
:10B260009FFD387808F067FA2046F8BD6FF0890432
:10B27000FAE700BF77C200200000002008B503787D
:10B280009B0705D00548602105F08AFD002008BD18
:10B2900005F0B6FE0028F5D00220F8E700000020F7
:10B2A000F7B5436821490446B1EB132FDAB239D11F
:10B2B000032A03D16FF0840003B0F0BD466901A9F1
:10B2C000F5B2284605F046FE0028F5D16A4621462B
:10B2D000019805F014FE0028EED10446009FA74215
:10B2E00019D89DF8043007F0070223F01F0343EA42
:10B2F000820301A88DF804308DF80560FFF7BEFFCA
:10B300003946284605F041FE0028D5D103B0BDE8F6
:10B31000F04005F052BE6019FFF79EFA0028C9D12F
:10B320000134DBE76FF08B00C6E700BF4B4E8000B7
:10B330002DE9F04F89460021B5B0074616461DA8F5
:10B340005C220B931C9103F00FFF05F036FE0446C0
:10B35000B8B9042201460CA803F006FF9DF830504E
:10B360007A6964F30305C2F3013C6CF305158DF8AB
:10B37000305015F0300508D1BB68990710D06FF038
:10B380008604204635B0BDE8F08F102D08D1BDF8F9
:10B39000323023F4F87343F4A873ADF832309BE0F5
:10B3A000FB688F498B421ED00BD88E498B422DD023
:10B3B0008D498B4224D08D498B422AD0D2B2F82AB3
:10B3C0001AE0B3F1082F1ED089498B4256D0894923
:10B3D0008B42F3D10C220C9B62F393330C933B888A
:10B3E000B3F5105F08E008220C9B62F393330C93D3
:10B3F00042F204033A889A4210D06FF08504C0E705
:10B4000014220C9BE8E720220C9BE5E724220C9BEE
:10B41000E2E734220C9B62F393330C9300214FF04C
:10B42000010B0A4608469DF83330D7F808E0DFF8EC
:10B43000C8815B0858F804AB1EEA0A0F07D00BFA64
:10B4400000F1194301F07F03012142EA0A020130B1
:10B450000728EFD129B19DF8331063F347018DF828
:10B4600033103EEA0202C8D17B88FF2B3CD014D8AF
:10B47000802B3BD0C02BC0D1022315E0BB685A04FF
:10B48000BBD53B8803F44F42B2F5824FB5D1DBB256
:10B49000122BB2D138220C9BBDE7B3F5807F27D0A9
:10B4A000B3F5C07FA9D106239DF8322063F30612BD
:10B4B0008DF832201DB91EF0030F7FF460AF3B7989
:10B4C000022B22D016D8012B7FF459AFBDF83220C1
:10B4D00063F3C812ADF83220BCF1030F3FF64FAF53
:10B4E000DFE80CF01848282C0323DDE70123DBE715
:10B4F0000423D9E7032B02D0FF2B7FF440AF0222B5
:10B50000BDF8323062F3C81347E7BDF8323043F478
:10B51000C07342E73B88B3F5105F7FF46EAF0B9BBF
:10B5200023F00802102A02D0202B7FF428AFDFF886
:10B53000CC8025E00B9B602B3FF65FAF0B9B412B34
:10B5400014D0302B0FD8172B05D8102B7FF417AF42
:10B55000DFF8AC8014E02B4A183B22FA03F3DB0738
:10B560007FF50DAFF4E7612B7FF409AF013B0136A6
:10B570000B93EDE70B9B302B7FF401AFDFF8888056
:10B58000202D0B9A66D13146002620AF384603F0B5
:10B59000C6FD0B9B1C22314615A80A93149603F096
:10B5A000E3FD182231460EA803F0DEFD4FF41052E1
:10B5B0004FF48071DFF83CB00DA80DF1700AADF8C2
:10B5C0003420ADF83610CDF840B005F08EFC1022D6
:10B5D00051463046FFF732FAC0B10446D1E600BF0B
:10B5E000000510050002C003004440040900800368
:10B5F0000000020900025005A438010000FF0720E6
:10B60000000000200101000110940550504614A9CB
:10B61000FFF74CFD0028E0D10BAB08935023CDE998
:10B620000673042303930CAB02930C230A9ECDE90B
:10B6300000A30F3626F00F065B462A46CDE90476B6
:10B6400014A90DA801F0BCFA0028C6D156460B9BE0
:10B6500010330B9300250B9F0F374FEA171A5545F0
:10B6600013D11F2F18D81C22002114A803F07CFD31
:10B670000025554517D11F2F7FF683AEBA20FFF75F
:10B68000F9F800283FF47DAE2BE009EB050005F04A
:10B6900093FB98B30135E2E72946484605F075FC6F
:10B6A0000028E0D099E708EB05124FEA051B199234
:10B6B000D5B904220CA91AA803F031FDBDF8322037
:10B6C00006EB0B01C2F3C112189214A8102203F06A
:10B6D00026FD14A909EB0500FFF78CF840B105F031
:10B6E0006CFC6FF092044CE64FF0FF331A93E5E7E1
:10B6F0001C2114A805F054FB0135BAE76FF08A0449
:10B700003FE600BF10B590B01C22002101A803F055
:10B710002BFDF82005F050FB08B3202200200DEB94
:10B720000201FFF78BF90446F8B901A84FF48071C4
:10B7300005F0DBFB0E4B0F4904930F4BCDE90113D2
:10B740000E4BF821069320230DEB0302FFF7F0FDCB
:10B75000202104460DEB010005F022FB05E0F92055
:10B7600005F02AFB0028D8D10446204610B010BDB1
:10B770000010C00400240001014B4E80F800FF7F40
:10B780007FB56C4684E803009DF8006003A930464D
:10B7900015461C4605F0DEFB88B9BDF80E10C1F356
:10B7A000C1110139C9B202298FBF6FF08600054B64
:10B7B0005A5C054B9EBF13432B60C4E9006004B084
:10B7C00070BD00BF533E0100004B4E802DE9F04399
:10B7D00085B0884601A9064614461D460C9F05F013
:10B7E000B9FB48B9B6F1F80348F1FF38022B78F1FC
:10B7F000000804D26FF0860005B0BDE8F08305F0C4
:10B80000DCFB0028F8D1002CF4D09DF8048018F05F
:10B810000F0240F0C180BDF80630C3F3C113013BF5
:10B82000DBB2022B00F2BB80634908F03008C95C30
:10B83000624BB8F1100F43EA0103636038D1604BEB
:10B840002360204602A9FFF73BF80028D4D1029BD1
:10B85000BB4200F2AD8044F212122188019891425D
:10B8600004BF042205F8012B0D9A214613609DF8B0
:10B8700004302A78C3F3011363F301022A7003AA88
:10B8800008BF07F1FF3705F03AFB0028B4D12B7849
:10B89000039A6E7062F384032B70238803F44F4283
:10B8A000B2F5824F73D139462846FFF7C1FCA3E7B2
:10B8B000134691469DF807104248490891B94946F8
:10B8C000204605F012FB019BC3F38533202B2BD0C0
:10B8D00013D80C2B2DD0142B2FD0082B31D06FF078
:10B8E000920089E7CA0705D5062B5BD850F82320BC
:10B8F00049EA020949080133E0E7342B25D0382B07
:10B9000027D0242BEBD14FF410532F4AE2609DF83F
:10B9100006202380C2F30212013A052A45D8DFE847
:10B9200002F0341C2C2E44314FF410534FF00822F7
:10B93000ECE74FF41053254AE8E74FF41053244A3C
:10B94000E4E742F20403234AE0E74FF48853224A33
:10B95000DCE747F21213214AD8E7C0226280B8F12F
:10B96000000F7FF46EAFB3F5105F03D119F0030F32
:10B970003FF467AF6FF096003EE7FF22EEE74FF42B
:10B980008072EBE74FF4C072E8E78022E6E7B3F598
:10B99000885F7FF431AF86E76FF088002CE76FF0A7
:10B9A000910029E76FF0830026E76FF0980023E706
:10B9B0006FF0890020E700BF533E0100004B4E802E
:10B9C00001108001A43801000002C00300025005EC
:10B9D000004440040005100509008003000002092E
:10B9E00010B421F49F620D4C22F00702A2420346DC
:10B9F000016004D00A4A21F0FF04944203D11846A2
:10BA000010BC00F04DB9B1F1082F02D110BC05F007
:10BA100086BB6FF0850010BC704700BF00010008B6
:10BA2000000400082DE9F0410568DFF8488025F49E
:10BA30009F6E2EF0070EC64504460E4617469C46DE
:10BA400005D0DFF834E025F0FF08F04507D13A468D
:10BA500031462046BDE8F041634600F051B9B5F1EA
:10BA6000082F03D1BDE8F04105F065BB6FF08500FC
:10BA7000BDE8F081000100080004000870B404680B
:10BA80001D46B4F1082F039E09D0094B24F0FF0492
:10BA90009C4208D033462A4670BCFFF7C3BF0396CA
:10BAA00070BC05F07EBB6FF0850070BC704700BFB6
:10BAB000000700082DE9F043002405880E4605F430
:10BAC0004F41B1F5824F4188254887B01F46DDE9D7
:10BAD000119300EA030023F0004323F47F03904610
:10BAE0002A4618BF2546B3F1106FC9F800401D4B18
:10BAF00040F010600BD198420BD122F0FF03B3F558
:10BB0000E24F0CD06FF0860007B0BDE8F08398429A
:10BB100002D0154B9842F5D16FF08500F4E7EDB2F5
:10BB2000284605AA02F0D8F8B8B9059B5C684445D8
:10BB3000E8D1284602F010F90028EDD0109B2246EB
:10BB400002930F9B314601930E9B05980093CDF80D
:10BB50000C903B4602F0D4FAD6E72046D4E700BF6B
:10BB60000000FFF60000020900000109F0B40468BB
:10BB7000DFF83CC024F49F6727F0070767450346BA
:10BB80000D46164604D00B4F24F0FF0CBC4505D1E2
:10BB900032462946F0BC184600F042B9B4F1082FED
:10BBA00002D1F0BC00F082B96FF08500F0BC7047A4
:10BBB000000100080004000838B50368084A23F0B3
:10BBC000FF039342054609D105F049FA0446284689
:10BBD0004FF4886105F0E4F8204638BD0024F6E70C
:10BBE0000001000803782C4A43F0007393422DE9CA
:10BBF000F34105463ED003F17E43043B112B3BD875
:10BC0000264AD65C00233246284605F2D12101930C
:10BC100002F002FB0446D0BB95F8D03205F1540780
:10BC200063BB95F8D03238460133D5F8D42385F874
:10BC3000D03205F2513100F0BDFC044638BB012280
:10BC4000384605F5347100F0B5FC0446F8B905F244
:10BC5000113832464146384601AB00F0CDFC04466F
:10BC6000A8B93246414605F1100003F058FA85F8AC
:10BC700050600CE01026C5E70026C3E73246384680
:10BC800005F2113100F096FC04460028C9D0204688
:10BC900002B0BDE8F08100BF03000002663E010073
:10BCA0000378164A43F0007393421FD003F17E439A
:10BCB000043B112B1ED8DFE803F009091D1D1B13DF
:10BCC00015171B131D1D1B1315171D1714230022F9
:10BCD000C3EB0323C0E90232102383801046704770
:10BCE0002023F4E73023F2E74023F0E71023EEE7C8
:10BCF0001C23ECE76FF08500704700BF03000002D3
:10BD00002DE9F34100271646026804461D464148C6
:10BD1000D3B243F00073834201971BD003F17E43FB
:10BD2000043B0F2B01D83C48C75C3C4B22F0FF0280
:10BD30009A4211D140F2011399420DD1402D65D89C
:10BD40002A46314604F2D12003F0E9F91223A380F8
:10BD5000002014E04027E8E7A388DA0641D5132B3A
:10BD60003FD040F2022291420CD040F20322914295
:10BD70003AD040F2011291420FD06FF0860002B02B
:10BD8000BDE8F081102B2CD12A463146204602F026
:10BD900043FA0028F3D11123D9E7102B1FD104F265
:10BDA000D1284021404604F0FBFF3A464146204658
:10BDB00002F032FA0028E2D104F154082A46314652
:10BDC000404600F0F7FB0028D9D112233A46A38061
:10BDD000404601AB04F2D12100F00EFCCFE7112B5D
:10BDE000EAD06FF08800CAE794F8D833002BF8D176
:10BDF000802D0BD82A46314604F2513003F08FF9DA
:10BE00000123C4F8D45384F8D833A1E76FF08C0031
:10BE1000B5E700BF03000002563E01000005000820
:10BE20002DE9F04104680E461C4924F0FF078F42BB
:10BE300013460546828820D1112A2BD91322E4B259
:10BE40008280174A44F0007494420BD004F17E447F
:10BE5000043C112C08D8134A125D9A4205D96FF0A0
:10BE6000890008E01022F8E70022304605F2D121CF
:10BE700003F055F90020BDE8F081112A0AD990F8A5
:10BE8000D8233AB11322084982803246BDE8F041F6
:10BE900006F0EEBA6FF08800EDE700BF000400087E
:10BEA00003000002663E0100E5BB00008388F7B591
:10BEB0001746A3F14102032A04460E4632D8442B0A
:10BEC00008D13B4632462046184903B0BDE8F04051
:10BED00006F0CEBA442385688380EA02C5F347534F
:10BEE00043EAC56302F47F026D09134305F47F45FD
:10BEF0002B43D0F80C23C0F83C3400F53B7102F022
:10BF00008BF968B9204605F0ADF848B9102201ABAD
:10BF100004F5347104F1540000F06EFB0028D0D019
:10BF200003B0F0BD6FF08800FAE700BFAF1001006A
:10BF30002DE9F8430C46DDE908981946144B0746ED
:10BF4000984515461DD11388B3F5105F19D1B9F185
:10BF5000200F19D804F582764A46304603F0DFF800
:10BF60004A463146284604F1E803FEF78FFB30B914
:10BF70001023C4F8008084F8367184F83531BDE8A8
:10BF8000F8836FF08500FAE76FF08600F7E700BFEF
:10BF90000044400437B5069C094DAC420DD10D88D4
:10BFA000B5F5105F09D1CDE9003413460A460146C4
:10BFB0000120FFF7BDFF03B030BD6FF08500FAE749
:10BFC0000044400437B5069C094DAC420DD10D88A4
:10BFD000B5F5105F09D1CDE9003413460A46014694
:10BFE0000020FFF7A5FF03B030BD6FF08500FAE732
:10BFF0000044400408B539B940F293120749084893
:10C0000003F03CF9FBF7A0FB102A04D1D53003F074
:10C0100086F8002008BD6FF08600FBE7783E01003F
:10C02000683D01002DE9F04F87B00446DDE910B806
:10C0300015461E46894679B93AB14FF4E2727B49FA
:10C040007B4803F01BF9FBF77FFBB8F1000F06D02C
:10C05000C8F8002000205FE0B8F1000F02D140F2E4
:10C06000C512ECE70023C8F80030002AF2D0002EF9
:10C0700000F0CA8090F834319818584500F2C48016
:10C0800094F83571E3B1A7EB030A04F592705245B9
:10C09000184407D203F043F894F834312B4484F861
:10C0A0003431D7E75246059303F039F894F8342138
:10C0B000059B1744FF1A84F83471D144A5EB0A0597
:10C0C00094F8353194F834A15F422F400CD1BAF185
:10C0D000000F00F09C80226856498A423ED15345A9
:10C0E0001DD04FF40172AAE7226852498A4235D125
:10C0F000BAF1000FF3D194F836314A46012BCDE95D
:10C1000001B83B4604F1E80104F10400009622D195
:10C1100006F003FA002845D007B0BDE8F08F94F888
:10C1200036C104F59272BCF1010FCDE901B804F1FA
:10C13000E80104F1040000960AD106F0EEF90028A7
:10C14000EAD194F8343184F834015FB31E44D2E765
:10C1500006F008FAF3E706F005FADBE794F8D430C6
:10C160004BB3201D01F006F8002842D194F8343179
:10C1700004F1040B7BBB37B133463A464946584677
:10C1800005F0B2FAA8BB584605F015FB88BB584627
:10C1900005F05EFB68BBD8F800309A440AEB070351
:10C1A000C8F80030BD427FF655AF94F834318BB3F8
:10C1B00040F2632243E7204B9A424FF0010314BF41
:10C1C0006FF002006FF0200084F8D43004F0D8FC47
:10C1D0000028CBD0A0E794F835219A4202D040F253
:10C1E0003B222CE73346584604F5927105F07CFA61
:10C1F00020B107B0BDE8F04F04F0C2BC94F835316F
:10C2000084F834011E44B6E76FF0890084E7002DFE
:10C210003FF420AFED1B2A4609EB070104F59270AD
:10C2200002F07DFF84F8345114E700BF783E01002E
:10C23000683D01000044400400018004F0B504465C
:10C240000E4617461D4685B03BB94FF41C72344963
:10C25000344803F013F8FBF777FA00232B6090F8CB
:10C2600034311BB161B940F27B22F0E702682E4BFA
:10C270009A4202D0002005B0F0BD0029FAD1F2E7C1
:10C2800002682A498A4212D104F5927294F8364122
:10C2900000F1E801012CCDE9017500F104000096E0
:10C2A00002D106F03AF9E6E706F05CF9E3E790F828
:10C2B000D4306BB1043000F05DFF08BB94F834213A
:10C2C000BA422A6014D900236FF089002B60D2E7AC
:10C2D000174B9A424FF0010380F8D43014BF6FF02F
:10C2E00002006FF0200004F04BFC0028E6D0C2E70B
:10C2F000251D3346284604F5927105F0F5F920B165
:10C3000005B0BDE8F04004F03BBC284605F026FA35
:10C310000028F5D1284605F09BFA0028AAD0EFE7BF
:10C32000783E0100683D01000041400400444004A3
:10C33000000180042DE9F04FD3B09B46DDE95E8912
:10C340005C9B05460E461746DDF880A1629C33B91A
:10C3500084222749274802F091FFFBF7F5F9B8F14D
:10C36000000F04D1B9F1000F01D08522F1E7BAF135
:10C37000000F01D18622ECE70CB98722E9E7002102
:10C380004FF49C72216004A802F0EEFE1A4A934515
:10C3900013D13A46314628463EABFEF777F948B905
:10C3A000619B4246CDE900A302944B463EA905A8F5
:10C3B00006F0B3F853B0BDE8F08F33462A460120AB
:10C3C000CDE9007B04A9FFF7B3FD0028F2D1DDE938
:10C3D0005C1204A8FFF70EFE0028EBD1619B4A46D1
:10C3E000009341465346019404A804F00CFFE1E792
:10C3F000783E0100683D0100004440042DE9F04F03
:10C40000D3B08046DDE95C74894692469B46609EC7
:10C410003FB934B1ED222D492D4802F02FFFFBF733
:10C4200093F95E9B0BB9EE22F5E70EB9EF22F2E726
:10C430004FF49C72002104A802F096FE254A934511
:10C440004FF00002326004D1E4B9002053B0BDE8DF
:10C45000F08F002CF9D0204A934531D152464946FD
:10C4600040463EABFEF712F90028EFD15F9B3A46FB
:10C4700001935E9B029600933EA9234605A806F011
:10C4800071F8E3E70C25AC421CD34B464246002032
:10C49000CDE900AB04A9FFF74BFD0028D6D12A4611
:10C4A000394604A8FFF7A6FD0028CFD15F9B01966F
:10C4B0000093621B5E9B791904A804F0A4FEC5E7F3
:10C4C0001025E0E76FF08600C0E700BF783E01006E
:10C4D000683D010000018004004440042DE9F04162
:10C4E00015461A46069B03F0FE44B4F1407F06D081
:10C4F00019222A492A4802F0C1FEFBF725F90468EF
:10C50000002C43D1274C13F47C16036004EA030487
:10C510000AD0C3F30546B4F1607F46602BD12946AB
:10C52000BDE8F04105F0D5BEB4F1607F12D11E49DF
:10C53000DCB244F000748C4202D110214160EEE77D
:10C5400004F17E44043C112C01D94660E7E7174909
:10C55000095DF3E7B4F1707F01D046600BE00C8811
:10C5600004F4E047B7F5005FF7D10126C4F30224D5
:10C5700006FA04F4446023F47E140D4B9C4209D166
:10C5800013462A46BDE8F04100F010B96FF088006C
:10C59000BDE8F0816FF08500FAE700BFDB3E0100E7
:10C5A000683D01000000C07F030000023B3F010026
:10C5B0000002C00310B4046884B19AB10C4B23404C
:10C5C000B3F1607F02D110BC05F0AEBE094B24F47C
:10C5D0007E149C4208D110BC04F08EBE6FF088001F
:10C5E00010BC70471046FBE76FF08500F8E700BF0E
:10C5F0000000C07F0002C0032DE9F0410468054639
:10C600000F461E4694B3A1B34368934234D81C4BE3
:10C61000DFF870802340B3F1607F0DD024F47E14E6
:10C62000444512D1284604F0A4FE044684B10023F8
:10C6300033602046BDE8F08105F0E4FE2B68044637
:10C6400023F47E134345F1D1ECE76FF09604EEE757
:10C6500005F10C0138466A6802F061FD6B684FF421
:10C660001F712846336004F09BFBE2E76FF08804FB
:10C67000DFE76FF08604DCE76FF08904D9E700BFDD
:10C680000000C07F0002C003F8B5036805460E46EF
:10C690007BB389B34168914203D06FF09404204684
:10C6A000F8BD184A184F1A40B2F1607F18D023F431
:10C6B0007E13BB4223D1284604F05BFE0446002CC7
:10C6C000EDD131466A6805F10C0004F023FB044605
:10C6D0000028E2D14FF41F71284604F061FBDEE729
:10C6E00005F090FE2B68044623F47E13BB42E6D18E
:10C6F000E1E76FF08804D2E76FF08604CFE76FF0D0
:10C700009604CCE70000C07F0002C0032DE9F04F83
:10C7100005461C460E461746ADF5237D4FF41F72A5
:10C72000DDE9ACABDDE9AF89002103A802F01CFD17
:10C7300029463B463246009403A8FFF7CFFE054644
:10C7400060BB194B24F47E149C4212D1049B4345D8
:10C7500026D85A465146AE9B03A804F055FE04461F
:10C76000B8B9049BC9F8003028460DF5237DBDE813
:10C77000F08F5A46514603A8FFF71CFF044640B904
:10C780004B464246AE9903A8FFF736FF0446002801
:10C79000EAD003A804F06AFD2546E5E70446F8E779
:10C7A0006FF08904F5E700BF0002C003F8B50E463C
:10C7B000114632881D46B2F5105F044673680FD1EA
:10C7C000A5F1100010280ED8174AC240D20714D481
:10C7D00016481A0AB0EB132F0FD0154B9A420CD003
:10C7E0006FF085001CE011481A0AB0EB132F02D03D
:10C7F0000F4B9A42F4D1202D13D804F5B2772A4674
:10C80000384602F08CFC2A463946304604F5A473BB
:10C81000FDF73CFF20B91023A360012384F84C30BE
:10C82000F8BD6FF08600FBE7010101004B4E800070
:10C83000004E8000064B984202D0064B984204D12D
:10C84000A1F10C035842584170470020704700BFC7
:10C85000000510050002500510B50268044690F866
:10C860004D101046FFF7E6FF58B3174B9A4215D00C
:10C87000164B9A4222D194F89A3004F1A000211D5F
:10C8800004F1400294F858402CB904F03EFEBDE893
:10C89000104004F075B904F036FEF8E794F89A30C9
:10C8A00004F1A000211D04F1400294F8584014B98D
:10C8B00004F0F0FFEBE704F0E5FFE8E76FF00200BB
:10C8C000E5E76FF0880010BD000510050002500577
:10C8D0002DE9F843DDE90895B9F1200F0E4604462D
:10C8E0009046194644D800F120074A46384602F0DF
:10C8F00016FC4A4639464046231DFDF7C7FE28BBB5
:10C900001D4A25F47E13934202D11C4B23600DE097
:10C910001B4A934220D0B3F1052F0BD0194A934202
:10C9200016D002F58072934214D0206084F85860CB
:10C93000002509E0144B84F8586023606B4033F401
:10C940007E13F5D1C5F3054584F89A50BDE8F88308
:10C950000E4BDBE70E4BD9E785F0AA620D4B82F454
:10C96000807232F47E12236084F85860EAD0E5E7E2
:10C970006FF08600EAE700BF0001400500015005A6
:10C980000002400500060005000510050006100520
:10C99000000710050002500570B4202B039C0ED830
:10C9A0000A4E24F47E15B54202D170BC05F051BF89
:10C9B000B5F1052F07D1039470BC06F082B96FF072
:10C9C000860070BC70476FF08500FAE700024005F2
:10C9D00070B4202B039C0ED80A4E24F47E15B54269
:10C9E00002D170BC05F040BFB5F1052F07D103940B
:10C9F00070BC06F071B96FF0860070BC70476FF0C4
:10CA00008500FAE70002400510B40368074CA34212
:10CA100002D110BC05F033BF054CA34202D110BCBB
:10CA200006F065B96FF0850010BC70470002500534
:10CA30000005100510B40368074CA34202D110BCD6
:10CA400005F02CBF054CA34202D110BC06F05EB924
:10CA50006FF0850010BC70470002500500051005FE
:10CA600030B490F89C506DB982B103680A4CA3426F
:10CA700002D130BC05F016BF084CA34208D130BC2F
:10CA800006F048B96FF0880030BC70471046FBE7ED
:10CA90006FF08500F8E700BF0002500500051005A3
:10CAA000F0B40024DDE9045634608AB19BB1AA4297
:10CAB00011D804680B4FBC4202D1F0BC05F01ABF7C
:10CAC000094FBC420AD1CDE90456F0BC06F03FB98B
:10CAD0001046F0BC70476FF08900FAE76FF08500F0
:10CAE000F7E700BF0002500500051005F0B54FF054
:10CAF000000EDDE905C5079EC3F800E0C6F800E0BA
:10CB000090F89A70AF4212D804680C4FBC4203D11F
:10CB1000BDE8F04005F057BF094FBC420AD1CDE94E
:10CB20000656CDF814C0BDE8F04006F077B96FF0B6
:10CB30008900F0BD6FF08500FBE700BF00025005E3
:10CB400000051005F0B400271F6090F89A50059F6B
:10CB5000049EBD420FD104680A4FBC4203D1059523
:10CB6000F0BC05F04CBF084FBC4208D1CDE90465CC
:10CB7000F0BC06F078B96FF09400F0BC70476FF02D
:10CB80008500FAE7000250050005100508B50A4ABD
:10CB90000368934206D0094A934207D1BDE8084092
:10CBA00005F064BFBDE8084006F089B94FF46A712A
:10CBB00004F0F6F8002008BD00051005000250053D
:10CBC0002DE9F04F88464649914623F47E12ADF593
:10CBD0006D7D8A420746DDE9FD5A9B46F79EFB9C28
:10CBE0007AD001F580718A4202D0B2F1052F73D15B
:10CBF0004FF46A72002102A802F0B6FAA54268D387
:10CC00003A4643460121CDE9009B02A8FFF760FEAA
:10CC1000074600284ED1F99B31460298CDE91634DB
:10CC2000FFF708FE002843D03246F69912A802F01A
:10CC300076FA02A88DF85560FFF70EFE0746002829
:10CC400038D1DDE9F8122AA804F06AFC03F098FF55
:10CC5000074678BB2246FC9BFA992AA804F096FC6A
:10CC600003F08EFF064678BBFC9B2D1B19199DF81F
:10CC7000A2309D422AD32AA800F01CF958B103F033
:10CC80007FFF0746B0B93C44CAF8004030460DF576
:10CC90006D7DBDE8F08F2AA804F0E9FC0028EED1F4
:10CCA0004FF46A7102A89DF8A27004F079F8EAE7DF
:10CCB0006FF0850700234FF46A71CAF8003002A8AC
:10CCC00004F06EF83E46E1E70746F3E76FF08907A8
:10CCD000F0E76FF08906D9E76FF08506D6E700BF69
:10CCE000000140052DE9F04F9346414A1C4623F4CC
:10CCF0007E13ADF56D7D93428146DDE9F9578A4695
:10CD0000DDF8DC83FE9E70D002F58072934202D083
:10CD1000B3F1052F69D14FF46A72002102A802F025
:10CD200023FACDE900B453464A46002102A8FFF792
:10CD3000CFFD044600284AD19DF8A220FB9B9B1AF8
:10CD4000FD9A3360934240D841460298CDE916538C
:10CD5000FFF770FD002843D04246F69912A802F072
:10CD6000DEF902A88DF85580FFF776FD044670BB0A
:10CD70002A46F8992AA804F0D3FB03F001FF0446E1
:10CD800028BB3946FC9B32682AA804F0FFFB03F05D
:10CD9000F7FE054638BB31682AA8394400F0EEF8A2
:10CDA00040B103F0EDFE044688B928460DF56D7DCF
:10CDB000BDE8F08F2AA804F05AFC0028F1D14FF406
:10CDC0006A7102A803F0ECFFEFE76FF0890400231B
:10CDD0004FF46A71336002A803F0E2FF2546E4E7EE
:10CDE0006FF08504F3E70446F1E76FF08505DCE7B3
:10CDF000000140052DE9F041044690461F460D46CE
:10CE000019B10A688B681AB953B96FF0210647E067
:10CE100033B94B6823F00802102A01D0202B42D1ED
:10CE200001232046A376E56104F045FB0646002871
:10CE300036D121461D4B04F1200041F8843BAB68FC
:10CE40009A069B01DBB202F0E0421A4342F48042B0
:10CE5000112300F00DFBAB68226873B9616A2B687F
:10CE6000103141F8103C6B6843F0005341F8083C26
:10CE700093685B6841F8043C6162616A0C4BC1F8DD
:10CE800000808B60936810319B6841F8043C00235C
:10CE90002776C4E9023363612361D368616263600A
:10CEA0003046BDE8F0816FF04106F9E7C038010077
:10CEB0000C00002090F8203070B504460D46002B81
:10CEC00056D003685A68052A0ED1016B9A6911423F
:10CED0000AD0C26842B9826832B904F0DEFA00288A
:10CEE00008BF6FF0530070BD5A6AD4E904100E18E1
:10CEF000964207D2204604F0D0FA002808BF6FF00F
:10CF00000200F0E71B6904F1F402984768B1E26A95
:10CF1000636AC4321A60184A103343F8082C226836
:10CF20009268526943F8042C6362204604F0A4FA24
:10CF3000207EA36A00F10F0222F00F0203F110011C
:10CF400090421D609860A16207D00021121A42F041
:10CF5000804219619A612033A362002504F1200008
:10CF6000B621656004F1840200F092FA2846BAE71F
:10CF70006FF02000B7E700BF1000002090F82030CD
:10CF800070B504460D46002B77D003685A68052A11
:10CF90000ED1016B9A6911420AD0C26842B9826807
:10CFA00032B904F07AFA002808BF6FF0530070BD60
:10CFB0005A6AD4E904100E18964207D2204604F0AB
:10CFC0006CFA002808BF6FF00200F0E71B6904F15B
:10CFD000F40298472168636A80B3E26A1033C4326E
:10CFE00043F8102C264A43F8082C8A68526943F803
:10CFF000042C63626560204604F03EFAD4E90A30EE
:10D00000217EC43001F10F0222F00F02186091421C
:10D0100003F110009960A06207D00020521A42F07C
:10D02000804218619A612033A36204F12000B62186
:10D0300004F1840200F02CFA0020B8E78A6810336B
:10D04000906900F0C002C02A02BF53F8142C42F0CD
:10D05000200243F8142C217E43F8105C01F10F02EA
:10D0600022F00F0242F00055521A40EA022043F823
:10D07000085C43F8040C6362BDE76FF0200096E79C
:10D08000100000202DE9F0410446174698460D4651
:10D0900019B10A688B681AB953B96FF0210649E0D3
:10D0A00033B94B6823F00802102A01D0202B44D159
:10D0B00000232046C4E90085A36004F0F1FA064687
:10D0C000002837D12146012051F8703BAA68D3F8D7
:10D0D00000C098F8073008339840069B1843930126
:10D0E000DBB29206184302F0E042DCF80030024363
:10D0F00004F10C0000F0BCF9AB687BB923692A6825
:10D10000103343F8102C6A6842F0005243F8082CA0
:10D1100022681268526843F8042C236157B12369CE
:10D12000074A1F609A60226810331268D26843F879
:10D13000042C23613046BDE8F0816FF04106F9E729
:10D140001000002007B50022034B0092FFF79AFF62
:10D1500003B05DF804FB00BF04390100012307B5EB
:10D1600000220093024BFFF78DFF03B05DF804FB34
:10D1700004390100037B70B50446002B3CD10368E1
:10D18000DB7A002B3BD004F08BFA0546002831D126
:10D190002368E26959791B6822EA0102E26104F11D
:10D1A00070011B6804F10C0000F062F9D4E9001270
:10D1B0006AB193685BB9166852682369086842F0DF
:10D1C00000529A6042681E60DA6010332361A269DF
:10D1D0002369A4321A600B4A103343F8082C0A68FA
:10D1E000D26843F8042C23618A79E3691343E3612D
:10D1F0000023A360284670BD6FF02005FAE76FF0AA
:10D200004705F7E7100000202DE9F3411D464FF4D4
:10D210008073284C8046002017460E46019300F08C
:10D2200079FB01AB23601123234A0121C4E90223C6
:10D2300004F11003636040F61103E36104F120037D
:10D2400063612123089AE3621C4B46F000561A6082
:10D25000099A45F0005542F00052C3E9011220221C
:10D26000C4F81080A6612762A5626162DA60BFF32C
:10D270005F8F134A1460BFF35F8FBFF35F8F13613B
:10D28000BFF35F8FBFF35F8F03235363BFF35F8FE2
:10D29000BFF35F8F9363BFF35F8F00F06FF9431CA1
:10D2A0000446FAD0002000F05FFB204602B0BDE843
:10D2B000F08100BF2CC10020040000201CC1002010
:10D2C000000001502DE9F04198464B680446202BA0
:10D2D0000E46174636D10025C161857604F0EBF87D
:10D2E00021461A4B424641F8843B04F120001423A6
:10D2F00000F0BEF83268636A20681A608168144AD8
:10D300009A604A68DA604FF08072C4F80421E26AD9
:10D31000D4321A610F4A9A618A68C3E907270E4A14
:10D32000303343F8082CCA6843F8042C6362069B28
:10D330002376C3682846C4E90135C4E9035565610D
:10D34000BDE8F0816FF04100FAE700BF4439010009
:10D3500020000020040000200C0000202DE9F041F6
:10D360001F464B680546202B0E46904628D141604B
:10D3700004F096F92946144B069A41F8703B42F0A6
:10D380000102142305F10C0000F072F833682C69D7
:10D39000002023600D4BA3602B681B685A68DB6874
:10D3A000C4E90328C4E9073742F61443084AA261D6
:10D3B000084AC4E90A2330342C61A860BDE8F08132
:10D3C0006FF04100FAE700BF24390100200000207F
:10D3D000040000200C00002070B504460D4619B171
:10D3E0000A688B681AB953B96FF0210639E033B96E
:10D3F0004B6823F00802102A01D0202B33D120469D
:10D40000256104F070FB064658BB184B04F1780107
:10D41000236001236360AB6804F114009A069B014A
:10D42000DBB202F0E0421A4342F48032112300F0F2
:10D430001FF8AB688BB92A68A3691A606A68103351
:10D4400042F0005243F8082C22689269926843F82F
:10D45000042CA36163680133636000221023C4E9D4
:10D460000223304670BD6FF04106FAE788390100AB
:10D47000026100F11402826000F11002C2600A60D1
:10D48000024AC1E9022310314160704704000020C4
:10D490004368A3F11001914240D8012243F80C2CBB
:10D4A00053F8042C42F0200243F8042C53F8082CC3
:10D4B00042F0005243F8082C836800F11402A3F1F3
:10D4C000100191422ED8012243F80C2C53F8042C61
:10D4D00042F0200243F8042C53F8082C42F000528A
:10D4E00043F8082CC36803F15402BFF35F8F0F4B5E
:10D4F0001A60BFF35F8FC2680432BFF35F8F1A6197
:10D50000BFF35F8FBFF35F8F03225A63BFF35F8F59
:10D51000BFF35F8F9A63BFF35F8F7047103242F89B
:10D520000C2CB8E7103242F80C2CCAE7000001506E
:10D5300038B5BFF35F8F104CE569BFF35F8FBFF362
:10D540005F8F10236363BFF35F8F012001F09AFCAC
:10D55000BFF35F8F00236363BFF35F8FBFF35F8F02
:10D56000E36BBFF35F8F5B06F8D425B1BFF35F8F2A
:10D57000E561BFF35F8F38BD0000015008B500F0D2
:10D5800059FA104A20B9BFF35F8F906ABFF35F8FDB
:10D59000BFF35F8FD36BBFF35F8F10F0240F03F0E7
:10D5A000230304D0FFF7C4FF6FF01F0008BD4FF046
:10D5B000FF30002BFAD1BFF35F8F1063BFF35F8F93
:10D5C0001846F3E700000150C26870B572B9C3692C
:10D5D00000F128041C603B4C103343F8084C4468AD
:10D5E000E46844F4806443F8044CC361836A9B0597
:10D5F0002CD4044654F8EC3BDD68302D34BF0826AB
:10D6000010261D6901366B1E1340EB1AB34238BF5A
:10D610005B191C44D50004F8015C03F1EB045209CA
:10D62000044400F1ED05A54248D18022446A80F807
:10D63000EC20C269C434146044689360E46810321A
:10D6400042F8044CC26102691A4402610269056829
:10D65000D31C23F003039B1AC26952F8044C44EA1A
:10D66000032442F8044C52F8084C2344EC6843F07D
:10D67000005342F8083C036AE21C22F003021960DE
:10D68000944203F110019C60016207D00021121B3B
:10D6900042F0804219619A6120330362836A13F475
:10D6A00080610AD16B699C4207D0026A1B1B43F060
:10D6B0008043116093601032026270BD04F8012D46
:10D6C000120AB0E704000020B1F5AA7F70B5054644
:10D6D0001BD303681C6814F0400419D100F118062C
:10D6E000304600F017F929460B4B51F87C2B304699
:10D6F0006B6012681323FFF7BBFE084B20466B617B
:10D700000123C5E90344AB6070BD6FF02200FBE765
:10D710006FF00200F8E700BFD4390100C9D500005E
:10D72000BFF35F8F094A1368BFF35F8F43F48071C3
:10D73000BFF35F8F1160BFF35F8F23F48073BFF37C
:10D740005F8F1360BFF35F8F704700BF0010015001
:10D75000BFF35F8F1522064B5A62BFF35F8FBFF393
:10D760005F8F40F237129A62BFF35F8F704700BF3E
:10D770000010015008B5FFF7D3FFBFF35F8F064AD3
:10D780001368BFF35F8F43F00103BFF35F8F136034
:10D79000BFF35F8F08BD00BF0010015070B50026B9
:10D7A000C0E9006605460C46FCF79EFE01232B707F
:10D7B000FFF7B6FFBFF35F8F204BDB68BFF35F8FD0
:10D7C0009B08013BACB3226842B19A4205D9FCF7F1
:10D7D000AFFE6FF03F002E7070BD1346D4E9011507
:10D7E000E068002908BF4FF40071002808BFF1204D
:10D7F0002469BFF35F8F114A9360BFF35F8FBFF35C
:10D800005F8F1564BFF35F8FBFF35F8F5064BFF30B
:10D810005F8FBFF35F8F5163BFF35F8F44F480244A
:10D8200044F00104BFF35F8F1460BFF35F8F0020EB
:10D83000D2E74FF40071F1202546DAE700100150DD
:10D84000037870B50D461446002B53D0BFF35F8F9D
:10D850002D4A136BBFF35F8F5908C3F34203052BA7
:10D860004BD011F0060F02D14FF0FF3070BD43686E
:10D87000D3B9BFF35F8F5368BFF35F8F032BF3D927
:10D88000224B2349BFF35F8FD2F88060BFF35F8FD5
:10D89000BFF35F8F43F8046BBFF35F8F8B42F1D10F
:10D8A000FFF768FF01234360BFF35F8F164B9A6851
:10D8B000BFF35F8F0132B4EB021F21D8BFF35F8F3C
:10D8C0005A68BFF35F8FB4EB820FCDD884B1BFF33A
:10D8D0005F8FD3F88020BFF35F8F291D05F8012BE0
:10D8E0008D424FEA122204F1FF34EFD0002CF5D123
:10D8F0000020BBE76FF02000B8E76FF05100B5E7FC
:10D900006FF03F00B2E700BF00100150101001504F
:10D910002010015010B50446FCF7E6FD104B1878B6
:10D9200005F007FF0CB101232370BFF35F8F0022C6
:10D930000C4BDA61BFF35F8FBFF35F8F4FF0FF32A5
:10D940001A63BFF35F8FBFF35F8F3422DA61BFF3D7
:10D950005F8F012203F59223C3F8042310BD00BF9B
:10D9600077C200200000015010B5044638B9FCF71A
:10D97000DFFDBDE81040074B187805F0DCBE0378EA
:10D980003BB1FCF7D5FD034B187805F0D4FE00231E
:10D99000237010BD77C2002008B5054B186805F04C
:10D9A000CCFE044B1868BDE8084005F0C6BE00BFB9
:10D9B000D4AF0020D0AF002038B5184CD4F80051B7
:10D9C000BDB1BFF35F8F164B996ABFF35F8FBFF393
:10D9D0005F8F4FF0FF321A63BFF35F8F0023C4F8ED
:10D9E0000031D4F800310F4B1868BDE8384005F01D
:10D9F000B4BED4F8083153B100F066F804F05BF916
:10DA0000C4F80851D4F808310121074BECE7502243
:10DA10000649074801F032FCF9F796FE00900550E0
:10DA200000000150D4AF0020D0AF00205D3F0100C6
:10DA3000683D010038B5074B4FF0FF311D6828469F
:10DA400005F07EFE04464FF0FF31284605F080FECB
:10DA5000204638BDD4AF002010B5064CE36C3BB96E
:10DA6000214651F84C3B986904F07BFA0123E364AA
:10DA7000014810BD64C10020B0C1002010B50446AB
:10DA80000E4B187805F055FE0D4B1A682361226085
:10DA90005A6862609A68A2600A4A12689A6600230D
:10DAA000A364FCF721FD204604F0E7F80028FAD132
:10DAB000204604F0E7F80028F5D110BD78C2002018
:10DAC00064C10020F43901000048704764C100209F
:10DAD0000048704764C1002000487047B0C1002072
:10DAE00010B50446054A036912689A6600F04AF8C0
:10DAF0002046BDE8104004F0FBB800BF0C3A01001E
:10DB000010B50446FFF7ECFF0422084BC3F80823C6
:10DB1000FCF70EFD064A236912689A6600236364C7
:10DB2000044BBDE81040187805F005BE0090055084
:10DB3000F439010078C2002010B5104B104C23605E
:10DB400003F5C04363602461FFF786FF98B1236D3E
:10DB50002046B3F5007FCCBF4FF480634FF40073D1
:10DB6000A360FFF78BFF2046FFF7BAFF2046FFF7C1
:10DB7000C7FF002010BD0E20FCE700BF00200150B1
:10DB800064C1002010B5044604F020F9BFF35F8F94
:10DB9000204604F01AFA032280B141F21C0120460B
:10DBA00004F0BBF8204604F0C1F8074B1B68834221
:10DBB00003D00422054BC3F8042310BD2046BDE862
:10DBC0001040082104F0A9B8243A01000090055043
:10DBD000244B0340B3F5806F2FD017DC402B2ED0A1
:10DBE00008DC102B2DD0202B2DD0181E18BF0120A3
:10DBF00040007047B3F5807F27D0B3F5007F26D073
:10DC0000802B08BF0B2018BF02207047B3F5804F50
:10DC10001FD00ADCB3F5805F1DD0B3F5005F1CD0C8
:10DC2000B3F5006F08BF0620EDE7B3F5004F16D03F
:10DC3000B3F5803F08BF0320E5E7112070470A20B5
:10DC400070470C2070470920704708207047072054
:10DC500070471420704705207047042070470F203C
:10DC6000704700BFF0FF010010B50C4641F22C01D7
:10DC700004F056F8C0F3812003280EBF0023024BA6
:10DC80001B56236110BD00BF8E40010070B50F4EC2
:10DC90000F4C0546307805F04CFD206830B98022E5
:10DCA0000C49FCF7CBFE70B9202323602368094A96
:10DCB000013B2360002452F823202A60307805F0CD
:10DCC0003AFD204670BD0224F8E700BF79C200206B
:10DCD000D0C10020D4C1002012281BD0A0F1120313
:10DCE000302B2DD826280DD81738C3B20B2B27D8A8
:10DCF0001648184100F00100C0F1FF2000F57F0038
:10DD00007A3070472738C3B21148D84000F001007C
:10DD100087387047B1F5807F0ED006D8E0290CBF58
:10DD20006FF085006FF086007047B1F5C07F0AD0B4
:10DD300040F209239942F2E7064B00201360704736
:10DD40006FF0860070476FF085007047EEF7FFFFB9
:10DD50001102000CE4390100A0F11203DBB21E2B0A
:10DD60009DBF0348D84000F001000020704700BF6D
:10DD70002102214270B50446A4B0466811A80D46A0
:10DD8000FFF77CFE174B11A8196803F0CCFF214662
:10DD90006B46002211A804F082F8044680B911A84D
:10DDA00004F025F8DDE900120346284605F0C7F81F
:10DDB00011A8FFF7E7FE11A803F09AFF044648B147
:10DDC00011A8FFF79DFE204602F0DAFE0446204629
:10DDD00024B070BD11A8FFF793FE3146684602F0EB
:10DDE000DFFFF4E7B83B010070B5D51D1C78ED08E6
:10DDF0000646042C084611464FEA450286B002F159
:10DE000001021DD10A9C94421AD1104C104A344090
:10DE100044F0106494424FF0000414D15A1CCDE930
:10DE200002526A1C134401AACDE904530194FFF77E
:10DE300053FF18B9019802A9FFF79CFF06B070BD07
:10DE40006FF08600FAE72046F8E700BF0000FFF613
:10DE50000000020903882DE9F04103F44F44B4F5B2
:10DE6000824F08BF1C4603F4E04C1E4B18BF002431
:10DE700000259846C768E4B21E78A6421ED1D3E9B1
:10DE80000260BCF5804F08BF06461068D3F804E076
:10DE900018B98E4208BFC2F800E0106870450DD175
:10DEA0008E4203D06FF08600BDE8F081142303FB9F
:10DEB00005831B7C43B96FF08500F5E70135132D11
:10DEC00003F11403D8D1EDE7422C09D1064B9F4250
:10DED00006D003F20B139F4202D00A339F42E1D1D6
:10DEE0000020E1E73C3A0100000800062DE9F74375
:10DEF00005881F4605F44F43B3F5824F0E46804612
:10DF0000914641881BD1EDB2422D2FD8402D13D818
:10DF1000A5F11203DBB21E2B28D8224A42FA03F3E2
:10DF2000DA0723D4CC1DE408640001340A9BA34221
:10DF300007D26FF0890016E0CC1DE408F6E7002454
:10DF40002546284601AAFFF7C7FE60B9D8F8042085
:10DF5000154BB3EB122F0BD1B9F1020F0CBF6FF0C1
:10DF600085006FF0860003B0BDE8F0830024E8E789
:10DF7000123DEDB21E2D12D80C4BEB40DB070ED537
:10DF800039460423019A01F8013B304600F062FA59
:10DF900002F0F6FD0028E6D10B9B1C60E3E76FF072
:10DFA0008500E0E7DEFFFFBF004E8000210000405B
:10DFB000F0B5042200258469017D134B187E38B129
:10DFC000012810D0013A03F12003F7D1104619E0DF
:10DFD0001868A042F6D1D3E90260A84208BF8E4279
:10DFE000F0D101200EE01E68A642EBD1D3E9027603
:10DFF000B94275EB0606E5D3D3E904768F4276F194
:10E000000006DFD3F0BD00BFA837010000220D4B92
:10E01000F0B5D0E90540194615461E6886420AD17A
:10E02000D3E90276AE4208BFA74204D1182303FB0E
:10E0300002110869F0BD0132052A03F11803ECD181
:10E040000020F7E728380100F7B51F46284B0546A2
:10E05000002908BF98420E46144639D003F5FF4305
:10E060007D33C31861F10002022B72F1000238D235
:10E070004FF410524FF00823E3601E4B2280636080
:10E080004FF4807320466380FFF7C0FFC20448BF8F
:10E0900040F48060830448BF40F40060A06001A9A0
:10E0A0002046FCF70DFC88B9019B089A93421BD8C7
:10E0B000099A1360104AA369864208BF95420BD0A3
:10E0C0000132864208BF954209D07B7003B0F0BD93
:10E0D00047F21212094BCFE701223A70F5E702220C
:10E0E000FBE76FF08600F1E76FF08900EEE700BF15
:10E0F00001C0FF7F03004E8002C0FF7F09060006BB
:10E1000070B51446C4B01D460FABCDE90121CDE971
:10E110000432039220AB10220646002107A8069382
:10E1200001F022F8489A630001339A426CD12B78AF
:10E13000042B69D14A9B9C4269D86B1CCDE90743EB
:10E14000631C1D44304607A9CDE90945FFF712FEBF
:10E150000446002855D131A8FFF790FC2D4B31A87B
:10E16000196803F0E0FD0A25002231460BAB31A807
:10E1700003F095FE0446002834D131A803F037FEA1
:10E18000044602460B9901A804F0B0FEDDE90C122A
:10E19000234607A804F0D3FE31A8FFF7F3FC31A80B
:10E1A00003F0A6FD0446E8B9013DDDD131A803F036
:10E1B0005BFE054631A803F01AFE03AB0246D5E923
:10E1C000000104F0ACFE049B039A0C93059B499953
:10E1D0000D93069B0BA80B920E9304F087FE4B9BAE
:10E1E0000B9A1A60DDE9031002F0DAFDDDE9051093
:10E1F00002F0D6FD204602F0C3FC044631A8FFF72A
:10E200007FFC204644B070BD6FF08604F9E76FF0E4
:10E210008904F6E7D03B0100F0B58BB01646054601
:10E220001C220F4603A8002100F09EFF4FF6F87253
:10E230004FF4A053B2EBC60F4FF6FF7205934FEAAF
:10E24000C60338BF13462C68ADF80E30B4F1082F62
:10E2500019D1D5E9B9230993D5F8E032049313F025
:10E26000FF0308BF1A4608924FF410530A4CADF84A
:10E270000C303A463346009403A905F1540002F0ED
:10E28000F1FF0BB0F0BD054B9C42EDD0E4B24FF472
:10E29000885344F06074EAE70002C003000280087B
:10E2A0002DE9F84F0446DDE90AA50F4600F5F070A8
:10E2B0004FF4A0719B46914602F072FD85F0AA636F
:10E2C00083F4807333F47E1306D085F0AA6383F45D
:10E2D000007333F47E1344D1C5F30548A8F104025A
:10E2E0000C2A3ED841F61173D340DB0739D504F12F
:10E2F000200652465946304600F011FF314652463C
:10E300004846231DFCF7C2F90646F8B9402104F13E
:10E31000590002F045FD144A25F47E13934284F817
:10E32000996016D002F58072934214D0B3F1052F94
:10E3300013D00E4A934212D00D490E4A8B4218BF99
:10E340000022226084F8587084F89A803046BDE834
:10E35000F88F094AF5E7094AF3E7094AF1E7094A5C
:10E36000EFE76FF08606F1E70001400500060005C3
:10E3700000070005000710050001500500025005C8
:10E3800000051005000610052DE9F84F0446DDE9EB
:10E390000AA7884600F54870882191469B4602F0FE
:10E3A000FFFCBAF1200F43D8234D87EA050333F46D
:10E3B0007E133DD1C7F30543102B39D104F120065C
:10E3C00052465946304600F0AAFE3146524648466B
:10E3D000231DFCF75BF9064608BB402104F15900F8
:10E3E00002F0DEFC154B27F47E129A4284F8996005
:10E3F00018D003F580739A4216D0B2F1052F08D0D9
:10E400000F4B9A4212D00F4905F500758A4218BF8A
:10E4100035461023256084F8588084F89A303046B9
:10E42000BDE8F88F084DF4E7084DF2E7084DF0E736
:10E430006FF08606F3E700BF0005100500014005F8
:10E440000006000500070005000150050002500508
:10E45000000610052DE9F04796B0814603A80E4648
:10E4600015465768FFF70AFB254B03A8D3F800A011
:10E470004FF00008514603F056FC6B460022294637
:10E4800003A803F00CFD044618B103A8FFF738FBFE
:10E4900021E03A464946009804F0B2FDDDE9012347
:10E4A000294603A803F0CEFC03A8FFF76BFB03A8E3
:10E4B00003F01EFC0628044611D108F10108B8F14A
:10E4C0000A0F04D0514603A803F02DFCD5E703A89A
:10E4D000FFF716FB6A24204616B0BDE8F087002837
:10E4E000D3D103A803F0C0FC05463A460168304684
:10E4F00004F0B4FD3A466968F01904F0AFFDC4E7D2
:10E50000D03B01002DE9F04F0446CB7B904603F051
:10E510000F020E46110100EB0212D2E902506158BF
:10E520002F0947EA0077000940EA017089B0CDE978
:10E5300006700027DFF880B1526805F00F053BF840
:10E540001500090941EA0271120982EA0042CDE987
:10E55000041203F0F003E51804AB03EB070A0422EE
:10E56000514602A800F0DBFDE919042202A8DDF8FB
:10E57000089000F0D4FD029B042289EA0303504670
:10E5800002A90437029300F0CAFD102FE4D106F16E
:10E590000F09DDE90601070947EA01770909DDE905
:10E5A000042341EA0271CDE90671002700F00F0053
:10E5B0003BF81010120942EA03721B0919F8015DB9
:10E5C00083EA0143CDE904234FEA151A05F00F054C
:10E5D00004EB051504ABFB181946042202A80193AD
:10E5E00000F09DFD029BE919042202A8009300F0AF
:10E5F00096FD029A009B02A95A40019B029218467E
:10E600000422043700F08BFD102FE3D1DDE9060171
:10E61000DDE90423050945EA0175090941EA0271AA
:10E62000CDE906510025244900F00F0031F8101003
:10E63000120942EA03721B0983EA0143CDE904236C
:10E6400004EB0A1A04AB2B441946042202A80093D7
:10E6500000F065FD0AEB0501042202A8029F00F00C
:10E660005EFD029A009B57401846042202A9043519
:10E67000029700F054FD102DE4D14E4589D1049B42
:10E68000059A1BBA12BACDE90223082240460DEBC7
:10E69000020100F044FD069B079A1BBA12BACDE9AD
:10E6A000022308220DEB020108EB020000F037FD07
:10E6B00009B0BDE8F08F00BF383C0100042273B5FB
:10E6C00004460DEB02000D4600F029FD0422019BDB
:10E6D000A91823F0704323600DEB020000F01FFD2A
:10E6E0000422214E019B05F10801334063600DEBCC
:10E6F000020000F014FD0422019B05F10C013340DF
:10E70000A3600DEB020000F00AFD0422019B05F15D
:10E7100010013340E3600DEB020000F000FD042225
:10E72000019B05F1140123610DEB020000F0F7FCE1
:10E730000422019B05F1180163610DEB020000F05A
:10E74000EEFC0422019B05F11C01A3610DEB02000C
:10E7500000F0E5FC0020019BC4E90800C4E90A00C0
:10E76000E361206302B070BDFCFFFF0F2DE9F04FA5
:10E770000125214B8DB0D3F80090D9F80830D9F895
:10E7800000409D40013D3CB1A04728B121461B48B7
:10E7900000F074FDF9F7D2FD4FF0010A4FF000418F
:10E7A0002846F9F79FFD0026044609F10C07002CC6
:10E7B000F4D0D9F80830B34202D8F9F7BFFDEDE73D
:10E7C0000AFA06F814EA080F12D03B680BB9F9F7F9
:10E7D000B5FD69464046F9F78DFD3B686846DDF8B2
:10E7E00004B0984701465846F9F7A0FD24EA08040A
:10E7F00001360437DBE700BF600C002091400100C8
:10E8000010B5024CA446F8F7A1FF10BDD37D00005F
:10E8100010B5024CA446F8F799FF10BDD97D000051
:10E8200010B5024CA446F8F791FF10BD7F7D0000A3
:10E8300010B5024CA446F8F789FF10BDC57300005F
:10E8400010B5024CA446F8F781FF10BD017400001A
:10E8500010B5024CA446F8F779FF10BD5D760000B4
:10E8600010B5024CA446F8F771FF10BD057E0000FC
:10E8700010B5024CA446F8F769FF10BDD176000030
:10E8800010B5024CA446F8F761FF10BD5F7C000094
:10E8900010B5024CA446F8F759FF10BD037D0000E7
:10E8A00010B5024CA446F8F751FF10BD1F7C0000C4
:10E8B00010B594B004463C22002105A800F054FC99
:10E8C0004FF40173ADF8383004AB002102934023BC
:10E8D000CDE90011039302AA01230348049404F034
:10E8E000FAFE14B010BD00BF000100402DE9F04356
:10E8F0009BB08046DDE922690F461446002138228C
:10E900000CA81D4600F030FC4FF4C063CDE90A8727
:10E91000ADF850303EB9B9F1000F04D06FF0860069
:10E920001BB0BDE8F083249B102D0693259BCDF8EA
:10E930002490CDE90736269B0293279B0393EDD8BD
:10E9400034B122460DF13B0361198A4215D113956A
:10E950000AAB0493402305930123002E019302ABDD
:10E96000009304AA0CBF022303230021054804F0EE
:10E97000B2FE289B039A1A60D2E712F8010B03F843
:10E98000010FE2E7000100402DE9F0439BB0804613
:10E99000DDE922690F461446002138220CA81D46E5
:10E9A00000F0E2FB40F20163CDE90A87ADF8503098
:10E9B0003EB9B9F1000F04D06FF086001BB0BDE87E
:10E9C000F083249B102D0693259BCDF82490CDE950
:10E9D0000736269B0293279B0393EDD834B122463A
:10E9E0000DF13B0361198A4215D113950AAB0493CB
:10E9F000402305930123002E019302AB009304AA48
:10EA00000CBF022303230021054804F064FE289B69
:10EA1000039A1A60D2E712F8010B03F8010FE2E73C
:10EA20000001004070B5054694B00C461646002122
:10EA30003C2205A800F098FB2B680021069340F6C5
:10EA40000513ADF8383004AB02934023CDE9001133
:10EA5000039302AA012304480496ADF83A4004F057
:10EA60003AFE14B070BD00BF0001004030B5402533
:10EA700097B0044606AB2A460021184600F074FB06
:10EA8000042322680593089240F60A120123ADF888
:10EA9000402004AACDE9020500920021019302AAB8
:10EAA0000248049404F017FE17B030BD0001004086
:10EAB00070B5402696B0044606AB0D46324600219E
:10EAC000184600F051FB042322680593089240F693
:10EAD00001120123ADF8402004AACDE902060092FC
:10EAE0000021019302AA03480795049404F0F3FD62
:10EAF00016B070BD000100402DE9F0414FF0400814
:10EB0000074696B01C4606AB0E4615460021424607
:10EB1000184600F029FB3A680021089240F60412DA
:10EB2000CDE90208ADF840200223CDE9001102AA88
:10EB30000448CDE90454ADF8426004F0CCFD16B0B1
:10EB4000BDE8F08100010040F0B5402799B008AB66
:10EB500005460E46144600213A46184600F004FBCE
:10EB60001C23079304233268039301230A9240F67F
:10EB70000912019302ABCDE90407ADF848200093D8
:10EB80000021022304AA03480695029404F0A3FD81
:10EB900019B0F0BD0001004000B58BB0CDE9020115
:10EBA00002A904910821CDE905130CAB08930423B5
:10EBB000099300230792CDE9003340F2E9310323A2
:10EBC00004AA034804F087FD0BB05DF804FB00BF06
:10EBD0000201004010B58CB0CDE9020102A90891F4
:10EBE0000821099105A90A9104210F9C0B910E9906
:10EBF0000592CDE9061374B10123019306AB00938E
:10EC000040F2EA310223054808AA04F064FD079B9C
:10EC100023600CB010BD6FF08600FAE702010040DF
:10EC200010B58CB0CDE902010021CDE909110B919D
:10EC300002A90591082109ABCDE906130C2314465E
:10EC400008938AB1012307AA0193009240F2EB31A5
:10EC5000074805AA04F03FFD099B23600A9B6360F7
:10EC60000B9BA3600CB010BD6FF08600FAE700BFED
:10EC7000020100407FB502AB0493082305930023F3
:10EC8000CDE90201CDE900334FF47B71012304AAE1
:10EC9000024804F020FD07B05DF804FB02010040CB
:10ECA0007FB503AB04930423059300230390CDE9C0
:10ECB000003340F2F331012304AA044804F00BFDB1
:10ECC0000028B8BF012007B05DF804FB0501004033
:10ECD00000B589B003AB04930423CDE905320123C9
:10ECE00006AA03900791009240F2F231019304AA20
:10ECF000044804F0F0FC0028B8BF012009B05DF81A
:10ED000004FB00BF05010040F0B50446ADF26C4DB8
:10ED10000D46164600211C2203A81F4600F024FAC7
:10ED2000022C05D0042C1CD022480DF26C4DF0BDF5
:10ED3000214B08934FF41053ADF80C301F4B4FF498
:10ED4000886200210AA8049300F00EFA4FF008210F
:10ED50000AA8FCF745FE034628B18C33E4D01848D6
:10ED6000E3E7184BE5E7009040F2011103AA0AA877
:10ED7000FCF784FE0028F2D13A4640F20121DDF88A
:10ED800080340AA8FCF74EFE0028E8D133462A4614
:10ED900040F206210AA8FCF745FE0028DFD1DDF885
:10EDA0008824DDF884140AA8FCF7E0FE0028BCD013
:10EDB000D5E700BFFF9AFEFF02C0FF7FFF004E8035
:10EDC000FC9AFEFF03C0FF7F7FB50023074A06A918
:10EDD000CDE9042302AB01AA11E90300FCF7D0FC42
:10EDE000B0FA80F0400907B05DF804FBB710FF7F70
:10EDF00010B58EB00C46122200210DF11E0000F05D
:10EE0000B3F90023124A2146CDE90C2341F2010354
:10EE1000ADF81C3003F1004303F59C0303F56C537C
:10EE2000089305AB029306AB0193022330220093B3
:10EE300007A804ABFBF780FF38B9059A054BB2F57C
:10EE4000C07F18BF18460EB010BD0348FBE700BFD7
:10EE5000B710FF7FFB9AFEFFFE9AFEFF00B58DB054
:10EE6000302269460020FBF7E9FD30B96946FF20F2
:10EE7000FFF7BEFF0DB05DF804FB0148FAE700BFE5
:10EE8000FD9AFEFF48B1054B054A1B68B3FBF2F340
:10EE90005843044B43F001031847704700AF00206C
:10EEA00040420F00A0370100431810B501D21F2ABD
:10EEB00001D9002010BD013902F014030144102BC8
:10EEC00080EA01043CD009DC8BB1042BF1D11F2C6A
:10EED00040E840F315D941E840F10EE0142BE8D1A9
:10EEE0001F2C40E8C0F30CD941E8C0F105E01F2C0D
:10EEF00040E800F305D941E800F11C460B468C427E
:10EF0000D7D122F01402013A0A2AD2D801A151F82D
:10EF100022F000BF63EF00005DEF00004FEF000044
:10EF2000B3EE0000B3EE0000B3EE0000B3EE00005D
:10EF300069EF000063EF000057EF00004FEF0000A3
:10EF40001F2C40E880F3DCD941E880F1D5E713F4C9
:10EF5000001FAFD1ADE713F4801FFAE75B02A9D51C
:10EF6000A7E713F4002FF4E713F4802FF1E700BFB5
:10EF700070B50E4D00260E4C641BA410A6420BD19A
:10EF80000C4B0BB1AFF300800B4D00260B4C641BF8
:10EF9000A410A64205D170BD55F8043B0136984730
:10EFA000ECE755F8043B01369847F2E7C03D000016
:10EFB000C03D000000000000C03D0000C03D00005A
:10EFC00008B5054B044613B10021AFF3008000F0F3
:10EFD00005F8204600F06CF80000000038B5074D39
:10EFE000074C641BA41024B9064B0BB1AFF300808F
:10EFF00038BD013C55F824309847F4E7C03D000087
:10F00000C03D000000000000002383F3008870472B
:10F01000F8F79ABBEFF30880EFF309812DE9F00FC1
:10F020006B467246F5F740F808B0FFF7F1FFFEE7D0
:10F03000F8F78ABBEFF30880EFF309812DE9F00FB1
:10F040006B467246F5F730F808B0FFF7F1FFFEE7C0
:10F05000F8F77ABBEFF30880EFF309812DE9F00FA1
:10F060006B467246F5F720F808B0FFF7F1FFFEE7B0
:10F07000F8F76ABBEFF30880EFF309812DE9F00F91
:10F080006B467246F5F710F808B0FFF7F1FFFEE7A0
:10F09000F8F75ABBEFF30880EFF309812DE9F00F81
:10F0A0006B467246F5F700F808B0FFF7F1FFFEE790
:10F0B000FEE7814270B40546144602D370BC00F0EE
:10F0C0002EB8821821443CB141EA020313F0030335
:10F0D0000FD1E018032812D86FF00300A3084343B0
:10F0E000002019441A442344984210D1284670BC89
:10F0F000704711F8013D013C02F8013DE3E7581863
:10F1000050F8046C981840F8046C043BE1E70C1AC2
:10F1100014F8016C141A04F8016C0130E4E770B5BE
:10F1200004463AB141EA040313F003030CD1D518A5
:10F13000032D0FD822F003031C441944002302F0CE
:10F14000030293420CD170BD11F8013B013A04F85F
:10F15000013BE6E7CD1A2E68E51A2E60043BE6E790
:10F160005D5CE5540133ECE7F0B5044662B922F08A
:10F170000303234402F003021A44934214D1F0BD66
:10F1800004F8011B013AF1E7A307F9D115460B0476
:10F1900043EA01630B4343EA01231619032DE6D921
:10F1A000771B3B60043DF9E703F8011BE5E70368C3
:10F1B0005A1C1F2A03440260197105D9002320211B
:10F1C00040F8043B00F069B870472DE9FF41002486
:10F1D000642A07460D46CDE90144039406D1A142B5
:10F1E00004DA2D21FFF7E3FF01246D4201AB002675
:10F1F00098460A20B5FBF0F100FB1152303203F8BB
:10F20000012B2A46092A0D4606F10106F2D8354699
:10F21000013D384618F80510FFF7C9FF002DF7D15A
:10F22000A01904B0BDE8F081F0B5002485B001ABB1
:10F2300006461F46CDE90144039401F00F00105C1F
:10F24000090904F1010403F8010BF6D12546013D3B
:10F250003046795DFFF7ABFF002DF8D1204605B0B1
:10F26000F0BD70B506460D460024295D09B920465B
:10F2700070BD3046FFF79BFF0134F6E70FB407B5CA
:10F2800004A951F8040B0191F9F760F803B05DF897
:10F2900004EB04B0704702DF7047FFF7FCBF0020AB
:10F2A0007047704710B5044608B1F9F713F92046C6
:10F2B000BDE81040F9F7F8B80346C068E0B15888D7
:10F2C000D0B11B8803F44F42B2F5824F09D1DBB2B3
:10F2D000272B2AD008D8172B0FD0222B34D0122B53
:10F2E00016D06FF085007047302B2FD0413B012B9B
:10F2F000F7D8FF2839D100207047C028FBD0E1287B
:10F30000F9D0B0F5807F0CBF00206FF08600704709
:10F3100020F02003C02BEED020F08003B3F5807FD7
:10F32000E9D040F209239842EDE7E928E3D0EF283D
:10F33000E1D040F21B139842DDD040F2991398427D
:10F34000D9D040F23B23EEE7E928F1E720F0200393
:10F35000C02BD0D020F04003B3F5807FCBD0B0F5E8
:10F36000C07FC8D0B0F5007FCDE7B0F5E07FCAE739
:10F370000368024673B1037DD9070BD513F0020071
:10F380000DD0D3684BB91369002B0CBF00206FF070
:10F39000860070476FF0880070476FF086007047F6
:10F3A0003AB1002918BF00232121D21A1844FFF7CF
:10F3B000DBBE70472DE9F047994600238AB006ACC2
:10F3C00084E80300DDE913868DF82330169B009254
:10F3D000002B94E8030015460CBF4FF400634FF474
:10F3E000806309AA159FF9F7DDFC0446E8B9DDF84A
:10F3F00024A02846BAF800100DF12302F9F77CFD8D
:10F40000044690B99DF82330B3421ED8CDE90337A6
:10F41000129BCDF80880CDE900935046DAE9091235
:10F420002B46FAF7C3FF044600B13E603246214640
:10F4300040463B68FFF7B4FF099801F029F9002C1A
:10F4400018BF20460AB0BDE8F0876FF08904ECE7EA
:10F450002DE9FF4100234768D0F8148004460E468A
:10F4600038461146136001F015F9054688B938464B
:10F4700001F012F9054660B9FFB277B9B8F1000F93
:10F4800005D1A06820F0031020F47F4080B16FF018
:10F490008605284604B0BDE8F08102ABD4E9050139
:10F4A000012283E8030001F0C8F80028E9D1EEE763
:10F4B0004FF6F87362889A4217D8277907B901A8DE
:10F4C0003146FAF73DFB05460028E2D10FCCD6F8CD
:10F4D00000C066460FC694E8070086E80700002FC4
:10F4E000D7D1019BCCF81430D3E76FF08505D0E776
:10F4F00041F2062398421AD8B0F5905F09D241F242
:10F50000010398420CD0B0F5885F09D06FF08500F8
:10F5100070476923A0F5905080B2C340DB07F5D552
:10F5200011F0070F0CBF00206FF086007047B0F598
:10F53000105FEBD121F04003802B06D0B1F5807F26
:10F540000CBF00206FF0860070470020704770B538
:10F55000446A05460E463CB90120F8F79FFF6862F1
:10F5600028B12046AE6270BD6FF08A00FBE76FF0F5
:10F570008C00F8E7F8B50F46114606461546FFF72A
:10F58000E6FF044620B92A463946706AFFF7C7FDF0
:10F590002046F8BDF8B500880F461E461546BAB19C
:10F5A00000F4E043B3F5805F02D0B3F5005F0FD104
:10F5B000089BE9001960FFF79BFF044630B92A4613
:10F5C00039463046FFF7ABFD079B1D602046F8BD6E
:10F5D0006FF08504FAE710B50446406A10B1A16ADD
:10F5E000FFF760FE0020C4E9090010BD38B50546EC
:10F5F000FFF7F1FF2B7F0446012B0ED0023B012BBE
:10F600000ED82B6A012B18BF6FF096042C22002114
:10F610002846FFF7A9FD204638BD2B6A002BF2E7EC
:10F620006FF09604F2E708B1FFF7E0BF704770B5DE
:10F6300086B002AD85E803001046144600F0ECFFEA
:10F640000023009305AA95E80300F9F7ABFB50B936
:10F65000059E35460FCD0FC495E8070084E80700E6
:10F66000304601F015F806B070BD70B5049E144622
:10F67000B2421D460BD81846FFF751FD0021321B40
:10F680002819FFF771FD0020059B1C6070BD6FF00D
:10F690008900FBE7F0B587B002AD16461C4685E849
:10F6A00003000C9FD3B100233B60009305AA012304
:10F6B00095E80300F9F776FB70B9CDE900470598A6
:10F6C0003346D0E90912FAF7D7FC0446059800F052
:10F6D000DFFF002C18BF204607B0F0BD6FF0890097
:10F6E000FAE7F0B587B002AC16461D4684E8030081
:10F6F0000C9F1BB300233B60009394E8030005AA12
:10F70000F9F750FB044638B9059803885B0406D422
:10F7100000F0BEFF6FF08604204607B0F0BDCDE9D3
:10F7200000573346D0E90912FAF7C0FC04460598A1
:10F7300000F0AEFF002C08BF0446EDE76FF089042F
:10F74000EAE72DE9F047164600271D4690B00DF177
:10F75000080C09AC8CE8030090460FCE0FC496E865
:10F760000700C5E9007784E80700009702239CE8BA
:10F77000030005AACDE90577CDE90777F9F712FB74
:10F78000044640B9B8F80030059C73B122889A420B
:10F790000BD06FF086040698FFF745FF059800F040
:10F7A00077FF204610B0BDE8F087B8F802206388E4
:10F7B0000AB19342EDD12788DDF83090D4F80C805F
:10F7C000494642463846ADF82630ADF82470F8F781
:10F7D000ADFE0646DDF834A0384651462269F8F7FA
:10F7E000A5FE2EB9B9F1000F02D0B8F1000FD0D1AB
:10F7F00020B9BAF1000F01D0002ACAD1A2680B9B30
:10F800000D90134006A907AA09A8CDE90B36FFF70A
:10F810001FFE04460028BED1DDE905305A68416864
:10F82000120AB2EB112F31D10A9A120A29D008A973
:10F8300009A8FAF799FB04460028ACD10899069864
:10F84000FFF785FE04460028A5D1DDE9051303F185
:10F85000280201929A6A09A800925B6AD1E909120A
:10F86000FAF772FC0446002895D129460698F9F764
:10F870001DFB044600288ED1059800F009FF0446C0
:10F880008FE7D3E90912FFF775FEEBE76FF0850408
:10F8900081E7036810B5044623B101F09DF8002309
:10F8A000236010BD1846FCE738B50C4601680546D4
:10F8B000A1B904F0FE43B3F1007F12D14FF4D0722E
:10F8C0000430FFF751FC21462846FAF7D3FC0446E2
:10F8D00010B12846FFF7DDFF204638BD6FF08804E1
:10F8E000F7E76FF08604F4E738B50468054664B1BD
:10F8F00012B90024204638BD01F059F8044600280A
:10F90000F7D02846FFF7C5FFF4E76FF08804F8E763
:10F9100070B500261E60046805463CB101F050F841
:10F9200004462846FFF7B5FF204670BD6FF08804F7
:10F93000FAE7F0B58BB00E46174601AB202202A9BC
:10F940000546FFF7E5FF044638B1202102A8F8F785
:10F95000C1FD2846FFF79DFF14E0019ABA4206D088
:10F96000202102A8F8F7B6FD6FF09404F1E73046C5
:10F9700002A903F0D1FE04460028F1D1202102A8FB
:10F98000F8F7A8FD20460BB0F0BD70B4DDE90365C3
:10F9900000242C6000F0FE44B4F1007F02D170BC62
:10F9A000FAF75ABC6FF0860070BC704730B51D4640
:10F9B00000F0FE43B3F1007F8DB01DD103AB019386
:10F9C0002023009304ABFAF747FC044628B9039AB6
:10F9D000109B9A4208D06FF09404202104A8F8F7F5
:10F9E00079FD20460DB030BD284604A903F094FEF1
:10F9F00004460028EFD1F0E76FF08604F1E738B550
:10FA0000036804460D468BB1096879B94FF4D0728A
:10FA1000281DFFF7A9FB2046294600F0B6FF044643
:10FA200010B12846FFF735FF204638BD6FF0880437
:10FA3000FAE7036810B5044653B101F03DF800231E
:10FA40002360A38823F4FF7323F00103A38010BD78
:10FA50001846FCE72DE9F0411E46002386B002ACB3
:10FA600084E8060001680546DDF83080059300292A
:10FA700036D14FF41F720830FFF776FBB8F1000F54
:10FA8000009694E8030014BF4FF480634FF40063C2
:10FA900005AAF9F787F9044620BB059F3046398847
:10FAA0002A1DF9F729FA0446E0B96B79394668F35B
:10FAB00000036B71D7E9092328460096B8F1000FBF
:10FAC0000BD0FAF79DFC044660B9059800F0E0FD04
:10FAD0000446204606B0BDE8F081FAF7B5FCF2E72F
:10FAE0006FF088042846FFF7A4FF059800F0D0FDCA
:10FAF000EFE71FB502AC84E806000122009294E80B
:10FB00000600FFF7A7FF04B010BD1FB502AC84E8E4
:10FB100006000022009294E80600FFF79BFF04B065
:10FB200010BD38B50468054664B112B900242046FA
:10FB300038BD00F0A3FF04460028F7D02846FFF7A1
:10FB400078FFF4E76FF08804F1E72DE9F0411746FC
:10FB5000026805460E46984682B14279D2070DD515
:10FB600002795AB1BA4216D800F091FF044638B96A
:10FB7000A6B92846BDE8F041FFF75BBF6FF08804E7
:10FB80000023C8F800702B7146B92846FFF751FFD3
:10FB90002046BDE8F0816FF08904F1E721463A463E
:10FBA0003046D8F80030FFF7FBFB2846FFF741FF4F
:10FBB000002C08BF0446EBE738B50468054634B9A5
:10FBC0002846FFF736FF6FF08804204638BD447999
:10FBD000E407F5D40479944204D0FFF72AFF6FF0CC
:10FBE0009404F2E700F05FFF04462846FFF721FF88
:10FBF000002C08BF0446E8E710B588B006AC84E8DE
:10FC00000300012104910D9903910C9902910B9924
:10FC100001910A99009194E80300FFF7CBFB08B02B
:10FC200010BD30B593B006AC84E803000021049108
:10FC300009A903912021029116990AAD019500911D
:10FC400094E80300FFF7B6FB044628B9099A189B0D
:10FC50009A4208D06FF0940428462021F8F73AFC25
:10FC6000204613B030BD2946179803F055FD0446D1
:10FC70000028F1D0EEE7036810B504463BB100F070
:10FC800071FE00232360237923F0030323710020F6
:10FC900010BD1FB502AC84E806000122009294E872
:10FCA0000600F9F78FFA04B010BD1FB502AC84E866
:10FCB00006000022009294E80600F9F783FA04B0E7
:10FCC00010BD38B50468054684B1047904F0030416
:10FCD000012C0BD1102A0FD800F023FE044638B9AE
:10FCE0002B7943F002032B71204638BD6FF0880456
:10FCF0002846FFF7C0FFF7E76FF08604F8E737B54F
:10FD00000468054694B1047904F00304012C0DD075
:10FD1000079C0194069C009400F00CFE044610B170
:10FD20002846FFF7A8FF204603B030BD6FF08804D7
:10FD3000F6E770B5046805461E46A4B1047904F0E0
:10FD40000304012C0FD000F001FE04462846FFF703
:10FD500092FF002818BF04463368E21723EA020323
:10FD60002046336070BD6FF08804EFE72DE9F04F57
:10FD70004FF000098FB00AAD85E80300DDE91E6B86
:10FD80001046CBF8009014461F46F8F719FFDDF82F
:10FD900060A0804670BB00944FF4807395E8030028
:10FDA0000DAAF8F7FFFF804620BB51462046F8F722
:10FDB000D7FF8046D8B91D9BCDE9076B06931C9BE6
:10FDC0000D9805931B9B009704931A9B0393199B13
:10FDD000CDE901A32346D0E90912FAF75DFA80467E
:10FDE00028B126B1324649461D98FFF7BDF90D9856
:10FDF00000F04EFC40460FB0BDE8F08F2DE9F04F0B
:10FE00004FF000098FB00AAD85E80300DDE91E6BF5
:10FE10001046CBF8009014461F46F8F7D1FEDDF8E7
:10FE200060A0804670BB00944FF4007395E8030017
:10FE30000DAAF8F7B7FF804620BB51462046F8F7D9
:10FE40008FFF8046D8B91D9BCDE9076B06931C9B9D
:10FE50000D9805931B9B009704931A9B0393199B82
:10FE6000CDE901A32346D0E90912FAF73FFA80460B
:10FE700028B126B1324649461D98FFF775F90D980D
:10FE800000F006FC40460FB0BDE8F08F38B50468BE
:10FE9000054644B100F0EAFD4FF4707204460021BB
:10FEA0002846FFF761F9204638BD1FB502AC84E84B
:10FEB00006000093012194E80C00F9F7A5FA04B0BC
:10FEC00010BD1FB502AC84E806000093002194E841
:10FED0000C00F9F799FA04B010BD38B503680D4667
:10FEE000044611469BB1037DDB0710D44068F8F748
:10FEF00037FF90B90A462046294600F078FD0546AE
:10FF000038B9237D43F001032375284638BD6FF0CF
:10FF100088052046FFF7BAFFF7E76FF08605F8E798
:10FF2000F8B5036804460F4616467BB1037D13F00F
:10FF30000E0F0BD100F064FD054648B9237DC4E9DE
:10FF4000037643F0020323752846F8BD6FF0880559
:10FF50002046FFF79BFFF7E738B503680446EBB18F
:10FF6000037D03F00900012818D132B90025237D53
:10FF700043F004032375284638BD9B0704D5E36886
:10FF800093420ED39B1AE360204600F042FD0546E3
:10FF90000028EBD02046FFF779FFECE76FF08805EB
:10FFA000F8E76FF08605F5E737B504460020079DB2
:10FFB00028602068D8B1207D10F0010F17D080078D
:10FFC00006D5E068C8B92069904216D3801A20612E
:10FFD000069801950090204600F024FD054640B9A2
:10FFE000237D43F008032375284603B030BD6FF02E
:10FFF00088052046FFF74AFFF6E76FF08605F8E729
:020000040001F9
:100000002DE9F04F1E46002385B0DDF840803360B7
:10001000DDE90E97C8F8007005468A469346FFF75B
:10002000A7F9044668B92B7DDB0618D533465A4636
:1000300051462846CDE90178CDF8009000F0FEFC4D
:1000400004463A4621464846D8F80030FFF7A8F95A
:100050002846FFF71BFF204605B0BDE8F08F6FF084
:100060008804EEE72DE9F3411E4600233360054680
:100070000F469046FFF77CF9044668B92B7DDB06F6
:1000800011D4099B42460193089B394600932846A8
:10009000334600F0DFFC04462846FFF7F7FE204613
:1000A00002B0BDE8F0816FF08804F5E738B5446828
:1000B000054614B100F047FD044628464FF48A6116
:1000C000F8F708FA204638BDF8B5C36804469342ED
:1000D0000F46164611D300F02DFDE36805469B1B25
:1000E000E36040B12046FFF7E1FF27B1324621210E
:1000F0003846FFF739F82846F8BD00F024FD002304
:100100006FF08E05E360F0E743681BB1C368002021
:100110000B6070476FF08800704710B4446834B1CA
:10012000C4688C4207D310BCC16000F0D6BC6FF02D
:10013000880010BC70476FF08600FAE770B50D4676
:100140004FF0FF3104461646F8F794FD58B9237A6C
:100150009B0706D4324629462046BDE87040FFF78B
:10016000B3BF6FF0840070BD00232DE9F04F89B05C
:10017000CDE90433C2E90033438806468846174672
:10018000002B00F084804FF0FF314046F8F772FDFD
:100190000446002868D198F8083003F00303012BC7
:1001A00078D1304605AA04A9FFF752F9044668B988
:1001B000049D72882B88D61D03F4E043F608B3F53E
:1001C000804F0692079605D16FF086040498FFF7DA
:1001D0002AFA49E0B3F5805F05D0B3F5005F02D09D
:1001E0006FF08504F2E75307EED131460120F8F7AE
:1001F00055F9814610B96FF08C04E7E7069B6B80D8
:100200006B681B0A34D128460799FFF7A0F904460A
:10021000002834D10DF1180A05F1280B3246494661
:100220004046FFF751FF044688B9CDE901BAAB6AF1
:10023000324600936B6A49462846F9F7D5FE6A882C
:10024000069B04469A421FD110F18F0FE6D031462B
:100250004846FFF727F8002CB8D139460498F8F73C
:1002600025FE04460028B1D1204609B0BDE8F08F34
:10027000284607A9F9F778FE04460028C3D031467E
:100280004846FFF70FF8A1E76FF08604DFE76FF04D
:100290008604E9E76FF08404E6E707B500931346A8
:1002A0000022F9F739F903B05DF804FB70B586B0A8
:1002B0000E4602A981E80C00002342680546009220
:1002C00003C905AA0593F8F76DFD044638B10598F2
:1002D00000F0DEF92846FFF7E9FE204626E0059A01
:1002E000916848040BD42B7A090443F002032B7263
:1002F00005D4104600F0CCF96FF08404EAE76FF4FF
:100300008073F318012B98BF2B7A31469CBF43F0C2
:1003100001032B72936A28460093536AF9F7FCF89D
:100320000446059800F0B4F9002CD3D106B070BD96
:100330002DE9FF41056806460F46984635B3037917
:1003400003F00303012B20D1457995422DD8102DC0
:100350002ED829466846F9F76BFA0446C0B92A46F2
:100360006946304600F0DDFA044688B92A466946F7
:100370003846FEF7D4FEC8F80050337943F0020344
:100380003371204604B0BDE8F08100256FF0880489
:1003900000233046C8F80030FFF76DFC002FF0D086
:1003A00029463846F8F796F8EBE76FF08904EFE74F
:1003B0006FF08304ECE72DE9FF4100241C601F4629
:1003C000036806468846002B58D0037D03F01103CE
:1003D000102B53D1038903F4E041B1F5005F29D11B
:1003E000C3F30221042925D1436883F0AA6181F473
:1003F000807131F47E113DD083F0AA6383F40073E1
:1004000033F47E1322D021466846F9F711FA0546E7
:10041000B0BB224669463046FFF75FFD054678BB14
:10042000224669464046FEF77AFE3C60284604B004
:10043000BDE8F08142F204018B4209D1736883F078
:10044000052383F4801333F47E1315D10C240CE0C0
:1004500042F207018B420FD1736883F0A26383F4E9
:10046000C06333F47E1307D118249442CBD96FF0C4
:10047000890505E00D24F8E70024C4E76FF088053E
:100480003046FFF703FDD1E72DE9F04305469946D5
:1004900000238BB0099325F0004323F47F0306A8C3
:1004A000B3F1106F80E80600DDE91386159F1FD1B8
:1004B00000954FF4804303C809AAF8F773FC04467B
:1004C000C0B9129BCDE90367CDE900930998CDF837
:1004D00008802B46D0E90912F9F7DAFF044648B93B
:1004E000099800F0D5F8044620460BB0BDE8F0832B
:1004F0006FF0860431464046F9F79AF909983E6054
:1005000000F0C6F8F0E703461B88084603F4E04312
:10051000B3F5805F114602D0B3F5005F01D1F9F762
:1005200087B96FF0850070477FB500220388CDE959
:100530000122C1E90022428806460D46002A68D001
:1005400003F4E042B2F5804F63D023F0FF03B3F52C
:10055000E24F02D0B3F5824F04D13046FEF7ACFE35
:100560000446D8B9304602AA01A9FEF771FF044635
:10057000002843D1019B9B6A9BB10199304601F150
:100580002803D1E90912F9F707FD0446002839D1FB
:1005900029460198F8F78AFC044678BB204604B047
:1005A00070BD73681B0A22D13088718800F4E04363
:1005B000B3F5805F15D0B3F5005F12D020F0FF03D4
:1005C000B3F5E24F22D1C0B242280ED10831C9089A
:1005D000039103990198FEF7BAFF04460028CCD096
:1005E0000CE0FEF785FF044640B90731EFE73046DF
:1005F00003A9F9F7B9FC04460028EAD00198FFF7EF
:1006000012F8CBE70198FEF7E6FFF7E76FF08504F5
:10061000F4E76FF08604C1E71C220021FEF7A4BDB9
:10062000037F022B06D1036A5A1C03D001330362F5
:10063000002070476FF09600704782B002AB03E96C
:10064000030010466FF04042009B591E914208D3B0
:1006500028B103F1404393428CBF0020012002B037
:1006600070470120FBE7034668B1017F8A1E012A1B
:100670000BD80329026A03D1012A01D1FEF7B6BFC4
:100680001AB1013A1A62002070476FF09600704765
:10069000FFF7E9BF00207047C0B2FF280CBF6FF022
:1006A00086000020704730B585B06D4685E80300B0
:1006B000144695E8030003AAF9F784FA48B995E8C7
:1006C000030084E80300039805B0BDE83040FFF75D
:1006D000CABF10F1880F4FF0000308BF6FF08B0006
:1006E000C4E9003305B030BD1FB56B4683E8030095
:1006F00050B193E8030003AAF9F7BCF938B110F13F
:100700008C0F08BF6FF0870005B05DF804FB0398FD
:10071000036A012B04D105B05DF804EBFEF766BF58
:1007200005B05DF804EBFFF79EBF1FB56B4683E88D
:10073000030003AA93E80300F9F79CF978B903983A
:1007400003793BB1036A012B04D105B05DF804EBDA
:10075000FEF74CBF05B05DF804EBFFF784BF05B0B2
:100760005DF804FB7FB56B4683E8030003AA00989D
:100770000199FEF755FA8C3018BF012007B05DF8DB
:1007800004FB30B587B06B4683E80300009D019CF5
:100790002846214603AAFEF743FA8C3002D10020F6
:1007A00007B030BD28462146FEF764FA10B16FF05D
:1007B0009800F5E72846214603AAFEF731FA8C3067
:1007C000EDD0F4E72DE9F04104461646884688B09E
:1007D000002944D0002A42D0B2F5005F42D202F193
:1007E000240739460120F7F759FE054600283CD07A
:1007F0000346314640462246F9F7C4FAD4E90501DA
:1008000003AB83E803006669D4F81880FFF7AAFFFA
:10081000012821D000233A46009330462B4641461A
:10082000FEF7BAF9044678B93046414605AAFEF704
:10083000F7F9044620B9069B9F4205D06FF0980453
:1008400030464146FEF716FA39462846FEF72AFD9D
:10085000204608B0BDE8F0816FF08A04F4E76FF03D
:100860008604F5E76FF08D04F2E76FF08C04EFE794
:10087000FEF718BD2DE9F04FD0F818A0D0F814B04D
:1008800087B00746894690465846514603AAFEF768
:10089000C7F9044610BB049E01203146F7F7FEFD60
:1008A0000546002837D05846514603AA0294FEF761
:1008B000B7F9044670B902AB0246CDE90053584679
:1008C00033465146FEF786F9029B04469E4209D004
:1008D0006FF0980431462846FEF7E4FC204607B046
:1008E000BDE8F08F0028F5D143464A4631462846F8
:1008F0000097F9F7A3FA04460028EBD1D9F80030A5
:1009000033B1D8F80030002B08BF6FF09104E1E755
:100910006FF09104DEE76FF08C04DFE7F9F740BE7B
:1009200070470368052B02D10830FBF763BB6FF0FB
:100930008600704770B40668052E03D170BC08307D
:10094000FBF770BB6FF0860070BC704710B4046892
:10095000052C03D110BC0830FBF770BC6FF086008B
:1009600010BC704738B50368052B0CD100F10804A2
:10097000204600F065FC4FF49C7105462046F7F7D1
:10098000A9FD284638BD0025FBE708B503461A68CF
:100990000846052A08D140F8042B191D4FF4D072DF
:1009A000FEF7BDFB002008BD6FF08800FBE7036881
:1009B000052B02D10430FAF7C9B86FF088007047F0
:1009C00010B40468052C03D110BC0430FAF734B914
:1009D0006FF0880010BC704708B50368052B04D180
:1009E0004FF4D071043000F0DBF9002008BD03683B
:1009F000052B02D11830FCF707B86FF0860070475E
:100A00000368052B02D11830FCF714B86FF086008C
:100A100070470368052B02D11830FCF721B86FF03E
:100A20008600704770B40668052E03D170BC18307C
:100A3000FCF736B86FF0860070BC7047F0B40768FA
:100A4000052F03D1F0BC1830FCF750B86FF08600CA
:100A5000F0BC704770B40668052E03D170BC183026
:100A6000FCF770B86FF0860070BC70470368052B08
:100A700002D11830FCF78AB8002070470368052BB4
:100A800002D10830FBF796BD6FF08600704710B4B6
:100A90000468052C03D110BC0830FBF7ADBD6FF026
:100AA000860010BC70470368052B02D10830FBF7A5
:100AB000EBBD6FF0860070470368052B02D108304C
:100AC00000F0D4BB0020704710B504461030FAF790
:100AD00087FF08B90523236010BD0368052B02D1E9
:100AE000103000F0A4BA6FF08800704710B40468AA
:100AF000052C03D110BC1030FAF794BF6FF08800BA
:100B000010BC704730B40568052D03D130BC1030DF
:100B1000FAF7B4BF6FF0880030BC704710B40468B7
:100B2000052C03D110BC103000F096BA6FF088008D
:100B300010BC70470368052B02D11030FBF716B8C4
:100B40006FF0880070470368052B02D11030FBF767
:100B500033B8002070470020F9F736BF0020F9F7BE
:100B60006DBF002000F05AB917B46C4684E803004A
:100B700094E8030003B010BCF7F7E2BA0020704716
:100B80000A2840DCC31C22DA10F1400F47D010F1D4
:100B90003F0F2BDA10F1410F44D010F1550F44D024
:100BA00010F1490F08BF6FF0840018BF6FF0860086
:100BB000704709282AD8DFE800F0052929081629F6
:100BC0003829292F6FF09800704700207047C31C08
:100BD0000D2B1BD8DFE803F0072F1A1C1A1A1A1A5C
:100BE0001A1A1D1A1A1D6FF08500704710F1210F97
:100BF0001ED00BDB10F1200F1DD010F1100F08BF1D
:100C00006FF09400D1E764380928D2D96FF08600DC
:100C100070476FF0940070476FF08C0070476FF072
:100C2000840070476FF0890070476FF09300704741
:100C30006FF0880070476FF09200704710B5013870
:100C40000A44914200D110BD10F8013F11F8014B48
:100C500063400370F5E70144814200D1704711F809
:100C6000013D1A440A70120AF6E730B5002503F573
:100C70008073013A002A0DDAFF2BDAB28CBF002113
:100C8000012152EA050003D0FF2B94BF0020012070
:100C9000401A30BD845C1C448B5C013AE41A230A80
:100CA000E4B2FF332543E5E72DE9F8430E46174646
:100CB00008994FF4AA7204461D46DDF8248000F01E
:100CC0001BFEB8B981464D4509D14146204600F08A
:100CD000A9FE78B92046BDE8F84300F0D1BE204611
:100CE00057F8292056F8291000F02EFE10B909F106
:100CF0000109E8E7BDE8F8831FB5CDE90221069AAE
:100D000003A9CDE90032012302AAFFF7CDFF05B008
:100D10005DF804FB002373B58DF80730934203D1CF
:100D20009DF8070002B070BDC55CCE5C9DF8074021
:100D300075402C438DF807400133EFE7002313B5CE
:100D40008DF807308B4206D19DF80700B0FA80F08D
:100D5000400902B010BDC45C9DF807200133224356
:100D60008DF80720EEE78B4230B50CD800242146E1
:100D70009C4203D1081E18BF012030BD155D0555EA
:100D800029430134F4E70020F7E710B58B4294BF04
:100D9000C4184418A04200D110BD00F8012BF9E797
:100DA00000231A4682B001908B4201D102B07047F5
:100DB0000198C2540133F7E707B501A9F9F768FDB7
:100DC000003818BF012003B05DF804FBF7B50646F4
:100DD0000D46202D2F46A8BF202700216846FCF78E
:100DE000DDFC044670B93A4631466846FCF728FDFA
:100DF00010F1520F044608D0431CF4D0684600F0AE
:100E00002FFF34B1204603B0F0BD684600F028FF44
:100E1000E3E7EC1B3E44F5D02546DAE700207047B7
:100E200010B5044694F89C31043043B14FF4AA72D3
:100E3000216800F061FD08B984F89C0110BDBDE88F
:100E4000104000F05DBDF0B5D7B007460D46164620
:100E500000214FF4AA7201A81C46FEF785F9002371
:100E6000694638460093F9F7E7FB08BB009800F0A5
:100E70000FFE5C9B98421DD8009800F009FE5D9B18
:100E80004FF4AA721860009901A800F035FD68B906
:100E90003246294601A800F057FD38B9214601A87D
:100EA00000F0C0FD10B901A800F0EAFDFFF768FEF0
:100EB00057B0F0BD6FF08900FAE738B50446084630
:100EC0002146F9F7B9FB054660B90123206884F88B
:100ED0009C3100F0DFFDC4F858012846BDE83840D9
:100EE000FFF74EBE38BDFAF7DBB9CA0448BF41F47C
:100EF00080618B0448BF41F4006181607047C0F39A
:100F00000253013B10B5052B21D8DFE803F0030B9A
:100F10000B0B1B13012300F030002028136013D0AB
:100F2000002010BD0B8844F212118B420CBF042329
:100F30000223F0E70B8844F212118B4214BF032303
:100F40000623E8E70323E6E702331360E8E76FF0E0
:100F50009800E6E713B50C46F9F79AFCC31C0FD0CE
:100F6000013009D004224FF0FF3321460DEB02007F
:100F7000019302F0A0FB30B96FF08B0002B010BDFE
:100F80006FF08400FAE70020F8E730B589B0054635
:100F900018220C4601A80021FEF7E6F8012344EAD6
:100FA000052401A9BA2007940593F9F723FC00282A
:100FB00018BF6FF0920009B030BDF7B5BA2001A993
:100FC000F9F766FC044610B1002003B0F0BD019DA6
:100FD0002F0AEDB2AC4205D1BA20F9F74BFC00283C
:100FE000F2D008E0E6193046F9F744FC30B130465B
:100FF000FFF7E2FE10B96FF09200E6E70134E9E78F
:1010000008B5F820FFF7D8FE18B9F920FFF7D4FE8D
:1010100010B16FF0920008BDF820F9F71DFC002810
:10102000F7D1F920F9F718FC0028F4D0F1E783880C
:1010300010B55BB1D0E902428C4272F100024FF070
:10104000000306D3C0E90213184610BD6FF08800F4
:10105000FBE76FF08600F8E76FF0850070475430CB
:1010600000F004B970B5044600F54576D0F8940355
:1010700001213044FFF794FED4F8942304F1540581
:10108000314628460132FBF795FA78B92846D4F85C
:10109000382404F56671FBF78DFA38B9284604F256
:1010A0003C410422BDE87040FBF784BA70BD37B5FF
:1010B000D0F80C2300F53B710446FDF7ADF8D0B92C
:1010C000D4F8103304F154051BBA042269462846AB
:1010D0000093FBF76FFA70B92046FFF7C3FF50B9D2
:1010E0002368B3F1082F08D01022284601ABA118BD
:1010F000FBF782FA50B103B030BD1022284604F548
:101100003471FBF757FA0028EED0F4E7102384F887
:101110005030D4F810330133C4F81033EBE76FF0DC
:1011200060420023C0E90223402383800123C0F8EA
:1011300010330020704738B504461D46084640F27B
:1011400001239842114606D040F20623984212D05D
:101150006FF0860038BDA388412B1CD17F2D1DD890
:101160002A4604F54570FDF7DAFF4223C4F894538C
:101170000020A380EEE7A388413B9BB2012B0AD855
:10118000A02D0BD82A4604F56670FDF7C8FF43234F
:10119000C4F83854ECE76FF08800DBE76FF08C00A0
:1011A000D8E770B504460E461046194613882268E3
:1011B000049DB2F1082F02D1B3F5105F1AD1A388B4
:1011C000402B1AD140F201139E4216D14368202DC4
:1011D000C4F8E032D0E90523C4E9B92310D82A467F
:1011E00004F53B70FDF79BFF41230020C4F80C532E
:1011F000A38070BD6FF08500FBE76FF08800F8E713
:101200006FF08600F5E7F0B5002785B00A9ECDE9BE
:10121000027702AFCDE9006704461D46FAF702FFE8
:1012200060B902992046721A03AB2944FBF706F80D
:1012300020B9DDE9023213440B9A136005B0F0BD0A
:1012400038B50546043000F01AFA044618B1BDE876
:101250003840FFF795BC28464FF49C71FFF7A0FD7E
:10126000204638BDFBF73AB9FBF738B908B54FF45B
:101270001F71FFF795FD002008BD002310B500F198
:101280001002103112F8014D43EA4403824201F882
:10129000013D4FEAD413F5D110BD002370B588B0DD
:1012A000CDE90033CDE902330C46154600F5A471B3
:1012B0006A4604AB00F5D67001F079F90646C0B96C
:1012C000214604A8FFF7D9FF9DF910302946002BCD
:1012D000B8BFE37B2046BCBF83F08703E373FFF70F
:1012E000CCFF94F90030002BBEBFEB7B83F087036B
:1012F000EB73304608B070BD2DE9F84F04468846C0
:101300001546002700F5CA7900F5C27AADB92DE07F
:10131000324649465046FFF791FC5346524604F583
:10132000A47104F5D67001F042F900BB0146C4F87F
:10133000A40132464846FDF717FFD4F8A40108EB94
:101340000701C0F1100BAB4528BFAB4648445A46D5
:10135000FDF7E5FED4F8A4615F445E44102EC4F8A6
:10136000A461A5EB0B05D1D1002DD1D10020BDE8A2
:10137000F88F002370B58CB008AA04A90446CDE903
:101380000033CDE90233FFF788FF054640BBD4F8B0
:10139000A45104F5CA76102D2A4624D1304604A95A
:1013A000FFF74CFC2A4631466846FDF7B8FE04F5C7
:1013B000C276102269463046FFF740FC334632467B
:1013C00004F5A47104F5D67001F0F1F8054638B9BA
:1013D0001022314604F10C00FDF7A1FE10236360DA
:1013E00028460CB070BD31466846FDF798FE802255
:1013F000D4F8A431684630336B4403F8302C08A984
:101400001022FFF71BFCD2E7F8B500F150040E469E
:1014100000F5A471204617461D46FBF7DDFF18B105
:10142000BDE8F840FFF7ACBB3A463146204600F035
:101430007DFB0028F4D12946204600F0A5FB0028BA
:10144000EED1204600F0FFFB0028E9D1F8BDC00036
:10145000C90002F1080303F8010D93424FEA10207E
:10146000F9D103F11002083302F8011D9A424FEA44
:101470001121F9D10120704783686BB100210F332E
:1014800023F08043826A23F00F0343F0804311600E
:1014900093601032826281607047C26938B5146906
:1014A000054614B15069A047044605F12000FCF739
:1014B0005BFA204638BD837E37B505468BB905F10A
:1014C0002000FCF727FAAB7E93B1019800F0F1F908
:1014D000044668B12846FFF7E0FF002808BF204611
:1014E00004E001A8FCF7D2FB0028E8D003B030BD2F
:1014F000EA69D3680BB90020F8E7506998470446B9
:101500000028E7D1F7E7FBF775BC10B50446FBF7F9
:1015100071FC20B92268236B12681343236310BD4A
:1015200038B590F8203004466BB3B2F1807F06D313
:10153000FFF7B3FF002808BF6FF03F0038BD036915
:1015400033B1FFF7AAFF002808BF6FF04800F5E7A6
:10155000406902F10F0510446061A06825F00F0595
:101560001044A060606A016045F00051816021680C
:10157000AD1A896810300A6942EA052240F8042C45
:1015800060621846DAE76FF02000D7E7F8B51E462C
:1015900090F8203004460F461546002B35D0B2F1A6
:1015A000807F06D3FFF779FF002808BF6FF03F0068
:1015B000F8BDFFF761FF0DB90020F9E705F10F0055
:1015C000626A20F00F0040F0005393602368411BD3
:1015D0009B6817605B69103243EA012342F8043CC0
:1015E00023696262A26A2B44C4E90353854202F173
:1015F000100316609560A362DED0002341F08041A5
:10160000136191612032A262D6E76FF02000CFE72C
:10161000F8B590F82030054633B3FBF7AFFF431C15
:10162000044606D038B12846FFF737FF002818BF18
:1016300004462046F8BD2B682A6B5B691340F2D143
:1016400069680029EFD02E7E05F1F4009E4204D88F
:10165000002C18BF6FF00F04E5E7CA5C10F8017B9F
:1016600001337A401443F1E76FF02004E1E710B54D
:1016700004462046FFF7CCFF431CFAD010BD38B516
:101680004368054653B11C6914B15869A047044624
:1016900005F10C00FCF768F9204638BD1C46F7E759
:1016A00073B5064601A8FCF7F1FA044680B906F1C5
:1016B0000C00FCF72FF9019800F0FBF8044650B934
:1016C00073682BB1DA681AB158699047054618B9A2
:1016D000204602B070BD05463046FFF7D0FF002817
:1016E00014BF04462C46F3E770B5057B0446002D75
:1016F00031D0B2F1807F06D3FFF7C1FF002808BFC9
:101700006FF03F0070BD806802F10F051044A060CB
:10171000206925F00F05016045F0005181602168C6
:10172000AE1A096810300969AA4241EA062140F858
:10173000041C616920610B6001F110038A60636120
:1017400001D10020DEE7002346F080460B618E6168
:1017500020316161F5E76FF02000D3E7027B38B5F7
:1017600032B3016882680C7AA24206D2FFF787FF83
:10177000002808BF6FF0530038BD4C7AB2FBF4F577
:1017800004FB152232B1FFF77AFF002808BF6FF083
:101790004500F1E7C269497911421CBF8A43C26121
:1017A000602100F170020C30FBF772FE0020E3E7CD
:1017B0006FF02000E0E738B5037B93B30268D37A7B
:1017C00033B9FFF75CFF002808BF6FF0470038BD52
:1017D0008468937A9C4206D2FFF751FF002808BF25
:1017E0006FF05300F3E7013B1C4006D0FFF747FFC3
:1017F000002808BF6FF04500E9E75279C36960210E
:101800001343C361D0E90532A4321A6010229A60F2
:101810001344436100F170020C30FBF739FE20469F
:10182000D5E76FF02000D2E738B5037B054663B1FA
:10183000FBF7A4FE431C044605D02846FFF71FFF14
:10184000002818BF0446204638BD6FF02004FAE790
:1018500010B504462046FFF7E7FF431CFAD010BD41
:1018600010B5531ED41D03F8010FA3424FEA1020F8
:10187000F9D10F3203F8011F93424FEA1121F9D138
:10188000012010BD07B500930023FBF71BFD03B03B
:101890005DF804FB07B500930423FBF713FD03B0C9
:1018A0005DF804FB13B500240094FBF757FD02B06C
:1018B00010BD10B59EB0024646F611031AA901A844
:1018C000FBF7D6FD0022039B10211A609A6001A845
:1018D00010331AAA0393FBF7DBFDFBF74FFE431C03
:1018E0000446FAD001A87421FFF75AFA20461EB028
:1018F00010BD1830FCF738B8CB69016011461847A5
:1019000038B503680446E3B1027ED2B94FF4AA7138
:10191000DB69C568984798B92368E5605A69E36947
:10192000C2F5967542F00052616A9A606268294475
:1019300052681960DA601033E361A3680233A36070
:1019400038BD6FF02000FBE7037E10B52BB312B358
:101950008468062C05D91830FCF706F86FF04400AF
:1019600010BDB2F1807F05D31830FBF7FDFF6FF09B
:101970003F00F5E7C3690134196041689A60C9689E
:10198000103343F8041CC36103698460134403618A
:10199000C3681344C3600020E2E76FF02000DFE774
:1019A000F8B5037E0246002B39D050F8183BD568B5
:1019B0001969B5FBF1F401FB145525B1FBF7D4FF10
:1019C0006FF04500F8BDD3E905412144682904D9E9
:1019D000FBF7CAFF6FF02200F4E7D3E90131594069
:1019E000936A566A4B409362E11C136AC4F596777A
:1019F0003E4421F003011E608C4203F110069C60FE
:101A0000166206D0091B41F080411D6199612033A7
:101A10001362D8217C32FBF73BFD0020D2E76FF048
:101A20002000CFE7037E10B50446A3B1D0E903231D
:101A30009A4204D00268836A526853408362204607
:101A40006369984704F11800D82104F17C02FBF780
:101A50001FFD002010BD6FF02000FBE738B5037EAE
:101A6000054653B1FBF78AFD431C044603D005F13C
:101A70001800FBF779FF204638BD6FF02004FAE725
:101A800010B504462046FFF7E9FF431CFAD010BD0D
:101A9000C068704700697047026938B51469054627
:101AA00014B15069A047044605F11400FBF75CFF30
:101AB000204638BD826808B503465AB902681169E4
:101AC000426A114206D0FFF7E7FF002808BF6FF017
:101AD000530008BD03F11400702103F17802FBF7F5
:101AE000D7FC0020F5E773B5064601A8FCF7CEF851
:101AF000044678B906F11400FBF70CFF0198FFF7D4
:101B0000D8FE044648B93269D3681BB1506998477A
:101B1000054618B9204602B070BD05463046FFF7AD
:101B2000BBFF002814BF04462C46F3E710B5047D24
:101B3000034634B3B2F1807F06D3FFF7ADFF002830
:101B400008BF6FF03F0010BD4468062C06D9FFF7B0
:101B5000A3FF002808BF6FF04400F4E70AB9002093
:101B6000F1E7806901340160196882608969103089
:101B7000C96840F8041C9968986111445C609960D8
:101B8000EDE76FF02000DEE7037DF0B4002B42D0DC
:101B900004688768256887B9836900F124021A60A0
:101BA0006A1C42F000569E60A6691202F66802F4B2
:101BB000F8523243DA601033836182697B1952F83C
:101BC000046C23EA0503DB1B46EA032642F8046C97
:101BD00052F8086C3344C66843F0005342F8083C9E
:101BE000C369721922EA05021960964203F11001D5
:101BF0009E60C16107D00021921B42F080421961B2
:101C00009A612033C361E268436AF0BC23EA0203AD
:101C10004362FFF74FBF6FF02000F0BC704738B54C
:101C2000037D054663B1FBF7A9FC431C044605D0C0
:101C30002846FFF731FF002818BF0446204638BD6C
:101C40006FF02004FAE7037D10B504462BB120465F
:101C5000FFF7E5FF431CFAD010BD6FF02000FBE753
:101C6000037810B504461BB1F8F762FC002323701B
:101C7000002010BD0020FBF79FBE0368D868C0F3AA
:101C800000407047036803F580535B6A13F4A02F8C
:101C900014BF01200020704710B5044600F095F9EC
:101CA00020B12046BDE81040FFF7ECBF2046BDE85C
:101CB0001040FFF7E2BF38B50225036804469D6077
:101CC00000F083F918B1236803F58053DD6138BD56
:101CD00010B5044600F079F920B12046BDE8104067
:101CE00000F07AB92368BDE81040D868FBF770BFF0
:101CF00010B50446236803F580535B68C62B09D0F2
:101D00002046FFF7C9FF0028F4D12046BDE8104067
:101D1000FFF7DEBF6FF0010010BD03685A50704737
:101D20000368585870470369996670470369986E4D
:101D3000704770B506460D461446FFF7F7FF013DA4
:101D4000026844EA0524304622430421BDE870407D
:101D5000FFF7E3BF73B5D0E90146CDE9002305469F
:101D6000FFF7E4FF03689DF8002013F0805FE86848
:101D70009DF8073004EB061416D002F03F0242F043
:101D8000200243F00103A0F10801201A8DF8002081
:101D90008DF8073001F009F9083C08226946204611
:101DA00001F02EF902B070BDA41B03F03F0342F016
:101DB000010243F02003A0F1080104F108008DF8AE
:101DC00000208DF8073001F0F0F8E6E710B5044682
:101DD000FFF7ACFFC2684AB142F420222046BDE8BA
:101DE0001040002142F40062FFF797BF10BDC068A9
:101DF00070470A682DE9F84312F4700F0C4615D1AC
:101E0000D0E90159D1F80880FFF790FF0368204618
:101E1000DB0048BF63684FF0000744BFA9EB030332
:101E2000ED1800F0C4F80646B74201DBBDE8F883C0
:101E300041462846626801F0E3F863684D449844DF
:101E40000137F1E770B50C461E461046D1E9012571
:101E500005EB4205294601F0D3F862683046A9181F
:101E6000BDE8704001F0CCB838B50446FFF75EFF1E
:101E7000D4E9013501684268C90042BFE168691AC6
:101E80005B18002112B904F1140038BDD00742BF1D
:101E900004EB8100436101312B445210F2E72DE93C
:101EA000F04F044685B00F4691460193FFF73EFF81
:101EB000D4E9018BD4F848A005468668BAF1000F32
:101EC00007D02046FBF71CFE1025284605B0BDE8CC
:101ED000F08FFBF7C1FD3A6811064CBFC06840683F
:101EE0007968814204DD2046FBF70AFE0D25ECE708
:101EF00049EA02092A69204649EA0202E160FFF73D
:101F000018FF2A68D20003D5E268ABEB02029044C6
:101F10003EB939462046FFF76CFF2B696BB90025A7
:101F2000D3E7F30748BF019B4FEA660644BF43F877
:101F30002A800AF1010AD844EAE702A801F00EF863
:101F4000054618B12046FBF7DBFDBEE72046DDE97C
:101F50000223FFF7FFFE08210DEB0100FEF720FF33
:101F6000DDE7C0F30B03482B4B6028BF482310F478
:101F7000003F8B6008BF0023CB6010F4803308BFA4
:101F8000C1E9013300F47003B3F5700F14BF0023EF
:101F90008B6800284FF0010C4FF008028B60B8BF2F
:101FA0000023C1E905C2B8BFC1E905337047036822
:101FB000024613F4700F06D1806828B1D3685068C8
:101FC00093FBF0F070470020704708B5FFF7AEFEB6
:101FD000006800F4003008BD10B541F22401044649
:101FE000FFF79EFEC20709D4830709D420460C21BF
:101FF000FFF796FEBDE81040FBF7EABD082010BDD4
:102000000220FCE72DE9F0410546FBF761FD07469C
:10201000012241F22801FFF780FE002241F228014F
:102020003846FFF77AFE41F204013846FFF778FEA2
:10203000C406F8D410F0200602D00220BDE8F081DA
:1020400041F22C013846FFF76BFE0122044641F2B3
:1020500008013846FFF761FE8DB901224FF4805127
:102060003846FFF75AFE41F204013846FFF758FEA2
:10207000420700F023033BD4002BF4D0DDE72B68AC
:10208000C4F3036803BBE10458BF6C68AB684BBF83
:1020900041F20C0641F21006C4F30354A8EB040409
:1020A000002BDAD0EB68002BD7D0A34211DC002440
:1020B000EB689C42D1DAAB68314653F824203846AD
:1020C000FFF72BFE0134F3E76B68002BDBD098455C
:1020D0000ADA0D20B2E72B6841F2100153F82620EE
:1020E0003846FFF71AFE01366B689E42F3DBCAE7FB
:1020F000FBF7F2FC01463846FBF7B6FD00209DE7F2
:102100002DE9F04F4FF0000B91461E46448805889C
:102110008BB005F44F4300940734B3F5824F8246E9
:102120000F464FF01C0259464FEAD40803A818BFC7
:102130005D46CDF808B0FDF717F8C845C6F800B001
:1021400041D8B4F5847F41D26A4649465046FBF7F0
:1021500081FE044640BBEDB22846009901AAFBF778
:10216000BBFD044600BBA5F14103012B20D842462C
:1021700002A9F8F763FC20BB414602A8FEF7DEFD8A
:1021800038BB412D05D1B8F1200F02D102A800F0D3
:1021900080FF4246384602A9FCF7C1FF202102A871
:1021A000FEF7FEFDC6F8008020460BB0BDE8F08FBC
:1021B0004A463946019801F007F80028EED0FEF7AC
:1021C000DFFC0446F0E76FF08904EDE76FF085046B
:1021D000EAE76FF09304E7E72DE9F341DDF82080AB
:1021E0001E46438842450F461546019315D8294699
:1021F00001AAFBF72FFE044658B92B463A46414642
:102200003046FEF7B0FD58B10A9B019A1A60099B4F
:102210001D60204602B0BDE8F0816FF08904F8E748
:102220006FF08604F5E72DE9F04105881F464388E5
:1022300094B0029305F44F43B3F5824F064614461B
:102240001346D0F80C800A4603A84FF0410118BF8E
:102250000025FEF788FD18B31A9B9C4223D8304610
:10226000214602AAFBF7F6FD0646A8B9E9B21229F3
:10227000029D01D0302906D12A464046009403AB86
:10228000FBF7B2FD90B92246384603A9FCF747FF99
:102290001C9B1D601B9B1C60304614B0BDE8F08188
:1022A0006FF08606F8E76FF08906F5E70646F3E774
:1022B0008B4238B505460C46104607D30A462946D8
:1022C000FCF72DFF0020049B1C6038BD6FF08900D7
:1022D000FBE7F0B51746002285B00546D8B20E469A
:1022E00040F0007003A90392F8F7A6F9044680B9FC
:1022F0006023019305F5D273009332463B46039861
:1023000005F1500100F027FF044628B1FEF738FC24
:102310000446204605B0F0BD0398FFF7BBFB012340
:10232000A86085F84C30F4E700232DE9F74F054607
:10233000007889461646019308B140F0007001A963
:10234000F8F77AF90446F8B90198FFF7A3FBAB68F0
:102350008046B3420CD9A8EB030305F10C001844E6
:1023600032464946FCF7DBFEAB689B1BAB600BE0DB
:1023700095F84C3005F1500A53B95046FFF7C0FAB2
:1023800030B1FEF7FDFB0446204603B0BDE8F08FF8
:102390000023AA6805F10C0B5946504685F84C30CD
:1023A000A8EB0202FFF7D0FA0028EAD1AF6849464D
:1023B000F31BB3FBF8F308FB037750463A46FFF7ED
:1023C000C3FA0028DDD15046FFF7EAFA0028D8D139
:1023D0005046FFF755FB0028D3D1A6EB070A402152
:1023E0005846C5F80880FEF7DBFCBAF1000FCBD0E9
:1023F0005246584609EB0701FCF791FEAB689B1B60
:102400003B44B3E70023F0B50446007885B003935E
:1024100008B140F0007003A9F8F70EF918B1FEF703
:10242000AFFB05B0F0BD0398FFF732FB0398FFF751
:1024300031FB94F84C30064604F1500523B9284688
:10244000FFF75EFA0028EAD1A26804F10C073946CA
:102450002846B21AFFF778FA0028E0D104F5D274C2
:1024600040233A4628460399009400F03BFED6E705
:102470002DE9F843044617461D46884681B3D0E946
:102480000232AB4272F100012DD35B1B62F10002FC
:10249000C0E9023200F110090DB928461EE094F897
:1024A0005060BEB1AE4228BF2E463846324649463D
:1024B000FCF735FE94F850203744921BD2B2AD1B86
:1024C00084F85020002AE7D0484609EB0601FCF7C3
:1024D000F0FDE1E72046C0470028E0D0BDE8F883E2
:1024E0006FF08500FAE76FF08E00F7E770B5059E94
:1024F00004461546FFF7F8F818B1BDE87040FEF73E
:102500003FBB2046FFF72AF90028F6D12046FFF707
:102510009FF90028F1D13560EFE72DE9F047DDE9BB
:1025200008879F42054616461C46DDF8289012D3C0
:10253000230714D1FAF706FE18B1BDE8F047FEF7FD
:102540001FBB4346224631462846CDE90879BDE8FF
:10255000F047FFF7CBBF6FF08900BDE8F0876FF061
:102560008600FAE72DE9F047DDE908879F42054636
:1025700016461C46DDF8289012D3230714D1FAF72B
:10258000EDFD18B1BDE8F047FEF7FABA4346224622
:1025900031462846CDE90879BDE8F047FFF7A6BFE8
:1025A0006FF08900BDE8F0876FF08600FAE77FB52D
:1025B000044615461E46FAF7C5FD20B104B0BDE835
:1025C0007040FEF7DDBA102203AB01932946334673
:1025D00020460092FFF78AFF04B070BD01440B1A39
:1025E0009A4202D36FF08600704711F8013D013323
:1025F000DBB20B70002BF2D00020704710B5002426
:1026000008449C4200D110BDE10022FA01F100F81B
:10261000011D0134F5E710B50023044688B0CDE96B
:102620000033CDE90233CDE90433CDE9063394F824
:102630001D33084613B1002008B010BD6A4604AB34
:10264000211DFFF7B4FF0028F6D104F5F07104A8AE
:1026500000F0C6FD012384F81D33ECE72DE9FF47A8
:10266000002304460D46CDE90033CDE9023301EBEA
:10267000020A00F5F07800F5387700F15909554560
:1026800002D104B0BDE8F08794F899305E1CF6B230
:1026900084F8996015F8012B2344102E83F85920F3
:1026A000EDD1324649463846FEF7C8FA6A46394601
:1026B0004046FBF727FF324669463846FCF72FFDB8
:1026C000002384F89930DAE71FB5002390F89920A9
:1026D000CDE90033CDE9023322B16946C2F11002DF
:1026E000FFF7BCFF05B05DF804FB2DE9F84F044689
:1026F000154689460A9F0B995E1EC1F110081744C2
:1027000000F53C7A00F5407BBD4202D10020BDE8D7
:10271000F88FD4F810330F2B10D9424610215046B1
:10272000FFF75CFF0028F2D15B4652464846211D68
:10273000FFF73DFF0028EAD1C4F81003D4F81033A6
:1027400015F8012B591CC4F81013234493F80033D7
:10275000534006F8013FD7E7082330B50025D0F8ED
:10276000142385B0044619466846D200CDE90055C9
:10277000CDE90255FFF742FF0823D4F81823194684
:102780000DEB0300D200FFF739FF10226946204607
:10279000FFF764FF1021684684F89950FEF700FBAC
:1027A00005B030BD38B590F81C330446BBB900F510
:1027B0003C7510212846FEF7F3FA94F84D200C2AB8
:1027C00007D1284604F14001FCF7A9FC012384F855
:1027D000FF321023C4F81033012384F81C3338BDB2
:1027E000F0B50023044689B00E4668461021154610
:1027F000CDE90433CDE90633FEF7D2FA94F84D2043
:102800000C2A07D1684604F14001FCF788FC01233B
:102810008DF80F3028466A4604AB211DFFF7C7FE2E
:10282000054638B110210DEB0100FEF7B9FA284634
:1028300009B0F0BD102204F538770DEB02013846DF
:10284000FEF7FCF93946304694F89A20FCF767FC0D
:10285000E8E713B5049CCDE9003413460A4601218C
:10286000FBF71EFD02B010BD13B5049CCDE900348A
:1028700013460A460021FBF713FD02B010BD0C2AD7
:1028800038B50446154606D14030FCF748FC002018
:1028900084F84D5038BD6FF08600FBE7C0E9141294
:1028A000002070472DE9F043B5B0894669460446DB
:1028B0001746FFF7B0FE064638B98046B84508D33C
:1028C000D4F814333B44C4F81433304635B0BDE873
:1028D000F08394F89950A7EB0803C5F110059D42C9
:1028E00028BF1D4609EB08012A462046FFF7B6FE21
:1028F000A844E3E72DE9F04F9B460123B9B08A468F
:1029000080F89C3004A90446904690F84D90FFF75B
:1029100082FE0646002850D12046FFF743FF20469E
:10292000FFF7D2FE94F858303546012BC9F1100953
:102930003AD045453AD294F89970A8EB0503C7F10F
:1029400010079F4228BF1F460AEB05013A46204662
:102950000391FFF783FE039920460A46CDE90079EB
:102960000BEB050304A9FFF7C0FE50BB3D44E0E7B5
:1029700094F89970A8EB0503C7F110079F4228BF90
:102980001F4620460BEB0503CDE900790AEB050253
:1029900004A90393FFF7A9FE98B9039B3A46194689
:1029A0002046FFF75BFE3D444545E1D3439B1D6058
:1029B000D4F818332B44C4F81833304639B0BDE886
:1029C000F08F0646F9E710B5B4B069460446FFF744
:1029D00022FE90B92046FFF7E5FE2046FFF774FE81
:1029E0002046FFF7B9FE6A4620463699FFF7F8FE03
:1029F00018B994F89A20389B1A6034B010BD00239F
:102A000070B5B8B004A90546CDE90033CDE902336D
:102A1000FFF701FE0446F8B92846FFF7C3FE284633
:102A2000FFF752FE2846FFF797FE6946284604AA9C
:102A3000FFF7D6FE044658B96E4602463C9B95F811
:102A40009A1019448B420AD1002A18BF6FF09404DF
:102A500010216846FEF7A4F9204638B070BD16F87C
:102A6000010B13F8015B68400243EBE708B54FF434
:102A70006A71FEF795F9002008BD2DE9F041044682
:102A80000D468E1800F1590700F55A78B54201D16C
:102A9000BDE8F08194F899104B1CDBB284F89930B2
:102AA00015F8012B2144102B81F85920EED1012378
:102AB0003A461946404600F04DFC002384F8993010
:102AC000E4E71FB50022CDE90022CDE9022290F80B
:102AD0009C203AB990F8992022B16946C2F11002BF
:102AE000FFF7CBFF05B05DF804FB90F8A43310B5F9
:102AF000044663B9012304211A4600F54870FFF724
:102B00007DFD4023C4F86433012384F8A43310BD51
:102B100070B50446DDE90456FEF7C4FE18B1BDE801
:102B20007040FEF72DB83346402229462046FEF776
:102B3000DBFD0028F3D12046FEF710FE0028EED181
:102B40002046BDE87040FEF783BE2DE9F04F884671
:102B50000021044615461E4693B03C2203A802916C
:102B6000FCF702FB1C9F013E2F4404F5487904F159
:102B7000400A04F1040BBD4203D1002013B0BDE8AC
:102B8000F08FD4F864333F2B15D904F549730193C2
:102B900002AB00934A46534659464046FFF7B8FFFA
:102BA0000028EBD1024604214846FFF717FD002814
:102BB000E4D1C4F86403D4F8643315F8012B591C2C
:102BC000C4F86413234493F82433534006F8013FB8
:102BD000D1E7F0B500240546ADB03C220F460DA864
:102BE00021460C94FCF7C0FA3C2221461DA8039410
:102BF0001C94FCF7B9FA1C22214605A80494FCF7A2
:102C0000B3FA95F8A5330BBB0CAB1CAE009338465A
:102C1000019605F1400303AA291DFFF779FF044639
:102C200060B92022314604A8FCF779FA04A905F519
:102C30005A70FBF743FD012385F8A5334021304648
:102C4000FEF7AEF8202104A8FEF7AAF820462DB022
:102C5000F0BD1FB5002390F899200446CDE900335C
:102C6000CDE9023322B16946C2F11002FFF705FF38
:102C700068461021FEF794F86A460023D4F89C03B6
:102C800020FA03F10833402B02F8011BF8D100238E
:102C9000D4F8A0030DF1070220FA03F10833402B0A
:102CA00002F8011FF8D1102269462046FFF7E5FE21
:102CB00000231021684684F89930FEF771F804B0BB
:102CC00010BD13B5049CCDE9003413460A4601211A
:102CD000FBF75AFB02B010BD13B5049CCDE90034DC
:102CE00013460A460021FBF74FFB02B010BD0C2A29
:102CF00038B50446154606D14030FCF710FA0020DE
:102D000084F84D5038BD6FF08600FBE7C0E914121F
:102D100000207047F0B590F89C3004460F461646E8
:102D2000B5B08BB96946FFF754FF054648B932463E
:102D300039462046FFF7A1FED4F89C333344C4F84B
:102D40009C33284635B0F0BD6FF08805F9E72DE9D2
:102D5000F04FB7B09A46409B0546934289461746C6
:102D600057D302A9FFF735FF064600284DD1284664
:102D7000FFF7BBFE2846FFF7A4FE012385F89C3031
:102D800095F858303446012B36D0BC4236D295F8EF
:102D900099803B1BC8F14008984528BF984609EB2D
:102DA000040B424659462846FFF767FE5A46284616
:102DB000CDF800800AEB040302A9FFF7C6FE58BB5A
:102DC0004444E2E795F899803B1BC8F140089845D8
:102DD00028BF98460AEB040B5B462846CDF80080D6
:102DE00009EB040202A9FFF7B0FEA8B94246594612
:102DF0002846FFF742FE4444BC42E3D3419B1C609B
:102E0000D5F8A0332344C5F8A033304637B0BDE829
:102E1000F08F6FF08906F8E70646F6E730B5B5B0F3
:102E200090F89A20399B04469A4219D86946FFF7D0
:102E3000D0FE054688B92046FFF757FE2046FFF72B
:102E400040FE2046FFF705FF389904F55A7000F060
:102E50007DFB94F89A203A9B1A60284635B030BD25
:102E60006FF08905F9E7002330B5B9B004A905462C
:102E7000CDE90033CDE90233FFF7ABFE0446D8B904
:102E80002846FFF732FE2846FFF71BFE2846FFF7CD
:102E9000E0FE694605F55A7000F058FB3C9968461B
:102EA00095F89A20FDF736FF1021041E684618BFDA
:102EB0006FF09404FDF774FF204639B030BD08B5BB
:102EC0004FF46A71FDF76CFF002008BDF8B50D46A0
:102ED000064607682846D41B214600F066F83A46A5
:102EE00071682819BDE8F84000F08AB8FFF7EEBF16
:102EF000F8B507461646D2E900208A420C460BDB9D
:102F0000551A294600F051F822463946706828447F
:102F1000BDE8F84000F0A2B8891A3944F8E770B566
:102F200014460E461D4621461A46FFF7E1FF21468C
:102F3000304605F10802BDE87040FFF7D9BF70B513
:102F4000054616461C461A46FFF7C0FF2246314684
:102F500005F10800BDE87040FFF7B8BF10B50446A2
:102F6000FAF77AFD436963B12046FAF78FFE50B94C
:102F7000D4E900321343F7D0201DBDE81040FAF722
:102F800085BE6FF0020010BD13B504680B440194B8
:102F900001AC2244994203D1019B036002B010BDF1
:102FA00011F8014B02F8014BF4E7F7B505460C4662
:102FB00009B3002310F0030601930BD0C6F10407F8
:102FC00032463B4601A920F00300FFF7DDFF26440F
:102FD0003D44341F2A46002124F003032B449A4227
:102FE0000BD114F0030306D024F00304002201A93E
:102FF0002819FFF7C9FF03B0F0BD42F8041BEEE744
:103000002DE9F04110F0030705460E4614460BD09B
:10301000C7F1040843463A4620F00300FFF7B4FF27
:10302000043C454446443C44324624F00303291FF3
:1030300033449A420BD114F003030DD024F003045F
:10304000311928190022BDE8F041FFF79DBF52F861
:10305000040B41F8040FECE7BDE8F08173B50AB941
:1030600002B070BD21F003031B6801F0030401935B
:10307000C4F10403934228BF134601AD2C44C51884
:1030800014F8016B00F8016BA842F9D11944D21A67
:10309000E5E7037823F007030370C37F03F07F03A2
:1030A00043F04003C377704770B514464FF4AA72DB
:1030B00005460E46FEF720FC98B93046FEF7EAFCBE
:1030C000234602462018984205D121462846BDE8ED
:1030D0007040FEF739BC197881F0360103F8011B06
:1030E000F1E770BD2DE9F047044608461E460D463F
:1030F0009146DDF82080FEF7CBFCB042074606D9AA
:103100002046FEF7F6FB6FF04000BDE8F08728464A
:10311000FEF7C0FC08EB000A064651462046FEF7C3
:1031200081FC0028F1D12046FEF7AAFC0028ECD152
:1031300043469A4509D12B4641462046CDF820907A
:10314000BA19BDE8F047FDF7D7BD1A7882F06A02D8
:1031500003F8012BEDE72DE9F74F1C46DDE90C6B79
:1031600005460F469246FEF793FC81462846FEF739
:1031700091FCA042804618D222462B465146384642
:103180000096FDF7B9FD0246D8B9A8EB0903ABEBF1
:10319000090106EB0900FDF7F8FD324629463846DD
:1031A00003B0BDE8F04FFFF77FBF224651463046DF
:1031B000FBF7B5FF0022A8EB0403ABEB04013019C9
:1031C000E9E703B0BDE8F08F0B46D0E901108A4271
:1031D000084402D31A4600F01EBA6FF04000704750
:1031E0002DE9F04FD0E90023C1E92023D0E90223E3
:1031F000C1E92223002200230C464FF003080425D6
:10320000C1E90023C1E9022385B0082204EB451679
:10321000B1180DEB0200FBF782FF039B029A1BBA69
:1032200012BA5B0843EAC27352081BBA12BACDE95C
:103230000223082204EB05170DEB0201B818FBF777
:103240006EFFF2793B7A314643EAC21308223B72A1
:103250000DEB0200FBF763FF039B029A1BBA12BA45
:103260005B0843EAC27352081BBA12BACDE90223C3
:10327000082238460DEB0201FBF751FFF27B4FEAC3
:10328000051912F0010F0CBF00226FF01E0214F896
:103290000930B8F1010883EA020304F809304FEA63
:1032A0006505B2D10427082604EB06153301E3585F
:1032B0006A681BBA12BACDE90223082228460DEB30
:1032C0000201FBF72CFFAB68EA681BBA12BACDE922
:1032D000022308220DEB0201A818FBF720FF013F93
:1032E0004FEA6606E0D103274FF0020901264FEAB4
:1032F000091303F11008E3180093002504EB061BE3
:1033000004EB080A009B0422591902A8FBF707FFE7
:10331000029B0BEB0501042202A80193FBF7FFFEC1
:10332000DDE901320AEB0500534002A9042204350D
:103330000293FBF7F4FE102DE4D101364E4508F15F
:103340001008DAD1013F4FEA4609CFD1384605B01F
:10335000BDE8F08F2DE9F04FD0E90854D0E90A76A6
:1033600091B0CDE90B130368804602934368019244
:10337000039383680793C3680993039B03EB930349
:103380000A93079B03EB93030893099B03EB9303B7
:103390000493036B0593002399460693069B0B9AAF
:1033A000934209D1059BC8E90854C8E90A76C8F8D0
:1033B000303011B0BDE8F08F042201990FA8FBF75F
:1033C000AEFE04220F9B0FA80D93019B9918FBF7EB
:1033D000A6FE019B042203F108010FA8DDF83CB012
:1033E000FBF79DFE019B042203F10C010FA8DDF801
:1033F0003CA0FBF794FE0D9B14EB0B0049EB09017D
:10340000ED1849EB090B1BEB000B41F100010F9A82
:1034100017EB0A0A49EB090311EB0A0A43F100030F
:10342000B2180C9849EB09019A18059B034443EB29
:10343000010C049B0299ABFB0330A5FB01411B1956
:1034400040EB01000899AAFB01411B1940EB010068
:103450000A99A1FB02145B1805930799039B40EBA3
:103460000400ABFB0336A5FB01411B1946EB01062B
:103470000299AAFB01411B1946EB01060499A1FB25
:1034800002145B18089946EB0406ECFB01360D9319
:10349000079B099CA3FB0B13E5FB0413039CAAFBEE
:1034A0000474C91943EB0403029CA4FB02470919E5
:1034B000049C43EB0703ECFB04138E46039C029928
:1034C000A5FB0454ABFB01B11BEB050541EB040468
:1034D0000499AAFB01A115EB0A0A44EB0101089C1F
:1034E000A4FB02251AEB020A41EB05010A9A1AEB2A
:1034F000000A41F10001ECFB02A10D9A8F1846F180
:103500000006029A16EB0E0643F100030CFB023391
:1035100023F003029D08AD18059A49EB0904AD1884
:1035200044F100041AEB040449EB0902BF1849EB0B
:103530000902B61803F0030343F100030593069B49
:1035400001330693019B1033019327E72DE9FF47D1
:10355000D0E90A9C00220E46D0E9081811F1050AAC
:1035600042F1000718EB070742EB020319EB0303D4
:10357000056B42EB020E1CEB0E0E45F10005AD088B
:103580006C42013D0CEA050C08EA050809EA050948
:103590002940056927400195456947EA08077F19D1
:1035A0000AEA040A019D41EA0A0142EB02084919AC
:1035B00042EB02057F1903EA0403856943EA090324
:1035C00048F100085B1904EA0E04524113EB0805A8
:1035D000C36944EA0C041C4444EB02040391042232
:1035E00003A93046FBF79BFD042203A9B0180397FB
:1035F000FBF795FD03A9042206F108000395FBF7EC
:103600008EFD042203A906F10C000394FBF787FD4D
:1036100004B0BDE8F0872DE9F0470446104639B103
:1036200022460023164612F8015B35B98B4202D1BF
:103630006FF0530435E00133F4E78B42F8D04A1EB3
:103640009A4201D1022DF3D9A25CD2072FD5FF24D3
:1036500015EA040228D1E443A1EB0308C718FDF7DB
:1036600094FBE5B208EB070A424639460020F7F71B
:10367000E5F90446E8B93B7881462B403B703B4670
:1036800013F8012B534549EA0209F9D100234246B8
:1036900031463846FDF7E9FAB9F1000FE4D00028C9
:1036A000E2DA2046BDE8F0876400E4B2D0E76624A1
:1036B000F7E70224F5E70346002030B5013A00D2CF
:1036C00030BD1D780C78A54202D008B9281BF5E75B
:1036D00001330131F2E72DE9F047B1F5004F07461C
:1036E000DDE908960D4690461C4603D2042B01D80E
:1036F000042E01D9F4F722FE2406360406F4E0264F
:1037000004F0E0643443A9B24B46424638462143B4
:10371000BDE8F047F4F7DCBD70B504460020034671
:10372000934200D170BDE55CCE5C01337540284307
:10373000F6E70020704700207047002303607047C1
:1037400003680B4202D000680840704720BFF7E7CB
:10375000036823EA010303607047034600681A68A0
:1037600008400A431A6070472DE9E04F2746A046FB
:10377000A146A246A346A446A2B02DEC000A84F3BB
:10378000008825462646A447EFF3148515F0080F58
:1037900018BFB0EE400A3DEC000A22B0BDE8E08F51
:1037A0000338FDD870470000000000000000000052
:1037B0000000000000000000FF000000000000000A
:1037C00001000000000000000101000000000000F6
:1037D0000000000000000000FF00000000000000EA
:1037E00001000000000000000301000000000000D4
:1037F0000000000000000000FF00000000000000CA
:103800000100000000000000000000C400000000F3
:103810000000000000000000B300000000000000F5
:103820000100000000000000000000000000000097
:1038300002C0FF7F0000000000C000000000000088
:10384000010100000000000002C0FF7F0000000036
:1038500000C00000000000000001000000000000A7
:1038600002C0FF7F0000000000C000000000000058
:10387000000000C40000000001C0FF7F0000000045
:103880000028000000000000000000C4000000004C
:1038900002C0FF7F0000000000C000000000000028
:1038A0007AFFFFFF00010100000202000014000087
:1038B000002800000040000001000000020000009D
:1038C0000100000006000000E838010000000000D0
:1038D0004F14010020000000100000001000000044
:1038E000200000000000000011000000110800008E
:1038F000112800000000000041000000010000004D
:10390000010000001039010001000000101010003B
:1039100011000000110800001148000011280000EB
:103920000100000030390100044020010101401075
:10393000140000001404000000000000142800001F
:103940000400000004000000000000006C390100C9
:103950004D3F010061180100400000002000000000
:1039600040000000300000000000000014000000D3
:103970001404000014280000142C0000440000006F
:1039800004000000040000000F0000001000000010
:1039900010000000200000001000000010000000D7
:1039A000A4390100110000001128000011080000D6
:1039B00001000000080600000002000000040000F2
:1039C000200000004000000020000000480000002F
:1039D000C9D600001300000063000000A30000002F
:1039E000030000000000100020000000CE3F010096
:1039F000C0000000F83901000000000000000000D5
:103A0000000000000000000000000000103A01006B
:103A10000F00000000000000000000000600000091
:103A200000000000283A0100000002000000000031
:103A30000000000000000000000000003000000056
:103A4000C00000001800000031000000000000006D
:103A500030000000E00000001C0000003900000001
:103A60000000000030000000000100002000000005
:103A70004100000000000000300000004001000094
:103A8000280000005100000000000000300000008D
:103A90008001000030000000610000000000000014
:103AA0003000000000020000400000008100000023
:103AB0000000000017000000C00000001800000017
:103AC000310000000000000017000000E1000000CD
:103AD0001D0000003B000000000000001700000077
:103AE0000001000020000000410000000000000074
:103AF00012000000C00000001800000031000000AB
:103B00000100000012000000E00000001C000000A6
:103B10003900000001000000120000000001000058
:103B20002000000041000000010000001200000021
:103B300040010000280000005100000001000000CA
:103B40001200000080010000300000006100000051
:103B50000100000012000000090200004200000005
:103B6000850000000100000041000000FF0000008F
:103B700020000000200000000000000041000000C4
:103B8000C001000038000000380000000000000004
:103B900042000000FF0000002000000020000000A4
:103BA0000000000042000000C001000039000000D9
:103BB0003900000000000000BC3B0100260000109E
:103BC00000000000003000000C00000000000000B9
:103BD000D43B010022000010000C00000031000066
:103BE0000C0000000000000321E8000011E80000C4
:103BF00001E8000031E8000041E8000051E8000061
:103C000061E8000071E8000081E8000091E8000030
:103C1000A1E80000EC13EC1300000000E41BE01F1F
:103C2000D02FC03FE41BE01F00000000E41BE01F9A
:103C3000D02FC03F0000C03F0000201C403860244F
:103C40008070A06CC048E05400E120FD40D960C500
:103C50008091A08DC0A9E0B554464D5F43525950A4
:103C6000544F0054464D5F50524F544543544544C1
:103C70005F53544F524147455F5345525649434560
:103C80000054464D5F494E5445524E414C5F54528C
:103C900055535445445F53544F524147455F534534
:103CA00052564943450054464D5F504C4154464F8F
:103CB000524D5F53455256494345003078005B559D
:103CC0006E737570706F72746564205461675D0007
:103CD0003031323334353637383941424344454642
:103CE0003031323334353637383961626364656672
:103CF000141400001C2030401C2000001C20304008
:103D00000040505341004B4559002F6F70742F6E87
:103D10006F726469632F6E63732F76332E332E3187
:103D20002F6E72662F7375627379732F6E72665F72
:103D300073656375726974792F7372632F64726926
:103D4000766572732F63726163656E2F636F6D6D3D
:103D50006F6E2F7372632F63726163656E2F6C6970
:103D6000625F6B6D752E6300415353455254494F4A
:103D70004E204641494C20402025733A25640D0AC7
:103D8000002F6F70742F6E6F726469632F6E637390
:103D90002F76332E332E312F6E72662F737562732A
:103DA00079732F6E72665F73656375726974792FAC
:103DB0007372632F647269766572732F63726163C5
:103DC000656E2F63726163656E7073612F737263CA
:103DD0002F63726163656E5F7073615F68617368A2
:103DE0002E63002F6F70742F6E6F726469632F6E75
:103DF00063732F76332E332E312F6E72662F7375C9
:103E0000627379732F6E72665F736563757269741E
:103E1000792F7372632F647269766572732F637280
:103E20006163656E2F63726163656E7073612F737A
:103E300072632F63726163656E5F7073615F6B6540
:103E4000795F6D616E6167656D656E742E63004BA1
:103E50004D550001030240400000404080808080BA
:103E6000000090886848141400001C2030401C207A
:103E700000001C20304000402F6F70742F6E6F7256
:103E80006469632F6E63732F76332E332E312F6E5A
:103E900072662F7375627379732F6E72665F7365C6
:103EA0006375726974792F7372632F6472697665B2
:103EB00072732F63726163656E2F63726163656EE7
:103EC0005F73772F7372632F63726163656E5F73C5
:103ED000775F6369706865722E63002F6F70742F4F
:103EE0006E6F726469632F6E63732F76332E332E79
:103EF000312F6E72662F7375627379732F6E7266CF
:103F00005F73656375726974792F7372632F64725E
:103F100069766572732F63726163656E2F63726178
:103F200063656E5F73772F7372632F63726163656E
:103F30006E5F73775F6D61632E6300141400001C65
:103F40002030401C2000001C2030400040000000B9
:103F5000000000000000000000000000002F6F7053
:103F6000742F6E6F726469632F6E63732F76332EB6
:103F7000332E312F6E72662F7375627379732F6EC5
:103F800072665F73656375726974792F7372632FDC
:103F9000647269766572732F63726163656E2F73E5
:103FA0007873796D63727970742F7372632F706C8C
:103FB0006174666F726D2F626172656D6574616C9C
:103FC0002F696E74657272757074732E6300FFFFD3
:103FD000FFFF0000000100000000000000000000E2
:103FE0000000FFFFFFFFFFFFFFFFFFFFFFFFFFFFDF
:103FF000FFFF00000000FFFFFFFFFFFFFFFFBCE629
:10400000FAADA7179E84F3B9CAC2FC6325516B179A
:10401000D1F2E12C4247F8BCE6E563A440F2770315
:104020007D812DEB33A0F4A13945D898C2964FE39A
:1040300042E2FE1A7F9B8EE7EB4A7C0F9E162BCE48
:1040400033576B315ECECBB6406837BF51F5FFFFBB
:10405000FFFF000000010000000000000000000061
:104060000000FFFFFFFFFFFFFFFFFFFFFFFC5AC63F
:1040700035D8AA3A93E7B3EBBD55769886BC651D53
:1040800006B0CC53B0F63BCE3C3E27D2604B20303E
:1040900042506172746974696F6E20696E697469E7
:1040A000616C697A6174696F6E204641494C454480
:1040B00020696E20307825780D0A0000000000008D
:1040C000387F000000000000000000000000000039
:1040D0000000040048080D0000000000387F0000C8
:1040E00000000000000000000000000000000400CC
:1040F00000020B00000000000090D00300401050B0
:1041000000000000000000000000000000000000AF
:10411000000000000000000000000000000000009F
:10412000000000000000000000000000000000008F
:10413000000000000000000000000000000000007F
:10414000000000000000000000000000000000006F
:10415000047F0000040000000000000000000000D8
:10416000FFFFFFFFFFFFFFFFFFFFFFFFFFFFFFFF5F
:10417000000000000000000000000000000000003F
:1041800000000000000000000000D6010000000058
:1041900000000000000000000000000790ED00E0BB
:1041A000004010505B47105018B10020D8AF0020DD
:1041B000200500007DF20000A3F200009FF2000045
:1041C00069F10000677420005CC1002060C100201C
:020000040004F6
:10A000000878012079940500377C060065940500E6
:10A010006594050065940500659405006594050048
:10A02000000000000000000000000000DD950500B9
:10A0300065940500000000007D950500659405000D
:10A04000619705006197050061970500619705001C
:10A05000619705006197050061970500619705000C
:10A0600061970500619705006197050061970500FC
:10A0700061970500619705006197050061970500EC
:10A0800061970500619705006197050061970500DC
:10A0900061970500619705006197050061970500CC
:10A0A00061970500619705006197050061970500BC
:10A0B00061970500619705006197050061970500AC
:10A0C000619705006197050061970500619705009C
:10A0D000619705006197050061970500619705008C
:10A0E000619705006197050061970500619705007C
:10A0F000619705006197050061970500619705006C
:10A10000619705006197050061970500619705005B
:10A11000619705006197050061970500619705004B
:10A12000619705006197050061970500619705003B
:10A13000619705006197050061970500619705002B
:10A14000619705006197050061970500619705001B
:10A15000619705006197050061970500619705000B
:10A1600061970500619705006197050061970500FB
:10A1700061970500619705006197050061970500EB
:10A1800061970500619705006197050061970500DB
:10A1900061970500619705006197050061970500CB
:10A1A00061970500619705006197050061970500BB
:10A1B00061970500619705006197050061970500AB
:10A1C000619705006197050061970500619705009B
:10A1D000619705006197050061970500619705008B
:10A1E000619705006197050061970500619705007B
:10A1F000619705006197050061970500619705006B
:10A20000619705006197050061970500619705005A
:10A21000619705006197050061970500619705004A
:10A22000619705006197050061970500619705003A
:10A23000619705006197050061970500619705002A
:10A24000619705006197050061970500619705001A
:10A2500061970500CBA30600619705006197050093
:10A260006197050061970500B5A306006197050099
:10A2700061970500619705006197050061970500EA
:10A2800061970500619705006197050061970500DA
:10A2900061970500619705006197050061970500CA
:10A2A00061970500619705006197050061970500BA
:10A2B00061970500619705006197050061970500AA
:10A2C000619705006197050061970500619705009A
:10A2D000619705006197050061970500619705008A
:10A2E000619705006197050061970500619705007A
:10A2F000619705006197050061970500619705006A
:10A300006197050061970500619705006197050059
:10A310006197050061970500619705006197050049
:10A320006197050061970500619705006197050039
:10A330006197050061970500619705006197050029
:10A340006197050061970500619705006197050019
:10A350006197050061970500619705006197050009
:10A3600061970500619705006197050061970500F9
:10A3700061970500619705006197050061970500E9
:10A3800061970500619705006197050061970500D9
:10A3900061970500619705006197050061970500C9
:10A3A00061970500619705006197050061970500B9
:10A3B00061970500619705006197050061970500A9
:10A3C0006197050061970500619705006197050099
:10A3D000619705009FA3060061970500619705003E
:10A3E0006197050061970500619705006197050079
:10A3F0006197050061970500619705006197050069
:10A400006197050061970500619705006197050058
:10A410006197050061970500619705006197050048
:10A420006197050061970500619705006197050038
:10A430006197050061970500619705006197050028
:10A440006197050061970500619705006197050018
:10A450006197050061970500619705006197050008
:10A4600061970500619705006197050061970500F8
:10A4700061970500619705006197050061970500E8
:10A4800061970500619705006197050061970500D8
:10A4900061970500619705006197050061970500C8
:10A4A00061970500619705006197050061970500B8
:10A4B00061970500619705006197050061970500A8
:10A4C0006197050061970500064A074B02604FF44B
:10A4D00022725B7882800822C3710023827103722A
:10A4E000704700BF2960050078080120064A074B25
:10A4F00002604FF49C725B7A82800822C371FF2352
:10A5000082710372704700BF4D5B0500780801201F
:10A51000F8B5C41D0028054624F007040CBF002030
:10A52000204600F079FA071E02DA6FF00B00F8BD42
:10A53000254EB18870880331F3790330B27989B23E
:10A5400080B209F0CDF90028EFDB3C447378317814
:10A55000002D04F10304194424F0030400FB01F16D
:10A560000CBF0020204600F0DBFB23180DB9002BA8
:10A57000DBDB717A184679B10333002D728923F041
:10A5800003040CBF0020204600F03CFC0028CCDB7C
:10A5900020440DB90028C8DB317A91B1737A83B1B8
:10A5A000C41D002D24F007040CBF0020204603F03A
:10A5B000D1F80028B9DB0DB10020B8E72018B6D5D6
:10A5C000B3E7002DF8D1B2E7780801201FB572B6C5
:10A5D000194BDC68ECB9BFF34F8F1849184BCA68A8
:10A5E00002F4E0621343CB60BFF34F8F00BFFDE77F
:10A5F000B2FBF6F22B465D1C002AF9D1DBB203F167
:10A6000010056D4405F80C2C0A2233B901A8A047A7
:10A61000E1E7024600230A26EDE7013BDBB203F146
:10A6200010050DEB0506B0FBF2F502FB150030300E
:10A6300006F80C0C2846E8E77808012000ED00E059
:10A640000400FA050A4B07B5DA886846ADF8002021
:10A650009A885B88ADF80420ADF8023001F010FD57
:10A6600018B1FC219C20FFF7B1FF03B05DF804FB9B
:10A670007808012010B5044628B308F09BFB10B9F8
:10A680004FF0FF3010BD07F023F8B0F5FA7FF7D890
:10A690000E4B00221A744FF48072DC601A801B2269
:10A6A0005A809A8040F20322DA804FF484721A8131
:10A6B0001F225A81EFF3108472B600F0FFFB04B939
:10A6C00062B60020DEE76FF01500DBE778080120B6
:10A6D00010B5002840D1234C237C032B39D059B12D
:10A6E000002A3CD00239052936D8DFE801F00312F0
:10A6F00027352A2D137863700020FFF709FF002803
:10A70000B7BF012302236FF00B002374A8BF23748B
:10A7100010BD13791BB353790BB31188FB291ED8D5
:10A7200053881B3B9BB2E02B19D81A2917D9136801
:10A730009288C4F802300C4B9A80DDE7137863727C
:10A74000DAE713886381D7E71388FF2B07D82372D2
:10A75000D2E74FF0FF30DBE76FF02C00D8E76FF067
:10A760001500D5E7780801207A080120F8B50D46D4
:10A77000064620B319B311F0070420D1114F3B7CDA
:10A78000012B02D16FF00B00F8BD032B02D14FF06B
:10A79000FF30F9E700F060F80028F8D02846FFF70E
:10A7A000B7FE0028EEDB0BF09CFC3046214601F0A2
:10A7B000E9FCFFF747FF032320463B74E4E76FF013
:10A7C0001500E1E77808012010B5064C237C032B27
:10A7D00003D101F0EDFC02F02BFA09F083F900201F
:10A7E000207410BD7808012050B1074B03F114020A
:10A7F00053F8041B934240F8041BF9D10020704722
:10A800006FF01500704700BFFAFB060008B501F0B5
:10A8100085FC03490120BDE8084000F0F5B800BF01
:10A82000EDA4040008B501F08DFC03490020BDE84B
:10A83000084000F0E9B800BFC9A404000268002085
:10A84000014B1A60704700BF8C080120014B1B6848
:10A85000184700BF8C080120024B1868003818BF49
:10A86000012070478C080120074B4FF0FF3141F663
:10A87000FF72C3E9001205490022C1E900221F212D
:10A88000C3E90212704700BF0000012090080120B8
:10A890003F280CD801380B4BC0F3421200F01F00C8
:10A8A00053F8223023FA00F000F001007047FF282F
:10A8B00006D04038044BC0F3421200F01F00EFE70F
:10A8C000012070470000012090080120074B01463D
:10A8D000006849681A4603C240F48C2200201A60BE
:10A8E00041F0107242F4FF625A607047000001208C
:10A8F0000246034B0068516803C30020704700BF45
:10A90000900801200246034B0068516803C30020F1
:10A91000704700BF080001200138064BC0F3421207
:10A9200000F01F0003EB82039B6823FA00F000F0A5
:10A9300001007047000001200A8870B595B2C67CFE
:10A94000C2F30E020488023602F118033444C35ADB
:10A95000A4B233442344013BB3FBF4F303FB0422CE
:10A96000438892B29342044B8BBF2B40AB431343BB
:10A970009BB20B8070BD00BF0080FFFF4A1E062AFD
:10A9800008B50346084604D84FF4D1711520FFF7E7
:10A990001DFE094A914202D940F2A311F6E711B90E
:10A9A00003B1196008BD2BB11B680022C3E9012166
:10A9B0001A1D1A600430F5E7FAFFFF7F10B5114B3E
:10A9C00000EB41041A786389B3FBF2F303FB022323
:10A9D000013A1A44B2F5706F0279807828BF0023DB
:10A9E0001A440B18B2FBF0F100FB11215B1AB3FB08
:10A9F000F0F100FB113313446FEA43436FEA534312
:10AA0000638110BD98080120024B03EB800359605D
:10AA1000704700BF980801202DE9F04F10F0070A99
:10AA200085B0054604D040F26F111720FFF7CEFD28
:10AA3000524F044607F10C06B146B04657F8043BA6
:10AA40008DF80BA03BB101A898479DF80A30082B60
:10AA500001D9F521E9E79DF80B1041BB05B1316043
:10AA60004F4506F10406E9D1002D6FD00022DFF832
:10AA700010910227964689F8002058F827A0013F38
:10AA8000BAF1000F55D09AF804609AF802C0FF2E70
:10AA900060D039460023481C38D19C44BCF1FF0FDC
:10AAA0003FD90AB189F800E04FF49A71BDE79DF8EB
:10AAB0000AC04B1D60465A0004EB4303022838BF0E
:10AAC0000220441E40422344BDF808406444CCF1B7
:10AAD000000C0340013C04EA0C04B4F5803F02D3AF
:10AAE00040F20511A1E775B19A1A01203260917008
:10AAF0001480D0709DF80C00107101984FEA104C32
:10AB00001081A2F806C004FB0134A9E758F821001F
:10AB100028B190F804B0B34504BF80781B18013900
:10AB2000B9E7DBB2E6458AF804303CBF5FFA8CFE39
:10AB300001227B1CA1D10AB189F800E0022640F66F
:10AB4000FF6A58F82670B7B9013EFAD2601B05B00B
:10AB5000BDE8F08F0023E5E707EB410309F10109A8
:10AB60003846A3F80AA0FFF729FF5FFA89F1BB78FE
:10AB70008B42F1D8E8E74FF00009F6E79C08012086
:10AB80009808012038B54FF6FF7302460380184B32
:10AB900003EB81031869A8B184780379B3FBF4F15E
:10ABA00004FB1133DBB2194600EB4105B5F90A503D
:10ABB000002D0EDB0131B1FBF4F504FB1511C9B218
:10ABC0008B42F1D1002038BD6381BDE8384008F0E8
:10ABD00063BE00EB41046389C3F30E031380C278A4
:10ABE000002AF1D14FF4E5711720FFF7EFFC00BF09
:10ABF000980801201C4B03EB810370B51C690546C6
:10AC000044B3030404D54FF4EC711720FFF7DEFCC6
:10AC10000146204608F023FEFF28014604D02046C6
:10AC2000BDE8704008F038BEA078B5FBF0F300FB3B
:10AC30001353DBB219460A1D04EB4206B6F9026053
:10AC4000002E09DB0131B1FBF0F200FB1211C9B299
:10AC50008B42F0D1002070BD8B4201D00023E37005
:10AC600004EB42025580DAE798080120094B03EB18
:10AC70008103014610B51C69204608F0F0FDFF284D
:10AC8000014604D02046BDE8104008F005BE002073
:10AC900010BD00BF98080120F8B5104B074603EB24
:10ACA000810301461C69204608F0D9FDFF280546AE
:10ACB00011D0E288238953EA024606D00146204695
:10ACC00008F0EAFD01463846B04720462946FFF71E
:10ACD00075FE0020F8BD0520FCE700BF98080120A4
:10ACE00038B50E4B0446827903EB8203186908B924
:10ACF000052038BD8278E1799142F9D24B1CE3718D
:10AD000000EB41035D89B3F90A30002BF3DBA5802A
:10AD100008F0C2FD20600020EBE700BF980801208A
:10AD200070B5044610F003000E4603D04E211820E3
:10AD3000FFF74CFCFFF722FE054624B103483146DD
:10AD40000460FFF71BFE284670BD00BFB408012059
:10AD50002DE9F14FDFF870B01E4607460D46DBF8CF
:10AD6000003090469DF828A09DF82C901BB96021DA
:10AD70001820FFF72BFC52460921404608F0F7FB4C
:10AD80004A4684B20921304608F0F1FB81B2DBF873
:10AD90000000214408F037FD386018B9286001B080
:10ADA000BDE8F08F04445346414609222C603868C0
:10ADB00008F0A0FB4B4609223146286801B0BDE8E7
:10ADC000F04F08F097BB00BFB408012070B50E46E5
:10ADD000044608F0DFFB0546304608F0DBFB044B79
:10ADE0002A1821461868BDE8704008F031BD00BF40
:10ADF000B4080120024B186808B108F0F8BC70478D
:10AE0000B40801201F2AF8B5044624D89200134D37
:10AE1000033250B1830703D068210920FFF7D6FB26
:10AE200022F00303297068602B8122F0030228239B
:10AE30000127120403FB01F06B680025120CEEB22F
:10AE4000B14200D8F8BD14B126181F705E601044DE
:10AE500001352833F3E74FF0FF30F3E7B80801205E
:10AE6000154A002170B553681578C8B2854203D8D9
:10AE7000BA210920FFF7AAFB1C461846013114F835
:10AE8000286B0EB92346F0E700219970012412893E
:10AE9000996103F126055C709208D96103F11E04E3
:10AEA000596824F8022FAC4243F8041F1144F8D12A
:10AEB00000234361037070BDB8080120124B0122CA
:10AEC0004FF0FF3000215A60C3F80803C3F80015A3
:10AED000C3F804255A6040F6FE72C3F808034FF425
:10AEE0008060C3F8001503F560330849C3F80825EE
:10AEF000C1F88800BFF34F8FBFF36F8FC1F888018F
:10AF0000C3F80825704700BF00A0044000E100E03E
:10AF10000A460648192302F8033BC368C1F8033008
:10AF20000369536043699360704700BFC408012000
:10AF3000024B5A8C02435A845B6A1847C4080120AA
:10AF4000014B00215B6A1847C408012010B5154C5D
:10AF500005F0D0F905F046FE208DFFF7F1FF237EC6
:10AF600063B12246104904F1190052F80C3BE3602A
:10AF700063685360A368936009F04AFF0B4B228D0E
:10AF800093E8030002F01AFC236B188802F098FB88
:10AF9000A36B94F8341094F835009847002384F894
:10AFA0003C3010BDC408012011AF0400F00801209E
:10AFB000034B93F83C300BB1FFF7C8BF704700BF9D
:10AFC000C408012070B51B4C0646236D256B236415
:10AFD0004FF4817394F85400A4F8443095F88B3002
:10AFE00095F8691000EB83002EB9FF2803D195F87E
:10AFF00068308B4201D005F051F895F88B309BB149
:10B00000A06D05F031FAA16D206C05F071FD16B947
:10B01000304605F077FA95F86810002005F0BAFA86
:10B02000022384F83C3070BD206C05F01DFA05F059
:10B03000D9FDECE7C4080120F0B590F869000B4693
:10B04000124A87B0012801F1780103F1880392F8D0
:10B05000542051E9026706D0022814D040F22C4156
:10B060000620FFF7B3FA032401200025CDE90003F1
:10B07000CDE90450CDE902243B463246022005F0DA
:10B080006DFC07B0F0BD0424EEE700BFC40801204A
:10B0900008B5094B93F83C20022A04D040F2E6217F
:10B0A0002720FFF793FADA7A42F00102DA72BDE85C
:10B0B0000840FFF74BBF00BFC4080120F7B5184C8C
:10B0C0000646E56D0DB1A36C23B940F2E771272068
:10B0D000FFF77CFAB4F84C3001F003012F466B7097
:10B0E0002B7823F003030B4307F8033B3846B4F8EF
:10B0F0004C20A16C07F0B6FF0DF1020201A9206EF1
:10B100002564A76408F069FB019808F054FB01224C
:10B11000B4F84C103060206E08F0FCFA03B0F0BDBB
:10B12000C40801202DE9F0412A4C06460F4694F848
:10B130003C30012B5FFA83F804D040F62F01272022
:10B14000FFF744FA256B95F87C303BB100210420D1
:10B1500085F87C10FFF7ECFE85F87D8095F880304F
:10B16000042B0AD11C490220FFF7E2FEE36E1B7894
:10B17000991E4B424B4184F8743095F88B3023B1C3
:10B1800005F17801206BFFF757FF1EB1BDE8F041D4
:10B19000FFF7DCBE002FF9D0A36F30469847002898
:10B1A000F4D094F83430002BF0D1638C9A0708D592
:10B1B00094F87430002BE9D00020BDE8F041FFF78F
:10B1C00001BF002BE2D194F87C30002BF4D194F82D
:10B1D0007D30EFE7C4080120300901202DE9F04F50
:10B1E00000238FB0B34C07460791256BCDE90B3395
:10B1F00094F83C30022B04D04FF40C612720FFF769
:10B20000E5F9236C5A781E78A4F84C20032206F046
:10B2100003081344A4F84420A36495F88B30002855
:10B2200000F0DD80C6F3C009C3B105F0F9FC831E50
:10B23000DBB2012B04D8FFF789FE0FB0BDE8F08F19
:10B2400060B9B4F84C304BB195F8823003F001038B
:10B250004B4503D1012384F83530ECE7B4F84C10AA
:10B2600019B1206E08F036FA014695F88120238D39
:10B270000132E16543F40073D2B2238582EA960A73
:10B280001AF0010A1FD0069795F8822002F00103F8
:10B29000994558D04FF0000995F88A30002B00F0FE
:10B2A000C08095F8683005F1F00C05F5807E012B23
:10B2B000D5E9380100F0A480022B00F0018140F2B2
:10B2C0002C4106209BE795F8803053B3013B85F86D
:10B2D0008120DBB2042B0ED8774AD35C002BD2D06E
:10B2E000022B0BD10BA9D4F8840008F09CF988B983
:10B2F00040F2F76182E740F2D6617FE7032B10D17D
:10B3000001F00CF810B940F2017177E751460820BE
:10B31000FFF70EFED5E93832013342F10002C5E9EC
:10B320003832002195F87D3085F8801023B1102047
:10B3300085F87D10FFF7FCFD238D43F40063238522
:10B3400000230693A0E7B4F84C30E3B108F1FF31D5
:10B35000012918D8218D41F48051218594F8881055
:10B36000994206D294F8343043F0100384F8343014
:10B3700090E7E16D00298DD094F8891019B1202053
:10B38000FFF7DEFD86E70132B8F1030F85F8822072
:10B390001AD008F1FF32012A0BD8002B3FF47AAF04
:10B3A000B946D5E93A32013342F10002C5E93A32F1
:10B3B00072E7002B3FF46EAFD5E93A32013342F128
:10B3C0000002C5E93A3265E7238D01203B4943F489
:10B3D000805385F87C002385FFF7AAFDECE70BB1CD
:10B3E00005F038FC94F88A304FF000090133CDF8AD
:10B3F000189084F88A30238D43F4806323854BE7CB
:10B40000032200234FF0010A0392FB220093CDE9AF
:10B41000043ACDE901E20B4602466146042005F0FC
:10B420009DFAE36D002B4DD1B4F84C30B3FA83F3A1
:10B430005B0903EA161384F87D30079B002B43D188
:10B44000628C94F88A30110703D594F87420002A8E
:10B450003AD1012B38D8A36F01209847A0B394F8B4
:10B4600034608EBBD4F830A094F854309AF88B2016
:10B470009AF8681003EB8203FF2B03D19AF8693026
:10B480008B4202D0FF2004F009FE0022D4F830B035
:10B490008DF82920ADF82A209BF88020052A00F29B
:10B4A0004081DFE812F068001C011F011F0131011B
:10B4B000310100BFC4080120F8C106000C090120B9
:10B4C00004229EE70123B4E705F06EF8B9F1000FFE
:10B4D0004CD101230793A04C238D5A0606D440205B
:10B4E000FFF72EFD238D43F040032385069B6BB1B0
:10B4F000B4F80720B4F805301343B5F87E201343A1
:10B500001EBFB4F809300133A4F80930002F00F051
:10B510001C81B4F805300133A4F80530002384F809
:10B520008A308E4802F0BAF80B9830B108F043F92F
:10B5300000220272294601F083FC0C9B33B10022E9
:10B540001A720C2229460C9801F048FC079B002B2C
:10B550007FF471AE238D1B063FF56FAE8020FFF7A1
:10B56000EFFC238D43F08003238566E641460CA85B
:10B57000FFF7A4FDADE794F88B200DF12A010DA88B
:10B58000ABF85820ADF82A2000F0BAFE38B10D987B
:10B5900028B104228BF88020BDF82A2016E09BF801
:10B5A000C320002A40F095800DF129020DF12A01F7
:10B5B000D4F8840008F015F8002800F08A80BDF85F
:10B5C0002A20002A76D101218BF880106066A4F829
:10B5D0007020002A00F0A88003309BF88130E066DC
:10B5E00008939BF882309BF880B00993BBF1020F5F
:10B5F00009D0ABF10402012A00F2988003784FF0E1
:10B60000030B022B0ED0D4F8840008F042F8002877
:10B6100040F08F80BBF1030F04D000F08BFE80F070
:10B620000106F6B2616E089A0B78D000099A03F011
:10B63000F30300F008000343900000F0040003430C
:10B6400023F0100343EA061306F0010623F0030378
:10B6500084F87C60404E4BEA03020A700222B4F880
:10B6600070304B70A4F868209AF88A20002A62D0C3
:10B67000002B60D0A06D04F0F7FE0022A16D606E7B
:10B6800005F090F818B9616EA06D05F0CFF99AF841
:10B690006910012004F07EFF012386F88C3086F8C3
:10B6A0003C30B9F1000F3FF416AF41460CA8FFF74C
:10B6B00005FD10E79DF8291019B90322018081705A
:10B6C00068E7017801F0030101290CBF0321022181
:10B6D0007AE70022ADF82A2001228BF8802020484A
:10B6E000002273E7BBF858200DF12A01D4F884003A
:10B6F000ADF82A200DF1290207F073FF00287FF42E
:10B700004BAF40F20D5179E50DF12A010DA800F083
:10B71000F7FD08B10D9810B940F21C516EE50522F5
:10B7200038E740F2265169E5104656E74FF0010B25
:10B7300069E7012676E7706E04F096FE05F052FA8E
:10B740000021706E0AF0F5FCA1E7B4F80730013370
:10B75000A4F80730E5E600BFC4080120F008012086
:10B7600042090120064B10B593F83C2002F0FF047B
:10B7700022B91C7602F01AF8204610BD0C24FBE713
:10B78000C4080120094B0A4A10B51A60FFF7EAFF06
:10B7900020B14FF4A4712720FEF718FF054C00F0EC
:10B7A00017FD206500F018FDA06510BDB411012043
:10B7B00094B90400C4080120F7B56A4C089FCDE98C
:10B7C000000194F83C1001F0FF0511B90AB103B172
:10B7D00027B94FF408712720FEF7F8FE04F12C0C6E
:10B7E000A36784F834509DF8243084F88A5084F894
:10B7F000355084F88C506584258584F87C5084F815
:10B800007D5084F874506566E566A4F87050256430
:10B81000A564A4F84C5084F889306262A763DDE91E
:10B8200000018CE80300256B04F064FC05F0DAF9F4
:10B8300095F9700004F0BCFC6E6AE86904F0BEFC87
:10B84000304604F003FE95F89B0004F0C1FC09F0BB
:10B8500098FE95F8692000F16501012004F036FD9D
:10B86000414B186804F0F8FD2B69C4F884306B690B
:10B870002366236B93F8852093F86860A2F1290171
:10B88000012903D993F88610292951D193F85E3202
:10B890002BB1012E03D0012B0CBF0126022605F18E
:10B8A00030073146384609F043FB314609F03DF890
:10B8B000AB8F95F86910834228BF0346384684F859
:10B8C0008B3009F01EFB95F88B7095F86910B5F870
:10B8D000446009F02AF80FB9043080B2864228BFCC
:10B8E0000646F3B284F8883084F8543095F88B30EB
:10B8F00023B105F178012846FFF79EFB0120FFF7F1
:10B9000061FB236BD3F8B00104F0CAFD0023236070
:10B910006360A360B5F87E3063802B88238095F840
:10B920009B302371EB6E0BB101221A6003B0F0BDA6
:10B93000243A012A0DD827290DD093F8263113F087
:10B94000010202D19B07AAD50222012E18BF16467A
:10B95000A5E72729A3D193F8262193F86130134056
:10B96000EDE700BFC4080120B4110120014B93F89A
:10B970008C007047C4080120024B93F82900C0F3E3
:10B98000C0007047C4080120014B93F88A0070473B
:10B99000C408012091B00400DDB1040025B1040009
:10B9A000B1AF0400304BF0B55A8885B0B0F85C7088
:10B9B0000C46B0F85A6097429D8828BF17469642B9
:10B9C00028BF16461B2E2ED0B5F5A47F2DD040F6ED
:10B9D000480301A99D4228BF1D4608F0B4F8BDF8F0
:10B9E0000A30BB4228BF3B46E380BDF80C30AB4277
:10B9F00028BF2B462381BDF80630B34228BF33460B
:10BA00006380BDF80830AB4228BF2B46A380FF23DC
:10BA10002370E3881B3B9BB2E02B08D940F2E7611F
:10BA20003920FEF7D3FD1B2FCED105B0F0BD6388C2
:10BA30001B3B9BB2E02B02D940F2E961F0E723897E
:10BA4000A3F5A4739BB2B3F5E06F02D940F2EB61AA
:10BA5000E6E7A388A3F5A4739BB2B3F5E06FE4D93E
:10BA600040F2ED61DCE700BF5409012010B501216F
:10BA70000020FFF7FBF8044670B90121FFF7BAF880
:10BA8000044620B94FF459713920FEF79FFD034B4E
:10BA900093F906100AF02CF8204610BD5409012035
:10BAA000024B987DC04300F0010070477C0D0120DF
:10BAB000044B987DC0F3400080F0010000F00100CD
:10BAC000704700BF7C0D012008B508F0A5FE00F00E
:10BAD000D1FD00F0A1FB09F073F901F04DFE03F078
:10BAE000D7FF0022084B1B214FF4A4701A60074BAC
:10BAF00098801A8059800648064B186099805A74BD
:10BB00005A829A829A7508BDB81101205409012001
:10BB100003021B007C0D0120044B41F64C52C3E98B
:10BB200002221B221A74FFF7CFBF00BF7C0D012039
:10BB300073B5234D0446AB680363224B836109F060
:10BB400068FE064600F058FB8306297C53BF1B2382
:10BB50006B88AA881A46A4F85A301B4BA4F85C20BC
:10BB60001B6884F8381066871BB194F97010208820
:10BB70009847164E2046314608F0E6FE01236A88B3
:10BB800004F110006978E3850332AB88019192B229
:10BB900016F8121C033300919BB204F11401FFF755
:10BBA000D7F8236923B940F2BE613920FEF70EFDB4
:10BBB000636913B940F2BF61F7E7002002B070BDBE
:10BBC0007C0D012000093D00BC1101208E0D0120DB
:10BBD000024B1B6803B118470C207047B8110120B5
:10BBE000034B5A8802801B7883700020704700BF87
:10BBF0007C0D012037B5837805461A2B08D8042B15
:10BC000004D9144A22FA03F3DB0705D412241AE0FC
:10BC1000292B01D03B2BF9D12888B0F5706FF5D2D4
:10BC2000694608F0BBFE88B9019B93F8182102F021
:10BC3000FF046AB9AA7883F81921FF2283F8182132
:10BC4000684608F0B9F8204603B030BD0224FAE790
:10BC50000C24F8E7200038040188A1F11B039BB2F3
:10BC6000E02B0CD8428844F24810A2F5A4739BB292
:10BC7000834204D8034B002059809A8070471220D9
:10BC8000704700BF54090120034B5A889B880280EB
:10BC900043800020704700BF5409012038B5027866
:10BCA000447802F0010302F0020254EA030101D1D8
:10BCB000112038BDBAB98578002DF9D0002B18BFF6
:10BCC000002400E01D46204607F010FF0028EFD0BA
:10BCD000284607F00BFF0028EAD0054B00209C7493
:10BCE000DD749882E5E7002BECD000242546EAE7D6
:10BCF0007C0D012013B50088694608F06BFE0446F0
:10BD000020B9019890F82A311BB13A24204602B09C
:10BD100010BD90F8CE3003F0FF04002BF5D190F861
:10BD2000C5309B0706D1FF2380F82A31684608F00A
:10BD300043F8EBE70249C63009F06AF8E6E700BFCE
:10BD4000D9540500F7B5077805460C46EF2F0FD8F4
:10BD500090F901204378002A0ADB8278900707D106
:10BD600013F010001DD1990603F0030202D51AB199
:10BD7000122442E0032AFBD01E07F9D42979EA787D
:10BD8000EE7942EA0122697942EA0142A97941EA5F
:10BD900006212E7A41EA06418A42E9D81F2A0FD8A5
:10BDA000E6E713F0600FE3D103F00702052A05D0A0
:10BDB00003F00F010D22CA40D107D9D51A07DDD5EE
:10BDC0006A7A013A062AD3D8AA7A032AD0D813F07D
:10BDD000040102D1023A012A03D8EA7A012AC7D81B
:10BDE00011B9AA7C032AC3D82A7D48B1012ABFD140
:10BDF0002A7E012ABCD830B91124204603B0F0BDF8
:10BE0000022AF5D1B4E7DB0712D46B782A7D03F060
:10BE10001803082B11D1022AEED101213846FEF772
:10BE200025FF064678B109F017FEB8B10C24E4E707
:10BE300000F0A2F90028E8D1DEE7022AEDD02B7F3E
:10BE4000002BEAD0D8E701213846FEF7D3FE06469C
:10BE500040B3154B93F9061009F04AFE304609F03D
:10BE600037FF29462070E874304609F087FEEB7EE4
:10BE70000446002BC1D00028BFD10246B16A6846F3
:10BE800007F045FD2246B06A012107F08BFDB16A3B
:10BE90006846042207F03BFD22462146B06A07F0BF
:10BEA00081FDAAE70724A8E75409012030B50279EB
:10BEB0008BB00346042A4FD84088B0F5804F4BD84A
:10BEC000264900248D5C1144ADF800404A798DF874
:10BED000084042F010028DF8244042EA45028D7A73
:10BEE000C97B42EA850242EAC102694602F01F02AA
:10BEF0008DF80020BDF80020ADF809201A888DF8D3
:10BF00000E00000A8DF80B20120A8DF80D408DF8F6
:10BF10000C208DF80F008DF810405A7BD3F80700E5
:10BF20008DF811205A79059002A88DF812209A797F
:10BF30008DF81320B3F80B209B7BADF818208DF8FB
:10BF40001A307F238DF81B304FF00113CDE90734F1
:10BF5000FFF7F8FE0BB030BD1220FBE7FDC1060075
:10BF6000F7B50646FFF782FD044609F0BCFE3378BC
:10BF70000546012B61D1204609F0EDFD00287BD05C
:10BF8000204609F0B0FE18B115B9122003B0F0BD7B
:10BF9000204609F061FD08B10C20F7E7204609F0C2
:10BFA00098FD07460028F7D1204602F0A3FC0028A0
:10BFB000EBD0ED0142F2107339462046ADB25D433D
:10BFC00009F07DFE204609F086FE014658B92A4652
:10BFD000204601F0F3FE08B90020D7E741F66D4195
:10BFE0003920FEF7F3FA39460DF10600FEF7CAFDD7
:10BFF000064608B90D20C9E7394608F0FAFCBDF835
:10C00000063031462046338009F071FE012130466A
:10C01000FFF78EFD2A463146204601F0CFFE02464C
:10C0200010B141F69041DBE7144B9B68002BD3D055
:10C0300006F58D7130469847CEE7002BA5D12046F6
:10C0400009F089FDC0B1204609F006FD0028C3D0E3
:10C05000204609F0AEFB0546204609F0ADFB01463F
:10C06000002899D1002DB7D02888FEF715FE0028AA
:10C07000B2D041F6B241B3E7422087E7540901202C
:10C080000278034672B1427862B142881A2A09D90D
:10C0900082881A2A06D90068034A106000209B880B
:10C0A00093807047122070477C0D012002680020A9
:10C0B000014B9A60704700BF7C0D01200378A3F10B
:10C0C0000A02112A9BBF024A0020122013747047F3
:10C0D0007C0D012008B5052000F082F803F098FCE3
:10C0E000014B024A9A6008BD54090120A5B9040019
:10C0F00008B50122084B1A7002F0ECFB09F0AEFF04
:10C1000008F088FBFFF73EFB002007F0CDFBBDE801
:10C11000084000F09DBD00BF6009012010B5064C2D
:10C120000649201D08F040F904F108000449BDE863
:10C13000104008F039B900BF600901204800012013
:10C140005000012010B5084C0849201D08F02CF9BA
:10C1500004F10800064908F027F904F10C0005492C
:10C16000BDE8104008F020B9600901205800012006
:10C170006000012068000120014B1878704700BF63
:10C180006009012010B5064C00F03EFD606808F023
:10C1900003F9FFF7C1FC00F019FF0123237410BD60
:10C1A00060090120014B187C704700BF6009012025
:10C1B00010B5064CA06808F0EFF8E06808F0ECF85D
:10C1C000FFF782FC0023237410BD00BF600901202B
:10C1D000004870477109012000487047730A012028
:10C1E000C208044900F0070001238340885C034330
:10C1F0008B54704710000120014BD3E900017047B8
:10C2000010000120034B1868C0F30020400040F0EC
:10C21000010070471000012008B505F059FA00230D
:10C22000074A32F82310814205D302EB8302937848
:10C23000044A137008BD01330C2BF2D10023F7E739
:10C2400012C20600750B012010B54468238884F8DB
:10C250006711A4F8683194F86830012B06D0022BDE
:10C2600004D040F211310620FEF7B0F984F86A31AB
:10C2700094F86930012B01D0022BF2D184F86B3194
:10C2800004F5AF70034908F0C3FD002384F824319E
:10C2900010BD00BF3544050040680749038800F21F
:10C2A0005110A0F8093010F8F13CC37210F8F03CBE
:10C2B000037308F0A7BD00BF4B440500024B0022EA
:10C2C00083F822209A847047760B0120044B93F860
:10C2D0002220012A1ABF036001200020704700BFFE
:10C2E000760B0120054B024693F8221001291BBF53
:10C2F00001209A84002083F822007047760B0120E9
:10C30000054B024693F8220020B1136009B19B8CC3
:10C310000B800120704700BF760B0120044B0022E8
:10C3200093F822009A8410B1012083F822207047EC
:10C33000760B0120034B93F82200B0FA80F04009FD
:10C34000704700BF760B012050B90A4A01201346FE
:10C3500003F8010B0868C2F801008A889A807047C8
:10C36000012805D1034B0A68D8719A608A889A819E
:10C37000704700BF9C0B012050B90B4B187888B157
:10C38000D3F80120B3F805300A6001208B80704794
:10C39000012806D1044BD87920B19A689B890A609C
:10C3A000F3E70020704700BF9C0B012010B9044B3D
:10C3B00018787047012806BF014BD87900207047D4
:10C3C0009C0B0120F7B58A8800238DF80600ADF894
:10C3D000042008680B4A8DF807300146147802F5EE
:10C3E000A872019DD8B2844201D8082007E052F813
:10C3F000087F01335668AE4208BF8F42F2D103B0C6
:10C40000F0BD00BFB00B0120084B0146002230B543
:10C410005C7803F20113D0B2844201D8082004E012
:10C4200013F8015F01328D42F5D130BDB00B012010
:10C43000F8B52D4C63782218013B92F80251DBB21B
:10C440008342637030D01A010101961C8F1C264470
:10C45000274406F1100C56F804EB664547F804EB48
:10C46000F9D1823282312244214402F1100652F87D
:10C47000047BB24241F8047BF9D1E118221891F80B
:10C48000026182F8026106267343704303F58573E7
:10C4900000F58570E618E35827182350B388BB8051
:10C4A00091F83A3182F83A312846FFF7ADFF082873
:10C4B00018D12378013BDBB29D42237012D02B337D
:10C4C00005F12B0204EBC30304EBC20293E8030063
:10C4D00082E803002078FFF797FF08281CBF241884
:10C4E00084F80251F8BD00BFB00B0120F0B5254D16
:10C4F00089B095F8984105F299116846224606F0F0
:10C50000B1FD2146684608F0A6F90446B8B300EB31
:10C51000400102A8C9B2FEF799F9631E95F8A1611E
:10C520000124DBB295F8981105E0721CB2FBF1F022
:10C5300001FB1022D6B206F120020DEB020010F82A
:10C54000202C002AF1D103EB430100F8204C06EB2C
:10C55000460220312A44694411F8187C82F8A271FD
:10C5600011F8177C11F8161C82F8A37182F8A41137
:10C57000013BAA19DBB282F89941FF2BD2D109B055
:10C58000F0BD00BFB00B012070B5064688B00C4668
:10C59000002A4ED0294A92F8A131D01890F899116A
:10C5A00019B9FF212820FEF711F803EB43010133ED
:10C5B000114491F8A251E57091F8A35191F8A4119A
:10C5C00025716171002180F8991192F89811B3FBDF
:10C5D000F1F001FB103382F8A13192F8C23123B996
:10C5E000174902F5DD7008F010FC65790D22002175
:10C5F000684605F03F0545F0400565710AF0B9F859
:10C60000E37804AA69468DF80F30304623798DF817
:10C610000D508DF80E3004230AF015F89DF81F30E8
:10C6200023709DF81E3063709DF81D30A37008B014
:10C6300070BD03216018FEF709F9D6E7B00B0120A1
:10C64000EDC40400044B5A78824286BF1B1893F84D
:10C650004A010020704700BFB00B0120044B5A78FC
:10C66000824286BF1B1893F842010020704700BF2A
:10C67000B00B0120064B00224FF461711A8083F841
:10C68000C32183F8C421A3F8C61183F8C2217047DF
:10C69000B00B01202DE9F04782468946174698469F
:10C6A000FFF790FE08280546064603D0FFF7ACFECC
:10C6B000082860D1324C6378072B5ED8082D15D13D
:10C6C0002678731C072E237003D96C212820FDF7D0
:10C6D0007DFF06F12B02D9F8000004EBC20344F8F9
:10C6E0003200B9F8042083F806A09A80657807F133
:10C6F00010026B1C290163704B1C234412F8010DBE
:10C70000BA4203F8010FF9D1813108F11003214435
:10C7100013F8012D984501F8012FF9D12544102176
:10C72000404608F0C8F8102185F84201384608F064
:10C73000C2F885F802616678002385F84A0131461F
:10C74000104885F83A3108F086F80128054607D8E0
:10C7500031460D4808F07FF8002818BF0135EDB2CA
:10C7600084F898510025284684F8A151FFF7BEFEB1
:10C770002846BDE8F0871220FBE70720F9E700BF55
:10C78000B00B0120F20C0120FA0C0120064B10B571
:10C790005878013840B2002800DA10BDC4B22046F3
:10C7A000FFF746FE601EF5E7B00B0120014B83F852
:10C7B000C3017047B00B0120014B93F8C3017047D0
:10C7C000B00B0120431E4AF2B7129BB293429DBFA9
:10C7D000024BA3F8C601012000207047B00B0120D6
:10C7E000014BB3F8C6017047B00B01200A4B30B5BE
:10C7F0005C7884420ED9184490F802012B3003EB88
:10C80000C004A5790D7053F8300010600120A38892
:10C81000938030BD0020FCE7B00B012002460748A2
:10C8200010B590F8C34124B1417821B1023003F032
:10C8300051F9204610BD0C46FBE700BFB00B0120AC
:10C840002DE9F74F2F4C9A468046894663788342FC
:10C8500056D9231893F8425185F00105F9B193F8A0
:10C860004A31E3B945F002070135BAF1000F18D19A
:10C87000FA070AD5062104EB0810524601FB0841CD
:10C88000823001F58571FFF77FFEBB0734D504EBDD
:10C890000810524649460230FFF776FE2CE02F463C
:10C8A000E3E794F8A1614FF0010B002DE0D0A3194C
:10C8B00093F89911019399B90092DAB100F056FBFF
:10C8C000019B06EB4601009A4FEA102C83F899B1C0
:10C8D000214481F8A201000C81F8A3C181F8A401D0
:10C8E000013694F89831013DB6FBF3F103FB116674
:10C8F000F6B2DAE747F00407384603B0BDE8F08F38
:10C900000027F9E7B00B0120074B5A78824209D97A
:10C910001A1892F842212AB9062202FB003000F5CB
:10C920008570704700207047B00B0120064B5A7885
:10C93000824281BF1B1893F83A01B0FA80F0400997
:10C9400098BF0020704700BFB00B0120F8B50E461D
:10C95000074606211546304607F0ADFF044670B184
:10C960000C4B0022587803F23913D1B2884202D816
:10C9700001242046F8BD013203F8015FF5E7314696
:10C98000384607F084FF0828F3D0024B034483F8AD
:10C990003A51EDE7B00B0120034B80F870101B6893
:10C9A0000BB1008818477047C01101200B2808B54B
:10C9B00004D940F20D112920FDF708FE014B33F890
:10C9C000100008BD42C2060030B5002442F21075C6
:10C9D0008487B0F840404C43B4FBF2F4A0F84040E8
:10C9E000541E05FB0343B3FBF2F3C387084BB3FBB1
:10C9F000F2F30133A0F84430038F05FB0344036BCB
:10CA00005943B4FBF2F4B1FBF2F14463016330BD6E
:10CA1000005A62020346084671B13F2B0BD8074A01
:10CA2000D35C03F07F02914205D08CBF012000202F
:10CA300000EAD31070470120704700BF5AC20600B9
:10CA40002DE9F7430E4669461546994607F0A6FFBD
:10CA5000044620B9019F35B9012387F88C300120A5
:10CA600003B0BDE8F083D7F810802946404606F0B1
:10CA700062FD01460028F3D0134B5B88AB4221D303
:10CA8000404606F094FE97F88C304946A0F80140E5
:10CA9000002B2A4618BF022600F8036B06F0E2FAC4
:10CAA0002946404606F082FD18B98B212B20FDF760
:10CAB0008DFD684607F080F9019BA3F8A24187F835
:10CAC0008C40CCE72046CBE77C0D0120FF230B7088
:10CAD00002234B7083238B70014B1B78CB70704704
:10CAE000940D01202DE9F84FD0F804800C46D8F8B9
:10CAF0001460304606F04DFE054620B940F2531151
:10CB00001020FDF763FD0146304606F050FEB5F8F3
:10CB100000B082461FFA8BF717B940F25711EFE7C2
:10CB2000224B00F103091B68D3B998F8003098F83C
:10CB300001202370637802F00F02A4F802B023F002
:10CB40000F03134323F0C00363709AF8003003F01F
:10CB50000303012B0FD0022B0DD040F27511CFE74C
:10CB60003A464946B8F80000984705460028DCD107
:10CB70002846BDE8F88F6278304663F3051262708C
:10CB800006F01BFE054610B940F27F11B8E7FB2FF7
:10CB900002D94FF4C771B3E73A464946201D06F063
:10CBA00061FA304606F064FDE2E700BFC4110120DF
:10CBB00038B5134C10220021201D09F0DAFD0125A3
:10CBC000257404F108031022002104F11400C4E9C3
:10CBD000013309F0CEFD84F8205004F11803094A0E
:10CBE000C4E9053300236362A36284F82C30C4F8DF
:10CBF0002D30C4F8313084F835301360A36338BD6C
:10CC0000940D0120C411012010B5084C2378FF2B8E
:10CC100004D04FF4CC711020FDF7D8FC06F08EF94B
:10CC20002070BDE81040FFF7C3BF00BF1D0001200A
:10CC300010B5034C207806F09BF9FF23237010BD3C
:10CC40001D000120014B187806F0A2B91D0001203B
:10CC5000014B024A1A607047C8110120E5CA04005E
:10CC60002DE9F341DFF86881054608F11407D8F88B
:10CC70000830D8F81840227A012A22D1D8F8382072
:10CC800052B1137A1BB9BF211020FDF79FFCD8F8D1
:10CC90003840C4B9002083E01A7A012AFAD01C4631
:10CCA0004C4AEFF3108172B650680068506001B9C9
:10CCB00062B6A34208BFC8F83840237A1BB9EE21F8
:10CCC000E2E73A46EDE7267AF6B205232372731EB1
:10CCD0000B2B6ED8DFE803F06A062235676D3E6DD8
:10CCE0006D6D6D5B636813B940F20B21CCE7204694
:10CCF000294698470420EFF3108272B6237A052B59
:10CD0000D9B24FF0000359D12372D8F83810A1429C
:10CD100001D1C8F83830B2BB62B634E0636813B9E9
:10CD20004FF40571B0E72946204698470346ADF811
:10CD30000400C0B2C3F30723012B2FD0022BDAD19A
:10CD40001AE0636813B94FF407719DE720469847CE
:10CD50000020D0E763680BB9FE2195E70B222A700B
:10CD600001221988AA706A7100221869A5F80310B7
:10CD7000AA7106F07DFC0420D8F83830A34202D115
:10CD80000023C8F8383000283FF471AF08E0124B98
:10CD9000294620461B689847034668B9267298B111
:10CDA00002B0BDE8F08140F253216DE740F2562118
:10CDB0006AE740F2592167E70220DDE711B940F246
:10CDC0007A2161E71846A6E7002B7FF450AF61E7B0
:10CDD000940D0120980D0120C8110120134610B5B3
:10CDE000027A22B140F201311020FDF7EFFB0A4632
:10CDF00001460248BDE8104007F0E4BF980D01204D
:10CE0000044890F82C301BB90349243007F0F7BFD1
:10CE1000704700BF940D0120B74D0500034606483A
:10CE200090F83C203AB190F8352022B9034900F837
:10CE30002D3B07F0E4BF7047940D0120CDCA0400DC
:10CE40000A4610B5037A23B140F209311020FDF7EC
:10CE5000BDFB014607230248BDE8104007F0B2BF02
:10CE6000A80D01201346027A0AB1037270470A46E0
:10CE70000146014807F0A6BF980D01201B234FF083
:10CE80001B128384038482618382C260038539B963
:10CE90004FF4A473034AC3844384C261C382026112
:10CEA000704700BF4801480103460846F0B4B3F894
:10CEB0005420B3F84840B3F856109442B3F8446095
:10CEC000DF8F28BF1446B3F84C20B3F842508A4293
:10CED000DC8728BF0A46B3F846109142A3F84220E7
:10CEE00038BF1146A64238BF2646A742A3F84610CF
:10CEF000A3F844601FD1AA1A18BF0122B3F84A5000
:10CF0000B3F85040B3F85270A5429E8FB3F840106A
:10CF100028BF2546B3F84E40BC429D8728BF3C46FB
:10CF2000AE42A3F8404002D1A14200D12AB1044947
:10CF3000F0BC07F06DBF0122E0E7F0BC704700BF16
:10CF4000174E05000B8BA2F809001046A2F80B3013
:10CF50004B8BA2F80D308B8BA2F80F30CB8B024994
:10CF6000A2F8113007F04EBF674E0500094AD2E91A
:10CF70000003434083EAB01181EA43214FEAF343BF
:10CF800011605360044B58434FEAF06000EB80009F
:10CF9000704700BFD40D0120BB79379E094AD2E902
:10CFA0000003434083EAB01181EA43214FEAF3438F
:10CFB00011605360044B58434FEAF06000EB80006F
:10CFC000704700BF20000120BB79379E10B50A4C86
:10CFD00008210948FDF73AFCD4E900321343F7D0A1
:10CFE000064CFFF7DBFF2060FFF7D8FF2368606087
:10CFF0001843F6D010BD00BF20000120D40D012041
:10D00000174B184A9A60184A5A60184A1A60184A08
:10D010009A62184ADA62184ADA60184A9A61184A1B
:10D020001A63184A1A62184ADA64184A9A64184A43
:10D030005A62184B184A9A60184A5A62184ADA62B9
:10D04000184A1A61184A5A61184A9A61184A1A63AA
:10D05000184A9A64184ADA64184A9A63704700BFFB
:10D06000CC1101201D5105004D510500B95105009D
:10D070001D53050071530500B1D30400875305000B
:10D0800009D604009DD404005554050071540500D0
:10D09000E9D40400CC1201203951050027540500C1
:10D0A000A95305004D530500CD5305003DD40400A0
:10D0B000F75405009F540500915405000D540500D8
:10D0C000044B054A5A65054B054A1A65054A5A65D7
:10D0D000704700BFCC11012063520500CC12012023
:10D0E00049520500C9520500054B064A9A65064A91
:10D0F0001A66064B064A9A65064ADA65704700BF0B
:10D10000CC110120D145050073460500CC12012049
:10D110001D450500F5470500023A08B5232A00F22F
:10D120009A80DFE802F012981E9B9B2E9830989B05
:10D130003541459898499B9B5D5D74749898989883
:10D14000989898989898987B889102784368012AD3
:10D1500002D193F8103101E093F8193102204B709D
:10D160000EE04268D2F8BE31C1F80130D2F8C231C7
:10D17000C1F8053043680D20D3F80431C1F80930F7
:10D1800008BD4368E5E700F005FA0028F8D148E05B
:10D19000112306204B7059238B700023CB701F2363
:10D1A0000B7130234B71EBE7436893F80A31D5E7F5
:10D1B000084600F0DDF9E8E70278436852B993F8D1
:10D1C00010213AB193F80D214A7093F80C310320E5
:10D1D0008B70D5E793F80B214A7093F80A31F6E784
:10D1E00043680920B3F854204A70120A8A70B3F8D1
:10D1F0001221CA70120A0A71B3F850204A71120A39
:10D200008A71B3F81031CB711B0A0B72B8E743680F
:10D2100093F826214A7093F82731D8E7104B1B6802
:10D2200023B940F20D515120FDF7D0F902462320D9
:10D2300098470420A4E70A4B1B68002BF1D0024654
:10D240002420984705209BE7054B1B68002BE8D05E
:10D2500002462520F5E74FF4A161E4E701208FE7BE
:10D26000CC1301203F289ABF024B53F82000002026
:10D27000704700BFCC1101203F289ABF024B53F8E2
:10D2800020000020704700BFCC120120F7B5456890
:10D2900004464FF6FF772E690DF102010DF10102F0
:10D2A0003046ADF8027006F09CF901A9304606F050
:10D2B000BAF940B1019806F07EFA61680022027264
:10D2C000FFF7BEFDE8E7044905F19E0003B0BDE8A5
:10D2D000F04007F097BD00BFB1500500F0B504461F
:10D2E00085B00D46FF2600F8A56C10F8A63CF3B1FA
:10D2F000174F3B781BB15F211F20FDF767F90C2109
:10D30000381DFDF7A3FA3E70002304F8A53C07235F
:10D310002A4602F8033BD4F80930C5F80330D4F8A4
:10D320000D305360D4F81130936005B0F0BD01A802
:10D330000C21FDF78BFAA4F5B473039A1A6001ABC4
:10D3400003CB44F8AE0C44F8AA1C04F8A66CDBE747
:10D35000DC0D012010B5054C23782BB90C21201DC4
:10D36000FDF774FAFF23237010BD00BFDC0D012010
:10D37000024690F8C631BBB990F8C73103F0FF01FF
:10D380000BB100207047094B18780028F9D01970AC
:10D39000D9680433C2F8041103CBC2F8BE01C2F845
:10D3A000C211FF2382F8C63101207047DC0D012035
:10D3B000426838B592F8863004460D463BB1132BCF
:10D3C00005D0113B0F2B8CBF0120082038BD92F8EF
:10D3D000C43013B9204607F028FE6268D5F80B3038
:10D3E000C2F8B631D5F80F30C2F8BA316368D5F853
:10D3F0001320C3F800211A88A3F87522D5F801205C
:10D40000C3F87722D5F80520C3F87B226368B5F806
:10D410000920A3F87F226368002583F8C65160685D
:10D42000054900F51B7007F0EAFC636816222846E0
:10D4300083F88620CAE700BFDDD2040038B5436810
:10D44000044693F88620202A04D04FF410711F2040
:10D45000FDF7BCF8002293F8C4101D8803F5C970CD
:10D4600083F8C32069B10B4983F8C420A3F89C5109
:10D4700083F89B2107F0C3FC6368002283F88620B1
:10D4800038BD012283F89B11A3F89C51024983F80F
:10D490009E21EFE709530500FB52050038B54568AA
:10D4A000AB6F13F0010419D1D1F801200C4BD1F866
:10D4B000051013400B4AC5F8D430C3F307630A4084
:10D4C00043F00803C5F8D82085F8D73007F0ADFD44
:10D4D000AB6F204643F00103AB6738BD0120FCE78A
:10D4E0002FC904F76FDB0080406810B590F88530D5
:10D4F000042B28D1D1F801304A1CD1F80540C0F8DE
:10D50000D430C3F30763C0F8D84043F0080380F871
:10D51000D730002380F8BE3080F8853090F8743121
:10D5200003F0FF040BB1002010BD038800F5B670B6
:10D5300044724381D1F801300449C36053680361E8
:10D5400007F05DFCEFE70120EEE700BFEB530500BD
:10D55000406890F8743143B9038800F5B670034908
:10D5600043811A23437207F04ABC7047EB5305000E
:10D5700010B50446FEF740FE044A054B0240092060
:10D580000B40C4F80120C4F8053010BD2FC904F7C2
:10D590006FDB008037B50C464568FEF72DFE0A4B61
:10D5A0000A4A03400A4095F8D41000930B400192B8
:10D5B0008DF800306B4603CBC4F801000920C4F895
:10D5C000051003B030BD00BF2FC904F76FDB00802A
:10D5D00038B5DB04154604D5C37C13B100230363BF
:10D5E00038BD046B0134046307F066FF436B9C4253
:10D5F000F6D30023034903632846BDE8384007F00B
:10D6000007BC00BF4754050038B54468054694F888
:10D610008530012B02D0A36F98073AD494F8C53017
:10D620009A0713D44A78D80784F8CF204A88A4F8F8
:10D63000D0208A88A4F8D22043F0020284F8C520C2
:10D640000FD5154904F1C60007F0E2FB94F8C53088
:10D65000D90711D4A36F9A0708D558214020FCF7A9
:10D66000B5FF94F82A31002BEBD1EFE743F002032A
:10D670002846A36707F0D9FC94F88530012B4FF0BA
:10D68000000301D0002038BD84F8853084F8BE3016
:10D69000F8E70120F7E700BFD954050070B54568E9
:10D6A000044602F0D3F9054B014685F883001B6858
:10D6B0001BB12046BDE87040184770BDD41301204F
:10D6C000024B1B6803B11847704700BFD0130120FD
:10D6D000F0B51F4D00242B7814709BB1013B6D6891
:10D6E000DBB21E1B012E0FDC05EBC40655F83470AF
:10D6F00076688E4208BF874227D0B84271EB060693
:10D7000012D214700020F0BD1E197710C6F3470620
:10D7100055F837C005EBC70E8445DEF804708F411D
:10D720002CBF33463446DCE705EBC30455F83350D1
:10D7300064688C4208BF854206D0A84271EB04049D
:10D7400028BF01331370DDE71C4601201470DAE7AF
:10D75000FC0D012010F0070208B503D0632148201A
:10D76000FCF734FF18B1034B197258601A70C800E7
:10D7700008BD00BFFC0D0120014B00221A7070474C
:10D78000FC0D0120FF23084A0B700D234B708223F0
:10D790008B701368C1F803305368C1F80730936881
:10D7A000C1F80B30704700BF120E01201622002175
:10D7B000014808F0DEBF00BF120E012082B002ABAC
:10D7C00003E903000D48437DB3B1530614D50A881D
:10D7D0000C30B1F87E3020F80C2CD1F8402220F823
:10D7E0000A3C40F8082CD1F84422054940F8042CA2
:10D7F000022202B0FFF736BB02B07047120E0120C2
:10D8000085D70400094B53F8203003F5224370B547
:10D81000B13316464FF47A720C46B3FBF2F534443A
:10D8200002F0B0FF2C44204470BD00BF60C306006E
:10D830002DE9F04F8BB0044698460F46039290F8BE
:10D84000699006F0F5FD824694F87300FFF7AEF894
:10D85000824407F096FE94F8863000F13C061FFAE9
:10D860008AFA0293039B83BB94F88430032B2CD158
:10D87000029B0D2B29D1B4F85C32BB4225D1D4F8E0
:10D88000E0312046B4F8B421C4F8D031A369C4F81B
:10D89000D431B4F852321344C4F8D83102F088F8C5
:10D8A000D4E99823A262B4F85E22A361A285D4F8D9
:10D8B0006822226241F64B5293428CBF002301231F
:10D8C00084F87230022384F88430B4F8505204F59E
:10D8D0000873B4F87EE07D1B0493A7EB0E0E2DB207
:10D8E0000FFA8EFE002D10DA7546D4E98E23C4E9B6
:10D8F0009223012294F88430032B00F26F81DFE839
:10D9000013F00600FE00550020014246F2E7012117
:10D91000002007F02EF88146A06A5146484403F0E3
:10D920008BFE5146C4F8DC01A06903F085FE07A90F
:10D93000C4F8E00108A802F047FE079B0093DDE968
:10D940000823D4E9920108F069FC8346204607F0D9
:10D9500030FEA26AD4F8543294F86900D51802F067
:10D9600019FFD4F8DC1100F52240203D4FF47A7302
:10D97000B13032466D1A3031AD1BB0FBF3F04D447F
:10D98000A38DA5EB0B0503EB41012D1A94F869005B
:10D99000FFF738FFD4F85432C4F8E401EB1ACC2B6B
:10D9A00059D840F2C7413020FCF710FEA36A514617
:10D9B000D4F8D401184403F03FFE5146C4F8DC010A
:10D9C000A06903F039FEC4F8E001204607F0F1FD3C
:10D9D000A36AD4F8D4511D44B4F8B431002B40F0FC
:10D9E0008A80B8F1000F00F0868094F8690002F098
:10D9F000D1FED4F8DC11D4F8403200F522406D1A83
:10DA000094F86920B130203D1D448F4B53F82220FB
:10DA10004FF47A7302F2E732D4E98E9AB2FBF3F252
:10DA2000A5EB0905B0FBF3F01544AD1B2D1AD4F896
:10DA3000D821D4F8D03194F8690002FB0313A18DEA
:10DA40003246303301EB4301FFF7DCFE0123C4F81B
:10DA5000E40184F88430A369D4F8E021A93B9B1A3F
:10DA60009E1B0023864284F82032D4E9923228BFDC
:10DA7000064604F130005B19C4F8B06142F10002BF
:10DA8000C4E98C3207F03BFA04233044A4F8507206
:10DA900084F82932C4F82402D4E98C23C4E99223FF
:10DAA000B4F8A031DB1B1BB2002BD4BF0022012233
:10DAB000520084F82822029A0D2A00F09280B8F1D0
:10DAC000000F40F0918094F88430002B00F0A88083
:10DAD000A16904F50870D4F8E031C91A06F0F7FE20
:10DAE00080B2002800F09C80149B03B118800120B4
:10DAF0000BB0BDE8F08FD4F8DC116D1A97E7D4F8BD
:10DB0000E021A369B4F8B4C19B1AD4F8D811F44445
:10DB1000D4F8D0015D43D4F8DC31ACEB010C3033E8
:10DB20000CF1FF3C00FB0133A18D94F8690002FB6E
:10DB30000C33324601EB4301FFF764FEC4F8E40105
:10DB400089E7D4F8E0A1A369A3EB0A035D4394F845
:10DB50008530292B03D094F88630292B09D1B4F8CD
:10DB60005C32FB1A1B0404D494F85F32002B18BFFC
:10DB70009946B4F8B4C142B3BCF1000F25D1D4E941
:10DB80009023D4E98E01904271EB030302D340F25B
:10DB90001B5108E794F869104FF47A7B2A4B203A1E
:10DBA00053F82130D4E98E01CDE9040103F2E731C5
:10DBB00003F522430498B133121AB1FBFBF1B3FB16
:10DBC000FBF30A44D21A921B15440CEB0E013246A9
:10DBD00048460AFB01F130314900ADE740F23351CC
:10DBE000E1E6B8F1000F1BD0B4F8C80110B3B4F8E7
:10DBF000CA1194F8CC214D1CA4F8CA1101FB0222D1
:10DC000090420DDD002B0BDD0023A4F8CA5184F8EF
:10DC10002832FFF7ABF900F00700013084F8CC019F
:10DC200004F5087104F5FC7004F044FD20B940F2DD
:10DC30007D51B8E60146DCE7039B83F0010384F8DD
:10DC4000F031002054E700BF60C306002DE9F8431F
:10DC50000E46044618B9D5213020FCF7B7FC05293B
:10DC600000F2A780DFE801F00376413DA52E08F021
:10DC700088FBC4E94601204600F05EFFD4F80C01A1
:10DC8000A43808F0C5FA204608F02DF8054600BB78
:10DC90000146204607F064FF00F1AE06D4F80C01FF
:10DCA000B04209D2301A0321192838BF192008F0D0
:10DCB0003AFB60B108F0AEFAC4F80C61204608F0F7
:10DCC00022F845B12046BDE8F84308F01DB801250B
:10DCD000F2E70025F2E7D4E94623C4E94023BDE892
:10DCE000F883BDE8F84302F07BBC07F044FF04234F
:10DCF0008146884684F8113108F088FA07220F46D9
:10DD0000A9FB023102FB0811D4E940525B1941EB37
:10DD10000205D4F8E8203AB159EA080204D0984242
:10DD200077EB050228BF012684F81061D4E9482664
:10DD3000121A66EB070694F8301139B9012A76F108
:10DD400000010BDA204600F0FFFE03E0012A76F125
:10DD50000006F7DB002384F82831C0E7984277EB10
:10DD600005010FD259EA08080CD01B1A65EB070110
:10DD70009A4276EB010005DB012B71F10000A4BF94
:10DD80001A460E460C49012304F1C000914284F862
:10DD900029314FF0000384F80831B341B8BF0A4677
:10DDA00004F5847104F0FEFC002898D140F2BA61B9
:10DDB00052E7F12150E700BF0040420F2DE9F84340
:10DDC00004460E46154690F8283103F0FF07002B55
:10DDD00040F0948000F1C00839467822404608F0AF
:10DDE000C8FC22464649404608F048FBC4F8E860B3
:10DDF000FF2384F8283166B1FFF7D0F800F0070060
:10DE000032464049013086F8CC0106F5FC7008F036
:10DE100035FB40F202434FF00009A4F8103184F8BA
:10DE2000089103F05FFC00F14906204607F05BFF14
:10DE30000146B6B2C0B306F0FBFA00F5CD61284644
:10DE400089B203F0F9FB2844AE3DC4F80C0108F098
:10DE5000DDF93018A4F81E9041F10001C4E9460133
:10DE6000012084F8EC0007F0E9FF2D1AC4F8F05007
:10DE70004FF0FF356FF000414046D4E94623C4E936
:10DE80004851002504F58471C4E93E23C4E94023C8
:10DE900084F8295142F2107204F084FC38BB40F23D
:10DEA000BB113020FCF792FB2046DFF85C9007F0B6
:10DEB00057FEAE30C4F80C01B9F8000048B1E08B51
:10DEC00038B1FFF76BF8B9F80030B0FBF3F202FBA2
:10DED0001300064408F09AF9361841F10001C4E92C
:10DEE0004661002DC4D0AD1941F10001C4E72946B7
:10DEF000204607F00BFF3846BDE8F8830C27FAE709
:10DF00004DDC0400CD550500280E0120F0B500239E
:10DF100085B0CDE9003301238DF806306846FCF763
:10DF2000DFFE70B10123114EB3700023CDE902333F
:10DF300002A8FCF7D5FE044638B10023B37005B043
:10DF4000F0BD009807F038FCE8E7029D95F88430B2
:10DF5000002BEDD005F5FC77384604F00BFC384675
:10DF600008F0B2FA85F88440E2E700BF280E0120ED
:10DF7000044B0022DA709A7042F210721A80FFF796
:10DF8000C5BF00BF280E0120014BD870704700BFED
:10DF9000280E012008B502F05DF8044B5A68824251
:10DFA0002ABF9878002080F0010008BD280E0120CB
:10DFB000F7B5044606297AD8DFE801F004271525CD
:10DFC0002B3074003B4B9B7803F0FF025BB900924F
:10DFD0000123B0F8A411FFF72BFC38B140F2D66151
:10DFE0003020FCF7F3FA042384F8843002F0D6F9E9
:10DFF00004F04CFB0023B4F87E20A4F85232A4F8BD
:10E00000EE2184F8F13103B0F0BD032380F88430B1
:10E01000F9E708F084F8C4E99001F4E790F86900A2
:10E0200007F0B7FA7730D4F8E0319528A569214F89
:10E030008CBF0020C0F19600C218954288BFED1A2F
:10E04000FB7894BF00252D1A1BB9236B9D4228BF76
:10E050001D46D4F8B06104F1300006F050FF0644CC
:10E06000022008F036F90221AD1B25EAE57585424C
:10E0700028BF0546284608F056F910B12E4408F08E
:10E08000C9F801234FF480723146204606F094FF10
:10E09000D4F8B0317860A069184403B0BDE8F0400E
:10E0A00008F0B6B803B0BDE8F04007F082BA40F21D
:10E0B000A47195E7280E0120014B1880704700BF1E
:10E0C000280E01200346074A1068D3F84920C0F8FB
:10E0D0000320B3F84D20A0F8072093F8481006F06D
:10E0E000A6BD00BF300E012070B504460E46134693
:10E0F000807D6588324615F0040118BF04F1570190
:10E10000FEF79EFB4107054621D4C2070BD501232C
:10E11000A07D84F84830FEF7F7FB0368C4F8493067
:10E120008388A4F84D30AB0701D4012070BD094BA2
:10E1300001211868D4F8573084F85610C0F8093017
:10E14000B4F85B30A0F80D3006F07AFDEDE7002062
:10E15000ECE700BF300E012038B5C38C04460F4DEC
:10E160000133C3F30E03C3842B7C2BB102F0F8F907
:10E1700001F008FD00232B7400232B7194F8693003
:10E180002BB101212046BDE8384007F0E3BB637C9A
:10E1900013B1E28C9A42F4D20021F3E7300E012051
:10E1A00010B5074C2379012B05D1237C1BB102F05C
:10E1B000D7F901F0E7FCA069BDE81040FFF7CCBF3C
:10E1C000300E012070B5254C2379012B04D04FF47B
:10E1D00048612D20FCF7FAF998B90125237C1BB181
:10E1E00002F0BEF901F0CEFC002D36D0A06907F098
:10E1F000FEFA68B302F07EF8E369BDE870409B6800
:10E2000018472168A26911F8095B02F1490392F8E5
:10E210004820E80906F001FB0028DED00021206834
:10E2200006F033FD0028D8D02379A069012B02D055
:10E2300040F65A41CDE7237905F00F01E26903F179
:10E2400080435269013B52F8233098470546C5E7A1
:10E25000A069BDE87040FFF77FBF70BD300E0120A0
:10E260000346074A906903B909B9FFF775BF1379E7
:10E27000D26903F180431269023B52F823301847F8
:10E28000300E012003292DE9F043054685B01746DD
:10E2900007D14388980723D40024204605B0BDE861
:10E2A000F083428890F86830D107DBB2F4D5002BB8
:10E2B000F2D14FF00108DFF8D49099F81060C6B1A0
:10E2C00006F0EFFA0828387016D002AA0DF10701FF
:10E2D000FEF78CFA38B940F6F5612D20FCF776F997
:10E2E0004FF00208E7E702A99DF8070007F031F9AF
:10E2F00006463B78082B08D1D9F8001011F8030B1B
:10E30000C0F3801007F025F90646D9F8001005F192
:10E31000500395F84F2011F8030BC0F3801006F05E
:10E320007CFAD9F80010044611F8030BC0F38010F2
:10E3300006F0ADFA8146FEF7F9FA40B1B9F1080FDF
:10E340001BD04846FEF77EF980F00103D8B23A7838
:10E35000082A14D01CB9AC7DA21A544254416A88D0
:10E3600053079AD4002897D176B9EC7C444518BF5E
:10E37000002C0CBF012400248FE70020E7E780F089
:10E3800001022240D4B2EAE7344686E7300E01208B
:10E390002DE9F04F85B00823052104460DF1070251
:10E3A0008DF80730FFF76EFF064620B9002630468D
:10E3B00005B0BDE8F08F734F396807F112037A7C1E
:10E3C00011F8030BC0F3801006F027FA80460028EE
:10E3D000ECD13B6840F2E249A169184691F88D20E2
:10E3E00010F8035B02EA55121D4602F0010281F8A3
:10E3F0008D20D3F80320C1F803208288A1F80720DC
:10E4000015F81F1BA269C1F38011917002A9D3F8FE
:10E410001F00029028790871D3F80F00D061587D51
:10E420001D7D000440EA0520DD7C28435062B3F8DE
:10E43000190082F8728009FB00F090619D7DC5EBA8
:10E44000451005EB800505EB85056D009585B3F856
:10E45000170009FB00F09062B3F81B001084B3F8BA
:10E460001D00508493F8243003F01F005B0982F8EC
:10E47000990082F87330A56994F912A005F18D0016
:10E4800006F032FB40F20113A5F868304FF0FF0BA5
:10E4900085F86AB0414605F13000FEF7EFFC5146C1
:10E4A0002846FEF779FAA36984F8738004F17E01A7
:10E4B0001A8884F891B0A4F874204FF6FF729DF882
:10E4C0000700A4F892209A69B2FBF9F2A4F88A2016
:10E4D0001A8CA4F88C205A8CA4F88E2093F8732000
:10E4E00084F89020627D5AB394F84820012A27D1FD
:10E4F00094F84E2002F0C002402A21D1D4F84920DD
:10E50000C4F87E20B4F84D208A8008289A7803F158
:10E51000030504F1840184F8772004F17802D3F82C
:10E52000033027D0C4F88430AB888B8004F17701A6
:10E53000FEF75CF940B94FF43E612D20FCF746F838
:10E540000022C4F87E20DFE794F8773043F002031E
:10E5500084F8773004F16A000B4906F050FC0B4B4D
:10E560000022A0691B683A71002B3FF420AF2146BE
:10E5700098471CE7A367AB8893800023C4F88430D6
:10E580008B80E7E7300E01207D5A0500DC13012067
:10E59000032937B5044604D0052957D0012003B01C
:10E5A00030BD08230DF107028DF80730FFF76AFE32
:10E5B0000028F3D0237C2A4D03B39DF8070094F87C
:10E5C000B630DBB92378082804F1B90284F8B730F3
:10E5D0002DD004F1B801FEF709F920B940F66E71AB
:10E5E0002D20FBF7F3FF94F8B83043F0020384F8D2
:10E5F000B8301C4904F1AE0006F001FC2B6804227F
:10E6000020461A7006225A70FFF75CFD616B94F881
:10E610003820286806F02AFB032328682B7101F0B4
:10E6200023FF0021286807F084FD0020B7E7286851
:10E63000034613F8031BC1F3801184F8B810D0F817
:10E640000310C4F8B9109B889380D2E7064B1B686F
:10E65000002BEAD0984780F00100C0B29FE700BFCE
:10E66000300E0120655A0500D8130120F8B5044684
:10E670000F4619B300F12005284607F0BCFBA0B9EE
:10E6800063881A072ED5284607F0CAFB0646284697
:10E6900007F0B1FB301AC0B207F0D0FB494A9368CB
:10E6A00003442846936007F085FB284607F087FB64
:10E6B00001F08EFD2179252001F0F0FC414E002370
:10E6C00094F856203068037043706388103B0D2B1C
:10E6D00068D8DFE803F063675F0C674467676767C4
:10E6E000676767442046BDE8F840FFF735BD06235D
:10E6F0004370202303702046FFF7E4FC638823F077
:10E7000008039BB2152B05D094F83020E16A3068DD
:10E7100006F09DFA306801F0A7FE0021306807F08E
:10E7200008FD022321790020337101F05FFD0546C9
:10E7300007B9F06063881B0704D507F07CFB05442C
:10E74000C4F8F4506388103B0D2B36D8DFE803F093
:10E7500038352F2F352F353535353535352F0C23B9
:10E7600021214370034603F8091B52B1D4F8572006
:10E770000121C0F80920B4F85B209A8006F060FA05
:10E78000B9E7226DC0F80920B4F854209A8094F8B3
:10E790004F10F3E7062303704370ACE702230370C6
:10E7A0000623F9E740F259612D20FBF70FFF21798D
:10E7B0000120BDE8F84001F0EDBE40F6F341F3E77B
:10E7C000F8BD00BF300E012038B543880446102B39
:10E7D00004D10121BDE83840FFF748BF0B4D2B7C29
:10E7E00023B101F0A9F9402001F0AEFE286801F044
:10E7F0003BFE608810F0040002D1217901F0CAFECE
:10E80000002001F07FFE01232B7138BD300E012066
:10E81000024B01219869FFF729BF00BF300E01208C
:10E8200010B5124C237C1BB101F09AFE01F0AAF93D
:10E83000A06906F0DCFF38B12379012B09D040F63E
:10E8400084312D20FBF7C2FEA069BDE81040FFF720
:10E8500083BC2379E26903F18043A069D268013B5C
:10E86000BDE8104052F82330184700BF300E012099
:10E87000074810B5037903F0FF0433B91422214689
:10E88000043007F076FF204610BD0C24FBE700BFE4
:10E89000300E012010B50023094C2371FDF798FCC0
:10E8A0002060FFF7E5FF20B14FF442712D20FBF708
:10E8B0008DFEE36913B940F20B31F7E710BD00BFDD
:10E8C000300E0120014B024ADA617047300E012000
:10E8D0008CEB0400034B044A1A60044B044A1A6090
:10E8E000704700BFD813012091E30400DC1301201E
:10E8F00005590500F8B5057D0446AF1EFFB2002D91
:10E900003AD0012F2DD800F1500190F84F0005F0BA
:10E91000BEFF0828064624D0FDF7A0FE10BB023D2E
:10E9200018BF0125012F84F84850A6758CBF002719
:10E9300001276775FDF754FF054607F067FC0022C5
:10E94000144B84F85620E5FB0301C4E9100111467D
:10E950002046FFF7C9FB70B940F2A3412D20FBF719
:10E9600035FE0826022D09D104F149010020FDF7EA
:10E9700003FD60B90020F8BD0826F5E704F1490160
:10E980000120FDF7F9FC0028F4D00125CAE7002595
:10E99000C8E700BF40420F00F0B5444E85B00446C2
:10E9A000327902F0FF0312B90278FF2A04D140F64F
:10E9B000DC112D20FBF70AFEB36080F869303C4B78
:10E9C000684604F1200500933A4B01933A4B0293B9
:10E9D000F3695B68039301F03FFD01F08BFB01F0ED
:10E9E000BFFD01F0CFF8354801F0E8FB344801F0F5
:10E9F0002DFD284607F0DEF9284607F0E0F901F082
:10EA0000E7FB2179252001F049FB94F9120001F080
:10EA1000CFFB04F12C01A06A04F0E2FF074604F1E9
:10EA20003401A06A05F003F80546DFB1237FCBB1BE
:10EA3000B4F92650ED43ED0F637D13B963885B078E
:10EA400009D56FF00043D4E910129A4208BFB1F122
:10EA5000FF3F0DD19DB930680330FDF7DFFE307404
:10EA600005B0F0BD002DE7D0657F002DE0D1E3E7D4
:10EA700007F0CCFBD4E9102390429941EAD301225C
:10EA800029462046FFF730FB50B1FDF7A9FE0546A9
:10EA900007F0BCFB0B4BE5FB0301C4E91001DAE70F
:10EAA000002DD8D040F61A2183E700BF300E012098
:10EAB00021E80400C5E1040061E20400D6BE898EAD
:10EAC0005555550040420F0073B50446FFF764FFEB
:10EAD00000212046FFF7CAFD236E0BB101221A6008
:10EAE0006388DB0721D50023114EA569CDE90033EA
:10EAF000FF2373746846FCF7F3F8B0B9009CA54295
:10EB0000F8D005F10A036A7A04F10A01607A05F087
:10EB100084FE0028EED0A3787374D4F80330C6F8CE
:10EB20001230044BB4F807209A8002B070BD00BFC9
:10EB3000300E0120420E0120024B9861DB691B68F8
:10EB4000184700BF300E012043881B0710B504464C
:10EB50000ED583693C2208496A3042721B88438182
:10EB6000FF2380F827304FF6FF73038506F047F93F
:10EB7000FF2384F8693010BD7D5A0500C95A05008D
:10EB8000C9E70400CF5A050091E50400C9EA040072
:10EB9000A1E1040011E804007CEB040080EB040018
:10EBA00088EB04000138022808B503D9C4212F20BE
:10EBB000FBF70CFD13290A4B05D811290CD8102995
:10EBC00007D0D221F3E71529FBD103EB4003D88806
:10EBD00001E033F8100008BD03EB40039889FAE721
:10EBE000DEC206000C4A0346117889B9906833B931
:10EBF000B0F85810828F91420AD8FFF7CBB99389A9
:10EC00001B0707D590F88700073818BF0120704709
:10EC10000020704701207047500E01202D4A38B562
:10EC20000346948990681C43402B948104D10421AD
:10EC3000BDE83840FFF7BCB9802B01D10521F7E7CB
:10EC400003F00304032C04D140F62E313120FBF7EE
:10EC5000BDFCDD0706D50C6811612478062C0FD0A9
:10EC60000B2C19D09C0706D5096809780529117560
:10EC70001DD00B2927D09B0644BF0823137038BD35
:10EC800090F886401C2CEDD100240025C0E93845C1
:10EC9000012480F88A40E5E790F88640122C01BFF5
:10ECA000002480F88A40012480F8C440DAE790F814
:10ECB00086101829DFD1002400250121C0E93A453A
:10ECC00080F88B10D7E790F886101129D3D1002156
:10ECD000F6E700BF500E012073B5044640680D46AC
:10ECE000836F13F0300F4AD1B1F805101A2904D9F7
:10ECF000B5F80730B3F5A47F06D22978204602B0D4
:10ED0000BDE8704006F0C3B9B5F801201A2AF4D95D
:10ED1000B5F80360B6F5A47FEFD33030009606F067
:10ED200000F9184B9A8992070DD51B7D142B0AD137
:10ED30006268936F43F010039367204606F075F9FD
:10ED4000002002B070BD636893F88520212AEFD0BF
:10ED500093F81B31002BEBD1636893F81A31002B29
:10ED6000E6D16268936F114602F59F7243F020036B
:10ED700031F8300B42F8C63CFEF7E4F8DDE701203D
:10ED8000DFE700BF500E012013B5044601A8FDF7D0
:10ED90009DFA20B940F617113120FBF717FC22220B
:10EDA0000021019807F0E5FC01992246064801F888
:10EDB000034FFEF7B1F9FDF795FA10B940F61E11B1
:10EDC000EAE702B010BD00BF540E0120254B70B51C
:10EDD0009C6894F85E5294F85F62002D3ED194F8DE
:10EDE0006810002E3CD194F8693084F8681084F8DB
:10EDF0006930FF2384F86A301B4B1B680BB1204637
:10EE0000984794F82431012B01D0354303D00021D9
:10EE10001648FDF719FA04F13006304606F06FF88F
:10EE200004F2351105462046FEF73EF8204606213D
:10EE3000FFF7BEF8304606F062F8854204460BD272
:10EE400007F0A3FA0146601B192838BF192007F004
:10EE50006AFA10B107F0DEF9012070BD2946C0E75B
:10EE60003346C2E7500E0120EC130120540E01205E
:10EE70002DE9F8436A4D0646AC68002840F08C80C6
:10EE8000AB891A072DD594F80E31FE2B04D140F230
:10EE9000F7513120FBF79AFBFE2384F80E3194F8EA
:10EEA00086301E2B06D184F8C300281D06F0C7F853
:10EEB00084F8866094F88530242B0AD194F8863043
:10EEC000A3F12402062A2AD9322B28D0252384F83C
:10EED000853094F88730072B02BF02236B7584F8C6
:10EEE0000E31AB89DB071CD4AB895F077CD4990753
:10EEF00040F18480287D0122AB680D2883F80F2122
:10EF000079D0112800F08580072800F08480FEF772
:10EF1000B3F9034600286FD140F2EA51B9E7322332
:10EF2000D5E7D5F80880296998F88630D1F800909F
:10EF3000113B99F800700F2B09D8BB1EDBB2092BCF
:10EF40006BD840F2333222FA03F3D80765D509793A
:10EF50003846FDF75FFD20B93946324806F097F88C
:10EF60003AE0012F01D9162F22D198F8850006F03A
:10EF70007BF840B198F88530242B04D0252B07D19D
:10EF8000322388F885303846FEF76CF903461CE0DA
:10EF9000162F14BF022620262B781B0705D594F8C0
:10EFA0008630113B0F2B98BF08263046BDE8F8830A
:10EFB000112F15D005D8072F14D00D2FE3D11A4BE0
:10EFC00005E0142FDFD1194B1B68002BC4D02A6930
:10EFD0004946144812799847002885D00646DBE751
:10EFE000134BF4E7134BF2E794F88720062A04BF8B
:10EFF00001226A757BE7104B0A489847AB89DA060D
:10F00000CAD594F886300A2BC6D10B2384F88630F3
:10F01000C2E70A4BF0E70A4BEEE70826BCE700BF61
:10F02000500E0120540E0120C75F0500E01301209F
:10F030000F60050045F00400155F0500335F050013
:10F04000635F050070B54D780446A5F10E03DBB291
:10F05000152B0DD8012140F2512201FA03F6164278
:10F0600008D14268152B92F8852027D0082B07D0AD
:10F07000002070BD02462846BDE8704006F0E2BEA2
:10F08000252A01D0322AF3D1204605F0C5FF636856
:10F0900093F88620262AEBD093F8D5201A21204613
:10F0A00022F0010283F8D520626892F8D53023F06F
:10F0B000080382F8D530FDF7C7F8D9E72C2AD7D155
:10F0C000024B1B68002BD3D09847D1E7E8130120EF
:10F0D0002DE9F041A0F10E0400291346E4B208BF67
:10F0E0001F21172C0AD8012640F25127A6403E4284
:10F0F00007D116F4600F23D1082C07D00020BDE8FB
:10F10000F0810021BDE8F04106F09CBE546894F8FF
:10F110008520252A08D11846FDF796F8002384F8A3
:10F12000853084F8BE30E9E7322AE7D194F88620AA
:10F13000A2F124010629F1D9322AEFD02A21EAE7E7
:10F14000054A1468002CD9D00A46014618462346C1
:10F15000BDE8F041184700BFE41301202DE9F84F46
:10F16000B54F0E468046B989BC688D0504F1780A12
:10F1700054BFB4F8B4200023504653BF0132A4F862
:10F18000B43084F8AF31A4F8B42006F00BFF30B1EE
:10F190000B4604F5967221465046FEF719FABB89D4
:10F1A00003F4C0632BB194F88930002B46D0032BB5
:10F1B0004BD094F88920BB89012A04D1180544BF9B
:10F1C000022284F88920B8F1000F40F0948059069B
:10F1D00057BFB4F8C8214246013292B2A4F8C82100
:10F1E00003F00A020A2A0CD13A7D022A09D123F03F
:10F1F00008033046BB81FFF73BFE30430823C6B20D
:10F20000BB813046FFF734FEBD68304395F80E31C0
:10F21000C6B2FE2B3CD1DEBB95F88730063B012BF6
:10F2200036D995F81831ABB195F819310122022180
:10F23000A5F8B86085F8103128462EE1012184F840
:10F2400089102046FEF7B4FEB3E70223012184F8BB
:10F250008930F6E795F886B0ABF1100B5FFA8BFBBF
:10F26000BBF1100F40F2EC80AB6FDA0702D53246EB
:10F270000921E1E7980740F1928032460C212846A7
:10F2800006F02FFE95F8C53043F0010385F8C53030
:10F29000B4F8A83194F8AC510133A4F8A831002D8A
:10F2A00000F0F281FCF768FB10B10023A4F8A8314C
:10F2B00094F88910012940F21C8294F88730072BBA
:10F2C00040F0FA81B4F8B430022B40F21282B4F864
:10F2D000B6500135ADB2B4F87E302B44A4F8A0315D
:10F2E00094F8AD31002B00F008820123B4F87E20A1
:10F2F0001344A4F8A431BB89BD685B0657BFB5F8B9
:10F30000B4310023B5F8A6219B1858BF9BB2A5F8CD
:10F31000B43195F8183123B995F88730063B012BA5
:10F3200006D8B5F8B830B5F8A6211344A5F8B8301A
:10F3300095F8BE1031B1B5F8BA30B5F8A62113442E
:10F34000A5F8BA3095F9C220002AC1BFB5F8C0307F
:10F35000B5F8A6011B18A5F8C03095F8A73063B919
:10F36000B8F1000F40F05B827B7D022B40F00C82F5
:10F3700095F81031062B18BF162395F8A62022B950
:10F380002E4885F8A730FDF781FF284606F06DFE70
:10F39000002384F8AB31BDE8F84FFCF7BFBF590735
:10F3A00002D53246132147E71A0706D595F80831EA
:10F3B000324685F8103107213EE713F0300F35D083
:10F3C00095F81B31002B5BD195F81A31CBB195F82C
:10F3D000863005F58D7105F25E22292B24D095F833
:10F3E0008530A3F1290043424341284605F08BFDB7
:10F3F000AB6F23F0200343F01003AB67002385F8C5
:10F400001A31AB6FDA063BD505F235112846FDF708
:10F410004BFDB5F8523000221521A5F81031B5F892
:10F420005630A5F8123107E70123DEE75B0627D542
:10F430000022242100E700BF500E0120540E0120BD
:10F44000D7F8089099F88630182B32D013D8112BA2
:10F4500020D0162B24D095F88530002B67D195F855
:10F460008630103B102B6AD995F8B230002B66D04D
:10F4700001221221E0E6202BEDD1324606210BE0DD
:10F48000B86890F88630262B41D0352BE3D1002286
:10F49000112102E032460B21484606F022FDF7E634
:10F4A0004846FDF765FF00283FF4F2AE0022042134
:10F4B000F2E799F85832012B07D132460521484628
:10F4C00006F00FFD89F85862E2E699F85832022BEF
:10F4D000D9B27FF4DDAE99F8C43053B10623324679
:10F4E00089F81031484606F0FCFC002389F85832B0
:10F4F000EAE703210622B14805F0B0FD99F8D430BF
:10F50000324613F0040F0CBF0D211121EAE790F8E9
:10F510002431022B02D100221721BEE790F82431BA
:10F52000012B98D190F82531002BF4D093E7092BCB
:10F5300005D195F80931012285F810313BE7BBF17F
:10F54000100F7FF6A5AEBD6895F88590B9F1000F54
:10F550007FF49EAE95F82B313BB101220E21284657
:10F5600006F0BFFC85F82B91AEE795F82A3183B100
:10F5700095F8C59019F0030B0BD149F00109012250
:10F580000C21284606F0ADFC85F8C59085F82AB117
:10F590009AE795F81A3133B395F81B311BBB95F8F0
:10F5A000863005F58D7105F25E22292B19D095F86C
:10F5B0008530A3F1290043424341284605F0A3FCCE
:10F5C000002385F81A3101221421284606F089FC0F
:10F5D000B5F85230A5F81031B5F85630A5F812310B
:10F5E00056E60123E9E795F82431012B3FD195F840
:10F5F0002531002B3BD195F88630A3F12402062A51
:10F6000035D9322B33D095F86800012806D002286E
:10F6100004D040F211310620FAF7D8FF95F86910AE
:10F62000012901D00229F4D1022895F826210BD016
:10F63000012A14BF0022012242B90A3B042B7FF6A3
:10F6400027AE01221621F7E5022AF2E7022995F8F2
:10F6500027210AD0012A14BF00220122002AECD05F
:10F6600000215648FCF7F0FD12E6022AF3E7544B5E
:10F670001B68002B3FF40CAE50489847FE2801460B
:10F680003FF406AE0122D7E5FCF770F908B1A4F803
:10F69000A851FCF779F900283FF40AAE94F8AF318D
:10F6A0000133DBB2022B84F8AF3182BF0023A4F810
:10F6B000A83184F8AF31FBE594F8B2301BB194F86F
:10F6C00085300F2B15D1B4F8B6505046B4F8B4308D
:10F6D000ED1A033D06F066FC68B1D4F8AC30D4F8FE
:10F6E000A820033B9B1A9D42A8BF1D46012D3FF752
:10F6F000F1AD0125EFE52B46F5E7012D7FF6F5ADE0
:10F7000094F8863013B10B2B7FF4EFAD94F885306D
:10F71000002B7FF4EAAD94F88730002B7FF4E5AD41
:10F7200002297FF4E2AD94F8AF31002B7FF4DDAD18
:10F730002069B4F82E9003F0A5FF00283FF4D5AD62
:10F7400094F80E31FE2B7FF4D0ADB4F8A231012B2A
:10F750007FF6CBADB4F8A821238C9A42BFF4C5AD97
:10F76000013D9B1AADB29BB2B5FBF9F59D4228BF96
:10F770001D4605FB09F3003D03F1010318BF0125F8
:10F780009BB284F8AA51B1E5012B09D195F88830D4
:10F79000002B7FF4F2AD00212846FEF709FCF7E5C7
:10F7A00086B1F00639D4310739D4B20639D4B3075B
:10F7B00039D140F6AF2131202EE700BF540E012091
:10F7C000F013012039B1B5F8BA10B5F8BC30994240
:10F7D00001D32223D1E5002A05DDB5F8C020B5F814
:10F7E000BC309A42F5D2B5F8B820B5F8B6309A4296
:10F7F0000AD295F88920B5F8B43052B1B5F8B620E0
:10F800009A42C8D80823B8E595F81831002BE0D102
:10F81000EFE7052BBFD93E23AFE51E23ADE53D2322
:10F82000ABE52323A9E52A23A7E500BF73B55B4B0E
:10F8300000250122044698601A719D811D705D7536
:10F84000FF2380F8AB31B0F8A231D3B190F80E317C
:10F85000FE2B16D190F818319BB190F88730063BFB
:10F8600093420ED990F819310221A0F8B85080F8CF
:10F87000103106F036FB022084F8AA51FFF784FA13
:10F8800003E094F80E01FE28F8D1B4F8A61104F1B3
:10F890007806E38D0139B4F8A821304689B2B1FB6E
:10F8A000F3F31344A4F8A831B4F8B4300B44A4F82B
:10F8B000B43006F077FB20B1D4F8A8300B44C4F87C
:10F8C000A830B4F8A2310025012B9CBF0133A4F865
:10F8D000A23109B184F8AF5194F8863084F8AA5166
:10F8E000A3F10A02012A29D8B4F87E30B4F85C22C8
:10F8F0009B1A19043BD404F25E2104F18D0005F03B
:10F90000F3F884F88650FF2384F8BF30B4F8A621BA
:10F910002146304605F02FF994F886302049113BF6
:10F92000204A0F2B8CBF0023012301931E4B009311
:10F930001E4B03C9FBF740FF02B070BD292B16D147
:10F94000B4F85C22B4F87E309B1A1A040FD484F801
:10F950008650FFF73BFA014630B984F8240102B023
:10F96000BDE87040FFF7FABB84F82451CEE794F865
:10F97000853003F0FD03292BC8D1B4F87E30B4F8EC
:10F980005C229B1A1B04C1D4002384F88530FFF746
:10F990001DFA01460028B9D1E1E700BF500E012051
:10F9A000540E01201DEC04005DF10400E5EB0400A1
:10F9B000D0F864328269934210B5044604D1D0F87D
:10F9C0006812026A914215D0228804F5C0700F496E
:10F9D000A4F88A2140F2E242B3FBF2F3A4F88C319E
:10F9E000B4F86832A4F88E31B4F86A32A4F89031D1
:10F9F00005F00EFA0221204604F0FBFF002384F8F4
:10FA00008630032384F8893010BD00BF995105006A
:10FA100008B5FDF755FB024B024A1A6008BD00BF4E
:10FA2000E0130120D9EC0400074B93F9003018448F
:10FA3000142804DC10F17F0F03DB40B27047142060
:10FA400070476FF07E007047680E01207F2307B576
:10FA50000DF107008DF8073000F090FD03469DF989
:10FA6000070053B1094B5B785B425BB21844142822
:10FA700006DC10F17F0F05DB40B203B05DF804FB3C
:10FA80001420FAE76FF07E00F7E700BF680E012050
:10FA9000024B00221A705A70704700BF680E012096
:10FAA000064BD3F8000138B1D3F8040120B1D3F8E4
:10FAB0000801B0FA80F04009704700BF00A0044080
:10FAC000034B00221A705A7010229A70704700BFC0
:10FAD0006C0E0120F8B50646022014460D4600F0D3
:10FAE000CDF8114B114A01275C60191D9A6002F193
:10FAF000807203342D011F70DC601D83C3E904266E
:10FB00000022243303F80A2C0D2203F8092C084A9A
:10FB1000C2F83015074903C983E80300C2F8087525
:10FB2000C2F83835F8BD00BF6C0E01200300000B91
:10FB300000A00440F0C2060008B5022000F09EF8C4
:10FB40000D4B01221A7000220C4BC3F80021C3F8A0
:10FB50000421C3F808210A4AC3F8802003F564335E
:10FB6000C3F88C20A3F57C33C3F88C21A3F5005394
:10FB70000822C3F8042508BD6C0E012000A0044033
:10FB800003000080154A08B51378FBB1002314491F
:10FB9000C1F8803001F56431C1F88C30A1F57C31B9
:10FBA000C1F88C3108210F4BC3F80815FFF778FF17
:10FBB00088B101235370938EFF2B03D9BC213B20C6
:10FBC000FAF704FDDBB29370002313700020BDE848
:10FBD000084000F053B810235070F4E76C0E012079
:10FBE00000A0044000200440094B1A7862B1094B80
:10FBF000D3F8002152B1D3F8040140B1D3F8080181
:10FC0000B0FA80F04009704758787047022070477A
:10FC10006C0E012000A00440064A08B513782BB1F1
:10FC2000FFF73EFF20B192F8340008BD9078FCE762
:10FC30001020FAE76C0E012038B5084C0025D4F8E6
:10FC40000035032B04BF01236360C4F80055C4F8DA
:10FC5000005500F0C7FFC4F8805038BD00A0044034
:10FC6000054B4FF48062C3F88820BFF34F8FBFF37A
:10FC70006F8FFFF7E1BF00BF00E100E010B5044661
:10FC8000FFF7DAFF012C06D0022C09D03CB18C2101
:10FC90003D20FAF79BFC074B0222C3F8002510BD5C
:10FCA000044B0322C3F8002502F10042C3F8802070
:10FCB000F5E700BF00A00440024BD3F8A00300F01A
:10FCC0000100704700C0FF00084BD3F8A423D3F80D
:10FCD000A833511C9BB203D14FF6FF718B4203D066
:10FCE00002608380012070470020704700C0FF0041
:10FCF0000B4B30B5D3F89053D3F89443D3F8981303
:10FD0000D3F89C2305EA04030B401340013317BFCB
:10FD100005600020446081601CBFC260012030BDCE
:10FD200000C0FF000B4B30B5D3F88053D3F88443A9
:10FD3000D3F88813D3F88C2305EA04030B4013404F
:10FD4000013317BF05600020446081601CBFC260A2
:10FD5000012030BD00C0FF00064B0022C3F8002286
:10FD6000C3F81822C3F82022C3F80C22C3F81422C7
:10FD7000704700BF00A0084070B5144D0346084608
:10FD800095F8256026B940F634213E20FAF71EFC8E
:10FD90006BB9012E2C6A95F8241005D100F092FD64
:10FDA0002044AB69C01A70BD06F0C9F9F8E7012B11
:10FDB0000AD1012E2C6A95F8241002D100F072FDB0
:10FDC000EEE706F0C7F9EBE70020EAE7A80E01200E
:10FDD0000B4B93F8310088B193F830307BB1094B6D
:10FDE000D3F8002442F00102C3F80024D3F8200520
:10FDF00000F0F600023818BF01207047012070475C
:10FE0000A80E012000A0084008B50128084B18736F
:10FE1000084B06D0022808D040F641713E20FAF780
:10FE2000D5FB0322C3F8002508BD0422FAE700BF72
:10FE3000A80E012000A0084008B570B9104B283169
:10FE40001846D9600F4900F06FFF0130012816D91C
:10FE500040F6BE013E20FAF7B9FB01280CD1084B51
:10FE600029311846D960074900F064FF01300128A4
:10FE700005D940F6C801EDE740F6CC01EAE708BD38
:10FE800028000120F8C2060008B50C4B5B78012B56
:10FE900009D100F055FF013001280ED940F6842128
:10FEA0003E20FAF793FB022B07D100F04FFF013001
:10FEB000012802D940F68A21F2E708BDA80E0120E8
:10FEC0000A4B40F409000A4A1B8A40F04000B3F58F
:10FED000166F36BFA3F63813A3F5166343F4807389
:10FEE000C2F80837C2F84005704700BFA80E0120CD
:10FEF00000A0084037B50C460546FFF785FF2046B1
:10FF00002146FFF7DDFF104A01AB284692F90D208C
:10FF100000F0A6FE9DF8050000F01EFF20B140F2A3
:10FF2000B1713E20FAF752FB9DF9040000F056FC37
:10FF3000064B40F20312C3F8442E40F25B62C3F852
:10FF4000482E03B030BD00BFA80E012000A008401D
:10FF50002DE9F04106460C46174606F061F90028E7
:10FF6000FBD02F4D4EBB01236B7095F830301BB981
:10FF7000A97B3846FFF7BEFF2A4B4FF47A7253F83D
:10FF8000273003F5FA73B3FBF2F3274AE41A274B41
:10FF9000C3F80021A9690127234B214485F830705B
:10FFA000234DC5F84015C5F8C031FFF711FF0446D1
:10FFB00060BB00242046BDE8F081012E21D1022340
:10FFC0006B7095F83030B3B995F80E803846FFF76E
:10FFD0001BFF4046FFF774FF144BD3F8002442F098
:10FFE0001002C3F8002440F20312C3F8442E40F27A
:10FFF0005B62C3F8482E0D4B293C0B4AC3F8042121
:020000040005F5
:10000000C8E74FF41B613E20FAF7E0FAEF64D5F839
:100010004C358B42CDDA3046FFF70EFFCAE700BF02
:10002000A80E01206CC306000B00008000A0084051
:100030000050084048220021014806F09ABB00BF4A
:10004000A80E0120024B0344187D00F5166070478E
:10005000F8C20600024B186A9B69C01A704700BFBD
:10006000A80E01200A4B93F82420D3E90630C01AC9
:10007000084B03EB8203DB6BC01A074B53F82230AB
:100080004FF47A7203F2F313B3FBF2F3C01A704722
:10009000A80E0120F8C2060060C30600FF2808B5BC
:1000A00004D940F20D313E20FAF790FA012904D02C
:1000B000022919D040F27D31F5E7002343F4801383
:1000C00040F000700A4A43F4847340F44030C2F8B0
:1000D000203EC2F8280ED2F8203503F0F703032B98
:1000E00005D140F29731DEE74FF08073E6E708BDB7
:1000F00000A00840F8B5254E4FF48067C6F8907010
:10010000BFF34F8FBFF36F8F06F086F80446204D84
:1001100006F037F90121001B1E4CA861C4F8A41099
:10012000FFF71AFE0323C4F8401E2973C4F80035F4
:100130004FF40023C4F80034174B187C00F01EFE67
:1001400002F066FF154B164AC4F83833154BC3F856
:10015000C820013AC3F8C42040F6FE72124BC4F81E
:100160001433124BC3F804250023AB842B862B6277
:100170004FF48073C6F89071C4F88834AB6C376163
:1001800003B19847BDE8F84000F0C2BD00E100E0CF
:10019000A80E012000A008402800012003000080D4
:1001A0000600008000500840010000800020084048
:1001B000014B5873704700BFA80E0120020E034B7D
:1001C0000002C3F8342EC3F82C0E704700A008407C
:1001D000044B054A034490731B7D03F51663138299
:1001E000704700BFF8C20600A80E0120F8B5334CD6
:1001F00006460F4694F8313023B940F606113E20EA
:10020000FAF7E4F901232E4A84F83030D2F80034AA
:1002100043F00103C2F8003406F002F80028FBD0D6
:100220002EBB0123A17B38466370FFF763FE637822
:10023000012B02D040F61F11E1E7224AD36402F5F8
:10024000A04213601F4B3046D3F84C552946FFF7A8
:10025000F3FDA369ED1A76BB1B4B4FF47A7253F88A
:10026000273003F5FA73B3FBF2F35819F8BD012EEA
:10027000E8D10223A57B38466370FFF7C5FD284609
:10028000FFF71EFE0E4BD3F8002442F01002C3F815
:10029000002440F20312C3F8442E40F25B62C3F81C
:1002A000482E6278022A02D040F62811A7E7054AB4
:1002B000D6645E60C6E705F12900D7E7A80E0120E5
:1002C00000A00840005008406CC3060008B5FFF7C6
:1002D0003FFE58B9064B0122C3F8400503F5A04381
:1002E00002201A61BDE80840FCF798BD08BD00BFB8
:1002F0000050084037B5254B4FF48061244A4FF039
:10030000FF30D3F88844C3F89004C2F890114FF43A
:100310000022204904F48074C3F8002400221E4DFA
:100320002A86C1F84025C3F80821C3F80021C3F884
:100330000421D3F82015C9B2D1B18DF80700C3F854
:10034000202201221A619DF8072012B1D3F8202241
:100350003AB19DF807305BB940F672213E20FAF7BA
:1003600035F99DF80720013AD2B28DF80720EAE767
:10037000FFF78AFD0022054BC3F820222A801CB11A
:100380004FF48072C3F8882403B030BD00A0084049
:1003900000E100E000500840A80E012070B50024E4
:1003A000254D264EC5F84845C5F84445C5F8404595
:1003B000C5F84C45FFF79EFF00F0B0FCC5F8C441FE
:1003C000C6F80841C6F80041C6F80441C5F8C8405F
:1003D000C5F8C440C6F80441C6F8004102F030FE3A
:1003E000174B40F6FE72C6F83843C6F81443C5F8FA
:1003F000C041C3F808254FF48062124B1C71C3E959
:100400000744114BC5F84845C5F84445C5F8404573
:10041000C5F84C45C5F84841C5F84441C5F84041C8
:10042000C5F84C41C3F89020BFF34F8FBFF36F8FD7
:10043000C3F8902170BD00BF0050084000A00840E4
:1004400000200840A80E012000E100E0014BC3F8A5
:100450004C0E704700A0084010B50FC8014C84E84E
:100460000F0010BDF40E01200A490B4B10B50124FA
:10047000C1F8D00ED86283F83140FFF7A9FC40B92B
:10048000064BC3F8400503200C61BDE81040FCF7A3
:10049000C5BC10BD00A00840A80E012000500840B7
:1004A000144B9A6910441A6A824210B5124C09D34F
:1004B0000220FCF7B3FC00230122C4F840350F4BA7
:1004C0001A610DE0012298601A716264D4F8443513
:1004D0000533834205D3094BD3F80C120029EFD022
:1004E00010BD0023C4F84431054BC4F84405C4F8DA
:1004F000C431F5E7A80E01200050084000A00840D4
:100500000900008010B50E4C0346022294F8250025
:100510002271012894F82410227B4FF096000BD111
:1005200000F0DEF9074A0023A060C2F84431236AD4
:100530000344C2F8443510BD00F0ECF9F2E700BF07
:10054000A80E012000500840044BC3F8940ED3F8C5
:10055000002442F04002C3F80024704700A0084085
:10056000054BD3F8002422F04002C3F800240022F7
:10057000C3F8942E704700BF00A00840044BD3F886
:10058000183703F07F035B4203700120704700BF00
:1005900000A008400028034B14BF022201229970DA
:1005A0001A707047A80E0120054B0022C3F84025A1
:1005B000044AD2F82035DBB20BB101231361704736
:1005C0000050084000A00840044B30B5D3E90E4568
:1005D0001B6CC0E900450B6030BD00BFA80E0120B8
:1005E000F8B505F013FE634C634D0123C4E90E0119
:1005F000EB64D5F84C352364FFF746FC5F4B0022D3
:10060000C3F80821C3F80021C3F80421C3F804216A
:10061000C3F80021D3F8001421F01D01C3F8001421
:1006200084F83120227922B1D5F84421003A18BF4C
:100630000122617801290AD1D3F81852002D3ED148
:100640004E4BD3F82032ABB145F0100512E0022931
:1006500033D14A4BD3F81852D3F80C3E003D18BFA3
:100660000125D8074FEA450558BF45F0040502B3F8
:1006700045F00105FFF770FBE906637803D5012B10
:1006800008BF45F020053C4A2678D2F8481521627B
:10069000D2F8442584F82530237BE26184F82430A5
:1006A0007EB9667026712686EA071ED5E36C9847E8
:1006B0002EE015F00B0FDDD1C2E70025C0E70825BD
:1006C000D8E715F0110735D1013EA2784FF0960119
:1006D00018BF01263046FFF74FFBA278014630468F
:1006E000278084F83070FFF7F1FD15F0020024D068
:1006F000224B0021D3F81C0E236D00F0010045EAC7
:100700008000C0F3800080F0010000F001009847F5
:100710006378022B0DD123795BB1022B164A1AD1D3
:10072000236AA1680B44C2F84435134B144AC3F83A
:10073000C421F8BDFFF7DEFDB6E715F0280F05F080
:10074000200104D0B1FA81F1636D4909DFE7EB06BE
:10075000DED5A36DABE7012B04D040F61A613E2035
:10076000F9F734FFA368216A8B42DCD840F61B619D
:10077000F5E700BFA80E01200050084000A0084087
:1007800009000080024B03EB8003D86B704700BF69
:10079000F8C20600024B03EB8003986C704700BF61
:1007A000F8C20600F8B50D460123477801464370AC
:1007B00004462846164600F039F9074AD2F80431B3
:1007C000002BFBD0677016B9EB78A370AB707B1E63
:1007D00058425841F8BD00BF00A004402E3008B573
:1007E000362854D8DFE800F05053535353534D5339
:1007F000535353535353535353534B5353535353D1
:10080000585358534953475345534353413F3D3B36
:1008100039373533312F2D2B29272523215A1C0019
:100820003F231F4AC2F8103708BD3323F9E72D23B1
:10083000F7E72823F5E72323F3E71F23F1E71B233B
:10084000EFE71823EDE71523EBE71323E9E711237F
:10085000E7E70F23E5E70D23E3E70B23E1E70A23AF
:10086000DFE70923DDE70823DBE70723D9E70623D2
:10087000D7E70523D5E70423D3E70323D1E70123F3
:10088000CFE74FF49873CCE74FF48873C9E740F291
:100890000D113F20F9F79AFE0223C2E73923C0E782
:1008A00000A008404FF47A73054A584332F91120EA
:1008B00000F2E7301044B0FBF3F00238704700BF9D
:1008C00058C306004FF47A73044A00FB033032F930
:1008D00011201044B0FBF3F0704700BF58C306006E
:1008E00038B51D460A4B33F9114003EB8203053539
:1008F0009B681C444FF47A7304F6B73403FB00443E
:100900001046B4FBF3F42544FFF73CFF284438BD00
:1009100058C3060070B5064608461546FFF73AFF6D
:10092000094B03EB85039C684FF47A7304F6B734E4
:1009300003FB0644241A2846B4FBF3F4FFF722FF16
:100940000530204470BD00BF58C30600024B002292
:100950001A705A709A707047040F01202DE9F843FD
:10096000064601200F4615469846DDF82490FFF70D
:1009700085F99DF82C3006F00302284C42EA034228
:100980009DF8343042EA03620023C4F80425244A67
:10099000C4F88030C2F88430A2F57C32C2F88431C9
:1009A0000222204BC3F80825BDF828301E4A938048
:1009B000FB6893FA83FCBB6818BA7B6819BA3B687A
:1009C000C4F810C51BBAC4F81405C4F81815290AD0
:1009D000C4F81C352D069DF8207041EA0861D9F84D
:1009E00004302DBA003F21F00041D9F800001BBAB5
:1009F00018BF0127022EC4F8203500BA41EAC7719A
:100A00004FF00103C4F8240509BAC4F82815C4F846
:100A10002C55537008BF1370BDE8F88300A0044044
:100A20000030084000200440040F01202B4B5A786E
:100A30002DE9F04704460D4622B940F241116C20E1
:100A4000F9F7C4FD264A03F1080E4F7803F11006AA
:100A500003F1380CDFF88C904FF00E08DF809F8494
:100A600003F1480A04379D61C3F81C9083F827807E
:100A7000A3F85C7092E80300C3E914498EE8030010
:100A8000D2E9020186E80300E91C0026196283F816
:100A90002660D2E90401C3E90A668CE80300611C00
:100AA000196411495964D2E90601E21C8AE803007D
:100AB0009A65012183F85E6083F85F80C3E9186658
:100AC000AA78A270094AC2F830E5C2F838C5997010
:100AD0001970C2F804611160BDE8F087040F0120AD
:100AE00080C306000100000D0100000C00A00440BE
:100AF000334B5A782DE9F04105460E4622B940F2B3
:100B000061116C20F9F762FD2E4A03F1380C03F1F4
:100B1000480403F10807DFF8B080DFF8B0E0C3F85D
:100B200044801E65C3F854E092E80300C3E9085E00
:100B30008CE80300711C1964D2E9080184E8030001
:100B4000F11C0024996522495C6683F82E40C3E9B4
:100B50001714D2E9040187E80300691CC3E90418EB
:100B6000D2E90601EA1C03F118089A629A889A856C
:100B70000E2288E8030083F82F200121C3E90C44EA
:100B8000B278AA70134AC2F830C5C2F838759970A5
:100B90001B780BB9A321B4E70F4BC2F80441C2F88C
:100BA0000841C2F880300D4AC2F88430A2F57C3288
:100BB000C2F8843102220A4BC3F80425BDE8F08153
:100BC000040F012080C306000100000C0100000D8D
:100BD000E803000E00A0044001000080003008403F
:100BE000002004400C4B1A788AB100220B490220E5
:100BF000C1F8802001F56431C1F88420A1F57C3171
:100C0000C1F88421A1F50051C1F808051A7000222D
:100C10005A709A70704700BF040F012000A0044072
:100C200008B50B4BD3F8082122B10420FCF7F6F8E5
:100C3000022008BDD3F8042122B90520FCF7EEF804
:100C40000320F6E7D3F80004003818BF0120F0E7CE
:100C500000A00440014B01225A60704700A00440EC
:100C60002DE9F04F264C85B0054698460E461746AE
:100C700000F0C2F823788146AB4211D16378B342C9
:100C80000ED194F90230BB420AD1E378834207D1F6
:100C9000A388A8F8003094F9060005B0BDE8F08FED
:100CA000012D06D0022D10D040F28F410620F9F719
:100CB0008DFC00200DF10F033A46314600F0A2F8FA
:100CC000824620B14121A920F1E70120F2E7304618
:100CD0009DF90FB0FFF7B6F9A91E0346CDF800A0A5
:100CE0004A4258464A41414600F03CF8B8F80030C4
:100CF000A071A38025706670A77084F80390CAE77E
:100D00003E000120014B1B681B6818477000012042
:100D1000014B1B685B68184770000120014B1B6882
:100D20009B68184770000120014B1B681B6918471E
:100D300070000120014B1B685B691847700001209F
:100D4000014B1B689B69184770000120014B1B6811
:100D5000DB69184770000120014B1B689B6A18472C
:100D60007000012030B4044C9DF8085024680295AE
:100D7000E468A44630BC60477000012000220D49A1
:100D8000134610B540FA02F4E40744BFCA545C1C91
:100D900002F1010248BFE3B2042AF3D1054AFF245D
:100DA000D118032B01D9107110BD013301F8014B8B
:100DB000DBB2F6E700140120956105009B61050098
:100DC0009D610500C3610500A1610500CD610500BD
:100DD000A7610500D7610500AD610500E36105006D
:100DE000B9610500BD610500AF610500B561050091
:100DF000D3610500DD610500014B187D704700BF20
:100E0000780F0120042810B511D883B104280CBF35
:100E100010242824A1420AD2064C54F8200018B10C
:100E200041568A42A8BF0A4600201A7010BD6FF0D2
:100E30001500FBE7780F01200728034611DC10F1AD
:100E40002D0F10DB094A101890F82E0002EBC0029B
:100E500092F93C209A4207D0002918BF0130C0B255
:100E600070471B2070470020704700BFA8C30600D2
:100E7000072808B507DCFFF7DFFF044B03EBC003CF
:100E800093F93C0008BD0820FCE700BFA8C306009A
:100E900010F0FF0008B5074B05D0012807D04D2101
:100EA000B52001F0F5FE01229A601A6008BD586273
:100EB000FCE700BF00E0104010F0FF0008B5124B47
:100EC00005D001281AD07C21B52001F0E1FE0122D5
:100ED0005A60DA600D4AC3F800011070D3F8082494
:100EE000D2070AD4D3F8682412F0010202BFC3F873
:100EF0001021C3F81821C3F8142108BD00229862FC
:100F0000C3F81C21EAE700BF00E010408D0F01206C
:100F1000014B01221A7070478D0F012008B50B4B51
:100F200028B101280BD0C221B52001F0B1FED3F8C1
:100F3000103113B9064B187808BD0120FCE7D3F82F
:100F40001C01003818BF0120F6E700BF00E0104088
:100F50008D0F0120024BD3F8080400F00100704708
:100F600000E01040024BD3F8480400F00100704745
:100F700000E01040024BD3F84004C0B2704700BFFD
:100F800000E0104007490246D1F84C04D1F84C1457
:100F900010F4803005D0D0B201F003031B1A584280
:100FA0005841704700E01040084B1A7810B50AB15C
:100FB00000221A70EFF3108472B65B7803F0FF0022
:100FC0000BB9FFF779FF04B962B610BD900F01208D
:100FD00070B5174D012204460E462B18DA7005F045
:100FE00002F9A0B934B1012C0FD040F229116D20C3
:100FF00001F04EFE11232A19012105EB84045171E1
:101000000C4AA660C2F8043370BD8023F3E7002EBB
:10101000FAD034B90220B047002305EB8405AB6059
:10102000F2E7012C01D12046F5E74FF4A271DEE78B
:10103000900F012000E01040044B0022191803EB30
:1010400080034A719A60CA70704700BF900F0120F8
:10105000014B1882704700BF900F0120014B588A46
:10106000704700BF900F0120014B188A704700BFE6
:10107000900F012010B5EFF3108472B6064B0344B5
:101080005A780132D2B25A705B78012B01D1FFF746
:10109000FFFE04B962B610BD900F0120034610B5E3
:1010A000EFF3108472B611490B445A7822B940F21A
:1010B0005B216D2001F0ECFD5A78013AD2B25A70F2
:1010C0005B7883B90B7D43B1094BD3F80C34DB0358
:1010D00006D44B7803F0FF002BB9FFF7EDFE02E0DA
:1010E000487D01F055FF04B962B610BD900F012094
:1010F00000E0104010B505F079F80C4C05F073F8DD
:1011000060B1A37D3BB90A4B01229A610423E375C8
:101110000023237610BD05F06CF8F9E703230122C4
:10112000E375034BC3F80423F2E700BF900F0120DF
:1011300000E01040014B01221A62704700E01040AD
:10114000044B587E28B1044BD3F81001B0FA80F05C
:1011500040097047900F012000E0104038B50C4B5B
:101160005D7E5DB901245C7605F040F8094B1022E4
:10117000C3F81051C3F80423DC6138BDFFF7E0FF6A
:101180000028FAD040F297216D2001F081FD00BFC8
:10119000900F012000E01040024BD87D003818BFAE
:1011A00001207047900F012038B5174C237D23B9DB
:1011B00040F20A316D2001F06BFD01232370A37D05
:1011C000C3B9A37EB3B1227E013B9A4212DA05F085
:1011D0000AF8054601F076FEA37E012B82BF237E2E
:1011E0000133237655B1E369C31A0133022B09D9C0
:1011F00035B1E061BDE83840FFF77CBF236AF3E713
:101200002062F7E738BD00BF900F012037B5184CBA
:10121000A37D63B9606A00F00300FFF7B3FE30B14D
:10122000EFF3108372B6E27D1AB103B962B603B070
:1012300030BD0122E27503B962B608230D4DC5F831
:1012400008334FF42073ADF80630BDF806309BB27A
:101250005A1E92B2ADF80620002BF6D1C5F80C311B
:1012600084F82830FFF746FF0823C5F80433DEE78B
:10127000900F012000E010402DE9F74F524C237DE4
:10128000002B00F09D800323ADF804304F4BD3F8C2
:101290000051D3F81C21003D18BF012522B10122C5
:1012A00045F080058DF80520D3F80881D3F8142186
:1012B00012B9D3F8183173B1444B0026C3F8146146
:1012C000C3F81861C3F81061637E0BB104F091FF9D
:1012D000667605F0FFF83D4BD3F810316BB3637EB3
:1012E0001BB104F086FF00236376637913B10223F8
:1012F0008DF8043045F01005354E0DF1040A334BDE
:101300004FF00009F71EC3F808531AF8010B032821
:101310000AD03B7843B14FF0000B336887F800B038
:1013200013B19847C6F800B009F10103043601373C
:101330004FF00109022BE8D101E0002DDCD1B8F11A
:10134000000F08D0214B0022C3F808210422C3F863
:101350000823FFF75BFF94F82860EA071B4BF6B2FF
:10136000D3F80C7108D5E27D032A05D1A27D82B99C
:101370000422E27501229A61A7B1144B0022C3F83E
:101380000C21E37D042B09D040F26D316D2001F07A
:101390007FFC04F02EFF0223E375EDE70223E375E3
:1013A00004F027FF66B1002384F82830E37D022B88
:1013B00001D1FFF79FFE03B0BDE8F04F04F019BF65
:1013C00003B0BDE8F08F00BF900F012000E0104097
:1013D000980F012010B5054C606A00F00300FFF77C
:1013E000D1FD0028F8D0002010BD00BF900F0120D3
:1013F000F8B5054650B10278022A07D8437842B9B9
:10140000013B1F2B02D88378212B07D96FF01500E1
:1014100087E0002BFAD18378002BF7D1634B4FF490
:101420008042C3F8A020BFF34F8FBFF36F8F604E91
:10143000C3F8A021FD235F4CC6F808330023C6F88B
:101440001C31C6F80031C6F80831C6F80C3163709B
:10145000A370AB886382FFF77DFD10B10123E370B9
:101460006370D6F80C0440F2563310F480302382B7
:101470001BD0FFF74DFD504801F060FD4C4E60233E
:1014800060750022C6F804332B78A978012B6276A8
:101490006262A375A17622761BD0022B12D0CBB14B
:1014A00040F222516D2001F0F3FBC6F81001FFF766
:1014B000EFFC3F4AD2F81031002BFBD00020FFF7A1
:1014C000FBFCD8E704F092FED6F80C34D903FBD528
:1014D00002236362FFF746FD48B3FFF74BFD636AE3
:1014E00003F00303984222D1AB79DBB9FFF772FF17
:1014F000A37E63B12B7853B904F075FE054601F065
:10150000E1FC6FF00043002D4CD0C4E90703012338
:101510004FF4804200202375244BE075C3F8A021CE
:101520001A62F8BD224B0422C3F80423E0E7204BE3
:10153000012200215A61C3F8081194F82410C3F85D
:1015400040141A610422C3F80423AA79002ACFD1D7
:10155000D3F80423520702D440F2D541A2E7174A38
:101560001769116907F0100741F010011161D3F8F4
:1015700008310BB905F073F80D4ED6F8083173B188
:10158000FFF728FF27B90D4A136923F010031361F1
:101590000423C6F808330023C6F80831A8E705F08D
:1015A0005CF8EAE7C4E90730B1E700BF00E100E01A
:1015B00000E01040900F0120A90F050000ED00E0B1
:1015C00038B50E4B04460D461A791AB183216F20A7
:1015D00001F05EFB01280DD803445A790AB10020BE
:1015E00038BD01225A71FFF745FD29462046FFF715
:1015F000EFFCF4E76FF01500F2E700BFBC0F01202D
:1016000070B50C4D04462E791EB19A216F2001F061
:101610003FFB01280BD805446B790BB9002070BD46
:10162000FFF70AFD20466E71FFF738FDF6E76FF011
:101630001500F4E7BC0F012010B501B3F0B14FF075
:10164000FF33104A1C46E0FB0134944203D9DB21EE
:101650006F2001F01DFB1A0DC3F30F100A4B42EA75
:1016600004324FF22444B2FBF4F100EB024003FBDE
:101670001100B0FBF4F040EA0140013010BD084613
:10168000FCE700BF3F420F00000024F4014B9B68C1
:10169000184700BFBC0F0120014BDB68184700BF93
:1016A000BC0F0120014B1B69184700BFBC0F012074
:1016B00008B5064B1B7923B140F237116F2001F0BA
:1016C000E7FABDE80840FFF76FBD00BFBC0F01207F
:1016D000034B1A790AB9FFF7C1BC988D704700BF58
:1016E000BC0F0120034B1A790AB9FFF7BDBC988AD9
:1016F000704700BFBC0F0120024B1B790BB9FFF7ED
:1017000085BD7047BC0F0120014B9B69184700BF86
:10171000BC0F012038B51D4C237933B3FFF7C2FF4E
:1017200050B91B4DC5F81001FFF7B0FFD5F81031C7
:10173000002BFBD0FFF7B0FF154B6022C3F804234A
:10174000636A9847002806DB94F82E3023B1012302
:10175000002084F8303038BDFFF7D6FF0028F6DAD5
:1017600040F28D116F2001F093FA0A4BA3610A4BEE
:10177000E3610A4B23620A4BA3600A4BE3600A4B06
:101780002361FFF735FE0028E1D0E4E7BC0F01201C
:1017900000E01040D5130500FF6105009911050018
:1017A000ED610500F3610500F961050038B5084BEE
:1017B00004461D7925B140F2E1116F2001F068FA6D
:1017C00000F05CFE2046FFF743FC284638BD00BF12
:1017D000BC0F012008B5074800F03EFE054800F0A8
:1017E00019F801F05DF901F07FF800F035FA0120F9
:1017F00008BD00BFF00F012008B5054B1A781AB1DB
:101800002721032001F044FA5860197008BD00BF79
:10181000F80F0120024B986000221A705A6070473E
:10182000F80F0120F7B51E4C2378012BDAB204D053
:10183000022A2ED0012003B0F0BD0DF1070160682F
:1018400000F026FA65686B7DDB071CD5AB7F042BA7
:1018500019D000F095FE0646A8B100F097FE2B695E
:10186000D5E900279A18B36847F100070A332CBF5F
:10187000012500251B1845EB01059342BD4102D30C
:10188000606800F0D3FA0023636023709DF80700BE
:10189000D1E70DF10701606800F004FAF3E700BF3B
:1018A000F80F012073B505460C4600F069FE0646A8
:1018B000AB7F012B1AD021462B4604F1180251F8B8
:1018C000040B914243F8040BF9D101230DF10701F8
:1018D0002846AB7700F0DCF916B1012002B070BDEC
:1018E000034B0421986804F01AFEF6E70020F5E7A0
:1018F000F80F0120024B0621986804F010BE00BFCB
:10190000F80F0120042300F11802837700230376E7
:1019100043768376C376044B196811B91A605A600E
:10192000704759680A60FAE7041001202DE9F8436E
:10193000174E002407468846B368204633B928B3BB
:10194000144B1878BDE8F84301F022BB53E90615A3
:1019500053F8082CD3F80090521845F10005BA420C
:1019600075EB080510D24CB1226812682260A3F111
:101970001800FFF7C7FF01204B46DFE7B268002AD7
:10198000F5D01268B260F2E71C46F5E7BDE8F883CF
:10199000041001207400012000232DE9F04713609A
:1019A0000646324B986800285DD0A0F1180550E932
:1019B000063CB3427CEB01040AD250F8084CE31811
:1019C0004CF1000C9E4271EB0C043CBF33468C463C
:1019D00050F8104C00270A3447F10000E3184CEB94
:1019E000000C2846D5F81890B9F1000F3BD059E902
:1019F00006E89E4578EB0C0435D290F814A019F84F
:101A0000044CA24526D08CBF01240024F4B105F17A
:101A10001803B645136078EB01030CD259F8083C63
:101A200013EB0E0348F100089E429E4671EB08033B
:101A30003CBFB646884659F8103CA9F118000A3355
:101A400047F1000C13EB0E0348EB0C0CAD6955B1DC
:101A5000183DC7E7B9F80440B0F81CA0A4EB0A048D
:101A6000C4F3C034D2E7BDE8F08700BF0410012002
:101A70002DE9F04F85B082834F4A04460091D2F899
:101A800008C094F81580D0E90030BCF1000F40D0B8
:101A9000ACF11801002708F00109D1E900269342B2
:101AA00070EB06056ED3B9F1000F2CD0277D0D7DAC
:101AB000AF4228D38D68AD1846F1000615F10A0A29
:101AC00046F1000E534570EB0E0219D22269D2186E
:101AD00040F1000792457EEB070B01D25246774654
:101AE000AA42B7410FD220460024FFF70BFF334B29
:101AF000187801F04DFA009B1C7005B0BDE8F08F1E
:101B00001A460746ECE78A690F4622B1A2F118018E
:101B1000C3E76246674618F0010F38D0A168C918BC
:101B200040F1000B019192B3019DD2E9001615F12D
:101B30000A0E4BF10005714576EB050527D294F8A6
:101B400014E0157DAE4519D395686D1846F1000671
:101B500015F10A0946F100084B4570EB080113D254
:101B60002169C91840F1000E894578EB0E0A01D2AF
:101B70004946C646A9427EEB060EB4D3926932B1FD
:101B8000183AD1E70A46C6E719468646F2E704F155
:101B900018035FB1BA69A261BB6103AA00200021EA
:101BA000FFF7FAFE231A5C425C41A4E7024AC4F83C
:101BB00018C09360F1E700BF0410012074000120F9
:101BC000F8B5244C0023E360EFF3108272B621686D
:101BD0006360E160236002B962B60026E36803B97E
:101BE000F8BD9A79A3F11800032A07D11A680121D8
:101BF0009E7153F80C3CE2609847EFE7196851B1C9
:101C0000A1F11803074600229D7F042D09D09B7F78
:101C1000032B02D1B2B9E16017E063219F2001F0EC
:101C200037F8B0F81CC09D8BA5EB0C052D049D6901
:101C300044BF07F118021846002DEBD01F46A5F14E
:101C40001803E1E713681B681360C36802218677F5
:101C5000D2E700BF0410012010B50A4C2378FF2BF7
:101C600004D04FF483719F2001F012F8064801F070
:101C700065F9064B002220709A601A605A601A8239
:101C800010BD00BF74000120C11B0500041001201D
:101C9000034B1A8A10B4541C1C8210BCFFF7E8BE18
:101CA0000410012037B504460D4601AA002100208A
:101CB000FFF772FE231A04F11801584258412870A8
:101CC000044804F052FC10B100230120A37703B0B4
:101CD00030BD00BF0C10012038B5114B044600F197
:101CE00018011A68B2B11A6800209AB191420ED157
:101CF00008B1A56905601D68A94204BF12681A6091
:101D00005A68914200D158600023A37707E010463B
:101D10001268EAE7034804F028FC0028F4D138BD33
:101D2000041001201010012037B505460C46FFF7BE
:101D3000FDFD01AA28462146FFF72EFE28B100F13D
:101D40001803034A536103B030BD0346F9E700BFEF
:101D50000410012010B5064C616904F1080004F07C
:101D600004FC18B1606900231838636110BD00BF1E
:101D7000041001209C46144BF0B59D68FDB115F888
:101D8000043C183D834218D812F10A04D5E9003604
:101D90004CF10001A34276EB01070BD22F69FF182B
:101DA00046F10006A7428E4107D3B4F10A0041F183
:101DB000FF31F0BD1C463146F7E7AD69DEE74FF075
:101DC000FF300146F5E700BF0410012008B5837F0E
:101DD000022B1CD1437D13F0020302D00023837732
:101DE00008BD0322037643768376C3760D4B827754
:101DF00000F11802196839B91A605A600A4B18784C
:101E0000BDE8084001F0C4B859680A60F5E7837F6F
:101E1000012BE5D0837F042BE2D04FF4FA719F2091
:101E200000F036FF041001207400012010B500F10D
:101E300018010446084804F098FB20B94FF4FF71DC
:101E40009F2000F025FF2046FFF75CFD034BBDE817
:101E50001040187801F09CB80C100120740001208B
:101E60002DE9F74FD0F810E0BEF1000F04D040F29A
:101E70001D219F2000F00CFF836890F814800193CF
:101E8000D0E90014EFF3108972B6274BB3F810C0F5
:101E90009B686BB1019D183B0A35D3E900264EF1D2
:101EA000000A6D1844EB0A0A95427AEB060707D23E
:101EB000B9F1000F35D0C0E9001403B0BDE8F08FD0
:101EC0008A4276EB04070CD31F69BF1846F1000B5A
:101ED000AF427BEB0A0B34BF0125002575B99B6926
:101EE000D7E712F10A0A9D6846F1000715EB0A05CB
:101EF00047F10007A94274EB0707ECE71D7DA845F1
:101F000009D0ECD912F10A019D6846F10004691864
:101F100044F10004E3E79D8BA5EB0C052D04DED511
:101F2000F0E762B6C7E700BF04100120034B187842
:101F300000F0FD00431E5842584170472010012018
:101F4000024B0521586804F0EABA00BF20100120B6
:101F500038B5FFF7FFFE002580B1094CC4E9020542
:101F6000256100F0DFFCA068022329468377C3685F
:101F70009847D4E9060104F068FA012038BD00BF93
:101F800020100120064B986810B520B94FF4247139
:101F9000B02000F07DFEC3680521BDE81040184761
:101FA000201001202DE9F74F2F4C814694F8243062
:101FB000266A002B3AD1FFF7B9FF804618B1E38CAF
:101FC0009E4238BF1E4600F0A9FD83190F46054604
:101FD00041F100011846CDE90013FFF7A5FE40B31B
:101FE000019B0099D0E900AB534571EB0B0205D280
:101FF000BAEB0605534659466BF1000728461B4AC3
:10200000C4E9063100233946C4E90A57236300F0C6
:1020100059FD5046594604F059FAB8F1000F02D064
:10202000E38C9E421DD00223114A13E04FF00008BA
:10203000C9E794F8243033B12378023B012B02D84E
:10204000636B01209847002584F8245004F03FFA80
:102050002B46084A84F83830C9F8002003B0BDE8A0
:10206000F08F0123E0E700BF20100120411F050091
:10207000A52105004F6405002DE9F04780460F4675
:102080009146444C002B6FD04FF0000AD3E9006515
:10209000C4F830A0864275EB01033CBF0D460646EE
:1020A00029463046C4E9066504F010FAE38CB6EB25
:1020B000080803F1640365EB070743455346BB413A
:1020C0000FDA94F824304BB12378023B012B02D86D
:1020D000636B01209847002384F82430FFF726FF24
:1020E0008246236A03F5E173984577F100071CDA0D
:1020F000BAF1000F10D0E08C274A301A65F10001C8
:10210000C4E90A0100F0DEFC0623244A84F83830D2
:10211000C9F80020BDE8F0871F4A30462946C4E9C7
:102120000A6500F0CFFC0523EFE704F0D2F9FFF7D2
:10213000B3FAE08C236ABAF1000F0BD0984209D9A8
:10214000301A154A65F10001C4E90A0100F0BAFC31
:102150000123DAE7F01A104A65F10001C4E90A0127
:1021600000F0B0FC0223D0E794F8243033B1237898
:10217000023B012B02D8636B01209847002584F8AD
:10218000245004F0A6F9FFF787FA04F0A0F92B46D3
:10219000034ABBE720100120411F0500A5210500CF
:1021A0004F640500023970B50546032900F20D8120
:1021B000DFE801F006020840854B002283F8392051
:1021C000002024E0824C94F83830042B09D8022BEC
:1021D00028D8013B012B1BD940F27911B02000F027
:1021E00057FD053B012BF7D8FFF71CFB0028E7D074
:1021F00000F084FC00F092FC06460C46FFF794FDCC
:102200002A46034621463046FFF736FF022070BDBE
:10221000FFF708FB0028D3D000F070FC2846FFF73A
:10222000C1FEF3E7FFF7FEFA0028C9D0012384F8C6
:102230003930C5E7664C94F83830013B052B00F285
:10224000C180DFE803F0032956788097FFF76EFE20
:1022500010B194F8240010B140F28311BEE7636B13
:102260009847012384F8243000F058FCA36A594AA7
:10227000C01A236B9842ACBF2063236304F118009B
:102280000BC8C01A61F10001C4E90A0100F01AFC90
:10229000022384F8383093E704F01AF9FFF7F6F9CF
:1022A00000F03CFCA36AC21A236B9A42B8BF1A46DC
:1022B0002263FFF73BFED4E9063168B194F82400AD
:1022C00050B9E28C981A434A61F10001C4E90A014D
:1022D00000F0F8FB0323DCE7323B41F1FF319818B3
:1022E00041EBE2713B4AC4E90A0100F0EBFB042335
:1022F000CFE7FFF71BFE10B194F8245015B14FF44F
:10230000DA716BE700F00AFCA36AC01A236B9842EB
:10231000ACBF206323632846636B98470123D4E94D
:10232000060184F824303238236B41F1FF31C018A4
:1023300041EBE371D6E700F025FB78B194F8393032
:10234000002B7FF457AFFFF703FE00283FF452AF96
:10235000002384F83830204B2B6057E70020002101
:10236000FFF7E2FC08B1FFF761FD04F0B2F8FFF7F8
:1023700093F953E7FFF7DAFD10B194F8245015B143
:102380004FF4FD712AE700F0C9FBA36AC01A236B62
:102390009842ACBF206323632846636B98470123B0
:1023A0000C4A84F82430236BD4E90601323841F119
:1023B000FF31C01841EBE371C4E90A0100F082FB70
:1023C000052366E74FF4047108E740F2152105E79D
:1023D00020100120411F0500DD23050002392DE9F1
:1023E000F041064604292FD8DFE801F0030A0C2E3D
:1023F0000F00184A1378003B18BF012382F82430DD
:1024000000201FE0FFF70EFAFAE7DFF8488000F03F
:1024100099FA00F083FB0C460546FFF785FC07465A
:10242000D8F80800FFF7D2FC002300222846C8F89D
:10243000083000232146C8E906233B463246FFF711
:102440001BFE0220BDE8F08140F23B21B02000F0ED
:102450001FFC00BF20100120064A002310B5064CC7
:102460000260606084F838302370FFF73BF9323047
:10247000206210BD4F6405002010012008B5074BF5
:102480005A681168064A914204D040F27521B02082
:1024900000F0FEFB3230186208BD00BF20100120A2
:1024A0004F64050010B5EFF3108472B6034B04219E
:1024B000586804F034F804B962B610BD2010012049
:1024C00008B5094B9A6822B940F29621B02000F075
:1024D000DFFBD3E90621BDE808408018034A41F13B
:1024E000000100F0EFBA00BF20100120851F050099
:1024F00008B5064B9B6823B94FF42771B02000F054
:10250000C7FBBDE8084000F0F9BA00BF2010012069
:1025100008B5054B9A6822B940F2A221B02000F01C
:10252000B7FBD86008BD00BF2010012008B5054BDF
:102530009A6822B94FF42A71B02000F0A9FB186103
:1025400008BD00BF20100120054B1B6910B523B941
:1025500040F2AE21B02000F09BFBBDE810401847D0
:1025600020100120054BDB6810B523B94FF42D7105
:10257000B02000F08DFBBDE810401847201001206E
:10258000014B9868704700BF2010012008B5054B2B
:102590009A6822B940F2BF21B02000F079FBD3E95C
:1025A000060108BD2010012008B5FFF7BFFC08B1E7
:1025B000014BD88C08BD00BF201001200028ADBF02
:1025C00000F1604000F00F00044B00F56140B4BF23
:1025D000185C90F800034009704700BF14ED00E05C
:1025E0002DE9F04105460E46E1B9114F3B681BB19C
:1025F0008621452000F04CFB38600E48FFF788FF2D
:102600000D48FFF793FF03F0BCFE6B7D04465B07AC
:1026100008D503F001FE0A34241A7C6000F090FA19
:102620000028FBD02B6A3146686ABDE8F0411847A4
:10263000601001205D2605003D260500064B1B6845
:1026400010B51BB97221452000F022FB1A6A042143
:10265000586ABDE81040104760100120064B1B6807
:1026600010B51BB96C21452000F012FB1A6A03213A
:10267000586ABDE81040104760100120024B00224C
:102680001A601A81704700BF6010012008B5074B1F
:102690001A681AB9B921452000F0FAFA0449D16044
:1026A00000221A60BDE80840FFF724B9601001203D
:1026B000E125050030B587B00C46182200210546FB
:1026C000684604F056F8637A4FF000026168C3F37D
:1026D0008003029183F0010363F38202237A8DF871
:1026E0001430224B8DF81520039323785BBB9DF8A3
:1026F0001500D4E904324007CDE9003207D50A3B82
:1027000001F10A0142F1FF320291CDE90032637A10
:1027100069469DF81520C3F3400322F003025B00D5
:1027200043F0010313438DF81530114B5868C0F383
:102730000800B8B11038FFF741FF98B92846FFF7F5
:10274000B1F807B030BD2369049303F05FFD9DF835
:1027500015305B0744BF029B0A33CDE9000148BF37
:102760000293D4E7284603F05DFDEAE7E125050082
:1027700000ED00E008B50A4B02465868C0F30800B7
:1027800040B11038FFF71AFF20B91046BDE80840E5
:1027900003F08EBD1046BDE8084003F05ABD00BFEF
:1027A00000ED00E070B50B7886B023B140F21F2138
:1027B000452000F06DFA4C7A4FF000060593C4F303
:1027C00080034D6883F00103029563F382060B7A60
:1027D0008DF814300F4B8DF8156076070393D1E90F
:1027E0000431CDE9003107D50A3B05F10A0541F175
:1027F000FF310295CDE900319DF81530C4F3400456
:102800006946049264F341038DF8153003F00AFD24
:1028100006B070BDE12505007FB503F0F7FC00238D
:1028200005930B4B039340F21E2302934FF0FF33AB
:10283000CDE90001694607480493FFF733F818B95A
:10284000B021432000F024FA07B05DF804FB00BF7C
:102850007D2805009810012010B5074C94F8203011
:102860004BB9FEF71FFF30B9012384F82030BDE8D3
:102870001040FFF7D1BF10BD9810012008B5052901
:102880002DD8DFE801F0032E282C2C0D03F0BAFC24
:10289000144803F078FD1E38BDE8084003F0B8BCCA
:1028A000FEF700FF38B10F4B002283F82020BDE86F
:1028B0000840FFF71FB803F0A7FC08B903F0A2FC1B
:1028C00000214FF4007003F02EFD0028E0D1CE214E
:1028D000432000F0DDF9BDE80840FFF79DBFDA2195
:1028E000F6E708BD981001204FF000430B4A002185
:1028F000C2F88030A2F58022C2F88031012302F5AF
:102900007832C2F80435A2F58022C2F804352022BC
:10291000034B184683F8201003F02BBF00400C40F7
:102920009810012008B511F069F8054AD2F8583717
:1029300043F00103C2F85837BDE80840FFF78CBFE9
:1029400000200E4008B511F05FF80B4AD2F8583756
:1029500023F00103C2F858370122084B5A604FF0A8
:10296000FF32C3F808232022054BC3F89021BDE8AD
:10297000084000F0C3B800BF00200E4000500840DF
:1029800000E100E008B5FEF78DFEB0B90D4BD3F8BD
:1029900000314BB90C4A536A0133312B53620BD9C6
:1029A0008121432000F074F903F02EFC08B1852149
:1029B000F7E703F025FC012008BD034B00225A6213
:1029C000F9E700BF00E010409810012040F20251EA
:1029D000014808B500F052F915FC060018482022FD
:1029E00008B5C0F89020BFF34F8FBFF36F8F154B22
:1029F000C0F89021D3F8041521F00301C3F80415A1
:102A0000D3F8081541F00301C3F8081592FAA2F1B2
:102A1000B1FA81F1092904DD40F29F310A4800F042
:102A20002DF9C3F8101501215960D9604FF000410C
:102A3000C3F880104FF0FF31C3F80813026108BDDE
:102A400000E100E00050084015FC0600124B4FF476
:102A5000E062C3F838230022C3F8AC25C3F8BC25D4
:102A6000C3F8CC25C3F82021C3F82421C3F82821BA
:102A700020220A4BC3F89C21C3F89C20BFF34F8F40
:102A8000BFF36F8FC3F89020BFF34F8FBFF36F8FEB
:102A9000C3F89021704700BF00200E4000E100E025
:102AA00008B5FFF7D3FF054B4FF4A062C3F83423FA
:102AB0002022034BC3F89C21DA6108BD00200E40A0
:102AC00000E100E00B4B10B51C681CB14B21042049
:102AD00000F0DEF8B1F5801F1A6001D3FFF776FF32
:102AE000054B0122C3F8A005C3F8A415C3F8AC2513
:102AF00010BD00BFC010012000200E40054A136821
:102B000033B100230449C1F8AC35C1F8203113605A
:102B1000704700BFC010012000200E4030B54FF0BC
:102B2000FF30064C6FF04041D4E90023904271EB36
:102B30000305F9D31046C3F3130130BD30270E400F
:102B400008B5FFF7EBFF044BD3E90223904299410C
:102B50002CBF0120002008BDC010012010B5FFF7D8
:102B60003DFF0F4C0023C4F8BC35C4F82431FFF7F7
:102B7000D5FF0A3041F10001B1F5801F01D1FFF707
:102B800025FF4FF00043C4F8B005C4F8B415C4F8ED
:102B9000A4310123C4F8BC35024BC3E9020110BDC6
:102BA00000200E40C0100120144BD3F8342312F43F
:102BB000A06F10B503D1FA21042000F069F8D3F812
:102BC000202162B100220E49C3F8AC25C3F82021B0
:102BD0000B6813B94FF48171EEE70A609847074B11
:102BE000D3F828214AB10022C3F8CC25C3F8282104
:102BF000034BBDE810401B69184710BD00200E4074
:102C0000C0100120014B1879704700BFD810012077
:102C1000044B1A79824283BF1B68602202FB00309A
:102C200000207047D8100120BFF34F8F0549064B95
:102C3000CA6802F4E0621343CB60BFF34F8F00BF5A
:102C4000FDE700BF00ED00E00400FA05094B01229A
:102C50005A604FF0FF32C3F808234FF40062064B6E
:102C6000C3F88820BFF34F8FBFF36F8FC3F888215D
:102C7000704700BF00B0044000E100E008B572B644
:102C8000024B5B6803B19847FFF7CEFFE0100120CD
:102C90001FB572B6144B5C6894B9FFF7C5FFB2FB61
:102CA000F6F22B465D1C002AF9D1DBB203F11005C8
:102CB0006D4405F80C2C0A2233B901A8A047ECE7B3
:102CC000024600230A26EDE7013BDBB203F11005C3
:102CD0000DEB0506B0FBF2F502FB1500303006F8EF
:102CE0000C0C2846E8E700BFE0100120F8B5234FA0
:102CF00005460C4616463B78002B3CD103F072FA91
:102D00007E601F4B01263C814FF48062C3F8A460B3
:102D10001C4BC3F89020BFF34F8FBFF36F8FC3F8E6
:102D20009021FFF793FF184B002D14BF284618463B
:102D3000FEF7F0FC0546E0B9FFF7A0FCFEF7DCFC6F
:102D400003F0DCFBFEF746FD18B9B8211120FFF7B0
:102D50009FFF002C0BDB04F01F036409A4009E40BE
:102D600004F1604404F56144C4F8806126600123E5
:102D70003B702846F8BD4FF0FF35FAE7E010012020
:102D800000A0084000E100E0C0C40600074BB3F912
:102D90000830002B09DB5A09012103F01F03994079
:102DA00002F14003024A42F823107047E01001206C
:102DB00000E100E0014B1878704700BFE0100120EF
:102DC0002DE9F84F0746894693469846374CDFF879
:102DD000E0A0384D2E780136F6B2D5E84F3F0133EA
:102DE000DBB2C5E8403F0028F7D101216160C4F89B
:102DF0000001C4F80401EFF3108072B62E4BC5F841
:102E00000490AB60C5E905B33B68C4F810357B6836
:102E1000C4F81435BB68C4F81835FB68C4F81C3511
:102E2000264BC4F830351033C4F83835216000B96A
:102E300062B6D4F800312BB9D4F8043113B92B7829
:102E40009E421CD0B8F1000F09D00A9B3BB1D4F8C8
:102E500040350A9AC8F80030D4F83C351360D4F8ED
:102E60000431002BB5D12978B142B2D1C4F8003178
:102E7000C4F804310323C4F80833BDE8F88FDAF846
:102E80001030DB06D5D503234FF40061C4F80433BA
:102E90000B4BC3F88811D4F80031002BC9D1D4F8FA
:102EA0000431002BC5D103F0D8FBC2E700B00440C9
:102EB00000ED00E0EC1001201000000BF0100120EC
:102EC00000E100E01A4B4FF4000270B5C3F89820FF
:102ED000BFF34F8FBFF36F8F164C0021164DC4F810
:102EE0000011C3F898212E692B6906F0100643F0F3
:102EF00010032B610123C4F804332360D4F800319C
:102F00009BB11EB92B6923F010032B610123D4F868
:102F100008054FF400026360C4F808330023C4F8C6
:102F20000031034BC3F8982170BD03F096FBE5E731
:102F300000E100E000700D4000ED00E038B50B4905
:102F4000042301EBC302157905F0FF042DB1013B09
:102F5000F7D240216920FFF79BFE41F833000121A1
:102F60005471D8B29471117138BD00BF1011012095
:102F7000042808B503D947216920FFF789FE034BD0
:102F8000002203EBC0031A7108BD00BF101101201D
:102F9000042808B503D950216920FFF779FE094BB1
:102FA00003EBC0000379012B01D05121F4E74379F1
:102FB00082790133DBB29A4218BF4371BDE8084001
:102FC000FFF7E4BE1011012038B505240F4D95F828
:102FD000281005EBC1031A79012A09D158799A7989
:102FE000904205D05A79D2B29A7155F8313098474B
:102FF00095F82830013C0133DBB2052B28BF0023B4
:1030000014F0FF0485F82830E1D138BD10110120FB
:10301000094B0A4AC3F800230132C3F80C230132DA
:10302000C3F818230132C3F820230132C3F81C234C
:103030000132C3F81021704700A00840040000804E
:10304000074B0022C3F80023C3F80C23C3F818234E
:10305000C3F82023C3F81C23C3F81021704700BF16
:1030600000A00840844641EA000313F0030359D14D
:10307000403A33D3F0B4F0C9F0C0F0C9F0C0F0C9A1
:10308000F0C0F0C9F0C0403AF5D2F0BC26E0403ABA
:1030900024D300BF0B6803604B6843608B68836078
:1030A000CB68C3600B6903614B6943618B698361C2
:1030B000CB69C3610B6A03624B6A43628B6A8362AA
:1030C000CB6AC3620B6B03634B6B43638B6B836392
:1030D000CB6BC36340304031403ADBD230320BD34C
:1030E0000B6803604B6843608B688360CB68C36088
:1030F00010301031103AF3D20C3205D351F8043BA2
:1031000040F8043B043AF9D2043208D0D2071CBF7D
:1031100011F8013B00F8013B01D30B8803806046A6
:10312000704700BF082A13D38B07B0D010F00303F9
:10313000ADD0C3F10403D21ADB071CBF11F8013B69
:1031400000F8013BA3D331F8023B20F8023B9EE795
:10315000043AD9D3013A11F8013B00F8013BF9D206
:103160000B7803704B7843708B78837060467047A0
:10317000B5670500C1670500C5670500CD67050097
:10318000D167050053B94AB9002908BF00281CBF00
:103190004FF0FF314FF0FF3000F00CB8ADF1080CEC
:1031A0006DE904CE03F026FBDDF804E0DDE902233F
:1031B00004B07047704700BF08B5F7F755FBF8F744
:1031C000F7FFF7F73FFA002008BDF8F783BF01F0DB
:1031D000DEB801F0DFB801F0D7B8034602220020C4
:1031E0001A70052258709A70FC22D8705A715122B8
:1031F00018719A717A22DA716FF016021A725822D7
:103200005A722C229A726F22DA72704700F0A6BEB0
:1032100070B50446FCF750FD012805461AD1601C24
:10322000FCF752FDB0B1A3790020E61D63F03F0327
:10323000A371F9F7BBF838B110220021304603F032
:1032400098FA0020257070BD3046FCF751FD00282B
:10325000F2D0F6E70025F4E710B50446102200216D
:1032600003F087FA04F1100310220021184603F03E
:1032700080FAFCF757FD0020F9F798F820B12046B6
:10328000FCF736FD002010BDFCF716FD0028F6D037
:10329000F8E710B50446FFF715FEB0F5007F09DA30
:1032A00010F5007F08DD031EB8BF03339B1000201C
:1032B000237010BD7F23FAE76FF07E03F7E7817874
:1032C000008801F017B837B505460C4600880DF1A7
:1032D000060100F044FF2B882380BDF80630638090
:1032E00003B030BDF7B504462046F9F7B9FC022813
:1032F00005462ED004282CD12378072B18D13E2048
:10330000F7F7C6FA78B9E37801A92279684643EA63
:103310000223ADF8003000F0A2FF0028E4D05321D2
:103320000820F7F753F90520F7F7F6FA0028EAD056
:10333000204600F013F82678A7783046F7F7A8FA69
:103340000028D1D03E2E04D13846F7F7E5FA002800
:10335000CAD0284603B0F0BD01F00CBD10B503780B
:103360000446192B12D89BB1013B182B10D8DFE86B
:1033700003F014190F444A50565C606272780F0FC4
:103380000F1D666C7C82888E949AA000FF2B33D030
:103390004FF4EF71C720F7F719F90C2303700823D6
:1033A000637029E01A2303700123F9E72920F7F756
:1033B000B3FA30B13E232370222363702923A37014
:1033C0001AE00A20F7F7A8FA3E23237018B11F234A
:1033D00063700A23F3E70123A37013236370E37977
:1033E00003F00103E371D4F81A30C4F80E30E38B14
:1033F000638294F82030237510BD3E2303700423AC
:1034000043701423DBE73E2303700C234370042333
:10341000D5E73E2303700A2343700323CFE73E23FF
:1034200003700D2343700523C9E70523237004238C
:10343000B6E70823FAE7302303700323B0E73E23FF
:1034400003700B2343700723B9E73E230370062361
:1034500043700C23B3E71323037083789B0001337D
:103460009EE75723037002239AE73E230370062347
:1034700043701223A3E73E230370092343701323F1
:103480009DE73E23037005234370202397E73E23E7
:10349000037009234370212391E7FF2303700B235B
:1034A0004370A2238BE7FF23037005234370A323FC
:1034B00085E7FF2303700D23437080237FE708B562
:1034C00010B96FF0150008BDFFF746FF0028F8D0CF
:1034D0000020F8E710B50C4648B141B1FFF702FFF4
:1034E000002820700CBF6FF02200002010BD6FF08C
:1034F0001500FBE7F8B5941C0E46054617460C442C
:103500006343B3F5004FA8BF4FF0FF3310F0030142
:103510009CB203D0B0211420F7F758F8B4F5004F4F
:1035200001D9B121F7E71422043003F022F9EF7436
:103530006C802E80F8BD38B50388C4888B4205891D
:10354000C4F30E0203D2D1211420F7F73FF884EA26
:103550000503C3F30E030BB9AC4206D102F1180305
:103560000122C1528274184438BD1846FCE702316A
:1035700001444A43B2F5004FA8BF4FF0FF3290B26A
:103580001B3020F00300B0F5004F34BF00B24FF005
:10359000FF30704740881B3020F00300B0F5004F2B
:1035A00034BF00B24FF0FF3080B2704738B50388A7
:1035B0008B4203D2F7211420F7F708F8857C65B118
:1035C000C388C3F30E031833C25A8A4207D3C152C9
:1035D000811DF7F7B1F900238374284638BD002513
:1035E000FBE703461830F0B59E88DD88B4B2C6F319
:1035F0000E06A54214D05F89DD7C845B3D44E41B4C
:103600000235A4B2354428440D88A54284BF0C80FD
:1036100025465989B1FA81F149091170DD81F0BD62
:1036200000252846FAE7F8B582880026C3890446B3
:103630000D4692B20E60CBB14189C2F30E020B442B
:1036400018329BB28718825A4381934204D94FF4AF
:10365000A2711420F6F7BAFF04D1011DF7F76CF937
:1036600046812F6000230120E381F8BD1846FCE766
:103670008388014602899BB29A4202D00831F7F74B
:103680005BB970478388C0889BB2C31A58425841BF
:103690007047828873B595B2C488C2F30E02AC42FB
:1036A00002F1180212D04189C689835A31449942E5
:1036B0000EDB0DF10601ADF80650F7F73DF9BDF848
:1036C0000600001B18BF012002B070BD0020FBE700
:1036D0000120F9E770B5C488034606891830C4F3A1
:1036E0000E0584EA0602C2F30E020AB9B4420FD1F3
:1036F0009C891A880CB1465B921B914207DCDA7CEC
:103700002C440232224410440A461A8270BD002220
:103710001046FAE7F8B5038A002B38D08B4236D32F
:10372000C48800F118038589C4F30E041E1995B9E5
:103730001D55757085891E5B0D443144ADB2858180
:103740001953D2B1811DF7F7F7F8002383810023C5
:1037500003820120F8BD1E5BAE4204D04FF4F67127
:103760001420F6F733FFC57C2644878A023535449A
:103770005E195F53857DB570DCE7C27C254402325B
:103780002A4499189B5A83828B788375DFE700203F
:10379000E0E78388C2889BB29A4206D0428922B968
:1037A000C3F30E0318331844704700207047C37CDE
:1037B0000233C81870470230704738B58388C28812
:1037C0009BB29A4207D045892DB9011DF7F7B4F88D
:1037D000C581012038BD0020FCE703881380C38821
:1037E000C3F30E031833034480890B6070470368EA
:1037F000002223B9C0E90132031D036070475968F4
:103800001B680A44F5E70729034670B504D84FF44E
:10381000EC711520F6F7DAFE0068C0B14468064680
:103820001A688C4210D0106860B901F10805AC42EA
:103830000DD3546850501868651A541800686560B4
:10384000505002E01346E9E7146830461C6070BD32
:103850000023C1E9003203680B600160704730B596
:1038600090B18478B1FBF4F304FB131300EB430233
:1038700052898A4201D1D8B230BDC27822B900F152
:103880000803D0B2844201D8FF20F5E733F8025F85
:1038900001328D42F5D1EFE78278038805324B4340
:1038A00003EB42031844704737B500240546CDE9C1
:1038B00000448DF806006846ADF80440F7F710FAAA
:1038C000BDF8044008B103B030BD29462046F7F7E3
:1038D000E3F90028EFD040F235211720F6F776FE05
:1038E00070B51E460D460921FFF741FE04463246DB
:1038F00009212846FFF73BFE40EA04031B0454BF9E
:1039000000194FF0FF3070BD01230370704710B5F0
:10391000FF238B70C2F3800301245B00DBB2CA1863
:10392000127D032A08BF0133CA18147503F10C0471
:10393000002201EB830321F814205B688A70036086
:10394000828010BDF8B50C46054611461E4684F02F
:1039500001046400E4B2FF23837003191B7D012B73
:1039600005D00134E4B203191B7D012B0AD105EB0C
:1039700044073B8B3A8C9819904205DD00232C4478
:103980003B8323750020F8BD05EB84043246606854
:103990001844FFF767FB3B8B1E443E830023AB704C
:1039A0000120F0E781F00101490010B5C9B2FF2301
:1039B000837043181C7D012C07D10C3120F8112095
:1039C00002221A750023837010BD0131C9B2431859
:1039D0001C7D012CF1D04FF499710920F6F7F6FD0A
:1039E000024630B5837803F0FF00F3B9137D022B54
:1039F00019D0537D022B15D10346012089B1002433
:103A0000D5180C332C7522F81340131803241C7599
:103A100002EB80035B680B6000F10C0332F813309B
:103A20008B80012030BD0123E8E70020FAE7034640
:103A300030B5827802F0FF00E2B99A7D022A17D0F1
:103A4000DC7D022C13D1032281B11D1900200C341E
:103A5000287523F8140098180324047503EB8200DA
:103A60000C32406833F8123008608B80012030BD82
:103A70000324E9E70020FAE7037D012B01D1008B45
:103A80007047437D012B0CBF408B00207047837D26
:103A9000012B01D1808B7047C37D012B0CBFC08BE4
:103AA00000207047027D022A01D1008B7047437DC0
:103AB000022B01D1408B7047032AF6D0032BF9D09B
:103AC00000207047827D022A01D1808B7047C37D20
:103AD000022B01D1C08B7047032AF6D0032BF9D0FB
:103AE00000207047F7F7EAB9F7F730BA10B5044687
:103AF00038B1F8F787FB24EA0000B0FA80F04009FB
:103B000010BD0120FCE7002307B5CDE900330123F8
:103B10008DF806306846F7F7E3F808B1002004E0B6
:103B2000009801F099FF0028F4D003B05DF804FB81
:103B30001FB5002240F6881303A90092FDF712F981
:103B400005B05DF804FB2DE9F0410F46B0F85A606E
:103B5000B0F85C5001F05DFE0221044600F0E5FE85
:103B600080460221204600F0E0FE464540F648032C
:103B700028BF4646B6B21B2E38BF1B26FB2E28BFD9
:103B8000FB26854228BF05467E80ADB21B2D38BF7F
:103B90001B25FB2D28BFFB25B4F5A47F38BF4FF4B0
:103BA000A474FD809C4228BF1C46BC803C81BDE8BB
:103BB000F0812DE9F04186B00546008801A900F0AA
:103BC000EDFE044600286FD1029A92F84631D91EC4
:103BD0004B424B418DF80230936F98064ABF9DF8D7
:103BE0000230234683F001038DF8033092F8D4307D
:103BF0009B0603D49DF80330002B5BD0EB881B3B66
:103C00009BB2E02B58D8298944F24810A1F5A4733F
:103C10009BB2834250D86B881B3B9BB2E02B4BD8A6
:103C2000AA88A2F5A4739BB2834245D840F6480700
:103C3000B94243D8BA4241D8029E4FF0FF0886F8F5
:103C40001B819DF802309BBB03A93046FFF77BFF29
:103C50006A88BDF81230BDF814109342E88828BF76
:103C60001346B942AA88A6F8203128BF3946BDF8C4
:103C70000E30834228BF03462889A6F81C31BDF8C0
:103C80001030BB4228BF3B46834228BF03468A42CE
:103C9000A6F81E31134628BF0B46A6F8223186F837
:103CA0001A81002386F81B31204606B0BDE8F0815A
:103CB0003A24F6E71A24F7E71224F5E71124F3E78C
:103CC00010B5FFF720FF60B1F7F7D0FE044602F011
:103CD00006F840B9204601F0FEFF80F00100C0B2B6
:103CE00010BD0120FCE70020FAE72DE9F04385B084
:103CF00006468846008802A900F050FE054640BBF3
:103D0000039C94F8593103F0FF051BB1B8F102058B
:103D100018BF012594F88630262B94F8D53043EA55
:103D2000D3030CBF85F001094FF00009DB0702D473
:103D3000B9F1000F3BD0B77817B9F8F763FA074627
:103D4000F078B0BBF8F75EFA3FB9B9F1000F29D1AE
:103D50000925284605B0BDE8F0830028F5D0FF23EB
:103D600084F825310DBB94F8243103F0FF05E3B945
:103D700084F8270101A984F82481204684F826715B
:103D8000B3788DF80430F3788DF805303379727993
:103D900043EA0223ADF8063000F0D6FD002384F894
:103DA0002531D6E700200746D9E73A25F6E71A2558
:103DB000CFE7002FD3D1C8E7406890F8AA3123B1EC
:103DC000002380F8AA3101F039BD704710B503789F
:103DD0000446012B01D9122010BDFFF794FE58B9FB
:103DE000207810F0FD000DD104F11703E21D611CD5
:103DF000BDE81040F8F74EBCF8F7DEFC0028EFD025
:103E00000C20E9E7A37903F0C003C02BE3D1012024
:103E1000EAE710B503780446012B0DD8FFF773FECF
:103E200060B9214611F8010B00F0FD00003818BF01
:103E3000012000F01DFD38B9122010BDF8F7BCFCC0
:103E40000028EED00C20F8E70020F6E708B500883F
:103E5000F8F7B8FC00280CBF3020002008BD38B5AA
:103E60000546FFF750FE044638B92878003818BFD9
:103E70000120F8F79BFC204638BD0C20FCE708B574
:103E8000FFF741FE18B9F8F781FC002008BDF8F7EC
:103E900093FC0028F7D00C20F8E7082303700020DB
:103EA0007047112243F21F030270C2705922A0F81A
:103EB00001308280C38000207047082108B5F6F7E2
:103EC000C5FC002008BD73B5064600880C46088076
:103ED000694680B200F062FD054640B9B3784BB93F
:103EE000019B93F97000A070FBF79EFDA07028461F
:103EF00002B070BD7F20FFF71BFEF4E710B504464B
:103F00006FF07F00FFF714FEFBF78EFD20707F201F
:103F1000FFF70EFEFBF788FD6070002010BD10B5A6
:103F20000446F7F7A3FD01F0D3FEFBF77DFD2070FB
:103F3000002010BD0A4600F1100108B5072302F069
:103F400082FB002008BD10B5014604460020F8F7AA
:103F500013FA08B92060A080002010BD10B50446F7
:103F6000F8F720F928B900202146F8F7EDF90020EC
:103F700010BDFFF7A5FE0028F5D10C20F8E710B51D
:103F80000446FFF79DFE28B101202146F8F7DCF931
:103F9000002010BD0C20FCE737B500880C460D460C
:103FA000694624F8020B80B200F0F8FC70B9019B5E
:103FB00003F18E0283F8BF0011682160117921712D
:103FC00093F8BF100029F5D103B030BD0023C5F828
:103FD00002302371F8E7FFF7ECBD1FB502880A80B5
:103FE00044F2902183888B4215D840F64801ADF801
:103FF0000420428801A88B42ADF8062028BF0B465A
:10400000ADF80A20ADF80830ADF80C30FFF7D1FD5F
:1040100005B05DF804FB1220FAE737B508800D46BD
:10402000694600F0BBFC044618B929460198FFF721
:104030008AFD204603B030BD0346482100200822F7
:1040400010B56FF00404587099701C70DA701C7110
:1040500058719971DA7110BD10B50446FFF753FD20
:1040600078B92146E27911F8010B00F0FD00003823
:1040700018BF0120F8F76AFC80F001004000C0B2D0
:1040800010BDF8F799FB0028EBD00C20F8E713B52A
:1040900000880C460880694680B200F07FFCC8B9F1
:1040A000019B83F86A0093F86820012A06D0022A4F
:1040B00004D040F211310620F6F788FAA27093F886
:1040C0006920012A01D0022AF3D1E27093F86A2014
:1040D000002AE6D102B010BD10B583880446022B39
:1040E00010D8C078FFF702FD08B9112010BDA078E4
:1040F000FFF7FCFC0028F8D020460121BDE8104065
:10410000FFF7F3BD1220F1E737B58378C17803F0EC
:104110000104027903F0020351EA04051DD052EABA
:1041200003051AD0002C18BF0021002B037818BFFC
:1041300000228DF802108DF80320427843EA022312
:10414000ADF8003043798279684643EA0223ADF83E
:104150000430FFF7C1FF03B030BD1120FBE713B5FA
:104160000C46694600F01AFC20B9019BB3F87E307A
:104170000133238002B010BD07B50088694600F006
:1041800029FC30B9019B93F82B2112B9FF2283F847
:104190002B2103B05DF804FB10B50446F8F72CF8AA
:1041A00020600020616010BD37B50446F7F75EFC63
:1041B000054623781F2B18D8816A04226846FFF72A
:1041C000A6FB22460021A86A12F8013BFFF7BAFBC2
:1041D00068B1AC6A2046FFF75AFC0021024620462F
:1041E000FFF7E0FB002003B030BD1220FBE7072003
:1041F000F9E737B50446F7F739FC054623781F2B56
:1042000018D8816A00226846FFF781FB2246012107
:10421000A86A12F8013BFFF795FB68B1AC6A20462B
:10422000FFF72AFC012102462046FFF7BBFB0020D6
:1042300003B030BD1220FBE70720F9E710B50446B4
:1042400034F8020B0880002180B2F6F70FFD20B190
:104250002146BDE8104001F017BF022010BD0088C4
:1042600008B50880002180B2F6F700FD20B10021DA
:10427000BDE8084001F008BF022008BD13B5008862
:104280000C460880694680B200F088FB18B9019B93
:10429000B3F8B030638002B010BD37B50388044670
:1042A0000B8098B2638813B9122003B030BD694601
:1042B00000F074FB0028F8D1658842F21072019B6F
:1042C000A9B29C695143DA8D62431C8C04FB022223
:1042D0009142E9D39A699C699442FBD10022A3F8E8
:1042E000B050C3F8A820621E0A44B2FBF4F2C3F82F
:1042F000AC20DAE710B50C460021F6F7B7FC90B118
:10430000022C12D804F00102C4F3400480F8AD215D
:1043100080F8AC4112B190F8AA310BB9002010BD61
:1043200001F08CFAFAE70220F9E71220F7E710B55E
:1043300004460078FF280AD00121F6F797FC58B10F
:104340006378A27843EA0223C383002010BDB4F847
:104350000100F9F7B1FEF8E74220F7E708B5007869
:10436000003818BF0120F9F70FFE002008BD10B576
:104370000446F7F77BFB6178C1F3400201F00101CD
:1043800001F0C7FC002010BD0620F7F729BF082068
:10439000F7F726BF01F0A3BE10B5044604B910BD5F
:1043A000236898476468F9E703680BB901607047B0
:1043B0001A465B6813B18A42FAD170478A4218BF25
:1043C0005160704708B5FAF77DFAF9F7D1FDBDE8FD
:1043D0000840FAF75FBA08B50020FFF765FAF6F76C
:1043E00009FDF7F76BFFF7F7BDF920B140F2211196
:1043F0009320F6F7EBF808BD08B5F9F787FDFAF753
:1044000037FA20B140F241119320F6F7DFF801208E
:10441000BDE80840FFF748BA08B5FFF7EDFF01F027
:104420001BFE20B14FF4AB719320F6F7CFF808BD17
:10443000FDF74EB90B46122203F8032BD0F80920E2
:10444000C1F80320427B1A71704737B504460D4608
:10445000F7F726FB18B36FF4A8730221E01803885E
:104460006846ADF8003034F8ED3CADF8023034F871
:10447000EB3CADF80430FFF738FC18B14221AE2018
:10448000F6F7A4F8ADF800009DF80030002063F3C3
:1044900007009DF8013063F30F2003B030BD1823EF
:1044A0002B70D4F80930C5F803300423ADF8003080
:1044B000EAE738B5436804460D4693F82421012AFB
:1044C00012D11E21F7F7C0FE63688DB1182283F860
:1044D0000921092283F8852093F8BE30E3B940F220
:1044E000DA21AE20F6F772F8002283F82421EBE7F8
:1044F00093F88620A2F12401062901D9322A05D198
:104500000022204683F8862000F099FD20461821DD
:10451000BDE8384000F0BBBD002038BD08B5436899
:1045200093F885201AB18521AE20F6F74FF82422A2
:1045300083F8852008BD034610F0010002BFC3F3D5
:1045400040035B00D8B270472DE9F84F074610468C
:104550001E4642EA0104FFF7EEFF834608469246F4
:104560004BEA0404FFF7E7FF88460A9D04438146AF
:10457000E4B2003C18BF0124F7F744FE10EA0A0A2F
:1045800018BFDA46F7F73EFE97F8683010EA0801E0
:1045900018BF4946534508BF4FF0000A85F800A0F0
:1045A00097F869308B4208BF002169705AEA01010F
:1045B0000BD1B7F87E30013EF61A47F6FD73B6B25E
:1045C0009E428CBF002404F001042046BDE8F88F11
:1045D00070B54468064694F88650A5F12403062B6E
:1045E00045D9322D43D0002D3FD194F88530292B69
:1045F0003DD04B7813F007032DD08A7812F00702D4
:1046000029D084F8612084F8603094F82531D3B93A
:1046100094F82431012B16D094F8602094F8693076
:104620009A421ED194F8612094F868309A4218D1C9
:104630000223B4F8642084F82431B4F86630A4F876
:104640002621A4F828312623304684F8863000F04D
:10465000ECFC284670BD30460978BDE8704000F09B
:1046600016BD3046F7F718FEEDE70125F1E72025E6
:10467000EFE72DE9F04F456887B0044695F885B01F
:10468000ABF12503D3F1000848EB0308052A6FD1ED
:1046900095F88630272B71D186358A784F7802F0CD
:1046A000070A039207F007090AF1FF3009F1FF3307
:1046B00000EA0A0003EA0903034364D1B1F8036086
:1046C000F7F7A0FD039A174307F0070787435AD16E
:1046D0005046FFF730FF6768A8B197F868309842F6
:1046E00011D097F826211AEA020F4CD0BBF1250F02
:1046F00009D097F861201AEA020F04D1022870D17C
:10470000013B012B71D84846FFF715FF40B197F8E0
:104710006930834204D097F8273119EA030F32D069
:1047200005AB38465246494600933346FFF70CFF27
:104730006368074668BB93F82421012A26D1014605
:104740002046F7F781FD2F70636803F186029542DA
:1047500002D1002283F88620636803F18602954225
:1047600039D1204600F06BFC002007B0BDE8F08F87
:10477000414607B0BDE8F04FFFF79BBEBBF1250FE8
:104780002DD1853589E741462046F2E783F824019B
:10479000DAE7B3F87E20A3F85C62013EB61A47F66A
:1047A000FD72B6B2964206D92822204683F8A72089
:1047B000F8F76CFDD0E793F886200D2A02D00A3A6C
:1047C000012A01D82A22F0E7BDF81420A3F85E22BE
:1047D00029232B70C0E7002283F8BE20C4E7022003
:1047E000C3E7012B8FD0022BCDD04FF4E47106200C
:1047F000F5F7ECFE08B5436893F88620262A05D025
:1048000022B140F24541AE20F5F7E0FE272283F8C1
:10481000862008BDF7F752BD704730B542401C787E
:1048200008785D7860404C786C409D7820448C78A6
:104830006C40DD782044CC786C401D795B79204455
:104840000C7949796C404B40204418441044B0FA2C
:1048500080F0400930BD024600200139C9B2FF296D
:1048600000D17047535C83F001030344D8B2F4E7EE
:1048700008B5F7F7A7FD082807D0F7F7C5FD082802
:1048800003D0F7F7D5FD012008BD0020FCE708B5EF
:10489000F7F798FD082803D0BDE80840F7F7B4BD46
:1048A00008BD08B501F028FC18B1BDE80840FBF7C9
:1048B000B3B9082008BD01440023884203D1B3FAEC
:1048C00083F04009704710F8012B1343F5E7F8B562
:1048D00005460C46D0E9047601F0D6FD18B95421FE
:1048E0002920F5F773FEE4B1D5E90423D21B63EB6D
:1048F0000603012A73F100014FF0000113DB6FF092
:1049000001009042994101DA5E21E9E7631E1344F8
:10491000B3FBF4F35C43E41946F10006C5E9044631
:104920001C462046F8BD0C46FBE7022905D13C2871
:1049300008D980100F3880B27047702802D9C01093
:104940000E38F8E70020704738B50D460446F7F7F3
:1049500059FC2B78002B08BF034684F864306B7831
:10496000002B08BF034684F865306B88A4F86630D6
:1049700038BD012908B5034605D002290BD0D8213E
:104980002920F5F723FE40F6C41040F2E242002B46
:1049900008BF104608BD40F6C410FBE710B50C4632
:1049A0000021F6F763F9606018B10123002023703D
:1049B00010BD0220FCE7436893F88400C0B293F86E
:1049C000A6302BB900F0FB00003818BF012070475B
:1049D0000020704710B50C46FFF7E0FF38B92046BD
:1049E000FFF7E9FF80F001004000C0B210BD0220D7
:1049F000FCE770B504460D4641BB4FF4227201F04E
:104A0000B8FE012384F8DA5084F88D306FF0360355
:104A100084F8D530042384F8D6306FF03B0384F853
:104A2000D7306F2384F8D8306FF03C0384F8D93046
:104A30006FF07F0384F8DB302B2384F8D430FE231F
:104A400084F80E317F2384F8833070BD012911D1A1
:104A50000023A0F8B43180F8AB3140F6B833826956
:104A6000A0F8B0301146438C04F17800BDE87040E6
:104A7000F7F7AABF0229E8D1B0F86A32D0F8642269
:104A80008169F1E7C2B292FAA2F2030A93FAA3F3A0
:104A90001B0E100E40EA0320704701310530002242
:104AA000C9B270B510F8013F8B4216D310F8054C0F
:104AB0000023012505FA03F626421CBF01F1FF3150
:104AC000C9B269B10133082BF4D10132D2B2052A3F
:104AD000E8D19B214620F5F779FDC91AC9B2F4E760
:104AE00003EBC200C0B270BD0B6870B5C0F80130F6
:104AF00004460B790546461D03F01F03437100234E
:104B0000C37215F8010F00F076FA6871B542E37AC6
:104B10001844E072F5D170BD81EA114170B58CB2D4
:104B20000546C17A032682EA0400FFF7ABFF013E87
:104B300000EB001016F0FF0604EB000290B2F4D177
:104B400044402522B4FBF2F302FB1343C3F3C40237
:104B5000D8B203F007032A445678012202FA03F37D
:104B60001E4207D161432846C1F30741BDE87040AA
:104B7000FFF793BF70BDF8B590F8205004466B1E48
:104B8000242B03D9E1214620F5F720FDDAB1407D41
:104B9000002843D194F8223094F8211002FB01320E
:104BA0002523B2FBF3F103FB1123DBB204EBD302A9
:104BB00003F0070684F82230917D0122B2401142B1
:104BC00002D084F82330F8BDB3FBF5F205FB1233B5
:104BD00004F11A01013303F0FF0311F8012F9A4287
:104BE00019D311F8055C0022012606FA02F72F42BC
:104BF00008D0013B13F0FF0304D102EBC00284F89C
:104C00002320E0E70132082AEFD10130C0B20528A5
:104C1000E3D1D721B7E79B1ADBB2F6E7E28804F1CC
:104C20001500C969FFF778FF84F82300CBE7037804
:104C3000890123F0400301F040010B4303707047EA
:104C4000037803F07F0343EAC113037070471F2A00
:104C500038B50546144603D9C2212A20F5F7B6FC1B
:104C600006340930FEF7FEF96C7038BD1F2A38B5DE
:104C70000546144603D9E4212A20F5F7A7FC06349B
:104C80000930FEF7EFF96C7038BD0378024603F087
:104C90000F03032B3ED0052B42D1C37F90F8200099
:104CA000034392F82100034392F82200034392F851
:104CB000230000F01F00184333D05378222B2FD14C
:104CC000B2F81930B1B1B3F5506F13D940F60751AE
:104CD0008B4225D8B2F81B30B3F5FA7F20D2B2F858
:104CE0001D0040F676430A3880B298428CBF0020FF
:104CF00001207047991F40F67A4089B281420FD84F
:104D0000917D481E07280BD8994209D2B2F8171096
:104D10009942DEE74078A0F10C03584258417047B1
:104D2000002070478388A1B1B3F5506F11D940F6C8
:104D3000075293421CD8C388B3F5FA7F18D2008972
:104D400040F676430A3880B298428CBF002001209A
:104D500070479A1F40F67A4192B28A4208D8427848
:104D6000511E072904D89A4202D242889A42E1E7AA
:104D70000020704743780246C3F30111012910B5A2
:104D80000ED0022915D00478022103F00F00131D64
:104D9000528844EA0020F7F753FE38B1012010BDD5
:104DA000047803F00F00131D5288F2E7F8F728F893
:104DB000F4E70020F3E702230B7001238B707047A8
:104DC000F7F7F6BE10B521B94FF42A711020F5F7A8
:104DD000FDFB4A600B72EFF3108472B6031D0B608B
:104DE00042681AB1127A012A08BF03600368196089
:104DF000016004B962B6BDE81040F7F723BF022294
:104E0000F7F7ECBF0322F7F7E9BF0422F7F7E6BF95
:104E10000222F8F727B811230B706FF49A73184425
:104E20000388A1F80330838FA1F80530B0F8403033
:104E3000A1F80730C38FA1F80930B0F84230A1F8CB
:104E40000B307047012908B503D10E30C00080B285
:104E500008BD022902D10F308000F8E740F2452159
:104E60000620F5F7B3FB30B587B004460D46F6F7DC
:104E70001FFE90B3A4F59F74694624882046FFF76F
:104E8000CCF820B140F20D112C20F5F79FFBBDF8B6
:104E9000063003A8ADF80C40ADF80E30BDF8083070
:104EA000ADF81030BDF80230ADF81230BDF8043066
:104EB000ADF81430FFF78FF810B14FF48B71E3E7C2
:104EC000ADF80C009DF80C30002063F307009DF84E
:104ED0000D3063F30F2007B030BD2B46172203F8C7
:104EE000032BD4F80920C5F80320D4F80D205A600C
:104EF000B4F811201A810423ADF80C30E2E74068C1
:104F00007047C08A70478A880B8910B5CC88498859
:104F1000A0F85440A0F85010A0F85220A0F8563045
:104F200010BD8383BDF8003001834283C383704783
:104F300038B5C58B0446438C007A9D4228BF1D4678
:104F4000FFF780FF6389AB4228BF2B46984238BFEA
:104F5000184680B238BD2DE9F041984607460E4606
:104F6000808919461446FFF76DFF054641463846CD
:104F7000FFF7DEFF85429DF8181028BF0546B88A66
:104F8000FFF760FFFB8AADB2834228BF0346A01D36
:104F90009BB230442B441844BDE8F08107B590F82B
:104FA0006930002296213030009390F83830FFF7B6
:104FB000D2FF03B05DF804FB38B514460D46194620
:104FC0009634FFF7EBFF2044A84294BF281A002034
:104FD00038BD38B50D4611460446FFF7DFFF2844BB
:104FE000606338BD01F19C0383423DBF9C38401A89
:104FF00040080020704700F05503400800F05500BD
:10500000034403F033009B0803F03303034403F02D
:105010000F0000EB131070474368002283F88520CF
:1050200083F8BE20A3F8BA20704743680022A3F893
:10503000C02093F8C220013283F8C2207047426832
:1050400008B592F8C230013B5BB2002B82F8C23047
:1050500003DA52214A20F5F7B9FA08BD436883F80C
:105060000B1183F80A217047A0F10A03042B0CD915
:10507000A0F14703012B08D9A0F12403322818BF5F
:10508000062B94BF01200020704701207047426822
:10509000936F10B513F0080408D143F0080382F8A9
:1050A00008119367FFF7C1FF204610BD0120FCE700
:1050B00030F8023CF7B505460E4630F89E7C73B1D9
:1050C00001226846ADF801708DF80020ADF803307C
:1050D000F6F77EFD18B195216320F5F777FA0823DE
:1050E0000024A6F803703370B4706B7A55F88A0CFC
:1050F0007371FEF7C7FA08B9BA21EDE721463846C1
:10510000F5F7CAFD4FF40173204603F004021B0AB1
:1051100062F3070063F30F2003B0F0BD4368002083
:1051200093F88720063A012A81BF4A7883F88820BD
:10513000062283F887207047426892F88730063B42
:10514000012B84BF072382F887307047426870B50F
:1051500092F88650F5B9CB88B2F87E60A2F85C323E
:10516000013B9B1B47F6FD769BB2B34206D9282331
:1051700082F8A730F8F78AF8284670BDD1F80130D8
:10518000C2F85E324B7982F862320A22436883F8B1
:105190008620F1E70125EFE70B46062203F8032BF3
:1051A000D0F80920C1F80320D0F80D205A60427CC5
:1051B0001A720023CB707047436870B593F886501D
:1051C00006460C46002D3DD129462046FFF7AAFD94
:1051D00028B921783046BDE87040FFF758BF7268A3
:1051E0006389B2F87E10A2F85C32013B5B1A47F685
:1051F000FD719BB28B4207D92823304682F8A73035
:10520000F8F744F8284670BDA38840F2E2414B43CA
:10521000C2F864326378C3EB431003EB800303EB03
:1052200083035B00A2F85E3263884B43C2F86032AE
:10523000E388A2F868322389A2F86A320D2382F843
:105240008630DFE70125DDE708B5436893F8852060
:105250001AB12621A320F5F7B9F9212283F8852078
:1052600008BD73B5456806460C4695F88530213B68
:10527000022B27D8B1F805101A291CD9B4F8073029
:10528000B3F5A47F17D3B4F801201A2A13D9B4F8C0
:105290000300B0F5A47F0ED3009005F13000FFF7B6
:1052A00040FE7168284601F23511F7F7FDFD062131
:1052B0007068F8F77DFE002085F8BE0085F885004F
:1052C00002B070BD0120FBE74268936FD90610B5AC
:1052D000044603D4B421A320F5F778F9990601D543
:1052E000B521F8E723F010039367FFF7A8FE606885
:1052F0000621BDE81040F8F75BBE09230B70D0F81B
:105300000930C1F8023070470B460A2203F8022B1D
:10531000B0F809204A80C27A9A70704738B543685D
:10532000054693F8864034B1113C0F2C8CBF012404
:105330000824204638BD93F88B30002BF9D0FFF7B6
:1053400074FE6B68112283F88620F2E708B5436883
:1053500093F88620162A04D04FF4FE711F20F5F72B
:1053600035F9012283F8C320182283F8862008BD6E
:10537000436893F88620122A05BF132200200220DA
:1053800083F886207047436810B593F8863004464A
:105390001C2B07D1FFF753FE63682022002083F8FF
:1053A000862010BD0220FCE708B5436893F88620EC
:1053B000112A04D040F227211F20F5F707F9012216
:1053C00083F8C320122283F8862008BD08B54368FD
:1053D00093F88620182A04D040F22F211F20F5F7D9
:1053E000F5F81C2283F8862008BD0B46052203F839
:1053F000032BD0F80920C1F80320D0F80D205A6003
:10540000B0F811201A81C27C9A72704708B54368BF
:1054100093F885201AB1CD211C20F5F7D7F8042286
:1054200083F8852008BD426808B5936FD90703D477
:10543000DB211C20F5F7CAF823F001039367BDE8D0
:105440000840FFF7FCBD0C23A0F596700B70038895
:105450004B8070474368002093F885200F2A01BFD6
:10546000002283F8B22083F8BE2083F8852070479D
:1054700038B54568AB6F13F0040407D1FFF7D5FDCD
:10548000AB6F204643F00403AB6738BD0120FCE757
:105490004268936F23F004039367FFF7D0BD08B50C
:1054A000436893F885201AB172214B20F5F78EF8E6
:1054B0000F2283F8852008BD10B5D0E90C42A24226
:1054C00006D30B8C121BC98D05334B43934202D379
:1054D000012380F83A3010BD01230B7000238B703C
:1054E00030F8C63CA1F80330437A4B714389CB8036
:1054F00083890B81704710B5446894F8C5309A07CA
:105500000ED494F885301BB177214020F5F75EF872
:105510000122A4F8BA3084F8852084F8BE2010BD9A
:10552000A36F9B0705D5FFF78AFDA36F23F0020346
:10553000A367002384F82A31F1E710B50B7901281D
:105540004C790A6843EA0421104608BF41F48031CF
:1055500010BD07B5FFF7F1FF0DF10702F8F7B8F836
:1055600003B05DF804FB002307B501A80193FBF726
:10557000C9FB019810F0030018BF012003B05DF8CB
:1055800004FB08B5FFF7EFFF002814BF142000202C
:1055900008BD10B5FBF7FEF80446FFF7F2FF4FF425
:1055A0007A7204F54443BC304933B3FBF2F3184438
:1055B00010BD10B5044690F86900FFF7EAFF01221C
:1055C00001462046BDE81040FFF703BD7FB5044605
:1055D00018B9A7213020F4F7F9FF052900F2BF80A0
:1055E000DFE801F003B72C27BDB290F8F031B0F836
:1055F0007E20ABB1B0F8EE31934208BFB0F8A431D1
:105600009A1AA0F8A621A4F87E302046D4E98C236B
:10561000C4E98E23FAF70AF994F8AB3104B070BDEF
:10562000B0F8EC319B1AA0F8A631B0F8EC319BB27F
:10563000E9E704B0BDE87040FAF7D2BF00F0E6FD3C
:10564000D4E98E23801A61EB0301012871F1000374
:1056500002DA4FF4C161BDE76FF0010383424FF0FE
:1056600000038B4102DA40F20961B3E7A3690BB191
:10567000B0FBF3F394F88610B4F8EE210D2932D183
:105680000132A4F8EE21B4F8523202AEB4F87E50E2
:105690000133A4F85232B4F8B6301D44B4F8B43033
:1056A000013DED1AADB2B4F8EE116B1A180435D401
:1056B0000023204600961A46F8F7BAF80128ADD123
:1056C000B4F8EE21B4F8A011BDF808301344521A12
:1056D00012049BB204D5EA1A12F4004F18BF0B460D
:1056E000A4F8EE31DFE7B4F87E100B449BB2D11A78
:1056F0000D044BBF013301329BB293B2A4F8EE31DB
:1057000094F8F131002BBED1B4F8A431B4F8EE21F5
:10571000934204BF0133A4F8EE31B4E794F8893022
:1057200030460394002B14BF08233E2384F8A7308F
:1057300001238DF80830F7F7A9FD204600F095FC0D
:10574000002384F8843069E704B0BDE87040FEF7B8
:10575000CBB990F88430042BF2D0C8213AE7CD21A0
:1057600038E7002313B51A4680F88430A0F8503289
:10577000194600930446F8F75BF820B140F2E911AE
:105780003020F4F723FF0123C4F8D801C4F8D00176
:1057900084F88430A4F8EE01A4F8EC0184F8F10157
:1057A000B4F87E30A4F85202013BA4F87E3002B077
:1057B00010BDD0F8E800704738B5044690F828319D
:1057C0009BB1FF2380F83031012100F09FFA94F85B
:1057D000283153B104F1C0052846FCF7CBFF284619
:1057E00000F072FE002384F82831002038BD08B58F
:1057F00090F8302142B990F8EC2042B1D0E93C3128
:10580000994202D9F9F7A0F90022104608BD0122F9
:10581000FBE710B50446FFF7B4FE00F5C271A269BC
:10582000236B9A4228BF1A461046FFF7DBFB40F66F
:105830004803984228BF184680B210BD7FB5044681
:1058400090F8AB3103F0FF05002B59D190F884306C
:10585000032B55D100F0DAFCD4E98E23801A61EBDA
:105860000301012871F100034ADB6FF00103834259
:1058700075EB010104DA40F2B1513020F4F7A6FED5
:10588000A269B4F87E300AB1B0FBF2F201331344DE
:105890009BB2A4F8EC31B4F8A431B4F8EC219B1A13
:1058A0001BB2002B2CDD04F5FC70FCF763FF38B352
:1058B000FF2384F8F131B4F8B6300DF10E06B4F8D8
:1058C0007E501D44B4F8B430013DED1AADB2B4F8C9
:1058D000EC31EB1A1B0413D4B4F8EC1100230122B1
:1058E000204689B20096F7F7A3FF012808D1B4F843
:1058F000EC31BDF80E2013449BB2A4F8EC31E6E77E
:1059000004B070BD2DE970430C461546EAB9FAF7AC
:10591000A1FB84F8EC500646D4E9468984F8285166
:105920000121D4F8E800FFF764F8D4F8E800C0E9F2
:105930008E89C0F85462C0E99289FFF712FFFAF726
:105940002DFDBDE87043FCF7A1BE40F2CB713020C5
:10595000F4F73CFE70B5044621B1012978D040F23D
:10596000DB7172E000F007F994F8293105460E4624
:10597000DBB150EA010318D0D4E93E32D4E9460144
:10598000C01A334661EB02012A4600F0A9FE05FB6E
:1059900001F300FB0633A5FB00021344D4E93E21CA
:1059A000121843EB0103C4E93E23E08B30B1F7F753
:1059B000DDFAE38BB0FBF3F202FB1300D4E93E32D5
:1059C000ED184FF0000346EB02062D1840F202429C
:1059D00084F8083146F1000684F82931A4F8102132
:1059E000C4E93E56C4E9465694F8303103F0FF014D
:1059F000DBB96FF00043D4E948029A4208BFB0F126
:105A0000FF3F18D02046D4E9465600F0A9F8AE3042
:105A1000D4E948325B1B62EB06021B1A62F10002FA
:105A2000002A08DA2046F9F78FF8FAF7B7FCBDE844
:105A30007040FCF72BBE04F5847104F1C000FCF744
:105A400039FE0028F1D14FF4E1613020F4F7BEFDBA
:105A5000002380F8EC30E8E790F82801003818BF00
:105A6000012070470B46142203F8032BD0F80920BD
:105A7000C1F80320D0F80D205A60704738B51022C5
:105A80000B460C4603F8032B00F10902293052F8AB
:105A9000041B824243F8041BF9D1127800211A70CA
:105AA0000123A588A3712846F5F7E0F858B1E378FB
:105AB0004BB100212846F5F7EFF820B140F2332131
:105AC0002D20F4F783FD38BD0121F8F7CFBDFFF796
:105AD000FBBF90F872300BB10120704790F8AA20FC
:105AE00002F0FF03002AF7D190F89C201846704777
:105AF00037B50D464FF49C720021044600F039FE84
:105B0000FF2323701323638042F21073E383F5F7BE
:105B1000A7F900220146A0626846FDF7F8FEA06AD8
:105B200000220121FDF73EFFA16A68460422FDF72D
:105B3000EEFE0022A06A1146FDF734FF04F12000BA
:105B4000A57403B0BDE8304000F01AB9FF23886A9D
:105B50000B70FDF7D9BE0078FF3818BF01207047E1
:105B600010B50446203000F05BF928226188F9F76F
:105B700019F86D3010BDD0E9020170472DE9F04FE2
:105B800007468FB00C46064606AD0DF110080FCF44
:105B90000FC597E80F0085E80F00404600F0F0F8C9
:105BA000677894F8149007F07F0594F80AA0B9F18B
:105BB000010F94F800B02F4607D0B9F1020F04D0BE
:105BC00040F227310620F4F701FD617A404600F0EB
:105BD000DEF8237D227F4046022B02F101020CBF3A
:105BE000617D0121D2B204BF0131C9B200F0D1F808
:105BF00015F0080360D14046019300F011F9282206
:105C00003946F8F7CFFF40F2712100F29922E5788A
:105C10002079019B45EA00256079B2FBF1F245EA63
:105C200000454A434D43AA420AD9E079A57945EA9D
:105C30000025207A45EA00454D43954228BF154688
:105C4000227E0393531EA17CB06A5A4202915A41AC
:105C50000192FDF727FFB06AFDF734FF039B019A1D
:105C60000299ADF81A7006AF8DF818B00895354650
:105C70008DF828208DF82B108DF82CA08DF81C9015
:105C800009930FCF0FC597E80F0085E80F0098E83C
:105C9000030030620020B184E37A03F0FD03003B8F
:105CA00018BF012386F84F30E3683365238AA6F8CE
:105CB00054300FB0BDE8F08F00252B46C0E74FF4FD
:105CC0000043C38443881D2B08BF002141747047E3
:105CD00090F912007047408800F00100704780780A
:105CE000C0F3400070478078C0F3C000704790F860
:105CF000483081614B72D0F84930C1F80A30B0F8B1
:105D00004D30CB8170477047F8F726BA80F868109D
:105D100070470177427770478278034612F001009E
:105D200002D0D978C90710D5900702D5D97889074C
:105D30000AD512F0040008D0D878C0F3800080F0B3
:105D400001008000C0B2704702207047C0F34002DB
:105D5000C0F3800300F00100134418447047022888
:105D600008B507D0042807D0012807D039212E20F4
:105D7000F4F72CFC262008BD2720FCE72520FAE7B5
:105D80000023C0F802300123437003707047817014
:105D9000704710B54270144601708078FFF7D6FF47
:105DA000484304FB00F2FE2A03DD5C212E20F4F7B9
:105DB0000DFC10BD0023C37043710371704710B513
:105DC0000446FFF7A9FF637962780133DBB29A4298
:105DD00063710CD1E3780022A17803436271DBB2D6
:105DE0009942E37001BF2379E27001332371BDE86A
:105DF0001040FFF7B4BF38B504468078FFF7A6FF20
:105E00000146E078FFF7A2FF2378227965789B1A94
:105E10006B4359436379C91A00FB1510C0B238BDF2
:105E2000014608B58078FFF791FF4A780B78534315
:105E30005843C0B208BD40F2EE20704740F25A33DA
:105E40005843704738B50E38536814460D4693F8DA
:105E50008520092840D8DFE800F0053F3F3F0F3F8D
:105E6000183F3F27042A05D12046FFF7D5F82046E2
:105E7000F7F76EFB002038BD0F2AFBD10022204629
:105E80001146BDE83840FFF7E5BA212AF2D1204695
:105E9000FFF7C2F8002DEDD0626892F8D43023F0FD
:105EA000200382F8D430E5E793F88620272AE1D151
:105EB0000025204683F88650FFF7C1F8636893F801
:105EC0002431012B03D129462046F6F7BDF963683A
:105ED000002283F82421CDE740F26E213120F4F72F
:105EE00075FB08B590F80E31FE2B04D040F6241156
:105EF0003120F4F76BFB002380F80E1180F80F318E
:105F000012B9A0F8C02008BDA0F8BA30012380F86B
:105F1000BE30F8E708B5436893F88620182A04D005
:105F200040F27A513120F4F751FB1E2283F886208B
:105F300008BD08B5436893F88620352A06D10022AB
:105F400083F88620BDE80840FFF779B8182A03D106
:105F50001E2283F8862008BD40F28F513120F4F7CD
:105F600035FB08B5436893F88520092A0BD193F8CF
:105F7000091193F81021914205D1002283F8852060
:105F800083F8BE2008BD9A6F110706D522F00802DB
:105F90009A67BDE80840FFF752B840F274513120CB
:105FA000F4F714FBC37C63B9837BA3F11002032ACB
:105FB00007D990F84C0028B1202B8CBF002001207D
:105FC00070470120704702464068497890F8853054
:105FD000212B14D00BD8042B13D00F2B13D090F8F7
:105FE0008630272B0CBF1720FE20F9F771B82C2B19
:105FF0000BD0322B01D0252BF1D11620F5E7142040
:10600000F3E70E20F1E71220EFE72320EDE7024649
:1060100040680B4690F8D41041F0040180F8D41089
:1060200099785878F9F754B838B50C460546D1E94F
:106030000401F4F7CBFE94F884303BB104F5FC7412
:106040002046FCF797FB204600F03EFA2846022146
:10605000BDE83840F4F720BE0020704708B5F6F7D9
:10606000CFFFBDE80840F7F775B9002280F885201A
:1060700080F8862080F8892090F8AB3113B1022196
:10608000F7F796BF0321FBE738B50446084694F8B6
:10609000583213B10C25284638BD94F88630162B9B
:1060A00001D0182BF6D194F8743203F0FF05002BC1
:1060B000F0D190B194F8C63123B940F604313120C3
:1060C000F4F784FA052304F1F00204F5DB7100F023
:1060D000BAFA012384F85832DDE70223FAE7F7F72A
:1060E00003B808B5F9F7A6FFF9F7BAFDF9F7E8FC28
:1060F000BDE80840FAF72ABC10B5C824F9F774FDCA
:10610000022808D1013C14F0FF04F7D10620F6F76D
:1061100085FE204610BD431E58425841FAE710B58F
:10612000F9F7A0FF044600F02CF9201841F1000116
:1061300010BD19B943780BB1C3788370704710B59F
:1061400004460846FAF726FB4FF47A73B0FBF3F0E7
:10615000201A10BD10B504460846FAF71BFB4FF491
:106160007A7200F2E733023CB3FBF2F3E01A10BD9F
:1061700000F038B8801A00F3070038B50D46144611
:1061800059B240B2FAF774FE0023287020446B70B5
:1061900040B238BD0023036070477047002070474D
:1061A0004FF0FF3070474FF0FF30704770474FF0AF
:1061B000FF307047002070470020704700230370B5
:1061C00070479DF800300022FFF7D4BF4FF0FF303A
:1061D0007047002070474FF0FF3070474FF0FF309E
:1061E0007047704770470020FAF798BE0020FAF712
:1061F00041BF0020FAF752BF0020FAF78FBE704768
:10620000FAF798BFFAF7AABFFAF79ABFFCF786BC6D
:10621000FCF756B9FCF76CB9FCF7A0BC00F05CB910
:10622000FCF78EBC10B5837F8BB9034601F11802D1
:1062300051F8044B914243F8044BF9D1012484777F
:106240002146FBF7D9FAFCF72DF9204610BD0020B6
:10625000FCE710B504460221FBF7CEFAFCF722F961
:10626000A07FB0FA80F0400910BD38B50446A37F86
:1062700003B938BDA37F032B02D0A37F042B0ED11B
:10628000EFF3108572B62046FBF726FD05B962B61E
:10629000A37F002BEDD0FF210320FCF7F9FCA37FA7
:1062A000012B02D14FF48271F6E700F0D6F9DEE758
:1062B00013B50DF10701FBF7F5FC0446FCF760F997
:1062C00020B940F221110320FCF7E2FC204602B085
:1062D00010BDF8B50746FCF753F9044620B940F263
:1062E00029110320FCF7D4FCFCF750F9A468002521
:1062F0002418384641F1000622463346FBF73AFDA2
:10630000A04271EB060309D3001B6FF0010361EBA0
:106310000601834275EB010102D3F8BD2846FCE774
:106320004FF0FF30F9E72DE9F04104460F46FCF746
:1063300027F9064620B94FF4A3710320FCF7A8FC07
:106340008568002362195B4113B10020BDE8F0812C
:10635000FCF71CF92A18384641F1000314EB020837
:1063600043F10005FBF706FD4045A941EDD3FCF7DD
:10637000D5FB00F06AF8B368012037752344B36099
:10638000E4E7FCF703B98068704708B5FCF7F8F854
:1063900020B94FF4CB710320FCF77AFC007D08BDD7
:1063A000F8B50369044623B140F29D110320FCF7C0
:1063B0006FFCFCF7B3FB05460E46FBF773F970B3B1
:1063C0006435D4E9003246F10001AB4272EB0100C2
:1063D00001D22B460A46C4E90032EFF3108572B6AB
:1063E000FCF7CEF8064698B1FCF7D0F8B3680B334B
:1063F0002CBF012200221B18D4E9006042EB0101EE
:10640000B34271EB00023CBF33460146C4E90031A0
:1064100005B962B62046BDE8F840FBF721BDFBF7A1
:1064200061F90746FCF7C0F8B84238BF38469635E0
:1064300046F100024319D4E9000142F1000283420F
:1064400072EB0105C7D20346C4E7FBF76FBA032915
:1064500010B5044606D801290ED84FF49E71B0201D
:10646000FCF716FC0429F8D1FBF7DCF920B1204633
:10647000FBF798FD022010BD0020FCE7C0E90812E0
:106480002022002100F075B910B5037886B00446CB
:1064900023B14FF4AB714520FCF7FAFB0593CDE92E
:1064A0000333D0E90423CDE9002343680293037A40
:1064B00068468DF81430FFF773FF0120DDE90023F3
:1064C000C4E9042306B010BDFFF7CFBE7047704784
:1064D00070477047FCF7C0B910B5029C241841F111
:1064E0000001A01A61EB0301B0F1004F71F100014E
:1064F00003DBA9210420FCF7CBFB10BD70B5002401
:10650000FCF780FB05462646E0B2854200D870BD08
:10651000FCF77EFB0134068580F82A60F4E7F8B5C5
:10652000037904461BB11B219D20FCF7B1FB467982
:10653000017126B901234371217909B96171F8BD4F
:10654000276820462671B84702280546F4D1032162
:106550002046B84708B12F21E6E7236829462046A0
:1065600098470028E8D03021DEE7034600688842DB
:1065700004D109B10A681A600846704728B9704703
:10658000884202D10A681A60F6E7034600680028CC
:10659000F6D1704701F11003013813F8012D8B4239
:1065A00000F8012FF9D170472DE9F04713F0010FE2
:1065B0008EB004460D4617469A46DDE9168924D06A
:1065C00006A8FFF7E7FFA30735D002AA04F11005DC
:1065D0002068083454F8041C1346AC4203C31A461E
:1065E000F6D106AD02AC1AF0020F4346CDF800908A
:1065F00023D0294620460AAAFCF7E2FB0AA938461E
:10660000FFF7C8FF0EB0BDE8F08713F0040F0DD1FF
:1066100006AB0E4601F1100C1D463068083656F8E0
:10662000041C1A46664503C21346F6D1214602A849
:10663000FFF7B0FFD6E706ADD5E73A462946204634
:10664000FCF7BEFBDEE713B50024CDE90044FFF7FD
:10665000ABFF02B010BDFCF7B7BC20BF704720BF36
:1066600070479142F8B503D373219620FCF710FBD5
:10667000B2FA82F33BB1C3F1200499409A4020FA68
:1066800004F4984021434FEA124C93B2040C87B2B1
:10669000B1FBFCF50CFB151E05FB03F64FEA0E4E95
:1066A0000EEB1040864205D9361A964294BF012659
:1066B0000226AD1B04EB0141280405FB1211B1FBBE
:1066C000FCF40CFB1411634307EB0147BB4205D9F3
:1066D000DB1B934294BF01230223E41A2043F8BD3D
:1066E0002DE9F0411D4607460C46164652EA0503C1
:1066F00003D1A6219620FCF7CBFA85B9914204D2AA
:10670000FFF7AFFF2946BDE8F08108462946FFF7AD
:10671000A8FF05463246384606FB1541F0E7B5FAB4
:1067200085F80123400803FA08F3C8F11F0840EA7E
:10673000C470A3FB0212610803FB0522FFF791FF5F
:1067400030FA08F04FF0000102D0013861EB01018E
:1067500000FB05F3A0FB062C06FB0133BF1A6344C4
:1067600064EB0304B742AC41CDD3013041F10001E9
:10677000C9E7F0B5C9B20446A30726460ED14FF0CB
:10678000013522F003034D43E718BC420CD13344DA
:1067900002F003021A44934209D1F0BD002AFCD052
:1067A000013A04F8011BE7E744F8045BEDE703F85E
:1067B000011BF0E700280CBF6FF0150000207047A8
:1067C00000207047072303700020704700207047A7
:1067D00000207047034611F8012B03F8012B002A13
:1067E000F9D17047034613F8012B002AFBD1181A80
:1067F000013870472DE9F04786468C460846089ECA
:10680000154674461946002B40F0C1808542B2FA05
:1068100082F245D94AB1C2F1200300FA02FC954048
:1068200094402EFA03F343EA0C0C4FEA154EA8B23B
:10683000230CBCFBFEF80EFB18CC08FB00F943EA66
:106840000C43994528D9EB1808F1FF3704D2994534
:1068500002D9A8F102072B44A3EB0903A4B2B3FBAE
:10686000FEFC0EFB1C330CFB00F044EA0344A04288
:1068700014D92C190CF1FF3304D2A04202D9ACF187
:1068800002032C44241A43EA07401EB1D4400023DB
:1068900034607360BDE8F0874746DDE76346F1E7A3
:1068A00092BB431B01214FEA154EAFB2200CB3FB44
:1068B000FEFC0EFB1C330CFB07F840EA0343984533
:1068C00061D9EB180CF1FF3004D2984502D9ACF134
:1068D00002002B44A3EB0803A4B2B3FBFEFC0EFBA7
:1068E0001C330CFB07F744EA0344A7424DD92C198B
:1068F0000CF1FF3304D2A74202D9ACF102032C44BD
:10690000E41B43EA0040C0E7C2F1200395409440F5
:1069100020FA03F12EFA03F34FEA154E9040AFB27E
:106920000343B1FBFEFC0EFB1C10190C0CFB07F81B
:1069300041EA0041884522D969180CF1FF3004D2A0
:10694000884502D9ACF102002944A1EB08019BB2B1
:10695000B1FBFEFC0EFB1C110CFB07F743EA0143E5
:106960009F420ED9EB180CF1FF3104D29F4202D99D
:10697000ACF102012B44DB1B41EA004193E7604686
:10698000E3E76146F7E76046A4E76346B8E783427A
:1069900006D916B9002108467CE7C6E900E0F9E708
:1069A000B3FA83F78FB9834201D3724508D8BEEB9F
:1069B000020460EB030301209C461EB9002169E735
:1069C0003846FAE7C6E9004CF8E7C7F1200CBB40AF
:1069D0000EFA07F522FA0CF42EFA0CF1BA401C4319
:1069E00020FA0CF3B8404FEA144901431FFA84FE21
:1069F000B3FBF9F809FB18300B0C08FB0EFA43EA5D
:106A000000439A4540D9E31808F1FF3004D29A4573
:106A100002D9A8F102002344A3EB0A0389B2B3FB15
:106A2000F9F809FB183308FB0EFE41EA03418E45D5
:106A30002CD9611808F1FF3304D28E4502D9A8F190
:106A40000203214443EA0040A1EB0E01A0FB02989F
:106A50004145CE46434602D306D14D4504D20138C6
:106A6000B9EB020E68EB0403002EA7D0B5EB0E02C3
:106A700061EB030101FA0CFC22FA07F3F9404CEA3E
:106A80000303C6E9003199E74046C5E74346D9E725
:106A90000022F0B585B0114640F6034002AF04F085
:106AA000EFF9044600285BD103F0D2FF214641F202
:106AB00003003A1D04F0E4F90446002850D17A6836
:106AC000294DD16805F17803D1F80100D1F80510FE
:106AD00003C3104603F094F9214641F201003A1D28
:106AE00004F0CEF9044600283AD17868C3685A7891
:106AF00085F870205A88A5F872201A7985F87120D7
:106B0000B3F80720A5F87420B3F80530A5F876305F
:106B100003F076F9214641F202003A1D04F0B0F983
:106B20000446E8B9D7F804C005F18006DCF80C206B
:106B3000531C4132344618685968083303C49342E1
:106B40002646F7D1604603F05BF995F87C305A068B
:106B500010D40121054A064811F0ABFA6FF0120477
:106B600020460C37BD46F0BD800001205FDE0600E8
:106B700048C00600002142F203003A1D04F080F9EB
:106B800004460028ECD17A68A94BD168D1F80100FD
:106B9000D1F8051003C3104603F032F9214642F242
:106BA00002003A1D04F06CF904460028D8D17E6832
:106BB000F468B4F801309AB292B1E27882B1A5F8E3
:106BC0000431E378042B06D0042202210092994874
:106BD000994A10F06EFFE2789848114614F049F88F
:106BE000304603F00DF91F2395F87C60A5F820319D
:106BF00016F0200619D14FF0FF304FF0FF3103F0AF
:106C000047FF0446002800F0BE8102210C3011F03D
:106C1000DAF80123214603704670324640F66D4093
:106C200004F02EF9044600289AD195F89C301B07F1
:106C300012D5002142F21C003A1D04F021F904464D
:106C400000288DD17868C368D3F80120D3F80530C7
:106C5000C5E9382303F0D4F895F8D8309E0623D53B
:106C60003846B91C04F0B4F9044600287FF478AF24
:106C70004FF0FF304FF0FF3103F00AFF06460028C7
:106C800000F0818104210C3011F09DF83B882246F0
:106C900003807B883146438042F2240004F0F0F800
:106CA000044600287FF45CAF95F8D8305C0610D518
:106CB000002142F22A003A1D04F0E2F804460028BE
:106CC0007FF44EAF7868C3685B7885F8223103F0B3
:106CD00097F84FF0FF304FF0FF3103F0D9FE044634
:106CE000002800F0508108210C3011F06CF895F864
:106CF000D81040F2022311F0400F08BF03230246D0
:106D000088074CBF43F02C0043F00C008B0695F82D
:106D1000D93048BF40F0400013F0090F18BF40F4CD
:106D20000060CE0748BF40F01000002111F0F0F9DC
:106D30002146002242F2010004F0A2F80446002895
:106D40007FF40EAF95F87C30B5F8041198065CD44A
:106D5000C9B941F205003A1D04F092F80446002832
:106D60007FF4FEAEB5F804317C684BB9E368B3F844
:106D70000120A5F804219A883048114613F079FFC4
:106D8000204603F03DF84FF0FF304FF0FF3103F0A5
:106D90007FFE0446002800F0F68008210C3011F038
:106DA00012F895F8D8300246D90738D44FF0005180
:106DB000234811F0ADF92146002240F6014004F0CD
:106DC0005FF8044600287FF4CBAE01463A1D4FF62B
:106DD000014004F055F8002838D01A4A022115481D
:106DE00011F067F9EB79002B40F0BD8004F0C2FF91
:106DF000044600287FF4B4AE06F0BCFB044600282D
:106E00007FF4AEAE03F030FFAAE60029BBD101212A
:106E10000D4A084811F04DF96FF00404A0E602A1F4
:106E2000D1E90001C5E700BF908800020080002082
:106E30005801012048C0060083DE060088010120B9
:106E400010880002ECDE0600C9DE06007B686E4694
:106E5000DC688AB0B4F80130042B96BF574A584911
:106E600052F8231002AAD3614FF4007355481384DB
:106E7000554BC2E9050142F8103F4FF413515348F6
:106E800011F026F9B4F80120B546022AB4F803300F
:106E900049D1052B47D84E4A52F823106E468AB086
:106EA00002AAD3614FF400734A481384464BC2E9E7
:106EB000050142F8103F4FF41351444811F008F90E
:106EC000B546637994F806C0032B98BF424AB4F8DC
:106ED0000760D4F809006C468CB094BF52F82310B8
:106EE000374902AAC2E9073C4FF40073DFF8ECE02F
:106EF00093853B4BC2E905E1C2E909604FF4735148
:106F000042F8103F314811F0E3F8A546786802F0E6
:106F100077FF00214FF602403A1D03F0B1FF04460F
:106F200018B1304A5AE72649B8E77868C368B3F819
:106F30000130A5F8C13002F063FF95F8C1305A075F
:106F40007FF550AF21464FF603403A1D03F098FFFE
:106F500008B1254A42E77868C3685B7885F8C03095
:106F600002F04EFF3EE72E78002E7FF43FAF95F8FB
:106F7000C1309B061FD54FF0FF304FF0FF3103F0BB
:106F800087FD044610B96FF06804E9E506210C306E
:106F900010F019FFD5F8013021460360134B32463B
:106FA0009B8883804FF6064003F06AFF0446002862
:106FB0003FF41CAFD4E56FF08504D1E5F8C60600B8
:106FC000A5DC060010DF06000400000148C0060032
:106FD000E0C6060029DF0600D0C6060041DF060035
:106FE000070000016EDF060097DF06008100012028
:106FF00037B50024164D6FF009034FF48062284620
:10700000144900940EF088FA134928460EF060FBEC
:107010001249134813F0B0FE224604211C2002F04E
:1070200011FB01220F4BD3E8EF1FC3E8E02F00282C
:10703000F9D105A3D3E9002328460B490EF0ACFA99
:10704000204603B030BD00BF389C1C00000000008B
:10705000C02B0120C866012010F9060085A3060098
:107060004C35012048350120F001012000000000CE
:1070700010B50B4BD3E8AF3F53B1FAF719FB06A39A
:10708000D3E90023BDE81040064907480EF084BA52
:1070900010BD00BFAFF30080389C1C000000000052
:1070A00048350120F0010120C02B012000210148BA
:1070B0000FF013BE0C30012038B502210F480FF03D
:1070C0000CFE00F0B5FB14F041F84FF47A74A0FB0D
:1070D000040547F61222002304FB0151FCF752F885
:1070E000074BC3E90001012106480FF0F6FDBDE89A
:1070F00038400321044A05480FF0EDBDB0020120DD
:10710000081401200C300120D4CC0600C8C00600B1
:1071100008B50840104BD3E8AF1FC207C9B205D568
:10712000012903D1BDE80840FFF7C6BF830712D588
:10713000022910D1094A0A480FF0CDFD0421064862
:107140000FF0CBFDFFF7B2FFBDE808400321054A71
:1071500003480FF0C0BD08BDB0020120F7CC060007
:10716000C8C006001BCD06002DE9F04F87B00546CC
:107170000E4600AF2B4BD3E8AF3FDBB2022B2CD136
:10718000294BD3E8AF4F003C18BF012422463146BB
:10719000284600F053FB254A8046136801331F2B15
:1071A0001DD81360ACB1B8F1010F04D10321204AFE
:1071B00020480FF090FD3146284600F0E3FA0346E0
:1071C00038B110F1800F04D002211B4A194810F089
:1071D00066FC1C37BD46BDE8F08F0024D6E74FF0B3
:1071E000000A381DC2F800A0E94600F0A3FBD7E969
:1071F00001ECD7E903018CB06A467B69C2E9091347
:107200000823DFF838B0C2E907C0C2E905BED4627E
:1072100042F8103F44F2C0015346064801F01AFB01
:10722000CD46BFE7B00201200C300120083001201C
:107230008BCD0600C8C00600BBCD060054CD0600AD
:10724000F8B50BF063FD044678B946480BF08EFDA7
:10725000044650B9444800F0CDFA044638B103461C
:10726000424A0121424810F01AFC2046F8BD00F0C5
:107270004FFA044610B13F4A0346F2E73E4800F099
:1072800007F9044610B13D4A0346EAE700F01AF94F
:10729000044610B13A4A0346E3E7012139480FF0AA
:1072A0001CFDFFF703FF0321374A31480FF013FDA0
:1072B0000321364A2E480FF00EFD0321344A2C4894
:1072C0000FF009FD2F4D334F294ED5E8AF4FE4B2F3
:1072D000022C2ED113F03AFF4FF47A7CA0FB0C0E57
:1072E00047F6122200230CFB01E1FBF74BFF2A4A71
:1072F000D2E90032C01A47F2305361EB02019842E2
:1073000071F100010FDB254A214630460FF0E3FC06
:10731000042128460FF0E1FCFFF7C8FE204A0321B4
:1073200030460FF0D8FC002140F2391013F087FEF0
:10733000CBE7042CF7D100F04DFA0028F3D0082158
:1073400028460FF0CAFCFFF7B1FE3A46032130464B
:107350000FF0C1FC012128460FF0BFFCFFF7A6FE8D
:10736000094ADCE71171050018C50600E1CD0600E9
:10737000C8C00600FFCD06006971050023CE0600D7
:1073800047CE0600B002012071CE06007CCE06007A
:107390009ECE0600E7CE060008140120B4CE0600FB
:1073A0001BCD06002DE9F041214D224C224EADF5BA
:1073B000027DD5E8AF1F41B90322A3681D481B69B0
:1073C0000DF5027DBDE8F0411847A36869469B684A
:1073D000204601AA9847034640B110F10B0FE8D1AF
:1073E0000221164A164810F05AFBE2E7DDE900C117
:1073F0008908B1F5807F02AF28BF4FF4807138460D
:107400000CF1020E994207D1336803B198470099F5
:107410000C4813F006FBCCE73EF923203CF923800F
:107420000133424402EBD272521027F8022BE9E7F3
:107430001430012014B6060010300120FDCE0600E5
:10744000F8BF06008806012008B500220C48114646
:1074500083681B699847034668B10A4A01210A48B4
:1074600010F01DFB0022094BD3E8EF1FC3E8E02F0B
:107470000028F9D108BDBDE80840FFF793BF00BF61
:1074800014B6060011CF0600F8BF06001430012024
:1074900070B50546084C204613F072FA48B1074B08
:1074A0001D60A3682046BDE8704000211B68044AA7
:1074B00018476FF0120070BD14B60600103001209E
:1074C0002CC50600012210B5114B88B0D3E8EF1F80
:1074D000002903D1C3E8E02F0028F7D114D10022FE
:1074E00000230024CDE9062306234FF40062CDE9F2
:1074F0000334CDE90144074B0749084800940EF0D6
:1075000061F9204608B010BD6FF07700FAE700BFC0
:107510001430012049740500D83A012010140120CC
:10752000044B186828B1044BD3E8AF0F003818BFDC
:1075300001207047203001201C3001200346022129
:10754000014A024810F0ABBA2FCF060000C0060077
:1075500030B50025114B89B0D3E8EF2FC3E8E15FC8
:107560000029F9D10E4C206810B105F0B1FA256060
:107570000C4D03210C4A0D4803AC10F087FA0FCDD7
:107580000FC42B680222236001230949009303A83A
:10759000084B04F0AFFC09B030BD00BF1C30012027
:1075A0002030012080C1060049CF060000C006003F
:1075B00048C5060040C5060008B521B1BDE8084031
:1075C0000846FFF7BBBF11F014F8044B1860032105
:1075D000BDE80840024A034810F058BA20300120A4
:1075E0005ACF060000C006002DE9F0432A4F2B4D6C
:1075F000ADF5037D4FF0FF324FF0FF33384601A960
:107600000DF054FC0028F5D10123D5E8EF2FC5E893
:10761000E13F0029F9D1FFF783FFD8B1FFF780FFE1
:1076200090B31F4B4FF00009186811F0AEFFC41E55
:10763000012C94BF012464084FEA440802AE019A69
:107640004A450DD80023D5E8EF2FC5E8E13F0029D2
:10765000D0D0F8E7002140F2712013F0F0FCDAE717
:10766000A2EB0902A24228BF224652003146002066
:1076700092B201F0EFFB4644034638B920200021C6
:1076800013F0DDFCA144DAE76FF07F030221054A25
:10769000054810F004FAD5E7CC0601201830012087
:1076A0002030012068CF060000C00600B0FA80F04C
:1076B00080B5114B00AF4009D3E8EF2FC3E8E10FCD
:1076C0000029F9D1D3E8AF1F0C4A0D4B88B000292F
:1076D00018BF13466A460B49C2E905134FF40073FD
:1076E0009383094B42F8103F00234FF4E6510748BB
:1076F00001F0B0F8BD4680BD1C300120EFCC060083
:107700008FCF060098CF06000300000100C00600DE
:1077100030B500208FB003F0A9FD10BB124801F076
:107720008DFBF0B900220023CDE9062307230F4D7E
:10773000CDE902034FF40062CDE900000C4B0D4986
:10774000049009AC0C480EF03DF80FCD0FC42B6827
:107750000222236001230949009309A8084B04F081
:10776000C9FB0FB030BD00BFB402012080C10600CC
:10777000E9750500D8420120D814012048C506004B
:1077800040C5060030B54B1EFF2B05460C46ADF537
:10779000037D17D8FFF7C4FEB8B14FF40172002182
:1077A00001A813F0BAFD2946620002A8019413F063
:1077B000A7FD00220023064801A913F095F90DF555
:1077C000037D30BD6FF01500F9E76FF07F00F6E73D
:1077D000CC060120054B1B6A33B9054BD3E8AF0F2C
:1077E000B0FA80F04009704700207047CC060120B5
:1077F00018300120F0B5A8B103689BB1C3688BB104
:10780000037C7BB1094F06463D460FCE0FC533685A
:1078100000202B600123C7E9060079613B6287F8ED
:107820002430F0BD6FF01500FBE700BF24300120CD
:107830000022014BDA617047243001202DE9F84322
:107840003B4D044695F8243088461746002B41D01E
:1078500000283FD000293DD04FF47A700023A1FBCF
:1078600000012A68FBF78EFC012838BF0120EE6872
:107870000021013E861934BFB6FBF0F60126002038
:1078800023462E6204EB480433F9022B9C42C2FBD0
:107890008201F9D142460023FBF774FC00244FF02B
:1078A000804EA04271EB0E0317D30023984654EA92
:1078B0000E0218D16969AA68AB610A446FBB934292
:1078C00006D22A7C5B1A13410B4423EAE3736B61F3
:1078D0000023EB610020BDE8F883A40844EA8E741D
:1078E0004FEA9E0EDDE71A194EEB080C90424FEA64
:1078F000530371EB0C0943EAC8734FEA580806D3E7
:10790000821A104661EB0C01E3184EEB0808A4083C
:1079100044EA8E744FEA9E0EC9E79342D8D2EB69CF
:107920000133B342D5D300230120EB61D3E700BF7D
:107930002430012058B1064B9A69596902609A684F
:1079400041600A448260DA691B6AC2600361704761
:10795000243001202DE9F04F91B0009302F0040390
:107960000293C2F3C2030133840705460E46DDF8D5
:1079700068800392059340F0BB81041D30B1072954
:1079800009D86FF01B0011B0BDE8F08F01F00706B9
:107990003444C6F10806009B4FF000094FF0040A7A
:1079A000591E4FF0FF334F460193CB465346CDF857
:1079B00010900DB1009A22600598002800F3E8802D
:1079C0009848009A824203D397488242C0F0E080F0
:1079D000039AA4EB050E92074FEA9E0000F1038183
:1079E0000F2F00F2B180002D00F0058107F1400259
:1079F0000DEB020C019A0CF8200C0CF8102C0498DA
:107A000001300490E7E07A285DD84B280ED847284B
:107A100059D829282DD8252852D054D820287AD0B2
:107A20002338D0F1000B4BEB000B74E04C382E28C0
:107A300049D8DFE800F07048484848484848484876
:107A400048484B484848484848484859484B4B598B
:107A50005959704B6D487048184B184848827F4BF5
:107A600048484B487F0000204FF0000B4FF0040ABD
:107A700038E001222A38C0B202FA00F010EA0E0FF4
:107A800049D110F0625C2FD110EA020B43D060465E
:107A9000013C5444B4FBFAF40AFB04F4002D61D019
:107AA000A3EB050CA444B4453FF66BAF002868D1A6
:107AB000042B47D158F8043B2360042304342AE004
:107AC000019A013A01924FF0000B24E011F8010CE9
:107AD0006C2834D1002011F8023C83466C2BC5D1B0
:107AE0004FF0080A5346D3E708F1070828F00708C3
:107AF000073424F00704F8E802AB35B106982044B7
:107B0000B0423FF63EAFC4E900AB4FF0000B083483
:107B10004FF0080A534611F8010F002878D0BBF146
:107B2000000F7FF470AF2528F5D14FF0010B019BBA
:107B3000013301934FF0040AECE7584694E7002024
:107B40008346A5E7082B02D06FF015001BE708F16C
:107B5000070828F00708F8E80223C4E900230823EF
:107B60000834D8E768B9042B02D108F10408A4E767
:107B7000082BE9D108F1070828F0070808F10808E0
:107B8000EDE7059A013A059258F8042B009210E7A8
:107B9000039A900720D54FF0010CA4EB050E4FEA95
:107BA0009E00BEF5007FCFD20F2FCDD8F5B107F1E3
:107BB00040020DEB020E019AC0B20EF8200C0EF836
:107BC000102CBCF1000F3FF41AAF60F07F000EF8EC
:107BD000200C09F101090137C5F108024FF6DA7EE0
:107BE0000434069297E74FF0000CDAE7BCF1000F7F
:107BF00001D00136EFE7029802360028EBD1009859
:107C0000CDE90631FEF7EEFDDDE906310644E2E797
:107C1000631BB3F5806F97D245B9A6F10804E0184D
:107C2000B1E600BF54B4060054FC0600029A9B085B
:107C300028602B709DF81030C2B1EB7085F802906F
:107C4000B9F1000F05D0002208A8C5F1010C974238
:107C50000ED14FF0000AC5F101030DF12008019388
:107C60000DF1300B574512D1601B8CE66B70E5E7C8
:107C700010F8013B190608D50CEB040EB64503F0CD
:107C80007F033FF67EAE04F8013B0132DFE7B9F136
:107C9000000F03D098F90020002A17DB029BD3B114
:107CA0001AF80B2004F8012B0022019B181910442C
:107CB000B0423FF666AE98F80000009904F8010B58
:107CC0002046039213F01CFB039A14440AF1010AA4
:107CD00008F10108C6E798F8002055F82230009313
:107CE000029B009845F82230FEF77CFD421CDCE741
:107CF0006FF00D0047E600BF2DE9F04F97B000AFE1
:107D0000D7F880B03B62CBF3C0030446894690F8B5
:107D100002A0FA62BB6141B9457800780AEB8000A5
:107D200020444D4517D8A0EB0409E378FB61BAF174
:107D3000000F02D01BF0010F16D1FB6953BBFB6A89
:107D40001BB1494620463A6A98474D4628465C375B
:107D5000BD46BDE8F08F461C3046FEF743FD0130BE
:107D6000304409F10109DCE7626823787A62FA6A33
:107D70009900796104EB8301002A40F001810E46ED
:107D80004FF000084D4601EB0A094E454CD101EB7E
:107D90000A0610E01BF0020FD1D023789A007A6116
:107DA000626804EB83017A62FA6A002A77D14D4651
:107DB000904601EB0A061BF0050F0CBF02230123BE
:107DC000FB62FB6906EB430A0BF00203BB625645FC
:107DD000BCD016F8021B16F8013C54F82390994BBE
:107DE000994502D3984B994536D3BB69002B40D0B7
:107DF000786A0FF0EAF900283BD0E9468AB06A4673
:107E0000924B53617B6AC2E906314FF400731384CD
:107E10008F4B42F8103F00234FF412518D4800F071
:107E200019FD023DCD46D2E716F8013BF96254F840
:107E30002300FEF7D7FCD7F88430F96A01304BB144
:107E4000D7F8883098453EBFD7F8843023F818001B
:107E500008F10108054498E7BB6923B1786A0FF07F
:107E6000B4F90028C9D11BF0010F05D1FB6AED1A46
:107E7000ADE7BB6A002BAAD04846FEF7B3FCD7F8A3
:107E8000843053B1D7F8883098453FBFD7F8842065
:107E9000431C22F8183008F10108054497E7BAF1AD
:107EA000000F73D01BF0040673D0D046002607F1F4
:107EB000480052463B61B96213F022FAB96A3B6945
:107EC00001EB0A02BA62FA69F9695200FA60BA6A09
:107ED00002EB41023A610BF00202BA603A69B96AF8
:107EE0008A4258D162781BF0020F18BF00217A62D3
:107EF00008BF4FEA5801B2181BF0010FD2B240F090
:107F00009F801BF0040F14BF40460020BB616270CD
:107F1000A070E17020463A6A7969FB6A9847051EAD
:107F2000FFF614AFBB69414623707B6A3A6A6370FF
:107F3000FB6984F802A0E37007F14800FB6A9847E8
:107F4000B0F10008C0F2BA807B69A9EB0A01C91A36
:107F5000FB683A6AC91AD7E90A0398470028C0F2B1
:107F6000AF804FF0000BA84408EB000507F1380A7A
:107F7000B34571D300213A6A0846FB6A9847E5E6A3
:107F800056464FF0000807F1380092E75646D046B3
:107F900096E7B04694E7BA6A12F8021B12F8015C41
:107FA000BA6254F82500274A904202D3264A9042EA
:107FB0001ED3BA6932B1786A7B600FF006F97B682C
:107FC00000288BD1BA6802BB08F1280207F1300CF7
:107FD00008F10100944407F1580208F1020852FA2E
:107FE00080F00CF8101C5FFA88F800F8105C75E758
:107FF000BA693AB1786A7B600FF0E7F87B680028CD
:108000007FF46CAF1BF0010F09D006F1280207F1D5
:108010003000711C161806F8205CCEB25EE71BF02B
:10802000040F3FF45BAF08F1280207F1300008F1BC
:10803000010102EB000808F8105C5FFA81F84DE7D7
:10804000002063E754B4060054FC0600C2CF0600CB
:108050000400000190C006001BF80A3054F8239079
:1080600087F83730D7F884302BB3D7F888309B4562
:1080700021D2D7F8843033F81B8001213A6AFB6A99
:1080800007F13700984700281ADB0544B8F1000FC4
:1080900006D14846FEF7A6FB00F101081FFA88F852
:1080A000414648463A6AFB6A9847002808DB05447F
:1080B0000BF1010B5CE74FF00008DEE7454645E6B3
:1080C000054643E6014B1860704700BFC00201201F
:1080D00080B505460E46174698460DF027FE034626
:1080E00013F0AEF90446DFF81890424649F8003024
:1080F00039463046A84754F8090001F029FA00BF74
:10810000080000002DE9F047058B0446280790463B
:1081100011D4022905F0070540F0CC8020460FF06D
:108120000AFB78B10138218B042811D8DFE800F070
:10813000C2106D85950001290CBF45F0100545F072
:108140002005258388F31188BFF36F8FBDE8F08782
:1081500001F0070AAA4500F0A5800027B9463E466F
:10816000A368002B00F0BC8041F00801218388F354
:108170001188BFF36F8FA168002900F0BA800D68E5
:10818000002900F0B680334652462046D1F80480DC
:10819000C047002D76D02B6829461D46F0E701F038
:1081A00007035A1F012A1BD8002221F00701062BC2
:1081B000276889B2C4E9002209D13B4603E0628BFB
:1081C000013262831B68002BF9D141F00201204685
:1081D00021830FF0B0FA00287AD041F0200176E038
:1081E000042B0AD121F0070189B2204621830FF028
:1081F000A2FA10B141F020012183218B01F0070A7E
:10820000AA454FD00027B946AAE7236921F0070104
:1082100041F00601062DD3F8009021832DD1B9F14C
:10822000000F3FD041F00801218388F31188BFF38C
:108230006F8F20463949C84729E021F0070123699B
:1082400041F0040189B2042DD3F804902183E6D0D3
:1082500000274FF0040A3E4682E721F00701236918
:1082600041F0050189B2052DD3F808902183D6D0BD
:1082700000274FF0050A3E4672E700274FF0060A36
:108280003E466DE72B4687E7B9F1000FD1D1EFF3FA
:108290001188402383F31288BFF36F8F238B23F061
:1082A00008032383258BEA062ED525F010032383AC
:1082B00005F007056669218B002EBFF670AF00231D
:1082C0002768C4E9003321F0070141F0010121834F
:1082D000218B4FF0000901F0070AAA457FF440AF57
:1082E000002F9CD041F00801218388F31188BFF34F
:1082F0006F8F002FC8D03D6839463346524620461E
:108300000FF045FA2F46F4E7AB067FF51BAF25F0DB
:108310002003238305F0070500E700BFBB770600B5
:108320002DE9F047044607464FF00109DFF8508079
:1083300014B93846BDE8F08794FAA4F5B5FA85F586
:1083400009FA05F32E0108EB05156FEA030A24EA82
:1083500003042B7B002BEBD058F806301B694BB97C
:108360004644736804222846196807EA0A070FF092
:108370001DFBDDE7284698470028D9D1F0E700BF6C
:1083800028C1060030B5002289B00F490F4812F00D
:1083900025FF002200230024CDE906230E230C4DE7
:1083A000CDE903344FF440722846CDE90144094B2E
:1083B000094900940DF006FA084928460DF088F99D
:1083C000204609B030BD00BFE1830500701A0120CE
:1083D000A0150120F9860500D84A012088D00600A2
:1083E00001480CF0C1BE00BFFC0601202DE9F0479A
:1083F000804621480F460FF0BDFA0646002833D0CC
:1084000000252846BDE8F087237B83B12368DB681D
:108410000BB120469847636883F8069023681B6970
:10842000D3B963680422204619680FF0BFFA0136F9
:1084300010345445E8D3B8F1000FE2D0002DDFD05E
:108440002846FFF76DFF0546002FF7D0002140F2C8
:10845000391012F0F4FDF1E7204698470028E0D0EB
:1084600009FA06F31D43E2E705464FF00109034C04
:10847000DFF80CA0DDE700BF5C30012028C106005A
:1084800038C10600014B53F8200070476CC5060048
:1084900008B5034608462BB1044A136000F070FC8F
:1084A000002008BD6FF01500FBE700BFC4020120EB
:1084B00010B5044C237813B903480CF055FE012382
:1084C000237010BD40360120FC06012010B5044683
:1084D00009480FF04FFA3CB1084BD3E8EF1F0139C0
:1084E000C3E8E21F002AF8D1054812F083FEBDE878
:1084F000104004480CF038BE5430012058300120A0
:10850000701A0120FC06012000200146034BD3E82D
:10851000EF0FC3E8E21F002AF9D170475430012061
:1085200070B5FFF7F1FF0546074C084EB44200D383
:1085300070BD63685B792BB123685B6813B1294612
:10854000204698471034F1E728C1060038C10600DC
:1085500010B5044C044920460EF07FFF034B1C600D
:1085600010BD00BFF005012058C506004C300120A9
:1085700000230D4A10B513700C4A0D4913600D4AC3
:108580000D481360FFF784FFFFF7E2FF0B4B0C4928
:1085900018468B4200D310BD1A1A5C6812110132C2
:1085A00022711033F5E700BF41360120543001201D
:1085B00040420F00583001207179060028C10600A2
:1085C00038C1060001460022002301480EF066BFB4
:1085D000F005012001480EF0FFBF00BFF0050120AB
:1085E000024B014618680FF052B800BF4C30012012
:1085F00001480FF087B800BFF005012070B5274B88
:108600001878002849D0FFF7E5FF0546002841D13A
:10861000234B244C1B68002B19DD12F097FD4FF4FF
:108620007A75A0FB050647F61222002305FB0161BF
:10863000FAF7A8FDD4E90032C01A40F2E93361EB41
:108640000201984271F1000101D3FFF769FFD4E9FB
:10865000003213F57A7342F10002C4E90032BDE83A
:108660007040FFF7C5BF63685B7923B12368294673
:1086700020461B6898471034B442F4D32846FFF7CD
:10868000AFFF094BD3E8EF1F0139C3E8E21F002A0F
:10869000BED0F7E7054C064EEEE770BD4036012030
:1086A00054300120681A01205830012028C10600EA
:1086B00038C1060070B50D4D297861B90120FFF76A
:1086C00095FE0B4C0B4EB44206D3FFF797FF0028E4
:1086D000FBD101232B7070BD63685B791BB12368EC
:1086E00020469B6898471034EDE700BF41360120D3
:1086F00028C1060038C1060000212DE9F0470846D0
:10870000FFF774FE044658B340F21B684FF00009AF
:1087100012F096FE1B4B1C4A1B58136033B11B4BC7
:108720001B68092B02DD1A480CF01EFD0025194FAD
:10873000DFF85CA044B12046FFF7F2FD044618B90B
:108740004FF0FF384FF0FF39FFF758FF064628B9C2
:10875000B5B942464B4650460CF040FD3546E9E778
:108760004FF0FF384FF0FF39D2E72B689B691BB100
:1087700000222846114698471035BD42F5D3E8E758
:10878000054DFAE708000000503001205830012064
:10879000FC06012038C1060028C1060013B51848A0
:1087A0000FF0E8F8174B1B7873B1EFF311844023F7
:1087B00083F31288BFF36F8FFFF720FF84F31188D4
:1087C000BFF36F8F02B010BD0F4B1B68002BF9D0A9
:1087D00050B9002200230D48CDE9002347F61222AC
:1087E00000230DF0B7FDEDE70928EBD1074812F0A3
:1087F00001FD074802B0BDE810400CF0B5BC00BF59
:10880000583001204136012050300120701A0120DB
:10881000FC06012010B5064B04461B68984721460C
:10882000A06004480EF0B9FEBDE81040FFF7B6BFE7
:10883000C4020120F0050120044A054B9B1AB1EB4C
:10884000D30F34BF52F8310000207047F8BF060044
:1088500028C106002DE9F04F8FB0C1F34A2804AFBC
:108860000D469146B8607B600C0DB8F1000F63D0E7
:1088700000264FF0040B4FF00A0A07F11403C7F863
:108880000C80C7E907667E620193CDF808B0CDF889
:1088900000A007F11C0332464846F968FFF72CFA9E
:1088A000B0F5006F03461CD36C468AB0D9F80410AB
:1088B00004AB26481A46C3E9050140F2FF71D961AD
:1088C0004FF400711984224B42F8103F4FF41251BB
:1088D00033462048FFF7BEFFA5462C37BD46BDE80E
:1088E000F08FC0F30A0804F11700184420F00700C5
:1088F00080083B60FFF766FE68F35325044690B19D
:108900003B6800F11001C7E9083607F11403F9616B
:10891000CDE900A3CDF808B048460F4AF96807F141
:108920001C03FFF7E9F968F353252A4620467B68C4
:10893000B9680FF05BF8D0E704F1170020F00700EA
:108940008008FFF73FFE0446EDE700BF9DD006001C
:1089500004000001B0C00600BF7906002DE9F04F09
:1089600087B00446DDE9105ADDE91279934698464E
:108970000391BFB13B46524610210020CDF8009034
:10898000CDF81490FEF7E6FFB0F5006F06460AD367
:1089900040F2FF730221174A174807B0BDE8F04FB5
:1089A0000FF07DB83E4605F11700304420F0070077
:1089B0008008FFF707FE04F007040BF0070BE40044
:1089C00044EA8B1444EA462444EA0554054640B17F
:1089D0003FB13B4652463146CDF800901030FEF78D
:1089E000B9FF434622462846039907B0BDE8F04F39
:1089F0000EF0FCBFDCD00600B0C00600406820B11D
:108A0000034BC01A40F3CF0070474FF0FF30704760
:108A1000F8BF06000EB403B503AB53F8042B0146B0
:108A20000448019301F0DEF802B05DF804EB03B0F6
:108A3000704700BF017B0600CA0605D48B064CBFF9
:108A400002490349FFF7E6BF704700BF15D1060092
:108A500014D106002DE9F04F89B09B46149B9DF878
:108A60004CA00693159B04460593169B0D46904615
:108A7000179E0493BAF1000F00F09D8006F48073F6
:108A800007930EF091FF06F00209024600283ED03F
:108A900020469149FFF7BEFF0746B9F1000F08D005
:108AA00016F0440F35D12A4620468C49FFF7B2FF15
:108AB000074406F0010353B1894B204653F82A209E
:108AC000884B8949002A08BF1A46FFF7A3FF06F41E
:108AD0008073002B49D006F00803002B63D1B8F156
:108AE000000F66D0424620468049FFF793FF0546B7
:108AF000069B3D44002B6DD1049B002B73D1F307E3
:108B000000F1E48031462046FFF796FFD8E00746A3
:108B1000C3E7774B18680028CAD0764B4FF47A79B0
:108B20001B684FF03C0CB5FBF3F5B5FBF0F14FF4CF
:108B3000616300FB115509FB05F5B1FBF3F2B5FBD1
:108B4000F0FE03FB121100FB1E55B1FBFCF309FB09
:108B500005F5B5FBF0F50CFB131120460091CDE9AE
:108B600001E56549FFF756FFA2E706F00803EBB100
:108B7000624B204653F82A206149FFF74BFF054618
:108B8000B8F1000F05D0424620465849FFF742FF92
:108B90000544BBF1000FABD05A4620465949FFF7B8
:108BA00039FF0544A4E74FF0000BE1E706F00805A4
:108BB000E6E745469CE7BBF1010F069B06D1002B7B
:108BC00064D1049B002B7BD000250CE0002BF8D057
:108BD0004D485CE04D48069B22464D490EF0C4FAD4
:108BE000049B002B68D0DFF82C81DFF82C91049FC8
:108BF0003146102F204628BF10274FF0000BFFF7FB
:108C00001BFF5D4545DC059B494620461A78FFF76A
:108C100001FF4FF0010B1BF0070F03D14146204627
:108C2000FFF7F8FE5F453BD9059B4946204613F800
:108C30000B20FFF7EFFE0BF1010BBBF1100FEAD198
:108C40004FF0000B20463549FFF7E4FE5A46059BDE
:108C500020469A5CA2F120015F2928BF2E223049CC
:108C6000FFF7D8FE0BF1010BBBF1100F1DD01BF06D
:108C7000070F03D141462046FFF7CCFE5F455A4619
:108C8000E5D841462046FFF7C5FEEBE71F485546AD
:108C9000A1E741462046FFF7BDFE0BF1010BB0E70F
:108CA00020462049FFF7B6FEC5E7059B3B440593E8
:108CB000049BDB1B04939AD1BAF1000F7FF41FAF22
:108CC000204609B0BDE8F04F0EF00DBF2046054A22
:108CD0000549FFF79FFE15E71CD1060020D10600CD
:108CE0007CC5060017D10600E4DC060045D106006D
:108CF000643001206030012029D1060090C50600B3
:108D000049D106004FD106002F7B0600017B0600EB
:108D1000E59B05005CD1060054D106005ED106003B
:108D200060D106005AD1060042F20F7373B58B4230
:108D300028BF0B4605680446052168460D4A0DF01C
:108D40002DFD0646636828460B225B680A490EF033
:108D5000BCFE63683246694628465B680EF0B5FE85
:108D600063681B2228465B6804490EF0AEFE02B021
:108D700070BD00BF0DF906007FD1060063D106006B
:108D800000210123064A904206D8064A01B9012370
:108D90001360054B18607047012140085B00F2E743
:108DA00040420F006030012064300120F8B50D46CC
:108DB0000446064F4618B44201D12846F8BD14F8BF
:108DC000011BBB6801485B689847F4E7DCB5060007
:108DD000014B036000207047D8C5060008B5054860
:108DE0000EF01CFA04480EF019FA04480EF016FAB8
:108DF000002008BDCED1060002D2060035D2060002
:108E0000034B9B681BB1481E18BF012018477047D1
:108E10009430012010B51C46034B11461B680BB162
:108E200022469847204610BD94300120024B5B68D3
:108E300003B11847704700BF9430012030B1044B94
:108E400002681A6042685A6082689A60002070471F
:108E50009430012070B50E461546044686B00021B8
:108E60001822684612F059FA0B490C4BCDE901164D
:108E7000ADF80C5004932CB96946204606F02EFD3F
:108E800006B070BD0122204606F0D4FA0028F3D1C6
:108E90006FF01500F4E700BF00C606002D8E050038
:108EA00008B50348034A0021121A0EF0BCFE08BDA3
:108EB00078080120D83A0120074808B5074A084930
:108EC000121A0EF0B2FEBDE808400648064A0749ED
:108ED000121A0EF0AABE00BF00000120780801207F
:108EE00054FC0600000001200000012054FC060094
:108EF0002DE9F04706460C4600AF002936D0D1E9EF
:108F00000012E9468AB06D46A3684FF0050AA846EC
:108F10001F48C5E90723C5E9050148F810AF00233C
:108F200042464FF421511B48FFF794FCD4E9031249
:108F3000CD466369AD461848C5E90723C5E9050173
:108F4000C5F810A0002342464FF421511148FFF705
:108F500081FCCD46E3690121104A0E480EF09FFDC9
:108F6000A36901210E4A0B480EF099FD012E07D18D
:108F7000EFF305830B4A31460648103B0EF08FFD98
:108F8000214630460BF046FDBD46BDE8F08700BFE8
:108F9000BFD20600F8C00600EED206001DD30600C0
:108FA0002CD306005AD3060030BFFFF7FDBF00BF29
:108FB0002DE9F04105460B4EDFF82C80324606EBDA
:108FC0000807CC1B2046094912F09AF9A01942461D
:108FD0000021083C12F0A1F9C5F8B84007F10800DB
:108FE000BDE8F08100000000040000007CC1060024
:108FF000054B5A699B689A421FBF044A536843F065
:1090000080535360704700BFD435012000ED00E06D
:1090100070B52A4C06460D4629482A490EF012FE24
:10902000A36ADB0647D5264827490EF00BFE112020
:10903000A36A1C0704D5224824490EF003FE12201F
:109040001E4CA36A990712D521491D480EF0FAFD5E
:10905000636BA26A120609D501211E4A18480EF058
:109060001EFD1EB1A36A23F08003A3621320134CDC
:10907000A36ADE0704D5124817490EF0E3FD142059
:10908000A36A9C0604D50E4814490EF0DBFD15209A
:109090000A4B9A6AD10658BF9A6A9A6A920642BFE8
:1090A0005A6A22F400525A629A6A42F0FF029A62A5
:1090B00000232B7070BD1020BAE700BF00ED00E068
:1090C000F8C006006DD3060083D30600B6D30600B1
:1090D000C9D30600E1D30600F7D3060016D4060074
:1090E00010B5244C244925480EF0ACFDA36A990123
:1090F0003ED5224822490EF0A5FD1E20A36ADA01C2
:1091000004D51E481F490EF09DFD1F20194CA36A6F
:10911000DB0204D519481C490EF094FD2020A36AF7
:109120001C0304D5154819490EF08CFD2120114C63
:10913000A36A590304D5114815490EF083FD222076
:10914000A36A9A0304D50D4812490EF07BFD232033
:10915000084CA36ADB0304D508480F490EF072FDE2
:109160002420A36A6FEA03436FEA1343A36210BD8E
:109170001D20C3E700ED00E045D40600F8C006005E
:109180005DD4060070D406008AD40600B4D406006C
:10919000D2D40600F7D4060011D5060070B5294CCC
:1091A00006460D46284829490EF04CFDA36AD9040D
:1091B0003CD5254826490EF045FD1720A36A1A051F
:1091C00004D5214823490EF03DFD18201D4CA36A0B
:1091D0009B0512D51C4820490EF034FDA36BA26AF2
:1091E000100409D501211D4A17480EF058FC1EB184
:1091F000A36A23F40043A3621920124CA36A590501
:1092000004D5114816490EF01DFD1A20A36ADA058F
:109210000ED50D4813490EF015FD1B20094A936A1F
:1092200043F47F43936200232B7070BD1620C5E783
:10923000A36A9B04F2D504480B490EF003FD1C20E1
:10924000ECE700BF00ED00E0F8C006003CD50600EA
:1092500052D50600B6D3060063D506007CD50600BD
:1092600091D50600ACD5060016D406002DE9F047CE
:109270008AB0694B0446D3F804A0894616460025F7
:1092800000AFCAF3080885F31188BFF36F8F02F0AF
:109290007F43B3F17F4F1ED1D3071CD4500603D4B4
:1092A000110708D4012508E05C495D480EF0CAFCAE
:1092B00016F0040600D04C4600250023FB71A8F1EF
:1092C0000303092B00F28680DFE803F0077C7F7838
:1092D0008484848484822C46EFE7524950480EF0FF
:1092E000B1FC00234C4EFB71F36A9A0705D54E4939
:1092F0004B480EF0A7FC002329E0F36A002B01DAAB
:109300004A49F5E7F36A5B00F5D5494944480EF050
:1093100099FC7369A26943F480737361BFF34F8F43
:10932000BFF36F8F736932F8022C23F4807373617B
:10933000BFF34F8FBFF36F8F4DF602739A4228D160
:10934000236801213B4A36480EF0A9FB2368FA79CD
:10935000DAB907F1080604F1200C3246206861688A
:10936000083403C264451646F7D17A6A002D4ED000
:10937000C2F3080121B96FEA52226FEA42227A62EF
:10938000184607F10801FFF7B3FD2837BD46BDE8D1
:10939000F087B36ADBB223B10120F91DFFF738FE75
:1093A0000EE0B36A13F47F4F04D00120F91DFFF7DC
:1093B000F5FE05E0B36AB3F5803F9CD3FFF790FE5E
:1093C0000346C4E70020F91DE8E70020F91DEEE799
:1093D00019498DE7194A6E461AF4F87F8AB0184B7E
:1093E00018BF13466A461749C2E90513A8F11003CE
:1093F000D3614FF400731384134B42F8103F0023E2
:109400004FF411510648FFF725FAB54673E722F4E9
:10941000FF7222F00102B2E700ED00E0F2D5060093
:10942000F8C0060015D606002CD606004DD606005C
:109430005BD606007AD6060096D60600D9D5060079
:10944000C4D50600BAD6060004000001044B5A69D0
:1094500042F010025A615A6922F008025A617047BC
:1094600000ED00E0EFF30880EFF3098101B57246EB
:10947000FFF7FCFE01BD00BF002080F31488BFF39E
:109480006F8F002080F30A8880F30B88104880F3E8
:10949000088800200F4908700AF076FE00200E4967
:1094A0000860BFF34F8F00F02DF8402080F3118843
:1094B0000A484FF40061401880F30988EFF31480E4
:1094C0000221084380F31488BFF36F8F00F0E2F8A5
:1094D00008780120D53A012094ED00E0C86A012007
:1094E000002318460649D1F89020C2F30722934280
:1094F00000DB7047C1F89830C1F8A0000133F6E7EF
:1095000000ED00E010B572B6002484F31388FFF775
:10951000E7FF23464FF0FF300C4A03F120010133EF
:10952000102B42F82100F8D100234FF0FF30074AFA
:1095300003F160010133102B42F82100F8D162B62B
:10954000BFF34F8FBFF36F8F10BD00BF00E100E08E
:10955000084B9B6883420BD1EFF3058343B1064B65
:109560005A6842F080525A605A6A22F400425A62A3
:109570000CF0E2BBD435012000ED00E014498A680C
:1095800082F8C5E04FF030001044EFF3098C80E81A
:10959000F01F402080F31288BFF36F8F0D4F4FF004
:1095A00000664A698A603E60D2F8B8000A4C2060C2
:1095B00092F9C5E0D2F8BC000023C2F8BC3080F3B9
:1095C000118802F1300090E8F01F8CF30988704791
:1095D000D435012004ED00E0A03001201EF0040F7E
:1095E0000CBFEFF30880EFF30980816911F8021CCA
:1095F0000229FFD001B572460EF019FB01BD00BF74
:1096000000B2002807DB01234109034A00F01F00D4
:10961000834042F82130704700E100E000B20028AA
:109620000CDB01220649430900F01F008240203371
:1096300041F82320BFF34F8FBFF36F8F704700BFF8
:1096400000E100E0D30748BF002100B258BF02315B
:109650000028ACBF00F16040064A4FEA4113DBB27C
:10966000ABBF00F5614000F00F0080F800331354E9
:10967000704700BF14ED00E0044B054A23F07F0360
:109680009360BFF34F8FBFF36F8F704700A004004C
:1096900000ED00E008B5FFF7EFFF074AD2F8883089
:1096A00023F47003C2F88830FFF7FAFBFFF704FCDD
:1096B00000F048F80BF0D2FA00ED00E04FF43C4126
:1096C000C0F8C41042F8203C009B0B4942F81C3CF7
:1096D000019B21F0010142F8183C029B42F8081C52
:1096E00042F8143C4FF0807342F8043C0023203AC7
:1096F0000265C0F8BC307047D180050000B50C4B46
:1097000015469860D0F8B8200A4B0E461A602C46D1
:1097100086F309880020044B984720460021002248
:109720000023024C204700005B7C0600D18005002E
:10973000D4350120A03001201022014B1A6170475E
:1097400000ED00E0002340210448C2180133B3F5C6
:10975000917F82F80013F8D1704700BF00E100E06C
:1097600008B5EFF30583064A103B02EBC30152F83C
:10977000330049688847BDE80840FFF739BC00BF9F
:1097800030B606001FB5094C094A23460121094895
:1097900000F012F900230393074B0121E41A01A8FA
:1097A0000193029400F012F904B010BD40FE0720AE
:1097B0000000012050C606007808012010B50C7A80
:1097C0000B6804F01F0223F01F031A43CB686409DF
:1097D00023F01F03054943EA440343F00103C1F8A2
:1097E0009800C1F89C20C1F8A03010BD00ED00E049
:1097F00010B50A4BD3F89030C3F30723013B9842CE
:1098000008D901210346064A06480EF048F96FF0D0
:10981000150010BDFFF7D2FFFBE700BF00ED00E031
:10982000D1D60600D8C006002DE9F04F894614466F
:1098300006464FF00008514D85B0C84527DAD6F8E6
:1098400004A0BAF1000F44D0BAF11F0F17D91AF0D3
:109850001F0F14D1D6F800B01BF01F0F0FD15846C0
:109860000EF01EFA07460AEB0B0001380EF018FA4C
:10987000874210D06FF01507414A3B4601E043464E
:10988000404A012140480EF00AF96FF015042046C5
:1098900005B0BDE8F08F17F1160FEDD0BC42EBDD3F
:1098A000C5F89870D5F89C10C5F89870D5F8A03018
:1098B00021F01F0143F01F0BD6E900321A449942F0
:1098C00002F1FF3A1DD1D34507D13146F8B20EF06F
:1098D000F0F908F101080C36AFE73146C5F8987089
:1098E000D5F89C3022F01F0203F01F031343C5F884
:1098F0009C30E0B20EF0DDF910F1160FC5D0441C1B
:10990000E7E7C5F89870D5F8A020013B23F01F03C6
:1099100002F01F021343D3453146E0B2C5F8A03030
:10992000E8D00EF0C6F910F1160FAED0C5F8987059
:10993000D5F89C209DF808300BF1FF3B62F304033F
:109940008DF80830D5F8A0309DF808205B0863F347
:1099500047128DF80820D6E900321344009323F013
:109960001F035B44A3EB0A03013023F01F03694686
:10997000C0B20393FFF73CFFBEE700BF00ED00E07D
:109980001AD70600F7D60600D8C006000522044BF9
:10999000C3F89420BFF34F8FBFF36F8F704700BFA2
:1099A00000ED00E0BFF35F8F0022024BC3F894206C
:1099B000704700BF00ED00E010B5034C2278FFF7C0
:1099C00033FF207010BD00BF433601202DE9F74F53
:1099D000294D8A4606464FF00008AB46274FD04532
:1099E0001BDAD6F80490B9F1000F3FD03168084671
:1099F00001910EF055F90199044609EB0100013877
:109A00000EF04EF984424FF014021D4B08D002FBB9
:109A100008F36FF015024BF8032003B0BDE8F08F98
:109A200014F1160F2C60F8D01978A142F5DD02FB75
:109A300008B0C7F89840C7F89840D7F89C4000F1A4
:109A40000801007B64F304000871D7F8A0000C79CA
:109A5000400860F347140C71D7F89C1021F01F01E7
:109A60006960D7F8A01021F01F01296108F10108F1
:109A700014350C36B3E700BFA430012000ED00E040
:109A800043360120F0B55249524CD1F89030256848
:109A9000C3F307239D4287B000F296800020FFF7B2
:109AA00081FF4D4BC1F8C030854216D14B4C01A807
:109AB0002570FFF78DF900250646494FAE4213D1B8
:109AC000002023784249D1F89020C2F30722934224
:109AD00074DBFFF75BFF002043E0616801EB0011DE
:109AE000FFF76CFE0130DFE70199280101EB051358
:109AF000DA683A40B2F5800F42D007D8B2F5801F3D
:109B000015D0B2F5001F2ED00135D7E7B2F1006FA6
:109B100043D0B2F1805FF7D15A689B680958013B86
:109B200022F01F00034423F01F03012032E05A6893
:109B30009B680958013B22F01F0003440120844622
:109B400023F01F0340EA4C10CDE902218DF81000EC
:109B500002A920780593FFF74BFE00282ADA6FF060
:109B6000150007B0F0BD5A689B680958013B22F008
:109B70001F0003444FF0020C012023F01F03E1E714
:109B80005A689B680958013B22F01F0003440620D5
:109B900023F01F034FF0000CD4E75A689B68095864
:109BA000013B22F01F0003444FF0030C012023F07F
:109BB0001F03C7E7237801332370A5E7C1F8983066
:109BC000C1F8A00001337EE74FF0FF30C9E700BFC6
:109BD00000ED00E05CC60600AAFF44004336012009
:109BE0000000F0FFF0B587B007460E46144600218E
:109BF000102268461D4611F090FB02238DF80230BA
:109C0000054B2A4621466846CDE9047601930CF0BF
:109C1000F1FD07B0F0BD00BFE57C060008B50248C5
:109C20000CF09CFDFEE700BF4CD7060008B5024BC8
:109C30001B689847002008BDB8300120034B044A38
:109C40001860937843F0020393707047B830012096
:109C50000403012008B50549054A21F0070105481C
:109C6000521A0DF029FA002008BD00BF9BBA01204E
:109C700040FE0720BC30012070B541690446867A59
:109C80000A4D59B1437ADB0706D42C2303FB065354
:109C90005B6A1B689B689847002363612C20214600
:109CA00006FB0050BDE8704010F0D5BF440701200E
:109CB0002C22024B02FB0030704700BF44070120FA
:109CC0002C21827A054B01FB02339A6A1B7F801A92
:109CD0001B3323F00303B0FBF3F07047440701206C
:109CE00038B52C24827A064B04FB02335B6AD3E935
:109CF00001240C601568FFF7E3FF04FB005038BD3A
:109D0000440701202DE9F04385B00546684690469A
:109D10001C46039111F01CFADDE90067EFF311898D
:109D2000402383F31288BFF36F8F6B8B002B41D0DE
:109D30002A8B9A4225D90022002328460BF0E2F90B
:109D40000446F0B189F31188BFF36F8F039B002B9A
:109D500041D032463B46684611F01FFA2C21A27AC8
:109D6000254B204601FB02335B6A03A91B681D6873
:109D7000DDE90023A847606170BB2046FFF77CFF48
:109D800024E0698B4B1E6B8389F31188BFF36F8FBF
:109D90002B7F2A8BAC6A1B3323F00303521A02FB7E
:109DA0000344154B154AEB1A9B105343A3722B7FA8
:109DB000E372CBE789F31188BFF36F8F23464246E6
:109DC00028460BF09FF904460028BFD10024204606
:109DD00005B0BDE8F0836361012300252381039B67
:109DE00029466382E27A656004F1180011F095FA61
:109DF00063692582E360EAE744070120A38B2EBA5A
:109E000070B52C250C4C00B970BD037A4668002B48
:109E1000FAD0013BDBB20372002BF5D1C360436083
:109E2000837A05FB03431B6A13B198473046EAE780
:109E3000FFF722FFFAE700BF44070120024B034A65
:109E400000201A60704700BFB00501200020A10764
:109E500048B1054B054A1B68B3FBF2F35843044B6A
:109E600043F0010318477047B005012040420F003E
:109E700000C506000E4B402928BF402170B51D4685
:109E80000C4C4618B04203F1020304D1002305F83C
:109E90001130074870BD02781209A25C03F8022C49
:109EA00010F8012B02F00F02A25C03F8012CE9E785
:109EB00062360120CBD7060030B503788BB004465C
:109EC00007AD032B21D8DFE803F0021A1C1E12494C
:109ED0002846FCF77FFC059563781E210493A37840
:109EE0000E4A0393E3780E48029323790193637932
:109EF0000093A3790CF052FC09480BB030BD09491E
:109F0000E6E70949E4E70949E2E70A212846084A61
:109F10000CF044FCDFE700BF86D70600A8D7060098
:109F2000443601208DD7060094D706009ED7060040
:109F300047F5060030B500240A4D0B4B87B0284684
:109F40000393CDE9044410F05EFF03AB2846009371
:109F500040F638020A2305490BF0DEFA204607B026
:109F600030BD00BFA81A0120E3D70600D84D01205C
:109F7000014601480BF010BBA81A01200146014818
:109F800010F016BFA81A0120037830B5012B13D0AA
:109F9000022B27D07BB90A46184B03F1100453F863
:109FA000045BA34242F8045BF9D11B781370438829
:109FB0004B731B0A8B7330BD0A46104B03F1100420
:109FC00053F8045BA34242F8045BF9D11B78137089
:109FD0004368C3F307224B731B0CCB731B0A8A73B2
:109FE0000B74E8E700F1100350F8042B984241F895
:109FF000042BF9D103780B70DDE700BFECD7060026
:10A0000010B50DF0D0FF10F060FF0B4C18B1D4E884
:10A01000AF3F63B910BD0BF095FDD4E8AF3F1BB95E
:10A02000BDE810400BF0A2BD0A209847F8E70A20CF
:10A03000BDE81040184700BFC830012038B50446BD
:10A0400008480DF060FE054648B1631EDBB21F2BC9
:10A0500096BF054A0021D15C0C300DF0C3FE2846A6
:10A0600038BD00BF20080120FDD70600034BD3E810
:10A07000EF2FC3E8E10F0029F9D17047C830012064
:10A080000F2810B50CD80D280CD90A480DF03BFE4E
:10A09000044618B104210C300DF0A4FE204610BD7A
:10A0A0001328F2D009B10448F0E70220BDE81040BF
:10A0B000FFF7C4BF4C0801209C070120C3680221A0
:10A0C0001B78024A02480DF0F6BF00BF2CD80600EC
:10A0D00048C0060070B5C6683378B6F8014083B949
:10A0E0000F21204602F01AFEF378054650B90A4ABD
:10A0F000118831B96FEA04506FEA10501080074A96
:10A10000137070BD0373012102F01EFD2846BDE8E7
:10A11000704002F0DDBC00BF20360120E336012094
:10A1200070B5C3681D78BDB9B3F801600F21304622
:10A1300002F0F4FD044638B93346BDE87040012111
:10A14000064A07480DF0B7BF294602F0FDFC20463D
:10A15000BDE8704002F0BCBC70BD00BF54D8060022
:10A1600048C0060010B5C3680121B3F8014020467D
:10A1700002F0D4FD38B92346BDE810400121044A5D
:10A1800004480DF098BFBDE8104002F0A1BC00BF2C
:10A190007AD8060048C0060010B5C36801211C88A3
:10A1A000204602F0BBFD38B92346BDE8104001212E
:10A1B000034A04480DF07FBFBDE8104002F088BCA0
:10A1C0007AD8060048C00600012110B50C300DF009
:10A1D0002AFEBDE8104003780121024A02480DF032
:10A1E0006ABF00BF9ED8060048C00600014610B5F1
:10A1F00008480DF08CFD0849084810F0D9FD031EF1
:10A2000006DABDE810400121054A06480DF053BFAB
:10A2100010BD00BFCC0101208C040120781C01205E
:10A22000C0D8060048C0060010B50024084B86B010
:10A23000039303AB00934FF462724FF0FF33054971
:10A240000548CDE904440BF067F9204606B010BD7F
:10A25000DDD8060010560120901B012010B5084CD7
:10A260000146062294F86F0003F0B2F838B994F86A
:10A270006F000522BDE81040024903F0A9B810BDE7
:10A28000800001206CD706000121024A02480DF02F
:10A2900010BF00BFEDD8060048C006000B46B0B5A1
:10A2A0000D8A00AF04462946D868FFF7E3FD8AB05F
:10A2B0006A46094BC2E90750C2E9053440F202433D
:10A2C0009384064B4FF43251054842F8103F0DF08D
:10A2D000FFFEBD46B0BD00BF07D906000500000166
:10A2E00048C0060070B5C5680121B5F80160304668
:10A2F00002F014FD044638B93346BDE87040012130
:10A300000B4A0C480DF0D7BE2B783BB9D5F803307B
:10A31000C0F89930D5F80730C0F89D30201D4FF4B3
:10A3200080310DF0CAFE2046BDE8704002F0D0BB7F
:10A330007AD8060048C006002DE9F04F83B001230B
:10A34000D0F80C80018A98F8004000AF03EB84033A
:10A350008B425ED96D468AB06A46C2E90731052351
:10A360002E484FF42151C2E905042D4842F8103F10
:10A370000DF0AEFEAD460C37BD46BDE8F08F4B4646
:10A380000121284A26480DF096FE013598F8003044
:10A390009D42F0DA08EB8503B3F801900F2148469F
:10A3A000B3F8036002F0BAFC04460028E7D000F1DD
:10A3B000C00936B1636943B95A46012118480DF006
:10A3C00078FE204602F084FBDFE7A1691A688B4221
:10A3D0002046626108BFA2617B6002F0A1FA0AF028
:10A3E000C3FE7B68C3F800A0226A7AB9C4E90733C8
:10A3F000D9E8EF3F013BC9E8E23F002AF8D100214C
:10A400002046013E02F098FAB6B2D2E7136023620A
:10A41000EEE70025DFF810B0AA46B7E729D9060015
:10A4200048C0060054D9060070D9060037B5044666
:10A43000084602EBC3039A4202D16FF05E0010E0BF
:10A44000114611F8085BA54211D1038A517899424F
:10A4500009D908480121084A00940DF02AFB6FF041
:10A46000150003B030BD536898470020F9E70A464D
:10A47000E1E700BF48C0060087D906002DE9F84390
:10A480000C460BF05FFBE168238A0A78022A71D040
:10A49000042A0BD0134601213B4A3C480DF00BFE29
:10A4A0002046FFF7ADFC6FF015040AE0022B0DD833
:10A4B000374A364801210DF0FEFD2046FFF7A0FC8B
:10A4C00000240BF053FB2046BDE8F88348783E2873
:10A4D0000AD1032B01D12F4AEBE7CB78012B01D016
:10A4E0000A2B47D1032604E00DF0D1FD0646F00704
:10A4F0003ED504F10C0528460DF0ADFC01210746C0
:10A500002846B4F810900DF086FC022128460DF084
:10A510008AFC804600783E2816D1E3681B78012B20
:10A520002CD00A2B2AD0022541F27B131A4A1B4950
:10A530001B480CF080FE002383F31188BFF36F8F5C
:10A540000323184602DF04E00DF0A1FDC107054614
:10A55000EAD5144A0623214698F800000DF0EFFDD5
:10A56000AA070DD56369A4F8109013FA87F7E7607E
:10A57000B307A5D52046FFF739FEA1E70325E8E795
:10A580002046FFF73DFCF3E74FDA060048C006001F
:10A59000A9D90600C5D90600E5D9060019DA0600D2
:10A5A00032DA06000CC7060010B5012104460C3053
:10A5B0000DF039FC2146BDE810400223014A007825
:10A5C0000DF0BDBD3CC7060073B53E480DF0B4FBB1
:10A5D0000446002873D000F10C0528460DF02BFC32
:10A5E0000228034603D0042847D0374A03E0238AD1
:10A5F000032B05D8354A012135480DF05CFD13E0E9
:10A60000042128460DF00FFCFF234288068823769C
:10A61000238AC6F30B009A42608309D0012100927D
:10A620002B482C4A0DF045FA2046FFF7E9FB12E0D3
:10A630000F2102F073FB054610B9638B264ADAE757
:10A6400002F092FB21462076320B284602F0C6F932
:10A65000284602F03DFA214BD3F84C317BB3204918
:10A66000204810F0A5FB031E29DA01211E4A1848D4
:10A6700002B0BDE870400DF01EBD284602210DF06D
:10A68000D2FB054600783E2812D00DF000FD10F0F8
:10A6900002060DD140F6B243144A154915480CF094
:10A6A000CAFD86F31188BFF36F8F0323184602DFBC
:10A6B00006232146104A28780DF041FDB4E702B088
:10A6C00070BD00BFCC010120F8DA060063DA060095
:10A6D00048C0060084DA0600A8DA060080000120DF
:10A6E0008C040120781C0120C0D80600E5D90600A2
:10A6F000CADA060032DA06004CC7060010B501219E
:10A7000004460C300DF08FFB2146BDE810400823B5
:10A71000014A00780DF013BD7CC70600F8B5012191
:10A72000044600AF0C300DF07EFB06780023214676
:10A730003046104AFFF77AFE5F3018D1258AE0686C
:10A740002946FFF797FB6C468AB06A460A4BC2E976
:10A750000750C2E9053640F202439384074B4FF499
:10A760003251074842F8103F0DF0B2FCA546BD46F5
:10A77000F8BD00BFBCC706000CDB060005000001E9
:10A7800048C006002DE9F74F00238046894617464A
:10A79000DFF804A1DAE8EF4FCAE8E23F002AF9D176
:10A7A000264644B9434601213C4A3D4803B0BDE832
:10A7B000F04F0DF080BC2046FFF782FA4FF00C0BF3
:10A7C000384D0BFB0050438843451BD02046FFF714
:10A7D00077FA0BFB0050438801210093324A43462D
:10A7E0002F480DF066F9DAE8EF3FCAE8E26F002A79
:10A7F000F9D1002B4DD01E46304603B0BDE8F04FD6
:10A80000FFF7FEBAA74208D020460DF077FA3A8A41
:10A81000F96804F10C000DF0DCFA2046FFF750FA5D
:10A820000C2707FB00504368ABB1B9F1000F12D100
:10A830002046FFF745FA012107FB00504268D2E9A4
:10A840000003127A03F01F07B9405B09DAB100EB8D
:10A8500083000DF032FC2046FFF732FA0C2707FB8D
:10A8600000508368002BC7D02046FFF729FA7843B1
:10A8700005F800902046FFF723FA07FB0055A8686B
:10A880000AF072FCB8E7C94300EB83000DF023FC2B
:10A89000E1E703B0BDE8F08FC80101203EDB060010
:10A8A00048C00600CC30012066DB060073B5C568E1
:10A8B0000121B5F80160304602F030FA044640B993
:10A8C000334601213B4A3C4802B0BDE870400DF0E0
:10A8D000F2BB2B78061D1A2B19D1C378012B50D14E
:10A8E0004FF4804130460DF0E8FB42040FD4D4F819
:10A8F0008C3069460093D4F894302046019303F0DD
:10A9000037F8204602B0BDE8704002F0E1B82B787D
:10A91000BBBB40F2E242B5F8033028495343C4F8C8
:10A920008830B5F80520A4F89020B5F80720A4F8E1
:10A930009220A3F5EA520C3A8A4204D90221204A15
:10A940001D480DF0B8FBB4F89030B3F5FA7F04D38E
:10A9500002211C4A18480DF0AEFB40F67641B4F8CF
:10A960009230A3F10A0292B28A4204D90221164A15
:10A9700011480DF0A0FB6FF4805130460DF0ABFB99
:10A9800013E0D6E8AF3FDB04F5D52B78202BF2D1CE
:10A9900094F89830002BEED0013B84F898300B4AA5
:10A9A000002304F140000AF021FE204602F0B2FB31
:10A9B000A7E700BF7AD8060048C0060095F03C0023
:10A9C00099DB0600C0DB0600E7DB06005A620200E6
:10A9D000B0B53C28044600AF1AD101F087FA6FF4F5
:10A9E000807110300DF077FB0020FFF737FC054633
:10A9F00030B90121114A12480DF05BFBBD46B0BDD4
:10AA00000473002102F0A0F8284602F061F8F5E78F
:10AA10006D468AB06A460B4B4FF41251C2E90530BD
:10AA2000094B0748D36140F201331384074B42F8C6
:10AA3000103F0DF04DFBAD46E0E700BF13DC060014
:10AA400048C0060034DC060016D1060004000001F0
:10AA5000054BD3E8AF2F02F00B02D3E8EF1FC3E89A
:10AA6000E02F0028F9D170475401012010B5C1E949
:10AA700000239DF808300C460B72FFF721F90C22D9
:10AA8000024B02FB00335C6010BD00BFCC300120E4
:10AA9000F8B502460B4610480DF035F90446C0B132
:10AAA00004210C300DF084F92046FFF709F90C273A
:10AAB00000260A4D07FB005046802046FFF700F9AC
:10AAC00007FB005086602046FFF7FAF807FB0055A9
:10AAD0006E602046F8BD00BFF4070120CC30012095
:10AAE00029289ABF014B185C0920704767E00600CF
:10AAF00070B5C3680F21B3F801601D78304602F0CD
:10AB00000DF9044638B93346BDE870400121174AB3
:10AB100017480DF0D0BA65B12846FFF7E1FF294686
:10AB20000246204602F0AEFB2046BDE8704001F030
:10AB3000CFBF8678012EEFD106F00EFA20460DF039
:10AB40008EFA0028E8D10520FFF7CAFF052102464A
:10AB5000204602F097FB3146064A05480DF0A9FA57
:10AB6000052120460DF059FDDEE700BF54D8060050
:10AB700048C0060050DC06002DE9F041C6680F21F0
:10AB8000B6F801703578384602F0C8F8044638B98E
:10AB90003B46BDE8F04101211F4A20480DF08BBA29
:10ABA00045B12846FFF79CFF29460246204602F0A1
:10ABB00069FB08E0F278C37A934209D10221184A6E
:10ABC00016480DF078FA2046BDE8F04101F080BF4C
:10ABD0008378C272012B05D00020FFF781FF00218E
:10ABE0000246E3E70AB106F0B7F920460DF037FA5E
:10ABF0000028F1D10520FFF773FF0521024620460A
:10AC000002F040FB0121074A04480DF052FA0521E9
:10AC100020460DF002FDD6E754D8060048C00600D5
:10AC200076DC060050DC060010B5044692B04822DF
:10AC30006846064910F064FB112C9DBF12AB03EB74
:10AC4000840454F8480C024812B010BD94C10600A8
:10AC5000A5DC0600034B0146D3F86C0182689268BC
:10AC6000104700BF800001202DE9F84F042100AFFC
:10AC700045480DF022FA6D4688B06A46434B4FF4C2
:10AC8000E6515361424B434893614FF40073938301
:10AC9000414B424C42F8103F0DF01AFAAD46E279B2
:10ACA0003F4B404E2046012A88BF1E46FFF704F95D
:10ACB0008AB06A463C4BD061C2E905363B4B4FF443
:10ACC000235113623A4B334842F8103F0DF000FA1B
:10ACD000A346AD460125374EDFF8DC80DFF8B4909F
:10ACE000E3790BF1070B9D4238DB94F870506E4608
:10ACF0002846FFF799FF8CB06A46B4F87210B4F892
:10AD00007630C2E907514FF400755362DFF8ACC0EA
:10AD10002B4BC2E905C015854FF4535142F8103F43
:10AD20001C480DF0D5F9B54694F871603046FFF730
:10AD30007BFF8AB06A46B4F874302249C2E90763DF
:10AD4000214BC2E9051095844FF43351114842F864
:10AD5000103F0DF0BDF9BD46BDE8F88F5846FFF72E
:10AD6000ABF8EA468AB06A4640F20133C2E90565AB
:10AD7000D06113844FF41351484642F8108F0DF000
:10AD8000A7F90135D546ABE754010120B1DC060037
:10AD9000C3DC060048C0060003000001800001205B
:10ADA000ADDC060016D10600C7DC06000002010378
:10ADB00004000002D6DC060004000001E7DC060007
:10ADC0000600000125DD060005000001004870476F
:10ADD000ADCF0600014902480FF0EABF7C04012014
:10ADE000901B012070B505460C4659B94FF0FF3055
:10ADF0004FF0FF31FFF74CFE044618B96FF06805BD
:10AE0000284670BD2046FEF75BFF0C22184BA618A3
:10AE100002FB003330465D800DF01DF803280BD98E
:10AE2000032130460CF0E6FF0580238A0121033B15
:10AE3000837030460CF0E6FF40F635439D420FD15B
:10AE40002046FFF707FF05460028D9D00346012119
:10AE5000084A09480DF02FF92046FEF7D1FFCFE749
:10AE6000214606480FF0ECFE0025FFF7B3FFC7E7C9
:10AE7000CC3001204CDD060048C00600D401012082
:10AE80002DE9F04786B0804691460C4600AF71B977
:10AE90004FF0FF304FF0FF31FFF7FAFD044660B985
:10AEA0006FF0680528461837BD46BDE8F087887AF8
:10AEB000FEF7FEFE3B4B83426DD101220021384656
:10AEC0000FF0D7FE2046FEF7FBFE0C23DFF8D8A0DC
:10AED00003FB00A0876020460CF044FF014640467B
:10AEE000FFF780FF054618B12046FEF789FFD9E736
:10AEF000002338462D4A0AF071F9064690B14FF406
:10AF0000FD732B4A2B492C480CF095F932464146EB
:10AF10002A480CF090F985F31188BFF36F8F032353
:10AF2000184602DF2046FEF7CBFE0C2358431AF8E2
:10AF3000006056B36D468AB06A46214BD661C2E9BD
:10AF40000538204B4FF43251136240F20243938490
:10AF50001D4B1E4842F8103F0DF0BAF82046AD4692
:10AF6000093EFEF74DFF092E0CD8DFE806F0050B71
:10AF70000B08170B0B0B0B146FF06E0592E76FF0BD
:10AF80000C058FE76FF004058CE7B9F1000FABD02B
:10AF9000C9F8004086E76FF0150583E76FF00B05F1
:10AFA00080E700BFF4070120CC300120B4C40400C6
:10AFB000E5D906006EDD060032DA060077DD060010
:10AFC000BCDD060016D106000500000148C00600E1
:10AFD00073B506460D4642F22F00002101AAFFF785
:10AFE0004FFF044638B10121144A15480DF061F8AD
:10AFF000204602B070BD0198C368B3F801203280CA
:10B00000B3F803302B80FEF7FBFE3388A3F11B025D
:10B01000E02A04D902210B4A09480DF04CF844F209
:10B0200048112B88A3F5A47292B28A42E0D902217A
:10B03000054A03480DF03FF8DAE700BFDBDD060004
:10B0400048C00600FBDD060020DE06002DE9F047C3
:10B0500084B0002605465A4BB0F80190198849F48F
:10B060007042914204BF1E80564B00AF08BF1E784D
:10B0700000F09AFCEB7805F10408012B08BF524B55
:10B08000404614BF002493F86F400CF088FF4146FF
:10B0900068B34FF0010A07F108000CF075FFD5F80E
:10B0A0001130C7F80130B5F81530A7F80530EB7846
:10B0B000012B31D04046FEF7FFFE6C4688B06A4651
:10B0C000424B4FF4E251C2E905304FF400739383D1
:10B0D0003F4B404842F8103F0CF0FAFF1321A546C1
:10B0E00048460DF068F81037BD46BDE8F0872046A9
:10B0F0000DF0A6F90346006895F804A0B8609A8898
:10B100009B796868BA81BB73B8F8042098F8063058
:10B110003860BA80BB71CAE707F10800FFF79EF8F4
:10B1200004460028C6D00346B5F8012023F8702B4A
:10B13000BA7BB868B98920679A7140F2E242998077
:10B14000B5F8173053430022C4F88830B5F81930E9
:10B15000A4F89030B5F81B30A4F89230EB78227345
:10B16000012BE3701AD187F800A0BA88BB79386840
:10B17000A4F87B2084F87D30C4F8770000F0B6FE98
:10B18000237A1149C3EBC3035A18CB58C4F87E3055
:10B190009388A4F88230937984F88430072120467C
:10B1A00001F0D2FC26B101212046267301F0CCFC2F
:10B1B000204601F015FE204601F08AFC93E700BF0F
:10B1C00020360120E33601208000012043DE060006
:10B1D0000300000148C0060000B5C36889B01878B4
:10B1E00020B109B05DF804EBFFF7F2BBB3F8012022
:10B1F0008DF80000ADF80120DA788DF80320B3F85F
:10B200000B20ADF81720B3F80D20ADF81920B3F8D6
:10B210000F20ADF81B205A7C8DF81D205868019036
:10B220001A899B7AADF808208DF80A30084B6846D9
:10B230001A689B88CDF80B20ADF80F30CDF811209F
:10B24000ADF81530FFF702FF09B05DF804FB00BF51
:10B2500080D7060010B5FBF71BFC034B1B6813B12E
:10B26000BDE81040184710BDF030012073B52A4DDD
:10B270000646D5F86C010FF083FB48B90121274A37
:10B2800027480CF016FF6FF01204204602B070BD84
:10B290006FF0020105F1D4000CF01DFF01210CF04C
:10B2A0000CFF10EA010434D11E4B1E600A4605F55E
:10B2B00098700FF0DEFC05F5AA700FF0B5FC1A4887
:10B2C0000FF0A1FD6FF007034FF4486217491648CD
:10B2D00000940AF021F9164913480AF0F9F9D5F853
:10B2E0006C01144983681B689847044630B10346D3
:10B2F0000121114A0A480CF0DEFEC6E726B902B069
:10B30000BDE87040FBF7C4BB05F1C4000AF0FEF8CD
:10B31000BBE76FF07704B8E780000120C0DF0600CC
:10B3200048C00600F0300120781C01209859012007
:10B33000D8DF06007DA40500E1DF0600F0B5C56892
:10B3400001212F8887B0BCB2204601F0E7FC0646F9
:10B3500040B923460121274A274807B0BDE8F040FD
:10B360000CF0A9BE02ACD5F80220D5F80630019445
:10B37000698900910EF0C9FA48B34FF0FF304FF0E1
:10B38000FF31FFF785FB054648B901211B4A1A48E2
:10B390000CF08FFE304601F09BFB07B0F0BD122190
:10B3A0000C300CF010FD0346224623F8027B06AF5A
:10B3B000144603CCBC4218605960224603F10803CE
:10B3C000F6D1294642F21A00FFF70CFDE2E74FF0F2
:10B3D000FF304FF0FF31FFF75BFB04460028D4D06D
:10B3E00002210C300CF0EFFC2146078042F21B00DA
:10B3F000EAE700BF7AD8060048C00600FDDF060075
:10B4000073B5C368D9789A781E8842EA0122ADF8EC
:10B41000002059791A79B4B242EA0122ADF802202B
:10B42000D9799A79204642EA0122ADF804201A7AA5
:10B430005B7A012142EA0323ADF8063001F06EFC8D
:10B44000054658B901211D4823461D4A0CF033FE1C
:10B45000022120460CF00DFF02B070BD694601F0DC
:10B46000A5FE38B91E2120460CF003FF284601F046
:10B470002FFBF1E74FF0FF304FF0FF31FFF708FBF4
:10B4800004460028F2D00E210C300CF09CFC002366
:10B490000680C0F80A30BDF8003021464380BDF870
:10B4A00002308380BDF80430C380BDF806300381CC
:10B4B00042F22000FFF796FCD8E700BF48C0060024
:10B4C0007AD8060038B5042104460C300CF0ABFCE9
:10B4D000034640885D7818B122461978FFF752F983
:10B4E00035B1044809F040FEBDE83840FFF772BCB2
:10B4F00038BD00BFB0010120B0B50446032100AF44
:10B500000C300CF090FCE3680578197840F6354370
:10B51000B0F80100984215D16C468AB06A460F4BCC
:10B520000F48C2E905310F4B4FF41251D36140F27D
:10B53000013313840C4B42F8103F0CF0C9FDA546B3
:10B54000BD46B0BD10B12246FFF71CF9002DF7D063
:10B55000064809F009FEFFF73DFCF1E714E006009C
:10B5600048C0060016D1060004000001B001012009
:10B5700038B50AF0E7FA2F4DD5F85431002B56D0E4
:10B580000022002305F5987009F028FE00284ED10E
:10B590000022002305F5AA7009F0B4FD044668B93D
:10B5A00040F6C243244A254925480BF044FE84F363
:10B5B0001188BFF36F8F0323184602DFD5F8483197
:10B5C0005BB101211F4A20480CF073FDD5F84801FA
:10B5D000FEF716FC0023C5F8483120460CF0C2FBEC
:10B5E000C5F848012046FFF735FB0346C8B10121E5
:10B5F000164A15480CF05FFD154809F0B5FD2046C8
:10B60000FEF75EFB0C22134B02FB0033588818B187
:10B6100022461F21FFF7B6F82046FEF7F1FBFFF7A1
:10B62000D9FBFFF7D7FBBDE838400AF09FBA01F01D
:10B63000E7FBF8E780000120E5D9060020D80600E6
:10B6400032DA06004CE0060048C006004CDD060079
:10B65000B0010120CC300120F8B506460024094D88
:10B66000EF79E3B29F4202D86FF0010007E029466C
:10B6700030460CF01AFE0735631C08B12046F8BDB1
:10B680001C46EEE78000012037B504460D4671B137
:10B69000284612490CF009FE48B929461048C4EB67
:10B6A000C40420440CF00BFE002003B030BD6846FB
:10B6B0000CF05CFC0028F8D16846FFF7CDFF0028AD
:10B6C000F5DA074BC4EBC400694618440CF0F7FDEB
:10B6D000002DE9D001462846E4E700BF73D70600F5
:10B6E0008000012070B51A4E0622314605460FF043
:10B6F0001CFE38B34FF0FF304FF0FF31FFF7C8F9B1
:10B70000044608B3062229460C300CF062FB2146A1
:10B71000002242F20500FFF7B3FB044648B110F1E6
:10B720000D0F04D102210B4A0B480CF0C6FD204638
:10B7300070BD33462A6843F86929AA88B28001227D
:10B7400083F868200024F2E76FF06804EFE700BF99
:10B75000E9000120B6E1060050C00600064BD3E820
:10B76000EFCF4CF4806CC3E8E2CF002AF7D1037A24
:10B7700019430172704700BF54010120F7B5002141
:10B7800004460222084601F023FE064648B1204640
:10B790000121FFF7E3FF304603B0BDE8F04001F0C0
:10B7A00097B93B4D01463B4800F09AFB95F8233191
:10B7B0007BB130460CF0CAFD58B10221364A3748F9
:10B7C0000CF07BFD0021364803B0BDE8F04000F0EE
:10B7D00087BB95F8232195F822319A4218D102218E
:10B7E000304A2E480CF069FD002242F22900114631
:10B7F000FFF746FB10B101212B4AE0E795F8233112
:10B80000013385F82331237A43F004032372D9E707
:10B810002246671C394612F82E0B0CF05AFD0646DC
:10B8200010B1224A01210EE095F82331013385F849
:10B830002331237A43F00403237295F8A7305B0782
:10B8400008D402211A4A15480CF037FD01200CF0EB
:10B850007DFDB7E7394668460CF031FD01234FF016
:10B86000FF304FF0FF318DF80730FFF711F9044634
:10B8700060B1082269460C300CF0ABFA3246214622
:10B8800042F24E00FFF7FCFA0028DFD0094AC9E770
:10B890008000012011840600C5E1060050C00600AA
:10B8A0007F830600EAE106001BE206003BE2060099
:10B8B0005BE2060085E2060000212DE9F04102224C
:10B8C0000446084601F084FD054640B120460221A9
:10B8D000FFF744FF2846BDE8F04101F0F9B8014602
:10B8E0002A4800F0FDFA28460CF030FD284D0646A7
:10B8F00088B101210346274A27480CF0D0F895F873
:10B90000233113B101200CF021FDBDE8F0410021ED
:10B91000224800F0E5BA95F8233195F822219A42A1
:10B920000CD2013B85F82331237A024623F004032D
:10B9300002201B49237205F0EDFBE0E74FF0FF30DA
:10B940004FF0FF31FFF7A4F804F10108074668B192
:10B9500007210C300CF037FA41460CF0B0FC3246AF
:10B96000394642F22800FFF78BFA28B101210D4A2F
:10B9700009480CF0A2FCC2E795F82331013B85F899
:10B980002331237A23F004032372B8E711840600DD
:10B9900080000120A0E2060050C006007F83060060
:10B9A00037830600CDE20600084BD3E8EF2F22F4E0
:10B9B0008061C3E8E01F0028F7D1530504D50022B9
:10B9C0000220034905F0A6BB704700BF54010120C7
:10B9D0009F8406001FB500230190CDE902330220A9
:10B9E0008DF80C1001AA034905F094FB029805B0EC
:10B9F0005DF804FBE7830600034610B470B10A4902
:10BA000091F8224191F823210CB1944208D20132DD
:10BA100081F823211A7A42F004021A7210BC70478E
:10BA200010BCFFF7ABBE00BF80000120034610B47E
:10BA300098B10B4C94F8221194F8232129B10131CB
:10BA40008A4203DC10BCFFF737BF12B1013A84F819
:10BA500023211A7A22F004021A7210BC704700BF28
:10BA60008000012070B5044611BB20B325490CF0BD
:10BA70001CFC00BB2046FFF7EFFD00283BDA2378D3
:10BA800053B92148C279002A35D121460CF017FC60
:10BA90000123C371104670BD012B04D1A37903F0BB
:10BAA000C003C02B07D00121184A19480CF005FC2F
:10BAB0006FF01500EFE7144DEB79012B1ED005F167
:10BAC000D4000CF003FCC30707D4002CF0D02046B0
:10BAD0000C490CF0EAFB0028EAD1EE792146731CF0
:10BAE0003046EB71FFF7D0FD08B93046D3E7EB796C
:10BAF000013BEB71CFE76FF07700CCE76FF00B0005
:10BB0000C9E700BF73D7060080000120F2E20600FB
:10BB100050C006002DE9F341044640B91A4A0221FB
:10BB20001A480CF0CAFB002002B0BDE8F0810021E9
:10BB300041F2090001AAFFF7A3F9054608B1144A2A
:10BB4000EDE7019E0622D6F80C80124908F10107A4
:10BB500038460FF0EAFB28B1062238460E490FF0AE
:10BB6000E4FB18B93046FEF74BF9DCE7D8F80130B2
:10BB70003046C4F80130BB882570A4F80530FEF7C4
:10BB80003FF90120D0E700BF20E3060050C00600C7
:10BB900039E3060080D706007AD7060007B5684665
:10BBA000FFF7B8FF044BD87118B169460020FFF7C2
:10BBB0006BFD03B05DF804FB80000120F0B5304D53
:10BBC00089B0EC79002C53D195F8C26016F00106CB
:10BBD00010D12C4A02212C480CF06FFBEC71162678
:10BBE00000240127EB79E0B298422CD3002B3FD000
:10BBF00000203BE06A4621464FF60940FFF740F936
:10BC000008B1224AE6E7DDF800C0DCF80C104B78FA
:10BC100023B96046FEF7F4F81D4ADBE78B1C02AA45
:10BC200001F11204174618685968083303C7A34284
:10BC30003A46F7D11868344638609B886046BB8026
:10BC4000FEF7DEF8CAE708AB06FB003353F8182C02
:10BC500033F8143C6946CDF80120ADF805308DF875
:10BC60000070FFF711FD01340028BBD009B0F0BD12
:10BC70000021084609B0BDE8F040FFF7F3BE00BF61
:10BC80008000012057E3060050C0060083E3060051
:10BC9000A3E306002DE9F0410D4617461C46064673
:10BCA00050B14BB10A03037811D56D0708D50121B6
:10BCB0002D4A2E480CF001FB6FF01500BDE8F08115
:10BCC0000CF0D2FB0028F9D101232370F6E7A90775
:10BCD0002ED027480FB1AA0608D4C3EBC302825C5A
:10BCE000012A13D002B922700020E7E790F8D8208B
:10BCF000510635D5C3EBC302825C012A06D002B9D6
:10BD00002270237843F002032370EDE74FF001081F
:10BD1000072111FB0381014430460CF09DFB0028F4
:10BD2000CCD184F80080002FDED0AB06DCD5E8E76C
:10BD30006A0712D50E49C3EBC3028E5C012E09D1EE
:10BD4000072212FB036319440CF086FB0028B5D1CF
:10BD50002670EAE7002EE8D1FAE70CF085FBB3E79E
:10BD60006FF08500AAE700BFCCE3060050C00600D4
:10BD70008000012038B5104DEB7913B10024204626
:10BD800038BDFFF70BFF044628B10C4A01210C48CF
:10BD90000CF093FAF3E7EB79002BEFD1FFF70EFFEE
:10BDA00004460028F1D1681CFFF79CFC04460028DB
:10BDB000E5D0044AEAE700BF80000120EBE306007B
:10BDC00050C006000AE406002DE9F74F8A460190AC
:10BDD0004FF0FF314FF0FF30FEF75AFE04460028C7
:10BDE0004ED020210C300BF0EEFF4FF000098046C2
:10BDF0004D46202200210FF090FADAF8007008F189
:10BE0000010BDAF80420914509D30022214601985C
:10BE100088F8005003B0BDE8F04FFFF731B87A78EA
:10BE2000A81C81181F2997F800C015D9BCF1090F6B
:10BE3000C0F11F0201D1002A0CDC0121124A134873
:10BE40000BF024FE2046FDF7DBFF6FF0150003B07A
:10BE5000BDE8F08F4FF0080CD6B2711C0BF805103E
:10BE6000691CC9B20BF801C0023679685BFA80F030
:10BE70002E440FF045FAF5B209F101090837C0E781
:10BE80006FF06800E3E700BF2DE4060008C006007D
:10BE9000F7B5CDE90001694642F2080016461D4695
:10BEA0009DF82070FFF790FF044648B95FB90B4B2F
:10BEB000D3E8EF1F41F00401C3E8E21F002AF7D1E5
:10BEC000204603B0F0BD694642F20900CDE90065A5
:10BED000FFF77AFF0028EAD00446F1E7A800012026
:10BEE00003460148184700BF9800012000487047EA
:10BEF000980001202DE9F04FD0F810A089B0BAF1D8
:10BF000000050446A84818BF0125CDE902120CF02F
:10BF1000D6FA4607994640F19B81666870050DD5B3
:10BF20006FF01505002240F20110029B0399914227
:10BF300040F09781284609B0BDE8F08FD4F8108012
:10BF4000B8F1000F01D0B107EAD0984F2078FB7903
:10BF50008342E5D9C0EBC0000722954938440FF071
:10BF6000E4F90028DCD0B20706D197F87030082B2E
:10BF700002D8A3689F2BD3D916F0300F6AD0B8F13E
:10BF8000000FCDD0F3066AD406F46036B6F5603FF4
:10BF9000C6D020460CF07FFA80460028C0D08548E5
:10BFA0000CF08DFA10F4807F824E40F0548106F13F
:10BFB000AC000CF084FA10F4806F06F1AC0B01D0E9
:10BFC000FFF7F2FC0023CDE90533CDF81B30A36861
:10BFD0006268ADF81030E36812F4004FADF812302B
:10BFE0000CBF07230623D10348BF03F005039203C8
:10BFF00048BF03F0FB038DF81D30DBE8EF3F23F46F
:10C000008073CBE8E23F002AF7D123782A463B76BB
:10C0100087F86F30616868480DF11503FFF73AFE45
:10C02000054600287FF47EAF644BBAF1000F22D0A2
:10C03000226911684BF8B31C9188998092799A71A2
:10C040006368980752D19A0502D4B9F1000F61D004
:10C0500002231CE0F00602D4B8F1000F94D1D4E919
:10C0600002239A423FF65CAF1F2A7FF659AFB3F521
:10C07000804F89D954E74E4A11684BF8B31C918818
:10C08000927999809A7163689907DCD053468DF84C
:10C0900014304FF0FF304FF0FF31FEF7F9FC05464A
:10C0A000002800F0DB800F2204A90C300BF091FE79
:10C0B0002946002242F20600FEF7E2FE054600286D
:10C0C0007FF430AFBAF1000F28D063689B0731D1FD
:10C0D000012139480CF0F6F90746002879D00121F2
:10C0E000374A38480BF0D2FC3D461BE713F0100FDF
:10C0F0000CBF012304238DF8143023691A68CDF88E
:10C1000016209A88ADF81A209B798DF81C304FF0D4
:10C110000008BEE703238DF81430F8E74A46DDE94E
:10C120000201129BCDF80080FFF7B2FE0028CCD0B0
:10C130000546F7E697F8189007221D491F4887F82B
:10C140006F900FF0F2F8F8B948461F4901F0C2F8B5
:10C15000074610B96FF00B05E4E6052100F0F4FC8A
:10C16000012115480CF0AEF9814678B3144A01213B
:10C1700014480BF08BFC0021384600F0E5FC3846F3
:10C1800000F0A6FC4D46CDE648460C4901F0E8F823
:10C1900000287FF4C5AE387E084901F09BF80746B9
:10C1A0000028D7D00621D9E75401012080000120C2
:10C1B00073D70600A800012098000120A1000120EB
:10C1C00046E4060008C006006CD70600384600F0BA
:10C1D0007FFC63689F071FD0D6E8EF3F43F40073EE
:10C1E000C6E8E23F002AF7D1B8F1000F1DD0D6E82B
:10C1F000EF3F43F48063C6E8E23F002AF7D163686B
:10C2000058071BD5D6E8EF3F43F48053C6E8E23F1A
:10C21000002A3FF487AEF5E7D6E8EF3F23F400733A
:10C22000C6E8E23F002ADFD0F6E7D6E8EF3F23F486
:10C230008063C6E8E23F002AE1D0F6E7D6E8EF3FA8
:10C2400023F48053C6E8E23F002A3FF46BAEF5E7E3
:10C250006FF00A0566E66FF0770563E66FF0680534
:10C2600060E61988814204D1596811B10978C9077B
:10C2700002D40132083359E6044905480EF0C9FDDD
:10C280000023044A024809F0E5F953E615C3050006
:10C29000B00001201C4E0E0010B518480CF03AF901
:10C2A00017480CF00CF90346DA05C0F3002023D53B
:10C2B00013480CF004F9830515D5124907221248DA
:10C2C0000FF033F803461149087E93B9052210494F
:10C2D00001F07EF8044630B10021017300F034FC17
:10C2E000204600F0F5FBBDE81040002103480CF0AB
:10C2F000E9B806222131EBE710BD00BF980001200C
:10C30000A800012073D70600A100012080000120B1
:10C310006CD7060010B5FFF7BFFF034630B1BDE88C
:10C3200010400221024A03480BF0B9BB10BD00BF08
:10C3300061E4060008C0060070B53D4B9AB01822B3
:10C34000002103A802930EF0E8FF44F2010309A8BC
:10C3500009930CF0E2F8099B69460493354B02A857
:10C36000059307F079FE034610B3334A01213348A1
:10C370000BF095FB1F25324BD3E8EF1F21F0010195
:10C38000C3E8E21F002AF7D12E4E09F0DBFB346828
:10C39000002C46D0002D2C4D18BF0025043C2368EE
:10C3A0000BB1284698476468002C3AD0043CF6E765
:10C3B00001AB4122009809A907F08EFD034608B1A0
:10C3C000224AD3E7224A0DF125030DF1650153F806
:10C3D000040B8B4242F8040BF9D101AB20221D491A
:10C3E000009807F053FD034608B11B4ABEE70098CA
:10C3F00007F02EFD054610B1184A0346B6E714496A
:10C4000011480CF097F8164820310CF093F8154BB2
:10C41000D3E8EF1F41F01001C3E8E21F002AAAD0C1
:10C42000F6E70023C6E9003309F0A0FB1AB070BD9F
:10C43000127100010000020987E4060038C00600FE
:10C44000F4300120FC30012044370120A5E406002F
:10C4500004370120E4360120C8E40600ECE40600BD
:10C460006437012054010120042330B5A7B03D22D8
:10C47000002116A815930EF050FF304B1822002112
:10C4800007A806930EF049FF44F201030DA80D938F
:10C490000CF043F80D9B20220893294B294909935E
:10C4A00006A804AB07F0A8FC0346E0B1264A012128
:10C4B00026480BF0F4FA6FF0040409F043FB244B18
:10C4C0001D6865B100201860224BD3E8EF1F21F0F2
:10C4D0000201C3E8E21F002AF7D144B3A84709F0DC
:10C4E00045FB27B030BD1C4B0DF15502194603F139
:10C4F000400053F8044B834242F8044BF9D105AB9A
:10C50000029320230E48CDE9001315AA4123049974
:10C5100007F0F4FD034608B1104AC8E7049807F095
:10C5200097FC04460028C8D00D4A0346BFE70DA873
:10C5300009490BF0FFFF0DA8D0E700BF1271000101
:10C5400000000209E43601200CE5060038C00600B0
:10C55000F8300120F43001200437012042E50600C4
:10C560005EE50600402208B503490EF0DEFEB0FA93
:10C5700080F0400908BD00BFC6E5060010B51D4BA0
:10C580009AB018220446002103A802930EF0C5FEBB
:10C590004FF4804309A809930BF0BFFF099B214684
:10C5A0000493154B0DF12500059304238DF82430D9
:10C5B0000BF0C0FF04F120010DF145000BF0BAFFB4
:10C5C000412201AB09A902A807F016FC044602A803
:10C5D0000DF048FF2CB9019807F03AFC01201AB081
:10C5E00010BD064823460121054A0BF058FA0020E9
:10C5F000F5E700BF124100010000020938C0060043
:10C600007BE5060010B5002834D01D4A136823B11D
:10C61000043B984231D05B68F9E71A4BD3E8AF1F6F
:10C62000890707D518480221184A0BF02FFA6FF036
:10C630000F0010BD1468011D44605068116000B9FE
:10C640005160D3E8EF2F42F00101C3E8E01F00285A
:10C65000F7D1D30701D50020EBE70D4BD3E8EF1F4F
:10C6600021F01001C3E8E21F002AF7D10948FDF7C5
:10C6700085FCF0E76FF01500DBE76FF07700D8E797
:10C68000FC300120F430012038C006009FE5060090
:10C6900054010120AC040120044BD3E8AF3F13F058
:10C6A000100F034808BF0020704700BF540101204D
:10C6B0004437012070B50546194803688B4228D0DD
:10C6C000184BD3E8AF3FDA0626D5036813B16FF0F5
:10C6D0000F0070BD144AD2E8AF3FDB07F7D4D2E8B1
:10C6E000EF3F43F00204C2E8E64F002EF7D113F00B
:10C6F0000204ECD1016029460C480BF01BFF0C48EA
:10C7000005F120010BF016FF0A48FDF737FC204623
:10C71000DFE76FF07700DCE76FF07C00D9E700BF60
:10C72000F830012054010120F430012004370120A9
:10C73000243701209C04012070B505460B4B1C6872
:10C7400044B154F81C3C1C3C13B12846297B984743
:10C75000E469F5E7064C074EB44200D370BD236888
:10C7600013B12846297B98472034F5E7443101204E
:10C77000C0BF0600E0BF060010B50446FDF7A0FAF2
:10C78000044901EB001120460BF04AFCBDE81040C3
:10C79000FEF720BB04310120002270B50446D1E928
:10C7A00001560748C1E901220EF04AFA3DB131466F
:10C7B00020462B46BDE870406FF06D02184770BDF3
:10C7C0002C07012037B5051D04464FF4806128462B
:10C7D0000BF0D7FE40053CD4D5E8AF3FD90326D5B2
:10C7E000E37823B902211C4A1C480BF0C8FE637B86
:10C7F000072B2ED11A4B93F8D8309B0629D50BF076
:10C80000ACFC30B30DF1060101A8FEF7E1FB00BB63
:10C810002046BDF80620BDF804100BF00BFD0346C2
:10C82000B8B101210F4A0D480BF0A9FE11E00C4BE5
:10C8300093F8D8301A07D3D520460BF0E0FC034616
:10C8400020B10121084A05480BF099FE637B072BB4
:10C85000C6D003B030BD00BF2EE6060020C00600E3
:10C860008000012047E606000DE6060070B505468B
:10C87000002200230E4808F0B1FCB8B90D4B1C682B
:10C8800034B154F8143C1C3C03B19847E469F7E711
:10C89000094C0A4EB44204D32846BDE8704008F063
:10C8A00035BEA36803B198472034F3E770BD00BFDD
:10C8B0001407012044310120C0BF0600E0BF06007C
:10C8C0002DE9F843044640270025DFF85080EFF3B8
:10C8D000118387F31288BFF36F8FE16929B983F35E
:10C8E0001188BFF36F8FBDE8F883206A0A68814220
:10C8F00008BF2262E26183F31188BFF36F8FD1E931
:10C9000001694046C1E901550EF09AF91EB10022B5
:10C9100049462046B047FEF75DFAD8E72C070120CC
:10C920000448B0F8043100F58470002B08BF0020E3
:10C93000704700BF8000012030B504460EF080FD36
:10C940000D460D4A0D498BB00858D2F8C8108842E0
:10C9500005D120460BB0BDE83040FFF7B1BF24340D
:10C96000214610460EF024FA1DB1694620460EF00D
:10C970002FFA0BB030BD00BF382E01200800000098
:10C9800038B5002204468A4202D10024204638BD30
:10C99000012004F1C803D3E8EF5F002D04D1C3E800
:10C9A000EC0FBCF1000FF6D102D0D0340244EAE71C
:10C9B000002CEAD0C822002120460EF0AEFC04F183
:10C9C000400004490EF025FA034904F124000EF05A
:10C9D000D3F9DBE77DD40500A5850600F7B516463B
:10C9E0000D4601210446FFF7A7FF012E23D0022E9A
:10C9F00050D123693BB130480121304A0BF046F851
:10CA000020460BF0EDFD256121690B8A012B51D9E0
:10CA1000CA681288043292B293424BD341D90121A1
:10CA200000922548264A0BF044F8204603B0BDE8A2
:10CA3000F0400BF0D5BD206940B9224A31461E486E
:10CA40000BF024F820460BF0CBFD01E02F8A2FB924
:10CA5000284603B0BDE8F040FDF7D2B90C300BF02A
:10CA6000FEF987420CD9184A314613480BF00EF8EC
:10CA700000222046216900F04FFF00232361E7E7F1
:10CA800020692A8AE9680C300BF0A3F92846FDF7E3
:10CA9000B7F9B9E7334601210C4A07480BF06FFD9F
:10CAA000D0E7002301222046236103B0BDE8F04017
:10CAB00000F032BF03B0F0BD20C0060063E6060000
:10CAC000E3E6060080E606009EE60600C5E60600F0
:10CAD00008B5C830D0E8EF3F013BC0E8E23F002A8C
:10CAE000F8D13BB9044808F03FFBBDE808400348D3
:10CAF00008F00CBD08BD00BF14070120CC040120C4
:10CB000010B504460BF075FD09F01CF80C4B04F150
:10CB1000BC01D3F824312BB90A480BF015FD09F0FC
:10CB200025F806E0994208D109F020F82046FFF7E1
:10CB3000CFFFBDE81040FEF74DB91B68EBE700BF23
:10CB400080000120A4010120F8B5467B04468E42F6
:10CB50000D4600AF1BD1082E98BF554B6C4688B0D0
:10CB600094BF53F82630534B6A465349C2E9051324
:10CB70004FF400739383514B42F8103F00234FF45E
:10CB8000E4514F48FBF766FEA546BD46F8BD41732C
:10CB90000EB90BF02EFD637B082B00F2858001A2FD
:10CBA00052F823F0F9CB05004FCC05008BCB0500E4
:10CBB0008BCB05008BCB05008BCB05008BCB050009
:10CBC000C9CB05008BCB050000213E4809F0FAFBDC
:10CBD0000023C4E90D33E378012BD6D1A3783A4A78
:10CBE000012B08BF032304F1400008BF84F89830EC
:10CBF000002308F0FBFCC8E7082EC6D8DFE806F0E3
:10CC00002005171C1C1C1720200004F14005284695
:10CC10000EF00BF901212046FFF78EFE20460BF0A7
:10CC2000DFFC00220023284608F014FDADE7237B3B
:10CC300013B12046FFF780FD2046FFF749FFA4E728
:10CC40002B46224A02211E480BF099FC9DE7237BCC
:10CC50003E2B0FD16D4688B06A461D4BC2E90534A4
:10CC6000032342F8103F00234FF4C4511448FBF74C
:10CC7000F1FDAD46174D05F58476616911B9FEF7F2
:10CC8000A9F882E7A2690B68914208BFA361204618
:10CC90006361FFF781FDB5F80431002B14BF304606
:10CCA000002008F061FAE8E72B460B4ACAE700BF0C
:10CCB000D0C70600FEE6060008E7060003000001F4
:10CCC00020C00600DC0401205A62020019E70600B9
:10CCD00030E706008000012057E70600F8B5074658
:10CCE00009480D4616460BF084FC044650B1837883
:10CCF0001F4203D1BDE8F840FFF7EABE3146A8471E
:10CD00002046F7E7F8BD00BF601D0120002201208A
:10CD10000149FFF7E3BF00BF9985060070B50546DE
:10CD20000E480E460BF065FC0446A0B1437B012B78
:10CD300002D0073B012B0CD82388AB4208D1A37843
:10CD40001E4209D12B460221054A06480BF017FC6A
:10CD50002046FFF7BDFE0024204670BD601D012067
:10CD600073E7060020C00600034BC01A034B0011F6
:10CD70005843C0B2704700BF601D0120C54EECC4CF
:10CD800070B51C46144305460E460DD00EF058FBF8
:10CD90000E49D1F8C8400E4909588C4206D10221EB
:10CDA0000C4A0D480AF072FE002213460B49002D72
:10CDB00014BF284608460AF0A6FF044618B1711DA4
:10CDC0000C300AF0F5FF204670BD00BF382E012060
:10CDD000080000008AE7060020C006004407012082
:10CDE00010B50446054808F091FB204600F0E2FC2F
:10CDF0002046BDE81040FFF79FBC00BFBC040120E7
:10CE00002DE9F04F002387B000AFFB607B61B94B89
:10CE10005A8B3AB1B84DD5F824413CB91C37BD46C0
:10CE2000BDE8F08F1B68002BF4D1F7E754F8BC394C
:10CE300003B1BC3B0026B14901E01C461346B5F8DE
:10CE40000421002A00F05381D5F810214AB904F1D9
:10CE5000BC06002BE2D0D3F8BC20002AEDD0BC3AAF
:10CE6000EBE70A68002AF2D0D4F8A820002AEED016
:10CE7000D4F8AC20002AEAD0D4F8B020002AE6D0BA
:10CE8000637B072B68D120469047002864D004F1CB
:10CE9000C003D3E8AF3F022B5EDC20460BF0A9FBBA
:10CEA00004460028BAD0637B072B40F01D81204642
:10CEB000D4F8A830B5F8041107F11002984781465C
:10CEC000002800F00481B5F804213B699A4208D398
:10CED0000146D4F8AC60204607F1140307F10C02B8
:10CEE000B047D7E9038A7B693B60B9F81030002B63
:10CEF00000F0F48048460BF0A9F87860002840F074
:10CF0000F080B5F80431DFF8F8B1002B14BF5846B3
:10CF100000200022002308F061F978B900220023E4
:10CF2000764808F0EFF8064600283BD1B5F8043102
:10CF3000002B18BF5E46304608F016F96FF00B055F
:10CF40004846FCF75DFFB8F1000F00F0AA802A46C2
:10CF500020463968C047A4E0D4F8BC3004F1BC02D4
:10CF6000C6B9D5F82811C5F824318A4201D1C5F8CF
:10CF7000283100232046C4F8BC30D4F8B03098479C
:10CF8000002890D0637B072B40F0AE802046FFF74F
:10CF9000B7FD88E73360D5F828319A4208BFC5F855
:10CFA0002861E6E73B68C0F804808360B5F804B107
:10CFB0000022DA454FF000034FF000014D4898BFC2
:10CFC0001FFA8AFBFCF79EFE804650B1FCF778FE04
:10CFD0004C4B5A4603EB0013494640460AF0FBFF10
:10CFE0008046B5F8043194F8C4909A4584BF012373
:10CFF0007B607B689CBF09F102095FFA89F984F8BC
:10D00000C43004F1C00ADAE8EF3F0133CAE8E23F76
:10D01000002AF8D104F1140B314658460BF094FA6B
:10D02000A378012B57D108F10C03042118467B602B
:10D030000AF0E0FE228809F0FD0942EA0932028086
:10D04000B8F810207B68043A4280022118460AF0A2
:10D05000D9FE4046FDF7FEFD8146002844D0DAE8BF
:10D06000EF3F013BCAE8E23F002AF8D1314658467B
:10D070000BF09BFA4B46244A012124480BF07FFA1F
:10D080004046FCF7BDFE20463146FFF785FBB5F86C
:10D0900004311B48002B08BF002008F065F86FF032
:10D0A00004056E4688B06B46194ADC61C3E9052564
:10D0B0001A46042342F8103F4FF40151134800234D
:10D0C000FBF7C8FB1321B54620460BF0A6FA204615
:10D0D000FFF7FEFCA2E66FF01509C0E76FF07905D7
:10D0E0002EE76FF004052BE7FDF774FEEFE793687A
:10D0F000FFDE00BFC8070120800001202C070120AF
:10D1000088010120043101204CDD060020C006000A
:10D11000B3E7060040F2E2432DE9F041D0F8886021
:10D120000446B6FBF3F6031DB6B2D3E8AF2F920464
:10D1300013D5B0F88C20B2420FD8B0F88E20B2428E
:10D140000BD3D0E92412914207D1D3E8EF1F21F489
:10D150000051C3E8E21F002AF7D1114B1D6865B1E9
:10D1600055F80C7C1C3D37B131462046B4F892305E
:10D17000B4F89020B847ED69F1E70A4DDFF8288050
:10D18000454501D3BDE8F0812F6937B131462046CE
:10D19000B4F89230B4F89020B8472035F0E700BFDB
:10D1A00044310120C0BF0600E0BF06002DE9F04178
:10D1B000074608460D460AF0D2FF064618B9002673
:10D1C0003046BDE8F081144B1C6884B154F8103C23
:10D1D0001C3C0BB9E469F8E7294638469847002813
:10D1E000EDD028460AF0BBFF0028F3D1E7E70B4C4F
:10D1F000DFF82C804445E3D2E3680BB92034F9E72B
:10D200002946384698470028D9D028460AF0A7FF73
:10D210000028F3D1D3E700BF44310120C0BF06008E
:10D22000E0BF06002DE9F041C37804468BB900F158
:10D230007E06114B1D687DB11C3D04F170076B69C2
:10D240001BB13A46314620469847ED6925B11C3D51
:10D25000F5E700F17706ECE7084D094F04F1700897
:10D26000BD4201D3BDE8F0816B691BB14246314636
:10D27000204698472035F3E744310120C0BF06001F
:10D28000E0BF0600F8B5437A0546837216460BF0F8
:10D2900008FB0D4B1C684CB154F8043C1C3C1BB102
:10D2A00032462846697A9847E469F4E7074C084F04
:10D2B000BC4200D3F8BDA3691BB132462846697A47
:10D2C00098472034F4E700BF44310120C0BF060076
:10D2D000E0BF060038B505460C460F480121FFF7B0
:10D2E0004FFBC0B1057223680367A388A0F87430B0
:10D2F000A37980F876300123437283728370074BE1
:10D30000C0F8A830064BC0F8AC30064BC0F8B030BF
:10D31000054BC0F88C3038BD601D0120A9D6050032
:10D32000698506005D8506001800280070B5054671
:10D330000A480E460BF05DF9044620B18378012BB4
:10D3400004D0FFF7C5FB0024204670BD32462946B5
:10D350000BF0D1F90028F7D12046F2E7601D01203B
:10D36000B0B500AF0D46FFF7E1FF044610B3284605
:10D37000FCF7A2FD637B6D46082B98BF0E4A8AB06E
:10D3800094BF52F823300D4B6A46C2E907030C4B99
:10D390000C4953620C4BC2E9051442F8103F0023BC
:10D3A0004FF442510948FBF755FA2046AD46FFF7C6
:10D3B0008FFB0120BD46B0BDD0C70600FEE60600CB
:10D3C00001030204D6E706000500000220C00600A3
:10D3D000F8B505460E480E4617460BF00AF9044606
:10D3E00020B18378012B03D0FFF772FB00240DE0FE
:10D3F00036B1324629460BF07EF908B92046F3E7EC
:10D40000637BBB42FAD1237AAB42F7D12046F8BD09
:10D41000601D012038B5044608460D460AF09FFEFF
:10D4200038B3154B93F8D830990707D4E37873B124
:10D4300029462046BDE8384000F09ABA94F8993061
:10D440009A07F3D5231DD3E8AF3F5B04EED42946FA
:10D4500020460BF076F958B92B88A4F88C306B88ED
:10D46000A4F88E30AB88A4F89430EB88A4F89630FA
:10D4700038BD6FF01500FBE780000120F7B510F80C
:10D48000333C0446A0F140060BBB30460BF0ACF930
:10D49000314B1D684DB155F8183C1C3D1BB1304651
:10D4A00014F8341C9847ED69F4E72C4D2C4FBD421D
:10D4B00005D3304603B0BDE8F040FFF709BB6B6809
:10D4C0001BB1304614F8341C98472035EFE710F8AC
:10D4D0003E3C012B3ED1A0F13C05D5E8EF3F23F4C3
:10D4E0000052C5E8E12F0029F7D199041FD5E36C5C
:10D4F00069460093636D30460193FFF78BFF034647
:10D5000078B9D5E8EF3F23F48053C5E8E23F002A1D
:10D51000F7D14FF40061284603B0BDE8F0400BF0AE
:10D5200030B8104A022110480BF029F8F1E74FF407
:10D5300028130E4A69463046CDE90023FFF76AFFFB
:10D54000034628B94FF4805128460BF01AF8E0E75B
:10D55000074AE7E703B0F0BD44310120C0BF060031
:10D56000E0BF06000FE8060020C0060018002800F3
:10D5700034E8060070B50C480DF056FB00240B4D46
:10D58000094E2946304601340DF05AFB042C05F1B2
:10D590000C05F6D10BF089FD03F084FD044608B9B3
:10D5A0000BF0E7F9204670BD2C0701201431012053
:10D5B00008B503460121034A03480AF070FA002027
:10D5C00008BD00BFDAE8060060C0060080B500AF05
:10D5D00088B06A46074BC2E90530032342F8103F82
:10D5E00000234FF4C2510448FBF734F96FF00B00ED
:10D5F000BD4680BD02E9060060C00600044B1A6803
:10D600000AB1FFF7E3BF0348586010460B6070474C
:10D61000583101201CC8060070B5044652EA0300C8
:10D620000AD00DF00DFF074D074ED5F8C850305801
:10D63000854204BF002213462046BDE870400431F5
:10D64000FFF79EBB382E01200800000073B5054689
:10D6500018462B680BB35B7B072B1ED1002A14BF27
:10D66000022301230E7A9E4209DD01210C4A0D4856
:10D6700000960AF01EFA6FF0150002B070BDCB7A6A
:10D68000072BF8D9C8618A6105F130000DF0D8FA8E
:10D6900028460BF080F80020EFE76FF07F00ECE702
:10D6A00029E9060060C006002DE9F0470E469146C4
:10D6B000D0F8B44000AF4CB1483C236B6BB104F1DF
:10D6C000300A50460DF0D1FA054660B9FDF782FBED
:10D6D00000252846BD46BDE8F0872068B4300BF031
:10D6E00079F8A46CE7E70AF0B1FC80B16C4688B029
:10D6F0006A462D4BC2E90535032342F8103F00234B
:10D700004FF4C2512948FBF7A5F8A546E0E72846A3
:10D710000AF028FBE36C0546B3B9A38CB0F810807F
:10D72000403B9BB23F2B03D8238D984528BF98469A
:10D73000042105F10C000AF05DFBA0F80080A38C29
:10D74000438008F10403E364E36C2A8AB3420FD8F0
:10D75000934216D0A38C403B9BB23F2B21D920682B
:10D76000B4300BF037F8236B13B120460BF013F8ED
:10D77000E36C9E422CBF00269E1BC9F80030E66475
:10D78000A7E700220023504607F0BCFCFCF738FB5B
:10D79000A38CA3F140023F2AE1D8054AAA61EB61BC
:10D7A000DDE700221346F9E749E9060060C00600FC
:10D7B00025890600F7B504460026234D234FBD42B8
:10D7C00001D303B0F0BD298820460BF0A2F86B68A6
:10D7D000019001A920469847002830DB019B2A8848
:10D7E0009A829A8403F11002D2E8EF1FC2E8E06F38
:10D7F0000028F9D19E64DE649E60A16B03F10802EB
:10D80000F9B9C4E90D221C60DE6003F130000DF0AF
:10D810000BFA019843681B6803B19847019B1033CA
:10D82000D3E8EF1F41F00101C3E8E21F002AF7D15E
:10D8300001984368DB6913B100F11001984708357E
:10D84000BDE70A60A263DEE7A8BF0600C0BF06000E
:10D8500073B50D460646042105F10C000AF0E3FA03
:10D860002B8A428804469A4207D000921C4A012122
:10D870001C480AF01EF902B070BD43783BB9012183
:10D88000194A184802B0BDE870400AF0FFB80378A2
:10D89000012BF0D0132B06D1022AECD002230093E7
:10D8A0001346124AE3E70221114A0E480AF0F7F83C
:10D8B00061780222012035680BF010F80446002838
:10D8C000D9D002210C300AF07EFA002321460370E1
:10D8D0004370284602B0BDE870400BF030B800BF7E
:10D8E00061E9060060C0060082E90600A3E90600BF
:10D8F000CEE9060008B50B8A032B06D80121044A9D
:10D9000004480AF0C3F8002008BDFFF7A1FFFAE7BA
:10D91000F6E9060060C0060038B50B8A0546032B01
:10D920000C4609D801210F4A0F480AF0AFF82046EB
:10D93000BDE83840FCF764BA042104F10C000AF099
:10D9400072FA418828460BF00BF830B9074A0B46AB
:10D95000054802210AF0A3F8E9E7436821465B691C
:10D960009847E4E714EA060060C0060031EA0600C2
:10D9700070B5124B0C46197805460131C9B2012920
:10D9800038BF01210822122019700AF0A7FF0646AD
:10D9900088B108210C300AF016FA2288314602803C
:10D9A00062884280A2888280E288C2802846BDE8E0
:10D9B00070400AF0C4BF6FF00B0070BD84370120C7
:10D9C00023281FD81A2804D8431E182B0ED9062046
:10D9D0007047A0F11B03082B1ED8DFE803F0051DDC
:10D9E0001B231D19251D05000320704701230F4A25
:10D9F00083401A40C2B90E4A1A40002A14BF0120BF
:10DA00000620704700F07F03522B05D1002070479D
:10DA1000012070470520704710F0400F0CBF062012
:10DA2000002070470420704702207047AAAA8A028B
:10DA3000545545012DE9F84F074608460C46FCF7BA
:10DA40003FF918234343DFF8B880064608EB03028A
:10DA5000D2F808A0E16807F15400D0E8AF0FC00782
:10DA600009D40121274A28480AF0A6FF6FF01505BE
:10DA70002846BDE8F88FE06800781071002248F869
:10DA800003200B78D22B0FD13B68214618680BF08E
:10DA9000AEFF054640B101211C4A1B480AF08CFF2D
:10DAA0002046FCF7ADF9E3E704F10C000AF0D3F9E6
:10DAB000182303FB0683B4F810B09F60002381464F
:10DAC0001A462146381DFFF7C1FD05460028CFD074
:10DAD00010F1690F04D101210D4A0B480AF06CFFC7
:10DAE0006369A4F810B013FA89F3E36018235E4366
:10DAF00008EB0603C3F808A048F80650B8E700BFD3
:10DB0000B03101206DEA060010C0060087EA060069
:10DB10009AEA060008B5EFF31181402383F31288D7
:10DB2000BFF36F8F002303600F4B5A68C2B9C3E97C
:10DB3000000081F31188BFF36F8F0C4807F0E6FCFB
:10DB4000031E0CDA01210A4A0A4809F0A8FF002343
:10DB500083F31188BFF36F8F0323184602DF08BDDC
:10DB600010605860E5E700BFA831012014050120CE
:10DB7000BDEA060010C00600011F01480CF051BFAD
:10DB8000500601200121024A02480AF015BF00BFD9
:10DB9000E6EA060010C0060010B5044600F1500386
:10DBA000D3E8EF1F41F00101C3E8E21F002AF7D1DB
:10DBB000201F0AF0E0FF04F1740004490DF029F978
:10DBC0002068BDE8104001F091BF00BFB9EC05002E
:10DBD00070B503788AB004460E4607AD032B20D8F3
:10DBE000DFE803F002191B1D11492846F8F7F2FD82
:10DBF000059563781E210493A37830460393E37858
:10DC00000C4A02932379019363790093A37908F076
:10DC1000C5FD0AB070BD0849E7E70849E5E70849CE
:10DC2000E3E70A212846074A08F0B8FDE0E700BF0D
:10DC300086D70600A8D706008DD7060094D7060021
:10DC40009ED7060047F506002DE9FF414FF000087A
:10DC50004FF4205305460E46006802A91446176883
:10DC60008DF80880ADF80A300AF032F9A0B142F61A
:10DC70000103286803A98DF80C80ADF80E300AF076
:10DC800027F948B123691BB15A88B24200D25E809D
:10DC9000012004B0BDE8F081616828680AF018F935
:10DCA00010B100232361F3E7E368A0681A786AB132
:10DCB000B7F81AC0798D038A8C4594BFC3EB0C0367
:10DCC000C3EB0103934201DA0020E2E704210C30A8
:10DCD0000AF079F820610680236929465E80074BA7
:10DCE0000194009338460023A2680AF0A0FF0028A0
:10DCF000EADB2069003818BF0120CAE7DD8B060087
:10DD000073B50E46438D418B01328B4228BF0B46C3
:10DD10009A42054609D9022100921C481C4A09F082
:10DD2000C8FE0024204602B070BD3046FFF748FE12
:10DD3000022812D0042810D00DF082FB154B195880
:10DD4000154BD3F8C83099421ED0144B1B685A1A91
:10DD500018BF4FF0FF32134601E00023104A0021A4
:10DD60001048FFF759FC04460028DBD0FBF7A8FF5A
:10DD700018220D4B012102FB003304F10C009D60C1
:10DD80000AF021F80670CDE70022E4E710C0060093
:10DD900003EB060008000000382E0120103201209D
:10DDA0001C4E0E0070070120B0310120F0B51D4659
:10DDB00003680E460039044618BF012187B0186871
:10DDC00017460BF056FC40B904F154000AF0EFFF7F
:10DDD000002846D0002007B0F0BD002D43D0182207
:10DDE000002168460DF099FA6FB1002239462046AD
:10DDF000FFF786FF019030B91C4801211C4A0AF048
:10DE0000DBFD1120E7E7236829461B6828460093BD
:10DE10000023ADF812300C9B164A0393BDF8343042
:10DE20008DF80860ADF8103001238DF814306B4682
:10DE30000AF02CFE9DF8143063B1002FCAD001986F
:10DE4000FBF7DEFF2A46314620469DF814300AF0E3
:10DE5000B9FFBFE701990029BCD020460AF021FE96
:10DE6000B8E71220B7E70120B5E700BF10C00600F1
:10DE700028EB06001B8A06002DE9F34717680546C4
:10DE80008946006851681446D7F804A00AF020F8C3
:10DE9000804600284BD19522294650460BF077FB4F
:10DEA0000646207540B1E3681B780BB184F81480F6
:10DEB000002002B0BDE8F087294650460BF016FC62
:10DEC00010B908232375F3E7A068267509F04EFF03
:10DED00002210C3009F077FF164B2061A0F800906A
:10DEE00000930194334629463846A2680AF09FFE03
:10DEF000002807DA10F1FF0F32BF0E204042C0B2F7
:10DF00002075D5E72369002BD2D0A0680AF03CFD2C
:10DF10007B8D7A8B9A4294BFC0EB0200C0EB03006A
:10DF2000E3681B78984294BF00200120C1E70120DC
:10DF3000BFE700BF99890600F7B50B8A04460D4676
:10DF400007683BB90121284A28480AF035FD00201E
:10DF500003B0F0BD012105F10C0009F064FF7B7BEB
:10DF60000646072BF3D154F8043C002BEFD00022D7
:10DF700003781F48043C10F8327000EBC2019F4246
:10DF80000FD12A8A48788F78904220D901210093B6
:10DF900016481346174A09F08CFD012FD7D10423E8
:10DFA0001EE001320C2AE6D102211048124A09F083
:10DFB00076FD31780846FFF703FD0028C7D0052815
:10DFC000C5D00623002220460AF0FCFEBFE74B68BE
:10DFD000204629469847012F0346B8D10028B6D0DD
:10DFE00000223178EFE700BF41EB060010C00600C9
:10DFF00044C8060076EB06005CEB06002DE9F04F06
:10E0000042F60103002591B0166880460F4600686D
:10E010000BA9D6F8049014468DF82C50ADF82E308C
:10E0200009F056FF002870D04FF42053D8F80000B4
:10E030000BA98DF82C50ADF82E3009F049FF38B1FE
:10E04000A3681BB15A88BA4200D25F8001200EE05B
:10E05000616808460AF098FC728D738B9A4294BFEF
:10E06000C0EB0200C0EB0300032803D8002011B06E
:10E07000BDE8F08F084609F079FE054660680AF0B1
:10E0800083FC728B738D05F10C0B9A4294BFC0EB2D
:10E09000020AC0EB030A584609F0E1FE824537D276
:10E0A00060680AF071FC728D738B9A4294BFC0EB6A
:10E0B0000200C0EB030070B96368987AFBF7F8FDC3
:10E0C0000022002309F01FFE05460028CED001469D
:10E0D000606809F05CFE00230093D8F80460102308
:10E0E0004146484602AAB047061E0EDB227CE06885
:10E0F000B2422BD001460BA809F018FF60B9237C6F
:10E10000144A0221144809F0CAFC0023A3609DE7C9
:10E11000584609F0A4FECEE7F2B202A906A809F01B
:10E1200005FF10B90D4A3346EBE706A90BA809F025
:10E13000CFFE0028E9D100230421637405F10C000F
:10E1400009F041FEA0600780A3687EE702A90DF0F8
:10E15000ECF8EEE795EB060010C00600B4EB060005
:10E16000F8B5124A0746002311480D4609F0CBFDC9
:10E17000044638B901212B460E4A0F4809F08FFC9E
:10E180002046F8BD00F10C060921304609F010FECA
:10E190002046FBF795FD1822084B012102FB0033B6
:10E1A00030469F6009F00FFE0570E9E71C4E0E0037
:10E1B00070070120DAE8060010C00600B031012027
:10E1C0002DE9F0410E8A0446043EF6B2022E0846BE
:10E1D0008CB001D0102E64D104210C3009F023FE44
:10E1E0000DF1080805884788011D3246404609F0B0
:10E1F0009DFE002857D09DB3002687B3AF422FD392
:10E200004FF42053404601A98DF80460ADF8063064
:10E2100009F05EFE40BB1422002107A80DF07DF836
:10E2200011212046FFF79CFF0990002837D00121DB
:10E230000C30CDE9074809F0C6FD00230A903946A5
:10E2400003701A4A0B93284607AB0AF01FFC0A9B7F
:10E250001B78FBB90998FBF7D3FD0A2301E03D4683
:10E2600001232A4610210EE042F60103404607A989
:10E270008DF81C60ADF81E3009F02AFE0028CAD0C7
:10E2800010232A46194620460AF09CFD00200CB0B7
:10E29000BDE8F081204609990AF003FCF6E7112059
:10E2A000F5E70420F3E70E20F1E700BF49DC0500A5
:10E2B0002DE9F043036804460D4685B00121186836
:10E2C0000BF0D7F940B904F154000AF070FDB0BB6F
:10E2D000122005B0BDE8F0831022002168460DF041
:10E2E0001CF821212046FFF73BFF029048B34FF076
:10E2F0000108DFF85490009405F10C072B8A012BDC
:10E3000004D8204602990AF0CCFB18E0384609F000
:10E310009AFD6B464A46014606468DF80C800AF087
:10E32000B5FB9DF80C30002BE8D00298FBF768FD98
:10E330003246202120469DF80C300AF043FD002093
:10E34000C7E71120C5E700BFB38E06002DE9F043F3
:10E35000036804460D4685B0012118680BF089F961
:10E3600040B904F154000AF022FDB0BB122005B000
:10E37000BDE8F0831022002168460CF0CEFF0F218B
:10E380002046FFF7EDFE029048B34FF00108DFF89A
:10E390005490009405F10C072B8A012B04D82046D9
:10E3A00002990AF07EFB18E0384609F04CFD6B46F6
:10E3B0004A46014606468DF80C800AF067FB9DF838
:10E3C0000C30002BE8D00298FBF71AFD32460E21E4
:10E3D00020469DF80C300AF0F5FC0020C7E711201C
:10E3E000C5E700BF538E0600F0B51D46036804461E
:10E3F0000E4685B00121186817460BF03AF938B976
:10E4000004F154000AF0D3FC48BB122005B0F0BD63
:10E4100065B31022002168460CF07FFF3946204684
:10E42000FFF79EFE029018B3BDF828302946ADF8DC
:10E430000430012328468DF80C300E4A6B460094B8
:10E440000AF024FB9DF80C305BB10298FBF7D8FC76
:10E450002A46314620469DF80C300AF0B3FC0020D5
:10E46000D4E7204602990AF01CFBF8E70120CDE72B
:10E470001120CBE7538E06002DE9F0410E8A0446A9
:10E48000043EF6B2022E08468CB001D0102E76D192
:10E4900004210C3009F0C7FC0DF1040805884788F9
:10E4A000011D3246404609F041FD002869D085B380
:10E4B00077B3BD422DD8012160680BF0DAF806462B
:10E4C00078BB42F602038DF8000069464046ADF87D
:10E4D000023009F0FDFC20B342F60303404606A9D2
:10E4E0008DF81860ADF81A3009F0F2FCC8B1012DB2
:10E4F00003D14FF6FF739F4213D004F154000AF08A
:10E5000056FC002814BF002012200CB0BDE8F0819A
:10E510003D4601232A46082120460AF053FC0020EC
:10E52000F3E7182200210DEB02000CF0F6FE0921A2
:10E530002046FFF715FE0890F8B101210C30CDE917
:10E54000064809F040FC0023099003700A2339466D
:10E550008DF82C30284606AB0B4A0AF097FA9DF846
:10E560002C302BB10898FBF74BFC9DF82C30D1E7F1
:10E57000204608990AF095FAD1E71120C5E7042052
:10E58000C3E70E20C1E700BF79DE05002DE9F043A7
:10E590000F460446062187B007F10C0009F043FC42
:10E5A0000588B0F802808288D7F80C90C5B10023A6
:10E5B000B8F1000F13D0454512D88DF800308DF812
:10E5C00004304FF42053684601A9ADF80220ADF89D
:10E5D000063009F07DFC064660B10A2301E045469D
:10E5E00001232A46062120460AF0ECFB002007B052
:10E5F000BDE8F0830146142201A83F7C0CF08DFE9B
:10E6000007212046FFF7ACFD0290D8B10A2341460E
:10E610008DF81530284601AB0B4ACDE9036901940A
:10E620008DF814700AF032FA9DF815302BB102986B
:10E63000FBF7E6FB9DF81530D3E7204602990AF078
:10E6400030FAD3E71120D2E7FDDF05007FB5CB68B4
:10E6500004461D885E8885B176B1B5420DD810227A
:10E66000002168460CF059FE05212046FFF778FD91
:10E67000019058B9112007E0354601232A460421AC
:10E6800020460AF09FFB002004B070BD6B46314667
:10E690002846084A00940AF0F9F9029B23B9019828
:10E6A000FBF7AEFB0A23E9E7204601990AF0F9F9E6
:10E6B000E9E700BFBF8A06002DE9F04182B000AF54
:10E6C000044688460022002339463B4806F050FBAA
:10E6D0000546B0B16D4688B06A46384BC2E905348C
:10E6E000032342F8103F00234FF4C2513448FAF795
:10E6F000B1F8AD466FF00B0630460837BD46BDE8B1
:10E70000F0810CF09DFE2F4B3E681A582E4B294687
:10E710001A60301D28220CF000FE34603C68002294
:10E720000023C4E90155C4E909552848391D7D6015
:10E7300006F01EFB064688B123686C4688B06A4620
:10E740002349C2E90513032342F8103F4FF4C45193
:10E750002B461B48FAF77EF8A546CBE77B680146B7
:10E76000B02218460CF0D9FD1A4A82605C300CF0D9
:10E770005BFA7B685433D3E8EF2FC3E8E16F0029DD
:10E78000F9D17B681C60636A7D681BB904F10C00D9
:10E790000CF04AFA626A05F1A803C5F8A820A26A3B
:10E7A000636202B9A36217227B685A855A830433D5
:10E7B000C8F80030A0E700BF34060120D3EB060004
:10E7C00010C0060008000000103201205006012091
:10E7D000F8EB0600EC04012008B5437B072B06D0BC
:10E7E00002210C4A0C480AF0E7F8002008BD042179
:10E7F0000AF0B6F810B9094A0121F3E700F1500315
:10E80000D3E8AF3FDB0701D4054AF5E750F8040C25
:10E81000ECE700BF1DEC060010C006002BEC060064
:10E820006DEA06002DE9F04F85B000AFB860EFF358
:10E830001188402383F31288BFF36F8F574C204613
:10E840000AF098F82668054688F31188BFF36F8FA1
:10E8500000285ED0FBF734FA182202FB00F350497F
:10E86000C81851F803A003690021D0E90248FB60F1
:10E8700090F80490B0F806B00CF04FFDA87AFBF7C2
:10E8800017FA6969034659B16A7AD00706D45A6AF9
:10E89000284612687B60926890477B6800226A6114
:10E8A000294618460CF0D7F9B9F1000F0DD064B124
:10E8B000236853B11B6843B1BAF1000F2DD0012179
:10E8C0005346384A384809F0EAF816B30020B968C8
:10E8D0000CF06EFA00281CDA6C468AB06A46334B9C
:10E8E0005361334BC2E906304FF400731384314B4C
:10E8F00042F8103F00234FF411512B48F9F7AAFFBB
:10E900000023A54683F31188BFF36F8F03231846B6
:10E9100002DF1437BD46BDE8F08F201D0AF048FB2A
:10E920004846FFF74DF80528CFD801A353F820F04B
:10E9300075E9050049E90500CBE8050075E9050022
:10E94000CBE8050049E9050004F15403D3E8AF3FE3
:10E95000DA0705D40121184A13480AF02DF8B4E764
:10E96000A36D002BB1D00023144A04F1780006F007
:10E9700071FEAAE754F8543B1D68D4E8AF3FDB07AB
:10E98000E8D5B8F1000FA0D0002403E02846F968CC
:10E99000C0470134A3B25B45F8D396E7A831012004
:10E9A000B031012046EC060010C0060065EC060000
:10E9B0001CED0600040000016DEA06001C4E0E006E
:10E9C000F8B50F461646FFF707FFB0B1446A204678
:10E9D0001CB150F8A84904B1A83C731C194638B1C1
:10E9E000428D458BAA4228BF2A469A4207D264B973
:10E9F00002210A4A0A4809F052F80020F8BD3246BE
:10EA00003946BDE8F840FFF77BB9D4F8A85005B106
:10EA1000A83D20460B462C46E2E700BF80EC0600EE
:10EA200010C0060007B50B46002102460CF008FD99
:10EA300001910F4909580F480068884204D00E48D8
:10EA4000D0F8C800884201D10022134601A90B4822
:10EA500006F08EF9014648B9019B1C2218460CF0BD
:10EA60005CFC0346184603B05DF804FB0023F9E79D
:10EA70000800000010320120382E01206C06012011
:10EA800010B50446806818B1FBF7BAF90023A360FB
:10EA90002146BDE8104001480BF0C3BF6C060120C1
:10EAA0002DE9F347044678300E4617461D460CF014
:10EAB000BCF9A06D58B918480221184A09F07CFF2A
:10EAC000204600F0D9F8002002B0BDE8F087144BD2
:10EAD0004FF00008984205D12068C4F858800AF029
:10EAE00098FAF0E7D0F80490C0F80480A06DD0F850
:10EAF00018A0FFF7C5FF2068C4F858800AF089FA0B
:10EB0000B9F1000FDFD02068CDF800A03B463246B7
:10EB100029460068C847D6E710C006009BEC0600EF
:10EB20001432012070B5054650F8043C044655F8EF
:10EB30000469002B3AD039B1436D002B36D01B7CD1
:10EB4000DA0733D505231BE0304601F015F8737A58
:10EB5000012B2BD0646D4CB3237CDB0726D5E368F7
:10EB6000002BEFD028466269617CFFF7C9F80646A2
:10EB700068B9637C01210E4A0E4808F090FF0E230D
:10EB800000222846BDE870401146FFF789BFE368C0
:10EB9000D4E90512984718B13046FBF731F9EEE792
:10EBA00031462846FEF746FF0028F5D170BD00BF6C
:10EBB000B2EC060010C00600F7B550F8044C05464C
:10EBC000002C55D000F1A40104F124000AF0D6F87D
:10EBD0002E1F05F1580700220023384606F092FA4E
:10EBE000024658BB6B6D2BB101466FF06703304690
:10EBF000FFF756FF002345F8043C05F15003D3E826
:10EC0000EF1F21F00101C3E8E21F002AF7D1636A78
:10EC100073BB04F10C0600220023304606F072FAA2
:10EC200078B9666886B92146124826600BF0F9FE6D
:10EC3000286803B0BDE8F04000F0B2BFFBF7E0F891
:10EC4000C9E7FBF7DDF8E6E7A26833689642636040
:10EC500008BFA36077683FB1B3696FF067010093A5
:10EC6000002320681A46B8473046FFF709FFD8E767
:10EC700003B0F0BD3406012030B50546044655F812
:10EC8000043B89B0186809F056FD6946FEF7A0FFFD
:10EC90002846FFF791FF1321606809F0BEFC034688
:10ECA00020B10121024A034808F0F9FE09B030BD45
:10ECB000D2EC060010C00600B0B588B0044654F887
:10ECC000783D00AF186809F036FD3946FEF780FF41
:10ECD0006D4688B06A460B4BC2E905374FF40073A6
:10ECE0009383094B42F8103F00234FF4E251074849
:10ECF000F9F7B0FD2046AD46FFF7BEFF2037BD4611
:10ED0000B0BD00BFF0EC06000300000110C006001B
:10ED1000F8B51D460F461646FAF7D2FF1823044CE5
:10ED200003FB00400123C0E90376C3800575F8BDED
:10ED3000B031012008B505F01BF938B101210346B7
:10ED4000034A044808F0ABFE6FF0040008BD00BFA2
:10ED50003FED060040C0060070B50646134D40B1B9
:10ED60002A4615F8011C6C1E09F0C5FC98B1204616
:10ED70000CE028460E490AF0A4FA40B90C4905F106
:10ED800010000AF09EFA20B105F10F0070BD681E58
:10ED9000FCE70020FAE73046217C04F1110209F07B
:10EDA000AAFC0028F5D004F11000EFE74932012059
:10EDB00073D7060070B50D4C054623780E46834286
:10EDC00003D1601C0AF07DFA60B9237BAB420BD102
:10EDD000314607480AF075FA18B101200C2303FBED
:10EDE000004070BD0020F9E70020FAE72636012038
:10EDF0003336012038B54A1C0C46054668B9104622
:10EE00000D490AF05EFA30B90B4904F10B000AF023
:10EE100058FA70B10A3420460CE0097809F06BFC0E
:10EE20000028F8D12846A17A04F10B0209F063FC0E
:10EE3000EFE7002038BD00BF73D706001FB51946A5
:10EE40004FF428131046064ACDE902230823BDF8E3
:10EE5000182000936B440AF072FA05B05DF804FBC9
:10EE600018002800024608B5074901300AF03CFAAC
:10EE700000230C3202F8043CD2E8EF1FC2E8E03F66
:10EE80000028F9D108BD00BF73D706002DE9F04175
:10EE900080460F4616461D46FFF78CFF044680B994
:10EEA0000F49FFF787FF044630B9BDE8F041012163
:10EEB0000C4A0D4808F0EABD394600F8018B0AF00B
:10EEC00013FA228963891AB92BB92681658104E076
:10EED000964238BF26819D42F8D8BDE8F08100BF38
:10EEE00073D7060055ED060040C006002DE9F04737
:10EEF000284B1646826807469A422BD1C568AB8AD2
:10EF000043B34FF000086C1C05F11509B4F8073045
:10EF10009BB12246304614F8011C09F0ECFBE0B925
:10EF2000214614F8010CFEF701FA30B1437B072BA0
:10EF300008BF4FF00108FDF7CBFD0A344C45E5D181
:10EF4000B8F1000F06D1AB69A5F8148013B14146A2
:10EF5000384698470120BDE8F08706F1700A51460F
:10EF6000307A09F01FF978B90B4B9D4202D1304637
:10EF70000AF072FA204609490AF0B6F9002304F8AB
:10EF8000013CA4F80730D8E7514620460AF0ACF916
:10EF9000D3E700BFA1EF05003C05012073D70600B1
:10EFA0002DE9F8431E46BDF8203081460F46D1F8C2
:10EFB0000C80002B45D1731E012B45D8012E4146F4
:10EFC000157818BF1588FFF715FF0446C0B915B9A5
:10EFD0003046BDE8F8834146FFF70CFF044638B9D8
:10EFE0001B4802211B4A08F051FD6FF01000F0E7AA
:10EFF00009F1700101300AF077F999F808302370AF
:10F00000D8F81C308BB92581B8F81430AB4203D046
:10F01000414638460AF06FF9002DD9D10E49601CDF
:10F020000AF062F925702581D2E72A46394648461A
:10F0300098470028CDDB01380128E4D96FF00D0096
:10F04000C7E76FF00600C4E76FF00C00C1E700BF30
:10F0500040C0060074ED060073D706002DE9F041AC
:10F060001F46BDF818300646012B904634D83B4465
:10F07000012B3D4633DCFFF76FFE044668B9FFF70E
:10F080006BFE044648B90221184A194808F0FEFCF4
:10F090006FF010052846BDE8F08197B10023217A72
:10F0A00098F8002021FA03F0C70703D522FA03F0ED
:10F0B000C00717D50133032BF4D102F00702114327
:10F0C0002172601C06F170010AF00EF9337A2046B5
:10F0D00023700AF0ECF9DDE76FF00605DAE76FF070
:10F0E0000C05D7E76FF01205D4E700BF8EED0600E0
:10F0F00040C0060010B504461048D0E8EF3F23F0AA
:10F100000203C0E8E23F002AF7D1D0E8AF3FDA07B8
:10F1100004D500220023303806F09CFA20460AF07D
:10F120003EF850B12046FFF717FE30B1037ADB07F7
:10F1300003D5BDE810400AF0BAB910BDE81E0120A1
:10F14000012110B514480AF0C4F8C30723D40221E2
:10F1500011480AF0BEF8084007D11049104A0B8840
:10F16000104CA24211D300B10B800F490F480BF095
:10F1700050FE40F2391200230C48FAF7F9FEBDE8C0
:10F1800010400B490B480BF044BE50680832034452
:10F190009BB20120E5E710BD683201203E36012018
:10F1A000E0BF0600F8BF0600FDF30500401E012089
:10F1B00051F70500B81E012003462DE9F04148B182
:10F1C000008A38B901244FF0140C1149DFF844E0EB
:10F1D000714501D3BDE8F081D1E90076BB4204D38B
:10F1E0000CFB0672143A93420ED93444A2B2144670
:10F1F0000831EDE70CFB0578434507D0013562196E
:10F20000B54292B2F6D1F2E70025F8E71046E1E701
:10F21000E0BF0600F8BF06002DE9F74F99464FF60C
:10F22000FF73BDF830500746002D08BF1D46244B24
:10F2300090461B88009183423CD203B0BDE8F08F1A
:10F2400073682344BB4232D29CB208361D4B9E42A7
:10F25000F6D3F2E740468958019308F039FE019B46
:10F2600090B101340AF1010AA4B273685345ECD994
:10F27000009B9C42E1D8BC423168F2D30BFB0AF2FE
:10F280008B18B8F1000FE5D1B9F1000F0BD1013D9A
:10F290001846ADB221460E9A0D9B9847002DCCD052
:10F2A0000028DED1C9E7DA689145DAD1EFE74FF0FF
:10F2B000000ADAE701244FF0140B034EC6E700BF43
:10F2C0003E360120F8BF0600E0BF0600002110B561
:10F2D0008EB0182208A8CDE90311CDE905110CF074
:10F2E0001CF84FF41053ADF81C308023ADF81E30DD
:10F2F0004FF48063204C1022CDE9093403A901ABFF
:10F3000007A804F079FD034630B11C4A01211C48CE
:10F3100008F0C5FB0EB010BD00902246684601996A
:10F3200004F000FE034608B1164AEFE76B464FF6BD
:10F33000FF710120144A0AF01DF910226846134992
:10F3400007AB04F037FE0446019804F081FD14B1C8
:10F350000F4A2346DAE721460C4B03F110021878D6
:10F3600012F8014D0131082903F8014B1070F6D154
:10F37000084809F0AEFFCDE70002C003BAED060071
:10F3800040C00600E3ED06001F920600301E01207B
:10F3900001EE0600E81E01202DE9F0411449064661
:10F3A000A1F1300014461D46BDF818700BF050FD59
:10F3B000104BD3E8AF3F190701D4FFF787FF304662
:10F3C000FFF7CAFC50B1037ADA0707D50C30D0E852
:10F3D000AF3FDB0702D4022109F07BFF10233A463E
:10F3E000069329462046BDE8F041034B09F0A7BF2C
:10F3F000701E0120E81E0120301E0120034BD3E8BF
:10F40000AF3F1B0701D4FFF761BF7047E81E012023
:10F41000002307B50193FFF7CFFE411C89B20846D0
:10F42000034A01AB0AF0A6F8019803B05DF804FBAB
:10F43000E39106002DE9F04387B0437B8046072B1C
:10F440000C46164602AF40F0A58000233B7342F6FF
:10F4500003032068FB8107F10C0108F039FD054624
:10F46000002834D1D4F80490B9F1000F05D101215E
:10F470004B4A4C4808F00AFB8CE0012321460090DF
:10F4800007F10802C847031E11DA6E4688B002AAC7
:10F49000D36104234449C2E9051442F8103F4FF4F4
:10F4A00001512B463F48F9F7D5F9B54672E0012BDB
:10F4B00005D001213D4A3B4808F0F1FA6AE03B7A69
:10F4C00013F0300F66D02046FFF7A2FF044600235A
:10F4D00020683B7342F6021307F10C01FB8108F030
:10F4E000F7FC18B12046FFF793FF0446002542F6CB
:10F4F0000219206839463D70A7F8029008F0E8FC30
:10F5000010BB002320683B7342F6021307F10C0185
:10F51000FB8108F0DDFC054600283BD1D4F80490BF
:10F52000B9F1000FA3D0022300902146404607F115
:10F530000C02C847031EA8DB022BBAD1BB891E42AE
:10F5400014BF0120002026E042F603032068391D85
:10F550003D71FB8008F0BCFC0028D2D04FF4205352
:10F56000206807F108013D727B8108F0B1FC00289A
:10F57000C7D042F60103206807F10C013D73FB81FF
:10F5800008F0A6FC0028BCD02046FFF741FF044647
:10F590000028AED100201437BD46BDE8F08300BF7F
:10F5A00017EE060040C006002BEE060051EE0600E6
:10F5B0002DE9F8431546894694226968064609F004
:10F5C000E6FF8046002841D1022230466968FFF7F5
:10F5D00031FF00283DD000211F48AF8AFFF722FAF3
:10F5E0000237044680B11D211C4B47613A464174E5
:10F5F000C0F80C80436085613046FFF7E1F90746AB
:10F6000038B92046FFF73CFA6FF00B052846BDE8F5
:10F61000F883012342464146FFF77AFBA98A07F1A6
:10F620000C00023108F0CFFB20F8029BAA8A29695E
:10F630000BF066FE21463046A76009F093FD0546B3
:10F640000028E3D02046FFF71BFADFE74FF0FF3535
:10F65000DCE76FF01505D9E71C4E0E00E9910600B6
:10F6600030B504460D468BB0364BD3E8AF3F5A0752
:10F6700061D510B1437B072B60D168680590FFF717
:10F680009BFD2A68ADF818003AB305A902912E49EE
:10F6900000230191012100914FF6FF710593FFF7BF
:10F6A000BBFD059B1BB96FF001000BB030BD6B605B
:10F6B000059B04A9186800238DF8103042F6030357
:10F6C000ADF8123008F004FC70B90598C3689B7956
:10F6D0009B0605D46FF01500E7E70028E8D1E2E7C4
:10F6E00009F001FFADF81800BDF818003CB1012386
:10F6F00001462A462046AB75FFF75AFFD5E76FF063
:10F700007F0307930223ADF8203042F60213ADF8D1
:10F71000123005ABAC7502930C4B4FF6FF710193A1
:10F72000012304AA0093234609958DF81040FFF7A2
:10F7300073FD0798B9E76FF00A00B6E76FF07F0036
:10F74000B3E700BF5401012017920600C5F9050078
:10F75000034613B550F8082CA0F12001019200F1E6
:10F760003004D4E8EF2F22F00102C4E8E02F002893
:10F77000F7D10D4A002043F81C2C0C4A23F8080C42
:10F7800043F8182C01AA43F8102C042223F8060C85
:10F7900023F80C2CFFF764FF18B90221204609F06A
:10F7A00098FD02B010BD00BFE0C80600F5F00500EE
:10F7B0002DE9F84F904614683F4B826805469A42FF
:10F7C00000AF75D1D0F80C9009F1010609F1150AC6
:10F7D000B6F80730F3B13246204616F8011C08F09F
:10F7E0008AFFB8B14FF495722946204609F0CFFE42
:10F7F00030B3032812D1EB4688B06A462F4BC2E9DA
:10F80000053542F8100F00234FF4C4512C48F9F786
:10F8100021F8DD460A365645DAD149E0052820466A
:10F820000CBF4FF0030B4FF0020B08F05EFF834557
:10F8300006D998F804305B45ECD288F804B0E9E7C3
:10F840004946284609F057FD1E4B994530D1207A8C
:10F8500004F17001FFF7AEFA054648B303890BB90E
:10F8600043892BB32046FDF77FFA2B89164A698915
:10F8700022F8203002EB8003598018231349144DDD
:10F8800003FB001300B202EB80021A61042200EBBA
:10F8900040005D600F4D01EBC00120469D609A82E3
:10F8A000FFF7DEFE20B101210B4A054808F0EEF813
:10F8B0000120BD46BDE8F88FA1EF05006AEE060005
:10F8C00040C006003C0501202236012030320120D4
:10F8D000E0C80600B79406007EEE060030B5044688
:10F8E0000D468BB0344BD3E8AF3F5A075DD510B10E
:10F8F000437B072B5CD168680590FFF75DFC2A68A5
:10F90000ADF818003AB305A902912C4900230191E2
:10F91000012100914FF6FF710593FFF77DFC059BD8
:10F920001BB96FF001000BB030BD6B60059B04A9E3
:10F93000186800238DF8103042F60303ADF812303A
:10F9400008F0C6FA70B90598C3689B79DB0605D440
:10F950006FF01500E7E70028E8D1E2E709F0C3FD02
:10F96000ADF81800BDF818002CB101462A46204613
:10F9700009F048FED7E76FF07F0342F602120793C3
:10F980000123ADF8122005AA02920D4AADF82030ED
:10F99000CDE900324FF6FF71234604AA09958DF890
:10F9A0001040FFF739FC0798BDE76FF00A00BAE78F
:10F9B0006FF07F00B7E700BF5401012017920600E7
:10F9C000C5F905002DE9F84F1446444B826881467D
:10F9D0009A4236D1D0F80CA0414B9A4519D1002655
:10F9E000404D414F3946284609F06BFC78B9072253
:10F9F000294615F8010CFDF7EBFC38BB23692946B5
:10FA00001A6915F8010C53881288FFF73FFA0C3574
:10FA1000D6B10AF101070AF1150BB7F80720A3893F
:10FA20009A420BD1394617F8010CFDF77FFC0546C9
:10FA300020B1437B072B0CD0FDF74AF80A375F450E
:10FA4000EBD14FF0010846E00126CBE7FDF740F887
:10FA5000DDE7DAF8203023B14946984708B928464F
:10FA6000EAE794224946284609F091FD804600289D
:10FA7000F5D1A389022B15D1B7F8073013F0020690
:10FA800004D12846FDF724F8A660D7E72846226966
:10FA9000A188FFF78DFD0646B8B92269937D013331
:10FAA0009375EEE7012B05D02846FDF711F8C4F851
:10FAB0000880C3E7B7F8073013F00106E1D0284605
:10FAC0002269A18809F09EFD06462846FDF700F848
:10FAD000002EA660B2DA4046BDE8F88FA1EF05001F
:10FAE0003C0501202736012073D7060013B50446D4
:10FAF000009001204FF6FF716B460C4A8DF8040010
:10FB000009F038FD204608F0F0FD9DF80410884209
:10FB100009D2204608F0B8FD034620B10221044A6C
:10FB2000044807F0BCFF02B010BD00BFB1F70500EC
:10FB30009BEE060040C00600F8B50E4B05461B685C
:10FB40000E461746A3B11C6804B1043C53F8043CAC
:10FB50001BB13A463146284698474CB12346646863
:10FB60001B681CB1043C002BF3D1F7E7002BF0D14C
:10FB7000F8BD00BF6C32012013B50446009001208F
:10FB80006B46064A4FF6FF718DF8040009F0F2FC4F
:10FB90000021204609F06DFD02B010BDB1F705004F
:10FBA00070B5044603464FF6FF7101200D4A09F077
:10FBB000E1FC2046FFF7D0F8054688B104F1700655
:10FBC0003146207A08F0EEFA20B92846BDE87040A8
:10FBD000FFF748B93146681CBDE8704009F084BBA6
:10FBE00070BD00BFEDEE050008B5054B0146184697
:10FBF00009F084FD043B002814BF1846002008BD0E
:10FC0000F41E0120084B00F5B8701A68074BD0E8C5
:10FC1000EF1F994204D1C0E8EC2FBCF1000FF6D1E0
:10FC2000D0E8AF0F704700BF54310120F01E012013
:10FC300008B5FFF7E7FF0346C8B1D0E9001221B9C4
:10FC4000002A0CBF0320022010E032B1836813B9F0
:10FC5000094B1B7833B9042008E00749087828B11C
:10FC60009B6833B9003A18BF0122500008BD032039
:10FC7000FCE70120FAE700BF8537012008B5012124
:10FC8000024A034809F038FD002008BDCFEE060007
:10FC900088C006000023024A00F5A07005F0DABC17
:10FCA0001C4E0E000221024A024809F025BD00BF89
:10FCB000EAEE060088C0060038B5002304461A465E
:10FCC000EC300D46FDF7C2FC58B1693004D101217A
:10FCD000064A074809F010FD2846BDE83840FAF703
:10FCE0008FB82046BDE83840FFF7D4BF9AEA060037
:10FCF00088C0060038B50446051D0821284609F0CD
:10FD000052FD084904F15700FCF7D4FC48B1082122
:10FD1000284609F02EFD04480121044A09F0ECFCB4
:10FD2000082038BDF599060088C0060003EF0600DC
:10FD300038B50546EC2200210BF0EFFA102105F151
:10FD4000270003F0C9FD044648B90521284609F0FB
:10FD50002AFDFCF7A1FC034B1860204638BD08249F
:10FD6000FBE700BF7432012070B5051D0E46284622
:10FD7000042109F0C3FC68B10022002100230846D9
:10FD8000FDF74AFC044638B90421284609F00BFD6A
:10FD9000204670BD034AF0E701210C3008F013F84B
:10FDA0000670F5E71C4E0E0070B504460E4686B090
:10FDB000FFF728FF04F137021146F368054603F107
:10FDC000100053F8046B834241F8046BF9D1237A95
:10FDD000052B00F29580DFE803F017232303936AD5
:10FDE00002AB4B490093096804F1270304F1570063
:10FDF00001F074FA58BB0A21201D09F0D4FCAB684D
:10FE00000299D4F8EC00984720460D2109F0CBFC6C
:10FE1000201D102109F0C7FC204609F0D4FC20E089
:10FE200094F8DC10D4F8D83002ADCB40384903F058
:10FE300001030095096843F0800304F1570009F0BD
:10FE40008DFE30B10121334A334809F055FC0820BA
:10FE500007E01022294604F117000BF066FA10B1F2
:10FE6000042006B070BD0321204609F09CFC09F077
:10FE7000AAFC0028F5D194F8DC300133DBB2142B56
:10FE800084F8DC3009D10D21204609F08CFC1021CA
:10FE9000201D09F088FC0020E3E7102104F1270071
:10FEA00003F01AFD003818BF0120C000D9E7102167
:10FEB00004F1270003F010FD0028C8D135B3EB682A
:10FEC00023B3164BE27A1B88D207ADF80830A37C27
:10FED00003F0010312D4002B14BF012303238DF878
:10FEE00009300023201DC4E938330C2109F05BFCE4
:10FEF000EB68D4F8EC0002A99847CCE75B00EEE78A
:10FF00000121074A044809F03FFCA0E70220A8E7C6
:10FF1000743201201CEF060088C00600C8C4060029
:10FF200035EF06002DE9F047044690B00CAD1022E5
:10FF3000002128460BF0F1F9237A052B34D8DFE8AD
:10FF400003F0060303063323D4F8D8300C93D4F817
:10FF5000EC3004F1470204F1C707CDE9017204F166
:10FF6000370803F17E0204F12709009241464A4610
:10FF7000773304F1970001F049F9F0B1454A0121C6
:10FF8000454809F0B9FB14E0D4F8E430002BDED08A
:10FF90002E4603F11007324618685968083303C229
:10FFA000BB421646F7D1D2E701213C4A3A4809F054
:10FFB000EBFB082010B0BDE8F087D4F8EC3008AEB9
:10FFC00003F177027E33019304F11103029200934F
:10FFD00042462B4649463846039609F0E4FD08B1EF
:10FFE0002F4ACCE7237A052B0ED1D4F8E01011B3B9
:10FFF0000B46AC4601F1100E62461868596808338A
:020000040006F4
:1000000003C273459446F7D1D4F8EC300DF1100AD1
:1000100003F17E027733019304F10A030292009305
:100020004A462B4641463846CDF80CA009F0BBFDA8
:1000300030B11C4AA3E7102228460BF06EF9E3E723
:100040001022514604F1B7000BF06FF9F8B90D21F9
:100050002046FFF789FE07460028AAD010210C3061
:1000600007F0B1FE32460346164603CEAE42186094
:100070005960324603F10803F6D139462046FFF7AE
:100080001BFE201D012109F08EFB002092E70B20B2
:1000900090E700BF51EF060088C0060035EF06006C
:1000A00066EF060089EF060073B5047A0546022C58
:1000B00023D844B190F8DC30D0F8D840DC4004F0CC
:1000C000010444F0800403212846FFF74DFE064654
:1000D000D8B110210C3007F076FE0090124823466C
:1000E000006805F1270205F1570109F037FD0446C4
:1000F00080B13046F9F784FE07E0032C08D0234690
:1001000001210A4A0A4809F03FFB082002B070BDED
:100110000024D8E731462846FFF7CEFD281D2146AA
:1001200009F027FB2046F1E77432012035EF060085
:1001300088C0060070B5061DCD6804460B21304608
:1001400009F017FB2B4604F1170205F1100153F8D3
:10015000040B8B4242F8040BF9D1237A012B09D00E
:10016000022B13D12046042109F01DFBBDE870408D
:10017000FFF79ABF0A21304609F0C0FA0028F1D0F3
:100180003046002109F00FFB002070BD034801211B
:10019000034A09F0F9FA0820F7E700BF88C0060013
:1001A00035EF0600F7B50446FFF72CFD251D064682
:1001B0000E21284609F0A2FA70B94E4B2022196888
:1001C00004F157000BF0B1F830B902214A4A4B480C
:1001D00009F092FA082033E00C212046FFF7C4FD15
:1001E00007460028F6D040210C3007F0ECFD414BCB
:1001F00002461B68014603F1200053F804CB8342FA
:1002000041F804CBF9D1203203F1200153F8040B5B
:100210008B4242F8040BF9D139462046FFF74CFDDA
:10022000237A052B5DD8DFE803F0033C0D035C590E
:100230000421204609F0B7FAFFF736FF00283FD027
:1002400003B0F0BD2046D4F8EC70FFF7DBFC0421CE
:100250004FF0FF3306460DEB0100019303F03CFB2A
:100260000028B7D1019B264A84F8DC00B3FBF2F1E9
:1002700002FB11330193C4F8D83056B1336843B14F
:100280000B21284609F08FFA38463368D4F8D81085
:1002900098470321204609F086FA0E2109F083FAD7
:1002A0000EE02046032109F07EFA0E2109F07BFAC8
:1002B00028460A2109F077FA7368D4F8EC009847C9
:1002C0002846072109F06FFA0820FFF78DFC70B966
:1002D000204603B0BDE8F040FFF70CBD04212046E6
:1002E000DCE70121074A054809F04EFA72E70020D1
:1002F000A6E700BF74320120ADEF060088C00600FB
:1003000040420F0035EF060070B504460E4604F17A
:100310005705FFF777FC2A46F36803F1200153F8ED
:10032000040B8B4242F8040BF9D104F1770203F17C
:10033000200153F8040B8B4242F8040BF9D12846F4
:10034000FCF710F900B303211C4A1D4809F0D4F949
:100350000E21201D09F027FAD4F8EC50D5F8A4306E
:1003600033B9287A05F1700100F0AAFEC5F8A4009F
:10037000D5F8A4309BB15A8A02F024027AB15B7C92
:100380009B070CD4032070BD2846FCF7F7F830B962
:100390000B4802210B4A09F0AFF90B20F3E70A4B97
:1003A0001D682DB9201D062109F0FDF92846EAE750
:1003B0002046BDE87040FFF7F5BE00BFC8EF06005D
:1003C00088C00600E9EF06007432012038B5044603
:1003D0000D49A0F1EC0554300AF01BFD284609F048
:1003E00055FA0A4A04F18403D3E8EF1FC3E8E02F6B
:1003F0000028F9D14FF0FF338834D4E8EF2FC4E858
:10040000E13F0029F9D138BD1D0F0600F01E012083
:1004100080B500AF88B06A46074BC2E905300323B8
:1004200042F8103F00234FF4C2510448F8F712FA83
:100430006FF00B00BD4680BD05F0060088C00600C9
:10044000054BD3F8EC200AB1FFF7E2BF0348EC33C9
:10045000586010460B607047F01E0120E4C906008A
:100460002DE9F0410B46064600AF0D21043009F09E
:1004700045F978B3DD68D6F8EC30022003F1700856
:100480004246197A09F030FB0446C8B94046F9F7EC
:1004900013FD6D4688B06A46114BC2E905304FF432
:1004A000007393830F4B42F8103F0F4823464FF4DD
:1004B000E251F8F7CFF90820AD46BD46BDE8F0811E
:1004C0002B462E3405F1100253F8041B934244F8D6
:1004D000041BF9D13046092109F065F90020ECE749
:1004E0002AF006000300000188C0060038B5134B4F
:1004F00005461B78E3B101F00F042846FFF798FB8F
:100500000F4B03281B780CBF04F00B0444F00404C9
:1005100005F5BA70D0E8EF2F013203D1C0E8E13F12
:100520000029F7D1D0E8AF3F2BB144F0010038BD2E
:1005300001F00704E1E704F0FE00F8E78537012049
:10054000D9050120F8B50D460446D0F8EC60FFF758
:1005500059FBEF68FB78102B01D00620F8BDD6F8C8
:10056000A4305BB1251D0F21284609F0C7F880B9DA
:100570002046FFF7DDFB60B1C0B2EFE7307A06F14D
:10058000700100F09DFDC6F8A4000028EAD1082003
:10059000E4E7012363723B682046C4F80A30BB8855
:1005A000E38102232374B978FFF7A0FFE0742046AB
:1005B000FFF73EFB1023607423753B7903F00303C0
:1005C00063757B7903F00103A375E37C1A070CD5EF
:1005D000BB781B0709D50521284609F0E4F8637D9F
:1005E00003F0020363750023A3750521284609F073
:1005F00085F8002843D04C4B1B78A374E37C980605
:1006000006D5BB78990603D51421284609F0CBF806
:10061000E37CDA0735D5BB78DB0732D50D212846D8
:1006200009F0C1F8A37D032184F8E830637D2846F2
:1006300084F8E93009F0B7F8237BE17C3F7803EADE
:100640000102100704D5E27AA07C0243D2071CD431
:10065000042F1CD80B4313F0040307D02046FFF7E8
:10066000E7FA324B07EB87073B441B5C23722046BB
:10067000D6F8A41009F048F858B903206EE72C4BBF
:10068000BAE700236375A375CCE70523EEE70023E3
:10069000ECE7D4F8EC309B7A032B36D024D8013B1E
:1006A000012B3FF674AF0521284609F027F80028F2
:1006B000E3D00C21204609F076F80221FFF754FB25
:1006C000054600283FF463AF06210C3007F07BFBA2
:1006D000D4F8113029460360B4F8153083802046E1
:1006E000FFF7EAFA002039E7042B7FF450AF237DAF
:1006F000627B934228BF1346102B7FF42EAF052157
:10070000284608F0FBFF0028B7D0237A002BB4D08E
:100710000521284608F0F2FF0028C4D1237A013BC6
:10072000012BC0D8A9E700BF873701203EF20600A1
:10073000863701202DE9F041C6780446012E04D009
:100740006FF015042046BDE8F08109F01FF805465A
:10075000002800F0AB80071D0421384608F0CEFFCA
:10076000002840F0A6800321384608F0C7FF10B1EA
:100770006FF00F04E6E73146384608F0BFFF002867
:10078000F6D12846FFF73EFAD5F8EC3006469B7ABC
:10079000032B42D032D8013B012B48D90F21201D19
:1007A00008F0ACFF0028CBD1D4F8A43083B904F111
:1007B000700632462020217A00F0BAFCC4F8A4006A
:1007C00030B932460420217A00F0B2FCC4F8A4000B
:1007D000D4F8A430002BB3D05A8A12F0240FAFD033
:1007E000A17A022923D9587CC007A9D503291ED094
:1007F0009206A5D51B7C102BA2D118E0042BCDD1DD
:100800002846FFF715FA032804D1002EC6D0F36856
:10081000002BC3D0284B1B7807E02846FFF708FAC7
:10082000032804D1002EB9D0F368002BB6D0D4F839
:10083000A4303BB12846FFF77BFA044670B16FF055
:1008400068047FE7207A04F1700100F039FCC4F8F5
:10085000A4000028EED16FF00B0473E70B212846AB
:10086000FFF782FA06460028E9D001210C3007F094
:10087000AAFA092180462846FFF738FE2346224679
:1008800088F80000314605F1EC00FCF7DFFE044675
:1008900018B13046F9F7B4FA54E738460F2108F09A
:1008A00082FF0121284608F07EFF4BE76FF07F04AE
:1008B00048E76FF0040445E785370120F8B5D0F824
:1008C000EC400646D4F8A430051D002B33D102219C
:1008D0003D4A3E4808F010FF07213D4B5F5CD4F8CD
:1008E000A4304BB11B7C002B57D1D4F8A40009F0E5
:1008F0000FF90023C4F8A4300221284608F0FEFEB8
:1009000048B9072F94BF334B1F213A46204698BF62
:10091000D95DFCF7B7FC0321284608F0EFFE38B399
:100920002D4B1B6823B31D6805B10C3D53F8083CE3
:10093000002B3BD13DE051BB0D21284608F0DEFEE7
:10094000254B07461B689BB11D6805B10C3D53F84C
:100950000C3C13B13946204698474DB12B46ED6803
:100960001B681DB10C3D002BF4D1F7E7002BF1D132
:10097000304608F08BFF637B072B24D1627AA37A81
:100980009A4220D02046BDE8F840FFF7D3BE013997
:10099000C9B20E29A1D90927A1E70221284608F0EA
:1009A000ADFE0028A1D1A7E70C3D23B13946204672
:1009B0009847002DDCD02B46ED685B68002DF3D105
:1009C000002BF3D1D4E7F8BD44F0060088C0060040
:1009D0002FF206001EF206004C310120F8B5031D6F
:1009E00006460F461846022108F088FE044620B14C
:1009F000B6F8E840B4FA84F464090321184608F014
:100A00007DFE80B139463046FFF758FFC4B1022160
:100A100019481A4A08F070FE0521D6F8EC0007F0D4
:100A2000FCFD0020F8BD0121184608F067FE0028F3
:100A3000E8D10F21184608F061FE0028E2D1E5E771
:100A400005213046FFF790F9054688B101210C30A9
:100A500007F0B9F9234607702246294606F1EC0053
:100A6000FCF7F4FD0028DCD02846F9F7C9F9D8E7EF
:100A70006FF06800D6E700BF88C006006EF0060081
:100A8000124B10B5044618604FF0FF324FF0FF33A1
:100A90000F4804F06FFA0F4804F0E2FD0C4804F030
:100AA000E1FA1CB9BDE81040FFF7FCB80A4B1C1F67
:100AB000D3E8AF3F5B0607D52046FFF773FB01463F
:100AC00010B12046FFF78AFF10BD00BF743201202D
:100AD000780501208C050120F41E01202DE9F34149
:100AE0000B8A04460E4643B901212D4A2D4808F0D1
:100AF00003FE002002B0BDE8F081012106F10C00E8
:100B000007F091F9A4F1EC05E83C074604212046E2
:100B100008F0F4FD3B7828B1234A0221214808F06F
:100B200033FEE6E70E2B01D9204AF6E7DFF8808096
:100B300058F833204AB902211E4A1A4808F024FE08
:100B400007212846FFF74AFFD3E71946284608F051
:100B50008BFE3B7860B902211248174A08F014FE58
:100B60000321204608F0CAFD0028C2D00821E8E78A
:100B700008EBC301328A0979914208D00121009320
:100B8000084813460D4A06F094FF0A21D9E731467A
:100B9000284658F83330984701460028A9D0D0E7B6
:100BA000C6F0060088C00600E1F0060012F106005B
:100BB0000CCA060034F106004EF1060076EB060082
:100BC0002DE9F04784B090F8E930D1F80C8023F09B
:100BD000020380F8E930D0F8EC6098F80030054660
:100BE00000AF06F17009BBB398F8063003F0C003FC
:100BF000C02B31D04046F9F75FF96E4688B06C469D
:100C00004FF4007A25465C4BDFF87081C4E905306B
:100C1000A4F81CA045F8108F00232A464FF4E25197
:100C20005748F7F717FE4846B546F9F745F9A54680
:100C3000544BA4F81CA0C4E90530C4F810805048F7
:100C400000232A464FF4E251F7F704FE0A20B54686
:100C50001037BD46BDE8F0870722414648460AF0F6
:100C600064FB68B14146307A00F0BEFA044638B100
:100C70000146284608F048FD28B3204608F048FF02
:100C80000D21281D08F03AFD002863D04A460220B5
:100C9000317A08F029FF0446B8B94846F9F70CF94B
:100CA0006D4688B06A46384BC2E905304FF4007390
:100CB0009383324B42F8103F4FF4E25123463048C1
:100CC000F7F7C8FDAD460820C2E7F378002B3BD10B
:100CD00006F17E03187801282AD19A7902F0C00221
:100CE000402A25D1D3F80120C4F83E20B3F80530BE
:100CF000A4F8423096F87030D3B196F8763003F00D
:100D0000C003C02B14D021493A1DC7E90198FC60EB
:100D1000FBF7E4FFD8F800303046C4F80130B8F8EB
:100D20000430A4F8053098F80630E371FCF77AFA3D
:100D300000212046FAF74EFE48B111480221144A1C
:100D400008F0DAFC032083E706F17703C2E72046C8
:100D5000FAF752FE95F8E9305B0703D50A212846D9
:100D600008F021FDB5F8E81009B1002070E7284629
:100D7000FFF7A4FDF9E700BF69F1060003000001D9
:100D800088C00600E7F106002AF00600C3980600B6
:100D90007DF106002DE9F0410E460446D0F8EC80C6
:100DA000FEF730FFF6680121054633780F48104AF8
:100DB000271D08F0E9FC0A21384608F055FD38B136
:100DC0006DB920463178FFF779FD0020BDE8F0814C
:100DD0000B21384608F048FD0028F1D1F1E72B69D6
:100DE000002BEED040469847EBE700BF88C00600D6
:100DF000B8F106002DE9F8430546A0F1E8060446DF
:100E0000884600AF0121304655F8EC9908F02CFDDA
:100E100038B3B8F1000F19D00321304608F06EFC4A
:100E2000F8B14046F9F75CFE0138C0B208288CBF23
:100E30000024364B4FF0020198BF1C5C304608F08E
:100E4000B2FC21462846FFF739FD0AE099F80B303D
:100E50003BB10321304608F051FC28B9284608F080
:100E600015FDBD46BDE8F8830521304608F046FC77
:100E7000B8B114F8043C1B0707D514F8033C180755
:100E800003D51121304608F08EFC14F8043C23F001
:100E9000080304F8043C14F8033C23F0080304F8A6
:100EA000033C14F8033CD90710D50621284608F066
:100EB0007AFC3046022108F076FC2068D0F8A46065
:100EC00066B134F8041C0029CBD1BBE79A0701D5E1
:100ED0000821EBE75B07ECD50A21E7E77030F8F76C
:100EE000EBFF6C4688B06A46094BC2E905304FF407
:100EF00000739383074B42F8103F4FF4E25133469F
:100F00000548F7F7A7FCA546ABE700BF26F20600A9
:100F1000DAF106000300000188C0060037B5A0F52D
:100F2000A075A0F59E74D4E8AF3FD5E8AF2F01219E
:100F300000920748074A06F0BCFD28460821FFF743
:100F4000BDFC0421204603B0BDE8304008F02BBCB6
:100F500088C00600EFF106002DE9F84300AF044613
:100F600008F014FC054670B3061D0321304608F056
:100F7000C5FB40B3D4F8A40008B108F0C9FD04F1E2
:100F800070094946207A00F09BF88046C4F8A40016
:100F9000E0B94846F8F790FF6C4688B06A463E4B89
:100FA000C2E905304FF4007393833C4B42F8103F85
:100FB0004FF4E2513A484346F7F74CFC0821A54666
:100FC0002846FFF70BFDBD46BDE8F8830E213046ED
:100FD00008F094FB28B1D4F8A420537C43F002031A
:100FE00053742B7A032B11D823B10521304608F016
:100FF00085FBA0B9D4F8A420537C23F020035374BC
:10100000D4F8A420537C23F001030DE0053B012B11
:10101000F0D8D4F8A420537C43F020035374D4F8C0
:10102000A420537C43F0010353742B7D697BD4F8D7
:10103000A4208B4228BF0B4630461374052108F0CC
:101040005DFBD4F8A4305A7C10B342F010020D219D
:1010500030465A7408F052FB0028B4D02021D4F84E
:10106000A40008F051FDD4F8A43005F147021E3366
:10107000573552F8041BAA4243F8041BF9D1002348
:10108000D4F8A42053619361D4F8A42093839AE701
:1010900022F010025A7496E72AF0060003000001BD
:1010A00088C00600012208B5034B04481A70FBF7FC
:1010B000A9FA002008BD00BF853701209405012052
:1010C000F8B5114F06463C4614F8013B0D468342E5
:1010D00004D1072220460AF028F980B107220B49E3
:1010E0000B480AF022F960B904F8016C2B68236000
:1010F000AB88A380AB79A37140F21123FB60024857
:10110000F8BD0020FCE700BF7832012073D706004D
:101110007932012010B40B461146044A548A044225
:1011200002D0104610BC184710BC7047783201201E
:10113000F8B50C4C07462046638A0D463B401146E5
:101140004FF0000610F8012B07D0954203D107227B
:101150000AF0EBF818B1304600E01846F8BD20461A
:10116000FCE700BF78320120F8B50B780646012B6A
:101170000C4601D00020F8BD8B7903F0C003402B52
:10118000F8D1164D002329466F8A11F83E2BBF0770
:1011900004F1010006D5B24204D106220AF0C5F8D6
:1011A000D0B100236A8A297802F00202002BE1D133
:1011B000002ADFD0B142DDD1671C3946084806F06D
:1011C00074FE01230028EDD0D4F80130C5F83E307C
:1011D000B4F80520034B9A800048CCE77832012010
:1011E000A6320120B632012010B5074C2378834285
:1011F00008D10722601C0AF098F800280CBF20468E
:10120000002010BD0020FCE7783201202DE9F047D6
:101210009AB01646DDE923970CAA84468A46904682
:101220001D462C4B03F1300E1446186859680833DC
:1012300003C473452246F7D118681B7961462060C4
:101240002371202204A808F071FC6B46202222485A
:1012500004A900F071F80446C0BB102251460DF1FC
:10126000350008F063FC102231460DF1450008F00E
:101270005DFC294611F8013B06220DF156008DF860
:10128000553008F053FC2299062211F8013B0DF16C
:101290005D008DF85C3008F049FC4B463522414634
:1012A000684600F049F8044680B9484608F048FC12
:1012B000012335228DF8303041463B46684600F028
:1012C0003BF8044610B9384608F03AFC20461AB0FC
:1012D000BDE8F087CAC4060066F2060070B50E4687
:1012E0001D46144698B00146202204A808F01EFCB2
:1012F000202231460CA808F019FC1022294614A817
:1013000008F014FC10222146684608F00FFC6B46DA
:101310005022184604A900F00FF840B9039B054A73
:101320001BBAB3FBF2F102FB11331C9A136018B025
:1013300070BD00BF40420F002DE9F0418EB007465E
:101340000C4615460021182208A81E4609F0E5FFA4
:101350004FF41053ADF81C308023ADF81E304FF41D
:101360004063DFF854801022CDE90938394605ABD7
:1013700007A802F041FD034648B1104A1048012178
:1013800006F08DFB6FF004000EB0BDE8F08106ABF7
:101390000293102322464146CDE9006305982B466F
:1013A00002F080FE0446059802F052FD2043EBD087
:1013B000044A2346E2E700BF0002C00380F20600B1
:1013C00028C006009CF20600084B70B5C31A0D46F3
:1013D00007499B10044659434022064808F03CFC4C
:1013E0002B4601462046BDE870401847D032012008
:1013F000B76DDBB634B50600402373B50B4C0093D4
:10140000041B0B460D460A49A41061430646094ACF
:10141000094808F04CFC011E05DA30462B4602B0A4
:10142000BDE87040184702B070BD00BFD032012047
:10143000B76DDBB6179D060034B506002DE9F04701
:101440000022012107464FF48770F8F7FBF8124895
:1014500002F07AFC0446D0B908F0FDFF25464FF0B3
:101460001C0A4FF00C08DFF834903E6949460AFB2D
:10147000056006F0AFF9031E0CDB012308FB0566CF
:101480001D44032DF365F0D12046BDE8F0876FF0D1
:101490000404F9E71C46F7E7D515060084CA0600E0
:1014A0007FB500220123CDE9022304ABCDE904334B
:1014B000094A6B46CDF800D0CDF804D008F024FCE2
:1014C000002805DB43F609520023684603F086FE38
:1014D00007B05DF804FB00BF359D060010B5EFF3C3
:1014E0001184402383F31288BFF36F8F074A136878
:1014F00023F00201DB07116002D4012008F0A1FFF4
:1015000084F31188BFF36F8F10BD00BF48330120F3
:101510000C22104B014602FB0033002030B4D3E90B
:1015200015525865EFF31180402484F31288BFF3FD
:101530006F8FDC6D04F0C00444F00204DC6580F3BE
:101540001188BFF36F8F1DB12B4630BC024818477E
:1015500030BC7047D032012034B5060010B4EFF330
:101560001182402383F31288BFF36F8F16480168FE
:1015700041F002040460C80707D482F31188BFF366
:101580006F8F012010BC02F0C9BB1049D1F80C14B8
:10159000C903F2D5EFF3118083F31288BFF36F8F85
:1015A0000B49CB6D03F0C00343F00203CB6580F31E
:1015B0001188BFF36F8F82F31188BFF36F8F002004
:1015C00010BCFFF7A5BF00BF4833012000E010406A
:1015D000D0320120042805D007280AD002280AD1D9
:1015E000012004E0044BD86D10F0070003D1FFF791
:1015F0008FBF0220FBE77047D0320120C3B21C200E
:10160000014A03FB00207047D03201202DE9F04150
:10161000012207463449D1E8EF3FC1E8E02F002816
:10162000F9D133B9314932484B60CB608A6006F05A
:10163000E4F87B1E012B28D8012F06D12D4BD3F8BF
:10164000503403F00303012B1FD009F03EFC054684
:10165000E8B9294B1B78D3B104220646254BC3F8C1
:101660000823244CDFF89480D4F84C24D4F84C346C
:10167000D20315D503F00303012B01D0012F0FD1A5
:101680006DB386F31188BFF36F8FBDE8F081EFF380
:101690001186402383F31288BFF36F8F0125E0E7A3
:1016A000C5B1304606F0EDFAD4F8403413F0FF032C
:1016B000DAD1D4F80821002AD6D0C4F80831D4F8F9
:1016C00008314FF480420123C4F84034C8F8A02107
:1016D0002361C9E70021202009F0B1FCE4E70422DE
:1016E000044BC3F80423D0E7CC320120BC320120E4
:1016F000EC32012000E01040D53A012000E100E08A
:1017000008B5074809F03CF938B10648F8F796FAE9
:101710000448F6F7D7FC002008BD6FF01200FBE785
:10172000DCB50600291706000A2838B50446074D1F
:1017300004D1AB680D2128465B689847AB68034825
:101740005B68E1B29847204638BD00BFDCB50600B3
:101750002DE9F04340F206354768D00648BF4FF008
:10176000030C3B7C02EA050558BFC2F3401C87B05E
:1017700001F01F06B5F5837F144646EA43168DF83F
:1017800003C046D00DD8062D45D005D8A5B1022DF1
:1017900012D06FF0150039E0B5F5807FF9D1012541
:1017A0000AE040F20222954237D0B5F5407F36D0AC
:1017B000B5F5007FEDD104250123220303FA01F1E1
:1017C0002FD57B685960B86880BB7F2E06F01F0359
:1017D0004FEA561173D83C4A52F8212084F48031E4
:1017E00002EB8302D2F88030C1F30041C4F34044DD
:1017F00023F4706344EA410423F00F031C4344EADA
:101800008C0444EA0524C2F88040002007B0BDE8FB
:10181000F0830925D0E70825CEE70625CCE7052586
:10182000CAE7630344BF7B689960CCE731460DF19A
:10183000020209F01AF814F4403F80460CD13146F8
:10184000B86809F02BF8B8F1000FDED19DF802104E
:10185000B86802F0D5FDD8E74FF0000901ABCDE93B
:101860000199CDE90439CDF80C903146B86803AA46
:1018700008F03FFF4845C8DB14F4003314D09DF84E
:10188000033084F48034C4F300448DF80E308DF8B6
:101890000C508DF80D404B463146B86803AA02F053
:1018A00003FD0028CFDAB0E7CDE904330DF10303DF
:1018B00003933146B86803AA08F01BFFF1E7203311
:1018C00050F82330FFDE00BFC4CA06007F2870B581
:1018D0004FEA50110CD80D4A52F8216046B13269D6
:1018E000516829B1012500F01F030C689D4001B922
:1018F00070BD8A682A4002D030464B6898471CB1B8
:10190000236821461C46F2E72346FAE7B4CA0600DC
:1019100038B54568A868C0B108F0BAFF0146A0B95B
:10192000A86802F03BFD044688B902460949A86848
:1019300008F098FF22460121DA20F7F783FE2246BD
:1019400001214FF48670F7F77DFE002038BD6FF05F
:101950000400FBE7CD180600F0B545681646A868F8
:101960002A7C01F01F0487B044EA4214002868D0A2
:10197000B6F5001F04D1214608F0E4FF002051E035
:101980000020B6F5800F01AA0190506039D1B3F163
:10199000007F14BF052304238DF804300023CDE914
:1019A00004230393EB680DF1030723FA01F111F00F
:1019B000010139D1B6F1A07F36D104F01F037F2C8D
:1019C0004FEA541003F120033ED8214A52F8202058
:1019D00052F82330DB0727D43A462146A86808F09E
:1019E00044FF163018D002972146A86803AA08F0D1
:1019F00080FE002816DB01222146A86808F050FF6F
:101A0000BCE7B3F1C06F05D0B3F1007F14BF012371
:101A10000223C1E70323BFE73946A86802F0FAFCB6
:101A20000028E0DA07B0F0BD3A462146A86808F081
:101A30001CFF0028D8D19DF80310A86802F0E0FC34
:101A4000D2E76FF08500EDE751F82330FFDE00BFED
:101A5000C4CA060010B500220C460023806F0C316A
:101A600003F086F9021E05DA0448054908F004FA75
:101A7000002010BDE36801202360FAE718C10600CA
:101A80001AF30600F7B5044600220121E820F7F713
:101A9000D9FD01232569666885F8D830776800216B
:101AA000384601AA08F0FEFA00281BDB019B3A68C1
:101AB0001979186800F05AFD002813DB04230C2262
:101AC00009490A48C5F8CC6008F0FBFF04230C2242
:101AD0000749084808F0F5FF02202469FFF78EFD4A
:101AE0002060002003B0F0BD8C340120BC33012005
:101AF0005C3401201834012013460022F0B505693A
:101B000089B0029295F8DD200C46D207CDE900138A
:101B100004D43149314808F0FAF908E095F8D820A2
:101B2000511E012906D92E492C4808F0A5F96FF05D
:101B300004002CE02A6A9A4201D22A49F4E713F001
:101B4000030101D1082B02D808222749ECE70294AF
:101B50006C6A05F14006631C1BD047F6122740F261
:101B6000E73024EAE4744FF47A720023C4FB0701DF
:101B7000F1F708FB02460B466946304608F0B4FF11
:101B8000002804DB95F8D830022B06D0002009B0DD
:101B9000F0BD4FF0FF321346EEE795F8DC30002B36
:101BA000F4D00021142203A809F0B7FB284603A9AA
:101BB00008F04DF920B90D49084808F0A8F9E5E703
:101BC0000023284685F8DC3003A908F05AF90028DC
:101BD000DCD107499EE700BF40F3060018C10600AC
:101BE00059F3060073F30600A4F30600E8F30600B9
:101BF00007F40600F0B5044687B01422002101A8BE
:101C000009F08BFB94F8D9300BBB204601A9FFF7F4
:101C100021FF00287BD1204608F00DF994F8DD3033
:101C20005B0702D5206805F03FFE029B1BB10399BC
:101C3000E06908F0F6FE019B1BB10499A06F08F063
:101C4000F0FE04236FF00B0084F8D8305DE02046EE
:101C500001A908F0FCF820B93149324808F057F9D9
:101C6000D9E794F8D930012BCFD1DDF804C0029B1D
:101C7000BCF1000218BF0122C4F8D030039B01ADB3
:101C8000C4F8D430D4F8CC301E699C68337906F19E
:101C9000080762F300033371029B1A1E18BF01226A
:101CA000337923F03E0343EA420333710FCD0FC76C
:101CB000002001212B68029D3B60C6E90700C4F8A3
:101CC0000015C4F804018542D4F80431C4F81801A1
:101CD000D4F8183107BF0A4602234223024684453E
:101CE00004BF4023022243F00C03C4F80433BDF8C0
:101CF00014309B00C4F84837C4F84457C4F8083778
:101D0000C4F804C7C4F80825216007B0F0BD94F8F2
:101D1000D930002BA9D1E36F9B08ADF81430A4E7AC
:101D20001CF4060018C106000023F0B589B00F4668
:101D30000446CDE90033029301F0020280B9764DEA
:101D400095F8D83022BB744B93F8D820032A6AD177
:101D50004222724BC3F8082301225A6009B0F0BD39
:101D6000038A9B000193002A3FD06B4D95F8D82041
:101D7000D5F8D030032A04BF012285F8D820EBB96A
:101D8000284608F058F895F8DD305A072DD50FE0B1
:101D9000032B04BF012385F8D830D5F8D030002BB1
:101DA00033D15D4808F047F895F8DD305907CAD5BA
:101DB000594B186805F078FDBCB9C4E742689A42EF
:101DC00006D0D5F8D410E8690293009108F029FEF6
:101DD00000235148C5F8D03008F02DF895F8DD30D3
:101DE0005E0702D5286805F05FFD2568FDB96368C8
:101DF00053B3494AA168D2F8D000009198420293A7
:101E00006AD1012382F8DB30A2E700234248C5F8FB
:101E1000D03008F010F895F8DD30580793D52868D1
:101E200005F042FD8FE7042283F8D82090E73A4E70
:101E3000E168029596F8DB50009115B3B06F08F099
:101E4000F0FD6368002B45D1FB0787D5324C142287
:101E5000002103A809F061FA94F8D93063B194F82D
:101E6000DA30002B3FD0D4F8D0300493D4F8D430FB
:101E700005930123ADF81C3003A9274808F001F8A9
:101E80006CE700220023694606F19C0008F02CFE56
:101E9000002810DA2249234808F039F80423009971
:101EA000B06F86F8D83008F0BCFD6368002B3FF4B3
:101EB0004FAF01259DE796F8D930002B97D196F8C2
:101EC000DA50002D93D0012386F8DB306368002BB5
:101ED0008FD13DE700258CE7D06908F0A2FD002DE9
:101EE0007FF436AFB0E7204603A907F0B0FF002823
:101EF000C2D194F8D830032B4FF0010308D1D4F8A5
:101F0000D02084F8DA300492D4F8D4200592B1E7D6
:101F100084F8DC3022E700BF7C33012000800E40D3
:101F200033F4060018C106002DE9F04F04698B4612
:101F300094F8D8801546B8F1010FD0F804908DB010
:101F400009D04246A049A14807F096FF6FF015005E
:101F50000DB0BDE8F08F5368029343BB204608F0F4
:101F600079F80BF1FF33012B1DD894F8DD30029A7C
:101F7000029962F3000384F8DD302C2204F114008E
:101F800009F0CBF9BBF1020F0BD194F8DD302C2214
:101F90006FF34103002184F8DD3004F1700009F093
:101FA000BCF90020D4E7BBF1000FEED0F9E7D3680D
:101FB00013F0030701D1082B02D808228449C2E795
:101FC0001678182E0BD006D8082E0BD0102E26D03F
:101FD00032468049B7E7202EFAD1032300E00223DE
:101FE000019300E00197AA7802F00703042B19D8A7
:101FF00079487A49C05CC95C05907948C05C069014
:102000007848C05C07907848C05C08907748C35C0B
:10201000039312F03803049306D0754993E7CDF883
:102020000480E0E773498EE795F801A0BAF1010F4B
:1020300002D1039B012B04D0514504D252466E4974
:1020400081E7039B0493049A0AF1FF331344DBB244
:102050000B930123EA7803FA0AF3013B0A9302F097
:102060000603062B03D00BB164496CE7984699F838
:102070001D30012BD9F8083018BFD9F81820D3F833
:10208000703508BF5E4A002B0ADBD9F814703FB1E7
:1020900002EB57023805390B0023F1F773F80703F9
:1020A000B8F1000F14D10299049B71435344594372
:1020B00099F81C300805012B14BFD9F81820504A94
:1020C000002302EB5102090BF1F75CF803030993BB
:1020D000B9F81C3094F8DD20003B18BF012363F3EE
:1020E000820284F8DD2095F90330EA78002B01DBC9
:1020F000530601D5434926E70BF1FF33012B30D9B5
:10210000BBF1000F7FF44DAF0FCD04F170060FC689
:102110002B683360059B84F8848084F88530019BAC
:10212000C4F8907084F886309DF82830C4F8883060
:102130000B9B84F88C30069B84F88D30099BC4F887
:102140009430079B84F89830089B84F89930039B5F
:1021500084F89A3094F8DD3043F0020384F8DD30DF
:102160001FE7AC4604F11406BCE80F000FC6DCF80C
:102170000030BBF1020F3360059B84F8288084F89F
:102180002930019B676384F82A300A9B4FEA034396
:1021900003F47F03E3620B9B84F83030069B84F8E2
:1021A0003130099BA363079B84F83C30089B84F87B
:1021B0003D30039B84F83E3094F8DD3043F001035A
:1021C00084F8DD30A0D0ECE647F4060018C1060024
:1021D00065F40600ACF4060045F606004AF6060073
:1021E00040F606003BF6060036F6060031F606001D
:1021F000E6F40600C6F4060008F506002BF5060016
:1022000000366E014EF506002DE9F8430229064618
:102210000D4690460469D0F8049000AF0CD194F8B4
:10222000DD3003F00303032B1CD09D499D4807F0CC
:102230006EFE6FF004005FE001290CD194F8DD30F0
:1022400013F0010FF1D0B8F1040F4ED8DFE808F019
:10225000252B2B5741000029E7D194F8DD3013F0EE
:10226000020FEFE7E36AD4F8881081EA1342D2B292
:102270000AB18D49DAE70B431822E362C4F88830CB
:1022800004F1840104F1280009F04FF818B9226A1A
:10229000E36F9A42D7D08549C8E794F8D830012B2C
:1022A0004AD08349C2E794F8D830022BF9D194F888
:1022B000D9309D422DD1B8F1020F4FF0030340F009
:1022C000DB80B5FA85F56D0984F8D83084F8DA50EA
:1022D000D7E094F8D830042BE3D12946306907F0D1
:1022E000B9FE012384F8D830CBE0424671496D48ED
:1022F00007F0C2FD6FF01500BD46BDE8F88394F805
:10230000D830022B40F0BF8094F8D9309D4200F0C5
:10231000BD806C468AB06A46C2E907530523664908
:10232000C2E9051842F8103F00234FF421515D48DF
:10233000F6F790FAA546DDE7002384F8D950A4F813
:10234000DA3084F8DC303569766895F8D93032684F
:10235000012BD5F8CC300CBF05F1280405F184041D
:102360009868196923784FF00008C0F8043563783D
:10237000C0F82835A378C0F824356368C0F82C3538
:10238000237AC0F83035637AC0F834352369C0F851
:102390001835A37DC0F83C35E368C0F81035237DBF
:1023A000003B18BF0123C0F82035637DB3FA83F3E7
:1023B0005B09C0F83835D0F80C35D4F80CC023F0E0
:1023C0000103BCF1000F18BF43F00103C0F80C3546
:1023D0000A60C0F80481D0F80431C0F81881D0F840
:1023E0001831C0F80881D0F80831C0F30830F7F789
:1023F00007F9022385F8D8302369B268B3F1004F9A
:1024000094BF00210121337F581E4342434143EAD8
:102410000123C2F81C35E268737FB2F1004F94BF0C
:10242000002201225C1E6342B168634143EA022339
:10243000C1F8143595F8DD305E0717D51F4B2868B5
:10244000AB600323C5F81080EB60291D05F0D5F9BA
:10245000041E16DA284607F0EEFC0123224618492E
:10246000104885F8D83007F007FDE2E62846FFF768
:10247000C1FB00EAE0703FE784F8D830012384F81C
:10248000DA30002038E7012B3FF427AF0122422148
:1024900084F8DB20D9F80830C3F808139A601CE7E9
:1024A00040F3060018C106006AF506009AF506001A
:1024B000D5F50600C1F50600E1F506002DA00600E1
:1024C00015F60600F0B50369144693F8DD200D46B5
:1024D000920785B007D41B491B4807F018FD6FF021
:1024E000040005B0F0BD93F8D82003F19C07042A3E
:1024F00025D0D3F88060731C1DD047F6122C40F213
:10250000E730002126EAE6764FF47A720023C6FB14
:102510000C01F0F737FE02460B46384601A902F0DF
:10252000C5FC10F1230FDAD00028DAD1019B2B6013
:10253000029B2360D5E74FF0FF321346EDE7002200
:10254000FBE700BF40F3060018C10600036803F074
:102550001F027F2B02604FEA53129ABF024B53F8BF
:1025600022000020704700BF64CB06002DE9F04F29
:102570001546074640F2FF19DFF84CA2DFF84CB2CF
:1025800085B000EB8101B94203D1002005B0BDE860
:10259000F08F3A68C2F3C323082BC2F3080400F299
:1025A0000F814C4508BF4FF0FF34B2F1D05F1AF8ED
:1025B00003804FEA126339D3383B162B02D96FF0F0
:1025C0008500E3E7162BFAD801A252F823F000BFEA
:1025D00097270600BF250600BF250600BF25060079
:1025E000BF250600BF250600BF250600BF25060043
:1025F000BF250600BF250600BF250600BF25060033
:10260000BF250600BF250600BF2506006D27060072
:1026100073270600792706007F2706008527060016
:102620008B2706009127060041270600192BC6D8E4
:1026300001A252F823F000BFA1260600BD26060025
:10264000412706003B270600CB260600D7260600BA
:102650003B270600BF250600BF250600BF25060054
:10266000BF250600BF250600BF250600BF250600C2
:10267000BF250600BF250600BF250600BF250600B2
:10268000BF250600BF250600BF250600BF250600A2
:10269000472706005B27060061270600672706001C
:1026A000C5F80446661C14D0012603A80394FFF75E
:1026B0004DFF039B06FA03F3436004E0C5F80C46A4
:1026C000621C06D00026324613E0631CC5F80046A3
:1026D00074D1043757E7C5F80446621CF9D00126C7
:1026E00003A80394FFF732FF0122039B02FA03F3CE
:1026F00083603B68039403F40040002818BF002265
:1027000003A818BF012601930092FFF71FFF039C47
:10271000019B00EB8400D0F88040C3F3412C009A69
:102720004FEA082343EA8C03134304EA0B042343D0
:1027300043EA4603C0F88030CBE7C5F80846BFE758
:10274000C5F81046AEE7C5F86045601C3B68C0D0D0
:10275000C3F30043002BA7D1C1E7C5F86445F4E7F4
:10276000C5F86845F1E7C5F86C45EEE7C5F874456E
:10277000B3E7C5F87445A3E7C5F87845ADE7C5F8F4
:1027800078459DE7C5F87C459AE7C5F88045A4E7FC
:10279000C5F87045A1E703A80394FFF7D7FE039B94
:1027A00000EB8300D0F8803023F0E04343F0804317
:1027B000C0F88030631C8CD0012684E700268FE7A8
:1027C0006FF01500E2E600BF61F60600F0F0FCFFD6
:1027D0002DE9F04104460D46476808F076FB88B1C4
:1027E0004021EFF311831A4681F31288BFF36F8FF4
:1027F00060680068D0F83001D0B983F31188BFF366
:102800006F8FEEE71E4B1B78002BE9D04FF040088E
:10281000642663681B68D3F83031FBB9012007F0E8
:1028200028FE013EF5D10021202008F008FCEFE74A
:102830007B6A00201D706368796A1B68C3F83C17C7
:102840000121C3F84017C3F83001D3F830011965EE
:1028500082F31188BFF36F8FBDE8F081EFF311832E
:102860001A4688F31288BFF36F8F61680968D1F840
:1028700030110029DCD183F31188BFF36F8FD2E7C9
:10288000D53A012070B40D4CD4E90065901B63EB80
:102890000501400940EAC1604101891945EBD06555
:1028A000C4E90015002400250549C1E90023054BB2
:1028B000C3E9004570BC03F055BC00BF882001206F
:1028C000702001208020012008B500220121E32092
:1028D000F6F7B8FE164A0020D2F8183723F4403332
:1028E000C2F8183701F0F8FE002820DB012011495A
:1028F00001F07EFF00281ADB01F0C6FE0E4B20F02F
:102900001F00C3E900010D4B0022C3E900014FF095
:10291000FF304FF0FF310A4BC3E90001094B0A4970
:10292000187A01F0C3FE67220020084B1A6008BD28
:1029300000200E40A40501208820012068200120ED
:10294000702001209C05012085280600F434012018
:1029500008B501F099FE064AD2E90032C01A054BCB
:1029600061EB0201C3E90001400940EAC16008BD12
:102970008820012080200120F7B5224B0146224FFC
:10298000187A224BD7E90056D3E900239E4208BFAC
:10299000954211D1B1F1806F0ED24901012938BFA2
:1029A000012101224D1946F10006C7E9005603B086
:1029B000BDE8F04001F0A6BF154BDFF858C0D3E9E1
:1029C0000043DCE9002CA41843EB0C0C4FF0200E64
:1029D00022466346C1FB0E23954276EB0301C7E90D
:1029E00000230DD2291B66EB0C04C82974F10004E6
:1029F000B4BF01210021009101F04CFF03B0F0BDF4
:102A00000021F8E79C05012078200120702001209A
:102A10008820012080200120034630B40C46DA884B
:102A2000006802F0400219792243836805699C69B5
:102A30007CB1130206D501232D688B402B4218BFB1
:102A400082F0C062054BA44630BC134002F0B07265
:102A500060476FF0570030BC704700BF4000000671
:102A60002DE9F84307460026144DDFF85480DFF8BF
:102A70005490B7B12968414516D0494514BF4FF06D
:102A8000E8614FF098612846FFF7C6FF044670B131
:102A9000012103460C4A0D4805F001F82046BDE827
:102AA000F8834FF40011EEE74FF09861EBE7013641
:102AB000042E05F10805DCD1F0E700BFE4CB0600E9
:102AC00050B5060088B5060085F60600A0C00600D1
:102AD00038B5EFF31185402383F31288BFF36F8F6E
:102AE0000F4C2378BBB90F4B984202D00E4B984243
:102AF0000AD10020FFF7B4FF18B10C490C4807F0C9
:102B000096FB00220B4B1A700123202223700A48E7
:102B1000002302F09FFD85F31188BFF36F8F38BD4E
:102B20008B37012050B5060088B50600A5F60600D3
:102B3000A0C006008A3701209020012008B5034973
:102B4000034807F074FB002008BD00BFC1F6060073
:102B5000A0C006002DE9F74300244FF001082546E8
:102B6000124E30683779D0F81090836801A95B68FD
:102B7000984700280CD014DB08FA05F31C430135F4
:102B8000042D06F10806ECD1204603B0BDE8F08321
:102B9000D9F80020019B08FA07F753403B42EED0DA
:102BA000EAE703B0BDE8F043FFF7C8BFE4CB060097
:102BB0002DE9F041074688460025104E27FA05F218
:102BC00012F0010210D128FA05F3DB070ED5317996
:102BD000306807F01CFB044640B10949094807F07A
:102BE00026FB2046BDE8F0810122F0E70135042DE7
:102BF00006F10806E2D10024F3E700BFC4CB0600CB
:102C0000D6F60600A0C006002DE9F041334F3B7810
:102C100053B10020FFF724FF28B131493148BDE806
:102C2000F04107F004BB3870FFF794FF04462E4BC9
:102C3000D3E8EF2FC3E8E14F0029F9D12B4BDFF8A0
:102C4000B0801A7842BBD8F80060A64219D0294B50
:102C500066401B680BB1314698474FF0FF334FF089
:102C6000FF32254802F086F9244B1D6835B1043D3A
:102C70002B683146204698476D68F7E71E4802F0FA
:102C8000F1F9C8F8004054B1BDE8F04140F2391202
:102C900000231B4802F0DEBC00221A70F1E7EFF3BC
:102CA0001186402383F31288BFF36F8F154B1D7875
:102CB000012D05D086F31188BFF36F8FBDE8F08139
:102CC00028461C70FFF7CCFE3D7086F31188BFF3D9
:102CD0006F8F0028F2D00C49A0E700BF8A3701208F
:102CE000ECF60600A0C0060028350120DA05012018
:102CF000FC3401202C350120003501201435012041
:102D0000902001208B37012005F7060070B50025C3
:102D10000B4E4FF40031304607F064FA044648B9D0
:102D20000135042D06F10806F3D1BDE870400F21EE
:102D3000FFF73EBF0349044807F079FA204670BD0B
:102D4000C4CB06001DF70600A0C00600054BD3E863
:102D5000AF3F00B10360044811B102685A400A60F5
:102D60000360704728350120F83401202DE9F8432D
:102D7000344B1860344D354807F0C5FE2E46002709
:102D8000A846F388304613F0010F0CBF2021102114
:102D900041F4803107F026FA044630B12C492D4821
:102DA00007F045FA2046BDE8F8830137042F06F105
:102DB0000806E6D1064607464FF001094FF4001118
:102DC0002846FFF729FE044608B12349E7E72B7997
:102DD000013709FA03F3042F46EA030605F1080553
:102DE000ECD105461D4F1E4BC7E9013658F835009A
:102DF0008368DB6933B1012239469847044620B124
:102E00001849CCE76FF05704FAE70135042DEDD1EE
:102E10001549164807F0FDFF0122154B13481A709B
:102E20000023002202F0E2FB21462046FFF78EFF3E
:102E3000FFF790FE0F4BD3E8EF2FC3E8E10F002917
:102E4000B0D0F8E72C350120E4CB06000035012096
:102E500037F70600A0C0060054F706001C35012015
:102E6000D12A06006FF70600092C060090200120E9
:102E70008B3701202835012002460B46014802F01D
:102E800079B800BFA4060120014802F0EBB800BFEA
:102E9000A40601200149024807F08ABF3435012009
:102EA000C02B0120094B93F80031042B02D181077C
:102EB00009D47047022B02D1020704D47047082BB3
:102EC00003D1830601D5FFF7E5BF70478C3701209A
:102ED00010B403460A46034881680C681946234625
:102EE00010BC1847C0B50600B0B5002484B000AFD0
:102EF0003B1D7C600A22BC60C7F80B40396001466C
:102F0000184608F022FA6D468AB003466A463968C8
:102F10000D48D161C2E905034FF4007313840B4BD4
:102F200042F8103F4FF4115123460948F5F792FC3F
:102F3000AD4684F31188BFF36F8F0323184602DF79
:102F40001037BD46B0BD00BF97F706000400000172
:102F500080C00600F0B589B0064600AF0D46344883
:102F6000344907F009FF07F10C00E7F73DFC6C4618
:102F700088B06A46304B5361304B93614FF4007315
:102F800093832F4B42F8103F2E492F4807F10C0333
:102F9000F5F760FCA5462D4807F0F2FC50B9012179
:102FA0002B4A294804F072FD6FF0120420462437A2
:102FB000BD46F0BD274B381D7B60E7F73FFC03465D
:102FC00038B10121244A204804F069FD6FF015044E
:102FD000ECE74FF0FF304FF0FF31FFF74DFF0446B5
:102FE0000028E3D11D491E48E7F7C0FB044610B195
:102FF000FFF74AFFDAE741F64C5307F10800BB60E0
:10300000E9F754F820B1FFF73FFF6FF08504CDE7F3
:10301000012338463B70F1F7A1F90028F3D1FFF7FF
:1030200033FF33690F481D60F7F720F8BEE700BF94
:1030300034350120DBA20600E4DC0600BCF7060004
:1030400003000001C01C400180C00600C0B506009E
:10305000E3F70600D12E060003F80600C020012089
:1030600039310600A52E060030B5304887B0E7F7A5
:1030700001FB0446002854D10125E7F7C7FBE7F719
:10308000D1FBF0F7A2F8F0F7A2F8F0F7A2F8F0F70A
:10309000A2F80221204603AA8DF80C50E7F718FB8E
:1030A00000283DDB08230721204603AAADF80C3099
:1030B000E7F70EFB002833DB4FF0FB13039340F2DE
:1030C00003230321204603AAADF81030E7F700FBE5
:1030D000002825DB0421204603AA8DF80C50E7F7D1
:1030E000F7FA00281CDB1F230621204603AAADF8AF
:1030F0000C30E7F7EDFA002812DB40F6FC2398428B
:1031000012DD0B4A009029460A4804F0D2FC84F3F1
:103110001188BFF36F8F0423184602DF6FF00B0096
:103120000446204607B030BD2046F9E7E92E0600E8
:1031300027F8060080C0060073B5434C94F80031B0
:103140003BB394F80031042B56D120783E2833D17C
:10315000A678B31E5E425E416378FF2B2ED14FF4FA
:103160008073009340F201130121384A384804F07B
:10317000A0FC6FF00B030121364A354804F08FFCA8
:10318000002383F31188BFF36F8F0423184602DFF7
:103190001DE04FF0FF304FF0FF31FFF76DFE48B9F3
:1031A000204604F5807100F081FB0546FFF76CFEB8
:1031B000002DC6D002B070BD0026CDE7002200234E
:1031C0003146F6F75DFF054648B9002EF2D00023E0
:1031D00084F8003102B0BDE87040FFF75BBE627852
:1031E0000232194905F10C0004F0F3FD1A4B29468F
:1031F0001B681A489847EAE7022B10D100220023E7
:103200000820F6F71BFF05460028D3D06388043357
:10321000B3F5807F0FD94FF480720092A4E7082B9A
:103220000BD1002300222020F6F708FF6388054613
:103230000028ECD1BEE71A46D3E70121084A04482A
:1032400004F02DFCC3E700BF8C3701204AF80600CC
:1032500080C00600A4F8060030350120F8B506004D
:103260006BF80600F7B5804D06462B78002B40F032
:10327000198304238DF807307C4B04881F68B7B18D
:103280000DF106030DF10702691CB84701280ED0A5
:103290009DF80630002B40F05B819DF807300E2230
:1032A000AB7001236A70EB70AC80A87159E1B4F582
:1032B000105F4FEA94230AD2002B4ED0013B072B1C
:1032C00008D8DFE803F00907367A070707C13F2B64
:1032D00000F00782012055E0304640F2064230F906
:1032E000033B93420FD040F21D4293421ED0012077
:1032F00040F206439C4200F02B8140F21D439C4269
:1033000000F026813EE0E8F775FC42F264039C423F
:1033100040F29B8242F285039C4233D842F267031B
:103320009C4200F2A48242F26603E8E7E8F7E2FC7E
:10333000EBE7304640F6634230F9033B934230D02E
:103340000DDC40F6034293421FD040F62D429342DB
:103350001ED040F60142934212D00120F8E040F620
:103360007B42934220D040F67C429342F5D19DF8B7
:1033700007303F4902338DF80730F0F78EFF01E048
:10338000E7F7A4FA0128E8D087E7EFF715FFF9E798
:103390009DF80730364903338DF80730F0F793FD79
:1033A000F0E7E7F7A5FAEDE79DF807303049043379
:1033B0008DF80730F0F762FFE4E73388A3F5805318
:1033C000013B082BC9D801A252F823F0F1330600C3
:1033D00003340600173406005B3306005B33060037
:1033E0005B3306005B3306005B33060037340600B0
:1033F0009DF807301E4808338DF80730F0F751FD6F
:10340000C0E79DF807301A4840338DF8073006F0C2
:1034100066FF002041E700229DF8073008338DF851
:103420000730134B1A605A60EB7A23F0600343F0C5
:103430006003EB72EDE79DF807300D4806338DF819
:103440000730F0F780FD9DE7304642F24E0130F83C
:10345000033B1AB28A4242F264016BDCB2F5005FB0
:1034600008DC8C425EE000BF8D380120443501202D
:1034700094380120A3F50053013B4D2B4FD8DFE8D2
:1034800013F0600075007E004E0087008A008D00FA
:10349000960099009C004E004E004E004E004E00DB
:1034A0004E004E004E004E004E009F00A800AB00A4
:1034B000B4004E00BD00C600CF004E004E004E00CE
:1034C0004E004E00DF00E800F1004E004E00F40018
:1034D000F700FA00FD004E004E00060109010C0144
:1034E00015011E0121014E004E004E004E004E00FF
:1034F0004E004E004E004E004E004E004E004E005C
:103500004E004E004E004E004E004E004E004E004B
:103510004E004E004E0024014E004E002D0142F29E
:1035200064039C423FF419AF40F29F8142F285034D
:103530000120F1E642F27C039A4292D1F0F717FFA4
:1035400001E0E7F7DFF942F264039C427FF4DDAE6D
:103550000F236B700423AB700123E8702B71A5F867
:103560000540012300202B7003B0F0BD9DF807300B
:10357000CA4803338DF80730E8F732FBE3E79DF8DC
:103580000730C64808338DF80730F0F705FEDAE754
:10359000F0F7F5FCD7E7E8F789FCD4E79DF80730AA
:1035A000BE4801338DF80730F0F7B9FCCBE7F0F7F0
:1035B00020FEC8E7F0F7F8FDC5E7E8F7D1FCC2E761
:1035C0009DF80730B54907338DF80730F0F7E4FC74
:1035D000B9E7F0F7D1FDB6E79DF80730AF491033F2
:1035E0008DF80730F0F7A6FCADE79DF80730AB4843
:1035F00008338DF80730F0F760FCA4E79DF807303A
:10360000A64902338DF80730F0F718FE9BE79DF8C6
:103610000730A24902338DF80730F0F720FE92E719
:103620009DF8073008338DF807308F23EB71C023E6
:10363000EB7242F264039C4240F00181002087E774
:103640009DF80730954902338DF80730F0F7C5FC37
:1036500079E79DF80730914804338DF80730E8F793
:1036600013FB70E7E8F7F8FA6DE7F0F7AFFB6AE7EE
:10367000F0F7CFFB67E7F0F702FC64E79DF807304F
:10368000864801338DF80730F0F707FC5BE7F0F769
:10369000E6FB58E7F0F7DAFB55E79DF807307F487F
:1036A00008338DF80730F0F7C7FC4CE79DF807307A
:1036B0007A4904338DF80730F0F7E9FC43E7E8F77F
:1036C000EDFA40E7F0F720FD3DE79DF8073073483D
:1036D00002338DF80730F0F711FC34E7F0F7BCFC4B
:1036E00031E730464FF60C5230F8033B934245D851
:1036F0004FF60252934206D803F2FF3292B20A2AE0
:103700001ED901204DE0A3F57D43033B092BF8D8DA
:1037100001A252F823F000BF153806000337060057
:103720001B38060003370600033706000337060080
:103730002138060003370600033706002738060045
:10374000A3F57C43013B0A2BDBD801A252F823F0FE
:1037500093370600AF37060003370600033706002D
:1037600003370600FD37060003370600033706005F
:10377000D9370600EB370600033806004FF614521F
:10378000934253D04FF616529342BAD1E8F796FCC3
:1037900007E09DF8073041480C338DF80730EFF70C
:1037A0001CFD4FF6025224F008039342A8E50020C6
:1037B0009DF8073040338DF80730384B1880EB798F
:1037C00023F0230343F02303EB712B7A23F0070349
:1037D00043F007032B72E4E79DF807302F481733B7
:1037E0008DF80730EFF714FDDBE79DF807302B4825
:1037F00020338DF80730EFF72FFDD2E7EFF706FD06
:10380000CFE79DF80730254801338DF80730EFF7F3
:1038100040FDC6E7F0F7A2FDC3E7E8F747FCC0E7C5
:10382000EFF74DFDBDE7F0F782FDBAE79DF80730F1
:103830001A4904338DF80730EFF745FDB1E703D996
:1038400042F28503002067E5002042F219039C4202
:1038500018D842F20C039C427FF64AADA4F50053FF
:103860000D3B41F241229BB206E00120EDE7A4F5B9
:103870000153283B0A4A9BB222FA03F3DB077FF588
:1038800081AD65E642F232039C423FF461AEA4F59D
:103890000153033B012B3FF675AD59E694380120E7
:1038A0002F8040204FF0FF305EE600BF38B5094C56
:1038B0000D4623781BB9BDE83840EFF70BBEA27860
:1038C000611C023207F01CFD0020042320702B70C5
:1038D00038BD00BF8D38012070B505460E46084C36
:1038E000204607F04DF838B1A36829462046B2B209
:1038F0001B68BDE8704018476FF0120070BD00BF34
:10390000C0B50600024B1860024B002019607047DA
:10391000AC050120A80501204FF40071014802F018
:10392000DBBE00BFD5380120322337B50125ADF805
:10393000043000231C216846104A8DF80630ADF88B
:1039400000508DF80230EFF7D1F9044698B906F02F
:10395000F8F980B2EDF72AFF2A4621468520F5F7CF
:1039600071FE2A462146E520F5F76CFE2A462146DF
:103970008A20F5F767FE204603B030BD9139060076
:103980000149024807F014BA4C350120C02B012030
:10399000B0B5002484B000AF3B1D7C600A22BC603F
:1039A000C7F80B4039600146184607F0CEFC6D465B
:1039B0008AB003466A4639680D48D161C2E90503F9
:1039C0004FF4007313840B4B42F8103F4FF4115126
:1039D00023460948F4F73EFFAD4684F31188BFF350
:1039E0006F8F0323184602DF1037BD46B0BD00BFFE
:1039F000FCF8060004000001D0C006000122014BC3
:103A00001A63704700E010400122014B5A6370476F
:103A100000E0104010B50749074806F0EAFC0446EC
:103A200028B101210346054A054804F038F820462C
:103A300010BD00BF913C06005C35012024F9060052
:103A4000F8C006002DE9F041DFF8D4810D46D8F822
:103A5000704000AF072C00F008065BD0132C00F07C
:103A6000A080052C40F0B980D8F854806D496E488C
:103A700006F0BBFC18F4805F41D06C496A4806F040
:103A8000B4FC172418F4006F04D06949664806F0A6
:103A9000ACFC182418F4007F0ED06649624806F08A
:103AA000A4FC654B18F4004F9B6B04D00121634AC2
:103AB0005D4803F0F4FF192418F4806F04D06049C6
:103AC000594806F092FC1A2418F4807F19D05D49F9
:103AD000554806F08AFC1B24EB69002E40F09B80C1
:103AE000C3F3080222B96FEA53236FEA4323EB6161
:103AF00029462046F5F7FCF9BD46BDE8F0811624BD
:103B0000C0E718F4005FE7D04F49474806F06DFC66
:103B10001C24E1E7D8F85C4043484C4906F065FCBA
:103B2000600606D5D8F868300121494A3E4803F0BE
:103B3000B6FFE10705D547493B4806F056FC262469
:103B4000CAE7A20705D54449374806F04EFC2724AA
:103B5000C2E7630705D54149334806F046FC2824EF
:103B6000BAE7200705D53E492F4806F03EFC292438
:103B7000B2E7E10605D53B492B4806F036FC2A247E
:103B8000AAE7A20605D53849274806F02EFC2B24C3
:103B9000A2E723063DD53549234806F026FC2C2410
:103BA0009AE7D8F86C8032491F4806F01EFC18F0DE
:103BB000020F03D02F491C4806F017FC18F0010F24
:103BC00003D02D49184806F010FC18F0040F83D0DC
:103BD0002A49154806F009FC7EE7294A294BE846A0
:103BE0008AB00F2CC8BF13466A462749103CC2E969
:103BF00005134FF400731384244BD46142F8103F33
:103C000000234FF411510848F4F724FE0024C54660
:103C100062E7252460E723F4FF7323F0010366E7DE
:103C20005C3501203CD50600F8C0060052D50600E0
:103C3000B6D3060063D5060000ED00E07CD5060093
:103C400091D50600ACD5060016D406005EF9060034
:103C500077F9060087F906009DF90600BBF9060012
:103C6000D6F90600F3F9060008FA060022FA060063
:103C700035FA06004FFA06007FFA0600ADFA060094
:103C8000D9D50600C4D50600BAD606000400000146
:103C900000B5104B89B05A6AD86C00929A6A20F02D
:103CA00005000192DA6A694602921A6B03925A6B16
:103CB00004929A6B0592DA6B06921A6C1B6D07924E
:103CC0009B0748BF40F00400FFF7BCFE09B05DF859
:103CD00004FB00BF5C3501200128034609D00228FF
:103CE00003D050B9074B1B6802E00420054B1B684A
:103CF0001847044B07201B68FAE70221024A0348D1
:103D000003F0CDBED0350120E1FA0600F0C0060078
:103D1000014B02201B681847D0350120012806D02E
:103D2000022808D050B9064B02201B681847002013
:103D30000449EDF745BC01200249FAE7704700BF8E
:103D4000D0350120D93C0600014B18600020704797
:103D5000D03501202DE9F04105460E46174698461C
:103D600007F0B3F868B10124424639463046069B55
:103D7000A847054614B90B4801F074F92846BDE878
:103D8000F081094B1B78002BEDD04FF0FF324FF044
:103D9000FF33044801F0EEF804460028E4D06FF049
:103DA0008305EBE7B8060120D53A0120002300B5D2
:103DB00089B0CDE9063303AB049304230390059344
:103DC000A9B10B6806934B6807930223111E18BF15
:103DD00001210848CDE9002140F2F53104AA00F0A4
:103DE000B9F90028B8BF012009B05DF804FB012330
:103DF000ECE700BF050100402DE9F0414FF040081D
:103E00009AB01C460AAB07460E46154600214246AC
:103E1000184607F082FA1C23CDE9073604230393E2
:103E2000012340F20322019302ABCDE90408ADF86F
:103E3000502000930021032304AA04480697099503
:103E4000029400F087F91AB0BDE8F081000100404B
:103E500010B594B004463C22002105A807F05DFA95
:103E60004FF40173ADF8383004AB002102934023C6
:103E7000CDE90011039302AA01230348049400F042
:103E800069F914B010BD00BF00010040F0B597B053
:103E900007460E46154600213C2207A81C4607F09F
:103EA0003CFA40F20523ADF8403006AB02934023C4
:103EB000CDE90336012304AA01930092002102AA4E
:103EC00004480697059500F045F9059B236017B057
:103ED000F0BD00BF00010040F0B597B007460E46A8
:103EE000154600213C2207A81C4607F016FA40F2AE
:103EF0000623ADF8403006AB02934023CDE90336EC
:103F0000012304AA01930092002102AA0448069703
:103F1000059500F01FF9059B236017B0F0BD00BFA9
:103F20000001004070B5044696B00E4615460021CB
:103F3000342209A807F0F1F9236804AA089340F293
:103F40000243ADF8403006AB02934023CDE9033481
:103F500004230593012300920021019302AA034840
:103F6000CDE9066500F0F6F816B070BD000100401E
:103F7000F0B54027064697B006AB0D461446002123
:103F80003A46184607F0C9F932680021089240F213
:103F90000442CDE90207ADF840200223CDE900112B
:103FA00002AA0348CDE9045400F0D4F817B0F0BDDC
:103FB000000100402DE9F0414FF0400898B01D4647
:103FC00008AB04460F46164600214246184607F045
:103FD000A4F904232268CDE9053702230A9240F2AE
:103FE0000542019304ABCDE90208ADF848200093E7
:103FF0000021012302AA05480494079600F0AAF8BC
:10400000079B2B6018B0BDE8F08100BF00010040A5
:1040100070B5402696B006AB05460C4632460021E8
:10402000184607F07AF94FF48072CDE90206CDE91F
:104030000454ADF8402054B1012304AA0092002199
:104040000448019302AA00F085F816B070BD20461E
:10405000FBE700BF0001004070B5402698B008ABF8
:1040600005460C4632460021184607F056F91C2337
:10407000079304230393012340F20922019302AB27
:10408000CDE90406ADF8482000930021022304AADC
:1040900003480695029400F05DF818B070BD00BFAB
:1040A00000010040F0B599B007460E4615460021C4
:1040B00038220AA81C4607F030F94FF48063ADF8A7
:1040C000483008AB04934023CDE905351E9B04AA74
:1040D00002931F9B002103930123019302AB0093E2
:1040E00005480223CDE90876079400F033F8209BB9
:1040F000039A1A6019B0F0BD00010040F0B599B004
:1041000006460F461546002138220AA81C4607F02D
:1041100004F94FF41063ADF8483008AB0493402322
:10412000CDE905351E9B04AA02931F9B0021039332
:104130000123019302AB009305480223CDE90876E1
:10414000079400F007F8209B039A1A6019B0F0BD9D
:104150000001004010B4B1F5004F029C0ED2042BB8
:104160000CD8042C0AD8240444EA0364134644EA15
:104170000102014610BC0348FFF7ECBD6FF0800060
:1041800010BC704701050000034AD2F88C3043F49C
:104190004063C2F88C30704700ED00E0036803F024
:1041A0001F027F2B02604FEA53129ABF024B53F853
:1041B00022000020704700BF10CC0600034A4309CC
:1041C000D35C00F01F001844C0B270470DFB06001E
:1041D000F0B58446002587B0DFF848E0124F019122
:1041E00002AE1EF8013B06AA02EBD30212F8144CF1
:1041F00003F00703DC4014F0010406D10135042D5F
:10420000EFD10024204607B0F0BD97E80F0086E804
:104210000F0056F82520136A4CF825301362002B46
:10422000ECD0EFE71DFB0600DCC10600F7B5044645
:104230000846FFF7C3FF06B204EB4606B38A0D46F5
:10424000DB072BD5204606F031FA2946204606F03A
:104250009DF958B1204606F0AFF90022276800B258
:1042600007EB8003C3F81025C3F810252946204624
:1042700006F0CBF9002101A8B1820195FFF78EFF6E
:10428000019B00EB8300D0F88020064B134043F0E5
:104290000203C0F88030084603B0F0BD6FF015008F
:1042A000FAE700BFF0F0FCFF2DE9F043044685B0CB
:1042B000084616461D46FFF781FF0F46804636B377
:1042C000204606F06EF918B9204606F05FF928BBC3
:1042D0000FFA88F904EB4909B9F8143013F01C0FF0
:1042E00002D07378012B19D001238DF80F300023F1
:1042F0003846CDE90063721CB31C0DF10F0106F0C6
:10430000EDF8B9F8143043F00303A9F81430002D88
:1043100040D03946204606F044F920B96FF0150028
:1043200005B0BDE8F0830022297823684FEA810CAC
:1043300003EB8103C3F81025C3F810250FFA88F2A8
:1043400004EB4202938A23F4604323F02003938218
:104350006E78FEB12468A8786444D4F810550E4BEA
:1043600036042B40C4F8103541F6F07306F440369D
:1043700003EA07130005D4F81055334300F4801006
:1043800003432B43C4F81035938A43EA413343F087
:10439000200393820020C3E70FE0ECFF70B590F894
:1043A000B040054690F8B1602CBB21468422143001
:1043B00006F0B3FF2146114B286853F836608E4251
:1043C0000FD10024C0F84041D0F84031C0F308308C
:1043D000F5F716F90123204685F8B030C5F89C3072
:1043E00070BDCBB29B0003F58072402B04BF84509C
:1043F00083580131E3E76FF07700F1E720CC060046
:1044000090F8B100024B03EB800006F04EB800BFFD
:10441000B405012010B5064B90F8B1000C4603EB33
:10442000800006F028F80028A4BF2070002010BDEE
:10443000B40501202DE9F04F814659F8043B8DB0B9
:10444000D3F8041390F8B14000936C4BC9B241F417
:104450008031804653F83420009806F000F9C103FB
:1044600005463BD51022002108A806F056FF634BF5
:1044700008A803EBC4035B6819460193FFF7A8FE85
:10448000042303EBC40303934FF0000B5C4B0DF1CB
:10449000200A0293029A594912F8013B0292039AA8
:1044A00002EBD3028A5C03F0070322FA03F3DA0774
:1044B0001AD40BF1010BBBF1040F0AF1040AE9D184
:1044C0004FF480310022009806F0C9F8019908A83D
:1044D000FFF77EFE0028D7D125F480350124002D7A
:1044E00075D10DB0BDE8F08F464B5B440493DAF80C
:1044F00000100029DDD091FAA1F1B1FA81F1049BFD
:104500001C7841EA44142046FFF758FE08EB4000AF
:10451000878AC808BB08059301231AF8002001F018
:10452000070103FA01F122EA01020AF8002007A8B4
:104530000794FFF733FE079A059B203250F822209C
:10454000C7F382065B073746C2F3014223D54846CC
:10455000D6B221463A4606F039F807A80794FFF785
:104560001DFE079B203350F82330C3F301439E42C6
:1045700007D10021204605F0FAFF3146204605F01C
:10458000F6FF07A80794FFF709FE0122079B02FA2E
:1045900003F30362ABE7022A0DD10321204605F0A5
:1045A000E6FF06F00503012BEBD13A4621464846CB
:1045B00006F00CF8E5E702212046059205F0D7FF4A
:1045C000032EF2D0059A032ADBD1022EECE795FAEE
:1045D000A5F3B3FA83F3009904FA03F225EA02057E
:1045E00003F5A27251F8222008EB43034846B3F8C2
:1045F000A010C2F3014205F0E9FF70E720CC0600ED
:104600001DFB06001DFB06000123034A03FA00F010
:1046100093680343936070472002012073B50446FA
:104620000191EFF31186402383F31288BFF36F8F5C
:104630000B4D019B6A6801A81340019305F01BFF15
:10464000002807DB01226B68824023EA02036B60CB
:104650002070002086F31188BFF36F8F02B070BD09
:1046600020020120074B027AD3F8101521F0010136
:104670000A43C3F810250268C3F8A4264268C3F8A9
:10468000AC26704700200E404FF0FF306FF04041E5
:1046900030B5054CD4E90023904271EB0305F9D302
:1046A0001046C3F3130130BD30270E4030B50C2542
:1046B000074B1C1894F8544005FB0433C3E903125C
:1046C00018750123034A8340C2F8143330BD00BF7C
:1046D0002002012000200E40F0B53D4D85B02C7821
:1046E000002C6FD13B4A01AB07CA83E807003A4967
:1046F0001846D1F8102522F00202C1F81025FFF764
:10470000B1FF0723672202F001012144013BCCB233
:104710004FEA5202F7D1052C57D119464FF0010C40
:104720002B4E00246720CFB204E00CFA02F220EAFC
:104730000200013490FAA0F25FFA84FEBE45B2FA9C
:1047400082F2F2D30131327505292A4482F854707D
:1047500006F10C06E5D10121002420489A0801FA4F
:1047600002F212F0670F18BF1C500433302BF5D142
:10477000E320F4F745FF184B1949D3F8102503F54A
:10478000C07322F00202C3F8902340F6FF72C3F810
:10479000982100221A60A3F5807004338B420260D6
:1047A000F8D101240C4B0F4A1C660F4B5D201B688F
:1047B000B3FBF2F358430D4B2343984700202C7072
:1047C00005B0F0BD6FF07700FAE76FF08B00F7E708
:1047D00020020120ECC1060000200E4000210E4006
:1047E000B0210E4040420F00B005012010C5060068
:1047F00038B5254B0C46D3F8102595073DD4D3F892
:10480000102542F00202C3F81025C0B1D3F83827B2
:1048100012F0010202BFD3F8381741F00101C3F8CA
:104820003817194BD3F83017D3F834174900F9D497
:104830002AB9D3F8382722F00102C3F83827134BDE
:10484000134A1B681049B3FBF2F303EB4313BBB1EC
:10485000D1F83027D1F8345715F080450BD14FF0FF
:10486000FF312046FFF7DAFE002803DB2078FFF750
:10487000CBFE284638BD013BE9E76FF07700F9E74A
:104880006FF07300F6E700BF00200E40B005012076
:1048900040420F0070B51D461446184A9DF810603E
:1048A000131893F8543000B20C3302EBC30142F8F2
:1048B00033404D60C5F31301AEB10201104E02F159
:1048C000804202F562228000C2F820450644C2F808
:1048D0002415336833B1FFF7D7FEA042A94101D2B6
:1048E0000023336070BD030103F1804303F56223AD
:1048F000C3F82045C3F82415F4E700BF20020120C7
:1049000000210E40F0B50E4D2B1893F854300001E5
:104910000C3355F8334005EBC3077E68641800F18B
:10492000804021F0004146F1000641EAC27100F5E5
:10493000622045F833407E60C0F82815F0BD00BF06
:1049400020020120F7B5284B284CD3F81C6304F152
:1049500088070EB903B0F0BD96FAA6F00123B0FAAD
:1049600080F08340DA43224926EA0306231893F8AD
:104970005450830019440C2303FB0543DB6873B3D5
:10498000D7E8EF3F03EA020CC7E8EECFBEF1000F15
:10499000F6D1C340DB0719D5020102F1804202F5CE
:1049A0006222D2F82435D2F82025D1F800C0BCF11B
:1049B000000FCED04FF0000CC1F800C00C2101FB5D
:1049C000054529690091E9688847C2E705F10C03AC
:1049D00004EBC30C54F83320DCF80430E5E70A6834
:1049E000002AB6D00B60B4E700200E402002012060
:1049F00000210E4010B50446F3F75CFE0348012188
:104A0000034A03F043F8204605F0C5FFF8C006004E
:104A100021FB06002DE9F84304460D4600AFEFF3F5
:104A20001188402383F31288BFF36F8F0428294A2B
:104A300098BF294BE9468AB09668117C98BF53F815
:104A400020306A4688BF254BC2E9073140F2013366
:104A500023489384234BC2E9050442F8103F002306
:104A60004FF431512048F3F7F5FECD4645B1EB69DF
:104A7000C3F3080323B101211C4A1B4803F006F8C5
:104A80002EB1304606F027FA08B1037803B918486A
:104A9000E9468AB06A46174BD061C2E9053640F252
:104AA00001331384144B42F8103F00234FF411518B
:104AB0000D48F3F7CFFE2946CD462046FFF79AFF73
:104AC00088F31188BFF36F8F3046F4F741FDBD4680
:104AD000BDE8F883D435012030CC060030FB060059
:104AE0003EFB060005000001F8C0060066FB06005C
:104AF000A5DC060087FB06000400000138B50A4B60
:104B000053F82040013053F82050A54200D838BD5A
:104B1000606830B1037EDB0701D405F019FF08346B
:104B2000F3E723689847FAE744CC0600012270B502
:104B3000294B032086B01A70FFF7E0FF06F0DFFB79
:104B40000420FFF7DBFF254C254D2646AE4204F13D
:104B5000300410D300F0F6FF204C224EAC4226D396
:104B600001F004F8F2F76CFB1F4A137B23F00103FA
:104B7000137306B070BD54F80C3C059354F8103C08
:104B8000049354F8143C039354F8183C029354F8DB
:104B90001C3C019354F8203C009354E90A2354E947
:104BA0000C0100F0A5FD54F8303C5E65CDE7D4E97A
:104BB0000A23B3F1FF3F08BFB2F1FF3F05D052EA2D
:104BC0000301206803D101F08DF83034C6E7314687
:104BD000183001F037FAF8E7D53A012040BF060057
:104BE00040BF0600D5AF0600702D0120C82370B568
:104BF000144E86B003FB0066134B012205930F236E
:104C0000CDE903320023CDE9013314234FF4A07220
:104C10000E4D0F4903FB0055044602FB00110D4BDE
:104C20003046009500F064FD737B2C7423F0040380
:104C30007373094B013403EBC423EE606B6006B061
:104C400070BD00BFA82C0120E9FB0600D43501206F
:104C5000C872012093AA0600C86A0120BFB50020CF
:104C6000FFF74CFF284B83F30888E023274C0025EF
:104C700084F822302023E37725766576A57684F8BC
:104C80002050636A224F43F4E023636284F8235088
:104C9000F4F7DCFBF4F750FD4FF0FF33A362E3625F
:104CA000F4F7F0FEF4F76EFDF3F762FC194800F03C
:104CB000B5FD0120FFF722FF0220174CFFF71EFF72
:104CC00000F088FF154B16495C61164B4FF480626B
:104CD000059301232046CDE90353CDE901553B4619
:104CE000009500F005FD0646627B204622F0040296
:104CF000627306F02CF92846FFF778FF3A463146F2
:104D00002046F4F7FBFC00BFC872012000ED00E074
:104D10002D4B0600202F0120702D0120D4350120BD
:104D200008740120F8CE060038B5064C064DAC429A
:104D300001D3002038BD2046D4E9011205F033FE2E
:104D40001434F4E7A4060120A4060120002038B59D
:104D5000054C064DAC4200D338BD204605F047FE59
:104D60000028F9DB1C34F5E734060120A4060120F5
:104D700073B50C46EFF31181402585F31288BFF31C
:104D80006F8FC5685DB125602B68C360836901338F
:104D90008361002081F31188BFF36F8F11E052EA25
:104DA000030603D16FF00B002560F3E7CDE9002384
:104DB0000246083000F00CFE18B9034B9B681B69D3
:104DC000236002B070BD00BFD43501202DE9F3414E
:104DD00004460E469DF8200004F10808EFF3118701
:104DE000402181F31288BFF36F8F256AE1688D42FD
:104DF00047D22568AC4218D0BDB1284605F054FE14
:104E000005F1180006F076F93146A268286906F027
:104E100077FA00232846C5F8C03006F098F84046D7
:104E2000394600F069FE002038E0A268D8B131466A
:104E3000E06906F065FAE369A26813446269E36118
:104E4000934201D12369E361236A10210133236274
:104E500004F1240006F02DFA0028E0D187F3118830
:104E6000BFF36F8F1AE0A1692369994208BF636994
:104E7000314608BFA361A069801AA06106F040FA1C
:104E8000E2E752EA03010CD00749404689680E6107
:104E9000CDE900233946224600F09AFD02B0BDE874
:104EA000F0816FF02200D9E7D4350120F7B5044630
:104EB000084604F10807EFF31186402181F31288B8
:104EC000BFF36F8F216A00293AD0A268A16906F06A
:104ED00017FAA369A268256813446269A361934223
:104EE00004BF2369A361236AAC4203F1FF33236249
:104EF00034D02846002D32D005F0D6FD05F118003B
:104F000006F0F8F8A2682969E06906F0F9F9E369A2
:104F1000A268284613446269E361934204BF23698F
:104F2000E361236A013323620024C5F8C04006F020
:104F30000EF83846314600F0DFFD204603B0F0BDE4
:104F400052EA030110D00A4989680861CDE90023BB
:104F500031462246384600F03BFDEFE7002086F35D
:104F60001188BFF36F8FE9E76FF02200F7E700BF0A
:104F7000D43501202DE9F341044617461E46EFF3D0
:104F80001188402383F31288BFF36F8FC368334ABD
:104F90007BB180689168884219D057EA060318D11E
:104FA00088F31188BFF36F8F6FF00F0002B0BDE878
:104FB000F081916891F90E100133E36093682161EB
:104FC000A36088F31188BFF36F8F0020EEE721699B
:104FD000F2E791F90E1090F90E306FF07E029942CF
:104FE000A8BF19469142B8BF11468B422DDD05F08E
:104FF00082FD054622464146CDE90076184800F07C
:10500000E7FC0028E1D0EFF31186402383F31288F8
:10501000BFF36F8FA068D0B1236821699C420AD08A
:105020004BB193F90E309942A8BF19466FF07E0339
:105030009942B8BF194605F05EFD40B131460848B7
:1050400000F05AFD6FF00A00B0E70025D2E7002D0E
:10505000F4D186F31188BFF36F8FF3E7D4350120C5
:10506000D63A0120F8B583680546002B40D0234A84
:10507000926893423FD1C368012B03D9013BC360BF
:105080000020F8BDEFF31187402383F31288BFF3AC
:105090006F8F0169806805F02EFD2C68AC4207D146
:1050A0000023C5E9023387F31188BFF36F8FE7E769
:1050B000002CF5D0D4E90032002613605A60637BDF
:1050C000C4E9006623F002036373A66004F11800CC
:1050D00006F010F8AC6094F90E3020462B61C4F84D
:1050E000C06005F034FF3946054800F005FDC7E70C
:1050F0006FF01500C5E74FF0FF30C2E7D43501204F
:10510000D63A012037B51146EFF31185402282F3DC
:105110001288BFF36F8F04689CB12368426823F044
:1051200003039442036008BF43600121204605F059
:105130006FFD044685F31188BFF36F8F204603B0DF
:1051400030BD51EA0302F5D000F10802CDE90013A9
:105150001046294600F03CFC0028EFD1014B9B682B
:105160001C69EBE7D435012070B5EFF311864023BD
:1051700083F31288BFF36F8F0468A0421BD0D4B1B1
:10518000D4E90032002513605A60637BC4E90055FE
:1051900023F002036373A56004F1180005F0AAFF71
:1051A0002046C4F8C05005F0D2FE3146BDE870403C
:1051B000094800F0A1BCD0E902329A4218BF01337D
:1051C00002218360103006F074F80028EDD186F3D8
:1051D0001188BFF36F8F70BDD63A012013B5EFF37E
:1051E0001181402484F31288BFF36F8F846844B127
:1051F000013C846081F31188BFF36F8F002002B0FF
:1052000010BD52EA030406D181F31188BFF36F8FFA
:105210006FF00F00F3E7CDE900230246014800F0EC
:10522000D7FBECE7D63A012007B5074B4FF40062F5
:10523000009306494FF0FF33054800F06DF9002058
:1052400003B05DF804FB00BF5CCC060008780120C9
:10525000382E01202DE9FF41044640274E4EEFF342
:10526000118887F31288BFF36F8FD4F8CC50F5B94B
:10527000022104F1E40005F00CFD002868D004F1DF
:10528000DC0500220121284605F0FAFE0028F8D1AD
:1052900000234FF0FF3202934FF0FF334146CDE938
:1052A00000233E4804F1D40200F0E8FDD7E7D4F82B
:1052B000D0202B689542C4F8CC3008BFC4F8D03059
:1052C000D4F8E43043F00203C4F8E430EB6823F090
:1052D000040343F00103EB606B6888F31188BFF3AC
:1052E0006F8F28469847EFF3118887F31288BFF332
:1052F0006F8FEB68D80623F0010236D4EA60EB68C2
:105300009A0716D5306823F00203EB6088B10021BC
:10531000036870B14268954235D1036869BB726811
:105320003360824200D17360002340F8083BFFF7EE
:105330001BFFD4F8E43023F00203C4F8E43088F310
:105340001188BFF36F8FDB0589D400F04BFC86E733
:10535000D4F8E430D9069BD5C4F8E40088F311886A
:10536000BFF36F8F04B0BDE8F08123F01103EB6051
:1053700005F11000FFF7F8FEC1E70B607368834288
:1053800008BF7160D0E723B11A680146184613467A
:10539000BFE71A46F9E700BFF8350120D63A0120E9
:1053A00070B5C3680546C3F340069B070C460DD590
:1053B0000122002104F1080005F05BFC00232360BA
:1053C000054B65605A681AB9C3E90044304670BDA0
:1053D00014605C60FAE700BFF8350120F8B5C368D7
:1053E00004469A070F46C3F340062ED45B071CD42D
:1053F0000B680BB983680B60E368DD0742BFA368E5
:1054000002263B603D6858BF0126002D3CD0204B52
:105410009A68D5F8C8309A420AD0D5F8E430D8074F
:10542000C3F3800214D46FF0120600233B6025E022
:1054300005F04BFDD5F8E4300028F0D1D907C3F3CF
:10544000C002F0D552B15B0708D46FF00F06ECE74D
:10545000002AFAD1C3F3C003002BF6D10023236046
:10546000D5F8D03063B9C5E93344284605F02CFCA3
:10547000E36843F00403E3603B68A3603046F8BD93
:105480001C60C5F8D040F0E76FF01506CDE700BF0F
:10549000D4350120F8B5C368064603F00503002B98
:1054A0000C4614BF012700271CD08568012200216B
:1054B00004F1100005F0DDFB2046134905F05CFC0B
:1054C000E36843F01003E360F3685B0712D53368C9
:1054D00023606BB9D5F8D03033B9C5E933442846D9
:1054E00005F0F2FB3846F8BD1C60C5F8D040F6E781
:1054F0003460F4E7D5F8CC302360D5F8D030C5F867
:10550000CC40002BEBD1F0E7A9AC060001460148E6
:1055100005F04EBC382E0120F0B50446002089B0BD
:10552000C4E933000E9D04F1D400C4E9350004F150
:10553000DC00C4E9370055B32879002840F2011097
:1055400008BF0120C4F8E40000204FF0FF364FF000
:10555000FF37CDE90330CDE90100CDE906672046EC
:105560000C4B009400F02EF955B1296811B120467A
:1055700000F0AEF86B791BB1237B43F0010323737A
:10558000204600F0AFFBC4F8C84009B0F0BD0120D0
:10559000D8E700BF5552060037B501900846EFF333
:1055A0001184402181F31288BFF36F8FC16811F01D
:1055B0001E0F16D153EA020508D101A9FFF70EFF0D
:1055C00084F31188BFF36F8F03B030BD41F0080141
:1055D000C160019910308161034900F033FD012061
:1055E000EEE70020ECE700BF3DAD060001460148B4
:1055F000FFF7D2BF382E0120F7B50C4616461D46E0
:105600000190EFF31187402383F31288BFF36F8F6C
:10561000084605F04AFB55EA060309D1204601A9D0
:10562000FFF7DCFE87F31188BFF36F8F03B0F0BD87
:10563000E368324643F00803E360019B0449A36238
:1056400004F110002B4600F0FDFC0120EAE700BF4A
:105650003DAD060001460148FFF7CEBF382E0120C0
:105660002DE9F0410546EFF31187402383F31288BB
:10567000BFF36F8F0468A04222D00CB300262046EF
:1056800005F016FC04F1180005F034FDB046204684
:10569000C4F8C08005F05BFC2C680136A54208D038
:1056A0003CB1204605F004FC04F1180005F022FD91
:1056B000EDE73946054800F01FFA3046BDE8F081B5
:1056C00087F31188BFF36F8F0026F6E7D63A0120E3
:1056D00010B5044608B9054B9C681F2204F18800E8
:1056E00005F033FE002084F8A70010BDD43501205A
:1056F0002DE9F04F984685B000F15803C0E9163304
:10570000129B002503730423D61D26F0070643735E
:10571000119B01EB060A0F46C0E90655514685600C
:105720008373C5730446DDF838B0DDF84C90F3F7A9
:105730003FFC109B073020F00700C4E92A76C4F82C
:10574000B00002930F9BAAEB0006CDE900B33246EE
:10575000434639462046F3F7B1FF0F9BC4E91D8B42
:10576000E367109B656584F87050C4F88030EFF3F0
:105770001183402282F31288BFF36F8F104F3A6A71
:105780003C62C4F8842083F31188BFF36F8FB9F1B2
:10579000000F11D01F22494604F1880005F0D5FD05
:1057A00084F8A750BB680BB1D3F8B4303046C4F8C6
:1057B000B43005B0BDE8F08F84F88890F2E700BF00
:1057C000D4350120F0B5002587B00595109DDDE9A1
:1057D000127604950F9D044603950E9D02950D9D2E
:1057E00001950C9D0095FFF783FFB6F1FF3F08BFC1
:1057F000B7F1FF3F05D056EA070305D1204600F078
:1058000071FA204607B0F0BD3A46334604F118005D
:10581000014900F017FCF4E7D5AF060040F2011390
:1058200083810023C0E92A33C0F8B430014B98606B
:10583000704700BFD43501206FF00A01094A936810
:10584000C3F8C0100849C3F8BC004B6843F080534C
:105850004B60002383F31188BFF36F8F9368D3F8F5
:10586000C0007047D435012000ED00E070B590F91C
:105870000D20437B002A36DBD90634D11B4C63F064
:105880007F032246437352F8183FE169934207D1E0
:10589000C0E900210860E06111E09942F8D01B687E
:1058A000002BF5D090F90E5093F90E60B542F4D06C
:1058B000AE42F2DD5968C0E9003108605860A56960
:1058C000954200D005B9E568A3685A7BD20604D199
:1058D000DA897F2A01D9AA6932B1AB4202D02846BF
:1058E00000F00EFB656170BD6361FCE7D4350120FB
:1058F00038B590F90D200146002A437B04DA03F005
:105900007F03437305F0E9FA0D4D2A4652F8184F0C
:10591000AB68944200D004B9EC688B4207D05A7B44
:10592000D20604D1DA897F2A01D9A2692AB1A34219
:1059300002D0204600F0E4FA23466B6138BD00BF78
:10594000D4350120B3F1FF3F08BFB2F1FF3F03D0D0
:105950000249183000F076BB704700BFD5AF060093
:1059600038B5194CA168E0690B68814214BF1A462A
:10597000002249680B605960A368E1692AB9134A9B
:10598000C3E900210B60E3610CE093F90E0092F98A
:105990000E50A84214D0854212DD5168C3E900219F
:1059A0000B605360A569094B9D4200D005B9E568BD
:1059B000A3689D4202D0284600F0A2FA656138BD76
:1059C0009142DCD01268D9E7D4350120EC350120B2
:1059D000F8B5DDE906670D4B0C46986811460C4A90
:1059E0001060EFF31182402282F31288BFF36F8FB1
:1059F0009D68284605F083FA284632463B46FFF765
:105A0000A1FF2046BDE8F840FFF716BFD4350120BE
:105A100000360120F8B50446EFF31187402383F3E5
:105A20001288BFF36F8F437B49B203F01F02002A35
:105A30000CBF0126002639D103F07F032D4D43739F
:105A400005F04BFA2A46437B817363F07F0343736F
:105A500052F8183F934227D1E869C4E90020046056
:105A6000EC610FE09842F8D01B68002BF5D093F959
:105A70000EC06145F6D08C45F4DD5968C4E90031AB
:105A80000C605C60AC69944200D004B9EC68AB680F
:105A90009C4202D0204600F033FA6C6187F31188F3
:105AA000BFF36F8F3046F8BDE869DEE79B071ED570
:105AB000856805F012FA81732B689D4209D16B68E5
:105AC000C4E900531C606C60E8E76A689342F6D052
:105AD0001B68002BF3D093F90E209142F5D08A4237
:105AE000F3DD5A68C4E9003214605C60D6E7817364
:105AF000D4E700BFD435012049B9EFF3058030B9B0
:105B0000054B5A699B689A4201D0FFF795BE81F315
:105B10001188BFF36F8F7047D4350120034648B911
:105B2000EFF3058232B9064A51699268914201D079
:105B3000FFF782BE83F31188BFF36F8F704700BFFA
:105B4000D4350120EFF31181402383F31288BFF392
:105B50006F8F054B9A68D37B013BD37381F3118818
:105B6000BFF36F8F704700BFD435012070B5EFF3DE
:105B70001186402383F31288BFF36F8F144DAB68F7
:105B8000DA7B0132DA732A4652F8184F944200D079
:105B900004B9EC685A7BD20604D1DA897F2A01D98C
:105BA000A2692AB1A34202D0204600F0A9F92346F7
:105BB0006B6186F31188BFF36F8FEFF31180402381
:105BC00083F31288BFF36F8FBDE87040FFF7A6BF65
:105BD000D4350120024B03F11802C3E906227047B5
:105BE000D435012070B5EFF31186402383F312887A
:105BF000BFF36F8F1B4CA168E0690B68814214BF33
:105C00001A46002249680B605960A368E1692AB905
:105C1000154AC3E900210B60E3610CE093F90E0023
:105C200092F90E50A84218D0854216DD5168C3E99A
:105C300000210B605360A5690B4B9D4200D005B954
:105C4000E568A3689D4202D0284600F059F96561D5
:105C50003046BDE87040FFF7EFBD8A42D8D01268E9
:105C6000D5E700BFD4350120EC350120F8B550EA66
:105C7000010306460C4603D1FFF7B4FF0020F8BD30
:105C8000EFF31187402383F31288BFF36F8F124D18
:105C9000124BA8681860FFF72BFEA868234632460F
:105CA0000F49183000F0CEF9AA680446537B3846F5
:105CB00043F004035373FFF7BFFDAB68D3E90A2336
:105CC000B3F1004F08BF002AD8D105F03BFA201AE3
:105CD00020EAE070D3E700BFD43501200036012070
:105CE000D5AF060038B50446EFF31185402383F3A2
:105CF0001288BFF36F8F437B5B070FD5183005F019
:105D0000F9F9637B204623F004036373FFF7AEFDCC
:105D10002946BDE838400448FFF7EEBE85F31188F8
:105D2000BFF36F8F38BD00BFD63A0120014B986892
:105D3000704700BFD43501202DE9F8430446077BA6
:105D4000EFF31185402383F31288BFF36F8F437BFA
:105D5000190705D585F31188BFF36F8FBDE8F88368
:105D6000D90943F0080260D14273A36813B12046F9
:105D700005F0BBF804F1180005F0BCF9A66D04F1BC
:105D80005808B04511D04FF0000976B1304605F003
:105D9000ACF806F1180005F0ADF93046C6F8C09031
:105DA000FFF764FDA66DB045EFD1DFF8C480D8F8E9
:105DB00008309C4241D1EFF30589B9F1000918BFC1
:105DC0004FF00109D8F818602A4A964200D00EB95F
:105DD000D8F80C60B34202D0304600F091F820466B
:105DE000C8F8146001F036FF204600F0DBF8B9F186
:105DF000000F02D02048FFF711FDD8F808309C4270
:105E000031D1EFF3058373BB227BD20718D4284628
:105E1000FFF712FDFB07A1D5002383F31188BFF321
:105E20006F8F0423184602DF98E703F07F0343F0E7
:105E30000803437305F051F897E74FF00009C1E7F5
:105E400085F31188BFF36F8F83F31188BFF36F8FD2
:105E50000423184602DFEFF31180402383F31288F6
:105E6000BFF36F8FD4E785F31188BFF36F8FD1E74E
:105E7000D4350120EC350120202F0120D3B5DDE9F8
:105E80000667089CCDE90067FFF7A2FD1CB1034B34
:105E90009B681B69236002B0D0BD00BFD4350120D0
:105EA000427B034612F01F0210D10A4988420DD0EE
:105EB0000949086868B1D9897F2909D893F90E2062
:105EC000064B1B689A42B8BF0020704700207047FD
:105ED00010467047A82C0120BC0501200436012083
:105EE0000122044BC01A044BC0105843034B1A54F0
:105EF000704700BFE82F0120ABAAAAAAD63A01201A
:105F000070B50D4B0D4D1E7CFFF7CAFF06EB460327
:105F100005EBC3050446284605F0ECF80022084BC3
:105F20009A553CB1621E2846BDE870400549D3171A
:105F300000F088B870BD00BFD4350120E82F0120E3
:105F4000D63A0120E15E060038B5EFF31185402313
:105F500083F31288BFF36F8F0F4B104A9C68106851
:105F6000A04206D1FFF7CCFF85F31188BFF36F8FF6
:105F700038BD00211B7C1160094AD35C002BF3D093
:105F80002046FFF78DFF0028EED0637BDB0601D1B2
:105F9000FFF7E6FC2046E5E7D43501200036012076
:105FA000D63A0120EFF31181402383F31288BFF327
:105FB0006F8F0C4A136A834208D1D3F8843013627E
:105FC00081F31188BFF36F8F70471346002BF7D012
:105FD000D3F884208242F8D1D0F88420C3F88420FA
:105FE000EEE700BFD4350120024B1868984208BF85
:105FF00000207047C0050120034B1B680BB9FCF75C
:10600000A7BC0020704700BF0836012030B570B132
:106010000B4B5B6898420AD0036843B1D3E9042173
:10602000D0E90445121941EB0501C3E90421D0E987
:10603000003213605A600023C0E9003330BD00BF56
:10604000C0050120B3F1FF3F08BFB2F1FF3F2DE9CA
:10605000F84F0446994615461F467AD08160EFF303
:106060001188402383F31288BFF36F8FB9F1000FBB
:10607000DFF8E4A020DBFFF7BFFFDAE900270135F6
:1060800049F100092D1849EBE07306464FF001096C
:10609000C4E90453AD1843EB0707FFF7A5FF034618
:1060A000DFF8B8E0DEF804A0EBB9C4E900EACAF80A
:1060B0000040CEF8044028E06FF00103DAE9001256
:1060C0005B1A4FF0FF3161EB02025B1B62EB0902CE
:1060D000012B72F10001BCBF012300224FF0000927
:1060E000C0E90432D9E7D3E9041CD4E904208A4288
:1060F00070EB0C0B24DA891A5A686CEB0000C3E9C8
:106100000410C4E9003214605C60FFF76DFF844244
:106110000ED1134B1B685BB9B9F1000F02D1FFF729
:106120006BFF0646304604F0CEFF0021FCF724FC4E
:1061300088F31188BFF36F8F28463946BDE8F88F82
:10614000521A60EB0C009A45C4E90420ADD01B68DC
:10615000AAE700252F46EFE700300120C005012007
:10616000083601202DE9F047EFF31185402383F332
:106170001288BFF36F8FDFF8A0900026C9F80000E7
:106180000027FFF731FFDFF89480D9F80030D8E915
:1061900000ECD91750B1D0E90442A34271EB020AD6
:1061A0001BDAE41A62EB0102C0E90442002413EB9B
:1061B0000E034CEB01012046C8E90031C9F800404C
:1061C00004F081FF2146FCF7D7FB85F31188BFF36C
:1061D0006F8FBDE8F047FFF7B7BE14EB0E024CEB34
:1061E000E473C0E90467C8E90023FFF70FFF85F3F4
:1061F0001188BFF36F8F83689847EFF311854023B1
:1062000083F31288BFF36F8FD9F800301B1BC9F8D6
:106210000030FFF7E9FEB8E7083601200030012022
:1062200010B5EFF31184402383F31288BFF36F8F0F
:10623000FFF7E2FE0346054AD2E90001181841EBD8
:10624000E37184F31188BFF36F8F10BD003001201C
:10625000F8B50646EFF31187402383F31288BFF3A6
:106260006F8F026822B187F31188BFF36F8FF8BD7B
:10627000D0E90A54691C44F10003022973F10003B8
:1062800034D3013D44F1FF34002CBCBF15462C46ED
:1062900004F05CFF013041F10001401944EB0101C1
:1062A000012871F100014ADB04F050FF6FF0020396
:1062B000013041F10001401944EB010183426FF0CC
:1062C00000438B4140DB04F041FF6FF001024FF0CF
:1062D000FF33013041F10001401944EB0104121A6F
:1062E00063EB040330461A49FFF7ACFE336B01330E
:1062F0003363336A6BB187F31188BFF36F8F304616
:10630000336A9847EFF31187402383F31288BFF372
:106310006F8F334653F8184F9C42A4D0002CA2D064
:10632000204604F023FE0023C4F8C03087F3118810
:10633000BFF36F8F2046BDE8F84004F008BE6FF051
:1063400001024FF0FF33CDE700224FF00043C9E7D1
:10635000516206002DE9F04105461C4690461F4655
:10636000EFF31186402383F31288BFF36F8FB4F1EC
:10637000FF3F08BFB2F1FF3F05D186F31188BFF39D
:106380006F8FBDE8F081002C09DB012A74F1000356
:10639000BCBF0122002412F1FF3844F1FF37284628
:1063A00004F0A8FEDDE906010023C5E90A012B631C
:1063B00042463B4628460249FFF744FEDDE700BF60
:1063C0005162060038B50346EFF31185402282F38F
:1063D0001288BFF36F8FC160012181600068834222
:1063E00006D185F31188BFF36F8F0024204638BD96
:1063F000D0E9003213605A600023C0E9003304F092
:1064000015FF294604460248FFF776FBEEE700BF7A
:10641000D73A0120F8B507460C46164604F055FD5C
:1064200008B10020F8BD0E4B9B68D3F8B450002D86
:10643000F7D0221DF5D2EFF31184402383F31288A5
:10644000BFF36F8F284647F00401B04784F31188EB
:10645000BFF36F8F0028E4D040F8045BE2E700BF91
:10646000D43501200146024A0020FFF7D3BF00BF08
:10647000B370060001680E4A0346914215D1C16906
:10648000A2F11022A2F1EF1291420ED18268012AEC
:106490000BD8C26812B101698A4206D0586928B186
:1064A0009B691B1A5842584170470120704700BF32
:1064B00055AA00FF70B50D4B9E68A6B13046FFF798
:1064C000D9FF044678B9F3686BB935690DB9204630
:1064D00070BD2846FFF7CEFF28B9EB68B34202D162
:1064E0002E462D69F2E70124F1E700BF0C360120AA
:1064F000F8B5384D2B68EE68D3B1AB68C3B100284E
:1065000060D000295ED001FB00F4B4FBF0F08842BB
:1065100058D1211D56D8A2070CD024F00302043212
:10652000334603E0586890424ED29B69002BF9D164
:106530001846F8BD2246F3E7801A232803F1200607
:106540001CD801229A60D3E90512A9B18A619A691F
:106550000AB1596951610022C3E905222B69DB07A1
:1065600003D5FFF7A7FF002831D12246002130468E
:1065700004F0D3FE0346DBE7EA60E8E702F1200C13
:1065800003EB0C012038C1E90107CB601869124FF9
:10659000086143F80C70A7F11027A7F1EF17CF613E
:1065A00000B1C160586948619F698F6140B18161E4
:1065B000886900B1416101201961C3E90120CAE77E
:1065C000E960F5E70023B3E79F68002FB4D001200E
:1065D00000F0B6F80C36012055AA00FF70B505464C
:1065E000002840D03B4E3368002B3CD0B268002AD4
:1065F00039D0834203D872681344984202D30120F1
:1066000000F09EF8A0F120042046FFF733FF002899
:10661000F5D155F8183C012BF1D155F8143C45F84B
:10662000180C0BB39A68FAB955F81C2C02F120012A
:106630005A680A445A6055E905321A6155F8145CE3
:106640002B6903B1DD6020220021204604F065FEA5
:10665000286908B183684BB333699B0703D5FFF7FB
:1066600029FF0028CBD170BD55F8100C00282AD086
:10667000836843BB426863681344203363600369E3
:106680002361D4E905239AB9CBB94369636182696F
:10669000A261B3B19C61A36903B15C61236903B1D9
:1066A000DC602022002104F038FED5E72C46E1E72B
:1066B0009361A369002BE8D062695A61E5E7F36052
:1066C000F7E7F460E7E7F36845F8083C03B15C617D
:1066D000F460C1E70C36012038B50C4614220021C5
:1066E0000546134804F019FE12491348FDF70AF94C
:1066F000232C1CD915F003031FBF043CE418C3F17D
:106700000403ED1822460021284604F006FE084B3B
:106710000A49C3E90054203C9D606C609A6811608E
:106720009A68A1F11021A1F1EF11D161DA6038BDB1
:106730000C360120DD650600F164060055AA00FF55
:1067400008B5054B044613B10021AFF3008000F0FB
:10675000ABFA2046F3F762FA00000000F8B50E4BE2
:1067600006461D68AB789B0712D56F6816F8014B7B
:1067700029462CB90A20B847002805DB204609E045
:106780002046B8470028F1DAAB7843F00403AB7039
:106790004FF0FF30F8BD00BF84C606000CB430B522
:1067A00089B005460C461C22002101A804F0B5FD65
:1067B000022305958DF806300D4B029323462CB12C
:1067C000B4F1004F28BF4FF00043013B1D440DAA18
:1067D0000C9901A80695009200F00CF814B1059BE5
:1067E00000221A7009B0BDE8304002B0704700BF07
:1067F0002FB406002DE9F04F43688DB01546804652
:10680000029383789A0740F10D8100240E78002EC0
:1068100000F00A81252E0BD04B1C03930134414616
:106820003046029B98470028C0F2F6800399EDE7B6
:106830004E788B1C252E0393F0D00027B946BB461B
:10684000BBF11F0F38D8A6F12003102B0AD8DFE8C0
:1068500003F02A0909300909092109090928092D24
:1068600009091F00A6F13003092B33D92A2E37D18D
:106870001BF0400F55F8043B40F08280002BA7BF6F
:106880004BF0200B9946C3F100094BF0280B01E0B7
:106890004BF0010B039B13F8016B0393002ECFD138
:1068A00030E04BF0020B4BF0040BF3E74BF0080B1E
:1068B000F0E74BF0100BEDE7BBF17F0F19D8A6F115
:1068C0003003092BD2D81BF0400F03D00A2101FB63
:1068D0000737DFE70A214BF0200B01FB0939D9E725
:1068E0002E2E06D11BF0400F40F09E804BF0400B47
:1068F000D0E76C2E31D02BD8682E36D06A2E3CD003
:106900004C2E3AD0002F46F02003B8BF2BF04002A7
:10691000A3F16501BCBF00271FFA82FB022901D940
:10692000612B2FD107350727DFF8ACA225F007052B
:1069300008351BF0080F66D00AEB070B56465E457C
:1069400063D1A4EB0A0AA9EB070906EB0A026FE17F
:10695000742E9FD07A2E9DD0D4E71BF0800F18BFE5
:106960004BF4007B4BF0800B94E71BF4807F18BF47
:106970004BF4007B4BF4807B8CE74BF4207B89E766
:106980001F4687E7A6F16301122900F2F080DFE8D5
:1069900011F013004F00EE00EE00EE00EE004F008D
:1069A000EE00EE00EE00EE00EE00FE00E900EE006C
:1069B000EE001B00EE00AF0055F8043B01270DF17F
:1069C000180A8DF81830B4E755F804AB834BBAF1C8
:1069D000000F08BF9A461BF0400F504614BF3946BF
:1069E0004FF0FF3104F0C1FC0746A2E741462020EA
:1069F000029B984700280FDB013EB742F6D34C4478
:106A0000B146A41B98E74E46F7E7414616F8010B3E
:106A1000029B9847002892DA98F8023043F004036A
:106A200088F802304FF0FF3420460DB0BDE8F08FFB
:106A30001BF0800F34D01BF4007F2CD0073525F0DD
:106A40000705AA4669685AF8080B2BF010050029BB
:106A5000ADB237DA404245F4806561EB41010DF19A
:106A6000180B0A235A4604F08CFCA0EB0B0301938D
:106A70006B0662D5019B25F001019F4289B240F36C
:106A8000A180002E00F0998015F0100240F09C804B
:106A9000BB460D4623E0AA465AF8040BC117D4E7BB
:106AA000AA461BF4807F5AF8041B01D10846F5E77B
:106AB0001BF4007F19BF48B241F3C01108B241F383
:106AC000C031C2E750EA0103C9D11BF0400FC6D064
:106AD000002FC4D12BF01102BB46019795B240F2B2
:106AE000064115EA01021CBF0BF1010B00222CE04C
:106AF0002BF010020A231FFA82FB1BF0800C49D0F6
:106B00001BF4007115BF0735AA4625F007055AF892
:106B1000040B1EBFAA4669685AF8080B50EA010523
:106B200045D12BF016051BF0400FADB242D0002F1F
:106B300040D12BF01702019795B215F0100248D002
:106B4000019B002E42D103F1010B29075AD4EB0718
:106B500006D5D9456FDDA9EB0B030199CB465F182C
:106B60005B4649E04BF0100B10237826C5E7782BE5
:106B700004D1C6F1780343F01003BEE74146252057
:106B8000029B98470028FFF647AF023447E60823E8
:106B90000026B2E7AA461BF480715AF8040BBDD058
:106BA0001BF400711ABFC0B2614680B2B6E72BF089
:106BB000060295B20DF1180B54E725F01105BB46FE
:106BC000ADB28CE70D46B8E73B460D4603F1020B2C
:106BD000BBE7DDF804B082E74AFC060043FC060090
:106BE000CDE9043241462020029B98470028FFF659
:106BF00013AF049B059A01339945F1DCA4EB0B011B
:106C00009B46CC180AB341463020029B9847002887
:106C1000FFF602AF8EB901342744391B019B99421C
:106C200024DC1D4655BB019AA9EB0B0955462244AD
:106C30001446914433E0019F92E7023441463046C6
:106C4000029B98470028E7DAE6E640F206410D424B
:106C5000E2D015F0020F04F10104414614BF2B20CD
:106C6000202015F4806F18BF2D20E9E74146302021
:106C7000029B013498470028CFDACDE606AB013DF0
:106C80004146585D029B98470028CBDAC4E641464E
:106C90002020029B013498470028FFF6BDAEA9EBE7
:106CA0000403002BF3DCC1E538B5074D074C641B2A
:106CB000A41024B9064B0BB1AFF3008038BD013CE2
:106CC00055F824309847F4E7000000000000000069
:106CD00000000000704700F0D9BED0E8EF3FC0E8E8
:106CE000E21F002AF9D17047836800EBC101B3F5B8
:106CF000004F2CBF51F8220031F81200704700EB12
:106D0000C1018068B0F5004F2CBF41F8223021F856
:106D100012307047012208B5FFF7E6FFD04008BDEA
:106D2000836800EBC101B3F5004F08D34B681AB17B
:106D300043F001034B60704723F00103FAE74B88EF
:106D40001AB143F001034B80704723F00103FAE7C7
:106D500053000122FFF7D3BF8368B3F5004F34BF60
:106D600004230823C91A081AC00870478368481CFE
:106D7000B3F5004F34BF042308230833A0EBD3003E
:106D8000B0FA80F0C0F11F0070472DE9F0411746BE
:106D900003220E460446FFF7A7FF8642054607F189
:106DA00004080AD10122E368BA4023EA0203E3603F
:106DB000002344F82830BDE8F08131460222204605
:106DC000FFF792FF06462B4601460322204644F871
:106DD0002850FFF794FF334629462046BDE8F0418E
:106DE0000222FFF78CBF70B50D4686680446FFF798
:106DF00091FFB6F5004F014601D3012809D0204686
:106E0000FFF7B4FF294602462046BDE87040FFF771
:106E1000BCBF70BD2DE9F0470546FFF7A7FF05EBA6
:106E2000800ADAF8109088460646B9F1000F1BD0A8
:106E30000327DAF8104028462146FFF76BFF40454C
:106E400007D3324621462846FFF79FFF2046BDE87C
:106E5000F087032221462846FFF746FF013FCAF884
:106E6000100001D08145E4D14FF0FF34EB680136CA
:106E7000B4401C40EAD094FAA4F2B2FA82F2131D94
:106E800055F82340DEE72DE9F04114460E4605464D
:106E9000FFF740FFA4EB0608371B07444246314684
:106EA0002846FFF755FF3A4621462846FFF750FF90
:106EB0004346002221462846FFF721FF2146284667
:106EC000FFF728FF3B46211800222846BDE8F04185
:106ED000FFF715BF2DE9F041164604460F46FFF7B0
:106EE00019FF314605462046FFF714FF05442A46A0
:106EF00039462046FFF72CFF31462046FFF70AFFB0
:106F00002B46311800222046BDE8F041FFF7F7BEBE
:106F10002DE9F0410D4686680446FFF7FBFEB6F505
:106F2000004F014601D3012832D02046FFF71EFF53
:106F300004EB80010E6996B90122E3688240134395
:106F4000E36002220D612B4629462046FFF7D7FE5B
:106F5000032229462046BDE8F041FFF7D0BE0222B9
:106F600031462046FFF7C0FE074603462946204625
:106F7000FFF7C5FE0322334629462046FFF7BFFE32
:106F800039462B462046FFF7BAFE02223146E1E79A
:106F9000BDE8F081F8B50C460546FFF7BBFE2618A4
:106FA000012231462846FFF79FFEC3070CD4314625
:106FB0002846FFF718FF21462846FFF7ABFE21467B
:106FC00022182846FFF786FF002221462846FFF7B1
:106FD0008BFE271A012239462846FFF785FE10EA64
:106FE000020613D139462846FFF7FDFE21463246F8
:106FF0002846FFF779FE2246211A2846FFF76AFF46
:10700000214632462846FFF76FFE241A21462846BD
:10701000BDE8F840FFF77CBF38B571B105680022C4
:107020002846FFF799FE044601462846FFF778FEFA
:107030002146BDE83840FFF7ADBF38BD70B50568E3
:1070400009B9002070BDAB6801F00704B3F5004F2B
:107050002CBF0822042207341444E40804EBD104B2
:107060009C4228BF1C4628462146FFF7D3FE064611
:107070000028E6D001462846FFF74CFEA04209D979
:107080003444314628462246FFF7FDFE2146284675
:10709000FFF73EFF284601223146FFF741FEAB686D
:1070A000B3F5004F34BF0423082303EBC603184491
:1070B000C8E71146FFF7C2BFB2F5802F2CBF0823E7
:1070C00004232DE9F0410026D21A8C18CD1D25F09D
:1070D000070524F00704641BE408056021462846E0
:1070E000AC60EE60FFF742FE421D9200013002F1FB
:1070F00007074FEAD7073146A2F1100205F1100049
:10710000B8BF324604F009F93A4631462846FFF73F
:107110001FFE3346324631462846FFF7F0FDA4EB0A
:107120000708284631460122FFF7FAFD4246394654
:10713000FFF70EFE3B46324639462846FFF7DFFD95
:1071400021462846FFF704FE43463246214628469C
:10715000FFF7D5FD214628460122FFF7E1FD39461C
:10716000BDE8F041FFF7D4BE2DE9F04706460D46D5
:10717000174698462BB34FF0000A98F8004093F852
:107180000190DB78A40004EB430498F802301C441F
:107190004444CA4509D339463046AC46D8F80420A1
:1071A00008F10803BDE8F047604714F8013B0AF115
:1071B000010A204648F82340EFF714FB013004444D
:1071C000E7E76FF01500BDE8F08770B500250246CF
:1071D0002846144614F8013B0BB9184609E098B14B
:1071E0008D4207D1702B04D0A3F140023A2A0BD86C
:1071F000002070BDA3F140063A2E05D85378013522
:10720000941C002BE9D00020252B224608BF80F0DB
:107210000100DEE70020704700F0B5BB0FB407B5F2
:1072200004A951F8040B019100F0ADFB03B05DF827
:1072300004EB04B070470FB407B504A951F8040B70
:107240000191FFF7E9FF03B05DF804EB04B070476C
:1072500010B50369024613F0080009D11368D46819
:107260009C429BBF0120126AE31AD31A0B6010BD27
:1072700000231846FAE713B501A90446FFF7E8FF13
:1072800020B1019BE268013B13440193206A019BFA
:10729000C01A013802B010BD10B50446501822695A
:1072A000236AD20702D5013B184010BD984228BF7F
:1072B000C01AFAE710B504460A46C168FFF7ECFFAA
:1072C0002369E06023F00803236110BD38B50D4643
:1072D000C2698B00016843F00203044642F8213082
:1072E00001682A46FFF7D8FFE3686168984208BF43
:1072F0002369206008BF43F008032A46204608BFE0
:107300002361FFF7C9FF606038BD2DE9F74FC768FB
:10731000C6699B4606EB8703009316F827300446A0
:1073200003F00303022B884691464FF000030BD075
:107330001360CBF8003023699B0713D44FF0000A89
:10734000504603B0BDE8F08F56F827101360890847
:10735000CBF80030EFD0FFF7ADFFE368A3604FF04C
:10736000010AEDE7A36906EB8700984716F8272086
:10737000054612F0010AE1D012F002021FD0B8F166
:10738000000F03D041462046FFF7A0FF61682A4660
:107390002046FFF781FFD4E902219142606006D1C7
:1073A0002A462046FFF778FF4FF0000AA060A26847
:1073B0002260E260226942F008022261C0E70146D1
:1073C00020460192FFF776FFE368A360B8F1000F53
:1073D00004D02168E369019A43F8212005EB0802F3
:1073E000CBF8002021682046FFF756FF2369206074
:1073F00043F00803236116F827306FF3000306F803
:107400002730009BC9F80030A9E770B5044615463F
:10741000FFF742FF2368834205D12369216023F0EF
:107420000803236170BDE269AB0043F0020342F838
:10743000213061682A462046FFF72EFF6060F1E7A1
:1074400038B5036904465B0706D5456AFFF713FFA5
:1074500085422CBF6562606238BD38B50D46044672
:107460001C22002103F059FF0022EB68A361AB68E6
:1074700063612B68E3616B68626223622A6923B1EE
:10748000591E194208BF42F001022261012204F193
:1074900028000021BDE8384003F0EBBB2DE9F04F98
:1074A000002587B00093036A04468B420E4692463D
:1074B000A9460395059539D3EFF3118B402383F348
:1074C0001288BFF36F8F059AD8462AB12946204605
:1074D000FFF79BFF0023059304A92046FFF7B8FEA2
:1074E00004990746B1422AD32268E369204613F87B
:1074F000221003EB820921F0030103F82210216816
:107500003246FFF7C9FEE3682060984212D0002798
:1075100088F31188BFF36F8F039929B162690AB1AB
:107520002046904700230393002FC5D1484607B05B
:10753000BDE8F08F236943F008032361E7E718B142
:107540002046FFF7C3FEE3E7009B5AEA03021CD084
:10755000019103F0BAFC0199B8B9BBF1000F14D145
:1075600087F31188BFF36F8F5246009B04F1280008
:10757000FDF734FEEFF31188402383F31288BFF345
:107580006F8FB0FA80F77F09C2E7204605AB03AAE8
:107590002568FFF7BAFE0746BAE770B50446836967
:1075A00008460D4698470246EFF31186402383F3C1
:1075B0001288BFF36F8F2B78204643F001032B70A6
:1075C0006168FFF769FE60602046FFF739FF86F3C8
:1075D0001188BFF36F8F70BD2DE9F041044640273D
:1075E0000020EFF3118687F31288BFF36F8F2369B2
:1075F00013F0080FA36802D16268934200D9226A8F
:10760000D21AE1695AB986F31188BFF36F8F18B1A6
:1076100004F12800FDF7A8FD4FF0000834E011F850
:10762000232001EB830812F00305ECD0022D03D1D7
:1076300051F82350AD0805D1D00713D44046A369B3
:1076400098470546A1682A462046FFF725FE2946A9
:10765000A0602046FFF72EFE86F31188BFF36F8FE0
:107660000120BEE742F0020201F82320A369404650
:10767000A5689847294602462046FFF70DFEA06000
:1076800086F31188BFF36F8F4046BDE8F081F8B5EF
:107690000446836908460D4698470646EFF311876E
:1076A000402383F31288BFF36F8F2B786FF30003AF
:1076B0002B7023699B0705D5E268E36903EB82031E
:1076C0009D421AD12B786FF341032B70D4E902311C
:1076D000994204D132462046FFF7DEFDA0603146D4
:1076E0002046FFF7E7FD87F31188BFF36F8F04F1A2
:1076F0002800BDE8F840FDF737BD2B6860F39F0315
:107700002B60F0E7EFF31181402383F31288BFF37E
:107710006F8F036913F0080F836802D142689342A8
:1077200000D9026AD31A81F31188BFF36F8F181E34
:1077300018BF01207047038B13F0070305D10368BE
:10774000002B0CBF002003207047022B05D1408B7B
:10775000B0FA80F0400980007047012B05D1036822
:10776000002B0CBF0020052070470020704710B58B
:107770000C4600B111B96FF0150010BD081D00F0E6
:10778000B7F80028F9D1A368032BF6D9F3E72DE960
:10779000F0410D4607461946281D90461E4600F04A
:1077A000BBF8044638B13346424629463846A4461B
:1077B000BDE8F0416047BDE8F08110B4EFF31182FD
:1077C000402484F31288BFF36F8F416110BC012104
:1077D000F0F798BC38B50C46054658B151B10B6866
:1077E00043B14B6833B11C22002103F096FD002009
:1077F0002C6138BD6FF01500FBE770B505460E46ED
:10780000FFF7B5FF041E14DBEFF31182402383F36F
:107810001288BFF36F8F4FF6FF716B8B2C8B8B42EF
:1078200004F0070407D182F31188BFF36F8F6FF064
:107830000A04204670BD022C0CD101336B8382F305
:107840001188BFF36F8F0023224631462846FFF789
:107850009EFFEEE7062C14D8DFE804F004131313A0
:10786000041A0400002333606B683BB9C5E9006665
:10787000ACB902212846F0F745FCDAE71E606E60DD
:10788000F6E782F31188BFF36F8F6FF00404D0E73F
:1078900082F31188BFF36F8F6FF08504C9E782F31D
:1078A0001188BFF36F8FC4E710B5EFF31182402347
:1078B00083F31288BFF36F8F048B04F00704022C4C
:1078C0000AD0012C0CBF6FF004006FF0850082F32A
:1078D0001188BFF36F8F08E0438B013B9BB243835A
:1078E00023B92146F0F70EFC204610BD2046EEE7F6
:1078F000034640B1426802F00302022A06D0032A7E
:1079000004D0012A05D06FF0150070471A68002ACC
:10791000F9D000209860704710B54268034602F025
:107920000302022A4FF00004816007D0032A02D02C
:107930005C60002001E018685C6010BD18685C6045
:107940000028F6D0FEF73EFDF3E7704703785B07AB
:107950005FBF03684288C3F34A2303EB12105DBF85
:10796000173020F007008008002070470020704783
:1079700002F034BC0346D3E8EF0F421CC3E8E12F0A
:107980000029F8D170471FB50023CDE902011A463E
:1079900019461846CDE90033F0F7E0FF05B05DF871
:1079A00004FB0120F0F792BD002070474368DA71B4
:1079B00001224368196043685A71F0F779BD70B5C8
:1079C00015460C4669B1D2E901369B1B99420AD88B
:1079D00013680A460146981903F092FCAB682344E9
:1079E000AB60204670BD6FF01B00FBE770B50E4624
:1079F00015461946044618B9BDE87040F0F766BD53
:107A000033B1C2F34A231030120D184403F078FC4E
:107A1000C4E900562046BDE87040F0F7FBBE2DE9F2
:107A2000F3415F1C4FEA8708064608F1170020F073
:107A3000070080080C461546F0F7C4FD00238DF8BA
:107A40000470ADF805308DF8073068B10346019A2F
:107A5000A8F1040143F8102F2A46294452F8045B88
:107A60008A4243F8045FF9D100233146A20102F4AF
:107A7000E07242EA482222F07F4222F4700222F0B1
:107A80003F0202B0BDE8F041FFF7B0BF07B50123E8
:107A9000019201AAFFF7C3FF03B05DF804FB07B52D
:107AA000CDE9002302236A46FFF7B9FF03B05DF872
:107AB00004FB1FB5CDE90123069B01AA0393032311
:107AC000FFF7ADFF05B05DF804FBF8B506460D46BF
:107AD00014461F4604B9F8BD214628463A46B04729
:107AE000241A0544F6E710B542680446D2E900239B
:107AF00081680068FFF7E9FF002263681A6010BD23
:107B000038B54B6805461A68CB680C469A4202D1D4
:107B10000846FFF7E8FF6368D3E8EF2F511CC3E87E
:107B2000E01F0028F8D1A36800209D5438BD0A2822
:107B300038B504460D4602D10D20FFF7E1FF294676
:107B40002046FFF7DDFF002038BD2DE9F043054654
:107B500087B008460E8891F800900C46D1F808804E
:107B60001746F0F74BFF011EC6F38216C9F3C20990
:107B70001EDB4846F0F760FE0346214651F8102B05
:107B80006088C2F34A22002A01EB020408BF0021E8
:107B90000022C0F30B10CDE90407CDE902142846FA
:107BA000414601960092F0F755FF07B0BDE8F0831B
:107BB0000023E2E7436800201B685B689961704717
:107BC00043681B681A6852685360704701212DE9A9
:107BD000F04143681B685A6811771D682F68D5E922
:107BE0000136D3E900481CB96B681C60BDE8F08120
:107BF000214630464246B847241A0644F3E7436814
:107C00001B681868F1F790B870B543680C461D689A
:107C10006B689869F0F736FC214603460F22286806
:107C2000BDE87040184703F078BB03F069BB01461C
:107C30000068F1F75DB908B5F1F7B6F9BDE808409D
:107C4000F1F7D6B90A460121FFF720BF0021012034
:107C5000F1F74EB96FF08500704761B662B680F3F8
:107C60001188BFF36F8F704772B6002383F31188BA
:107C7000BFF36F8FBFF34F8F30BF62B6BFF36F8F0D
:107C8000704772B6002383F31188BFF36F8FBFF381
:107C90004F8F20BF80F31188BFF36F8F62B670479C
:107CA00040E800F313F4803FD8B208BF6FF015002E
:107CB000704730B50C684B6885B00A894D890094CF
:107CC000013B24F01F04234402F01F0242EA451244
:107CD00023F01F0369468DF808200393F1F788FD10
:107CE00005B030BD08B5D1E904319847002008BD82
:107CF00008B5F1F79BFF002008BD70470023038201
:107D00004369C3607047416A8968F1F7FBBFEFF3CD
:107D10001182402383F31288BFF36F8F00230B601F
:107D2000436833B9C0E9001182F31188BFF36F8F44
:107D3000704719604160F7E7034610B5EFF3118112
:107D4000402282F31288BFF36F8F006828B15C680D
:107D50000268A0421A6008BF5A6081F31188BFF31D
:107D60006F8F10BD027A01320272704703461846C7
:107D70005B68002BFBD17047426810B52AB10B46F7
:107D80001C465B68002BFBD16260416010BD10B5E2
:107D9000044620B908460B7A01330B7210BD034626
:107DA00018465B68002BFBD1FFF7E6FF2046F5E79E
:107DB00083680B440360704703680B6043684B6043
:107DC00083688B6070478388026819448180D0186B
:107DD000704730B484880568A3188380281930BCA4
:107DE00003F08EBA10B5838802685C1C8480D1547D
:107DF000D01810BD034600689A88401A11441860D4
:107E0000998070470268531E036083880133838022
:107E100002F8011C704703468288521A828000686B
:107E2000084418607047034600689A88521A014453
:107E30009A801960704710B5036801211C78FFF71C
:107E4000EAFF204610BD10B5036802211C88FFF729
:107E5000E2FF204610BD02688068101A70478388D0
:107E6000C2888168D21A03685B1AD01A704730B58D
:107E7000054614460A8885B08B78ADF800200021AD
:107E80000D220DF103008DF8023003F046FA6A4628
:107E90006946284602F059FA28B9BDF800209DF835
:107EA00002302280A37005B030BD13B50C4601AA84
:107EB0000331FFF7DCFF48B90322204601A903F094
:107EC00034FAB0FA80F0400902B010BD0020FBE7A0
:107ED00010B50C46017822788AB08A420FD06946E4
:107EE000F2F752F8204605A9F2F74EF810220DF1EC
:107EF00015010DF1010003F018FA0AB010BD012AB6
:107F000006D0022A07D072B940886388C01AF4E705
:107F100040686368FAE71022611C01300AB0BDE8CE
:107F2000104003F002BA6FF01500E6E7042A0AD009
:107F3000102A0DD0022A4FF0000315D103700B88D0
:107F4000438001207047012303700B684360F8E70A
:107F5000022300F8013B01F1100351F8042B994270
:107F600040F8042BF9D1ECE718467047012310B50F
:107F70000621044600F8013BFBF7AEFC18B9A379D3
:107F800063F03F03A37110BD0B6803608B8883808F
:107F90008B798371037823F00203037070470078B4
:107FA000C0F34000704738B50446807AF1F780FE90
:107FB0006169054649B1637ADB0704D4436A204608
:107FC0001B689B6898470023636121462846BDE8EB
:107FD000384002F040BE2DE9F04101F10C080C469A
:107FE000054600F10C01404617461E46FFF7E4FE29
:107FF0004046FFF730FF012310FA87F068826B726A
:10800000394640462F82FFF706FFE3682846736033
:108010000023628AE360728163823460BDE8F0818C
:1080200038B50C46D1E900320546DA600B684A895A
:108030005A820868F1F7E4FE20461022002103F07E
:108040006CF92846BDE83840FFF7ADBF438A23B935
:10805000C068B0FA80F04009704700207047D0F83F
:10806000A43083B15A7CD1070DD5D2060DD51B7C27
:10807000102B14BF032304234372807A98428CBFD1
:108080000020012070470223F6E70323F4E70F28BE
:1080900007D80D280BD8052808BF032018BF0220D9
:1080A0007047132803D01A2808BF0120F6E70120E3
:1080B0007047FFF7EBBCFFF7F2BC034610B5D3E8FF
:1080C000EF0F40EA0102C3E8E42F002CF7D110BD06
:1080D0000023F0F7BFBBD0E8EF3F0B40C0E8E23F22
:1080E000002AF8D1704710B5F3F700FF04466FF48B
:1080F00080711030FFF7EFFF2046BDE8104000F020
:1081000009BAC368DB78012B01D1FFF7ECBF7047D8
:10811000C0F30723537000231070000ED070C1F31A
:108120000720090E9370137150719371D1717047CC
:10813000C368DB78012B01D1FFF7D5BF704738B595
:1081400004460D46F2F772F95F3005D12946204604
:10815000BDE83840F2F7A2B838BD0020704710B52E
:1081600003884288934219D8052B17D9B2F5486F76
:1081700014D88388B3F5FA7F10D240F67644C088CD
:10818000A0F10A0189B2A14208D801339BB253433E
:10819000B3EB800F34BF0120002010BD0020FCE7AE
:1081A0000020704708B5F9F71FF818B1408A003869
:1081B00018BF012008BD70B506460D464FF0FF30D0
:1081C0004FF0FF31F2F764FC044668B103210C3034
:1081D000FFF7F9FD068085702146BDE8704000225A
:1081E00040F20640F2F74CBE6FF0680070BDC36805
:1081F000187808B1F2F7ECBB1846F2F727BF38B58C
:108200004FF0FF3105464FF0FF30F2F741FC0446D6
:1082100068B102210C30FFF7D6FD2B882146038080
:108220000022BDE8384042F21600F2F729BE6FF096
:10823000680038BDF8B507460E464FF0FF304FF0E6
:10824000FF311546F2F724FC044678B106210C30C4
:10825000FFF7B9FD3B884680038085802146BDE855
:10826000F840002242F22200F2F70ABE6FF06800E6
:10827000F8BD70B506460D464FF0FF304FF0FF31A8
:10828000F2F706FC044618B9BDE87040F1F7FCBFF0
:1082900003210C30FFF797FD068085702146BDE86D
:1082A000704042F22100F2F79DBD072208B503F0AD
:1082B0003CF8B0FA80F0400908BDFFF7E7BB0B6857
:1082C00003608B8883808B7983717047D0E8AF0F10
:1082D0007047F8B50F46144638BB4FF0FF304FF0EB
:1082E000FF31F2F7D5FB054610B327210C30FFF71D
:1082F0006AFD224606463946FFF7E1FFC31D04F139
:10830000100152F8040B8A4243F8040BF9D11022F1
:10831000002106F1170003F000F82946BDE8F840F7
:10832000002242F22700F2F7ABBD6FF01500F8BD56
:108330006FF06800FBE7037A02465B0705D501464C
:108340002E3211F8010BFFF7C4BF704738B54FF05C
:10835000FF3105464FF0FF30F2F79AFB044658B163
:1083600029460C30FFF73EFD2146BDE8384000228B
:1083700042F22D00F2F784BD6FF0680038BD10B4F2
:1083800000F11003D3E8EF2F22F40051C3E8E41FFB
:10839000002CF7D1930403D5012110BC00F0B8B82C
:1083A00010BC704770B5044686B00E4601300131EE
:1083B000FFF77BFF2E34162200210546684602F0A7
:1083C000ACFF10226946204602F0AFFF40B11022F8
:1083D000204606F12E0102F0A8FF002808BF012563
:1083E000284606B070BD38B54B6805460C4673B9D3
:1083F0000B7A13B9037A5B0709D520682A780378CA
:108400009A4204D02946FFF7CDFF00B1656038BD20
:1084100000F1100208B503461046FFF757FFC105EB
:108420000DD5D2E8EF0F40F40050C2E8E10F00296B
:10843000F7D11846BDE80840002100F069B808BD32
:1084400010B50C4630B919B1F8F78EFE00B1441CD6
:10845000204610BD0024FBE718B111B10846F3F720
:1084600041B96FF01500704713B5044680B106217D
:108470006846FBF731FA48B99DF80530694603F0C4
:108480003F0320468DF80530FFF7E6FF02B010BD30
:108490006FF01500FAE7003818BF01207047037A23
:1084A000D90704D523F001030372F3F7A5BA99079E
:1084B00004D523F002030372F3F7B8BA7047D0E88B
:1084C000AF0F704770B506460D464FF0FF304FF0C6
:1084D000FF3186B0F2F7DCFA0446B0B10C3095B14A
:1084E0000121FFF77FFC204606F1100203A90823B3
:1084F0000095F2F7BBFA0022214642F20A00F2F799
:10850000BFFC06B070BD2946EBE76FF06800F8E7E6
:10851000FFF7D8BF183002F088BC0368D90444BF05
:1085200043F48063036003689A0444BF43F4006328
:108530000360704701F12003013813F8012D8B42CD
:1085400000F8012FF9D1704700230B60436813B97D
:10855000C0E900117047196041607047D0F8B4005D
:10856000003818BF0120704708468969183011602B
:10857000426800211A6010F80D2C02F0CEBEFFF701
:108580008EBA034610B5D3E8EF0F40EA0102C3E804
:10859000E42F002CF7D110BD437B072B01D1F4F75A
:1085A00011B970472438F4F78BB9002203680BB96E
:1085B000184670478B4210D10B6842B9426803607D
:1085C000914200D14360002301200B60704713608B
:1085D0004368994208BF4260F5E71A461B68E6E720
:1085E00010B50446006918B1F1F70AFC00232361B5
:1085F00010BD10B500F1C802D2E8AF3F5BB1591C05
:10860000D2E8EF4F9C4204D1C2E8EC1FBCF1000F4E
:10861000F6D1F1D110BD1846FCE710B5437B0446F6
:10862000023B062B16D8DFE803F009041515150BDD
:108630000900017300212046F4F786FA002010BDDE
:108640000088FFF7B8FD0028F9D1637B072BF5D12F
:108650000821F0E76FF07F00F1E710B50446D0F88D
:10866000A40028B9207A04F17001F8F7BDFD38B1F3
:10867000E278438A2AB913F0210F14BF01200020A9
:1086800010BD13F0240FF8E738B583780446012BAA
:1086900025D1437B072B25D10B0601F07F050BD598
:1086A0004FF400410430FFF76CFF2046A572F8F745
:1086B00041F888B9002038BD437AAB42FAD2837AB8
:1086C000AB42F7D2031DD3E8EF1F21F40041C3E80A
:1086D000E21F002AE9D0F6E7637AA372EBE76FF0B6
:1086E0001500E8E76FF07F00E5E78378012B0CBF0A
:1086F000407A0020704738B5037A04468B4215460D
:1087000015D100F170010722284602F00EFE80B15B
:10871000E378072243B904F17E01284602F005FE02
:10872000B0FA80F0400938BD04F17701F5E7002088
:10873000F9E70120F7E78378012B0CBF70300020A8
:108740007047F8B507460D464FF0FF304FF0FF3148
:10875000F2F79EF90646D0B10E210C30FFF733FB3D
:1087600004460E22002102F0D8FD3B8831462380CA
:108770002B88002263806B8842F21300A380AB88B1
:10878000E380EB882381BDE8F840F2F779BB6FF016
:108790006800F8BD704710B50446FDF7D3F92346CD
:1087A00053F8482BD2F8B41061B9A164D2F8B810CC
:1087B00061B9C2E92D33FDF7D9F92068BDE8104051
:1087C000F4F79EB98B42F6D00968EDE70B60C2F86A
:1087D000B830F0E703682BB141681A688B42026039
:1087E00008BF4260704770472DE9F843446B002C86
:1087F00055D054F8085905B1083D002701E02C4632
:108800001D46D4E900682EB3FDF79CF90022D6F886
:10881000B43004F1480163B1994232D1A36C42BB38
:10882000D6F8B820C6F8B430914201D1C6F8B830B5
:10883000A764FDF79BF904F13009002200234846A4
:10884000FCF760FC0646F8B9D8F804300BB12046B6
:1088500098472760E3680BB120469847D8F8203046
:108860000BB120469847D5B1AB68002BC7D0083B69
:10887000C5E71360D6F8B830994208BFC6F8B820EB
:10888000D6E71A461B68C6E7B36923B16FF06D02DD
:10889000F169206898473046F1F7B2FACDE7BDE8B4
:1088A000F88338B5436B0D46BBB1184650F80849FC
:1088B00004B1083C53F8043C9B680BB12946984727
:1088C0005CB12046A468436824B19B68083C002B37
:1088D000F4D1F6E79B68002BF0D138BDF8B50F4610
:1088E00000210546164600234FF224420846F4F7BD
:1088F00093FE044620B92846BDE8F840F4F758BE78
:1089000004210C30FFF75FFA05704770468020465F
:10891000F8BD406B28B1838B08388B4201D080684A
:10892000F8E7704710B54AB989B2FFF7F2FF28B1EE
:1089300043689B6913B1BDE81040184710BD38B5B6
:108940000D460521FFF7E5FF002329461A46F4F7F7
:108950007DFE044610B12846F1F752FA204638BD94
:10896000406B28B1838908388B4201D08068F8E7D2
:10897000704770470346006828B15968026888420A
:108980001A6008BF5A6070470346002003B9704759
:108990001A8A5B681044F9E710B5D468023123786D
:1089A00013B92170012010BD8B42FBD0038A023B1A
:1089B000038200201061F6E7FFF768B82DE9F04167
:1089C00004468868FFF7E0FF638D628B0D46934293
:1089D00028BF134683421DD30027A165D1F8088024
:1089E0008F60FDF7AFF841462046F5F723F80646BD
:1089F00038B1C5F80880A765FDF7B8F83046BDE87E
:108A0000F081618D638B2846994228BF194600F09A
:108A10006CFEF1E76FF07906F0E773B51446014696
:108A200005464FF49572206800F0B1FD207530B90D
:108A30002946206800F05CFE20B908232375002039
:108A400002B070BD237AB3B1A3F11802534253416F
:108A50009B000193638A29460093AE68238AE268EB
:108A60002068B047002808DB238A98420CD10023F5
:108A700001202375E4E70223EBE710F1FF0F03D396
:108A80004042C0B22075DAE70E20FBE71FB5CDE902
:108A9000012300231A460093F6F7BEFB05B05DF8EC
:108AA00004FB38B504460D46F4F7C4FF30B129463F
:108AB00004F15C00BDE8384002F0C2B838BDF8B53A
:108AC000936805460F461446166863B9506801213D
:108AD0000C30FFF778F9A0602B681B78002B14BFCF
:108AE000022301230370A3681B78012B03D0022B00
:108AF0001FD000201CE02B681B78002BF9D1606888
:108B000004210C30FFF75FF9E06007802A68E36812
:108B100052885A806168728D738B088A9A4294BF1A
:108B2000C0EB0200C0EB0300042894BF002001202A
:108B3000F8BD2B681B78022BDBD1606812210C304A
:108B4000FFF741F9E06007802B68E268591C0232A8
:108B5000113351F8040B994242F8040BF9D16168C2
:108B6000728D738B088A9A4294BFC0EB0200C0EBEF
:108B700003001228D9E770B405686A6A52B3136813
:108B800003B1A83BA2F1A8040022114600E0A83BD3
:108B9000844207D0668D648BB14238BF3146A24211
:108BA00038BF22461C462BB1D3F8A830002BEED19B
:108BB0008442EFD1438D408B8B4201D890420BD938
:108BC000824238BF02469942286838BF194670BCB5
:108BD000F6F7B2BF1146EDE770BC7047D0680431BC
:108BE000037813B90170012070478B42FBD000203D
:108BF00091680B8A043B0B821061704770B5044684
:108C00000E46002200230846FCF77CFA054658B1C0
:108C100001462046F4F70EFF044618B129463046B7
:108C200002F019F8204670BD6FF00104FAE72DE953
:108C3000F04F044685B0104690469946FFF7A4FED3
:108C4000638B628D8B46934228BF1346834240F26A
:108C50009380636840460393FFF788F84FF0000A5B
:108C600006464046FFF790FE628B638D06F10C07C7
:108C70009A4294BFC0EB0205C0EB03053846FFF7EC
:108C8000EEF8854217D24046FFF77EFE628B638D79
:108C90009A4294BFC0EB0205C0EB03058DBB98F868
:108CA0000A00F1F705F800220023FFF72CF806462A
:108CB00030B9574636E03846FFF7D1F80546EDE7BC
:108CC00001464046FFF763F84046FFF75DFE628DC0
:108CD000638B06F10C079A4294BFC0EB0205C0EB10
:108CE00003053846FFF7BBF885421FD24046FFF721
:108CF0004BFE628D638B9A4294BFC0EB0205C0EBC2
:108D00000305F168328ACDF80090DBF804700A445C
:108D100003985946ABB2B847071E0CDABAF1000FF8
:108D200018BF5746384605B0BDE8F08F3846FFF704
:108D300096F80546E5E70E9BB3B9394606F10C00F7
:108D4000FFF741F84046FFF71FFE638D628BB94481
:108D5000934228BF13468342BA441FFA89F9A8D91F
:108D6000AF423FF47EAFA4E7394630460F9A0E9BE0
:108D700098470028E1D19CE70027D3E70022036849
:108D800003B970478B420FD10B683AB94268036050
:108D9000914200D1436000230B6070471360436829
:108DA000994208BF4260F6E71A461B68E8E7D0E838
:108DB000EF3F43F00802C0E8E12F0029F7D1C3F3E9
:108DC000C00070472DE9F041064690461F460D460B
:108DD000B9B104220121F4F793FF044618B9BDE8A4
:108DE000F041F4F7CFBE04210C30FEF7ECFF057024
:108DF000A0F80180C77021463046BDE8F041FFF77A
:108E000050BEBDE8F08137B50C46054601F10C00B7
:108E1000FFF719F8228A03460192E26812210092B4
:108E200028461322F4F7C2FF03B030BD37B50C4615
:108E3000054601F10C00FFF706F8228A034601926D
:108E4000E2682846009200221146F4F7AFFF03B013
:108E500030BD00232DE9F34117681446D7F804808C
:108E60000146137306469522404600F090FB0546E6
:108E7000207330B93146404600F038FC28B9082349
:108E80002373002002B0BDE8F081CDE900553146E2
:108E90003846A388A268FFF7CAFE002807DA10F157
:108EA000FF0F32BF0E204042C0B22073E9E701201D
:108EB000E8E700232DE9F34117681446D7F804804A
:108EC0000146137306469522404600F060FB0546B6
:108ED000207330B93146404600F008FC28B9082319
:108EE0002373002002B0BDE8F081A068798D7A8BF1
:108EF000038A914294BFC3EB0103C3EB0203012B2E
:108F0000EFDD02210C30FEF75EFFCDE90055804613
:108F1000A38831463846A268FFF789FE031E06DAA9
:108F200013F1FF0F2ABF5B420E23DBB2D8E701200B
:108F3000A8F80030D6E707B5CA680C211388528814
:108F400000920D22F5F750FA03B05DF804FB07B567
:108F50000022CB680A211B8800920B22F5F744FA05
:108F600003B05DF804FBF8B5CB6805461F88BBB2BB
:108F7000162B19D90321F5F7F3F80646B0B10221F3
:108F80000C30FEF720FF00246FF008033146037019
:108F900044702846FFF785FDF72328466B836F85CD
:108FA000FFF7E9FD2046F8BD0420FCE70E20FAE7B4
:108FB000F8B5054650F8044C071F00F15003D3E8FC
:108FC000EF1F21F00401C3E8E21F002AF7D1FCB132
:108FD0006B6D83B9636873B1201DFFF7CBFC064648
:108FE00001463846FFF7EAFC90B163683360A36836
:108FF000666003B9A660384605F15801FFF7FEFD2B
:1090000030B1384604F10C01BDE8F840FFF7F6BD79
:10901000F8BD2DE9F041446A074634B354F8A86915
:1090200006B1A83E002307F104081D4601E03446BE
:109030001646A26D92B905B983B94046FFF79AFC6E
:10904000054650B101462046FFF7B8FC68B17B6881
:109050002B60BB687D6003B9BD6023462EB1D6F896
:10906000A820002AE3D0A83AE1E7BDE8F08138B5AE
:109070000546D1E8AF3FDB0716D550F8040C98B190
:109080006B6D8BB90430FFF775FC044660B1014687
:10909000281FFFF793FC38B155F8043C5A6822604A
:1090A0009A685C6002B99C6038BDF6F749B808B5AB
:1090B000F5F792FB08B3426A02B3136803B1A83B09
:1090C00032F88E0C32F87E2C904228BF104643B9FD
:1090D00013E0934228BF1346984238BF1846A1F1C7
:1090E000A803D3F8A8105A8B5B8D0029F1D19A42BE
:1090F00028BF1A46904238BF104608BD1046FCE70C
:109100000A8A0023C968F5F7CBBC70B50E46F5F79F
:1091100063FB044628B93046F0F772FE6FF07F001B
:1091200070BD00F10C052846314601F089FD606AEA
:1091300038B150F8A84904B1A83C2946FFF75EFDB4
:1091400020B90020ECE71C466FF00100002CF8D09D
:10915000D4F8A83023B90230F5D020461C46ECE7FD
:10916000A83BF8E738B505460C46FCF7EBFC28466B
:10917000F5F732FB20B9FCF7F9FC6FF07F0038BD42
:109180000023236083683BB9C0E90144FFF741FF36
:10919000FCF7ECFC0020F2E71C608460F6E701209D
:1091A000704708B5F5F718FB78B1436A6BB1A83B77
:1091B00003F15402D2E8EF0F20F00800C2E8E10FFB
:1091C0000029F7D1D3F8A830F0E708BD08B504218D
:1091D000FFF7C6FB20B15030D0E8AF0FC0F3C0009E
:1091E00008BD10600020704710B5029CA36833B121
:1091F000B1F5807F28BF0E21CAB221469847A37DD2
:10920000E268013BDBB2A37522B11BB92046BDE881
:109210001040104710BD1060918000207047F0B5DD
:10922000076806463D78144689B0DDB97B88B3F5FA
:10923000245F04D010D8A3F52053032B12D8ADF827
:109240000A10022220460DF10A01F5F773FD68B1FC
:109250006FF01502A26006E003F55643FF339BB2A0
:10926000042B1DD90125284609B0F0BD7B880222B8
:1092700020460DF10A01ADF80A30F5F75BFD002834
:10928000E6D1009003AA132331467768B847021E3F
:10929000E0DB03A92046F5F74DFD0028E2D0D7E733
:1092A000ADF80A10022220460DF10A01F5F742FD41
:1092B0000028CDD17B880222ADF80A300DF10A01D9
:1092C000E8E7072208B502F030F8B0FA80F040096C
:1092D00008BD034610B5D3E8EF0F40EA0102C3E82A
:1092E000E42F002CF7D110BD0B6803608B888380BE
:1092F0008B798371704770B50D46064611F8010BE6
:10930000F4F714F8044610B12C89F3F7E1FBA87ABE
:1093100005F10B01F4F70AF828B16B8A9C4238BFBB
:109320001C46F3F7D5FBAB8AA34207D0AB69AC82EE
:1093300023B121463046BDE87040184770BD38B5AE
:10934000BDF810401546A2420CD84CB16BB1A21A20
:109350008A42A8BF0A4694B22246591901F0D0FFAA
:10936000204638BD6FF00600FBE76FF00D00F8E710
:1093700030B585B0C96814461D46F5F73BFD00B110
:1093800000890223ADF80E00009329462046BDF85F
:1093900020200DF10E03FFF7D2FF05B030BD1FB541
:1093A0000C461946E36810461C78BDF818203CB1FD
:1093B00010240133069404B0BDE81040FFF7BFBF8E
:1093C0005B88ADF80E30022300930DF10E03FFF71A
:1093D000B6FF04B010BD30B51D46002385B014465D
:1093E0008DF80C30F5F7B8FC10B1037A8DF80C301D
:1093F0000123294600932046BDF8202003ABFFF748
:109400009EFF05B030BD2DE9F04114461D46BDF864
:109410001870F1F7DBFC0646EDF7E4F980B2069030
:1094200033463A4629462046BDE8F041FFF787BF5C
:1094300030B585B014461D46FEF7B2FE0223ADF8E6
:109440000E00009329462046BDF820200DF10E03A2
:10945000FFF775FF05B030BD70B500F17006054629
:109460003146007AFEF79EFE04463146287A3CB12A
:10947000F5F7A0FC18B1002303604360836070BD62
:10948000F5F798FC0028FAD0046044608460F6E7A1
:10949000022A10B508D1002300F170011A46007AA3
:1094A000F5F7F4FC022010BDFFF7D6FFFAE7012123
:1094B0000C30FFF70EBF38B504461546FFF76FFEB8
:1094C00040B12046F5F748FC20B1037ADB0701D50F
:1094D000FFF7EDFF35B9207A04F17001F5F76AFC6A
:1094E00000B1856038BD13B5044610B9002002B044
:1094F00010BD00238DF8043042F60303006801A973
:10950000ADF80630FEF7E4FC0028EFD1E368988858
:109510000028ECD12046F5F74FFE013080B2E6E797
:1095200070B5CC681E46A37988B008468DF80C301B
:109530001546FFF7D8FFADF80D00246823786BB906
:109540006388ADF80F300523009331462846BDF8F7
:10955000302003ABFFF7F3FE08B070BD631C0DF1C4
:109560000F02113453F8041BA34242F8041BF9D133
:109570001323E9E71FB5CDE9012300231A46009321
:10958000F5F74AFE05B05DF804FBFFF790BD38B56E
:109590004C8AD3070546C4F30E0404D514F0950F86
:1095A0002AD04B6843B3900704D514F4957F25D097
:1095B0008B681BB3144014F4DE7F0DD0EB7A2BB90B
:1095C0002846FFF74AF8D8B9052038BD14F0300F07
:1095D00004D114F4C07F07D10020F6E72846FFF736
:1095E00084F80228F5D8EFE7D5F8A430002BEBD0AB
:1095F0005B7CDB06E8D5EFE70220E6E70320E4E743
:109600000F20E2E7F8B514460F469422616806463B
:10961000FFF7BDFF20BB012230466168F5F70AFF66
:1096200008B3A2891B2130460232F5F7C9F9054675
:10963000E0B1A1890C300231FEF7C5FB20F8027BB6
:10964000A289A16801F05CFED4E904122846012336
:10965000F5F75EFB29463046BDE8F840FFF755BDFB
:109660004FF0FF30F8BD6FF01500FBE76FF00B0017
:10967000F8E72DE9F04105468846F5F76DFB04460D
:10968000E0B1037ADA0719D500F10C06D6E8AF7F0E
:1096900017F0010712D1B8F1000F10D0D6E8EF3F54
:1096A00023F00202C6E8E12F0029F7D19B072846E4
:1096B00008D5FFF776FD2046FFF7F9FE012738466B
:1096C000BDE8F081FFF76BFD0028F8D02846FFF7D2
:1096D0007DFD0028F3D0D6E8EF3F23F00203C6E873
:1096E000E23F002AF7D12846E3E7704701207047A0
:1096F0000120704707207047FEF7C8B9D0E8AF0FC8
:10970000084100F00100704738B50A46034609B920
:10971000012038BD488A10F0240FF9D0197D5D7BF7
:10972000147CA94228BF29468C4201D90020F0E7C9
:10973000840608D4507C197AC0070BD4187A0038F4
:1097400018BF0120E5E70521181DFFF7D7FF002806
:10975000F0D1EBE70029E9D00521181DFFF7CEFF76
:1097600018B9197A01390129E0D9527CD207CFD42E
:10977000E4E701238B40DB43D0E8EF2F1A40C0E839
:10978000E12F0029F8D17047FEF789B908B5062105
:10979000FFF7E6F818B9BDE80840F6F76FBAEC38FD
:1097A00008BD0720704701238B40D0E8EF2F1A43F4
:1097B000C0E8E12F0029F8D1704708B50E21FFF766
:1097C000F2FF002008BD38B504210446F6F7CCFAB4
:1097D000054698B110210C30FEF7F5FA04F1270385
:1097E00004F1370253F8041B934240F8041BF9D1EB
:1097F00020462946F6F760FA002038BD0820FCE72D
:1098000070B5D0F8EC300446DB78012B19D1CD6867
:10981000061D10213046FFF7ACFF2B4604F1B702BE
:1098200005F1100153F8040B8B4242F8040BF9D1F7
:1098300007213046FFF762FF28B109213046FFF7C4
:10984000B2FF002070BD0A213046FFF757FF002805
:10985000F3D12046BDE87040F6F764BB072070479F
:109860000720704707207047012303FA01F1CA431C
:1098700030B5D0E8EF3F03EA0204C0E8E54F002D21
:10988000F7D1194214BF0120002030BD38B504467D
:109890000025031DD3E8EF2FC3E8E15F0029F9D1CC
:1098A00004F5A07001F0C1FA2572D4E8EF3FC4E8D6
:1098B000E25F002AF9D12046BDE838400121FFF7D8
:1098C00072BF70B500F1700605460C46072230469F
:1098D000096801F02AFDB8B963681A682A679A888E
:1098E000A5F874209B7985F87630D5F8A4305BB163
:1098F000A268934208D062681168C3F80110918889
:10990000A3F805109279DA7170BD2DE9F84FDDF8F2
:109910002C80044692461F46BDF82890FFF736FF7C
:10992000054600285AD0061DB9F1000F27D15AEA82
:10993000070324D103213046FFF7E0FED0B3012115
:109940003046FFF7DBFEA8B32C7D6B7B05F14701AA
:109950009C4228BF1C462246404601F0D1FC0F2CF9
:1099600006D80021C4F1100208EB040001F0D5FC78
:1099700030460121FFF717FF0120BDE8F88FD4F82A
:10998000A430F3B904F1700B5A462020217AF7F77E
:10999000CFFBC4F8A40030B95A460120217AF7F76A
:1099A000C7FBC4F8A400B9F1000F0AD15AEA0707AF
:1099B00004D006E0D4F8A430002BE3D0D4F8A410EF
:1099C00071B90F213046FFF799FE20B1022206211E
:1099D0002046F3F757FC2846FFF758FF0020CCE756
:1099E0004B8A9B06EDD50C7C1E312246B4E76FF006
:1099F0008500704770B504460820F6F7F5F805466F
:109A0000E0B1061D08213046FFF7B3FEBCB30721C5
:109A1000FFF7AFFE234605F1970204F1200153F84A
:109A2000040B8B4242F8040BF9D10A213046FFF7B0
:109A300065FE70B109213046FFF7B5FE0720F6F745
:109A4000D3F80446E8B1F6F755F90146C8B1204607
:109A500012E010213046FFF751FE09210028EAD11B
:109A60003046FFF74BFE0028E8D02846F6F75AFAB2
:109A700001460028E2D02846F6F7B0FFDEE70B21CA
:109A8000F9E770BD70B50446A0F1EC0650F8543B00
:109A9000E83CD3F8A45001F0C8F903212046FFF7B1
:109AA0002DFEA0B108213046F6F708FF3DB16B8AC4
:109AB00013B16B7C9B0702D5284600F029F830468D
:109AC000BDE870404FF4BC72002101F026BC0121BA
:109AD0002046FFF713FE0028E4D10F212046FFF7B0
:109AE0000DFE0028DED1E1E770B504460D461646AE
:109AF000F7F71EFB38B931462846F7F7E1FA10B1FF
:109B0000438A1C43448270BD438A19434182704793
:109B100010B5037A04465B0701D5F1F787FF2046AD
:109B2000BDE810404422002101F0F7BB531E194448
:109B3000024411F8013900F8013B9042F9D1704715
:109B400010B5431E00F11002073013F8011F12F880
:109B5000014D83421C701170F7D110BDF0B50E4657
:109B600014461D4697B00146202205A81C9FFFF70A
:109B7000DDFF202231460DA8FFF7D8FF2146102235
:109B800001A88DF85450FFF7D1FF3B46412205A9AB
:109B900001A8F7F7D1FB044610B93846FFF7D0FF0C
:109BA000204617B0F0BD2DE9F04316461D4697B08C
:109BB0000446DDE91F98102205A8219FFFF7B6FF94
:109BC0001022314609A8FFF7B1FF102229460DA83F
:109BD000FFF7ACFF03221E9911A8FFF7A7FF494624
:109BE00011F8013BD9F801008DF847308B88062227
:109BF000129012A8ADF84C30FFF798FF414611F8CB
:109C0000013B06228DF84E30D8F801300DF14F009F
:109C1000CDF84F308B88ADF85330FFF787FF2146E2
:109C2000102201A8FFF782FF3B46412205A901A8A7
:109C3000F7F782FB044610B93846FFF781FF20464C
:109C400017B0BDE8F0830C220369C9B201FB0233EF
:109C5000D86D00F00700704770B5C9B20369EFF323
:109C60001185402484F31288BFF36F8F0C2606FB06
:109C70000134E46D14F0C00408D0A24206D085F38C
:109C80001188BFF36F8F4FF0FF3070BD0122714319
:109C90000B44DA6585F31188BFF36F8F43680B447B
:109CA0005B6898470020F0E78022FFF7D5BFF8B542
:109CB000069F0469C9B2EFF31186402585F3128827
:109CC000BFF36F8F0C2569430C44E56D05F0070C5D
:109CD000BCF1010F0BD1E76586F31188BFF36F8FDD
:109CE000C4E9152343685B5898470020F8BD05F088
:109CF000C005AF4286F31188BFF36F8F0CBF6FF0C2
:109D000077004FF0FF30F1E713B580240094FFF7A0
:109D1000CEFF02B010BD10B41C240069CBB203FB0F
:109D20000400002110BC10470220F9F7F7BF022001
:109D300000F087BB1046FBF717BA00F081BBF9F7BC
:109D4000E7BF40F272607047084608B51146FAF75F
:109D50005FF9002818BF6FF0040008BD08B500F0D7
:109D60007FFB002818BF6FF0040008BD4368002087
:109D70005B68DB680B607047436802EA01005B6860
:109D800021EA020158600020996070474368002072
:109D90005B6859607047436800205B689960704752
:109DA00043685A68136821EA03000B4050600020A2
:109DB0009360704710B503695868F8B1884219D1AB
:109DC0009C680868A142586000D198600020086033
:109DD0002AB15A680A609A68596002B999600020ED
:109DE00010E0814206D10868206098688142EDD178
:109DF0009C60EBE7044600680028F2D1002AE8D115
:109E00006FF0150010BDFAF715BB0129036907D1E2
:109E100093F8DD0010F001000CD003F1140070473E
:109E200039B993F8DD0010F0020003D003F170009F
:109E3000704700207047D0F8CC3098684223C0F8B3
:109E4000083301234360C0F30830EFF7E7BB1FB5C9
:109E50000C460022002301A94030FBF727F848B93F
:109E60000120039B6360019BA360029B9B082382EC
:109E700004B010BD0020FBE713460A460121FDF7A0
:109E80000EBEF8B590F8D9300546012B0C46D0F837
:109E9000CC6014D0F7F7DEFD58B90423422285F8D0
:109EA000D830B368C3F8082301225A600027384627
:109EB000F8BD95F8D93013B9EB6F9B08238263681E
:109EC000C5F8D030A368C5F8D430D5F8CC301E69B9
:109ED0003279C2F30017D206E8D5228A9B68920035
:109EE000C3F84827228A06F108059200C3F808271C
:109EF0002268C3F804276268C3F844270FCC0FC553
:109F000023682B6033796FF304133371CFE70A466C
:109F10000121FDF7BBBDF0B5426887B093681469B5
:109F2000D3F8202122B10022C3F82021D3F8202128
:109F3000D3F818217AB10022C3F81821D3F81821D8
:109F4000227942F0080202F012011229227104BFA4
:109F500042F020022271D3F804217AB10022C3F822
:109F60000421D3F80421227942F0040202F0110105
:109F70001129227104BF42F020022271D3F8082176
:109F800012B9D3F80C21CAB10021C3F80811D3F8D3
:109F90000821C3F80C11D3F80C210C222046C3F879
:109FA0000823C3F8001550F81C3B984720460221AF
:109FB00050F8083B07B0BDE8F0401847237903F09C
:109FC0000F020F2A07D0D80701D4190703D49A0724
:109FD0002AD45B0728D5237923F00C0313F0200C37
:109FE000237108D023F0300343F0100323710121C3
:109FF00000202368DEE701AE04F11C050FCD0FC67B
:10A000002B6804F11C07336004F108060FCE0FC75C
:10A01000336801212B602379C4E902CC43F010039B
:10A02000237101A82368984707B0F0BD91F8D43098
:10A0300010B5012B0C46A1F1040007D1FFF7FBFE80
:10A0400054F8040CBDE81040FDF72EBCBDE81040EC
:10A05000F7F7D0BD7FB54B1E012B04460D461DD82A
:10A0600000F1400600220023304601A9FAF71EFF46
:10A0700078B1022D14D104F19C050022002328465A
:10A0800001A9FAF713FF58B90199A06F00F0C9FCB4
:10A09000F3E70199E06900F0C4FCE3E70029EAD0A6
:10A0A00004B070BD30B543681360057A446804EBB2
:10A0B000C504A34202D36FF0010030BD5C798C422D
:10A0C00001D00833F0E70020F7E743681B68D3F8B6
:10A0D0003031704743681B68D3F88004C3F88004AC
:10A0E000704742681368D3F84C0150B10020926A5F
:10A0F00012780A70C3F84C01D3F84C2101229A62FD
:10A1000070474FF0FF30704713B501AA0446FFF7C0
:10A11000C9FF002805DB019B226819791868F8F748
:10A1200025FA02B010BD38B5054600220121C6202F
:10A13000EFF788FAC620EFF763FA6C680121E06850
:10A14000FFF7E2FF6B6819686369C1F82435E28B99
:10A15000A38BA07E1343228C1343628C1343627E35
:10A160009BB20243207E02431343C1F86C356968F9
:10A170000B68D3F8002242F48022C3F800220822A0
:10A18000C3F800254A6A0121C3F83C270022C3F81E
:10A1900040271965D3F830110029FBD0C3F80025FA
:10A1A0006D680021E8682C68FFF7AEFF0823C4F84B
:10A1B00000352A7A52B9AB6AC4F804370123C4F8CF
:10A1C0000837C4F84C21D4F84C21A362002038BDD4
:10A1D00008B50220F7F71AFA002008BD08B5FAF70B
:10A1E00053FA08BD034670B40C46DA880068197942
:10A1F0002243012405698C402B6812F0010F866808
:10A2000014BF2343A3432B60336870BC184701235A
:10A2100003FA01F103691B68194203D022B1836874
:10A220001B6903E0002AFAD08368DB6818470A46F6
:10A230000121FDF72BBC10B54FF0FF304FF0FF317F
:10A24000F8F71AFE044628B9E0F7BEFA044618B13A
:10A25000F8F71AFE204610BDF8F716FE2046EFF775
:10A2600005FFF7E738B50B8A0D463BB101F10C004D
:10A27000FDF7E1FD012818D0022803D06FF0150486
:10A28000204638BD4FF0FF304FF0FF31F8F7F4FDB6
:10A2900004460028F4D1E868E9F711F90446F8F714
:10A2A000F3FDACB1F8F7F6FDEAE74FF0FF304FF001
:10A2B000FF31F8F7E1FD04460028E1D1E868F8F73E
:10A2C000D1FF0446F8F7E0FD002CD9D1F8F7E2FD04
:10A2D0002846EFF795FD0024D2E7F8F72DBF10B51B
:10A2E00032220021044601F018F820232370802335
:10A2F000A3706FF03F0363710423A3722823A37339
:10A300000223E3730423A3756FF00803637603232A
:10A31000A3766FF00F03E3760E232377302384F8C0
:10A3200020306FF03F0384F82130792384F8223005
:10A330007E2384F82330802384F82630042384F895
:10A340002730402384F82D3010BD08B50323ECF7E7
:10A350007AF9002008BD00207047704708B5F9F76A
:10A36000DBFA002008BD08B500F07AF848B10023F8
:10A3700083F31188BFF36F8F0423184602DF6FF059
:10A38000040008BD08B54FF0FF314FF0FF30F8F77B
:10A3900073FDECF760F9BDE80840F8F775BD684655
:10A3A00020F007018D4601B5E8F7FEFBBDE801404E
:10A3B00085467047684620F007018D4601B5E8F7ED
:10A3C000D1F8BDE8014085467047684620F0070196
:10A3D0008D4601B5E8F7B8F8BDE8014085467047FD
:10A3E00008B5EBF7C5FE002008BD0A460121FDF7C0
:10A3F0004DBB00B589B006AB02930823039301ABB4
:10A40000049304230791CDE9053004AA184602A954
:10A41000F9F7CCFC0228019B09D003280AD060B9C7
:10A42000181E18BF0120404209B05DF804FB6FF010
:10A430001500F9E76FF08500F6E74FF0FF30F3E71E
:10A440007047012802D0022803D070470020E7F7A8
:10A45000D7B80120FBE77047E6F70EBF0020704732
:10A46000002070471C22002100F057BF0346002047
:10A47000184700F069BA024610B5116891B1B1FAF7
:10A4800081F3C3F11F000123834021EA0303D2E8D3
:10A49000EF4F8C4204D1C2E8EC3FBCF1000FF6D183
:10A4A000EBD110BD6FF00B00FBE710B50368CB409C
:10A4B000DB0710D401238B40026843EA0201D0E895
:10A4C000EF4F944204D1C0E8EC1FBCF1000FF6D16D
:10A4D000F2D1002010BD6FF01500FBE7F7B516466E
:10A4E000DDE90847019001A81D46F9F757FE019BD9
:10A4F000B6F1000C18BF4FF0010C00EB83000B1EEF
:10A5000018BF0123002D43EA4C0314BF4FF00C0C7D
:10A510004FF0000C002C43EA0C0314BF4FF4706C96
:10A520004FF0000C002F43EA0C0314BF4FF4403CE3
:10A530004FF0000CD0F8802043EA0C0322EA03031A
:10A5400001B109780EB13678760019430DB12D7836
:10A55000AD0031430CB12478240229430FB13F7878
:10A560003F040C433C43C0F8804003B0F0BD1FB52E
:10A570000DF10F03019300238DF80F101A461946B1
:10A580000093FFF7ABFF05B05DF804FB10B5044680
:10A590000846F9F713FE04EB4004A08AC0F340100C
:10A5A00010BD10B504460846F9F708FE04EB400458
:10A5B000A08AC0F3400010BD10B504460846F9F764
:10A5C000FDFD04EB4004A08A400B10BD70B50446AD
:10A5D00008461646F9F7F2FD083034F810300D46FB
:10A5E000DA0509D5C3F3432304EBC30231462846F9
:10A5F00054F8333052689847A3682BB13146284647
:10A60000E268BDE87040184770BD10B504460846C2
:10A61000F9F7D4FD00B204EB4000838ADA051DD5BA
:10A62000C3F3432123F4F853838204F1120204F1AB
:10A63000960032F8023F13F4807F03D0C3F3432324
:10A6400099420BD08242F4D1002204EBC1035A603C
:10A6500004F19C00BDE81040FFF727BF10BDF0B526
:10A660000446002001270546844695420AD1D4F8C5
:10A67000403133B10023C4F84031D4F8403140F4C4
:10A680008030F0BDEBB29B0003F580769B0807FAA3
:10A6900003F3194208D054F806E0BEF1000F03D0CE
:10A6A00044F806C0A65918430135DEE738B504461C
:10A6B0000D46FFF76BFFB0B12046FFF772FF90B970
:10A6C0002046FFF779FF012322688340C2F8083350
:10A6D000236800B203EB8003D3F8102522F00302B5
:10A6E000C3F8102538BD2846BDE838400021FFF7E3
:10A6F0003EBF2DE9F0431746044685B00846F9F7FA
:10A700005DFDD7F800800E460546B8F1000F1FD05A
:10A710002046FFF746FF18B12046FFF737FF30BB52
:10A7200000230DF10F02CDE900338DF80E308DF8C6
:10A730000F30304643460DF10E01FFF7CFFE2AB22F
:10A7400004EB4202938A23F0020343F00103938255
:10A750007B68002B34D03146204693F80080D3F834
:10A760000490FFF71EFF28B1B9F1000F1FD06FF062
:10A77000150028E028B204EB4000838A23F46043EC
:10A7800023F020038382B9F1000F10D0B8F1030F3A
:10A79000EDD87B6821685B6893F800C001EB8C0101
:10A7A000B8F1000F12D1C1F81085C1F810852AB296
:10A7B00004EB4202938A23F01C0343EA880393824A
:10A7C000BB6853BB002005B0BDE8F083D1F810256D
:10A7D00022F00302C1F81025226802EB8C03D3F8A3
:10A7E000102522F4473222F47C72C3F8102541F67A
:10A7F000F072D3F8101502EA061242EA08420A4340
:10A80000C3F8102504EB4C03A3F8A060838A43EA45
:10A810004C3343F020038382C9E73146D3E9007803
:10A820002046FFF7F2FE002FCCD063689F4206D08F
:10A8300004F19C00FFF71FFE002804DAC3E7A368B9
:10A840009845F5D1002004EBC003C3E901782DB28F
:10A8500004EB4505AB8AC0B243EA402343F480735E
:10A86000AB82AFE7C0E90312704770B504461546E6
:10A87000FFF78CFE48B10846F9F7A0FC04EB400452
:10A880000020A38A5B0B2B7070BD6FF01500FBE7F7
:10A8900090F8B000003818BF01207047F9F7C6BC27
:10A8A0002DE9F34104461746FFF770FE0D46266872
:10A8B00000B32046FFF775FE8046D8B92046FFF763
:10A8C0007BFE05B2AD0005F5807246F80280216876
:10A8D000B2582944D1F8102542F00102C1F81025E0
:10A8E0002FB10122216802FA00F3C1F8043302B04B
:10A8F000BDE8F081D6F804332846DB035CBF4FF493
:10A900008033C6F80433F9F759FC04EB4004A38AFA
:10A91000C3F38203042B11D0052B11D001A801959C
:10A92000F9F73CFC019BC168D94001F001010231FB
:10A93000284602B0BDE8F041FFF719BE0321F7E752
:10A940000221F5E7FFF7B2BE08B1EFF781BA704711
:10A9500010B5436904463BB90020E2684042537891
:10A9600043F00103537010BD98470028F4D000282D
:10A97000B8BF4042FF28A8BFFF20E3681870ECE78B
:10A9800040B1C368587810F001001EBF1878B0FAC3
:10A9900080F040097047EFF31183402383F312885E
:10A9A000BFF36F8FFEE710B400F10C04C0E903445D
:10A9B00010BCFCF781BB38B50446EFF3118540238A
:10A9C00083F31288BFF36F8FFCF726FB04F10C00B2
:10A9D00000F022FB30B1294604F11400BDE83840F4
:10A9E000FBF78AB885F31188BFF36F8F38BD4169D3
:10A9F000826842EA010313F003030FD1C3600369C5
:10AA0000013B03FB0122002B01DA00207047C168E3
:10AA1000013B11604169C260521AF4E76FF0150002
:10AA200070472DE9F04105460F46EFF311884023AA
:10AA300083F31288BFF36F8FC668FEB90468A04223
:10AA40001CD0DCB1D4E9003213605A60637BC4E9E6
:10AA5000006623F002036373A66004F1180000F09F
:10AA600049FB2046C4F8C060276100F070FA4146F7
:10AA700005F10800BDE8F041FBF73EB83E60AB6968
:10AA8000EF60013BAB6188F31188BFF36F8FBDE8C6
:10AA9000F081402408B5EFF3118384F31288BFF3EB
:10AAA0006F8FFDF7E1F8F6E7D0E9003213605A60E6
:10AAB0000023427BC0E9003322F00202427383602C
:10AAC0007047C0E9022303FB02120023036280F8EF
:10AAD0002C3000F12403C0E90521C0E90000C0E9E1
:10AAE00009330161C161704713B501240094FAF77D
:10AAF0006DF902B010BD90F90E308B4201D0FAF71B
:10AB000089BF0020704703460020C3E90033C3E932
:10AB100002007047D0E9003213605A600023427B84
:10AB2000C0E9003322F002024273836070472DE9CE
:10AB3000F843914604460D469DF8202000F1080791
:10AB4000EFF31186402181F31288BFF36F8F02B1BA
:10AB50004568D4F80880474518D0B8F1000F15D0E3
:10AB60004046FFF7D7FF08F1180000F0C3FA0023B2
:10AB70004046C8F8C030C8F8109000F0E8F93846F0
:10AB80003146FAF7B9FF0020BDE8F883A3B10820E9
:10AB9000FBF768FC002838D00122C0F8049002605E
:10ABA000016801F003015DB922680A43026062682E
:10ABB00020606AB960600BE04846C9F80030EFE7F2
:10ABC0002A68032A16D80160616869B9C4E90000DF
:10ABD000042104F1100000F06CFB0028CFD186F3B3
:10ABE0001188BFF36F8FCFE70A6802F003020243B8
:10ABF0000A60DFE722F003020A4302602A6802F0DB
:10AC0000030240EA02032B60E2E76FF00B00E6E785
:10AC100010B5044630B10268930703D0446809B107
:10AC200000F066FB204610BD0023C0E9003300F1B0
:10AC30000803C0E9023300F11003C0E90433704790
:10AC4000012307B5009300230A461946FFF76FFF5B
:10AC500003B05DF804FB002307B50A4600931946CC
:10AC6000FFF765FF03B05DF804FB00210068FFF704
:10AC7000CFBF5AB18A4209D300F11003C0E90212D2
:10AC8000C0E90000C0E90433002070476FF01500F0
:10AC90007047012302688B4022EA0303036022FA13
:10ACA00001F000F001007047704710B50321044621
:10ACB0000C30FFF7EEFF30B104F1100000F01AFA8B
:10ACC000B0FA80F0400910BD20B10022D430114606
:10ACD00000F0D6B9704770B5C3680446C3F34006A8
:10ACE0009B0716D4856802210C30FFF7D2FF80B194
:10ACF000D5F8CC206AB194421DD122689EB9D5F80E
:10AD0000D030C5F8CC209C4201D1C5F8D02000231A
:10AD10002360E36813F01F001EBF43F00203E360EB
:10AD200040F0020070BD3260D5F8D020944208BFD8
:10AD3000C5F8D060EBE716461268DBE773B504464A
:10AD4000EFF31185402383F31288BFF36F8F002345
:10AD5000A0F11006032104380193FFF79AFF28B1F0
:10AD6000A369304601A90193FAF738FB85F31188EE
:10AD7000BFF36F8F02B070BD38B504460D46102288
:10AD8000002100F0CAFA656038BD13B5019008468D
:10AD9000EFF31184402383F31288BFF36F8F01A96F
:10ADA000FAF71CFB84F31188BFF36F8F02B010BD5C
:10ADB00010B5FFF7EAFF041E08DDEFF31180402312
:10ADC00083F31288BFF36F8FFAF7A8FE204610BDF9
:10ADD00070B50D46EFF31186402383F31288BFF35D
:10ADE0006F8FFAF757FB044686F31188BFF36F8F16
:10ADF00038B14FF0FF324FF0FF3305F11000FAF792
:10AE0000EDF9204670BD08B5E822002100F085FA72
:10AE100008BD38B530220D460021044600F07DFA09
:10AE20004FF480736560E36038BD38B50446EFF3D6
:10AE30001185402383F31288BFF36F8FFFF735FF2F
:10AE40002046FFF748FF85F31188BFF36F8F38BDA9
:10AE5000F8B504460D46EFF31186402383F31288BC
:10AE6000BFF36F8FC36803F01F03002B14BF0127CC
:10AE7000002705D186F31188BFF36F8F3846F8BDE0
:10AE8000FFF713FF2046FFF726FF29462046FAF773
:10AE900087FA86F31188BFF36F8F0028EED04FF04A
:10AEA000FF324FF0FF3305F10800FAF797F9E5E7B5
:10AEB000D0E9003213605A600023427BC0E90033BE
:10AEC00022F00202427383607047EFF3058000387E
:10AED00018BF0120704788307047D0E900321360F6
:10AEE0005A600023C0E90033704708B5FFF7F5FF4B
:10AEF000437B23F0020343730023836008BD38B50E
:10AF000004460D46FAF7F4FC637B43F002036373D7
:10AF1000E5B1A5602B689D4209D16B68C4E9005377
:10AF20001C606C6012E06A689A42F6D01B68002BC5
:10AF3000F3D094F90E2093F90E108A42F3D0914287
:10AF4000F1DD5A68C4E9003214605C6038BD10B5A8
:10AF5000EFF31184402383F31288BFF36F8FFAF766
:10AF600085FC84F31188BFF36F8F10BD08B5EFF334
:10AF70001181402282F31288BFF36F8F83680BB177
:10AF8000FFF7B3FF81F31188BFF36F8F08BD38B5AA
:10AF9000EFF31184402383F31288BFF36F8F0023F4
:10AFA00090F87050427B80F870302DB121B184F35D
:10AFB0001188BFF36F8F38BD12F0280FF7D1836867
:10AFC0000BB1FFF792FF437B23F004034373FAF7BF
:10AFD0004DFCECE701211838FFF7D9BF08B503464F
:10AFE000EFF31181402282F31288BFF36F8F006864
:10AFF000834207D008B1FFF778FF81F31188BFF3D0
:10B000006F8F08BD0020F8E710B5FFF7AFFFBDE870
:10B010001040183000F06EB838B5054604680020BE
:10B02000AC4200D138BD002CFCD02046FFF7ECFF2D
:10B030002046FFF78CFF2C680120A542F1E770B590
:10B0400005460E46FAF712FEB6F1FF3F08BFB5F10E
:10B05000FF3F0446284612D04FF47A7547F6112078
:10B06000002147F612220023C4FB0501E8F78AF805
:10B07000B0F1004F71F1000128BF6FF0004070BDCA
:10B0800038B5EFF31185402383F31288BFF36F8F38
:10B090000468A04213D0A4B1C4F8C01022612046B5
:10B0A000FFF723FF04F1180000F024F82046FAF718
:10B0B000DDFB012085F31188BFF36F8F38BD0020C1
:10B0C000F8E72046F6E708B50246FAF78DFF70B1BB
:10B0D000D0E904319B1A61EBE272B3F1004F72F1D7
:10B0E000000104DA002AACBF1846002008BD6FF04A
:10B0F0000040FBE7024638B5EFF31185402383F3A8
:10B100001288BFF36F8F0368CBB1FAF76DFF044667
:10B110001046FAF77BFF00224FF000438442C0E95B
:10B12000042306D1FAF768FFFFF7CDFF0021F7F7F8
:10B1300023FC002085F31188BFF36F8F38BD6FF0BB
:10B140001500F7E708B5FBF76BF808BDFBF768B823
:10B15000B3F1FF3F08BFB2F1FF3F70B506461D4691
:10B16000144614D01A4316D0002B08DBFBF758F80E
:10B17000041941EB0501C6E90041304670BD6FF08E
:10B1800001031C1B4FF0FF3363EB0501F3E74FF0A6
:10B19000FF342146EFE70024FBE7B3F1FF3F08BF90
:10B1A000B2F1FF3FF8B5074616461C4610D054EAE8
:10B1B000020311D0FBF734F8B0420A46A14103461E
:10B1C0000AD2F31A64EB0204C7E900343846F8BD2A
:10B1D0004FF0FF331C46F7E70023FBE70023C0E9ED
:10B1E000081200F11802C0E90622C0E90033036327
:10B1F0004363704710B50446FFF77CFFA8B9636A44
:10B200000BB12046984704F11800FFF7E7FE60B144
:10B21000FFF79DFEEFF31180402383F31288BFF305
:10B220006F8FBDE81040FAF779BC10BD2DE9F041F1
:10B23000846805460E46D4B16378012B22D114F8F8
:10B24000533C9A0711D5A4F160073846FFF7DCFE9E
:10B25000082E0CBF6FF003030023236614F8533C41
:10B26000DB0602D13846FFF772FE00232370002070
:10B27000EB68A860C3F38632164366F39433EB6041
:10B28000BDE8F081022BF0D12378002BEDD054F8EB
:10B29000048CB8F1000FE8D004F11400FFF72AFF86
:10B2A0000023A4F1140739464046E362FFF76DFD21
:10B2B000DBE738B5EFF31185402383F31288BFF342
:10B2C0006F8F0468A04211D0D4E9003213605A6035
:10B2D00000232046C4E90033FFF7A8FF85F3118857
:10B2E000BFF36F8F201E18BF012038BD0024F5E783
:10B2F00020B1011F50F8040CFFF75DBB7047704789
:10B300000A44431E914200D1704710B511F8014B19
:10B31000914203F8014FF9D110BD02440346934214
:10B3200000D1704703F8011BF9E70139024410B559
:10B33000904201D1002005E0037811F8014FA342AB
:10B3400001D0181B10BD0130F2E710B501390446D9
:10B3500032B111F8013F013A00F8013B002BF7D15F
:10B360000021FFF7DAFF204610BD0246014410B568
:10B370008A42134603D01C780132002CF8D1181AE7
:10B3800010BDF0B5C3F13707044603F01F031046A4
:10B39000FFB2082BE6B232D0102B3DD06508A408CE
:10B3A00045EAC17544EA81748A082D1942EB5102BD
:10B3B000290941EA02716D1842EB1212290A41EA89
:10B3C00002616D1842EB1222290C41EA02416D180C
:10B3D00042EB1242AD1842F10002EC0844EA42741A
:10B3E000D10804EB8402A6EB4205EDB2092D0CD97D
:10B3F0000134A5F10A0541F10001EDB212E0E408C3
:10B4000006F0070544EA4174C908303554EA0102E0
:10B4100000F8015BBDD1F0BD240906F00F0544EA38
:10B4200001740909092D84BFED19EDB2EDE7D1E9E9
:10B43000043293421EBF5A1C0A6118707047000004
:10B440000148006870470000A030012088B3FE7FEB
:10B45000010000003D9E050000000000C928060014
:10B4600000000000153A0600000000000000000087
:10B4700034B50600294D0600000000004D4D0600C1
:10B48000000000000000000088B506000000000079
:10B4900050B50600000000006CB50600000000007A
:10B4A000A4B506002939060000000000E1A306004B
:10B4B0000000000000000000C0B506000000000011
:10B4C000DCB506000117060000000000D1A106004F
:10B4D000000000008583050000000000559C050069
:10B4E0000000000000000000F8B50600F16F050044
:10B4F000000000005DA406000000000029520600C4
:10B50000000000000000000014B60600359F050092
:10B51000000000005DA306000000000067A3060015
:10B520000000000029A2050000000000DD8D0500DC
:10B5300000000000B5F2060090CA060080BF0600B9
:10B54000DC050120D03201203D140600000000007F
:10B55000EDF20600D4CA060048BF0600E00501204F
:10B560004C3301201119060000000000F9F206001A
:10B57000E8CA060048BF0600E20501205833012052
:10B58000111906000000000004F30600FCCA0600C2
:10B5900048BF0600E40501206433012011190600AC
:10B5A000000000000FF3060010CB060048BF0600A5
:10B5B000E60501207033012011190600000000008B
:10B5C000E5F206000000000040BF0600DE05012095
:10B5D000000000005D9D0600000000006AF6060005
:10B5E00074CB06009CBF0600EA050120EC34012064
:10B5F00027A1060000000000D1F8060000000000AE
:10B6000004CC0600EC05012030350120693006002D
:10B61000000000004FF6060024CB06006CBF0600B9
:10B62000E80501207C330120851A06000000000097
:10B63000000000004D7C0600000000004D7C06006C
:10B64000000000004D7C0600000000004D7C06005C
:10B65000000000004D7C0600000000004D7C06004C
:10B66000000000004D7C0600000000004D7C06003C
:10B67000000000004D7C0600000000004D7C06002C
:10B68000000000004D7C0600000000004D7C06001C
:10B69000000000004D7C0600000000004D7C06000C
:10B6A000000000004D7C0600000000004D7C0600FC
:10B6B000000000004D7C0600000000004D7C0600EC
:10B6C000000000004D7C0600000000004D7C0600DC
:10B6D000000000004D7C0600000000004D7C0600CC
:10B6E000000000004D7C0600000000004D7C0600BC
:10B6F000000000004D7C0600000000004D7C0600AC
:10B70000000000004D7C0600000000004D7C06009B
:10B710000000000081390600000000004D7C06009A
:10B72000000000004D7C0600000000004D7C06007B
:10B73000000000004D7C0600000000004D7C06006B
:10B74000000000004D7C0600000000004D7C06005B
:10B75000000000004D7C0600000000004D7C06004B
:10B76000000000004D7C0600000000004D7C06003B
:10B77000000000004D7C0600000000004D7C06002B
:10B78000000000004D7C0600000000004D7C06001B
:10B79000000000004D7C0600000000004D7C06000B
:10B7A000000000004D7C0600000000004D7C0600FB
:10B7B000000000004D7C0600000000004D7C0600EB
:10B7C000000000004D7C0600000000004D7C0600DB
:10B7D000000000004D7C0600000000004D7C0600CB
:10B7E000000000004D7C0600000000004D7C0600BB
:10B7F000000000004D7C0600000000004D7C0600AB
:10B80000000000004D7C0600000000004D7C06009A
:10B81000000000004D7C0600000000004D7C06008A
:10B82000000000004D7C0600000000004D7C06007A
:10B83000000000004D7C0600000000004D7C06006A
:10B84000000000004D7C0600000000004D7C06005A
:10B85000000000004D7C0600000000004D7C06004A
:10B86000000000004D7C0600000000004D7C06003A
:10B87000000000004D7C0600000000004D7C06002A
:10B88000000000004D7C0600000000004D7C06001A
:10B89000000000004D7C0600000000004D7C06000A
:10B8A000000000004D7C0600000000004D7C0600FA
:10B8B000000000004D7C0600000000004D7C0600EA
:10B8C000000000004D7C0600000000004D7C0600DA
:10B8D000000000004D7C0600000000004D7C0600CA
:10B8E000000000004D7C0600000000004D7C0600BA
:10B8F000000000004D7C0600000000004D7C0600AA
:10B90000000000004D7C0600000000004D7C060099
:10B91000000000004D7C0600000000004D7C060089
:10B92000000000004D7C0600000000004D7C060079
:10B93000000000004D7C0600000000004D7C060069
:10B94000000000004D7C0600000000004D7C060059
:10B95000000000004D7C0600000000004D7C060049
:10B96000000000004D7C0600000000004D7C060039
:10B97000000000004D7C0600000000004D7C060029
:10B98000000000004D7C0600000000004D7C060019
:10B99000000000004D7C0600000000004D7C060009
:10B9A000000000004D7C0600000000004D7C0600F9
:10B9B000000000004D7C0600000000004D7C0600E9
:10B9C000000000004D7C0600000000004D7C0600D9
:10B9D000000000004D7C0600000000004D7C0600C9
:10B9E000000000004D7C0600000000004D7C0600B9
:10B9F000000000004D7C0600000000004D7C0600A9
:10BA0000000000004D7C0600000000004D7C060098
:10BA1000000000004D7C0600000000004D7C060088
:10BA2000000000004D7C0600000000004D7C060078
:10BA3000000000004D7C0600000000004D7C060068
:10BA4000000000004D7C0600000000004D7C060058
:10BA5000000000004D7C0600000000004D7C060048
:10BA6000000000004D7C0600000000004D7C060038
:10BA7000000000004D7C0600000000004D7C060028
:10BA8000000000004D7C0600000000004D7C060018
:10BA9000000000004D7C0600000000004D7C060008
:10BAA000000000004D7C0600000000004D7C0600F8
:10BAB000000000004D7C0600000000004D7C0600E8
:10BAC000000000004D7C0600000000004D7C0600D8
:10BAD000000000004D7C0600000000004D7C0600C8
:10BAE000000000004D7C0600000000004D7C0600B8
:10BAF000000000004D7C0600000000004D7C0600A8
:10BB0000000000004D7C0600000000004D7C060097
:10BB1000000000004D7C0600000000004D7C060087
:10BB2000000000004D7C0600000000004D7C060077
:10BB3000000000004D7C0600000000004D7C060067
:10BB4000000000004D7C0600000000004D7C060057
:10BB5000000000004D7C0600000000004D7C060047
:10BB6000000000004D7C0600000000004D7C060037
:10BB7000000000004D7C0600000000004D7C060027
:10BB8000000000004D7C0600000000004D7C060017
:10BB9000000000004D7C0600000000004D7C060007
:10BBA000000000004D7C0600000000004D7C0600F7
:10BBB000000000004D7C0600000000004D7C0600E7
:10BBC000000000004D7C0600000000004D7C0600D7
:10BBD000000000004D7C0600000000004D7C0600C7
:10BBE000000000004D7C0600000000004D7C0600B7
:10BBF000000000004D7C0600000000004D7C0600A7
:10BC0000000000004D7C0600000000004D7C060096
:10BC1000000000004D7C0600000000004D7C060086
:10BC2000000000004D7C0600000000004D7C060076
:10BC3000000000004D7C0600000000004D7C060066
:10BC4000000000004D7C0600000000004D7C060056
:10BC5000000000004D7C0600000000004D7C060046
:10BC6000DCB50600CBA00600000000004D7C0600FD
:10BC7000000000004D7C0600000000004D7C060026
:10BC8000000000004D7C0600000000004D7C060016
:10BC9000000000004D7C0600000000004D7C060006
:10BCA000000000004D7C0600000000004D7C0600F6
:10BCB000000000004D7C0600000000004D7C0600E6
:10BCC000000000004D7C0600000000004D7C0600D6
:10BCD000000000004D7C0600000000004D7C0600C6
:10BCE000000000004D7C0600000000004D7C0600B6
:10BCF000000000004D7C0600000000004D7C0600A6
:10BD0000C8030120079E0600000000004D7C0600CD
:10BD1000000000004D7C0600000000004D7C060085
:10BD2000000000004D7C0600000000004D7C060075
:10BD3000000000004D7C0600000000004D7C060065
:10BD4000000000004D7C0600454906006DA4060079
:10BD5000000000004D7C0600000000004D7C060045
:10BD6000000000004D7C0600000000004D7C060035
:10BD700014B60600179F0600000000004D7C060068
:10BD8000000000004D7C0600000000004D7C060015
:10BD9000000000004D7C0600000000004D7C060005
:10BDA000000000004D7C0600000000004D7C0600F5
:10BDB000000000004D7C0600000000004D7C0600E5
:10BDC000000000004D7C0600000000004D7C0600D5
:10BDD000000000004D7C0600000000004D7C0600C5
:10BDE000000000004D7C0600000000004D7C0600B5
:10BDF000000000004D7C0600000000004D7C0600A5
:10BE0000000000004D7C0600000000004D7C060094
:10BE1000000000004D7C0600000000004D7C060084
:10BE2000000000004D7C0600000000004D7C060074
:10BE3000000000004D7C0600000000004D7C060064
:10BE4000000000004D7C0600000000004D7C060054
:10BE5000000000004D7C0600000000004D7C060044
:10BE6000000000004D7C0600000000004D7C060034
:10BE7000000000004D7C0600000000004D7C060024
:10BE8000000000004D7C0600000000004D7C060014
:10BE900014030120079E0600000000004D7C0600F0
:10BEA00059A406006DA40600000000004D7C0600A9
:10BEB000000000004D7C0600000000004D7C0600E4
:10BEC000000000004D7C0600000000004D7C0600D4
:10BED000000000004D7C0600000000004D7C0600C4
:10BEE000000000004D7C0600000000004D7C0600B4
:10BEF000000000004D7C0600000000004D7C0600A4
:10BF0000000000004D7C0600000000004D7C060093
:10BF1000000000004D7C0600000000004D7C060083
:10BF2000000000004D7C0600000000004D7C060073
:10BF3000000000004D7C0600000000004D7C060063
:10BF4000499D060000000000511706006D9D060087
:10BF5000799D06008D9D0600979D0600A19D060017
:10BF600059190600B59D060000000000291F0600B3
:10BF70000B9E0600C5240600F91A060009220600D9
:10BF8000A1140600A99C0600099D060000000000FF
:10BF9000479C06000000000000000000E3A006002F
:10BFA000D1270600D5A0060005000000FDD505003C
:10BFB000060000004104060004000000B9E6050088
:10BFC000B975050051750500000000000000000073
:10BFD0000000000000000000000000000000000061
:10BFE000B8C806000800000058C906000700000095
:10BFF000D8C506000600000026CF0600030000009A
:10C00000B8CF06000300000080E406000300000033
:10C0100038ED0600030000001DD8060003000000F4
:10C02000D2E806000300000076F2060003000000DC
:10C0300024D806000300000006E606000300000006
:10C04000C7EE060003000000AAE10600030000009E
:10C0500027E40600030000005EF206000300000073
:10C0600064EA060003000000B8D2060003000000E6
:10C07000DCD7060003000000EEF806000300000015
:10C08000DCF806000300000057F206000300000081
:10C0900065D0060003000000D7F206000300000090
:10C0A00083F706000300000081D0060003000000B3
:10C0B00090D006000300000094D0060003000000AA
:10C0C000BCD1060003000000F8CE0600030000000B
:10C0D0001AF9060003000000CDD606000300000098
:10C0E00051D706000300000059D7060003000000E6
:10C0F000FDFA060003000000EEFB0600030000004E
:10C10000C5D106000300000068D706000300000048
:10C1100076D006000300000059F606000300000078
:10C1200075F6060003000000BCC50600C802012029
:10C13000ABD1060001000000040000000F00000069
:10C140000100000008000000200000007400000052
:10C15000840000000D0000000C0000000E00000034
:10C160005000000088000000BC000000FFFFFFFF3F
:0CC17000FFFFFFFF09000000FFFFFFFFC2
:10C180000000000003000000A0000000F00000001C
:10C190000000000091E0060096E006009AE006002C
:10C1A0009EE00600A2E00600A6E00600AAE0060067
:10C1B000AEE00600B2E00600B6E00600BAE0060017
:10C1C000BEE00600C2E00600C6E00600CAE00600C7
:10C1D000CEE00600D2E00600D6E0060000A0104047
:10C1E00000820D400004054000860D40050000005F
:10C1F000040000000100000001020203030100012D
:10C200000000010100000100010000010001000028
:10C21000000001000B0002000A00050009000A00EE
:10C220000800140007001E000600320005004B0045
:10C2300004006400030096000200FA000100F4010B
:10C240000000F401FA00960064004B0032001E006A
:10C2500014000A000500020001000C0802170D017D
:10C26000010209090101060209181803010109095F
:10C2700003038503020123020224091004040505B7
:10C280000B0B040B2B1B1B159A9A1C021D16130576
:10C2900001490D150508061B1B0F01010000FEFEDC
:10C2A000FEFEFEFEFEFEFEFEFEFEFEFEFEFEFEFEAE
:10C2B000FEFEFE16FEFEFEFEFEFEFEFEFEFEFE1F65
:10C2C0001FFEFE26FEFEFEFEFEFEFEFEFEFEFEFE45
:10C2D000FEFEFEFEFEFE3E3EFEFEFEFE3B3BA201DD
:10C2E000B003BE05EE024806A209C405F40B2412F1
:10C2F000A00E01200200000B01000000070000005A
:10C300000000000000000000000000000406080A11
:10C310000C0E10121416181C1E20222426282A2C5B
:10C320002E30323436383A3C3E40424446484A4C3D
:10C330004E021A5000000000280000001800000003
:10C3400000000000F02300002413000000000000A3
:10C350004006000040060000000098086B03000043
:10C3600000000000F0230000241300000000000083
:10C3700048A3000014A00000000040060C030000C9
:10C380003C0001200200000B0A0F01200200000CFB
:10C390006E0F01200200000B6E0F01200100000C47
:10C3A0006C0F01200100000C0000000000000101E2
:10C3B0000101010101010101010102020202020267
:10C3C000030304040505060607070808090A0B0C01
:10C3D0000D0E0F101112131415161718191A1B0031
:10C3E00010010000D200000030010000D800000061
:10C3F00001000000E400000002000000EA0000006C
:10C4000002000000EC00000003000000EE0000004D
:10C4100004000000F000000005000000F200000031
:10C4200006000000F400000007000000F600000015
:10C4300008000000F700000009000000F8000000FC
:10C440000A000000F90000000B000000FA000000E4
:10C450000D000000FB0000000F000000FC000000C9
:10C4600011000000FD00000013000000FE000000AD
:10C4700015000000FF000000180000000000000090
:10C480001B000000010000001F000000020000006F
:10C49000230000000300000028000000040000004A
:10C4A0002D00000005000000330000000600000021
:10C4B00039000000070000003F00000008000000F5
:10C4C00000100200FA00000001030062746C6500B5
:10C4D000000000000000000000000000000000005C
:10C4E000000000000000000000000000000000004C
:10C4F000000000000000000000000000000100003B
:10C500000338FDD870470000000000000000000064
:10C510000338FDD870470000803E0000190000007D
:10C5200046000000DC0500000500000010020000CD
:10C53000803E00008806012000040000D0070000B3
:10C5400007100000C805012001010000D8050120E6
:10C55000090A0000ADCF06006816012000010000A6
:10C56000A37906004D790600020000004B7B06000F
:10C5700000000000000000000000000000000000BB
:10C580008BD1060093D106000000000000000000DF
:10C59000000000009BD106009FD10600A3D1060039
:10C5A000A7D10600ACC5060068300120AD8D05009E
:10C5B000883001204236012001000000097C06007D
:10C5C000FF7B0600CD7B0600C17B0600000000005B
:10C5D000B57B06000000000074CC06009F930600A7
:10C5E00000000000A7D206000000010070CC060089
:10C5F0002195060000000000FC020120000001005F
:10C6000085D20600000000000000000000000000CD
:10C61000000001006CCC060071930600A1EF05003C
:10C62000D80201200000030068CC06002195060016
:10C6300000000000D00201200000010063D20600CB
:10C6400000000000158E050000000000000003003F
:10C6500000000120000000000600010002000000B0
:10C6600064C60600000000003DD70600060000007A
:10C67000E0CF1F000000012045D706002100000088
:10C6800020FE072004030120E19C050000000000BB
:10C69000FB7C060088C60600A4C606000001000058
:10C6A0000000000028A0012088C60600B8C60600C9
:10C6B0002E0000000000000078AD012088C60600B2
:10C6C000CCC6060002010000000000004CAE0120B4
:10C6D000DAE00600F8E0060013E1060023E10600B8
:10C6E00030E1060039E1060040E1060047E10600BE
:10C6F0004EE1060056E1060030E106005EE106006C
:10C7000070E1060085E1060098E106000E030000D6
:10C71000F9B405000F040000C5B405001A010000BB
:10C72000BDA0050005040000D5A005001301000010
:10C7300039A305003E010000A9A505000112000073
:10C74000038106000A1E000031810600FF0100007F
:10C750001DA705003E010000FDA605000504000020
:10C7600021A105000804000079AB0500300300009A
:10C77000F1AA050010010000C9A105000112000086
:10C78000D9B105000A1E0000EF8106000309000070
:10C79000ADA80500040B0000E5A20500060A000094
:10C7A00001B40500070A000099A105000C0500006E
:10C7B00065A10500050C00003DB3050088C6060014
:10C7C000CCC70600470000000000000068AF012051
:10C7D0004DCF06005EE806007EE8060072E806001F
:10C7E00089E80600A0E80600B0E806005ECF060073
:10C7F000C4E8060088C6060004C806000000000061
:10C800000000000088B0012088C6060018C8060095
:10C810000001000000000000B0B001209587060074
:10C82000E787060000000000000000000000000094
:10C83000F5D8050000000000000000000000000026
:10C840000000000002020100678F060004040100DE
:10C850004DE60500060601008DE50500080401000F
:10C8600079E405000A0201004F8F06000C04010064
:10C87000378F06000E0401004DE30500200401007F
:10C88000B1E2050010040100C1E10500120201003F
:10C89000078E06001E0004000191060052020000EF
:10C8A0002D8E060088C60600B4C8060002010000EE
:10C8B0000000000050B50120A4CC06009F930600A4
:10C8C00000000000A0CC0600000001009CCC060087
:10C8D0002195060000000000340501200000010041
:10C8E00094CC0600000000000000000000000000E2
:10C8F0000000000090CC060071930600A1EF050037
:10C900003C050120000003008CCC060021950600A8
:10C91000000000002C0501200000010084CC06006E
:10C92000D79306005DF00500000000000000030042
:10C9300080CC06002195060000000000240501209F
:10C940000000010078CC060099F30500000000000B
:10C950000000000000000100D0CC06009F930600FC
:10C9600000000000CCCC060000000100C8CC06008E
:10C970002195060000000000700501200000010064
:10C98000C0CC060007940600000000000000000074
:10C9900000000100BCCC060021950600000000004C
:10C9A0006805012000000100B4CC060031940600A7
:10C9B000000000000000000000000100B0CC0600F4
:10C9C0002195060000000000600501200000010024
:10C9D000A8CC06003DEE05000000000000000000AD
:10C9E00000000100CD030600859A0600F50D060043
:10C9F0000000000000000000DD0A0600000000004A
:10CA00000000000000000000000000000000000026
:10CA100000000000450506000600000061980600C1
:10CA2000060000003501060010000000A9FD050009
:10CA300010000000950D060001000000F5960600AC
:10CA4000100000005D9806000A0000006104060066
:10CA500010000000C10B06000700000065980600EA
:10CA600010000000A3970600010000000903060063
:10CA7000400000000198060010000000BB9706006F
:10CA800001000000F9130600C913060000000000B1
:10CA90005D150600DD140600C2F206003F9D06008B
:10CAA0003B9D0600C8F20600299D06002F9D06004A
:10CAB000CEF2060050B5060088B50600A4B5060003
:10CAC0006CB5060000A0104000820D400004054037
:10CAD00000860D40FF03000000A010401403012059
:10CAE0000000000000000000FF1F000000860D4055
:10CAF000C80301200000000003000000FFFFFFFF4B
:10CB000000820D40C8030120000000000100000069
:10CB1000FF070000000405400000000000000000C6
:10CB200002000000291D060044CB060000800E40D4
:10CB300000000000BC340120000000000048E801B3
:10CB40000000000000800E4050CB060001000000F5
:10CB500058CB0600030000003700004736000049AC
:10CB60002D00004B00A0104000820D400004054045
:10CB700000860D4000600C40000000000000000036
:10CB8000A0CB060000C201000000D601000000009A
:10CB90000000004000000000893701208837012094
:10CBA00000600C40ACCB060001000000B4CB0600D6
:10CBB00004000000300000003200000231060001D5
:10CBC0003306000388B506001600000088B506008D
:10CBD0001900000088B506001B00000088B506009B
:10CBE0001C00000088B506001A00110088B5060078
:10CBF0000900110088B506000800110050B50600B4
:10CC000005001100552F060037A2060065A2060098
:10CC100000A0104000820D400004054000860D4039
:10CC2000080000000A0000000400000001000000ED
:10CC30009FFB0600ADFB0600C1FB0600D0FB060013
:10CC4000DCFB060054B4060064B40600CCB4060055
:10CC5000D4B406002CB5060034B50600F1FB06007E
:10CC6000000100000000000000000328000002296D
:10CC7000000003280000002800002A2B00002A2BB7
:10CC8000000003280000292B0000292B00000328A6
:10CC9000000002290000052A0000052A00000328E0
:10CCA00000000118000000280000042A0000042AE7
:10CCB000000003280000012A0000012A00000328C8
:10CCC0000000002A0000002A0000032800000018CD
:10CCD0000000002853544154455F4C495354454E7D
:10CCE000494E473A2073747265616D696E672065BD
:10CCF0006E61626C65640042544E32206D616E75E7
:10CD0000616C2073746F703A2066696E616C697A29
:10CD1000696E672073747265616D005354415445A8
:10CD20005F46494E414C495A453A206361707475DB
:10CD300072655F656E61626C65643D302C20647263
:10CD400061696E696E6720424C45205458207175A8
:10CD5000657565005641443A20726D733D25752016
:10CD60006E6F6973653D2575206F66663D2575207C
:10CD700073696C656E63653D25752F2575206C693B
:10CD80007374656E696E673D256400564144206585
:10CD90006E64706F696E743A2069676E6F72656455
:10CDA00020647572696E6720424C45207472616E12
:10CDB00073706F7274207465737400424C45205414
:10CDC000582071756575652072656A656374656460
:10CDD00020617564696F206368756E6B3A20256405
:10CDE0000056414420696E697469616C697A6174A6
:10CDF000696F6E206661696C65643A202564004243
:10CE00006C7565746F6F746820696E697469616CA4
:10CE1000697A6174696F6E206661696C65643A2035
:10CE20002564004265616D666F726D657220696E82
:10CE30006974696C697A6174696F6E206661696C86
:10CE400065643A20256400416C776179732D6F6EBB
:10CE5000206265616D666F726D696E6720666169DB
:10CE60006C656420746F2073746172743A20256459
:10CE70000053544154455F49444C45004265616D3F
:10CE8000666F726D696E67202620616461707469D7
:10CE9000766520564144206163746976650042548A
:10CEA0004E313A20626567696E206C697374656EF5
:10CEB000696E67004D6178696D756D207374726578
:10CEC000616D206475726174696F6E207265616353
:10CED0006865643A2066696E616C697A696E67207C
:10CEE00073747265616D0053544154455F50524FE5
:10CEF00043455353494E47006D61696E00493253B3
:10CF00002072656164206661696C65643A202564FD
:10CF100000493253207374617274206661696C65D4
:10CF2000643A202564006265616D666F726D00422F
:10CF30004C4520636F6E6E656374696F6E20666129
:10CF4000696C65643A20257500424C45206469731C
:10CF5000636F6E6E656374656400424C4520636F59
:10CF60006E6E656374656400424C452073656E6443
:10CF7000206661696C65643B2064726F70706564E3
:10CF8000206F6E65206368756E6B3A2025640064BF
:10CF9000697361626C6564004E5553206E6F7469ED
:10CFA0006669636174696F6E732025730042656101
:10CFB0006D666F726D657200626C7565746F6F740B
:10CFC000680028756E7369676E65642920636861FF
:10CFD00072202A207573656420666F722025257083
:10CFE00020617267756D656E742E204974277320F9
:10CFF0007265636F6D6D656E64656420746F206328
:10D0000061737420697420746F20766F6964202ABC
:10D010002062656361757365206974206D61792094
:10D020006361757365206D69736265686176696FA8
:10D030007220696E206365727461696E20636F6E21
:10D0400066696775726174696F6E732E20537472AE
:10D05000696E673A2225732220617267756D656E6D
:10D06000743A25640063627072696E74665F706101
:10D07000636B616765007379735F6765746F707464
:10D080000066735F6E7673006C6F6767696E67002A
:10D090006C6F67006C6F675F6D676D74004D6573D3
:10D0A00073616765202822257322292064726F70BE
:10D0B00070656420626563617573652069742065BD
:10D0C0007863656564732073697A65206C696D693E
:10D0D000746174696F6E2028257529004D6573731E
:10D0E0006167652064726F7070656420626563615A
:10D0F0007573652069742065786365656473207352
:10D10000697A65206C696D69746174696F6E202835
:10D11000257529000D0A001B5B306D00257320006A
:10D120005B2530386C755D20005B253032753A2503
:10D130003032753A253032752E253033752C253036
:10D1400033755D200025732F003C25733E2000259C
:10D15000733A2000253032782000202020007C0007
:10D16000256300206D657373616765732064726F5A
:10D1700070706564202D2D2D0D0A1B5B306D001B1A
:10D180005B313B33316D2D2D2D20001B5B313B334B
:10D19000316D001B5B313B33336D0065727200777C
:10D1A000726E00696E6600646267006C6F675F6232
:10D1B00061636B656E645F75617274006C6F675F4D
:10D1C000756172740073657474696E6773002A2ADE
:10D1D0002A20426F6F74696E67204D79204170700C
:10D1E0006C69636174696F6E2076332E332E312D36
:10D1F000633563356565323531356137202A2A2A32
:10D200000A002A2A2A205573696E67206E5246202A
:10D21000436F6E6E6563742053444B2076332E3318
:10D220002E312D31643761306230653439623820F7
:10D230002A2A2A0A002A2A2A205573696E67205A48
:10D240006570687972204F532076342E332E393929
:10D250002D333765366332383537366565202A2AEF
:10D260002A0A00029ECADC240EE5A9E093F3A3B5C6
:10D270000200406E029ECADC240EE5A9E093F3A3EF
:10D28000B50200406E029ECADC240EE5A9E093F3CD
:10D29000A3B50300406E029ECADC240EE5A9E0930C
:10D2A000F3A3B50300406E029ECADC240EE5A9E09C
:10D2B00093F3A3B50100406E62745F6E75730072E4
:10D2C000302F61313A202030782530387820207294
:10D2D000312F61323A202030782530387820207282
:10D2E000322F61333A20203078253038780072337D
:10D2F0002F61343A2020307825303878207231324E
:10D300002F69703A202030782530387820723134F7
:10D310002F6C723A202030782530387800207870D1
:10D3200073723A2020307825303878004661756C69
:10D3300074696E6720696E737472756374696F6E59
:10D34000206164647265737320287231352F7063B5
:10D35000293A2030782530387800556E68616E643F
:10D360006C6564204952516E3A202564002A2A2AAD
:10D370002A2A204D5055204641554C54202A2A2A0D
:10D380002A2A002020537461636B696E67206572DE
:10D39000726F722028636F6E746578742061726595
:10D3A00061206D69676874206265206E6F742076F5
:10D3B000616C696429002020556E737461636B6928
:10D3C0006E67206572726F72002020446174612064
:10D3D0004163636573732056696F6C6174696F6E26
:10D3E0000020204D4D4641522041646472657373A4
:10D3F0003A2030782578002020496E737472756366
:10D4000074696F6E204163636573732056696F6C36
:10D410006174696F6E002020466C6F6174696E677D
:10D420002D706F696E74206C617A792073746174E9
:10D430006520707265736572766174696F6E2065C0
:10D4400072726F72002A2A2A2A2A205553414745B0
:10D45000204641554C54202A2A2A2A2A00202044BA
:10D4600069766973696F6E206279207A65726F00E0
:10D470002020556E616C69676E6564206D656D6F07
:10D480007279206163636573730020205374616354
:10D490006B206F766572666C6F772028636F6E7491
:10D4A0006578742061726561206E6F742076616C9E
:10D4B0006964290020204E6F20636F70726F63656E
:10D4C00073736F7220696E737472756374696F6EB3
:10D4D00073002020496C6C6567616C206C6F61641F
:10D4E000206F66204558435F52455455524E20697F
:10D4F0006E746F205043002020496C6C6567616C2E
:10D5000020757365206F66207468652045505352FE
:10D51000002020417474656D707420746F206578EC
:10D52000656375746520756E646566696E656420F3
:10D53000696E737472756374696F6E002A2A2A2A81
:10D540002A20425553204641554C54202A2A2A2A43
:10D550002A002020537461636B696E6720657272C4
:10D560006F72002020507265636973652064617476
:10D570006120627573206572726F720020204246CE
:10D58000415220416464726573733A203078257883
:10D59000002020496D707265636973652064617451
:10D5A0006120627573206572726F72002020496E6F
:10D5B000737472756374696F6E206275732065721F
:10D5C000726F720052657365727665642045786388
:10D5D000657074696F6E20280053707572696F757D
:10D5E0007320696E74657272757074202849525187
:10D5F0002000457863657074696F6E206F63637592
:10D600007272656420696E2053656375726520537C
:10D6100074617465002A2A2A2A2A2048415244202B
:10D620004641554C54202A2A2A2A2A002020427595
:10D6300073206661756C74206F6E20766563746FFD
:10D6400072207461626C6520726561640020204400
:10D6500065627567206576656E7400202046617589
:10D660006C7420657363616C6174696F6E202873DC
:10D6700065652062656C6F772900415243485F45BC
:10D680005843455054207769746820726561736F00
:10D690006E2025780A002A2A2A2A2A2044656275E3
:10D6A00067206D6F6E69746F722065786365707442
:10D6B000696F6E202A2A2A2A2A002A2A2A2A2A2040
:10D6C000257320256429202A2A2A2A2A006D7075AC
:10D6D000004661696C656420746F20616C6C6F63D7
:10D6E000617465206E6577204D50552072656769BD
:10D6F0006F6E2025750A00506172746974696F6ECF
:10D700002025753A2073616E6974792063686563BA
:10D710006B206661696C65642E00496E76616C6988
:10D720006420756E6465726C79696E6720726567D6
:10D73000696F6E20696E64657820257500464C41DE
:10D7400053485F30005352414D5F30006578697433
:10D75000006E65745F627566006E65745F62756603
:10D760005F73696D706C6500736F630000FFFFFF8E
:10D77000FFFFFF00000000000000FFFFFFFFFFFFB2
:10D780000000000000007075626C69630072616ED9
:10D79000646F6D007075626C69632D6964007261FD
:10D7A0006E646F6D2D696400253032583A25303231
:10D7B000583A253032583A253032583A25303258C6
:10D7C0003A2530325820282573290030313233343D
:10D7D00035363738396162636465660062745F723A
:10D7E0007061004254204C572057510002FB349B7B
:10D7F0005F800000800010000000000000010400B5
:10D80000020000000200000000000000050000000F
:10D810000000000000000000000000000562745FCE
:10D820006275660062745F64617461004461746172
:10D8300020627566666572206F766572666C6F77BA
:10D8400020286C696E6B20747970652030782530E3
:10D8500032782900556E61626C6520746F206C6FA0
:10D860006F6B20757020636F6E6E2077697468200F
:10D8700068616E646C6520257500556E61626C652B
:10D8800020746F206C6F6F6B757020636F6E6E20ED
:10D89000666F722068616E646C6520257500486152
:10D8A000726477617265206572726F722C20686194
:10D8B00072647761726520636F64653A2025640045
:10D8C000436F756C64206E6F74207375626D69743C
:10D8D0002072785F776F726B3A2025640062745F04
:10D8E00074785F70726F636573736F7200556E61E9
:10D8F000626C6520746F20616C6C6F63617465206D
:10D9000062756666657200556E68616E646C65640A
:10D91000206576656E7420307825303278206C650D
:10D920006E2025753A20257300657674206E756D1E
:10D930005F68616E646C657320283D2575292074CD
:10D940006F6F206C617267652028257A75203E20F4
:10D95000257529004E6F20636F6E6E656374696F65
:10D960006E20666F722068616E646C65202575009C
:10D970007061636B65747320636F756E74206D697D
:10D98000736D6174636800546F6F20736D616C6CAC
:10D990002028257520627974657329206576656E67
:10D9A000742030782530327800496E76616C696475
:10D9B00020484349206576656E742073697A652036
:10D9C0002825752900496E76616C6964204C4520D4
:10D9D0006D657461206576656E742073697A652063
:10D9E0002825752900574553545F544F50444952D8
:10D9F0002F7A65706879722F7375627379732F62ED
:10DA00006C7565746F6F74682F686F73742F6863BB
:10DA1000695F636F72652E63006576745F666C6123
:10DA200067732026202831554C203C3C2028302983
:10DA30002900415353455254494F4E204641494CC9
:10DA4000205B25735D20402025733A25640A004938
:10DA50006E76616C696420627566207479706520E9
:10DA6000257500496E76616C696420484349204100
:10DA7000434C207061636B65742073697A6520285C
:10DA80002575290041434C2064617461206C656EEA
:10DA9000677468206D69736D6174636820282575EB
:10DAA00020213D2025752900556E61626C6520742A
:10DAB0006F2066696E6420636F6E6E20666F7220E1
:10DAC00068616E646C652025750062745F686369C7
:10DAD0005F6576745F6765745F666C6167732868FD
:10DAE00064722D3E657674292026202831554C20FD
:10DAF0003C3C202831292900556E6B6E6F776E20D3
:10DB0000627566207479706520257500556E6861B0
:10DB10006E646C65642076656E646F722D737065DB
:10DB20006369666963206576656E74203078253098
:10DB30003278206C656E2025753A202573004E6F73
:10DB400020636F6D6D616E642073656E7420666F07
:10DB50007220636D6420636F6D706C657465203036
:10DB60007825303478004F70436F64652030782515
:10DB700030347820636F6D706C6574656420696EF5
:10DB80007374656164206F66206578706563746581
:10DB9000642030782530347800696E74657276615F
:10DBA0006C206578636565647320746865207661B0
:10DBB0006C69642072616E6765202575207573003D
:10DBC0006C6174656E637920657863656564732044
:10DBD0007468652076616C69642072616E67652087
:10DBE00030782530347800737570765F74696D65B0
:10DBF0006F7574206578636565647320746865204B
:10DC000076616C69642072616E67652030782530BA
:10DC10003478004E6F2070656E64696E67207065A1
:10DC2000726970686572616C20636F6E6E65637493
:10DC3000696F6E00556E65787065637465642073F6
:10DC40007461747573203078253032782025730024
:10DC50004661696C656420746F2073657420726519
:10DC60007175697265642073656375726974792072
:10DC70006C6576656C004E6F206368616E67652029
:10DC8000746F20656E6372797074696F6E2073743F
:10DC90006174652028656E63727970742030782510
:10DCA0003032782900756E6B6E6F776E005B305D79
:10DCB00000484349207472616E73706F72743A2029
:10DCC000257300534443004964656E746974792573
:10DCD000733A202573004964656E746974795B2515
:10DCE000645D3A202573004843493A207665727393
:10DCF000696F6E20257320283078253032782920EE
:10DD00007265766973696F6E203078253034782CAF
:10DD1000206D616E7566616374757265722030780E
:10DD200025303478004C4D503A2076657273696F17
:10DD30006E2025732028307825303278292073759D
:10DD4000627665722030782530347800556E6162D5
:10DD50006C6520746F2073656E6420746F2064722C
:10DD600069766572202865727220256429006572C3
:10DD700072203D3D20300009436F6E74726F6C6CF1
:10DD8000657220756E726573706F6E736976652C3F
:10DD900020636F6D6D616E64206F70636F646520CA
:10DDA0003078253034782074696D656F757420770C
:10DDB000697468206572722025640A006F70636F51
:10DDC00064652030782530347820737461747573FD
:10DDD00020307825303278202573004661696C65E3
:10DDE0006420746F207265616420444C45206D612D
:10DDF000782064617461206C656E0074785F6F6375
:10DE000074657473206578636565647320746865F0
:10DE10002076616C69642072616E676520257500EB
:10DE200074785F74696D65206578636565647320D7
:10DE30007468652076616C69642072616E67652024
:10DE40002575004E6F2070656E64696E6720636F84
:10DE50006E6E20666F722070656572202573004EAD
:10DE60006F6E2D4C452063617061626C6520636F3D
:10DE70006E74726F6C6C6572206465746563746532
:10DE80006421004E756D206F6620436F6E74726F53
:10DE90006C6C657227732041434C207061636B6525
:10DEA000747320213D2041434C2062745F636F6E88
:10DEB0006E5F747820636F6E7465787473202825A4
:10DEC0007520213D202575290041434C2042522FC9
:10DED0004544522062756666657273206E6F7420C9
:10DEE000696E697469616C697A65640056656E640F
:10DEF0006F722048434920657874656E73696F6E50
:10DF000073206E6F7420617661696C61626C65006C
:10DF1000485720506C6174666F726D3A20257320EB
:10DF200028307825303478290048572056617269A6
:10DF3000616E743A20257320283078253034782992
:10DF4000004669726D776172653A2025732028302A
:10DF50007825303278292056657273696F6E2025D6
:10DF6000752E2575204275696C6420257500466103
:10DF7000696C656420746F207265616420737570CC
:10DF8000706F727465642076656E646F7220636F63
:10DF90006D6D616E6473004661696C656420746FB9
:10DFA000207265616420737570706F72746564208F
:10DFB00076656E646F722066656174757265730054
:10DFC00048434920647269766572206973206E6FD8
:10DFD0007420726561647900425420525820575170
:10DFE0000048434920647269766572206F70656EDF
:10DFF000206661696C65642028256429004F75746A
:10E00000206F6620636F6D6D616E64206275666659
:10E0100065727300556E6578706563746564204839
:10E020004F53545F4E554D5F434F4D504C455445F3
:10E03000445F5041434B4554532C207374617475B5
:10E04000732030782530327820257300556E636C4C
:10E0500065617265642070656E64696E67207365C2
:10E060006E745F636D640000090909090102090902
:10E070000909090909090909090709090909090615
:10E080000909090909090909090909090909090900
:10E0900005312E306200312E3100312E3200322E09
:10E0A0003000322E3100332E3000342E3000342E2A
:10E0B0003100342E3200352E3000352E3100352E11
:10E0C0003200352E3300352E3400362E3000362EF9
:10E0D0003100362E3200362E33005374616E646187
:10E0E000726420426C7565746F6F746820636F6E24
:10E0F00074726F6C6C65720056656E646F7220731B
:10E100007065636966696320636F6E74726F6C6CAF
:10E110006572004669726D77617265206C6F61642B
:10E1200065720052657363756520696D616765008E
:10E130007265736572766564006E5246353178009B
:10E140006E5246353278006E5246353378006E5244
:10E150004635344878006E524635344C7800496E66
:10E1600074656C20436F72706F726174696F6E00BA
:10E170004E6F726469632053656D69636F6E647579
:10E1800063746F72004E58502053656D69636F6EF3
:10E19000647563746F72730045737072657373692D
:10E1A000662053797374656D730062745F68636988
:10E1B0005F636F726500636D6420646973616C6C8A
:10E1C0006F776564004661696C656420746F2064D4
:10E1D000697361626C652061646472657373207237
:10E1E00065736F6C7574696F6E005265736F6C76D2
:10E1F000696E67206C6973742073697A652065782D
:10E200006365656465642E20537769746368696E1D
:10E210006720746F20686F73742E004661696C65A7
:10E220006420746F20636C656172207265736F6C1B
:10E230007574696F6E206C697374004661696C65F2
:10E240006420746F206164642049524B20746F20F5
:10E25000636F6E74726F6C6C6572005365742070BE
:10E26000726976616379206D6F646520636F6D6D8F
:10E27000616E64206973206E6F7420737570706FA7
:10E2800072746564004661696C656420746F207304
:10E2900065742070726976616379206D6F646500C2
:10E2A00044697361626C696E67206164647265734E
:10E2B00073207265736F6C7574696F6E2066616927
:10E2C0006C656420286572722025642900466169A6
:10E2D0006C656420746F2072656D6F76652049529D
:10E2E0004B2066726F6D20636F6E74726F6C6C651D
:10E2F00072004F6E6C792072616E646F6D20737462
:10E3000061746963206964656E74697479206164FD
:10E31000647265737320737570706F7274656400D6
:10E32000496E76616C696420696E707574207061E5
:10E3300072616D6574657273004661696C65642015
:10E34000746F2072656164207075626C696320610E
:10E350006464726573730052656164205374617400
:10E3600069632041646472657373657320636F6DC4
:10E370006D616E64206E6F7420617661696C61629C
:10E380006C65004661696C656420746F207265611C
:10E39000642073746174696320616464726573736B
:10E3A0006573004E6F2073746174696320616464E7
:10E3B0007265737365732073746F72656420696E20
:10E3C00020636F6E74726F6C6C65720043616E27B0
:10E3D000742073657420626F7468204944454E54FC
:10E3E0004954592026204E52504100556E61626CAE
:10E3F0006520746F20736574206964656E74697438
:10E4000079206164647265737300556E61626C6536
:10E4100020746F207365742072616E646F6D20616B
:10E420006464726573730062745F696400546F6F33
:10E4300020626967206164766572746973696E67CA
:10E440002064617461004661696C656420746F20AA
:10E450007374617274206164766572746973657235
:10E46000004661696C656420746F2073746F70205E
:10E470006164766572746973696E673A2025640019
:10E4800062745F616476004661696C656420746FD4
:10E490002067656E657261746520454343206B6536
:10E4A00079202564004661696C656420746F20657D
:10E4B00078706F727420454343207075626C696395
:10E4C000206B6579202564004661696C6564207461
:10E4D0006F206578706F72742045434320707269B5
:10E4E00076617465206B6579202564004661696CEE
:10E4F000656420746F2064657374726F792045437E
:10E5000043206B6579204944202564004661696C8D
:10E51000656420746F20696D706F72742074686513
:10E520002070726976617465206B657920666F7200
:10E53000206B65792061677265656D656E74202555
:10E540006400526177206B65792061677265656D43
:10E55000656E74206661696C65642025640046619F
:10E56000696C656420746F2064657374726F7920C0
:10E57000746865206B6579202564007073615F693C
:10E580006D706F72745F6B65792829207265747580
:10E59000726E656420737461747573202564004223
:10E5A00075737920706572666F726D696E67206130
:10E5B0006E6F746865722045434448206F706572C1
:10E5C0006174696F6E00E69D350E480103CCDBFD7A
:10E5D000F4AC1191F4EFB9A5F9E9A7832C5E2CBE38
:10E5E00097F2D203B0208BD28915D08E1C742430C0
:10E5F000ED8FC24563765C15525ABF9A32636DEB5C
:10E600002A65499C80DC62745F65636300466169CA
:10E610006C656420726561642072656D6F7465203D
:10E6200066656174757265732028256429005048F9
:10E630005920307825303278206E6F7420737570D1
:10E64000706F72746564004661696C656420746FF4
:10E65000207365742064617461206C656E202825C8
:10E66000642900556E657870656374656420666919
:10E67000727374204C32434150206672616D6500A4
:10E68000556E6578706563746564204C3243415003
:10E6900020636F6E74696E756174696F6E004E6F82
:10E6A0007420656E6F756768206275666665722096
:10E6B000737061636520666F72204C324341502055
:10E6C0006461746100556E6578706563746564207B
:10E6D00041434C20666C61677320283078253032C6
:10E6E00078290041434C206C656E206D69736D6123
:10E6F00074636820282575203E202575290028751B
:10E700006E6B6E6F776E29006E6F207472616E7320
:10E710006974696F6E20257300496E76616C696457
:10E720002028257529206F6C64207374617465003E
:10E73000636F6E6E202570206661696C656420745D
:10E740006F2065737461626C6973682E2052462075
:10E750006E6F6973653F006E6F2076616C6964202F
:10E76000282575292073746174652077617320737F
:10E77000657400696E636F6D70617469626C6520A9
:10E7800068616E646C652025750054696D656F75F0
:10E7900074206469736361726465642E204E6F2017
:10E7A000626C6F636B696E6720696E207379737733
:10E7B000712E00466174616C206572726F72202840
:10E7C0002564292E20446973636F6E6E65637469D6
:10E7D0006E6720257000466F756E642076616C69E7
:10E7E0006420636F6E6E656374696F6E2028257098
:10E7F00029207769746820616464726573732025C9
:10E800007320696E20257320737461746520005332
:10E81000656E64204C4520706172616D2075706476
:10E82000617465206661696C656420286572722078
:10E830002564290053656E64206175746F204C4512
:10E8400020706172616D207570646174652066610D
:10E85000696C6564202865727220256429006469EA
:10E8600073636F6E6E6563742D636F6D706C65742A
:10E8700065007363616E2D6265666F72652D696EEA
:10E880006974696174696E6700696E69746961743D
:10E89000696E672D66696C7465722D6C697374009E
:10E8A0006164762D636F6E6E65637461626C650082
:10E8B0006164762D6469722D636F6E6E6563746139
:10E8C000626C6500646973636F6E6E656374696E14
:10E8D000670062745F636F6E6E00556E61626C6597
:10E8E00020746F20616C6C6F636174652062756663
:10E8F00066657220666F72206F7020307825303226
:10E9000078004E6F20617661696C61626C65204CA5
:10E910003243415020636F6E7465787420666F7265
:10E9200020636F6E6E202570004578706563746992
:10E930006E6720757020746F202564207265667381
:10E940002C20676F7420256400616C7265616479A6
:10E9500020686176652076696577206F6E20257066
:10E96000004C32434150206C656E677468206D69BD
:10E97000736D617463682028257520213D202575FD
:10E980002900496E76616C6964206964656E742043
:10E9900076616C756520696E204C32434150205081
:10E9A000445500496E76616C6964204C4520636F64
:10E9B0006E6E20706172616D207273702073697A5F
:10E9C000652028257520213D20257A75290052656E
:10E9D0006A656374696E6720756E6B6E6F776E2003
:10E9E0004C324341502050445520636F64652030C1
:10E9F000782530327800546F6F20736D616C6C2015
:10EA00004C32434150207369676E616C696E6720B8
:10EA100050445500546F6F20736D616C6C204C3204
:10EA200043415020504455207265636569766564A2
:10EA30000049676E6F72696E672064617461206659
:10EA40006F7220756E6B6E6F776E206368616E6E8D
:10EA5000656C2049442030782530347800636F6E2F
:10EA60006669670062745F6C326361700041545480
:10EA7000206368616E6E656C206E6F7420636F6ECC
:10EA80006E6563746564004572726F7220736967A6
:10EA90006E696E6720646174610052616E206F75EB
:10EAA00074206F6620545820627566666572732004
:10EAB0006F7220636F6E74657874732E004661699F
:10EAC0006C656420746F207375626D697420617465
:10EAD000745F74785F64657374726F795F776F7257
:10EAE0006B3A20256400556E61626C6520746F205E
:10EAF0006372656174652065727220727370205054
:10EB0000445500415454204D545520657863656543
:10EB10006465642C206D61782025752C2077616EEA
:10EB200074656420257A7500556E61626C65207489
:10EB30006F20637265617465207273702050445554
:10EB400000546F6F20736D616C6C204154542050E1
:10EB5000445520726563656976656400556E686129
:10EB60006E646C65642041545420636F646520308A
:10EB7000782530327800496E76616C6964206C6566
:10EB80006E20257520666F7220636F646520307873
:10EB90002530327800556E61626C6520746F206399
:10EBA000726561746520555549443A2073697A65E8
:10EBB00020257500556E61626C6520746F2063724C
:10EBC0006561746520555549443A2073697A65201A
:10EBD0002564004E6F20617661696C61626C65200E
:10EBE00041545420636F6E7465787420666F722090
:10EBF000636F6E6E202570004E6F20617661696CC8
:10EC000061626C6520415454206368616E6E656C6E
:10EC100020666F7220636F6E6E202570004E6F74D9
:10EC200020636F6E6E656374656400556E61626C1F
:10EC30006520746F2066696E6420415454206368B7
:10EC4000616E6E656C00476F74206572722025647A
:10EC50002C206E6F742063616C6C696E6720415468
:10EC600054206362004661696C656420746F207291
:10EC7000652D7375626D69742025733A20256400D3
:10EC80004E6F20415454206368616E6E656C20663F
:10EC90006F72204D545520257A75004E6F20706597
:10ECA0006E64696E67204154542072657175657396
:10ECB0007400556E61626C6520746F2063726561CB
:10ECC000746520726574727920504455202825752A
:10ECD0002900446973636F6E6E656374696E6720A3
:10ECE0006661696C6564202865727220256429005C
:10ECF0004154542054696D656F757420666F72209D
:10ED00006465766963652025732E20446973636F9B
:10ED10006E6E656374696E672E2E2E006174745F6B
:10ED200074785F64657374726F795F776F726B5F0D
:10ED300068616E646C65720062745F617474004334
:10ED40004D414320757064617465206661696C652E
:10ED50006420256400756E61626C6520746F207399
:10ED60006176652053433A206E6F20636667206C9E
:10ED7000656674004E6F20737061636520746F2048
:10ED800073746F72652043434320636667004E6F60
:10ED900020737061636520746F2073746F726520D7
:10EDA000436C69656E7420537570706F727465641E
:10EDB00020466561747572657300556E61626C659D
:10EDC00020746F20696D706F727420746865206B99
:10EDD000657920666F722041455320434D414320A1
:10EDE000256400434D4143206F7065726174696F03
:10EDF0006E20696E6974206661696C6564202564A3
:10EE000000434D41432066696E69736820666169FD
:10EE10006C65642025640052656164206D657468CA
:10EE20006F64206E6F7420736574004661696C6551
:10EE30006420746F20726561642061747472696209
:10EE4000757465202570202865727220257A6429E2
:10EE500000496E76616C69642072656164206C653E
:10EE60006E6774683A20257A640043434320257016
:10EE7000206E6F74207772697461626C6500534311
:10EE800020726573746F726520696E646963617462
:10EE9000696F6E206661696C6564004661696C65C6
:10EEA0006420746F20736574207365637572697470
:10EEB0007920666F7220626F6E646564207065658C
:10EEC0007220282564290062745F6761747400559C
:10EED0006E61626C6520746F2066696E6420534DAC
:10EEE00050206368616E6E656C005075626C69637A
:10EEF000206B6579206E6F7420617661696C616248
:10EF00006C65004661696C656420746F2067656E8E
:10EF100065726174652044484B65790043616C6398
:10EF2000756C61746520636F6E6669726D206661D1
:10EF3000696C656400556E6B6E6F776E20706169E9
:10EF400072696E67206D6574686F64202825752965
:10EF50000043616C63756C617465204C544B206692
:10EF600061696C65640043616C63756C61746520F4
:10EF70006C6F63616C2044484B65792063686563FE
:10EF80006B206661696C65640043616C63756C61DC
:10EF900074652072656D6F74652044484B657920F7
:10EFA000636865636B206661696C65640052656DBA
:10EFB0006F7465207075626C6963206B657920726F
:10EFC000656A65637465640052656D6F7465206978
:10EFD00073207573696E672044656275672050758C
:10EFE000626C6963206B657900526563656976655B
:10EFF0006420696E76616C6964207075626C696307
:10F00000206B6579004E6F20617661696C61626C7E
:10F010006520534D5020636F6E7465787420666F61
:10F020007220636F6E6E20257000556E61626C6594
:10F0300020746F20676574206B65797320666F722A
:10F040002025730054686520696E2D70726F677299
:10F050006573732070616972696E672068617320DF
:10F060006265656E2064656C657465642100534D4E
:10F070005020646F6573206E6F7420616C6C6F77C5
:10F0800020612070616972696E67206661696C75C4
:10F090007265206174207468697320706F696E7482
:10F0A0002E204B6E6F776E2069737375652E20442A
:10F0B0006973636F6E6E656374696E6720696E73E2
:10F0C000746561642E00546F6F20736D616C6C20E9
:10F0D000534D5020504455207265636569766564D0
:10F0E00000534D5020636F6D6D616E642028636F17
:10F0F000646520307825303278292072656365692F
:10F100007665642061667465722074696D656F75DB
:10F110007400526563656976656420726573657213
:10F1200076656420534D5020636F646520307825E8
:10F1300030327800556E68616E646C656420534DA2
:10F140005020636F64652030782530327800556E2A
:10F15000657870656374656420534D5020636F64F7
:10F16000652030782530327800496E76616C6964AC
:10F17000206964656E746974792025730052656630
:10F180007573696E67206E65772070616972696E4C
:10F19000672E20546865206F6C6420626F6E642057
:10F1A0006D75737420626520756E70616972656437
:10F1B0002066697273742E0070616972696E6720CF
:10F1C0006661696C6564202870656572207265618E
:10F1D000736F6E203078257829004E6F206B65792B
:10F1E0007320737061636520666F7220257300530E
:10F1F0004D502054696D656F75742028666C616789
:10F20000733A30782530387820616C6C6F7765649C
:10F210005F636D64733A30782530387829000005D3
:10F22000061F1F2918120308020305080A00080117
:10F23000030401050405090607010106060800008C
:10F2400001000100030100030202010002000000AE
:10F250000000020301000362745F736D700062744A
:10F260005F6B657973006C888391AAF5A538603768
:10F270000BDB5A6083BE62745F63727970746F00D7
:10F280004661696C656420746F20696D706F72747B
:10F2900020414553206B6579202564004661696CE7
:10F2A000656420746F20636F6D70757465204D41C7
:10F2B0004320256400636C6F636B403130653030F0
:10F2C00030006866636C6B006C66636C6B0068662C
:10F2D000636C6B32346D00636C6F636B5F636F6E76
:10F2E00074726F6C007073612D726E670067706965
:10F2F0006F40313061303030006770696F40643882
:10F30000363030006770696F4064383230300067E3
:10F3100070696F403530343030004661696C656427
:10F3200020746F20616C6C6F63617465206E65780A
:10F3300074205258206275666665723A2025640012
:10F34000446576696365206973206E6F7420636F0E
:10F350006E666967757265640043616E6E6F7420D6
:10F36000777269746520696E2073746174653A20E0
:10F370002564005468697320646576696365206359
:10F38000616E206F6E6C7920777269746520626C93
:10F390006F636B7320757020746F20257520627900
:10F3A00074657300546869732064657669636520C9
:10F3B00063616E206F6E6C79207772697465206668
:10F3C000756C6C2033322D62697420776F726473B0
:10F3D0002067726561746572207468616E2025759E
:10F3E0002062797465732E0043616E6E6F742072B3
:10F3F00065616371756972652071756575656420F5
:10F400006275666665720043616E6E6F7420737517
:10F4100070706C7920627566666572004E6F20545C
:10F42000582062756666657220617661696C6162FA
:10F430006C65004E6F20726F6F6D20696E205258A0
:10F440002071756575650043616E6E6F7420636F22
:10F450006E66696775726520696E20737461746584
:10F460003A20256400546869732064657669636591
:10F470002063616E206F6E6C79207472616E736DA3
:10F4800069742066756C6C2033322D626974207744
:10F490006F7264732067726561746572207468614D
:10F4A0006E2025752062797465732E00556E737514
:10F4B00070706F7274656420776F72642073697AFC
:10F4C000653A20257500556E737570706F7274659E
:10F4D00064206461746120666F726D61743A2030DB
:10F4E000782530327800556E737570706F72746560
:10F4F000642073747265616D20666F726D61743A19
:10F500002030782530327800556E737570706F72C8
:10F51000746564206E756D626572206F6620636825
:10F52000616E6E656C733A20257500556E7375704B
:10F53000706F72746564206F7065726174696F6E4C
:10F54000206D6F64653A2030782530327800556E32
:10F55000737570706F72746564206F7074696F6E0C
:10F56000733A2030782530327800545820616E6428
:10F57000205258206368616E6E656C7320636F6EF5
:10F5800066696775726174696F6E73206172652058
:10F59000646966666572656E7400545820616E64B5
:10F5A00020525820636F6E66696775726174696F67
:10F5B0006E732061726520646966666572656E743B
:10F5C00000496E76616C6964207472696767657260
:10F5D0003A202564004E6F7420616C6C6F7765640F
:10F5E00000496E617070726F707269617465207429
:10F5F000726967676572202825642F2564292C208D
:10F600006163746976652073747265616D2873290E
:10F610003A202564004661696C656420746F20722D
:10F6200065717565737420636C6F636B3A20256434
:10F6300000010000010101010000000001010000C3
:10F64000010000000000000000010208080202742E
:10F65000646D4065383030300074646D5F6E726682
:10F660000000010405020608090F75617274406309
:10F670003630303000756172745F6E7266785F7517
:10F6800061727465004750494F2049525120636FA1
:10F690006E666967206661696C65642C20657272AC
:10F6A0003A202564004661696C6564206469736171
:10F6B000626C696E6720696E7465727275707473BE
:10F6C0000043616E6E6F74207265616420677069BB
:10F6D0006F2070696E0043616E6E6F74207772697F
:10F6E0007465204C4544206770696F0043616E6EFD
:10F6F0006F742064697361626C652063616C6C6215
:10F7000061636B730043616E6E6F7420656E61623E
:10F710006C652063616C6C6261636B730043616E46
:10F720006E6F7420636F6E666967757265204C45F5
:10F7300044206770696F0043616E6E6F7420636F61
:10F740006E66696775726520627574746F6E206786
:10F7500070696F0043616E6E6F74206469736162DB
:10F760006C652063616C6C6261636B732829004374
:10F77000616E6E6F74206164642063616C6C6261A1
:10F78000636B00646B5F627574746F6E735F616E40
:10F79000645F6C65647300536F6674446576696377
:10F7A0006520436F6E74726F6C6C657220415353A9
:10F7B0004552543A2025732C20256400536F6674FB
:10F7C00044657669636520436F6E74726F6C6C6517
:10F7D00072206275696C64207265766973696F6EF8
:10F7E0003A2000456E74726F707920736F75726382
:10F7F0006520646576696365206E6F74207265614B
:10F800006479004661696C656420746F2072656775
:10F8100069737465722072616E6420736F757263B0
:10F8200065202825642900416C6C6F6361746564F0
:10F83000206D656D6F727920746F6F206C6F773AF1
:10F8400020257A75203C202575004576656E74204C
:10F8500062756666657220746F6F20736D616C6C83
:10F860002E20257A75203E20257500556E6578700E
:10F870006563746564206D73675F747970653A20A1
:10F8800025752E20546869732069662D656C736533
:10F89000206E656564732061206E657720627261F9
:10F8A0006E636800556E6B6E6F776E206572726F57
:10F8B00072207768656E2070726F63657373696E0E
:10F8C0006720686369206D657373616765202564CF
:10F8D0000062745F6863695F7364630062745F737E
:10F8E00064635F6863695F647269766572006274FD
:10F8F0005F7364635F63727970746F004D50534C33
:10F90000204153534552543A2025732C202564003E
:10F910004D50534C20576F726B006D70736C5F6964
:10F920006E69740054462D4D206E6F6E2D736563A5
:10F930007572652063616C6C6261636B20696E69CE
:10F940007469616C697A6174696F6E206661696C53
:10F9500065642C206572726F723A202564002A2A31
:10F960002A2A2A20534543555245204641554C5496
:10F97000202A2A2A2A2A002020416464726573738F
:10F980003A2030782578002020496E76616C6964D1
:10F9900020656E74727920706F696E740020204942
:10F9A0006E76616C696420696E74656772697479DA
:10F9B000207369676E6174757265002020496E76E8
:10F9C000616C696420657863657074696F6E20721C
:10F9D000657475726E00202041747472696275746A
:10F9E000696F6E20756E69742076696F6C617469D9
:10F9F0006F6E002020496E76616C696420747261BC
:10FA00006E736974696F6E0020204C617A7920737F
:10FA10007461746520707265736572766174696F64
:10FA20006E0020204C617A792073746174652065C2
:10FA300072726F72002A2A2A2A2A205350552049AE
:10FA40004E54455252555054202A2A2A2A2A002020
:10FA50002053656375726974792076696F6C61747F
:10FA6000696F6E20666F722074686520666C6173C2
:10FA700068206D656D6F7279207370616365002019
:10FA80002053656375726974792076696F6C61744F
:10FA9000696F6E20666F72207468652052414D2038
:10FAA0006D656D6F727920737061636500202053FE
:10FAB000656375726974792076696F6C6174696FBA
:10FAC0006E206F6E206F6E65206F72207365766595
:10FAD00072616C207065726970686572616C732EFA
:10FAE00000556E737570706F72746564204846437C
:10FAF0004C4B206576656E743A202564006E726604
:10FB0000785F636C6F636B5F6D70736C00000A2AC3
:10FB10003542424242424242424242424200010295
:10FB20000348616C74696E672073797374656D0046
:10FB3000556E6B6E6F776E206572726F72003E3E0F
:10FB40003E205A455048595220464154414C204588
:10FB500052524F522025643A202573206F6E204365
:10FB60005055202564004661756C74206475726977
:10FB70006E6720696E746572727570742068616E4C
:10FB8000646C696E670A0043757272656E742074E6
:10FB900068726561643A2025702028257329004326
:10FBA000505520657863657074696F6E00556E6896
:10FBB000616E646C656420696E74657272757074D0
:10FBC00000537461636B206F766572666C6F7700AB
:10FBD0004B65726E656C206F6F7073004B65726E53
:10FBE000656C2070616E69630069646C65006F7399
:10FBF00000737973776F726B7100FC517AE9582C3E
:10FC00006FFB6D359F173E08C8C17BE95B9500FF10
:10FC1000FFFFFF1F00647261676F6F6E2F6C696278
:10FC2000732F73636865642F7372632F73636865E2
:10FC3000645F68616C5F74696D65725F677274633D
:10FC40002E6300286E756C6C29002A666C6F6174D7
:10FC50002A000000FFFFFFFFFF1F00001F00000041
:10FC6000000000001D40000000000000FFFFFFFF3B
:10FC70001FFF0000BAABBABA10101010000000004D
:10FC80000050084000000000000000000C000000D0
:10FC9000010000FF7F00000000000000C5430500D8
:10FCA00000000000F943050000000000F1C004005E
:10FCB000000000001944050000000000D7430500C3
:10FCC00000000000B80D0500FF00000070310500C5
:10FCD0000100000000000000000000000000000023
:10FCE0000000000000000000000000000000000014
:10FCF0000000000000000000000000000000000004
:10FD000000000000000000000000000000000000F3
:10FD100000000000000000000000000000000000E3
:10FD200000000000000000000000000000000000D3
:10FD300000000000000000000000000000000000C3
:10FD400000000000000000000000000000000000B3
:10FD500000000000000000000000000000000000A3
:10FD60000000000000000000000000000000000093
:10FD70000000000000000000000000000000000083
:10FD80000000000000000000000000000000000073
:10FD900000000000000000000000000055B2050057
:10FDA0000000000000000000000000000000000053
:10FDB0000000000000000000000000000000000043
:10FDC0000000000000000000000000000000000033
:10FDD0000000000000000000000000000000000023
:10FDE0000000000000000000000000000000000013
:10FDF0000000000000000000000000000000000003
:10FE000000000000000000000000000000000000F2
:10FE100000000000000000000000000000000000E2
:10FE200000000000000000000000000000000000D2
:10FE300000000000000000000000000000000000C2
:10FE4000F8B5060000000000717005000000000019
:10FE500000010000000000000000000000000000A1
:10FE60000000000000000000000000000000000092
:10FE7000000000000000000067000000000000001B
:10FE80000000000000000000000000000000000072
:10FE90000000000000000000000000000000000062
:10FEA0000000000000000000000000000000000052
:10FEB0000000000000000000000000000000000042
:10FEC0000000000000000000000000000000000032
:10FED0000000000000000000000000000000000022
:10FEE0000000000000000000000000000000000012
:10FEF0000000000000000000000000000000000002
:10FF000000000000010000000000000000000000F0
:10FF1000AD760500157206006D790600A4C50600D1
:10FF20000000000074D2060000000C000000000079
:10FF300000000000000000000000000000000000C1
:10FF400000000000018E050000000000000000001D
:10FF500096D206000000100000000000F17C0600B0
:10FF6000000000000000000000C010400000000081
:10FF70000000000000000000000000000000000081
:10FF80000000000000000000000000000000000071
:10FF90000000000000000000000000000000000061
:10FFA0000000000000000000000000000000000051
:10FFB0000000000000000000000000000000000041
:10FFC0000000000000000000000000000000000031
:10FFD0000000000000000000000000000000000021
:10FFE0000000000000000000000000000000000011
:10FFF0000000000000000000000000000000000001
:020000040007F3
:1000000000000000000000000000000000000000F0
:1000100000000000000000000001000000A00D40F2
:1000200000000000000000000000000000000000D0
:1000300000000000000000000000000000000000C0
:1000400000000000000000000000000000000000B0
:1000500000000000000000000000000000000000A0
:100060000000000000000000000000000000000090
:100070000000000000000000000000000000000080
:100080000000000000000000000000000000000070
:100090000000000000000000000000000000000060
:1000A0000000000000000000000000000000000050
:1000B0000000000000000000000000000000000040
:1000C0000000000000000000000000000000000030
:1000D0000000000071B505000000000000000000F5
:1000E00000000000C9A5050000000000000000009D
:1000F0000000000069C405000000000000000000CE
:100100000000000039C305000000000000000000EE
:10011000000000000DCD0500000000000000000000
:10012000000000006DC80500000000000000000095
:10013000DC040120DC0401200000000000000000BD
:1001400099DB0500B9EB050025EB05000000000078
:100150000000000039DF0500B18F06006F90060037
:1001600079DB0500000000000000000025E8050024
:1001700000000000000000007CCC0600000002002F
:1001800088CC060000000A0098CC06000000200081
:10019000000000000000000000000000000000005F
:1001A0000000000000000000000000009194060024
:1001B00000000000ACCC060000000200B8CC060035
:1001C00000000200C4CC06000000020078050120F7
:1001D0007805012000000000000000000E00000073
:1001E0008C0501208C050120810A0600000000001A
:1001F0008528060000000000FF0000005BA3060049
:1002000057A306000090D003FF0000000F0000007D
:1002100071020000C0050120C00501209ECADC2437
:100220000EE5A9E093F3A3B50100406E06010100BD
:1002300000000000000000000000000000000000BE
:1002400000000000000000000000000000000000AE
:10025000000000000000000000000000000000009E
:10026000000000000000000000000000000000008E
:10027000000000000000000000000000000000007E
:1002800000000000000000003406012034060120B8
:10029000F8B9012000000000010000002C0000005F
:1002A00000000000500601205006012018660120C1
:1002B0000000000001000000B0000000000000008D
:1002C0006C0601206C06012024BA01200000000009
:1002D000040000001C00000000000000880601204F
:1002E00088060120088001200000000004000000B2
:1002F0000004000000000000A4060120A406012064
:1003000000000000000000000E000000B806012000
:10031000B806012000000000000000000E000000F0
:10032000CC060120CC0601200402000008000000D9
:100330000890012028A001200890012008900120A9
:1003400000000000F0060120F0060120000000007F
:10035000FC060120FC060120000000000100000056
:100360000C0701200C0701201407012014070120AD
:1003700000000000FFFFFFFF2407012024070120E9
:1003800000000000000000003407012034070120B5
:100390003C0701203C070120000000000000000095
:1003A0004C0701204C07012054070120540701206D
:1003B00004000400100000000000000008C806004F
:1003C000B0B4012000000000000000007807012008
:1003D0007807012080070120800701200400040025
:1003E0001000000015DB0500A4C8060058B9012064
:1003F0000000000000000000A4070120A407012065
:10040000AC070120AC07012003000300000000003E
:1004100000000000A8C6060004AE01200000000095
:1004200000000000D0070120D0070120D8070120DC
:10043000D8070120010001001000000079C7050065
:10044000F4C7060088B00120000000000000000092
:10045000FC070120FC0701200408012004080120FA
:10046000030003000000000000000000BCC70600FD
:1004700040B001200000000000000000280801201A
:100480002808012030080120300801200C000C0051
:100490000400000001A0050094C6060028AC01205D
:1004A0000000000000000000540801205408012052
:1004B0005C0801205C080120010001000000000030
:1004C00000000000BCC6060050AF012015E015E09A
:00000001FF
