:020000040000FA
:10000000580C0020093E0000893E000015F0000059
:1000100035F0000055F0000095F0000075F000008C
:100020006D3E00006D3E00006D3E00001564000056
:100030008F3E00006D3E00009F770000953E00005F
:100040006D3E00006D3E00006D3E00006D3E000004
:100050006D3E00006D3E00006D3E00006D3E0000F4
:100060006D3E00006D3E00006D3E00006D3E0000E4
:100070006D3E00006D3E00006D3E00006D3E0000D4
:100080006D3E00006D3E00006D3E00006D3E0000C4
:100090006D3E00006D3E00006D3E00006D3E0000B4
:1000A0006D3E00006D3E00006D3E00006D3E0000A4
:1000B0009B3E0000A13E0000A73E0000AD3E0000B8
:1000C0006D3E00006D3E00006D3E00006D3E000084
:1000D0006D3E00006D3E00006D3E00006D3E000074
:1000E0006D3E00006D3E00006D3E00006D3E000064
:1000F0006D3E00006D3E00006D3E00006D3E000054
:100100006D3E00006D3E00006D3E00006D3E000043
:100110006D3E00006D3E00006D3E00006D3E000033
:100120006D3E00006D3E00006D3E00006D3E000023
:100130006D3E00006D3E00006D3E00006D3E000013
:10014000B3780000D16600006D3E00006D3E0000F7
:100150006D3E00006D3E00006D3E00006D3E0000F3
:100160006D3E00006D3E0000B33E0000B93E000051
:10017000C53E00006D3E0000BF3E00006D3E000029
:100180006D3E00006D3E0000CB3E00006D3E000065
:10019000D13E0000D73E00006D3E00006D3E0000E5
:1001A0006D3E0000751C01006D3E00006D3E0000BC
:1001B0006D3E00006D3E00006D3E00006D3E000093
:1001C0006D3E00006D3E00006D3E00006D3E000083
:1001D0006D3E00006D3E00006D3E00006D3E000073
:1001E0006D3E00006D3E00006D3E00006D3E000063
:1001F0006D3E00006D3E00006D3E00006D3E000053
:100200006D3E00006D3E00006D3E00006D3E000042
:100210006D3E00006D3E00006D3E00006D3E000032
:100220006D3E00006D3E00006D3E00006D3E000022
:100230006D3E00006D3E00006D3E00006D3E000012
:10024000CF7800006D3E00006D3E00006D3E000066
:100250006D3E0000DD3E0000E33E0000E33E000096
:10026000E33E00006D3E0000E93E0000EF3E00006E
:100270006D3E00006D3E00006D3E00006D3E0000D2
:100280006D3E00006D3E00006D3E00006D3E0000C2
:100290006D3E00006D3E00006D3E00006D3E0000B2
:1002A0006D3E00006D3E00006D3E00006D3E0000A2
:1002B0006D3E00006D3E00006D3E00006D3E000092
:1002C0006D3E00006D3E00006D3E00006D3E000082
:1002D0006D3E00006D3E00006D3E00006D3E000072
:1002E0006D3E00006D3E00006D3E00006D3E000062
:1002F0006D3E00006D3E00006D3E00006D3E000052
:100300006D3E00006D3E00006D3E00006D3E000041
:100310006D3E00006D3E00006D3E00006D3E000031
:100320006D3E00006D3E00006D3E00006D3E000021
:100330006D3E00006D3E00006D3E00006D3E000011
:10034000EB7800006D3E00006D3E00006D3E000049
:100350006D3E00006D3E0000F53E0000FB3E0000DB
:100360006D3E0000013F0000073F00000D3F000010
:10037000133F0000193F00001F3F00006D3E0000CA
:100380006D3E00006D3E00006D3E00006D3E0000C1
:10039000253F00006D3E00002B3F00006D3E000039
:1003A0006D3E00006D3E00006D3E0000313F0000DC
:1003B0006D3E00006D3E00006D3E00006D3E000091
:1003C0003D3F0000433F0000493F00004F3F000019
:1003D000553F00005B3F00006D3E00006D3E000099
:1003E0005B3E00006D3E00006D3E00006D3E000073
:1003F0006D3E0000613E0000673E0000373F000098
:100400006D3E00006D3E00006D3E00006D3E000040
:100410006D3E00006D3E00006D3E00006D3E000030
:100420006D3E00006D3E00006D3E00006D3E000020
:100430006D3E00006D3E00006D3E00006D3E000010
:10044000077900006D3E00006D3E00006D3E00002B
:10045000613F00006D3E00006D3F00006D3E0000FA
:10046000733F0000793F00006D3E00006D3E0000CC
:100470006D3E00007F3F0000673F00006D3E0000C2
:100480006D3E00006D3E00006D3E00006D3E0000C0
:100490006D3E00006D3E00006D3E00006D3E0000B0
:1004A0006D3E00006D3E00006D3E00006D3E0000A0
:1004B0006D3E00006D3E00006D3E00006D3E000090
:0804C0006D3E0000553E0000F6
:1004E0007FE97FE907F068BE7FE97FE907F076BE24
:1004F0007FE97FE907F0A8BE7FE97FE907F096BEB4
:100500007FE97FE907F07CBE0000000000000000EA
:1005100000000000000000000000000000000000DB
:1005200000015F5F02000000FE0B0000A5640000F8
:1005300000040000000000000000000000000000B7
:1005400000000000000000000100FFC3000000C424
:1005500060B100200000000001015F5F03010000A6
:100560001F010000C9100000002000000000000072
:100570000100000001000000000000000000000079
:100580000000000000000000B84000200000000053
:1005900070000000583C010080000000000F0000C7
:1005A00001000000F50600000100000001015F5F8E
:1005B000000100001F0000003D3B0000000700009C
:1005C0000000000003000000010000000000000027
:1005D0000000000000000000000000006016002085
:1005E00000000000800000007000000040000000DB
:1005F000633C0100600000000107000001000000F2
:10060000C53100000100000001015F5F0101000031
:100610001F010000C71A00000010000000000000C9
:1006200000000000010000000000000000000000C9
:100630000000000000000000B86000200000000082
:10064000813C010070000000020F0000010000006A
:10065000B10A00000100000001015F5F0401000019
:100660001F010000BD2C000000050000000000007C
:100670000000000001000000000000000000000079
:100680000000000000000000B87000200000000022
:10069000A63C01004000000005070000010000002A
:0806A000652A000001000000C2
:1006C00038B500250648294600F58054D4F80024A2
:1006D000C4F804540EF048FDC4F8005438BD00BFFF
:1006E000B8750020024BD3F8043403600020704733
:1006F000B88500202DE9F04F04680546A5B0002C10
:1007000040F014812022214604A80EF02DFD14AFE4
:10071000202221460CA80EF027FD40222146384613
:100720000EF022FDEA6905F11C039846B2B10424DB
:10073000EA6A05F12C03EAB10426ECB96FF08304F0
:10074000204625B0BDE8F08F002CF1D053F8041DF1
:100750002246013C0029F7D01446E9E70324F5E7D7
:10076000002EEAD053F8041D3246013E0029F7D08E
:100770001646E2E70326F5E740233A46002168687B
:1007800007F0C0FD4028D9D10121DFF8A8A1CDE9AB
:10079000047005F1100904AF0AF5805B8C422ED17C
:1007A0000CAF38460021644A08EB860ED2F80034BC
:1007B000A2F58059C64540D109B1C2F800340023E2
:1007C000CDE90233059BA968402BC2F80414049AB2
:1007D00040F0A080138D180A03285BD0012800F098
:1007E00082801268831ECDE90221092B00F28C80E1
:1007F000DFE803F04150555B61676D737E8459F803
:10080000043F1A1D21D8DBF800C4D81C20F00300D7
:10081000CCF5A052904218D860440CEB0A02CBF8F9
:1008200000046868CDE9001207F06CFD019A009998
:10083000F860013147F8082FB0E758F804CF1CF1F1
:10084000040F07D909B1C2F80034FFF739FF6FF080
:100850008C0475E70CF1030424F00304C3F5A05ADB
:10086000544500F10800EDD803EB090140E9021CF2
:10087000234401219EE702AA0CA904A801F055F81F
:1008800004464FF00008464507F1080745D1FFF739
:1008900017FF55E70CA904A800F0F8FCF0E702AA3E
:1008A0000CA904A800F0B3FDEAE702AA0CA904A869
:1008B00000F018FCE4E702AA0CA904A800F063FE0B
:1008C000DEE702AA0CA904A800F065FFD8E702AA97
:1008D0000CA904A800F062FFD2E702AA0CA904A8A0
:1008E00000F05FFFCCE70CA904A801F0D9F8C7E736
:1008F00002AA0CA904A801F0E0F8C1E702AA0CA919
:1009000004A801F0DDF8BBE70C480EF0B7FC6FF06F
:100910008504B6E76FF08004B3E7414657E9022348
:10092000686807F0F9FC08F10108ACE76FF085048E
:1009300006E700BFB8750020B8850020F02C000045
:1009400008B54FF40C52002102480EF00DFC0020B7
:1009500008BD00BFB81D00200023F7B50C6807468E
:100960000E461546019314BB22B3146001A8FFF78D
:10097000B9FEA8B94FF48C6C104A0CFB04F3D158A3
:10098000A646013471B94FF0010E02EB030C42F898
:1009900003E0019910331344CCE9011734602B6054
:1009A00003B0F0BD082CE8D16FF08400F8E76FF0D9
:1009B0008800F5E76FF08600F2E700BFB81D002061
:1009C0000023F7B505680193013D072D036004D9A5
:1009D0006FF08604204603B0F0BD01A8FFF782FE49
:1009E00004460028F6D14FF48C635D430A4E7359D8
:1009F0007719012BECD17A68019B9A42E8D105F175
:100A000010004FF48A62214630440EF0ADFBC7E976
:100A100001447451DEE700BFB81D0020002373B508
:100A20004C1E072C06461546019303D96FF088002B
:100A300002B070BDC2B101A8FFF754FE0028F7D183
:100A40004FF48C6202FB04F1094B5C585A18012CDC
:100A5000ECD19468B442E9D15468019A9442E5D14A
:100A6000103119442960E3E76FF08600E0E700BF2A
:100A7000B81D002010B5044C0F22204603490EF08B
:100A80004EFB204610BD00BFC0AE0020152D00005B
:100A900008B54FF40251044802F096FA034807F0F3
:100AA00013FD002008BD00BF408E0020A91A0000E1
:100AB0006FF47A72F0B50368044613448DB0032BCB
:100AC0007CD8DFE803F002284C6B0369082B02D0C6
:100AD0006FF080055FE08569042DF9D10021406841
:100AE00008AA07F00FFC0828F2D12B460221606803
:100AF00006AA07F007FC0428EAD16168314A636955
:100B00001160069ACDE90032DDE90823A06800F003
:100B10001DF905463FE00369082BD9D14569042D2D
:100B2000D6D10021406808AA07F0ECFB0828CFD1F5
:100B30002B460121606806AA07F0E4FB0428C7D110
:100B40006168204A236A116005AACDE90132069B3B
:100B50000093A068DDE9082300F072F9D9E7036982
:100B6000082BB5D1076A0C2FB2D10021406806AA24
:100B700007F0C8FB0828ABD1DDE9062308AE0096D4
:100B8000A06800F0E7F9054628B901463B46324621
:100B9000606807F0C1FB28460DB0F0BD0369082B63
:100BA00096D10021406808AA07F0ACFB08288FD135
:100BB000DDE90823A06800F0DFF9AAE76FF08505FA
:100BC000E9E700BFC0890020024603480B460068E1
:100BD000012107F097BB00BFC089002002460348EF
:100BE0000B460068002107F097BB00BFC0890020BA
:100BF0001FB5CDE902010843019218D004220D4827
:100C00000DEB02010EF08BFA08220B480DEB0201EE
:100C10000EF085FA019C0948094B0A4AB4F5807F19
:100C200008BF1846034901F0ADF804B010BD6FF0DD
:100C30008600FAE7D2AE0020D6AE0020EC8B002072
:100C4000D48B0020048E002030B5384B85B09D6ACF
:100C5000A8470369042B03D06FF0800005B030BDB6
:100C6000A847334C8368A360A847037D01A8237677
:100C700005F053FA0028EFD1019BA26863609DF84C
:100C80000C3021465343029A2A48B2FBF3F22282E7
:100C9000294AE36001F028F80028DFD1254801F057
:100CA00055F8002834D1A8470369042BD4D1A847AC
:100CB000224C8368A360A847037D01A8237605F032
:100CC0001EFA0028C8D1019BA26863609DF80C3011
:100CD00021465343029A1A48B2FBF3F22282164A83
:100CE000E36001F001F80028B8D1154801F02EF8B2
:100CF0000028B3D013480EF0C1FA114801F040F8B3
:100D00000028ABD10E4805B0BDE8304001F01EB858
:100D10000D480EF0B3FA074801F032F800289DD1D3
:100D2000044801F013F80028BDD097E7387F000091
:100D30009C1D0020EC8B0020D02C0000801D00208A
:100D4000D48B00204A2D0000242D000019462DE9E7
:100D5000F04F52EA010385B00646DDE90E54104615
:100D600032D0072C5CD8B6F5807F02D0B5F5007F75
:100D70002AD83246FFF73CFF30B92B4B9B68D90786
:100D800005D56FF0840021E010F18C0F1ED10027F3
:100D9000DFF8948044F44034DFF89090DFF890B0AE
:100DA000DFF890A0C8F80450C8F80840B5F5007FF7
:100DB0002C4628BF4FF4007448462146FFF704FF35
:100DC000B6F5807F29D027B16FF0860005B0BDE869
:100DD000F08F4FF404730122CDE9004ACDE90232CD
:100DE00015494B460C22104800F06FFE0028EDD14B
:100DF00053461248CDE900730B4A23460E4900F0D2
:100E0000E3FF0028E2D1D8F808302D1B23F440334B
:100E1000C8F808302744C9D1D8E74B465846E9E717
:100E20006FF08500D2E700BF048E0020048C002004
:100E3000D48B0020C4890020D2AE0020EC8B00208F
:100E400019462DE9F04F52EA010385B08046DDE9ED
:100E50000E6A1046DDF8409005D16FF086042046FA
:100E600005B0BDE8F08FB8F5807F04D006EB0A032B
:100E7000B3F5007FF1D84246FFF7BAFE04460028DA
:100E8000EDD12E4F3D68B542E7D3AD1B554528BF88
:100E90005546B8F5807FC9F8005021D1DFF8A08011
:100EA000DFF8A0A0DFF8A0B0B5F5007F2F4628BF7F
:100EB0004FF4007733463A4651465846CDF8008005
:100EC00001F09BF820B10023C9F800300446C6E7C2
:100ED00039464046FFF782FEED1B3E44E4D1BEE7B3
:100EE0007B68B3F5047F25D8DFF860A00346CDF812
:100EF00000A03A681349164801F07FF810B1C9F80C
:100F00000040E3E74FF40073DFF83480039402936A
:100F1000CDF804803B680C220093384653460949BB
:100F200000F0D3FD0028EAD1294608EB0600FFF7C0
:100F300055FE94E76FF0890491E700BF048E00200E
:100F4000048C0020D2AE0020D48B0020C489002065
:100F5000EC8B002038B50546194610462A46049CFD
:100F6000FFF746FE28B9034B1A689B68C4E90022C4
:100F7000A36038BD048E002010B504461946104603
:100F80002246FFF735FE80B9084B9B68DB070AD481
:100F90000748084B0849B4F5807F08BF1846BDE8EC
:100FA000104001F01AB86FF0840010BD048E0020CC
:100FB000EC8B0020D48B0020D2AE0020F8B51D466B
:100FC000036804465B680E46174698470B4BC0F310
:100FD000410013F8202063680699E0681D442368E7
:100FE000B1FBF2F200FB065039469B699847002896
:100FF000B4BF6FF091000020F8BD00BFE42C0000EA
:101000002DE9F3470A9C07469146002C57D0C26849
:1010100040681E183B6802FB01665B689847294BD5
:10102000C0F3410013F82080B6FBF8FA08FB0AFA77
:10103000564524D03B68012250465B6901A9984778
:10104000002804DA6FF0910002B0BDE8F087A6EB4B
:101050000A03E218904501AA02EB030104D92246D3
:1010600048460EF05CF808E0A8EB060555442A4611
:1010700048460EF054F8641B02D10020E4E7002536
:101080003B68A0455B690DD8B4FBF8FA09EB050194
:101090005246A81998470028D4DB08FB0AF2A41A84
:1010A000EBD015443B6801225B6901A97019984790
:1010B0000028C7DB224601A909EB0500D1E720463D
:1010C000C2E700BFE42C000008B5FFF739FC40B9C7
:1010D000FFF7D0FCFFF7DCFC18B9BDE8084008F0CA
:1010E0008BBC08BD2DE9F04F4FF00008D0F8009000
:1010F00089B0B9F828A006AF06460D46D2E900210E
:101100003846CDF8148000F0D3FCBAF5A06F15D1A5
:101110002B1D03936B6802932B680193F368009374
:10112000B368D9F8042097E8030008F093FB04465D
:10113000C0B90024204609B0BDE8F08F40F2015349
:101140009A4512D12B1D03936B6802932B68019370
:10115000F3680093B368D9F8042097E8030008F017
:10116000DBF8E4E7C5F80480E4E7AAF2025B1FFAC3
:101170008BF3012B1FD8D5F80080B8F1000F02D1F6
:101180006FF08004D6E76B68032BF9D9D9F80830E3
:1011900041460120C8F8003005AAFFF7DDFB0446F0
:1011A0000028C7D1BBF1060F6DD8DFE80BF0384738
:1011B00025314F5A67000120D9F8081005AAFFF71A
:1011C0002DFCAAF20753012B044603D90028B1D104
:1011D0008046E7E7D5F80080B8F1000FD0D06B6803
:1011E000032BCDD9D9F80830C8F800300028D9D061
:1011F000BAF5A16F9DD09DE705982B1DD5E900128A
:101200000FF096F80446002893D000236B6091E716
:101210000598D6E902120EF054FD04468AE7D9F883
:101220000430059897E806000EF033FD04460028C8
:101230003FF47FAF4046FFF7C3FB7BE7D9F80430AC
:10124000059897E806000EF030FDEFE72B1D01939F
:101250006B68059800932B68D6E902120EF04FFDDB
:10126000D0E7059805F10C03D5E902120EF061FDF7
:1012700004460028DED00023EB605BE705980EF003
:10128000FAFC0446D6E76FF0850453E72DE9F043F6
:101290000026056885B0B5F828900746B9F5407F67
:1012A0008846029612D10B1D01934B6800930B6880
:1012B000D0E9021268680EF068FB0446002858D096
:1012C000C8F80460204605B0BDE8F08340F2013361
:1012D000994509D1436900938168D0E9032368687F
:1012E0000EF064FB0446EDE740F20233994519D154
:1012F0000E6816B96FF08004E4E74B68032BF9D948
:10130000AB6831460320336002AAFFF725FB044691
:101310000028D7D1696802980EF0C6FA044640B397
:1013200030466EE00320A96802AAFFF777FB6FF44E
:1013300041734B44022B04460BD90028C2D1064608
:10134000A9F20333042B5FD8DFE803F015371B281D
:101350003200D8F80060002ECCD0D8F80430032B2F
:10136000C8D9AB6833600028EAD040F2073399450A
:10137000A8D10024A6E70298D7E902120EF0B4FA29
:10138000B0E7029808F10C03D8E902120EF0C0FA97
:10139000044658B10023C8F80C3093E70298D7E907
:1013A00002120EF0C6FA044600288BD10024B7E7DB
:1013B00002980EF06EFA0446B2E70023D8F8005007
:1013C0000393002D96D0D8F80430032B92D9BB6834
:1013D000002B8FD0FA68032A8CD91B68294603207A
:1013E0002B6003AAFFF7B8FA044600287FF46AAF1F
:1013F000DDE902010EF003FB044600283FF462AF72
:101400002846FFF7DDFA5DE76FF085045AE72DE91E
:10141000F04F0025D0F8009089B0B9F828A00DF160
:10142000180807460E46D2E900214046059500F00F
:101430003FFBBAF5806F16D1331D03937368029397
:1014400033680193FB680093BB68D9F8042098E8DF
:1014500003000EF0D1FB0446002856D075602046EC
:1014600009B0BDE8F08F40F201439A450ED17B6987
:1014700002933B690193FB680093BB68D9F8042091
:1014800098E803000EF0CDFB0446E8E7AAF2024B11
:101490001FFA8BF3012B1AD8356815B96FF0800449
:1014A000DDE77368032BF9D9D9F808302946022003
:1014B0002B6005AAFFF750FA04460028CFD1BBF1F4
:1014C000050F5DD8DFE80BF02331393F4D5702207F
:1014D000D9F8081005AAFFF7A1FAAAF20543022BD2
:1014E000044603D90028BAD10546E8E73568002D3F
:1014F000D4D07368032BD1D9D9F808302B600028D9
:10150000DDD040F207439A45A9D10024A7E7D9F8D6
:101510000430059898E806000EF0EBFA044600281F
:10152000F3D02846FFF74CFA99E7D9F8043005982C
:1015300098E806000EF0E9FAF0E70598D7E90212FC
:101540000EF0EFFAA0E7059806F10C03D6E90212B7
:101550000EF0FBFA044608B90024E2E70023F3602A
:101560007DE70598D7E902120EF026FB0446002815
:101570007FF475AFF0E705980EF05BFA0446D0E70C
:101580006FF085046BE72DE9F04F4FF00009076815
:101590008DB0B7F828A00DF1280806460D46D2E90F
:1015A00000214046CDF8249000F082FABAF5C06FD1
:1015B0001FD12B1D07936B6806932B680593F36867
:1015C0000493B368039373690293336901937B6A4D
:1015D00000937A6807F1140398E803000EF0C6FB45
:1015E0000446002868D0C5F8049020460DB0BDE838
:1015F000F08F40F201639A4517D12B1D07936B685A
:1016000006932B680593F3680493B3680393736997
:101610000293336901937B6A00937A6807F114039C
:1016200098E803000EF0EAFBDAE7AAF2026B1FFA71
:101630008BF3012B20D8D5F80090B9F1000F02D11F
:101640006FF08004D1E76B68032BF9D9BB6849467A
:101650000520C9F8003009AAFFF77EF904460028E2
:10166000C3D1BBF1090F00F29380DFE80BF0273400
:101670005662697A6F3B80510520B96809AAFFF765
:10168000CDF96FF4C1635344022B044603D90028FB
:10169000ABD18146E5E7D5F80090B9F1000FCFD086
:1016A0006B68032BCCD9BB68C9F800300028D8D0B0
:1016B00040F20B639A4598D1002496E77B6809981D
:1016C00098E806000EF0F1FB04460028F4D04846E6
:1016D000FFF776F989E77B68099898E806000EF02D
:1016E000F0FBF1E705F10C030293EB680998019315
:1016F000AB680093D5E9041205F114030EF080FCE9
:10170000044608B90024E2E70023EB606B616CE754
:1017100009980EF0BBFB0446D9E709982B1DD5E9C3
:1017200000120EF048FE04460028C5D000236B606E
:101730005BE70998D6E902120EF0CFFB044654E7A6
:101740000998D7E903120EF0EBFBF7E72B1D019385
:101750006B68099800932B68D6E902120EF024FCFE
:10176000E1E70998D6E902120EF0F6FBE6E7F36826
:1017700009980193B3680093D5E9021205F10C03AF
:101780000EF070FC04460028BCD00023EB602CE770
:101790006FF0850429E76FF0850070476FF08500D2
:1017A000704700232DE9F04706688EB0B6F8289000
:1017B0000DF1140807460D469246D2E90021404635
:1017C000049300F075F9B9F5106F0FD12B1D039339
:1017D0006B6802932B680193FB680093BB68706889
:1017E00098E806000EF050FE044626E040F601138D
:1017F000994517D12F68002F74D06B68032B71D9CE
:10180000B368394604203B6004AAFFF7A5F80446F4
:1018100098B97168049807F011FF0446002872D146
:1018200000240AE00420B16804AAFFF7F7F8044690
:1018300038B140F60A13994557D020460EB0BDE89E
:10184000F087A9F60219B9F1080F6BD8DFE809F0A3
:10185000050F14281B5F222F4D002968002941D055
:101860006B68042B3ED104980EF04EFCBCE7316B44
:1018700004980EF052FCB7E7718D0498D7E9022363
:101880000EF00BFDB0E7718D0498D6E90C2307F03C
:1018900037FFA9E70498D5E900120EF04FFCA3E743
:1018A000718D049898E80C000EF000FD9CE72E68FE
:1018B000C6B16B68032B15D9B96899B1FA681C2AAF
:1018C00010D107A80DF02BFCDAF8040007A900F0EE
:1018D000F2F84246049907A80EF046FC059B044620
:1018E0003360AAE76FF08004A7E72F68002FF9D0D4
:1018F0006B68032BF6D9B3683B60002C90D1049839
:101900000EF0D4FB04463846FFF75AF895E7FB681B
:10191000718D0193BB680498009398E80C0007F060
:1019200021FF61E76FF0850487E72DE9F0418EB074
:1019300003ACD0F8008006460D461746D2E90021D8
:10194000204600F0B5F840F20322B8F82830934260
:1019500003D0A3F50273012B0ED8B16811B96FF053
:10196000800426E0F2681C2AF9D107A80DF0D7FB05
:10197000786807A900F09FF8B8F82830A3F500733D
:10198000092B00F28A80DFE803F02F1824052A4192
:101990004D595E77D6E904122E68002EDFD06B68B1
:1019A000032BDCD9234607A807F05AFB0446039B08
:1019B000336020460EB0BDE8F0812E68002ECED0F8
:1019C0006B68032BCBD9D4E9000122460EF06BFEE5
:1019D000ECE794E803000EF087FE0446E9E794E89C
:1019E000030007F0F9FAF8E794E8030007AA2E6865
:1019F0000DF01DFE2B680446002BB0D06A681C2A2F
:101A0000ADD8304607A90DF08AFBD2E72B1D009315
:101A1000D5E9002394E803000DF03CFE044650B9DC
:101A20000024C6E72B1D0093D5E9002394E80300AA
:101A30000DF057FEF2E700236B60BAE794E803006D
:101A40000EF073FEC9E7002205A811462E6800F0CB
:101A50002FF82B68002B82D06B68032B7FF67FAFAB
:101A600094E8030005AB07AA0DF06BFE04460028BE
:101A70009FD1059B3360D3E72E68002E3FF46FAFF4
:101A80006B68032B7FF66BAF214607A80EF04CFD69
:101A9000044600288DD1039BECE76FF0850488E7AE
:101AA000D1E9000107F0C4BE0FB4002004B07047B4
:101AB000C0E900217047886170476FF0850070476A
:101AC0006FF085007047FFF7BFB82DE9F04F15465E
:101AD000182204468DB00E460DEB020000219946F7
:101AE000DDF858809DF864B00DF03EFB74B3228998
:101AF00004F10C07BBF1000F26D12368CDE90432B5
:101B0000EEB12A46314638460DF009FB042205A9FC
:101B100078190DF004FB281D042204A938440DF0A7
:101B2000FEFA04F1200ABBF1000F2DD00C21504623
:101B300003F01CFA68B14CF2DA23984206D06FF039
:101B400083000DB0BDE8F08F4346D7E76FF0860005
:101B5000F7E70C230B93142309931023029304F14A
:101B60002C030193189B424600934946179B06A8F5
:101B7000CDE90665CDF828A0089704F04DFA0028B5
:101B8000D9D1C4F8048017E00C230B9314230993D4
:101B9000189B42460293179B49460193102306A8BF
:101BA000009304F12C03CDE90665CDF828A0089731
:101BB00004F044FA0028BED10020C2E708B503684B
:101BC00000209B689847002818BF6FF0910008BD5F
:101BD0000020704770B504460E460025E368AB420E
:101BE00001D8002070BD606806FB0300236828440C
:101BF000DB69984710B9A3681D44EFE76FF09100C7
:101C0000F0E72DE9F04F036895B005AA04460E46AB
:101C1000D3F80C8000F017FC00285FD10AA800F070
:101C200014FF014600285CD1DDE9057A3C2205A8B5
:101C3000089D0DF099FA3146204605AA00F053FDA3
:101C400000284BD1834681462368DB8A5B4515D843
:101C5000002D35D12946204602AA00F084FC002838
:101C60003CD12946204602AA00F09FFEB0BB204688
:101C700000F084FE78B36FF083002FE0B3451CD0F2
:101C80005946204605AA00F0DEFB38BB059BBB4247
:101C90000DD10AA800F0D9FE48B9069B534506D9D4
:101CA000984528BF98465B1B0693089B9944594664
:101CB000204605AA00F017FD80B90BF1010BC3E720
:101CC00043462A4639462046CDE900A900F0B6F938
:101CD00020B9002FCBD1204600F0A0FB15B0BDE805
:101CE000F08F6FF08B00F9E770B50C46164605468D
:101CF00048B341B33AB3098A012924D9032922D030
:101D00003C22E38A022902FB03F3A08AE26807D09F
:101D1000904218D80C200239083300FB013307E049
:101D2000A2F11401C91A81420DD390420BD8143389
:101D3000934208D81822002128460DF015FA0020F9
:101D4000C5E9004670BD6FF08600FBE737B5054674
:101D500000F0B8FD044658B94FF08071284601AA3A
:101D600000F0E3FB38B928460199FFF74AFF044623
:101D7000204603B030BD10F18C0F18BF0446F7E7C2
:101D800000F0C3BC30B591B0144601AB6A4600F018
:101D900099FB0546A8B9049B0C226360039B09A923
:101DA0002360BDF8143004F12000A3600DF0B7F9F2
:101DB00010220CA904F12C000DF0B1F9284611B045
:101DC00030BD6FF08B05F9E72DE9F04399B00DF1C7
:101DD000240804468946154600213C2240461F46F9
:101DE000209E0DF0C1F94FF6FF73CDE9043325B9FC
:101DF0006FF0860019B0BDE8F083AB68B3F1807F67
:101E0000F6D2236849465A8A6B682046013B134440
:101E1000524213406B6004AA434600F053FB002873
:101E200040F09380AB6804999A0306D50C9AD5F8D4
:101E300004C062457BD10B900D9305914FF6FF7363
:101E4000059A9A4240F08A8021686B68898A8B42A1
:101E5000CED806A9CDE9028105A90191A96820463D
:101E6000009104998A1A18BF0122494600F0DAFB52
:101E70000028BFD1002F79D12046099906AA00F089
:101E800094FD00285ED10C2205F1200111A80DF06F
:101E900046F9102205F12C0114A80DF040F905991E
:101EA0004246204600F01FFC014600284AD1DDE9E9
:101EB00004539D4228BF1D4620462A4600F0EBFCF5
:101EC00000283FD14FF6FF72049B93420FD0059A32
:101ED00093420CD09A4238BF1A462046691C00F043
:101EE000DAFC78BBDDE904539D4238BF1D46236808
:101EF0002046DA8A691C00F0CEFC18BB099B002B37
:101F000065D1002F63D0204600F088FA00287FF4C6
:101F100071AF4FF6FF73049999423FF46BAF059B85
:101F200099423FF467AF2046FFF76BFE62E70D9BD7
:101F3000424643F0807320460D9300F0D4FB002806
:101F40003FF47CAF6FF0830054E710F18C0F7FF407
:101F500051AFAB68DB037FF54DAF6FE720460999C2
:101F600006AA00F000FB002884D0EBE723685B8A18
:101F70005A1E3242E6D107F1FF3999445B4209EA21
:101F800003090B9B9E42DDD84A4631460C9800F06F
:101F900050FD0028D6D1219B4246CDE90093204632
:101FA000334606A900F0C0F80028CBD10B9B3E4475
:101FB0009E420999204688BF0B96069E00F029FA9A
:101FC00031460690099A204600F08AFB54E72046E5
:101FD00000F0D4FC002896D0B4E713B5002301AA82
:101FE000044600F06FFA28B920460199FFF709FE70
:101FF00002B010BD6FF08B00FAE770B592B01546D5
:102000001C4602AA03AB064600F05CFA98B92A46C1
:102010002146059800F00DFD58B9169B2246009305
:1020200030462B4603A900F05EF8002818BF6FF079
:10203000830012B070BD6FF08B00FAE72DE9F04716
:1020400086B01646DDE90E9703AA054688469A46ED
:1020500000F089FA044698B9059B41463344284666
:10206000059300F0D6F906467FB101464A46284658
:10207000CDE900A7039B00F0E0FB28B16FF08304DB
:10208000204606B0BDE8F0870127DDE903324A4566
:102090000AD2A9EB0201CDE900212846314600F021
:1020A000CCFB0028EAD1012742462846039900F0DC
:1020B00017FB4146284603AA039600F076FC044627
:1020C00028B142463146284600F00AFBD8E7B8F16D
:1020D000000FD5D0002FD3D06B683146DB6828685D
:1020E00098470446CCE72DE9FF410D46164609689E
:1020F00001AA04461F46DDF8288000F034FA70B9C2
:1021000001994B1C0BD062686B680A975568424670
:10211000AC462068334404B0BDE8F04160476FF03E
:10212000830004B0BDE8F0812DE9F3471546DDE9F1
:102130000AA90F4698461168044600F06AF96B68D0
:102140007A689844A8EB0203CDE9002306460146CD
:102150003B68204600F071FB20BB6368CDF800A00F
:10216000D3F808A04A46434631462068D047C8B94C
:10217000EB686A68B9681A4423682046DB685B1A12
:102180009B1ACDE9002331463B6800F056FB48B965
:102190002B683BB1314663682068DB6802B0BDE85C
:1021A000F047184702B0BDE8F08713B50C2404FBD4
:1021B00001F3416800948C68083341690068A047C6
:1021C00002B010BD436810B5416904461B69006840
:1021D000984750B923681A8A022A06D96268A1680A
:1021E0001846BDE810401269104710BD008A022849
:1021F00014BF03380020704708B5FFF7F7FF0C2322
:102200003C2200FB033302FB0130083008BD2DE9FE
:10221000F04F002405460F46904626464FF00C0925
:1022200093B0D5F800A05046FFF7E0FF013086429A
:102230000ED300264FF03C09D5F800A0BAF81630AE
:102240009E421DD3002088F8004013B0BDE8F08FF7
:1022500009FB06F36A68CDF80090D2F804B039465D
:102260005046083303AAD8470028EED103AB13F831
:10227000012B01300C2884EA0204F8D10136D0E7A2
:102280006B6831465046D3F804B0FFF7B5FF3946C6
:102290000346CDF80090504603AAD8470028D4D171
:1022A00003AB13F8012B01303C2884EA0204F8D177
:1022B0000136C1E737B5837B01685A1CD2B28273FD
:1022C000097E04469142416904BF023383730129A8
:1022D00000F10D020DD8FFF79AFF40B9082263689C
:1022E00000929D6861690346A2182068A84703B060
:1022F00030BD6FF08600FAE713B50C46114622791F
:102300000346012A09D1036862791B7E9A4214BFF1
:1023100000206FF0830002B010BD022A04D11B68B8
:10232000A2791B7E9A4202D16FF08300F3E7012964
:102330000DD80DF10702FFF76AFF0028EBD1627993
:102340009DF807309A4218BF6FF09100E3E76FF0F5
:102350008600E0E70822F0B5436887B000925C6829
:1023600000236A44054619460068A0470246002833
:1023700032D000264FF0FF3408226B6800925F686D
:1023800001210023286804AAB84700283AD1012275
:10239000284604A9FFF7B0FF0346002832D1002EDB
:1023A00035D02A689DF81610127E9DF80E00B2FAFC
:1023B00082F25209914218D1002914BF022301234D
:1023C0001B1A18BF01231C462C61B4FA84F40020A8
:1023D00064096C6107B0F0BD284602A9FFF78CFFC5
:1023E00004460028C5D10126C6E7904205D1002841
:1023F00014BF022201229142E5D188422CBF002362
:102400000123E0E7002EDFD16FF08300E2E7012433
:10241000DAE709B9406970478068704710B504462B
:10242000FFF748FF70B963686169DB682068984707
:1024300040B9D4E904232046C4E90432BDE8104081
:10244000FFF7C0BE10BD2DE9F341066805463046D2
:102450001446FFF7D1FE3C216A6800910346576895
:10246000304622462969B847064640B92868FFF732
:10247000BDFE23680130834205D36FF097063046D6
:1024800002B0BDE8F08104F1140000F0DEFA00288B
:10249000F5D12D68E768AB8A9F42EED8A3689F42CA
:1024A000EBD3D4E900382BB92846E98AFFF7A4FE1C
:1024B0004045E2D83A464146E86800F0BAFA0028BA
:1024C000DDD0DAE72DE9F0430746884691461C4601
:1024D000002591B03B68DB8AAB4202D86FF08B06D7
:1024E0001AE02946384601AAFFF7ADFFD0B90C2201
:1024F000414606A811F0DFF8064688B9C9F8005031
:1025000054B101AD0FCD0FC40FCD0FC40FCD0FC40B
:1025100095E8070084E80700304611B0BDE8F08375
:102520000135D7E76FF08306F6E7F0B505460E46AE
:102530001746002491B02B68DB8AA34202D86FF0C3
:102540008B0009E02146284601AAFFF77CFF38B935
:10255000059B1E4202D03C6011B0F0BD0134EAE799
:102560006FF08300F8E773B506460C2000FB01F31B
:10257000716800904C683068316908331546A0478F
:10258000044630B9336829681A8A914204D36FF03F
:102590009704204602B070BDD868D5E9011200F05A
:1025A00048FA04460028F2D12B68012B03D8306882
:1025B000C18AFFF721FE6B688342EAD0E7E7F7B5EF
:1025C0000C2606FB01F3416800964F680833016949
:1025D000054600681446B847034630B92B682168A1
:1025E0001A8A914204D36FF09703184603B0F0BDE6
:1025F000D868D4E9011200F01CFA03460028F2D191
:102600002268012A0AD82A681046FFF7EFFDD18A0E
:102610003C22514300FB06660831881962688242F9
:10262000E3D0E0E72DE9F04F05468B46914698460A
:10263000002791B0DDE91C6A2868FFF7D7FD01305B
:10264000874202D36FF08D0420E052463946284677
:10265000FFF789FF044680BBDAF8082090452AD8A6
:102660002B685946DB6837609B1A73600C22C6F8EA
:102670000C8006F114000CF052FD1A9BB46033611B
:10268000DAF80830A3EB0803CAF8083000262B68F4
:10269000DB8A9E4205D23146284601AAFFF7D3FEC7
:1026A00070B14FF6FF766FF08D0420461B9B1E60C5
:1026B00011B0BDE8F08F0137BEE76FF08304E5E7A6
:1026C00006A800F0C2F948B1B9F1000F04D0002CFF
:1026D00018BF6FF08D04E8E74FF001090136D6E727
:1026E00002B181607047F7B506680446304615466A
:1026F000FFF782FD3C2162680091034697683046EF
:102700002A466169B84703B0F0BDF0B593B00546FD
:10271000FFF720FE002861D16E696B6831461B69A6
:10272000286898470446002878D1B6FA86F16B6885
:1027300028681B6949099847044600286ED12E680D
:102740000127337EB3FA83F35B09AB73338AC5E9A0
:102750000407022B14BF02230123AB6002232B7357
:10276000F18A3046FFF748FDF36821461B1A0190B5
:102770006A46284602930097FFF717FD0446002893
:102780004CD106462B680190DB6802932B681846F3
:10279000FFF72CFDB04223D8002C4BD12B681846F4
:1027A000FFF724FDA04228D83C22002103A80CF00A
:1027B000DBFC00242B68DB8AA34232D82846FFF7D3
:1027C00079FD48BB6B686969DB68286898470446EF
:1027D00020BBD5E90423C5E904321FE000269CE7AD
:1027E000198A6A68022914BF03210021184631445E
:1027F0001269904701360443C8E71B8A6A46022BD8
:1028000014BF0323002323440134214628460093A8
:10281000FFF7CBFC0028C1D06FF08304204613B033
:10282000F0BD2146284603AAFFF75DFF0028F3D13B
:102830000134BFE76FF09104F0E72DE9F04F044653
:10284000884616469946C3B0DDE94CA51DB9284611
:1028500043B0BDE8F08FB5F5807F2F4628BF4FF419
:10286000807763680097D3F804B0494653462068E0
:1028700002AAD8470028EBD163680097D3F808B0C4
:1028800041463346206802AAD8470028E0D13E449A
:10289000BA44ED1BDAE7F7B5076804463846164632
:1028A000FFF7AAFC314605463846FFF7A5FC401B5A
:1028B000CDE900502A46204623696169FFF7BDFF34
:1028C00003B0F0BD2DE9F041436805461B68006880
:1028D00086B09847044628B92846FFF73BFD28B143
:1028E0006FF08304204606B0BDE8F08108266B68CF
:1028F00005F108070096D3F804803A462346296973
:102900002868C0470028EBD1394628462A69FFF7D6
:10291000F3FC0028E4D12846FFF754FC04460028C5
:10292000DED12B7B012B24D1014603AA2846FFF7D9
:1029300046FE04460028D5D1059B2A68C3F1FF2333
:10294000D26803F57F03F8331344CDE900633246C0
:1029500028462B696969FFF770FF04460028C1D13A
:102960006B7B2846AB7302232B73FFF757FD04469E
:10297000B8E7022B18BF6FF08304B3E710B586B039
:10298000002103AA0446FFF7EEFD60B92068049A0F
:10299000059BD118C36820465B1ACDE90023D4E912
:1029A0000431FFF74AFF06B010BDF0B504460D46EE
:1029B00087B009B94369136029462046FFF7F5FB44
:1029C0000146E0B9D4E904769DB90C2205FB022248
:1029D0000021206802F10805FFF70EFC401BCDE93D
:1029E00000503B462A4631462046FFF726FF07B0F7
:1029F000F0BD204603AAFFF7B6FD014610B16FF007
:102A00008300F4E7204603AA0396FFF7CEFB0028D5
:102A1000F5D1012DD9D00C2314226B430C3B01932B
:102A200031463B4620460092FFF707FF0028CCD0F6
:102A3000DDE7814206D8401A90422CBF00206FF09B
:102A4000860070476FF08600704700F10C039842D3
:102A500002D16FF08B00704710F8012B002AF6D0DE
:102A600000207047F0B503680446A3F2F233A7B024
:102A7000032B00F22081DFE803F0025AA4A7002311
:102A8000C269169300F11C03A2B10421E26A04F1A9
:102A90002C03DAB104222369042B19D0012070E041
:102AA0000029F3D053F8040D0A4601390028F7D065
:102AB0001146EBE70321F5E7002AECD053F8045D5B
:102AC0001046013A002DF7D00246E4E70322F5E76D
:102AD000206A0428E2D80129E0D1012ADED10021B0
:102AE000606806AA05F00EFC0428D7D1A3680698F2
:102AF000002B15DB00220699A06803F088FB002854
:102B0000CCD1216A069816AA03F036FB0028C5D15D
:102B10000146236A606816AA05F0FEFB002030E03B
:102B200006A903F089FB0028E4D0022029E0C2694D
:102B300000F11C03002A30D00422E16A04F12C03C6
:102B4000002936D004212369042BA7D1012AA5D15D
:102B50000029A3D1606816AA05F0D4FB04289DD1F2
:102B6000A3681698002B26DB00221699A06803F0B4
:102B70004EFB002892D1169803F036FB003818BFA0
:102B8000012027B0F0BD002AD7D053F8040D11461C
:102B9000013A0028F7D00A46CFE70322F5E70029DB
:102BA000D1D053F8045D08460139002DF7D0014615
:102BB000C9E70321F5E716A903F03EFB0028D3D0AF
:102BC000B3E702F05FFBA9E700253C22294607A8EE
:102BD000CDE90255CDE9045506950CF0C5FA3C2225
:102BE000294617A816950CF0BFFAE269019504F181
:102BF0001C0312B30426E26A04F12C034AB3042531
:102C0000731E012B3FF64AAF012D3FF647AF042359
:102C1000002160680DEB030205F074FB04281AD054
:102C20006FF08000ADE7002EE5D053F8041D32466A
:102C3000013E0029F7D01646DDE70326F5E7002D13
:102C4000DED053F8041D2A46013D0029F7D0154671
:102C5000D6E70325F5E7022E16D16669402E27D860
:102C600006AF33463A460121606805F04BFB8642C9
:102C7000D6D1CDE9027602A945B92A46019803F0DA
:102C800000FA054628467CE70021F5E7236A402B39
:102C9000C6D816AACDE90423019804AA03F0F1F9D5
:102CA000DDE9042305460021606805F035FBE9E70E
:102CB0006FF0890065E76FF0850062E708B503F003
:102CC00059FA002814BF6FF09200002008BD0000E0
:102CD000BD1B000001100000BD0F0000D11B000053
:102CE000D51B0000010000000200000004000000ED
:102CF0005B4552525D5B43727970746F5D20556E17
:102D0000737570706F727465642072657175657328
:102D100074210D0A004D62656420544C5320332EFB
:102D2000362E35004372656174696E6720616E20CE
:102D3000656D7074792049545320666C6173682006
:102D40006C61796F75742E0D0A0043726561746948
:102D50006E6720616E20656D707479205053206617
:102D60006C617368206C61796F75742E0D0A0000B8
:102D700001680E4A0346914215D1C169A2F11022A1
:102D8000A2F1EF1291420ED18268012A0BD8C268DB
:102D900012B101698A4206D0586928B19B691B1A91
:102DA0005842584170470120704700BF55AA00FFA4
:102DB0000D4B70B59E68A6B13046FFF7D9FF0446AB
:102DC00078B9F3686BB935690DB9204670BD2846EE
:102DD000FFF7CEFF28B9EB68B34202D12E462D692A
:102DE000F2E70124F1E700BFE0AE00202DE9F04159
:102DF000394E3468F368D4B1B468C4B1002861D0E6
:102E000000295FD001FB00F5B5FBF0F0884259D1F5
:102E1000291D57D8AA070DD025F0030204321C46FD
:102E200003E0616891424FD2A469002CF9D1204699
:102E3000BDE8F0812A46F2E7891A232904F1200728
:102E4000D4E9050C1AD80123A360A0B1C0F818C0BA
:102E5000A36903B158610023C4E905333369DB0773
:102E600002D5FFF7A5FFA0BB2A46002138463C4605
:102E70000CF07AF9DBE7C6F80CC0E9E702F12008AC
:102E800004EB08032039C3E9011E2169DFF84CE097
:102E9000DC60196144F808E0AEF1102EAEF1EF1ECF
:102EA000C3F81CE001B1CB60C3E9050C40B18361FC
:102EB000996901B14B6101212361C4E90121CAE78C
:102EC000F360F5E70024B2E7D4F808E0BEF1000FA4
:102ED000B2D001200CF074F8E0AE002055AA00FF3B
:102EE000F8B5054600283AD0364E3368002B36D068
:102EF000B268002A33D0834203D8726813449842E0
:102F000002D301200CF05CF8A0F120042046FFF76A
:102F10002FFF0028F5D155F8183C012BF1D145F8C9
:102F2000180C55E90570DFB1BB68CBB955F81C2CFE
:102F30007B68203213447B60386100B1C760202277
:102F4000002120460CF010F9386908B183682BB3D2
:102F500033699B0703D5FFF72BFF0028D1D1F8BDBC
:102F600040B3836833BB42686368134420336360B3
:102F70000369D4E90521236192B9B9B9426981692C
:102F80006261A161A2B19461A26902B1546103B10D
:102F9000DC60202200210CF0E7F8D9E73C46E2E7AC
:102FA0009161A1690029E9D04A61E7E7F160F8E79A
:102FB000F460E9E7F36845F8083C03B15C61F4604C
:102FC000C6E700BFE0AE002038B50D461422002150
:102FD000044612480CF0C8F81149124805F06AFA84
:102FE000232D1AD914F003031FBF043DED18C3F1BC
:102FF0000403E4182A46002120460CF0B5F8074BDC
:10300000094AC3E900459C602260A2F11022203DDC
:10301000A2F1EF126560E261DC6038BDE0AE002035
:10302000E12E0000ED2D000055AA00FF0000000079
:103030000000000000000000000000000000000090
:1030400010B50F4C4FF4CC72204600210CF08CF8D8
:103050004FF48073A36108A3D3E90023C4E90423D8
:103060000123A4F8903184F82830BDE8104000F026
:10307000D9BA00BFAFF3008000BD40DFE143E14EAD
:10308000C814002000000000002230B54C4C89B06C
:1030900002AD04904FF4C87301200021CDE9004532
:1030A000CDE906220394ADF814200BF093FD10B186
:1030B00001238DF81430049B0022009302204FF46A
:1030C000C873002101950BF085FD10B101238DF827
:1030D00015304FF4807238A1D1E90001039BC3E998
:1030E00004019A61049BC3E904019A61002006A9C6
:1030F00000F020FE002858D12946012000F01AFED9
:10310000002852D1022007A900F014FE00284CD15B
:10311000079A029B9A429DF8143018BF0790012B22
:1031200003D0002003A900F05CFD9DF81530012BB1
:1031300003D0012003A900F054FD039B049993F8E8
:103140002830012B1CBF01238DF8143091F8283052
:10315000012B1CBF01238DF8153040F20113BDF87F
:1031600014209A4225D09DF81430012B07D14FF43A
:10317000C8721348A4F890310BF0D1FF07E09DF816
:103180001530022B13D04FF48073A4F8903194F8CB
:103190009101002101300BF06DFD10B110F18C0F89
:1031A00003D1074800F0B6FB002009B030BD012371
:1031B000DDE76FF08300F8E700BD40DFE143E14E5B
:1031C000C81400206FF47A72F0B5474B04461860BB
:1031D00003688DB01344042B08D8DFE803F00327FD
:1031E0004867770003698668082B02D06FF0800576
:1031F00059E08569042DF9D10021406808AA05F03D
:1032000081F80828F2D12B460221606806AA05F051
:1032100079F80428EAD1069B30460193636900934C
:10322000DDE9082300F08CFC05463CE00369082B2F
:10323000DCD14569042DD9D10021406808AA05F0E8
:1032400061F80828D2D12B460121606805AA05F053
:1032500059F80428CAD106AB0293236A0193059B4F
:103260000093A068DDE9082300F080FCDCE7036937
:10327000082BBBD1076A0C2FB8D10021406806AAE1
:1032800005F040F80828B1D1DDE9062308AE009624
:10329000A06800F07FFC054628B901463B4632464F
:1032A000606805F039F828460DB0F0BD0369082BB9
:1032B0009CD10021406808AA05F024F8082895D17F
:1032C000DDE90823A06800F075FCADE7056A042D70
:1032D0008CD100F082FC2B4608900021606808AA7F
:1032E00005F01AF80025DEE7601D002038B5074B11
:1032F00002461D680C460B466868012105F002F87D
:10330000844214BF6FF08000002038BD601D002093
:103310000B46044910B40C6802460021606810BCDA
:1033200004F0FABF601D002008B5074907480BF0FC
:10333000A5FF00F021F830B100F051FC18B9BDE84C
:10334000084000F019B808BD00025005803D00009B
:1033500038B5084D2B4600F0FDF9044618B9BDE814
:10336000384000F089BA002128680BF083FC204621
:1033700038BD00BF641D002010B5044C2046FFF787
:1033800083FE034B383C5C6010BD00BFB80C0020CE
:10339000641D00202DE9F347DFF864A01F46534663
:1033A00081468846164600F02BFA044608BB154DA8
:1033B000DAF80000294601AAC5E90498AE6100F0D8
:1033C00055FC044678B9AE6ABE4216D30A9BF61B7A
:1033D0009E4228BF1E4605F1380031463844FFF7AB
:1033E00097FF0B9B1E6040F64802002105480BF03A
:1033F000BBFE204602B0BDE8F0876FF08604F2E71E
:10340000641D0020800C00202DE9F04F85B0DDF810
:1034100038A00746BAF5006F0E4690469B4673D813
:10342000DFF8EC904B4600F0EBF9044600283FD162
:10343000384DD9F80000294603AAC5E90476C5F835
:10344000188000F013FC044600284CD12B6BDB07DE
:103450004FD4C5E90BAB4FF0010B5B46D9F80050D8
:1034600051462D480193FFF741FF0446C0BB019B25
:103470002749184600F03CF9044688BB2549D9F88D
:103480000000C1F828A000F023FC044628BB4246F7
:1034900038463146FFF75CFF044668B340F6480201
:1034A00000211C480BF060FE204605B0BDE8F08FFF
:1034B00010F18C0FF8D1174C40F64802002120463D
:1034C0000BF052FEC4E90BAB4FF0000B02235D463C
:1034D000C4E90476C4F81880C2E70DB1C9F80050F9
:1034E000BBF1000FDAD0424638463146FFF730FFD5
:1034F000D4E76FF08404F6E7002DCFD021462846AC
:103500000BF0B8FB0446C9E76FF08604CCE700BFB8
:10351000641D0020800C0020B80C00202DE9F3472A
:10352000DFF84CA01E46534681468846174600F0F9
:1035300067F90446B8B90F4DDAF80000294601AA28
:10354000C5E90498AF6100F091FB044628B9AB6A65
:103550007360EB6A33602B6BB36040F64802002166
:1035600004480BF001FE204602B0BDE8F08700BF22
:10357000641D0020800C00202DE9F7431A4F80467F
:103580003B460E46914600F03BF9044620BB174DE2
:103590003868294601AAC5E90486C5F8189000F0E4
:1035A00065FB044690B92B6BDB0719D44A464046AD
:1035B000314600F03BF9044640B900F05DF904469D
:1035C00020B9214638680BF055FB044640F6480206
:1035D000002106480BF0C8FD204603B0BDE8F0838B
:1035E0006FF08404F2E700BF641D0020800C00200F
:1035F000F0B500250A4CD4E910768E4208BF874208
:1036000005D1A66C964202D100201D60F0BD0135A7
:103610000B2D04F12004EED16FF08B00F6E700BF14
:10362000C8140020002030B5DFB0029000F08DFB00
:103630000246002836D102A900F07CFB024688BB76
:103640002A4C029D204600F06DF9024650BB4FF413
:10365000B47204F1280103A85D950BF060FD4FF4EE
:10366000B672204603A900F009FA0246D0B994F8D0
:1036700091514FF4C872009023460021681C0BF052
:103680008BFA024670B994F89031039003A9012097
:1036900084F8913184F89051029C00F04BFB68B1A2
:1036A0006FF0830210465FB030BD012000F04DFB8B
:1036B00002460028F6D1039B01330393039B9C42EF
:1036C000F3D8022003A900F035FB0028E8D1039BC2
:1036D0009C4201D80022E5E7022000F036FB0246BA
:1036E0000028DFD1039B01330393F0E7C8140020C7
:1036F00070B50D4648B300231C46154AD2E9101692
:10370000314304F1010106D00B2919D01C462032A7
:1037100023460C46F2E70B2900F1FF300FD0203290
:103720000028F5D12346DC1C204600210BF0A2FA2C
:1037300010B110F18C0F01D100202C6070BD0A2354
:103740000028F0D06FF08D00F8E76FF08600F5E705
:10375000C81400202DE9F0471E4600238146884604
:1037600017468AB0244D02AC01930FCD0FC495E8E3
:103770000F0084E80F003A464846414601ABFFF788
:1037800037FF1E4D824668B9019C202205EB441488
:103790003034214602A80BF0C2FC202251462046BC
:1037A0000BF0E2FC33687168DC1E05EB431343E960
:1037B000089805EB44131C463034102220469F64C1
:1037C0000BF0ADFCFFF72EFF064688B1DDE90632AF
:1037D000134308D0019B202205EB431502A905F1F4
:1037E00030000BF09CFC2022002120460BF0BCFC9A
:1037F00030460AB0BDE8F087603D0000C8140020E4
:1038000037B51D4601ABFFF7F3FE044648B9019BEF
:103810000549DA1C2A606868102201EB43110BF09D
:103820007EFC204603B030BDF8140020002330B5E4
:103830008BB0019301ABFFF7DBFE0446B0B9019BEF
:103840000C4D202205EB4315294602A80BF067FC1E
:103850002146202228460BF087FCFFF7E3FE0446B2
:1038600020B12022284602A90BF059FC20460BB0BB
:1038700030BD00BFF8140020034B002193F89101E4
:1038800001300BF0F7B900BFC814002030B589B083
:1038900004460D461822002102A80BF065FC002307
:1038A0004FF440710093194B6846CDE903134FF470
:1038B0001053ADF8043080234FF00821ADF80630E6
:1038C0000BF0F6F800BB40F201116846104A0BF00D
:1038D000A9F8A0B90C232A4640F2012168460BF052
:1038E0000BF960B92246694601A80BF02DF930B9F1
:1038F00068460BF0BBF838B120680AF0D9FF68467B
:103900000BF0B4F86FF0830009B030BD0002500531
:1039100002C0FF7F00F11C010C2201480BF0FFBB2D
:103920006C1D00201FB50822184904460DEB02004B
:103930000BF0F5FB042216490DEB02000BF0EFFB38
:10394000029B039A013342F10002CDE90232134394
:1039500014D008220D480DEB02010BF0E0FB04220D
:103960000B480DEB02010BF0DAFB0C22074904F1C6
:103970001C000BF0D4FB002004B010BD019B0133F0
:103980000193002BE5D16FF08300F5E76C1D00205B
:10399000741D00202DE9F0438DB00E4609A90446A0
:1039A00090469946159F179D00F046F909A908A869
:1039B000FFF76CFF18BB169BCDE90068CDE90473D7
:1039C000149B1049CDE9029308980C23069504F145
:1039D0001C020AF08BFF28B108980AF069FF6FF00B
:1039E00083000CE0296810221039296020463944F0
:1039F0000BF095FB08980AF05BFF0028EFD10DB0A3
:103A0000BDE8F083000250052DE9F04104461D4653
:103A10008CB0129E0F4609A9904600F00DF9214680
:103A20001022A8190BF07BFB09A908A8FFF72EFFAD
:103A3000B8B9159B10360693149BCDE90256059331
:103A4000139BCDE9007804930B490C23089804F1EB
:103A50001C020AF099FF38B108980AF029FF6FF0AC
:103A600094000CB0BDE8F08108980AF021FF00280E
:103A700018BF6FF08300F4E70002500570B58EB0F8
:103A80000D460BA90446164600F0D6F80BA90AA865
:103A9000FFF7FCFEF0B909AB06931023CDE9020055
:103AA000CDE90443CDE900560C230B490A9804F1F3
:103AB0001C020AF01BFF18B9DDE90930102B05D0F4
:103AC0000A980AF0F5FE6FF0830003E00AF0F0FEBA
:103AD0000028F8D10EB070BD0002500570B58EB050
:103AE0000D460BA90446164600F0A6F80BA90AA835
:103AF000FFF7CCFEB8B909ABCDE90503102304905C
:103B0000CDE90243CDE900560C230B490A9804F194
:103B10001C020AF039FF099B18430A9805D00AF0E5
:103B2000C7FE6FF094000EB070BD0AF0C1FE002811
:103B300018BF6FF08300F6E700025005FFF7F4BBF3
:103B400030B4194604461046DDE9022350EA010567
:103B500005D0072B07D8224630BCFFF755BC6FF0C5
:103B6000860030BC70476FF08500FAE770B41946E4
:103B700004461046DDE9033250EA0106059D05D0F2
:103B8000CDE90325224670BCFFF704BC6FF0860028
:103B900070BC7047194610B40446104650EA010242
:103BA000019B03D0224610BCFFF7B8BC6FF0860023
:103BB00010BC7047194652EA010310B5044610467E
:103BC00008D02246FFF7D8FC10F1950F08BF6FF020
:103BD000830010BD6FF08600FBE700207047FFF701
:103BE0002FBA70B551F82060DCB0CB684FF4B472D6
:103BF00005460C4601A806F128015B930BF08FFAED
:103C00004FF4B672304601A9FFF768FF80B123690F
:103C100083B14FF4B672304601A95B93FFF75EFFA4
:103C200000280CBF032301232C4423725CB070BD19
:103C30000223F9E70123F7E71FB5D0E904230C4677
:103C4000CDE90223042283690DEB02012046019392
:103C50000BF065FA0822201D0DEB02010BF05FFA54
:103C600004B010BD0F30000901307047F0B51646A2
:103C7000002289B005AB019301F11C030D460093AE
:103C8000114640F61C0307460AF0A4FFD8B9059C6C
:103C900006970C3C2046FFF7E5FF07AB3060039327
:103CA0004FF4026305F12807CDE9017304223B4676
:103CB0002846009406A9FFF7A7FE30B9079B9C424F
:103CC00018BF6FF0830009B0F0BD6FF08300FAE712
:103CD0002DE9F04186B00490064608460D468F6AED
:103CE000FFF720FE0446B0B905AA03924FF4026222
:103CF00007F1100805F12803CDE901322846042216
:103D0000CDF8008004A9FFF745FE10B9059B984542
:103D100005D06FF08304204606B0BDE8F08121464F
:103D20000094304605F11C0307F11C020AF034FF31
:103D30000446F0E70A4608B504210AF0C9FF002846
:103D400014BF6FF08300002008BD08B50AF0A8FF7B
:103D5000002814BF6FF08300002008BD00000000A1
:103D60000000000000000000000000000000000053
:103D70000000000000000000000000000000000043
:103D80005B494E465D5B50535D20456E63727970B2
:103D900074696F6E20616C673A20307825780D0A5F
:103DA0000000000000000000000000000000000013
:103DB0000000000000000000000000000000000003
:103DC000F840010000AF002036000000C0400100B4
:103DD000801D00200E000000C0400100800C00206B
:103DE00000000000D8AF0020CB040000B81D002068
:103DF00052240000800C002040040000600C0020D1
:103E00000800000003F0A0BC08B572B60C4A0D4BC8
:103E10009A600D4B83F309880C4B83F30A8883F374
:103E20000B880B4B04A1D1E90001C3E9000100F0AC
:103E3000C3F804F013FA00BFA5EDF5FEA5EDF5FEFD
:103E40000000000000ED00E0580C0020600400209D
:103E5000580C002008B500F009F808B500F006F885
:103E600008B500F003F808B500F000F8EFF308809B
:103E7000EFF309812DE9F00F6B46724600F014F95B
:103E800008B0FFF7BFFFFEE708B5FFF7EFFF08B583
:103E9000FFF7ECFF08B5FFF7E9FF08B5FFF7E6FF0E
:103EA00008B5FFF7E3FF08B5FFF7E0FF08B5FFF738
:103EB000DDFF08B5FFF7DAFF08B5FFF7D7FF08B554
:103EC000FFF7D4FF08B5FFF7D1FF08B5FFF7CEFF26
:103ED00008B5FFF7CBFF08B5FFF7C8FF08B5FFF738
:103EE000C5FF08B5FFF7C2FF08B5FFF7BFFF08B56C
:103EF000FFF7BCFF08B5FFF7B9FF08B5FFF7B6FF3E
:103F000008B5FFF7B3FF08B5FFF7B0FF08B5FFF737
:103F1000ADFF08B5FFF7AAFF08B5FFF7A7FF08B583
:103F2000FFF7A4FF08B5FFF7A1FF08B5FFF79EFF55
:103F300008B5FFF79BFF08B5FFF798FF08B5FFF737
:103F400095FF08B5FFF792FF08B5FFF78FFF08B59B
:103F5000FFF78CFF08B5FFF789FF08B5FFF786FF6D
:103F600008B5FFF783FF08B5FFF780FF08B5FFF737
:103F70007DFF08B5FFF77AFF08B5FFF777FF08B5B3
:103F8000FFF774FF03689A070CD50368DB070DD5AC
:103F90000922074BC3F80C250F22C3F80425012280
:103FA0001A60FEE7034B0360EF3B0360704700BFFE
:103FB00000801050F000FA5008B501232F4A304815
:103FC000C2F80038A2F55722D2F800242D4AD2F8C0
:103FD0004023332A04BF2C4AC2F80C34FFF7D2FF27
:103FE0000830FFF7CFFF0830FFF7CCFF0830FFF7AE
:103FF000C9FF00F5F470FFF7C5FF244AD2F88C30F2
:1040000043F44063C2F88C300022D30003F57F03F1
:1040100003F54043D3F8001401310AD0D3F800145B
:1040200039B1D3F800140132D3F80434402A0B60BC
:10403000EBD1174BD3F80026D2071AD4154B1349EE
:10404000D3F8182522F00302C3F81825D3F8182551
:10405000C3F81825D1F88C2042F44062C1F88C20B6
:104060000022C3F8A0250C4AD2F80034012BFBD063
:1040700008BD6FF00102C3F80026DFE70000125010
:1040800000F50E5000C0FF000030055000ED00E0CC
:1040900000E0105000E00450009004507C220149E0
:1040A0000BF03DB8A0B5002038B51D46394B3A4C51
:1040B0005B68C3F308032360EFF303836365530670
:1040C000C4E90120E16039D502F00C020C2A08BFD6
:1040D000084601462061202230480BF020F825B127
:1040E000202229462E480BF01AF82A4B9A6AA2651C
:1040F000D96AE165986B206602F400406066586BEF
:10410000A06602F08000E0669A62D962D3F8E420EB
:1041100024482267D3F8E810616702F04001A167E4
:10412000C3F8E4200E2101F0ADFB2268D31E042B5E
:1041300025D8DFE803F00F181B1E2100EFF394834E
:10414000990704D5130702D5EFF38980C1E7EFF390
:104150008880BEE70C21144801F094FBEFF38883BC
:10416000EFF3898338BD12211048F5E70B21104881
:10417000F2E70D210F48EFE70E210F48ECE70F2A79
:1041800095BF142125210D480D4888BF103A02F033
:10419000D7F8E3E700ED00E0A0B50020B4B50020BB
:1041A000D4B50020407E00004E7E00005A7E000004
:1041B0006C7E0000777E0000847E0000927E00000E
:1041C000A67E000037B5084C6369984748B9E56A90
:1041D000A847C307FCD4236A019303B0BDE830406D
:1041E0001847002003B030BDCC7E000010B50B4C4A
:1041F0000020A368984780B902202369984760B9D6
:104200004FF4E1310120A46AA04730B90121152003
:10421000A04710B90122024B1A7010BDCC7E0000DD
:1042200074C20020064B82B01868002382B262F389
:104230000F03000C60F31F43184602B0704700BF25
:10424000147F0000014BD86D704700BF04AF002001
:10425000014B186E704700BF04AF002008B502483C
:1042600000F0E6FB002008BD04AF0020F0B5C2B2AC
:10427000012A04460B4685B00AD0A2F11501012996
:1042800000F2D280002B00F0BD80002005B0F0BD10
:10429000684D01AE95E8070086E807004DF6C0229C
:1042A00093427CD028D8B3F5615F7BD011D8B3F5A9
:1042B000965F79D008D8B3F5966F77D0B3F5166FBF
:1042C00077D06FF00700E1E7B3F5165FF9D15A4BED
:1042D00033E047F6122293426ED007D8B3F5964FDB
:1042E0006DD0B3F5E14FECD1544B26E0B3F5164F4A
:1042F000E7D14FF41D0320E0514A934261D011D819
:10430000B3F5E13F60D007D8B3F5614F5FD0B3F5A7
:10431000963FD6D14B4B10E0B3F5613FD1D14FF072
:104320006C730AE0B3F5612F54D0474A934254D0DE
:10433000B3F5E12FC5D14FF0E86314F4E06F55D128
:1043400014F4404103D0B1F5804F52D110213F4FBA
:1043500004F44052B2F5805FB7F8940040D0B2F553
:10436000005F40D0002A47D114F4403403D0B4F5A4
:10437000403F44D101248DF804408DF805208DF88C
:104380000610ADF8080096E8070085E807003049F8
:10439000C7F88C30A1F1640001F0E7FB75E74FF43A
:1043A0006503CAE72B4BC8E72B4BC6E74FF49E23A8
:1043B000C3E74FF41D23C0E74FF40003BDE7274BCD
:1043C000BBE74FF08063B8E74FF0EB73B5E74FF40E
:1043D0006B03B2E74FF07063AFE74FF08053ACE789
:1043E00000200E22C0E74FF48070FAE76FF008005B
:1043F0004CE76FF00A0049E76FF0090046E76FF0FD
:104400000B0043E71148162A4FF0FF3315BF014652
:1044100000F1640141F8643F836601F0A6FB10F1EE
:10442000100F04D0C01731E76FF003002EE76FF0D4
:1044300001002BE794AF00200050270000C075005A
:1044400090D0030000903A0140420F0004AF0020DA
:1044500068AF002000F03A0000B0130000A04E004A
:1044600073B506461B480C4601F0BBFB194D18B945
:104470004FF0FF3002B070BD22463146284601F0B1
:104480008EFC10F1100F02D16FF00100F2E700284E
:10449000EEDB0321284600F029FB10F1100FF3D0CA
:1044A0000028E5DB00230193284601A901F023FD44
:1044B00010F1100FF8D07830DAD0019B9C42D7D899
:1044C00001220448114601F014FD0028D0DB002031
:1044D0002C66CFE704AF0020F0B51B4E054691B027
:1044E00030460C4601F07DFB18B94FF0FF3011B09B
:1044F000F0BD05F06043B3F1005F20D100232246F8
:104500002946304601F073FB10F1100F19D0002836
:10451000EBDBF46511E0A71B402F28BF4027A9194A
:104520003A4668460AF0FBFD39466846FFF7D4FF75
:104530000028DCD14036B442EDD80020D7E7002671
:10454000F9E76FF00100D2E704AF002010B50A4C84
:1045500004F16400D4E9151201F0AAF90146002221
:10456000204600F0DFF90028AABF00206FF001000C
:10457000C4E9170010BD00BF04AF00207FB50025BF
:104580000C46C0F810511646D0F81021D0F8002281
:1045900022F02002C0F80022104AC0F8082301F0DF
:1045A000D8F9A560256104F14C03D3E8EF1F21F48D
:1045B0007F0121F47041C3E8E21F002AF5D11022E7
:1045C000294668460AF0D0FD042368468DF800307D
:1045D0000196D4E90013984704B070BD200218007A
:1045E000044B054A1B68B3FBF2F35843034B43F0FB
:1045F0000103184700AF002040420F00307F000049
:104600007F2800F01F034FEA50110BD8084A52F8D8
:10461000212002EB8303D3F88010064A0A40C3F836
:10462000802070470022203352F82330FFDE00BF85
:10463000187F0000F0F0FCFF7F284FEA501208D8E6
:10464000054B00F01F0053F82220012383405360E4
:10465000704700235B60FFDE187F00007F2800F0BA
:104660001F034FEA50110DD8094A52F8212002EBDE
:104670008302D2F88010074B0B4043F00303C2F8CB
:10468000803070470022203352F82330FFDE00BF15
:10469000187F0000F0F0FCFF91F839302DE9F74F5A
:1046A00005460C460E682BBB076D47F0007303658B
:1046B000701C05D03046FFF7BFFF3046FFF7CEFF36
:1046C0006068411C01D0FFF79BFF94F82C30012B50
:1046D00010D1E06847F02067421C2F6501D0FFF73A
:1046E0008FFFA1684B1C05D00846FFF7A5FF0846C1
:1046F000FFF7B4FF94F838E0BEF1000F03D12B6D43
:1047000043F080732B65D4E90183278EB4F832A07F
:104710000093E36894F82D9094F82E10A08E94F8EE
:104720002CC0E28EDFF8A0B0019347EA0A072B689D
:104730003843A56A41EA09015B4542EA00024CEAB6
:10474000010108BFED080A43C3F82455C3F86C25DE
:10475000BEF1000F0DD1BCF1010F08BF009AC3F8E4
:104760000466C3F80C8602BFC3F81026019AC3F88A
:104770000826002194F83B20C3F84C11D3F84C01D3
:10478000C3F86811D3F86801C3F81411D3F8140101
:10479000C3F82411D3F82401C3F830110B48D3F81F
:1047A00030115201C3F30F31C3F30833D2B2C4182E
:1047B00084F80023012201F01F015B098A4040F8C0
:1047C000232003B0BDE8F08F00D0045000E100E0EA
:1047D0007F2800F01F034FEA50110DD8094A52F804
:1047E000212002EB8302D2F88010074B0B4043F0EC
:1047F0000203C2F8803070470022203352F8233081
:10480000FFDE00BF187F0000F0F0FCFFF8B50546A2
:104810002B6D046803F48223B3F5805FD4F80002A3
:1048200005D009B100232B626FF07600F8BDD4F8F3
:104830000463C4F8086309B9830647D4D4F8003286
:1048400023F02003C4F800324FF4A11305F1500700
:10485000D7E8EF1F1943C7E8E01F0028F8D112B9C5
:10486000AB68002B59D12E4BC4F808330123E36207
:10487000D4F82431002BFBD00023C4F85031D4F8F5
:104880005021C4F84C31D4F84C21C4F82431D4F868
:1048900024212A6D12F400421BD12A62204601F025
:1048A00058F80023EB606B61D7E8EF3F23F47F03F8
:1048B00023F47043C7E8E23F002AF5D126F4C0167E
:1048C00026F408760020C4F80463AFE74FF4803381
:1048D000BCE7C4F85031D4F85021EA69C4F8042781
:1048E0000522C4F80827C4F84C31D4F84C31012310
:1048F000E361D4F84C31002BFBD00022C4F84C21EA
:10490000D4F84C31D4F850310BB1D4F80C372B62B9
:10491000C4F85021D4F85031C0E70123E362D1E755
:10492000200218002DE9F34104460F4694F84C107C
:1049300090460430002966D150220AF015FC3B69EC
:1049400063607B69E363BB6903B1013B23643B6A3A
:104950002568042B81BFFB69E36100232362D5F83E
:10496000003243F48023C5F80032012384F84C3030
:10497000D5F85021C4F80880EAB939462046FFF737
:104980008BFE0822002325688DF80730C5F8002526
:104990000DF10702C5F83C27C5F8403701230A2668
:1049A0002B656B65D5F8303183BB0120FFF718FE0E
:1049B000013EF7D120E008226426C5F80025EB620D
:1049C000D5F82431EBB9D5F81431D3B90A20FFF763
:1049D00007FE013EF4D10023C5F85031D5F850212F
:1049E000C5F84C31D5F84C21C5F82431D5F824212F
:1049F000C5F80035002EC0D16FF08B0002B0BDE8C5
:104A0000F0810126E7E76FF07700F7E70020C5F8AF
:104A100068018045D5F86831044B08BF0346226819
:104A2000C5F80005C2F80433E8E700BF200218000B
:104A30002DE9F041012503682A4A2B4EC3F80823CB
:104A4000C3F30431C3F3434205FA01F120320446B3
:104A500046F82210BFF34F8FBFF36F8FD3F80022B9
:104A6000294622F48022C3F800222A46FFF7CEFE10
:104A70002946204601F04EF9256D2368E901D3F857
:104A80000406D3F80C86D3F81066D3F8087609D557
:104A90004FF0FF32C3F80426C3F80C26C3F81026E3
:104AA000C3F80826AA0115D5431C01D0FFF790FED4
:104AB000B8F1FF3F02D04046FFF78AFE290109D531
:104AC0007A1C02D03846FFF783FE731C02D03046B2
:104AD000FFF77EFE002384F84C302365A360BDE819
:104AE000F08100BF2012180400E100E0F8B506468E
:104AF000044656F8505B071DD6E8EF3F43F480525A
:104B0000C6E8E02F0028F7D1DA0468D44B0702D5B5
:104B1000E369002B66D0354BC5F808330823C5F888
:104B200000350023C5F84C31D5F84C21C5F850317B
:104B3000D5F85021C5F824310A03D5F824318B0368
:104B400003F4804302F400524903134301F400418B
:104B50000B43D6E8EF2F1A43C6E8E12F0029F8D11E
:104B6000E368C3B9A3687BB9236DD80435D5D6E80B
:104B7000EF3F23F47F0323F47043C6E8E23F002AAB
:104B8000F5D16FF00B00F8BD0321384600F0BCFEF4
:104B9000E368002BE8D0D5F80433D90610D5A36814
:104BA00073B1236D1A030BD5D6E8EF3F23F400232E
:104BB000C6E8E23F002AF7D10621384600F0A4FEFD
:104BC000236DDB0409D5D5F850310BB90123AB6255
:104BD000A36813B1054BC5F804330020D3E76FF089
:104BE0000F00D0E74FF0FF30CDE700BF20021800E4
:104BF00072B6024A13680133136070471CB6002076
:104C0000034A1368013B136003B962B6704700BFE3
:104C10001CB6002000487047647F00001FB50D4A95
:104C200001AB10685168128903C300211A80012367
:104C300001A88DF804308DF80810ADF8061000F0CA
:104C4000BBF818B110F1780F08BF002005B05DF86F
:104C500004FB00BF7C7F0000F8B58507144618D11F
:104C60000D4DA84215D82D1AB5EB820F11D30B4E5E
:104C7000D6F80075D6F8005507F00107C6F800759C
:104C800000F072F8204605F47C553D43C6F8005507
:104C9000F8BD6FF00400FBE700D01F0000E00450F7
:104CA00038B50346094D0846AB4214460AD8ED1AFA
:104CB000B5EB840F4FEA820204D319460AF02FFAAB
:104CC000204638BD6FF00400FBE700BF00D01F0096
:104CD00070B50478437841880679C288057A44EA39
:104CE0000324184B41EAC67142EA0542C3F8004565
:104CF000C3F80C15C3F81025D3F80424D207FBD54C
:104D0000114A1268E2B10021427AC3F80C11D3F8BB
:104D10000C01C3F80411D3F80401C3F80811D3F847
:104D20000801C3F80011D3F8001152010749D2B2AB
:104D300081F84E234FF480428A600F22C3F8042387
:104D4000002070BD00E0045054C2002000E100E0EB
:104D5000044B40EA0120C3F80005D3F80024D20731
:104D6000FBD5704700E004502DE9F04104460D46A4
:104D70001646DFF840800120D8F80075D8F80015F5
:104D800007F00107C1F30521FFF7E2FF04EB8606F8
:104D90002B1FA64204D13846BDE8F041FFF7D8BF2B
:104DA00053F8042FD8F80404C007FBD544F8042BAB
:104DB000EFE700BF00E0045010B5064C237933B98B
:104DC0002160FFF785FF08B90123237110BD6FF043
:104DD0007700FBE754C20020003A18BF01220039D7
:104DE00018BF012103688900074841EA420118639E
:104DF00059605A6842F001025A60BFF34F8FBFF307
:104E00006F8F0020704700BF04AAFF000123084AEB
:104E1000C2F8043302F58022C2F8043302F580227E
:104E2000C2F8043302F58022C2F80433704700BF91
:104E3000000004500D4BD3F8000103F58023D3F894
:104E4000003183B9003818BF01208000084BD3F827
:104E50000031002B074B18BF0420D3F80031002B82
:104E600018BF042070470420F0E700BF0000045082
:104E700000000C50000010500122024BC3F8042324
:104E8000704700BF00100450034BD3F800010038F6
:104E900018BF0120C0007047001004500022034BCF
:104EA000C3F80021D3F80031704700BF0010045050
:104EB00000230A4AC2F80031D2F80021084AC2F899
:104EC0000031D2F80021074AC2F80031D2F800219F
:104ED000054AC2F80031D2F8003170470000045092
:104EE0000000085000000C50000010500022104636
:104EF00030B50749074C51F8043BD3F800511DB1B8
:104F0000D3F80404234018430132042AF3D130BDFE
:104F1000887F00000000FFFF10B5FFF78BFF0D4CEE
:104F20004207206002D5FFF7E1FF6060FFF7ACFFAA
:104F3000236818430307206006D5074BD3F80024E5
:104F40006260D3F80434A3601621BDE81040034822
:104F500000F098BC5CC2002000100450987F000054
:104F60000C2201490AF0DBB85CC2002038B50446C7
:104F700000B30B291ED9114D2868431C02D143F6FA
:104F8000DA3038BD78B108220D4920460AF0C7F85A
:104F900004220A4904F108000AF0C1F82B68002035
:104FA00001332B60EDE70822054905F047FD002895
:104FB000E9D0E4E74CF2DA20E3E700BF68C2002062
:104FC0007AC200202DE9F04F17461C22ADF2044DA5
:104FD000044689460DEB020000211D46DDF82864D9
:104FE0009DF834840AF0C0F84FF46A72002116A8C4
:104FF0000AF0BAF810230693002C78D0236813B96E
:105000006268002A73D1A26812B9E268002A6ED1E0
:10501000226912B96269002A69D1DDF82C24002ABC
:1050200065D0DDF830240F2A61D9B8F1000F01D026
:10503000BE425CD34FF0200B0DF1380ACDF808B01A
:10504000CDF804A06268022000920022114609F007
:105050005BFE00284ED14FF44072284B07A9CDE9E2
:105060000923274A009307925B46524616A8B8F1D7
:10507000000F2ED007F090FC38BBD4E9041216A81C
:1050800007F0C2FC08BBD4E9021216A807F0E8FC3E
:10509000D8B905AC2B463A464946CDE9006416A876
:1050A00007F0FEFC88B92268A918B21AB8F1000FFF
:1050B00012D006AB0293DDF8303416A80193DDF868
:1050C0002C340093234607F011FD0DF2044DBDE88A
:1050D000F08F07F07DFCCFE7DDF8303416A80193A0
:1050E000DDF82C340093234607F02CFDEDE74CF25D
:1050F000DA20EAE743F6DA30E7E700BF00051005FB
:1051000004200001F8B502F051FD044680BB09F00F
:105110005BFE50B93221194800F0B4FB09F09EFE45
:1051200040BB0A21164800F0ADFB164A2721D36880
:10513000154823F008031B041B0C43F0BF6343F422
:105140000033D36000F09EFB00220C210F4801F0D9
:10515000F7F8002501260E4F06FA05F39B0704D049
:105160002A460621384601F0EBF80135202DF3D10F
:105170002046F8BD45F22354FAE700BFAE7F000099
:10518000E07F000000ED00E0EA7F000011800000F9
:105190001D800000024B1860024B00201960704710
:1051A00070C200206CC200201FB5274C42692368E2
:1051B0005A6282699A62C269DA62026A1A63426A50
:1051C0005A63826A9A63C26ADA63026B1A64426B38
:1051D0005A60826B9A60C26BDA60026C1A61426C30
:1051E0005A61826C9A61C26CDA61026D1A62826DD8
:1051F0005A65C26D9A65026FDA65026E1A66826E32
:105200005A66426F9A66EFF388825A64EFF3898296
:105210009A644268DA64EFF394821A65026801A81E
:105220001A67FFF79DFE2368019ADA6601221A7059
:10523000064B1C686408640020462146224623462B
:105240000EF092FA04B010BD70C200206CC20020B3
:1052500000B5A1B001A8FEF721FF029B63B15B0678
:105260000AD4019B23F00203052B05D1044B1B68D4
:1052700013B101A8FFF798FF21B05DF804FB00BF50
:105280006CC20020BFF34F8F0549064BCA6802F479
:10529000E0621343CB60BFF34F8F00BFFDE700BF59
:1052A00000ED00E00400FA05254B264A4FF47A6130
:1052B0001A600122244B2548C3F80424D0F8243670
:1052C000C3F30802C3F309434B4382F480722049BD
:1052D000883201FB02334FF4FA215B00B3FBF1F299
:1052E00001FB12331B49B3F57A3F28BF0132C1F8E5
:1052F0000429D0F820364FF47A60C3F30802C3F3D0
:105300000943434342F21C5082F4807202F2172296
:1053100000FB02334FF47A701B0AB3FBF0F200FB80
:1053200012330020B3F5FA7F4FF0010328BF01329A
:10533000C1F81C27C1F80009C1F80036704700BF4A
:1053400000AF00200020A107002008E000C0FF00FF
:10535000F82A008000001250F8B5C0F30B0686B999
:1053600020F47F650A4F25F00F054418AC4201D8A0
:105370003046F8BD2846FB69984728B905F58055A1
:10538000F4E74AF2C536F3E743F65C26F0E700BFE0
:10539000387F00002DE9F74FDFF864A08346DAF884
:1053A00004300F46154698470024164BC0F34100C1
:1053B00013F82090DFF8508004F18003AB4294BFD3
:1053C00080262E1BB6FBF9F24146DAF8143004EBC6
:1053D0000B000192984700280EDB4146DAF818309E
:1053E000019AE0199847002806DB3444A542E3D827
:1053F000002003B0BDE8F08F43F65C20F9E700BF62
:10540000387F00002480000082C200202DE9F3478D
:105410001B4D81466B680F4614469847194BC0F3E5
:10542000410013F820A0B9FBFAF60AFB16961EBB42
:105430006CB1D5F81480B4FBFAF509F588292A4631
:1054400039464846C047002805DA43F65C26304610
:1054500002B0BDE8F0870AFB05F5641BF7D0012216
:1054600001A909EB0500C0470028EEDB224601A98F
:10547000781909F054FEEAE74AF2C536E7E700BFBB
:10548000387F0000248000002DE9F04F861806F6D2
:10549000FF7525F47F6525F00F0585B0B5F5805FB4
:1054A0000446019104D943F65C2005B0BDE8F08FB5
:1054B000DFF86C81D8F8043098470422594BC0F3C8
:1054C000410053F82070D8F8143057480093FBB2CD
:1054D000B2FBF3F203A9009B9847039A531C0232D4
:1054E00008BF01230393002D34D024F47F6B2BF0ED
:1054F0000F0BA5EB0B010BF58820FFF72DFF002804
:10550000D3D1B5F5BE7FAA4628BF4FF4BE7ADA459F
:1055100029D8B5F5BE7F5ED3FBB20427B7FBF3F7FE
:10552000424D3A4629464048009B9847B6F5BE7F13
:105530005CD8042203A93D4809F0F1FD384B3A46F6
:105540003A493B489B69984708B18742ABD100F084
:105550007DFEAAE74FF480514FF48820FFF7FCFE50
:105560000028C2D0A1E70BF180039A452CBF4FF071
:105570008009AAEB0B095FFA87F8B9FBF8F82B4909
:105580004246009B0BF58A2098475E4516D909EBE9
:105590000B039C4212D2A3455A4638BF2246111B28
:1055A000A2EB0B009E4294BFC2EB0602C2EB0302C9
:1055B000019B19441D4B184409F0B1FD184B42469C
:1055C0009B691A490BF58820984710B180457FF4F4
:1055D0006AAFCB449BE74FF4BE724FF488214FF47F
:1055E0008A20FFF7D7FE002896D05EE7B4F5C07F8B
:1055F0009FD2B4F5BE7F224638BF4FF4BE72019BE6
:10560000111BA2F5BE700B44B6F5C07F94BFC2EB70
:105610000602C2F5C0721946284409F080FD88E7E9
:10562000387F0000248000007C51040082C20020EA
:105630007C4104002DE9F041504F86B00020BB684A
:105640009847002870D104226946FFF7DFFE044620
:10565000002840D104224FF4BE700DEB0201FFF789
:10566000D5FE0446002836D1454D009BAB4203D100
:10567000019B013B033366D97B689847414BC0F3DC
:10568000410053F8206004224FF4805004A9FFF732
:10569000BDFE0446F8B9042241F27C1005A9FFF7CB
:1056A000B5FE0446B8B9049B4FF48051AB424FF4A9
:1056B000882014D1059B013B033310D8FFF74CFE23
:1056C000044640B94FF480524FF488214FF48A20A9
:1056D000FFF760FE0446204606B0BDE8F081FFF704
:1056E0003BFE04460028F6D101468022264809F0F8
:1056F0003BFDF3B28026B6FBF3F6DFF88C8004F5B1
:10570000882032464146BB6980349847B4F5805FB3
:10571000F5D300F09BFD04460028DCD1042202A949
:105720000295FFF7B1FE10B143F65C24D3E70123E5
:1057300004224FF4BE7003A90393FFF7A5FE0446AD
:105740000028C8D0F0E7042241F27C1005A9FFF739
:105750005DFE04460028BED1059B5A1E033206D8C2
:10576000019A934203D30233B5D1012AB3D100F099
:105770006DFD002818BF0446ADE700BF387F00006C
:105780001281DEC02480000082C200201E2811D8B1
:1057900001230A4A8340134208D113F0980F07D11E
:1057A0001D2807D1402300200B6070472023FAE713
:1057B0000423F8E74CF25A30704700BF650F0040F1
:1057C00038B543680C2B01D0022038BD4B68042B40
:1057D000FAD14FF0FF3304680D6821682B6000296F
:1057E000F2D0A268002AEFD00623012002F010F8C0
:1057F0000028E9D161680B4B99420AD9A2680533A8
:105800008818984208D8206809F089FC0020286090
:10581000DBE7054B9942D7D9A268044B8818984218
:10582000D2D8F0E7030508E0FFD4FF0000DAFF005C
:10583000436810B50C2B14D14B68042B11D10A68A6
:1058400001210368116018680C49884209D10221BE
:1058500011609968032904D15B6813F0020002D03B
:105860001160022009E00649D1F81845634003F0B1
:1058700003036340C1F81835106010BD18E50450EB
:1058800000E00450FEF79EBC012070476FF003005B
:105890007047002070476FF003007047002070478A
:1058A000022814BF6FF0030000207047FEF714BEFB
:1058B00070B540F2FF1501EB8202914200D170BD3C
:1058C00051F8044BC4F30803240EAB4208BF4FF059
:1058D000FF33032CF1D8DFE804F00204060803606C
:1058E000EBE74360E9E78360E7E7C360E5E703468A
:1058F000D0F8300130B931B9D3F86801003818BF99
:10590000012070470120704730B504460D4685B030
:1059100010220021684609F027FCD4E900136846EC
:105920008DF80050984705B030BD7FB504460E464F
:10593000154600211022684609F016FC012368462E
:105940008DF80030CDE90165D4E90013984704B023
:1059500070BD10B50446FFF74BF9D4F8303133B1C0
:10596000D4F8043313F4805308BFC4F80035BDE8FD
:105970001040FFF745B9D0F8303133B1CB6CC3F3E9
:105980000032DB0458BFC0F8002570472DE9F74FFF
:10599000866804460D463EB113F0020604D0C36B80
:1059A000002B00F095800126276D17F0100740F0BE
:1059B0008F804FF00109AB180193019BAB4200F0BF
:1059C000898005F060439B46E26BD4F8008082B981
:1059D000BBF1005F40F087809246FFF709F9216D27
:1059E000404601F00101FFF782FF28B9FFF708F9EF
:1059F000EAE74FF0010AF0E7A26CAB46002ABCBF11
:105A0000D8F84427A264BAF1000F07D0D4E90F12E6
:105A100028788854D4E90F2102EB010BBBF1000F69
:105A200003D0C8F83CB7C8F840970023C8F86831DD
:105A3000D8F86811C8F83031D8F83011C8F86C318E
:105A4000D8F86C110821C8F80015BEB14FF4805287
:105A5000C8F80423C8F85090FFF7D2F8A368002BC9
:105A60003FD1236D1B073CD55034D4E8EF3F23F0E2
:105A70000803C4E8E23F002A2AD0F6E7C8F85090AD
:105A8000FFF7BEF8216D01F001014046FFF72FFF3F
:105A90000246D8F84407D8F83C375AB99B45F4D0A9
:105AA00004F1040AD1B1FFF7A3F851464046FFF7CD
:105AB00062FFD1E79B4504F1040AF3D10028F1D13C
:105AC000FFF796F851464046FFF755FFFFF798F865
:105AD0004FF0FF37384603B0BDE8F08FC8F8549058
:105AE000E1E7013569E76FF01507F3E770B5CE6CB4
:105AF0000D4606F001010446FFF7F9FE38B94FF4F0
:105B0000805346F00406EE64C4F8043370BDD5E952
:105B10000A365AB1296CEA6B761A964228BF1646A5
:105B200019443246A86B09F0FAFAAB6B4FF0FF321A
:105B30006A641BB1C4F83C37C4F840670023C4F85A
:105B40006831D4F86821C4F83031D4F83021C4F871
:105B50006C31D4F86C310823C4F800354FF480530D
:105B6000C4F8043301232365D0E737B590F84C30EF
:105B700004463BB3036B4BBB0268C2F80035836835
:105B80000BB10B6943602046FEF786FD0822002317
:105B900024688DF80730C4F800250DF10702C4F819
:105BA0003C27C4F8403701230A2523656365D4F8F0
:105BB000303173B90120FEF713FD013DF7D16FF0CD
:105BC0008B0001E06FF0760003B030BD6FF00F0086
:105BD000FAE70020C4F86801D4F86831C4F8000579
:105BE000F2E790F84C00003818BF012070472DE90B
:105BF000F04704460D4699461646D0F80080002A24
:105C000068D087685FB953B9076B002F65D102630D
:105C1000FFF7BCFE054627632846BDE8F08719F06C
:105C2000030F07D04B46324629462046BDE8F047D1
:105C3000FFF7ACBE05F06043B3F1005F07D0E36B44
:105C400013B119F0040F14D06FF00C05E4E7236DC5
:105C5000DB0702D519F0040F42D1FEF7C9FF226B12
:105C60009AB9C4E90B564046211DFFF73FFF0025B6
:105C700027E0FEF7BDFF236B3BB9236D012243F004
:105C80000203C4E90B562365EDE7A36BE3B919F0F2
:105C9000040F19D0E36A03F06043B3F1005F16D13B
:105CA0000A27236DC4E90D5643F010032365D8F885
:105CB0006C31C3B90120FEF793FC013FF7D16FF0BF
:105CC0008B05FEF79DFFA7E76FF00F05F9E74FF093
:105CD000FF35F6E76FF006059EE76FF00F059BE7CF
:105CE0004FF0FF3598E74FF080622368C3F8042334
:105CF000D8F8003223F48023C8F800320023C8F813
:105D00006C31D8F86C31002DB1D0C8F83C57C8F8C8
:105D10004067ACE7F8B50468036BD4F80463054644
:105D2000C4F8086323B96FF07600C4F80463F8BDC3
:105D300000F15003D3E8EF0F40F00800C3E8E20F92
:105D4000002AF7D10123636501B3296D01EA030736
:105D500039462046FFF7CBFD0028FAD0FEF748FF72
:105D6000C7B9D4F868314BB101236365D4F8303139
:105D7000002BFBD02046291DFFF7FDFDFEF740FF5D
:105D80000023C4F86831D4F868212B630020C4F8DC
:105D90000463CCE7D4F83031002BEBD1EEE72DE9EA
:105DA000F84F0568036DD5F804A313F48028044662
:105DB0000F461646C5F808A340F0928001F06042F5
:105DC000B2F1005F40F08F80C26852B18268002A51
:105DD00075D1D5F84C21002A71D0C5F84C81D5F881
:105DE0004C31226AC4E90376002A47D09642E16921
:105DF00033D84FF0000932463846C4E9039909F018
:105E00008EF9226AE069921B2262811909F051F928
:105E1000A368BBB1236D04F1040B990417D550346A
:105E2000D4E8EF3F43F48023C4E8E23F002AF7D1EF
:105E3000324639465846FFF778FD4A4659462846C5
:105E4000FEF79CFB4046C5F804A3BDE8F88F324638
:105E500039465846FFF769FDF4E7384609F05FF91F
:105E6000236AA3620023236204F15003D3E8EF1FE7
:105E700041F40021C3E8E21F002AF7D1A16A236997
:105E8000E2685B1A0A44C5F80427C5F80837236D91
:105E9000DA04D7D55034D4E8EF3F23F48023C4E8A4
:105EA000E23F002AF7D10123AB62D5F82431002B61
:105EB000C8D00023C5F82431D5F82431C2E762697F
:105EC000A2B95B04C4E90576C5F80477C5F808678C
:105ED000B8D5D5F8003243F02003C5F80032B1E759
:105EE0006FF07608AEE76FF00C08ABE76FF00F08C5
:105EF000A8E7FEF78BBC8368A3B90368D3F8002535
:105F0000082A06D011B1D3F80C370B606FF0770078
:105F10007047D3F84C2142B111B1D3F80C370B6064
:105F2000002070474FF0FF3070476FF00F00704750
:105F30000420704700207047002070474B6830B540
:105F400013F01F052DD102680C681068C0F30720FC
:105F5000844226D25068556094600C7C23F01F0365
:105F600004F001041C438B7CDB0003F018031C438A
:105F70004B7C5B0003F006032343D3608B68013B3B
:105F800023F01F04CB685B0003F00E03234343F0B0
:105F9000010313615060BFF34F8FBFF36F8F28462B
:105FA00030BD0120FCE7036800205A68C9B2586080
:105FB0009960D86018615A60704770B50546002432
:105FC00003681E68C6F30726B44201D1002070BDE5
:105FD00021462846FFF7E7FF0134F5E700F47C038C
:105FE00043F0A0431A0BC2EB1030C0B203EB8003A6
:105FF000D3F8002542F01002C3F80025D3F800259D
:1060000042F02002C3F8002529B1D3F8002542F45C
:106010008072C3F8002570471FB501240394089CC3
:106020000294079C0194069C0094FEF7CBFF43F674
:10603000DA33002818BF184604B010BD1FB500247D
:106040000394069CCDE90134089B0093079BFEF75F
:10605000B9FF43F6DA33002818BF184604B010BD64
:1060600008B5FFF7F5F872B620BFFDE7034610B19B
:106070000020187070474AF2C53070470020704702
:1060800070470346012B084670B5114607D0042B14
:1060900009D0002B31D1BDE87040FFF791BBBDE8BE
:1060A0007040FFF7C5BB4368082B01D0022070BDCC
:1060B0005468042CFAD14FF0FF330568166829683C
:1060C00033600029F2D06B68002BEFD026237422B6
:1060D000012001F09DFB0028E8D122462323012066
:1060E000696801F095FB04460028DFD1D5E900017D
:1060F000FFF750F830602046D9E70320D7E748B1D2
:106100004FF48C224FF48043C0E900230123037233
:10611000002070474CF2DA20704748B14FF48022DB
:106120004FF48043C0E9002301230372002070472D
:106130004CF2DA20704737B504225C3084000D46FB
:1061400020460DEB0201FFF761F958B9019B5A1C7B
:106150000AD0AB420BD8042220460DEB0201019578
:10616000FFF792F903B030BD45F2A350FAE74AF2C7
:10617000C530F7E7FFF75EBA0B46042B114611D185
:10618000012807D0022809D078B91A464FF4B87010
:10619000FFF73CB91A464FF4BA70F9E71A464FF4C4
:1061A000BC70F5E743F65C2070474CF25A307047FC
:1061B000012837B504460D4602D0022800D080B928
:1061C000FFF7B9FF58B90421204601AAFFF7D4FF11
:1061D00028B943F65C23019AAA4218BF184603B0B7
:1061E00030BD4CF25A30FAE713B5042101AA044637
:1061F000FFF7C2FF30B901994B1C05D02046013191
:10620000FFF7D6FF02B010BD45F2A350FAE702290E
:1062100005D90839022909D94CF25A307047B0F52E
:10622000807F4CF25A3008BF0020704700284CF2A3
:106230005A30B8BF00207047022804D819B108307E
:106240000860002070474AF2C530704708B54FF427
:1062500080514FF48A20FFF77FF848B9BDE8084025
:106260004FF480524FF48A214FF48820FFF792B800
:1062700008BDFFF7DFB973B50C4601A916461D46E8
:10628000FFF784FA58B9019B32469E4228BF1A464E
:106290002946204602B0BDE87040FFF7B7B802B00B
:1062A00070BD13461E2848D8DFE800F010471519C6
:1062B0001D2125292D31353947474747474747474E
:1062C0004747474747474747473D42000A46002060
:1062D0000421FFF7D0BF0A4602202421F9E70A462D
:1062E00003204421F5E70A4604204821F1E70A4645
:1062F00005204C21EDE70A4606206C21E9E70A4615
:1063000007208C21E5E70A4608209021E1E70A46AC
:106310000920B021DDE70A460A20D021D9E70A4644
:106320000B20F021D5E70A461D204FF48871D0E7F5
:106330000A461E204FF4A871CBE74CF25A30704742
:1063400030B50C46154685B038B139B1FFF79AFA29
:10635000041E03DA204605B030BD044640F60D2386
:10636000ADF80E3009230B4901A805F00F028A5C35
:106370002D091A54013B012BF7D147F630030C21AC
:10638000ADF80430FFF77EFA0028B4BF04462418A5
:10639000E0E700BF3080000007B51A4B83F30A889E
:1063A000194801F064FA48B101F0CEF900F066F83E
:1063B00000DF7047002003B05DF804FBFEF7A2FE8B
:1063C0000028F1D123211148FFF75CFAFFF751FFB4
:1063D0000028E9D10DF10700FFF748FE0028E3D1BE
:1063E0009DF807301BB1FFF749FE0028DCD1FFF70D
:1063F00047FE01F0FEF935210548FFF743FA00F0AA
:106400004BFBD3E76004002020B600204080000052
:1064100063800000EFF308807146EFF30982EFF329
:106420000B830CB406B400F049FE8646009900F0D8
:10643000080001F00801401A02DC12DB04B07047CA
:106440001EF020031CBF2DE9F00FBDF1080D0A4C12
:10645000254626462746A046A146A246A34630B476
:10646000704704B030BC1EF020031CBF1DF1080DA6
:10647000BDE8F00F04B07047A5EDF5FE084BDA68F3
:1064800082F07F4282F47F0242F48042DA6000228E
:106490001A765A76DA76DA77602283F82220704705
:1064A00000ED00E0009A0A4B9A420FD1012290437E
:1064B0000146024603460446054606460746804610
:1064C000814682468346844686460447FEE70000AE
:1064D000A5EDF5FE2DE9F041044618B943F6DA3092
:1064E000BDE8F0810029F9D08368002513F4406FDE
:1064F00014BF012300234FF0180843F002030F4E8E
:106500000B6000F13807236AAB4201D80020E7E7AF
:10651000A369E26907EB830308FB02330C226A4399
:1065200099188968090707D59B58B342D6D13068B6
:1065300010B10121FFF752FD0135E4E7A8AF0020BB
:10654000F0B53B4C87B03B48FFF737FD236801258A
:106550005A1C0193384B2260DA681B694FF440766D
:1065600003930023334801A902920495ADF8146007
:106570008DF81630FFF7E2FC18B143F6DA3007B0B9
:10658000F0BD23688DF816005A1C01932B4B294847
:1065900002932B4B01A9CDE903352260ADF81460BD
:1065A000FFF7CCFC0028E8D123688DF816005A1CB0
:1065B0000193244B1F480293234B01A9CDE90335D6
:1065C0002260ADF81460FFF7B9FC0028D5D102278E
:1065D00040F2011623688DF816005A1C01931B4BDC
:1065E000144802931A4B01A9226003930497ADF853
:1065F0001460FFF7A3FC0028BFD123688DF81600B4
:106600005A1C0193134B0B480293134B01A92260B0
:10661000CDE90337ADF81460FFF790FC044600287D
:10662000ABD12A4629460348FEF7D6FB2046A6E70B
:1066300028B60020A4AF0020988000004081000010
:10664000C040010040300000C03D0000800C002030
:10665000801D0020600C0020800C002008B5FEF793
:106660005BFCFEF725FC0C4B5B6899B2C3F3080397
:10667000103B002B9AB20BDB5309A1F11002012150
:1066800002F01F0201FA02F20449603341F82320AC
:10669000BDE8084001F058B800ED00E000E100E07E
:1066A000EFF30880EFF309812DE9F00F6B46724696
:1066B000FDF7FAFC08B0FEF72FFCFEF7EFFB022215
:1066C000024BC3F8882101F03FF8FEE700E100E04B
:1066D000194A10B5D2F8003153B3D2F80034D2F8C9
:1066E0000404164A164CD2F8F010A34202F50072C8
:1066F000D2F8B82001F0010118D9124C03F160431F
:10670000A3428CBF0023012391B102F03002302A52
:106710000ED1C2040CD510F4C04F09D143B9FEF715
:10672000BDFB0222084BC3F8882110BD0123EBE713
:10673000BDE81040FFF7B4BF0010045000ED00E0CA
:10674000FFCF1F003FFE070000E100E00020034BE9
:10675000D8765A6A42F470225A62704700ED00E01F
:106760000349044BCA68002092B21343CB607047C0
:1067700000ED00E00800FA0510B504461C220021D7
:1067800008F0F2FC034B23600123237108236361AB
:1067900010BD00BF00010100054B00F01F0003EB1E
:1067A0008003D3F8802022F0E042C3F880207047B5
:1067B00000820D50164BD3F8D02042F00102C3F8EE
:1067C000D0200022C3F8D820124A516821F01F01BE
:1067D000C3F8DC101049C3F8E0100221C3F8D81048
:1067E000D168126921F01F0122F01F0242F003025A
:1067F000C3F8DC10C3F8E0200322C3F8D820074A0E
:10680000C3F8DC206FF01E02C3F8E020704700BF21
:1068100000ED00E09880000001D0FF0000000120A2
:1068200030B5002589B001A8FFF7A6FF134B01A8DA
:106830005B6807950393124B0224049301F071F8EF
:10684000FFF79AFF0F4B01A8039303F5DF2303F52E
:10685000C86304930123079301F063F801A8FFF7CD
:106860008BFF234601A801348DF80650079301F0F1
:1068700058F8052CF2D1002009B030BD98800000F6
:1068800000D0FF000000012030B585B06C46002527
:10689000114B01211868FFF7A1FB01210F48FFF7F9
:1068A0009DFB01210E48FFF799FB01210D48FFF7E1
:1068B00095FB0D4B0FCB84E80F00012154F8040B1E
:1068C0000135FFF78BFB042DF7D10121074805B0F7
:1068D000BDE83040FFF782BBA8AF00200020055084
:1068E00000F00C5000300550C48000000000125031
:1068F0002DE9F0414FF45C6286B00021364808F083
:1069000033FC4FF45C620021344808F02DFC4FF456
:106910005C620021324808F027FC4FF45C620021E1
:10692000304808F021FCFFF7AFFF032300220124C9
:10693000CDE90132DFF8B0C0DFF8B0E001AD0DF114
:106940000C08002155F8047B560104FA01F33B4280
:1069500016D0CDE903CE58F82230701803F47C032A
:1069600043F0A04303EB8003D3F8000840F010008D
:10697000C3F80008D3F8000840F48070C3F800089A
:1069800001312029E1D10AB90122DAE72D20FFF7F0
:1069900003FF2E20FFF700FF154A164B10695169BF
:1069A000C3F8044403AB03C30021128B03A81A806D
:1069B0008DF80C408DF81010ADF80E10FEF7FCF9B4
:1069C00038B9FEF771FC08B143F65C2006B0BDE8AB
:1069D000F0817830F5D0F7E700000450000008504F
:1069E00000000C500000105000A0105000820D500C
:1069F000C4800000002008E008B54FF0FF300023FD
:106A0000104A03F1A0010133102B42F82100F8D104
:106A1000402000F0A0FF802000F09DFFC02000F08B
:106A20009AFF4FF4807000F096FF592000F093FF1A
:106A3000412000F090FF4FF4827000F08CFF0020A6
:106A400008BD00BF00E100E010B5FEF7DFF901244A
:106A500000210F4850F8043BC3F30432C3F343430F
:106A60009B0003F1604304FA02F203F56143C3F8AB
:106A700080211A6001310429ECD1FEF70FFAFEF7EC
:106A8000FBF90222034BC3F888219A60002010BD55
:106A9000B480000000E100E00122014B1A60704761
:106AA0002CB6002010B504460A4B22891B68616889
:106AB0005868062350F8140C00F0AAFE28B9064BBB
:106AC0001B68012B01D100F05DF86FF08603236095
:106AD00010BD00BFD0B600202CB6002030B5094C48
:106AE000024661680023084640B105686D6895421A
:106AF00005D11BB1826860609A60816030BD034639
:106B00008068F1E7B0B6002038B504462AB10B68BA
:106B10009B68DB0515D5002038BD0C4B1B685D68F4
:106B2000182D01D100F010FE002255F8183C99698B
:106B300034338A4203D053F8040FA04204D1914267
:106B4000E9D16FF0FC00E7E70132F2E7D0B60020B0
:106B500070B504460E461546002130220C3008F070
:106B600003FB074B20461B68A6605B686561183B0A
:106B7000636000F07DFB00232061236070BD00BFD7
:106B8000D0B60020054B1B685B68182B04D053F867
:106B9000180C10B14068704700207047D0B6002034
:106BA000084B10B51B685C68182C01D100F0CCFDB7
:106BB00054F8183C9B6813F4406F14BF0120002068
:106BC00010BD00BFD0B600202DE9F0410746904629
:106BD0000C4621B96FF080042046BDE8F0814B00DF
:106BE000F8D5144B01F01F0253F82250002DF1D0BC
:106BF0002B685E68FFF7D4FF294602463046FFF750
:106C000083FF88B9C4F30721284600F000FF04463B
:106C10000028DFD100F054FB064640B14246294629
:106C2000FFF796FF3E60D7E76FF08104D4E76FF07F
:106C30008204D1E730B600202DE9F04100F030FBAE
:106C40000023134E134F73607B6000F005FBDFF8E9
:106C50004880304600F022F80446A0B1394680232F
:106C6000424600F0ABF80546204600F006FF2068DB
:106C7000211DFFF72FFC08B100F066FD29462046D4
:106C800000F024F9E5E7BDE8F04100F079B900BF74
:106C9000BCB60020B0B6002030B60020F8B50546DE
:106CA00008B900F051FD404E346814F1310F78D826
:106CB0003E4B196804F130038B4272D2D4E906329C
:106CC00006200E3300FB0233226A02EB4202134419
:106CD000626AC2EBC20213449B00E31801D29942DC
:106CE00001D200F031FD2368314A1B0C1B04934292
:106CF00001D000F029FD2388B3F5817F01D300F096
:106D000023FD6368002B01DA00F01EFDD4E90A239D
:106D10009A4201DD00F018FDA36813F4406F22D100
:106D2000244A176807F140031360234A126893420C
:106D300001D900F009FDD4E9063206210E3301FB2A
:106D40000233226A3C6002EB42021344626AC2EBE5
:106D5000C2021344326802EB83026B683260FB6349
:106D60006F603846F8BDA26A002A04DAE36A002B95
:106D700001DA9A4201DD00F0E7FC6F68002FCFD006
:106D80003B689A6812F4406F09D0E16A9A6A9142AE
:106D900005DBA26ADB6A9A4201DC00F0D5FCFF6BDE
:106DA000ECE70027DDE700BFB8AF0020E880000077
:106DB00000005F5FB4AF0020E48000002DE9F04FD9
:106DC00085B0884691460746029300B109B900F0A4
:106DD000BBFCD7F800A0DAF818100AF1380303EB6F
:106DE00081030193DAF81C40234B1D6854B10C2138
:106DF00001FB04541C60214B1B689C4201D900F02C
:106E0000A3FC2C4600262546B346DAF81C305B4529
:106E100000D91CB9304605B0BDE8F08F1822019B9F
:106E200002FB0B310023AB604B69C5E900171E4321
:106E30008B689A0516D5B9F1000F02D0029A802A04
:106E400003D0039300F080FC039B13F0E00FD9B252
:106E500002D159F821301BB1039100F075FC039960
:106E600049F82150D8F804300BF1010BAB60C8F899
:106E700004500C35C9E700BFB0AF0020E08000002F
:106E800083680B4383600023C0E90D3303689A686D
:106E900092054CBFD8680148704700BF6DE70000FD
:106EA00070B50646044656F8183B1546D3E90A0164
:106EB00000F0C2F9044B1E602368DC6800F026FA7B
:106EC0002860204670BD00BFB8B600200368F7B543
:106ED0001A6B9D681B6904461344073223F00703AD
:106EE00022F00702C0E9082383610023C36180F810
:106EF0002930438500F11803C3621F4B80F82850E6
:106F0000C5F3C02553F8253001AA984725680146E6
:106F1000AA68A06912F4007214BF0C23EB69AE6971
:106F200004BF9B000C33073323F00703C31A134835
:106F3000A3615860E86818600020986052B918276B
:106F400005F1380000EB8600EE6903F10C05B24252
:106F50000AD19A6063616FF00102019B04F128007D
:106F600000F048F903B0F0BD07FB020CDCF810C0DC
:106F7000013245F804CBEAE7EC800000E83B010071
:106F800038B5094D094800F0F5F8284600F000FE34
:106F90002B6804465B6853E9060100F02BFC08B13E
:106FA00000F0D2FB204638BDD0B600207D7A00002C
:106FB00038B50E4B1B685C68183CEFF30583C3F3D0
:106FC00008030BB100F0C0FB094BA2691B689C6869
:106FD000A24202D9D9688A4205D91D6800F09CF9FD
:106FE0002846214638BD00242546F7E7D0B60020C4
:106FF000B8B600202DE9F047EFF3108A72B6DFF83B
:10700000B490D9F800305F68EFF3098310F0200FD7
:107010000CBF002228229B1A3B6000F0B1F8D9F87F
:10702000003006465D68B846183DA0F12804D0B18E
:10703000A54218D0EFF30982BB682833934201D9E7
:1070400000F082FB6168686800F026FC38B1616876
:1070500056F8280C00F0CEFB08B100F075FBD6F80E
:107060000480C9F8006063690BB900F06DFB124E33
:1070700063691835AF42336001D000F065FB04F15D
:107080001803984501D000F05FFBD9F80030283490
:10709000A34201D000F058FB58F8042C33689A4200
:1070A00001D000F051FB8AF3108838464146BDE814
:1070B000F08700BFD0B60020600C002001F00C0368
:1070C00070B50C2B0CBF144604464A060D4620D55D
:1070D0008B0658BF2834A36913F8026C85F00803A7
:1070E000C3F3C003C6F38012934201D000F02CFB1F
:1070F00016F0A00F32D1022E13D0032E0DD026BBD6
:10710000FFF79AFD05460146164800F06AFD28463D
:1071100070BD00F019FB2026E0E72046FFF7C2FC17
:10712000F5E7114BD4E900121B685868334650F854
:10713000140C00F06DFB28B9D4E90001FEF7A2FBA6
:107140002060E4E700F000FBE1E732461C2107483D
:10715000FFF7F6F86FF083032360D8E732461F216C
:107160000348F5E7580C0020D0B60020F48000005A
:1071700010810000014B1860704700BFC4B60020AA
:10718000104B73B51C6800230193EFF3108572B6A2
:107190000D4E6CB12046336801A99847C0B205284E
:1071A00060700AD10199606800F01FFD01236370CF
:1071B00085F31088204602B070BD0128F8D0A4687D
:1071C000E7E700BFC8B60020C4B60020C9B2012955
:1071D000064B417005D11A682AB1017812789142A4
:1071E00001D3034A10681860704700BFC8B600207A
:1071F000CCB60020F8B50F4E0446306815461A4646
:1072000018B1237807789F420BD3A0603460606880
:107210002B4600F0A9F82046BDE8F8400121FFF711
:10722000D5BF0646806810B107789F42F9D3A060A9
:10723000B460ECE7CCB60020014BC3E90001704715
:10724000D4B60020034BD3E900308342C8BF0020EE
:10725000704700BFD4B6002008B500F04BF8034BD0
:10726000986000F04DF880F3888808BD00ED02E0DA
:10727000054A1368013303F007031360034A01331F
:10728000801A03EBC0007047DCB60020E0B6002097
:1072900018B1024B013803EBD0007047E0B6002074
:1072A00008B58C22082340F2AC41044800F02FFDC1
:1072B00018B1BDE8084000F047BA08BDE0B60020AC
:1072C000014800F0D9B800BFE0B60020014608B57B
:1072D000044800F0E1F800280CBF6FF0FC0000202B
:1072E00008BD00BFE0B600200146014800F03DBDEA
:1072F000E0B60020014B1868704700BF988000007E
:10730000014B1B681868704798800000014B1B6890
:107310005868704798800000024801210160BFF35F
:107320004F8F704724B600200349086800220A6086
:10733000BFF34F8F7047000024B600200848026852
:10734000002A08D107484FF080510160BFF34F8FEA
:10735000BFF36F8F704702220260BFF34F8F7047F9
:1073600024B6002004ED00E02DE9F84305461E4652
:107370000068134B9046AA68A0F1080440E9023364
:10738000503890420F4601D200F0DEF9A4F14809CE
:1073900048220021484607F0E7FE002344E907336E
:1073A00044F8143C4FF0807344F8043C6FF002033F
:1073B00044E9036744F8208CC5E90093BDE8F883ED
:1073C000A5EDF5FE0D4B70B51B6804465D680E46D5
:1073D00055F8103C183D1BB1034201D100F0B4F93F
:1073E000002E08DA2146284600F074FB002808BF6A
:1073F0006FF0FD0070BD28692040FBE7D0B600208B
:1074000070B50E46044610B1431E034201D000F091
:107410009BF9184B30221B6831465D68062355F8EE
:10742000140C183D00F0F4F908B100F08DF92B6947
:107430000BB900F089F92B69234201D100F084F9DE
:10744000042C07D1284600F09BFA0346D0F88800A8
:10745000F36070BD2146284600F0B4FA38B100F15F
:107460000C013022304607F05AFE0020F1E76FF0A1
:107470008B00EEE7D0B60020034648B1006838B173
:1074800002681A600022034BC0E9002308307047ED
:10749000704700BFAACCF0F000F10C03994212D360
:1074A0008268CB1A9A420ED942680832B3FBF2F0D6
:1074B00002FB1033082B06D151F8040C034BC31AFE
:1074C0005842584170470020704700BFAACCF0F0E6
:1074D0002DE9F04F93B000935F4B07461B680D46B4
:1074E0005B681646A3F1180A0BB2002BC1F30269C0
:1074F000C1F3024B04DA6FF0800013B0BDE8F08FE7
:107500008B42C36001D10020F7E709EB0B03042B8A
:10751000F1D8CC0F64014FEAC90831464246DAF887
:10752000040044F0020300F073F901460028E2D1A0
:10753000202202A807F018FE4246314602A84FEA70
:10754000CB0607F0ECFD32460099DAF8040044F06F
:10755000060300F05DF980460028CCD101462022C8
:107560000AA807F001FE324600990AA802AE07F009
:10757000D6FD334608F10108C14514D91A46C44660
:107580000DE0D2F808E0D16818687144884203D24F
:10759000596808448645AED30CF1010C0832CC453D
:1075A000EFD10833E6E715F0006F18BF2024102252
:1075B000002107F11C0007F0D7FD07F11808102281
:1075C000002107F12C0007F0CFFD08EB890944F0FA
:1075D0000203C84512D1202C27D1002D02DBC5F3B0
:1075E000C0456C0107F128050AAE05EB8B0B44F092
:1075F00006045D451BD1009BFB6784E77268DAF8DF
:10760000040056F8081B019300F002F900287FF4EB
:1076100072AF56F8042C019B48F8042F56F8082C3A
:10762000C8F83000C8F82020D3E70024DAE77268F1
:10763000234656F8081BDAF8040000F0E9F80028A1
:107640007FF459AF56F8043C45F8043F56F8083C1F
:1076500028642B63CDE700BFD0B600202DE9F041B0
:107660001F461A4B0D461B681646D3F8048000F0DF
:10767000E0F9044608B900F067F8E368002B01DA86
:1076800000F062F8032D01D900F05EF804EB8504E8
:10769000E569E36CED1A16D006233A46314658F8F0
:1076A000140C00F0B5F808B100F04EF8BD4228BF48
:1076B0003D46E36CE16B2A461944304607F02FFD46
:1076C000E36C2B44E3642846BDE8F081D0B600208B
:1076D0002DE9F0411D461B4B0F461B6816465B68A3
:1076E000A3F1180800F0A5F9044608B900F02CF839
:1076F000E368002B01DA00F027F8032F01D900F02E
:1077000023F804EB8704E36AE26E9B1AAB4201D2D2
:1077100000F01AF802232A463146D8F8040000F097
:1077200077F808B100F010F8E36EE06D2A463146B4
:10773000184407F0F4FCE36E00202B44E366BDE838
:10774000F08100BFD0B60020FEF78ABC70B52DE9ED
:107750001F1072B6BFF36F8FFFF72AFCEFF30B8594
:107760006E4600281FBF002282F30B88854681F3F6
:107770000B8862B6BFF36F8FB6E81F10E04772B692
:10778000BFF36F8F00F0F5F94FF0000282F30B8822
:10779000B54685F30B8862B6BFF36F8F70BD40208E
:1077A00010EA0E0024D001B57046FFF723FCBDE8B7
:1077B000044088421CD072B6BFF36F8FEFF309828A
:1077C0001EF020031CBF22E9F00F083A80E80440B5
:1077D000B1E804401EF020031CBF0832B2E8F00FED
:1077E0000B6882F3098883F30B8862B6BFF36F8F4F
:1077F00070477047EFF3148381F00201C1F3400139
:1078000061F3000383F31488BFF36F8F0020704788
:1078100010B50446084611460AB9002010BD18B339
:1078200003F00602062A1DD09A071DD508229B06E2
:1078300048BF42F01202A30758BF42F00402E40717
:1078400009D5EFF39483DB074CBF42F0040222F02A
:10785000040242F0120207F027FB0028DDD16FF08E
:107860007F00DBE70122E2E74CF2DA20D6E710B531
:107870000446FEF79FFFFEF7D3FF10B143F6DA3060
:1078800010BDFFF735F80028F8D1FEF759FE0028A3
:10789000F4D102232360F3E7884206D0830706D59C
:1078A00081F00200C0F340007047002070470120C3
:1078B0007047EFF30880EFF309812DE9F00F6B4675
:1078C0007246FCF7F1FB08B0FEF7C8FEFEE7EFF3E7
:1078D0000880EFF309812DE9F00F6B467246FCF743
:1078E000E3FB08B0FEF7BAFEFEE7EFF30880EFF324
:1078F00009812DE9F00F6B467246FCF7D5FB08B005
:10790000FEF7ACFEFEE7EFF30880EFF309812DE907
:10791000F00F6B467246FCF7C7FB08B0FEF79EFE01
:10792000FEE7037E81685B0103F1A04202F582223B
:10793000C2F80418C1688378C2F8081801695B02AC
:10794000C2F810184169C2F81418417843EA0123BB
:10795000C2F800387047012143099B0003F16043DE
:1079600003F56143D3F8802200F01F00814022EA32
:107970000102C3F88022D3F880327047002070479C
:1079800038B50446EFF3108572B6436B0BB9FFF7B9
:10799000DBFE0022636B04F1340163B91068D0F898
:1079A00084301360636B1BB9236923F004032361E4
:1079B00085F3108838BD03F184000A46D3F884307B
:1079C0000146EAE7F0B50346EFF3108672B60024ED
:1079D000826B00F1380520466AB948B10568012C70
:1079E000D5F880200260284602BF1A698A431A61CE
:1079F00086F31088F0BD97683F687F698F4204BFA7
:107A00002846013402F18005D2F88020E4E70368BB
:107A10009A68DB6812F4806F05D18B422CBF00207E
:107A20006FF0FA0070478B420CBF00206FF0FA0035
:107A3000704710B5FFF72CFC0446FFF747FC50B920
:107A4000FFF7A0F8A3685B681B685B68834218BFF8
:107A50000024204610BD0024FBE738B5054648B198
:107A6000FFF7F0FBB5EBD07F044601D0FFF76CFECB
:107A7000204638BDFFF786F8F4E7704738B544680C
:107A80004278183CEFF3108572B6E0682369034032
:107A90001BD0042B17D1A268520714D42369606B42
:107AA00023F004032361D0F888300B600368022BB5
:107AB00001D1FFF719FC0023636300230520E36075
:107AC00085F3108838BD0B60F7E700280CBF10461F
:107AD0000220F5E738B50D46044608B9FFF734FE35
:107AE000EFF3108372B62069284008BFE56083F386
:107AF000108838BD38B50D46044608B9FFF724FE96
:107B0000EFF3108272B623692B4323612169E36886
:107B1000194214BF6FF0FD00002082F3108838BDB9
:107B200038B50546B8B18368ABB11A689AB15868E0
:107B300088B1836B5169C5F880308563FFF7DAFF40
:107B4000042104466868FFF7C5FF002808BF6FF0EE
:107B5000FD04204638BD6FF08004FAE70346406814
:107B6000C3F88810426B0421C3F884204363FFF7F5
:107B7000C1BF10B5044600F046F8FFF7D5FB14F17D
:107B8000FE0F01D0022801D1FFF7D8FB204610BD1F
:107B900038B50546FFF7F4FA0446FFF7CFFB05B109
:107BA0002C606068BDE8384000F022B808B5FEF7E8
:107BB000CDFD10B143F6DA3008BDFEF7D1FD002847
:107BC000F8D1FFF7DBFE0028F4D162B6FCF70EFB1C
:107BD000FEF712FF0028EDD1FEF736FF0028EBD0AC
:107BE000E8E704460D46A5462847036899627047B2
:107BF0000368283383F30988836883F30B88BFF312
:107C00006F8F406870478230012808B506D8FEF7AC
:107C1000C7FF18B9BDE80840FFF796BD08BD07B516
:107C20000421072001AAFEF73CFB98B9019B072B12
:107C300007D8DFE803F0041106090606060C4FF426
:107C4000805003B05DF804FB4FF44050F9E74FF467
:107C5000C040F6E70020F4E74FF40050F1E7F8B534
:107C600005460E46FFF7E5FE044608B9FFF76CFD32
:107C7000A7680FB9FFF768FDE368991C1FD05A1C6D
:107C800020D1002E34D016F1820F11D102233546B7
:107C90002360EFF3108672B629462046FFF75EFF99
:107CA00086F310882368022B1CBF00232360F8BDD5
:107CB00016F1830FEAD0FFF747FD0025E9E702231D
:107CC0002360FAE7002BF6DB002304F1280252F8C8
:107CD000041F19B1E16F106C194448600833202B60
:107CE000F5D13B6835469B689B0544BF0223236062
:107CF00015F1810FCDD16369002BCADBFFF724FD9D
:107D0000C7E708B5FEF7ACF96FF0830008BD2DE9B1
:107D1000F8430D4617461E46044618B313B302F146
:107D2000080903FB09F808F10C038B421AD10A4633
:107D3000002107F019FA002004F10C031A4601464D
:107D400001318E42106002EB090C104608D1002070
:107D5000A8EB09084344C4E90037A560BDE8F883EF
:107D60006246EDE76FF0F800F8E7002241F8042CD6
:107D70000268A1F1080341F8082C036070472DE95F
:107D8000F3410E46174698460546FEF709FFFFF7F2
:107D900064FE2946024601A8FEF716FF044660B9B4
:107DA00043463A4631460198FFF792FB044640B1FC
:107DB0006B0002D50198FFF797FA204602B0BDE8A4
:107DC000F0810198FFF7ACFE0122019B04461A6086
:107DD000F3E740F20110704770B50546FEF7E0FE8C
:107DE00006462846FEF77AFE044608B9002070BD14
:107DF000014632462846FEF787FE0028F6D1236862
:107E0000D868F4E770B50D461646FFF712FE044633
:107E100008B9FFF799FCE368002B01DAFFF794FC3F
:107E2000032D01D9FFF790FC04EB8504E36CE069B6
:107E3000C01A04D0B04228BF30460344E36470BD8A
:107E4000464154414C204552524F523A200048611D
:107E500072644661756C740D0A004D656D4D616EFE
:107E6000616765206661756C740D0A004275734622
:107E700061756C740D0A0055736167654661756CB8
:107E8000740D0A005365637572654661756C740DF7
:107E90000A00526573657276656420457863657083
:107EA00074696F6E2000506C6174666F726D20652E
:107EB000787465726E616C20696E7465727275702B
:107EC0007420284952516E293A20000025420000B2
:107ED000895800004D4500005D420000A158000097
:107EE000AD580000614400008D580000454200007C
:107EF000514200006D420000935800009758000066
:107F00009D58000006000000080000020700000164
:107F1000090000030402020200A0105000820D506C
:107F20000004055000860D50000000000000000015
:107F30000338FDD87047000000000000315F0000EA
:107F40001D4C0000355F000000000000A14C000047
:107F5000594C0000395F00000000000000000000E4
:107F6000154C000000000000FD01000000100000A2
:107F70000400000004000000FF000000000080007A
:107F8000010000010107000000000450000008503B
:107F900000000C5000001050506C6174666F726DE0
:107FA00020457863657074696F6E3A0D0A005772E8
:107FB0006974696E672072616E646F6D20486172CA
:107FC000647761726520556E69717565204B6579BE
:107FD0007320746F20746865204B4D552E0D0A0078
:107FE000537563636573730D0A0050696E7320687F
:107FF000617665206265656E20636F6E6669677580
:10800000726564206173207365637572652E0D0A55
:10801000004750494F20706F72743A200050696ECB
:108020003A200000010000000200000004000000EF
:10803000303132333435363738394142434445469E
:108040001B5B313B33346D426F6F74696E67205434
:10805000462D4D2076322E322E322A2A1B5B306D71
:108060000D0A001B5B313B33346D5B536563205459
:1080700068726561645D2053656375726520696D22
:1080800061676520696E697469616C697A696E6798
:10809000211B5B306D0D0A0000A0040000A004004D
:1080A000FF4F1F00E00400002005000000501F00EB
:1080B000FFCF1F00000004500000085000000C50CB
:1080C000000010500060055000C0085000600E50C5
:1080D00000F01050000080000100000101070000C6
:1080E00048B1002018B10020A8060000816E0000F1
:1080F000A16E0000556E6B6E6F776E2053504D2051
:10810000535643207265717565737465643A200037
:10811000556E6B6E6F776E20535643206E756D6291
:0F8120006572207265717565737465643A20002D
:1081400077B46C4684E80300194E009D1146B54291
:1081500018460BD00136B54213D0023EB54214D0BA
:1081600094E8030003B070BC03F00ABB0AA3D3E990
:108170000023C0E9002300200E4B0B6003B070BC4D
:10818000704707A3D3E90023F3E707A3D3E900234C
:10819000EFE700BFAFF3008002C0FF7F00000000E8
:1081A00003C0FF7F0000000001C0FF7F000000004F
:1081B00002C0FF7F03004E80009A074B9A4208D10D
:1081C00010B500F075F806F01FFF06BC96460C4689
:1081D000744700F0B3F80000A5EDF5FE009A074BD8
:1081E0009A4208D110B500F06BF806F00DFF06BCFE
:1081F00096460C46744700F0A1F80000A5EDF5FE88
:108200000CB4029A084B9A420CD14FF00043194328
:108210000CBC10B500F05CF806F0F6FE06BC964605
:108220000C46744700F08AF8A5EDF5FE009A044B61
:108230009A4202D103490868744700F07FF80000B1
:10824000A5EDF5FEA0380100009A034B9A4200D13B
:10825000744700F073F80000A5EDF5FE38B5104C3A
:10826000104DAC420BD3104C104DAC420FD306F066
:108270007FFEBDE8384000210846FEF78DB8A268B1
:10828000D4E90010920006F04AFF0C34E9E7626876
:10829000002154F8080B920006F066FFE5E700BFE6
:1082A000C03D0000E43D0000E43D0000043E00004D
:1082B000024B1B685B689B68184700BF600C00207E
:1082C000024B1B685B685B68184700BF600C0020AE
:1082D00010B4034C246864682468A44610BC60474A
:1082E000600C0020024B1B685B68DB68184700BF0E
:1082F000600C0020024B1B685B681B69184700BFBD
:10830000600C002010B4034C246864686469A446BF
:1083100010BC6047600C002010B4034C24686468F3
:10832000E469A44610BC6047600C0020024B1B6847
:108330005B681B6A184700BF600C0020024B1B687B
:108340005B685B6A184700BF600C00202DE9F046AF
:1083500000278BB00C4606460197002800F092805B
:10836000317849B9019919B102A806F096FF07447E
:1083700038460BB0BDE8F086252906F101057CD111
:108380007178302925D1B378322B2AD1F27802F0D6
:10839000DF03582B25D154F8045BDFF8F0A0DFF899
:1083A000F090C5F30311782A14BF52464A4601A83B
:1083B00006F03AFFF278074405F00F01782A14BF5F
:1083C00052464A4601A806F02FFF351D07442E46A7
:1083D000C6E769290FD017D8582933D007D82529DF
:1083E00046D02C4901A806F03CFF0744EFE763297B
:1083F0003CD06429F5D1642254F8041B01A806F08E
:10840000E4FE0744B51CE2E77039CBB2082BE8D88C
:108410000829E6D801A353F821F000BF53840000D7
:10842000E3830000E383000061840000E383000035
:1084300041840000E3830000E38300005D840000CA
:108440007522D9E7114A54F8041B01A806F0ECFE86
:10845000D7E7114901A806F004FF07440C4AF2E7E8
:1084600054F8041B01A806F0FCFECAE714F8041B2C
:1084700001A806F09CFE0137C4E701A806F097FEAC
:108480000137A4E74CF2DA2772E700BFD03C0100C5
:10849000E03C0100BE3C0100BB3C0100014B1B68FD
:1084A000184700BFC4AF0020014B1B68184700BF2E
:1084B000C0AF0020024B1860024B002019607047CB
:1084C000C4AF0020C0AF0020014B186000207047EF
:1084D000BCAF002010B50A46044619B1024B00217A
:1084E0001B68984710BD00BFC8AF00200E4B03406B
:1084F000B3F1607F06D1B1F5885F14BF6FF08600DD
:1085000000207047B3F1707F0BD101F4E043B3F565
:10851000005F06D111F4E06F0CBF6FF08600002001
:1085200070476FF0860070470000C07F9142F8B539
:1085300006460C4600F04A8121F4875521F0FF00E1
:10854000AC4925F01F058D4200F09080AA4B98425F
:1085500000F0988024F4FF7323F00103B3F1062F99
:1085600000F0C080A54DA84205D114F0FF0340F0F3
:10857000C08000242AE1A24DAB42F6D0A14DAB420F
:1085800040F0008114F0FF03F3D022F0FF038B4290
:1085900040F08380D1B20029EBD084EA0201FF29A8
:1085A00000F2F080944924F4FF7525F001058D4216
:1085B00010D0954988420DD0924F24F47F7121F05C
:1085C0000301B94206D08D49884203D001F57451A8
:1085D0008D4208D114F0FF0105D08C4841F00071A4
:1085E000814200F0768183498B4240F0A78012F0EF
:1085F000FF0340F0C28004F0FE41B1F1A06FB8D09B
:10860000B1F1407FB5D102F0FE43B3F1407FB0D16C
:1086100084EA020333F47E15ABD131462046FFF7DE
:1086200065FF0028A5D114F47C1300F0F380C4F397
:10863000054312F47C1104F4004702F4004500F0F5
:108640000E81C2F30540002F00F040810146002D4D
:1086500000F03781994238BF1946090424F47E148A
:1086600001F47C11214341F40044AFE014F0FF0316
:108670003FF47FAF22F0FF03AB420ED112F0FF01B7
:108680008BD176E714F0FF0533D184427FF471AFCC
:1086900022F0FF038B423FF46CAF5B498B4231D039
:1086A000A1F588518B4200F09380594D02EA0507ED
:1086B000B7F1062F2CD0514DAB421ED005F57455A5
:1086C000AF42DBD0A5F58445AF42D7D08A4259D11D
:1086D000494984EA0105FF2D8DD824F4FF7525F062
:1086E000010524E014F0FF057FF44FAFB4F1062F2D
:1086F000CCE722F0FF038B42BFE7D5B2002D7FF419
:108700004CAFE3E7D1B200297FF447AF3A49DDE748
:1087100012F0FF077FF441AFB2F1062F7FF429AFCB
:1087200084F0062CBCF1FF0F3FF623AF25408D42AD
:108730007FF43FAF14F0FF017FF44FAF32498B421B
:108740003FF455AFA1F588518B423FF450AF22F46E
:10875000FF7121F00101B1F1062F0AD027488342B1
:108760003FF445AF264B994203D0A3F58443994289
:1087700008D112F0FF033FF4FCAE244943F000732C
:108780008B4223D004F0FE41B1F1A06F7FF438AFEB
:1087900002F0FE43B3F1A06F7FF4EBAE84EA020374
:1087A00033F47E137FF4E5AE2504C4F30543C2F32E
:1087B000054002F4004116D581B1834238BF03461B
:1087C00024F47E1444EA034444F400442046F8BDF3
:1087D000D1B200297FF4E1AE9A4278E7834294BF98
:1087E00014460024F2E700293FF4C3AE834238BFA9
:1087F0000024EBE700030006000200060009000663
:10880000004600060004000600130006FF000002F8
:1088100000FEFFFF30492140B1F1607F0ED12F48AB
:10882000E1B241F00071814217D001F17E4104397B
:1088300011293FF6FEAE2A4B5B5CFAE6B1F1707F80
:108840007FF4F7AE06F4E041B1F5005F7FF4F1AEDE
:108850000123C6F302218B40EBE61023E9E61E4814
:108860001040B0F1607F1DD11C4ED0B240F00070BE
:10887000B04224D000F17E40043811280FD9284698
:10888000002F7FF4E4AE002DA0D183427FF471AEBF
:108890001B0403F47C1324F47E141C4396E7114953
:1088A000085CD0E6B0F1707FE9D106F4E040B0F5A5
:1088B000005FE4D10120C6F30226B040C3E61020D9
:1088C000C1E68B4294BF144600247FE7002DDCD024
:1088D0008CE714467AE700BF0000C07F0300000267
:1088E000F03C0100F03C01008A42F8B506460D4616
:1088F00000F0188101F0FE41B1F1C06F6BD18D4CD9
:1089000022F4875121F01F01A14222F0FF0015D06F
:10891000894988422CD022F4FF7121F00101B1F184
:10892000062F2CD004F5C064A04207D004F574547F
:10893000A14203D0A4F58444A1421DD1D1B221BBF0
:108940008BB122F4FF7323F00103B3F1062F06D09D
:108950007A4922F4FF6323F007038B4203D122F408
:10896000807225F48075954214BF00200120F8BD67
:10897000D1B251B9824208D0002BE9D1F3E7D1B28C
:1089800019B9B2F1062F40F0D1806B4E25F4FF717A
:1089900021F00101B14225F0FF0411D006F58856FF
:1089A000B4420DD0664F25F47F7626F00306BE4212
:1089B00006D0644EB44203D006F57456B142BFD11E
:1089C00015F0FF01BCD0604E41F00071B14204BF10
:1089D00002462546B4E7B1F1A06F17D102F0FE437D
:1089E000B3F1A06F40F08C8082EA050333F47E136C
:1089F00040F086802E0440F18380C5F30540C2F329
:108A0000054290428CBF00200120B0E74F4B9D42B1
:108A100009D1A3F500439A4200F084804C4B22F424
:108A20007E109842A0E7B1F1407F69D102F0FE4389
:108A3000B3F1407F64D182EA050030F47E145FD147
:108A400031462846FFF752FD00286DD1414B12F404
:108A50007C1103EA020318D0B3F1607FC2F3054131
:108A60003DD13D48D3B243F0007383423DD003F182
:108A70007E43043B112B01D83848C45C15F47C1F9D
:108A8000C5F3054333D18C426EE7B3F1607F0DD15E
:108A90003148D3B243F0007383421ED003F17E43CA
:108AA000043B112BDDD82E49C95CDAE7B3F1707FA6
:108AB00019D106F4E043B3F5005F03D10121C6F3F9
:108AC0000223994006F4E043B3F5005FD6D10120BC
:108AD000C6F3022600FA06F4D0E71021C1E7B3F18D
:108AE000707FCBD1EEE70024C8E71024C6E712F46C
:108AF0007C1F01D1A34215D02C0401D58B4281E704
:108B000025F0004323F47F03B3F1106F0CD102F082
:108B1000FE43B3F1106F07D11248104040F01060CF
:108B2000A84221E7012022E7002020E7002B7FF464
:108B300016AF18E70003000600020006004000061A
:108B40000004000600090006FF0000020093C004B4
:108B5000000140050000C07F03000002F03C01005E
:108B6000F03C01000000FFF60E4A20F47E13934211
:108B700010D002F5807293420ED0B3F1052F0DD0C4
:108B8000094A93420CD0094802F58072934218BFFB
:108B900000207047064870470648704706487047EF
:108BA0000648704700014005000600050007100553
:108BB00000015005000250050005100500061005D3
:108BC00000F0FE43B3F1A06F47D1254B20F0FF0228
:108BD0009A4203D110F0FF002FD17047214B9A42E7
:108BE00028D0A3F588539A4220D020F4FF7323F0B5
:108BF0000103B3F1062F15D01B498A420ED01B4A40
:108C0000934207D0A2F5844293421FD110F0FF0097
:108C100013D1704710F0FF000FD1704710F0FF0024
:108C20000BD1704710F0FF0007D1704710F0FF0024
:108C300003D1704710F0FF0011D00D4B40F00070D1
:108C4000984214BF00206FF08600704710F4004F68
:108C50000CBF00206FF0860070476FF086007047F1
:108C60000003000600130006000900060046000687
:108C7000FF000002436830B5002B6CD003F0FE42C9
:108C8000B2F1106F02BF23F01F6323F4702343F08F
:108C900000634A1C0FD1314A23F0FF01914236D1C3
:108CA000038903F40473B3F5047F54D1437A43F08A
:108CB0000403437229E0427A55074CD4274C23F031
:108CC000FF05A54229D140F2022399420AD040F281
:108CD0000323994214D040F2011399420AD06FF055
:108CE000860030BD037A13F0180F34D143F0080327
:108CF00003720AE0037ADC062DD443F01003F7E791
:108D0000910728D442F0020242720020E9E7B3F151
:108D1000082F1DD06FF08500E3E7B3F1082FF9D1DC
:108D200040F2012399420BD040F206239942D2D15E
:108D3000037A03F09002102A0DD143F08003D7E7A5
:108D4000037A03F0D002102A05D143F04003CFE7A5
:108D5000037ADB06AAD46FF08800C2E7000100089E
:108D600008B5FFF701FF0D4B984208D00C4B984215
:108D70000ED100290CBF6FF08600002008BD0C2921
:108D800009D0082914BF6FF086006FF08500F5E761
:108D90006FF08500F2E70020F0E700BF0005100546
:108DA000000250052DE9F3476E4686E8030096E879
:108DB000030090461D460A9C00F004FF064600286A
:108DC0003AD1D8F80070B7F8009009F4E043B3F551
:108DD000804FBB6808BF25F0010535EA030323D1A6
:108DE00054B3B5F5006F2BD0A5F50052554255414F
:108DF000294B24F0FF029A4224D114F0FF0104D041
:108E0000264B41F0007199423BD02B462246484602
:108E1000F968FFF769FD824670B92B46224648463D
:108E20003969FFF761FDA8BB6FF08406002338465F
:108E3000C8F8003007F02CFC304602B0BDE8F087DF
:108E40000125D5E7164B9A42D7D0A3F588539A420D
:108E5000D3D024F4FF7323F00103B3F1062FCCD059
:108E600010498A42C9D0104A9342C6D0A2F5844222
:108E70009342C2D004F0FE43B3F1407F04D12304F7
:108E8000C3D56FF08606D1E7B3F1A06FF7D0034BDF
:108E90009C42B9E75646CFE700030006FF000002F8
:108EA00000130006000900060046000638B50379E5
:108EB00004460D4663B9D4E9050185E80300237F24
:108EC0000020012B13D0C5E900006FF096000DE0E3
:108ED0004369084A03F14043A3F580539342EAD91A
:108EE000D0E9091207F06EFC0028E4D038BD022357
:108EF0002377FBE7FFDFFF3F38B500F0FE43B3F118
:108F0000407F04460D4602D06FF0860038BDFFF763
:108F1000EDFA0028FAD114F47C1F12D0C4F30543F3
:108F2000032B137022D9284A2240B2F1607F3DD131
:108F3000264AE4B244F0007494422BD1102BE5D9B8
:108F4000E2E7214B2340B3F1607F15D11F49E3B223
:108F500043F000738B4202D110231370D6E703F164
:108F60007E43043B112B04D9002313706FF085005E
:108F7000CCE71749CB5CD3E7B3F1707FF4D101F4B0
:108F8000E043B3F5005FEFD10123C1F302218B4031
:108F9000DBB2C5E704F17E44043C112CB4D80D4A81
:108FA000125D9342B0D8202BB0D9DFE7B2F1707FC9
:108FB000AAD105F4E042B2F5005FA5D10122C5F3C4
:108FC0000225AA40EDE700BF0000C07F03000002B9
:108FD000F03C0100F03C01001FB56B46044683E8FD
:108FE000030088B393E8030003AA00F0EBFD0446F6
:108FF00050BB039B1A7F022A29D103221A771A79C0
:10900000FF2A27D062B15A69144902F14042A2F501
:1090100080528A4204D9D3E9050107F0B2FB044625
:1090200003980E4A436903F14043A3F580539342EA
:1090300004D801F04DFA002C08BF0446039807F04D
:1090400012FB002818BF0446204604B010BD6FF084
:109050009604F3E76FF08404F0E700BFFFDFFF3F03
:109060002DE9F0411F46002388B088460546018857
:109070001646CDE90433C7E900330792002A5FD0D2
:10908000B2F1005F80F0998021F0FF03B3F5E24F69
:1090900002D0B3F5824F20D1284606F00DF90446E0
:1090A00000287ED1EB6863B16B8853B101F44F4265
:1090B000B2F5824F05D1C9B2222936D02DD8122956
:1090C00038D04246002308EB060112F8010B91420A
:1090D00043EA0003F9D1002B32D0284605AA04A99F
:1090E00006F0B6F90446A0B9049B9B6A5BB3049BE7
:1090F00041465A882846069206AA029203F128029F
:1091000001929A6A00925B6A324600F06DFF044653
:1091100070B3049806F087FA43E02739C9B21B29D7
:10912000CFD8274ACA40D207CBD50733B6EBD30FE7
:10913000C7D205E040F209229342F6D1402EC0D8B2
:109140006FF086042DE06B681B0A07D1079904981D
:1091500006F0FDF904460028C9D0DAE73246414658
:10916000284607AB00F0E8FE04460028EED0D0E722
:109170000498069B4288C2B943804FF6F872934226
:1091800018D82B8813B102889A4210D16B8813B17A
:1091900042889A420BD13946FFF788FE04460028E0
:1091A000B7D1204608B0BDE8F0819A42E5D06FF013
:1091B0008604AEE76FF08504ABE76FF08504F0E757
:1091C0000102000CF0B506461D46002387B09DF94C
:1091D000307002A880E806003268012F05930CBFAA
:1091E0004FF480734FF40073002A7ED105F0FE42E5
:1091F000B2F1806F7CD1009505AA03C8FFF7D2FDBC
:109200000446002858D13379059A60F341033C485D
:1092100012888542337102F4E041DBB213D164F36A
:109220000003B1F5005F33710BD112F4E06FC2F3AC
:1092300002214AD142F204039A4248D1314B9D4265
:109240004ED0002325E043F00103B1F5005F3371F8
:1092500004D112F4E06FC2F3022108D142F20403F8
:109260009A4234D1284B9D42E8D10C2311E0274883
:1092700025F48073834209D02548854206D02548CD
:10928000854203D0A0F53F408342E7D101238B40C4
:10929000DBB24FF49C720021737106F1080005F0F7
:1092A00063FF05990095012F3046D1E9092319D1B3
:1092B00000F0A2FF0446F0B1304606F0DCFC059851
:1092C00007F0E6F9204607B0F0BD2B46D4E742F29E
:1092D00007039A42B2D10C4B9D42AFD11823D8E775
:1092E0000D23D6E700F0A0FFE4E76FF08804E3E782
:1092F0006FF08604E0E7059807F0CAF90446E1E755
:10930000004440040013C004000180040010C004A5
:109310000012C00400FF40042DE9F0411F46002365
:109320008AB0099302F0FE4306ACB3F1806F154694
:1093300084E80300DDF84080139E10D06FF08604AF
:10934000099807F0A5F9002818BF0446204633689D
:10935000E21723EA020333600AB0BDE8F08100920D
:1093600094E803004FF4007309AAFFF71BFD0446BD
:109370000028E5D10998038803F4E042B2F5005FC4
:1093800014D10122C3F302218A4079B11A4C25F489
:109390008071A14212D004F50074A5420ED0174C82
:1093A000A5420BD0A4F53F44A14207D042F20402EB
:1093B000934213D1124B9D4217D10C224245BDD886
:1093C000129B04960393119B0097CDE901832B46D2
:1093D000D0E9091200F0EAFE0446B1E742F20702C2
:1093E000934202D1064B9D4204D0064B9D42E7D1E9
:1093F0000D22E3E71822E1E70010C00400FF40045B
:10940000000180040013C0042DE9F0434FF000096F
:1094100087B00E9E05460DF1080830460F4688E8D5
:109420000C00CDF81490FFF7CBFB044600286BD15D
:109430002B6843B1002007F02BF96FF08804284611
:1094400006F024FD59E02B7D1A07F3D101464FF4B5
:109450006A7205F1180005F087FE002F009618BF0C
:109460004FF4807398E8030008BF4FF4007305AA17
:10947000FFF798FC044618B1059807F009F9DEE7F4
:10948000224826F47E1282420599C6F305431AD07B
:109490001F48824208D0B2F1052F14D0084607F0C9
:1094A000F7F86FF08504CAE7043BDBB20C2B04D855
:1094B000184A42FA03F3DB0707D5084607F0E8F835
:1094C0006FF08604BBE7102BF7D1D1E909232846BA
:1094D0000096B7B100F03EFF04460598002CCCD1B1
:1094E00003882B8107F0D4F804463046FFF73CFB95
:1094F0002B7D686067F304132B75204607B0BDE829
:10950000F08300F03DFFE7E74846B6E700060005B8
:1095100000024005EEE0FFFF2DE9F743DDF828905B
:1095200007460D4616469846FFF7A4FB044600285A
:109530005AD17B68B3F1082F0AD140F2011295424B
:109540001AD1338823F0FF03B3F5105F42D010E047
:10955000394A23F0FF0191420ED140F201129542A7
:109560000AD13388B3F5885F34D0B3F5905F31D03A
:1095700083B36FF0860437E040F20122002E3FD023
:109580009542318805D141F20103994222D009B3B5
:10959000EFE717D8B5F5817F0DD141F20322914253
:1095A00018D0B1F5905F15D0A1B1B1F5105FE0D141
:1095B000B3F1082FCAE740F2011025F002028242FF
:1095C000EFD0D6E740F202239D4214D141F20623A8
:1095D0009942D8D14346324629463846CDF80090C4
:1095E00007F090FA044610B1384606F05FFD2046B9
:1095F00003B0BDE8F083A5F20323032BB9D8C2E77B
:10960000954209D00FD8B5F5817F05D040F20112FF
:1096100025F002039342ACD14B46424629463846D8
:1096200007F064FADEE740F202239D42F4D0A5F28F
:109630000323032B9DD8EFE700070008F8B5476820
:1096400005460E46002F4DD121F0004323F47F0341
:10965000B3F1106F49D001F0FE43B3F1106F29D17F
:1096600021F01F6424F4702444F0006400214FF4BE
:10967000886205F1100005F077FD2146284607F0C5
:1096800023FAB0B91A4A24F49F6323F007039342E4
:109690006E6017D1174BE4B244F000749C420ED0B8
:1096A00004F17E44043C112C02D8134B33F814709F
:1096B000EF60F8BDB3F1006F17D10C46D6E74FF459
:1096C0007F67F5E70D4B24F0FF029A4207D0B4F113
:1096D000082F0CBF6FF060474FF0FF37E8E76FF0DF
:1096E0006047E5E76FF08800E3E76FF08600E0E7AA
:1096F0000001000803000002143C010000070008FC
:10970000F8B51E4640F2052399420546174605D096
:109710006FF08604284606F0C9FC1CE0FFF7AAFAA1
:1097200004460028F6D16B680D4A23F0FF019142F0
:1097300003D002F58072934203D157EA0603E7D0C3
:109740005EB93A46334640F20521284607F0E6F96D
:1097500004460028DED12046F8BD6FF08504D9E725
:10976000000180082DE9F04192B00E4606A981E87B
:109770000C004368054603F0FE42B2F1106F52D16F
:10978000009308AA4FF4804303C9FFF70BFB04467C
:1097900040BB01461C220A900BA8DDF8208005F092
:1097A000E3FC6A68214B0AAF134009AA0492202205
:1097B0000392199A02970192189A4046009243F038
:1097C0001063D8E90912099400F062FE044668B1FA
:1097D00038460999FEF77EFE284606F067FC089891
:1097E00006F056FF204612B0BDE8F081099B024604
:1097F0003146009328463B46FFF78EFE0446099902
:109800003846FEF767FE002CE6D140F201139E4277
:1098100008BF2B7A089804BF43F001032B7206F0AF
:1098200037FF0446DEE76FF08604DBE70000FFF653
:10983000074B0A465978022906D11978072903D11E
:109840000146181D07F08AB96FF08800704700BF05
:109850008CBB00202DE9F04790B008AC84E80300F1
:10986000DDE9198900209A4602F0FE43B3F1806FCA
:1098700016461B9F0B9005D006F00AFF6FF0860579
:1098800000247DE000924FF4807394E803000BAA5B
:10989000FFF788FA05460B9815B106F0F9FEEFE7D9
:1098A000028802F4E043B3F5005F1DD112F4E06FCB
:1098B000C2F3022118D0374C26F48073A3420AD099
:1098C00004F50074A64206D0334CA64203D0A4F59A
:1098D0003F44A34208D101248C40102C0CD906F03F
:1098E000D7FE6FF08305CBE742F204039A420AD118
:1098F0002A4B9E420ED10C24A14510D206F0C8FE80
:109900006FF08905BCE742F207039A4202D1234B6C
:109910009E42E4D0224B9E4209D10D24ECE7214621
:109920000CA8FFF785FF054610B10B98B5E700249A
:109930000B98D0E90912B8F1000F26D008EB040506
:10994000A9EB0403CDE90453189B0DF13009CDE9CF
:1099500002A3069733460194CDF8009000F004FC72
:1099600006460B9806F094FE054686B9002887D176
:1099700024B122464946404605F0D1FB3B681C44D1
:1099800028463C6010B0BDE8F0874546D8E735462C
:1099900076E700BF0010C00400FF4004000180040F
:1099A0000013C00410B5124C2378590744BF23F0AC
:1099B0000403237023789A0705D500F0A7F82378CD
:1099C00023F002032370637813B10A4807F0C9F843
:1099D0000023042107486370FEF77CFD2378DB0732
:1099E00005D506F09DFF237823F00103237010BDF9
:1099F0008CBB002090BB002038B51C4D6A782B78BA
:109A0000022A01D1072B12D0D80713D52B7899073A
:109A100007D400F073F82B78044643F002032B7050
:109A200088B96A782B788AB12B785A0719D500241F
:109A3000204638BD06F072FF2B78044643F0010340
:109A40002B700028E2D0FFF7ADFFF1E7DB07EBD585
:109A5000074807F080F8022304466B700028F2D113
:109A6000E2E743F004032B70E1E700BF8CBB00206A
:109A700090BB002073B56B46144600F140421F2A8C
:109A80000E46054683E8030014D82C231A4803FB2E
:109A90000200037F022B24D143699D4221D18369B7
:109AA00099421ED10146084606F0BAFD00B9216070
:109AB00002B070BD012293E8030006F0BEFDB8B10C
:109AC0000D4B00221846197F022905D159698D4294
:109AD00002D199698E4207D00132202A03F12C036A
:109AE000F1D16FF08B00E3E72C2303FB0201DAE7EF
:109AF0006FF08700DCE700BF94BB00200122024B1F
:109B0000002083F88025704794BB00202DE9F041A8
:109B10000A4C002526464FF0010803272046C4F8CA
:109B200020802777013505F061FD202D04F12C04FC
:109B3000F4D1002386F88035BDE8F08194BB002085
:109B4000F8B51E4D064695F880350F467BB30024C8
:109B50002B462246197FD1B13CB9022905D1196A99
:109B600019B91979002918BF1C460132202A03F1BE
:109B70002C03EFD114B96FF08C0006E0204606F0FC
:109B80004FFD204605F032FD10B100240DE01C46CB
:109B9000237F7BB90123237736B1094B651BAD10B9
:109BA0005D4305F18045356000203C60F8BD6FF0F5
:109BB0008800EAE76FF09600E7E700BF94BB00205B
:109BC000A38B2EBA2DE9F04100256C4B156092B0A5
:109BD00093F8803502AF164687E80300002B00F0AB
:109BE000C98097E80300FFF745FF10F18C0F04468A
:109BF00040F0958031462846FFF7A2FF0446002832
:109C000040F08D8097E80300012335681C2205F1A0
:109C1000140888E803006B6021460BA805F0A4FA3D
:109C200000220023CDE908236B69554A03F1404324
:109C3000A3F580539342CDE90644059422D898E8D1
:109C4000030008AB05AA06F08FFF0446B8B9D5E9B2
:109C500005231193059BCDE900000C9313F0FF033E
:109C600018BF13460BAA10930346DDE9080100F064
:109C70004FFA10F18A0F044614D0002853D014F183
:109C80008C0F52D100236FF04042356808930B933C
:109C90006B69013B93424ED3284605F0A7FC6FF059
:109CA000870445E006A90BA800F05EF904460028E9
:109CB000E5D12846069905F04AFC04460028DED185
:109CC000DDE9080107AB0193AB6A0BAA00936B6A4D
:109CD00000F01EFA044618B1284605F07CFCCEE7D9
:109CE000079B0BACAB620FCC0FC594E8070085E86F
:109CF000070030688368D90444BF43F480638360FD
:109D000083689A0444BF43F400638360037F012B9C
:109D100004BF0223037706F083FC044640B92046C3
:109D200012B0BDE8F0816FF09604306805F05EFC7B
:109D300000233360F3E728460BAA08A906F09AFD32
:109D4000044650B10B99089806F092FD306805F072
:109D50004DFC14F18C0FA2D0EAE7089928460B9A23
:109D600005F008FC04460B99089806F081FD002CCC
:109D7000BFD0EBE76FF08804D1E700BF94BB0020B1
:109D8000FFDFFF3FF7B515460E4607460822184687
:109D900029491C4605F0C3F9042200230DEB0201FA
:109DA00004F10800019305F0BAF904226B680DEB89
:109DB000020104F10C00019305F0B1F92B8801A90F
:109DC000022204F11000ADF8043005F0A8F96B8808
:109DD00001A9022204F11200ADF8043005F09FF948
:109DE0000422AB680DEB020104F11400019305F0AD
:109DF00096F90422EB680DEB020104F118000193BF
:109E000005F08DF904222B690DEB020104F11C0011
:109E1000019305F084F9042204F120000DEB020106
:109E2000019605F07CF93246394604F1240003B06E
:109E3000BDE8F04005F073B9023D01002DE9F7439C
:109E4000232904460F46914698460A9E05D86FF08E
:109E50009805284603B0BDE8F0830822354909F08B
:109E60002AFC05460028F2D1042204F108010DEB7A
:109E7000020005F054F9019B002BE8D1042204F103
:109E800020010DEB020005F04AF90199243F8F42B1
:109E9000C8F80010DBD3B1F5005FD8D2002938D163
:109EA000C9F80050042204F10C010DEB020005F08A
:109EB00036F9019B0222736004F1100101A805F03C
:109EC0002EF9BDF804300222338004F1120101A8FA
:109ED00005F025F90422BDF8043004F11401738063
:109EE0000DEB020005F01BF90422019B04F118019F
:109EF000B3600DEB020005F012F90422019B04F19E
:109F00001C01F3600DEB020005F009F9019B3361C0
:109F10009FE70120FEF7C2FAC9F8000030B1D8F877
:109F2000002004F1240105F0FAF8BBE76FF08C057E
:109F30008FE700BF023D0100194610B400244368BA
:109F40000C60074C1A0AB4EB132F02D0054B9A424F
:109F500002D110BC00F0B4BC6FF0860010BC70479A
:109F6000004E80004B4E800010B4002443680C600B
:109F7000074C1A0AB4EB132F02D0064B9A4202D1B7
:109F800010BC00F09DBC6FF0860010BC704700BF95
:109F9000004E80004B4E80002DE9F041456804469C
:109FA0002D0A0E461746984606D00E4CA54214D0F0
:109FB0006FF08600BDE8F08105886D0407D4434644
:109FC0003A4631462046BDE8F04106F09CBA00F022
:109FD00037FF10F1860FEDD1F1E7BDE8F04100F059
:109FE0002FBF00BF4B4E80002DE9F04FD0F804E0AA
:109FF000DFF87CB085B0BBEB1E2F0446DDE90E898F
:10A000000D4616461F46DDF840A04FEA1E2C1CD018
:10A01000DFF860E0F44518D0BCF1000F22D1CDE9A3
:10A02000019ACDF8008000F087FE10F1860F1BD159
:10A030003B46324629462046CDE90F9ACDF8388076
:10A0400005B0BDE8F04F05F0A5BA3B4632462946BB
:10A050002046CDE90F9ACDF8388005B0BDE8F04F25
:10A0600000F06ABE6FF0860005B0BDE8F08F00BF5B
:10A07000004E80004B4E8000F0B44468DDE9045689
:10A08000240A06D0084FBC4208D0F0BC6FF086000E
:10A090007047CDE90456F0BC05F0E7BACDE90456A7
:10A0A000F0BC00F065BF00BF4B4E80002DE9F743C8
:10A0B0000D46DDE90A891646134942681F46B1EB91
:10A0C000122F04464FEA12230ED0104A934200D0BA
:10A0D000ABB93B46324629462046CDE9008900F01F
:10A0E000EFFD10F1860F0CD13B4632462946204643
:10A0F000CDE90A8903B0BDE8F04300F0E1BD6FF09F
:10A10000860003B0BDE8F083004E80004B4E800017
:10A11000F0B4DFF82CC05468DDE90456BCEB142F12
:10A120004FEA142702D0074CA74204D1CDE90456C8
:10A13000F0BC00F0F5BE6FF08B00F0BC704700BFC4
:10A14000004E80004B4E8000F0B44768054EB6EBE1
:10A15000172F02D1F0BC00F05BBF6FF08600F0BC9F
:10A16000704700BF4B4E80002DE9F0474468DDF892
:10A170003890240ADDE90856DDE90A7CDDE90CE8BF
:10A1800003D0DFF824A054450AD1CDE90D89CDE9EB
:10A190000BCECDE909670895BDE8F04702F0CAB8D3
:10A1A0006FF08600BDE8F0874B4E80002DE9F0434C
:10A1B0004568DFF83C90DDF82C80B9EB152F4FEAAD
:10A1C0001524DDE90767DDE909CE03D0094DAC426E
:10A1D00000D044B9CDE90AE8CDE9087C0796BDE88E
:10A1E000F04302F00BB96FF08600BDE8F08300BFCA
:10A1F000004E80004B4E800037B504464868000A88
:10A2000002D0084DA8420AD10698009004F1080037
:10A2100001F0C0FE08B90523236003B030BD6FF024
:10A220008600FAE74B4E800037B504464868000ABE
:10A2300002D0084DA8420AD10698009004F1080007
:10A2400001F0C0FE08B90523236003B030BD6FF0F4
:10A250008600FAE74B4E800070B4054EB04202D043
:10A2600070BC06F0F0BD6FF0850070BC704700BF99
:10A2700005000002074B10B59942044606D0043091
:10A2800006F01BFE08B90523236010BD6FF08500A2
:10A29000FBE700BF050000022DE9F74F0C9CDDE94C
:10A2A0000D5601944468DDE90F7C240ADDE911E8CC
:10A2B000DDE9139A03D0DFF830B05C450ED1019C84
:10A2C000CDE9139ACDE911E8CDE90F7CCDE90D5622
:10A2D0000C9403B0BDE8F04F02F072BC6FF0860042
:10A2E00003B0BDE8F08F00BF4B4E80002DE9F74F63
:10A2F0000C9C4568DFF854B000940D9CBBEB152F07
:10A300000194DDF850A04FEA1524DDE90E67DDE980
:10A3100010CEDDE9128903D00D4DAC4200D07CB9DE
:10A32000019CCDE9139A0D94009CCDE911E8CDE98B
:10A330000F7C0E960C9403B0BDE8F04F02F0D2BC37
:10A340006FF0860003B0BDE8F08F00BF004E8000C4
:10A350004B4E800070B44C68039D240A02D0074E17
:10A36000B44206D1052440F8184B039570BC02F0A6
:10A3700013BB6FF0860070BC704700BF4B4E80006F
:10A3800070B44C68039D240A02D0074EB44206D133
:10A39000052440F8184B039570BC02F019BB6FF010
:10A3A000860070BC704700BF4B4E80002DE9F04323
:10A3B000DFF84490DDB2446845F000754D45DDF8A6
:10A3C0002C804FEA1424DDE90767DDE909CE0CD0C3
:10A3D00014B10A4DAC420CD1CDE90AE8CDE9087CB4
:10A3E0000796BDE8F04302F091B96FF08500BDE833
:10A3F000F0836FF08600FAE7050000024B4E800004
:10A40000F7B5089E0E4FF5B2044645F00075486852
:10A41000BD424FEA10200DD010B10A4DA8420CD118
:10A42000009604F1080006F01DFF08B9052323601B
:10A4300003B0F0BD6FF08500FAE76FF08600F7E734
:10A44000050000024B4E8000F7B5089E0E4FF5B296
:10A45000044645F000754868BD424FEA10200DD013
:10A4600010B10A4DA8420CD1009604F1080006F084
:10A47000FBFE08B90523236003B0F0BD6FF0850033
:10A48000FAE76FF08600F7E7050000024B4E800008
:10A490002DE9F04144681D46DDE9087CDDE906361A
:10A4A000240ADDF828E003D0DFF82080444508D1F5
:10A4B000CDE909E5CDE9077C0696BDE8F04101F05C
:10A4C000F9BA6FF08600BDE8F08100BF4B4E800006
:10A4D0004268044BB3EB122F01D106F004BD6FF0BC
:10A4E000850070474B4E800010B50D4C207809F068
:10A4F00020F90C4A1368591C116063B90A4AD2F852
:10A50000003443F00703C2F800344FF00072074BE9
:10A510009A6003F01DF92078BDE8104009F00BB9EE
:10A5200075C2002018C100200090055000E100E035
:10A5300038B5174C207809F0FCF8164B1A68013A28
:10A540001A6002BB4FF000751348C0F88850BFF383
:10A550004F8FBFF36F8F0721104BC3F80813D3F849
:10A56000001421F00701C3F80014C3F80021D3F848
:10A570000011C3F80421D3F80411C3F80821D3F85B
:10A580000831C0F888512078BDE8384009F0D3B8C8
:10A5900075C2002018C1002000E100E000900550C5
:10A5A00070B5104D104E2B68B3420DD0FFF79CFFD5
:10A5B00003F0F2F903F0C0FA40B106F0E1FA044604
:10A5C000FFF7B6FF44B92E60002405E001F09AF8C9
:10A5D000044618B1FFF7ACFF204670BD06F010FD31
:10A5E000EDE700BFCCAF0020117365001FB5114C23
:10A5F000D4F84034012B14D0B72000F02DF918B155
:10A600006FF0210004B010BDB82000F025F900283B
:10A61000F6D1B92000F020F90028F1D10123C4F8C7
:10A62000403410220021684604F09EFD684607F081
:10A63000E9FCE7E70090055000230B6010F0FF03F2
:10A6400010B514D043F0007303F17E43053B102B8B
:10A650000DD801220B4C9A40224203D1042B06D183
:10A66000094B0B600B6853B96FF0850006E000F0F2
:10A67000FE40B0F1007FF7D06FF0860010BD0020E3
:10A68000FCE700BF69780100B4390100F8B5054660
:10A690000E4618461C2117461C4606F081FB6B68C7
:10A6A0002B491A0AB1EB132F1BD12A4A33782261A6
:10A6B000294A13F00303E26066610CD0023303F011
:10A6C0000303012B3AD86B880733DB086360234B05
:10A6D00023600020F8BD6B880733DB086360204BE4
:10A6E000F6E7204B9A4226D16B691F4A1A44022A88
:10A6F00013D81E4AE2601E4A22611E4A93420AD0C3
:10A70000013293421DD10223A3602346AA6943F874
:10A71000182F6361DDE70123F6E72246A96942F8B5
:10A72000181F62610022C4E90322134A934201D137
:10A730002023D3E747B1C4E90067CAE76FF084007C
:10A74000C8E76FF08600C5E76FF09600C2E700BF6C
:10A750004B4E80007DB200003DB1000000000020A3
:10A7600000FF0720004E8000FF3F0080EDA50000A5
:10A770007D0B010002C0FF7F04C0FF7F0022074B5A
:10A78000C3F81021C3F80C21C3F80021C3F8042139
:10A79000C3F80821C3F81821704700BF0090045087
:10A7A00008B5FFF7EBFF01230360104B0A6832B9CD
:10A7B000D3F80C211AB9D3F80821002AF6D00B6877
:10A7C0007BB90B4B99420ED0A3F58473D3F80831B3
:10A7D000002B0CBF4FF0FF306FF00200FFF7CEFFF1
:10A7E00008BD0020FAE74FF0FF30F7E70090045073
:10A7F00008910450034670B501B34A69120706D0A8
:10A8000055221049104804F039FDFCF79DFF0F4D0B
:10A810000F48D5F80065D5F8004506F0010604F4A8
:10A820007C54C5F800653443C0F80035C0F8041501
:10A830000849FFF7B5FFC5F8004570BD6FF001008E
:10A84000FBE700BF0A3D0100683D010000E0045045
:10A850000090045000910450034B0449C3F80005D4
:10A860000348FFF79DBF00BF0090045004910450BF
:10A8700004900450034B0449C3F800050348FFF754
:10A880008FBF00BF009004500891045008900450FE
:10A8900038B50C4659B1074D0749C5F800050748BA
:10A8A000FFF77EFF10B9D5F80835236038BD6FF08B
:10A8B0000100FBE700900450109104500C900450EC
:10A8C00070B544681B4E0288B6EB142F43884FEADC
:10A8D000142513D14069184B98420BD003F5FF4360
:10A8E0007D330344012B02D8B2F5105F20D06FF006
:10A8F000860016E047F212139A42F7E70F488542A6
:10A90000F5D102F44F40B0F5824F0BD144F2121052
:10A91000073382424FEAD30301D15B0001330020A9
:10A920000B6070BDB2F5885F02D10733DB08F6E734
:10A930000223F4E7004E800001C0FF7F4B4E8000F1
:10A940002DE9F047804600254FF010091C4E94B0C9
:10A950000DF1270424F01F0406F1200A0122102122
:10A96000184806F078F96319009352461023202105
:10A970001348CDF8049002F047FC0746E0B9D6E949
:10A980000C321035013342F10002302DC6E90C3291
:10A99000E4D1B8F1000F04D02A464146204606F023
:10A9A0004DF920222146064804F0B9FB1022054843
:10A9B00004F1200104F0B3FB384614B0BDE8F08781
:10A9C00060B5002080B50020F0B5194D194FAB6B74
:10A9D0008DB0BB4229D0184E307808F0AAFE402333
:10A9E00000221946284606F0D0F93021684606F0C4
:10A9F000EDF9044678B96846FFF7A2FF044690B91E
:10AA0000302302461946684606F0BFF901220023AA
:10AA1000C5E90C23AF63307808F08DFE204606F0C0
:10AA2000AFF80DB0F0BD0E24F5E70020F9E700BF48
:10AA300060B50020B4A5B4A576C200202DE9F04F82
:10AA400099B00DF1570802F10F0982460C461546E0
:10AA500028F01F084FEA191922B100296CD0B2F56D
:10AA6000005F69D8364F374E387808F062FED6E975
:10AA70000C3213430BD15046FFF7A6FF834630B18B
:10AA8000387808F058FE584619B0BDE8F08FD6E97E
:10AA90000C2319EB020943F10003B9F5803F73F170
:10AAA000000314D3302102A806F090F9B8B902A827
:10AAB000FFF746FF83460028E2D1302302461946BD
:10AAC00002A806F062F900220023C6E90C23DFF891
:10AAD00078903DB92846FFF733FF8346D0E76FF003
:10AAE000920BCDE7102D4FF001024FF010014846B8
:10AAF000AA4628BF4FF0100A06F0ADF810234A46C8
:10AB00002021CDE900830F4802F07EFB8346002818
:10AB1000B6D1434604EB0A0213F8011B04F8011BEB
:10AB20009442F9D1D6E90C32013342F10002C6E970
:10AB30000C32A5EB0A05CCE76FF0860BA3E700BF4C
:10AB400076C2002060B5002080B500202DE9F047D6
:10AB5000054688461646EAB131B97D223449354862
:10AB600004F08CFBFCF7F0FDD0F85831934214D977
:10AB7000006806F08FFFD5F8582105F5AE73801AEE
:10AB800018443246414604F0CAFAD5F858319B1BA6
:10AB9000C5F858310020BDE8F08706F041F90446B9
:10ABA000002840D1286806F075FFD5F8582105F136
:10ABB000040905F5AE7A821A5146484606F0C4FEED
:10ABC000044680BB2868D5F8587106F063FFF71B70
:10ABD000B7FBF0F303FB1077F61B324641464846BD
:10ABE00006F0B2FE0446F0B9484606F0D9FE044627
:10ABF000C8B9484606F044FF0446A0B9286806F0E4
:10AC000049FF4021C5F85801504606F0C9F857B130
:10AC10003A46504608EB060104F081FAD5F858315F
:10AC2000DB1BC5F858312046BDE8F04705F0A8BF4A
:10AC3000813D0100683D01002DE9F041054688464F
:10AC400014461F4633B9C7221B491C4804F016FBA3
:10AC5000FCF77AFD006806F01BFFA04227D82846C3
:10AC600006F0DEF80446E8B92E4656F8040B06F066
:10AC700011FFD5F8582105F5AE71821A304606F05D
:10AC800063FE044670B94146304606F0CBFE0446EA
:10AC900040B9304606F0F4FE044618B9286806F0BC
:10ACA000F7FE38602046BDE8F04105F069BF6FF05F
:10ACB0008900BDE8F08100BF813D0100683D0100D1
:10ACC0002DE9F0419446DDE906E50F461C4633B90F
:10ACD00020221749174804F0D1FAFCF735FD0DB9C9
:10ACE0002122F6E74FF000080688C5F80080BEF183
:10ACF000000F16D026F0FF06B6F5E24F05D1CDE9DC
:10AD000006E5BDE8F04103F0F1B8B6F5824F0CD18D
:10AD100073462246384606956146BDE8F04107F085
:10AD2000C7BA6FF08600BDE8F0816FF08500FAE7E2
:10AD3000E33D0100683D01002DE9F04F8DB0044670
:10AD4000DDE91656894692469846189F33B978220F
:10AD50003849394804F092FAFCF7F6FC0EB979222A
:10AD6000F6E70FB97A22F3E74FF0000CB0F800E0F5
:10AD7000C7F800C0C6F800C0002D52D0D0F804C0FB
:10AD8000DFF8B8B04FEA1C2CCDF80CC0D0F804C0E6
:10AD9000BBEB1C2F2BD103F00BF9002844D004A9E6
:10ADA0002046D4F814B0FFF78BFD0146C0B9049BD0
:10ADB0009D4219D35FFA8BFB594653464A462046BB
:10ADC00000F0B6FA014658B943465846CDE9005658
:10ADD00005AA00F0FBFC014610B9BDF816303B6037
:10ADE00008460DB0BDE8F08F6FF08901F8E7039CCD
:10ADF000ECB92EF0FF04B4F5E24F07D1CDE91767A7
:10AE000016950DB0BDE8F04F07F0E6B9B4F5824FE6
:10AE10000DD1CDE9176716950DB0BDE8F04F07F0DD
:10AE200002BA6FF08601DBE76FF08401D8E76FF0BC
:10AE30008501D5E7E33D0100683D01004B4E8000F0
:10AE40002DE9F043044616461D460F4693B031B92E
:10AE5000EA223049304804F011FAFCF775FC0BB9CE
:10AE6000EB22F6E7D0F804E0DFF8B090B0F800C0CD
:10AE7000B9EB1E2F4FEA1E2834D103F099F80028B1
:10AE80003ED0628823880732B2F5C47F4FEAD208E9
:10AE90003CD223F0FF02B2F5E24F13D12B464246DB
:10AEA000204606A907F02CF948B905ABCDE90153B6
:10AEB00042463B462046009606A9FFF73DFF13B0E9
:10AEC000BDE8F083B3F5105F06D0B3F5885F03D01B
:10AED00042F20402934219D1424606A90020FFF72C
:10AEE000ADFDE1E7B8F1000F10D162B12CF0FF0425
:10AEF000B4F5E24F0AD113B0BDE8F04307F000B952
:10AF00006FF08400DBE76FF08600D8E76FF0850014
:10AF1000D5E700BFE33D0100683D01004B4E8000D6
:10AF20002DE9F047114F0446DDE9089AC71961F190
:10AF3000000C032F7CF1000C0D461646984603D2F8
:10AF4000BDE8F04703F080B8104603F031F848B18F
:10AF50004346324620462946CDE9089ABDE8F047E7
:10AF600000F034BC6FF08400BDE8F087FF3F008044
:10AF70002DE9F84304881E4604F44F43B3F5824F8D
:10AF80009046DDE908270D460CD0B4F5885F0ED158
:10AF900042462946304604F0C2F80020C7F8008037
:10AFA000BDE8F883E4B2422CF2D0122CEFE74388DC
:10AFB0000733B2EBD30F4FEAD30921D3DFF8488030
:10AFC00098F8000008F0B5FB284600F0B7F80446F2
:10AFD00030B94A4630460D4904F0A1F8C7F8009050
:10AFE000284600F04BF9054698F8000008F0A3FB4E
:10AFF000002D14BF28462046BDE8F84305F0C0BD2B
:10B000006FF08900CCE700BF77C20020000000206D
:10B010002DE9F047984603880E4603F44F4186B069
:10B02000B1F5824F0446DDE90E9A02D0B3F5885F90
:10B030000ED105ABCDE901A3314643462046CDF8FC
:10B040000090FFF779FE0446204606B0BDE8F08781
:10B05000144F387808F06DFB304600F06FF8054665
:10B06000D8B9628805AB07322046CDE901A30E4965
:10B070004346CDF80090D208FFF75EFE0446304606
:10B0800000F0FCF80646387808F055FB46B9002D6C
:10B09000DAD0284605F074FDD5E76FF09604EEE7A8
:10B0A0003546F6E777C200200000002030B5ADF24B
:10B0B0006C4D122205460C460DF10E00002104F0E5
:10B0C00053F84FF410530021ADF80C30184B4FF4E7
:10B0D0008862CDE90831174B0AA8049304F044F8BC
:10B0E0004FF008210AA800F07BFCE8B90346009065
:10B0F00040F2011103AA0AA800F0C0FCA0B9032382
:10B1000040F201210C4A0AA800F08CFC60B910231F
:10B110002A4640F206210AA800F084FC20B9202229
:10B1200021460AA800F022FD0DF26C4D30BD00BF93
:10B1300002C0FF7F03004E804F3E0100F0B5037850
:10B14000064603F00303022B9DB018D0033303F02F
:10B150000303012B11D86FF021000CE0707820441C
:10B16000FFF77AFB00285CD101343378C3F3820304
:10B17000A342F3D800201DB0F0BD0024F5E70BAFCB
:10B1800039464078FFF784FB04460028E3D1357840
:10B19000C5F38205AC4222D3182200210EA803F089
:10B1A000E3FF4FF41053ADF834304FF480731E4E6C
:10B1B0004FF400710DA8ADF83630109605F095FEED
:10B1C00032231A4C00211C2215A8149303F0CCFF43
:10B1D000204614A9FFF76AFF40B10E20CBE7707834
:10B1E0002044FFF739FBE0B90134D0E70CAB0893FA
:10B1F0006023CDE9064304F1100304930423CDE951
:10B2000002730C23013D2D01CDE900430C90334620
:10B210002022059514A90DA801F064FD0028AAD0EC
:10B22000DBE70220A7E700BF000250050000002076
:10B230006029F8B505460E4618D80E4F387808F044
:10B2400078FA2846FFF77AFF05F09AFC044640B9E1
:10B2500009493246284603F062FF6021064805F09E
:10B260009FFD387808F067FA2046F8BD6FF0890432
:10B27000FAE700BF77C200200000002008B503787D
:10B280009B0705D00548602105F08AFD002008BD18
:10B2900005F0B6FE0028F5D00220F8E700000020F7
:10B2A000F7B5436821490446B1EB132FDAB239D11F
:10B2B000032A03D16FF0840003B0F0BD466901A9F1
:10B2C000F5B2284605F046FE0028F5D16A4621462B
:10B2D000019805F014FE0028EED10446009FA74215
:10B2E00019D89DF8043007F0070223F01F0343EA42
:10B2F000820301A88DF804308DF80560FFF7BEFFCA
:10B300003946284605F041FE0028D5D103B0BDE8F6
:10B31000F04005F052BE6019FFF79EFA0028C9D12F
:10B320000134DBE76FF08B00C6E700BF4B4E8000B7
:10B330002DE9F04F89460021B5B0074616461DA8F5
:10B340005C220B931C9103F00FFF05F036FE0446C0
:10B35000B8B9042201460CA803F006FF9DF830504E
:10B360007A6964F30305C2F3013C6CF305158DF8AB
:10B37000305015F0300508D1BB68990710D06FF038
:10B380008604204635B0BDE8F08F102D08D1BDF8F9
:10B39000323023F4F87343F4A873ADF832309BE0F5
:10B3A000FB688F498B421ED00BD88E498B422DD023
:10B3B0008D498B4224D08D498B422AD0D2B2F82AB3
:10B3C0001AE0B3F1082F1ED089498B4256D0894923
:10B3D0008B42F3D10C220C9B62F393330C933B888A
:10B3E000B3F5105F08E008220C9B62F393330C93D3
:10B3F00042F204033A889A4210D06FF08504C0E705
:10B4000014220C9BE8E720220C9BE5E724220C9BEE
:10B41000E2E734220C9B62F393330C9300214FF04C
:10B42000010B0A4608469DF83330D7F808E0DFF8EC
:10B43000C8815B0858F804AB1EEA0A0F07D00BFA64
:10B4400000F1194301F07F03012142EA0A020130B1
:10B450000728EFD129B19DF8331063F347018DF828
:10B4600033103EEA0202C8D17B88FF2B3CD014D8AF
:10B47000802B3BD0C02BC0D1022315E0BB685A04FF
:10B48000BBD53B8803F44F42B2F5824FB5D1DBB256
:10B49000122BB2D138220C9BBDE7B3F5807F27D0A9
:10B4A000B3F5C07FA9D106239DF8322063F30612BD
:10B4B0008DF832201DB91EF0030F7FF460AF3B7989
:10B4C000022B22D016D8012B7FF459AFBDF83220C1
:10B4D00063F3C812ADF83220BCF1030F3FF64FAF53
:10B4E000DFE80CF01848282C0323DDE70123DBE715
:10B4F0000423D9E7032B02D0FF2B7FF440AF0222B5
:10B50000BDF8323062F3C81347E7BDF8323043F478
:10B51000C07342E73B88B3F5105F7FF46EAF0B9BBF
:10B5200023F00802102A02D0202B7FF428AFDFF886
:10B53000CC8025E00B9B602B3FF65FAF0B9B412B34
:10B5400014D0302B0FD8172B05D8102B7FF417AF42
:10B55000DFF8AC8014E02B4A183B22FA03F3DB0738
:10B560007FF50DAFF4E7612B7FF409AF013B0136A6
:10B570000B93EDE70B9B302B7FF401AFDFF8888056
:10B58000202D0B9A66D13146002620AF384603F0B5
:10B59000C6FD0B9B1C22314615A80A93149603F096
:10B5A000E3FD182231460EA803F0DEFD4FF41052E1
:10B5B0004FF48071DFF83CB00DA80DF1700AADF8C2
:10B5C0003420ADF83610CDF840B005F08EFC1022D6
:10B5D00051463046FFF732FAC0B10446D1E600BF0B
:10B5E000000510050002C003004440040900800368
:10B5F0000000020900025005A438010000FF0720E6
:10B60000000000200101000110940550504614A9CB
:10B61000FFF74CFD0028E0D10BAB08935023CDE998
:10B620000673042303930CAB02930C230A9ECDE90B
:10B6300000A30F3626F00F065B462A46CDE90476B6
:10B6400014A90DA801F0BCFA0028C6D156460B9BE0
:10B6500010330B9300250B9F0F374FEA171A5545F0
:10B6600013D11F2F18D81C22002114A803F07CFD31
:10B670000025554517D11F2F7FF683AEBA20FFF75F
:10B68000F9F800283FF47DAE2BE009EB050005F04A
:10B6900093FB98B30135E2E72946484605F075FC6F
:10B6A0000028E0D099E708EB05124FEA051B199234
:10B6B000D5B904220CA91AA803F031FDBDF8322037
:10B6C00006EB0B01C2F3C112189214A8102203F06A
:10B6D00026FD14A909EB0500FFF78CF840B105F031
:10B6E0006CFC6FF092044CE64FF0FF331A93E5E7E1
:10B6F0001C2114A805F054FB0135BAE76FF08A0449
:10B700003FE600BF10B590B01C22002101A803F055
:10B710002BFDF82005F050FB08B3202200200DEB94
:10B720000201FFF78BF90446F8B901A84FF48071C4
:10B7300005F0DBFB0E4B0F4904930F4BCDE90113D2
:10B740000E4BF821069320230DEB0302FFF7F0FDCB
:10B75000202104460DEB010005F022FB05E0F92055
:10B7600005F02AFB0028D8D10446204610B010BDB1
:10B770000010C00400240001014B4E80F800FF7F40
:10B780007FB56C4684E803009DF8006003A930464D
:10B7900015461C4605F0DEFB88B9BDF80E10C1F356
:10B7A000C1110139C9B202298FBF6FF08600054B64
:10B7B0005A5C054B9EBF13432B60C4E9006004B084
:10B7C00070BD00BF533E0100004B4E802DE9F04399
:10B7D00085B0884601A9064614461D460C9F05F013
:10B7E000B9FB48B9B6F1F80348F1FF38022B78F1FC
:10B7F000000804D26FF0860005B0BDE8F08305F0C4
:10B80000DCFB0028F8D1002CF4D09DF8048018F05F
:10B810000F0240F0C180BDF80630C3F3C113013BF5
:10B82000DBB2022B00F2BB80634908F03008C95C30
:10B83000624BB8F1100F43EA0103636038D1604BEB
:10B840002360204602A9FFF73BF80028D4D1029BD1
:10B85000BB4200F2AD8044F212122188019891425D
:10B8600004BF042205F8012B0D9A214613609DF8B0
:10B8700004302A78C3F3011363F301022A7003AA88
:10B8800008BF07F1FF3705F03AFB0028B4D12B7849
:10B89000039A6E7062F384032B70238803F44F4283
:10B8A000B2F5824F73D139462846FFF7C1FCA3E7B2
:10B8B000134691469DF807104248490891B94946F8
:10B8C000204605F012FB019BC3F38533202B2BD0C0
:10B8D00013D80C2B2DD0142B2FD0082B31D06FF078
:10B8E000920089E7CA0705D5062B5BD850F82320BC
:10B8F00049EA020949080133E0E7342B25D0382B07
:10B9000027D0242BEBD14FF410532F4AE2609DF83F
:10B9100006202380C2F30212013A052A45D8DFE847
:10B9200002F0341C2C2E44314FF410534FF00822F7
:10B93000ECE74FF41053254AE8E74FF41053244A3C
:10B94000E4E742F20403234AE0E74FF48853224A33
:10B95000DCE747F21213214AD8E7C0226280B8F12F
:10B96000000F7FF46EAFB3F5105F03D119F0030F32
:10B970003FF467AF6FF096003EE7FF22EEE74FF42B
:10B980008072EBE74FF4C072E8E78022E6E7B3F598
:10B99000885F7FF431AF86E76FF088002CE76FF0A7
:10B9A000910029E76FF0830026E76FF0980023E706
:10B9B0006FF0890020E700BF533E0100004B4E802E
:10B9C00001108001A43801000002C00300025005EC
:10B9D000004440040005100509008003000002092E
:10B9E00010B421F49F620D4C22F00702A2420346DC
:10B9F000016004D00A4A21F0FF04944203D11846A2
:10BA000010BC00F04DB9B1F1082F02D110BC05F007
:10BA100086BB6FF0850010BC704700BF00010008B6
:10BA2000000400082DE9F0410568DFF8488025F49E
:10BA30009F6E2EF0070EC64504460E4617469C46DE
:10BA400005D0DFF834E025F0FF08F04507D13A468D
:10BA500031462046BDE8F041634600F051B9B5F1EA
:10BA6000082F03D1BDE8F04105F065BB6FF08500FC
:10BA7000BDE8F081000100080004000870B404680B
:10BA80001D46B4F1082F039E09D0094B24F0FF0492
:10BA90009C4208D033462A4670BCFFF7C3BF0396CA
:10BAA00070BC05F07EBB6FF0850070BC704700BFB6
:10BAB000000700082DE9F043002405880E4605F430
:10BAC0004F41B1F5824F4188254887B01F46DDE9D7
:10BAD000119300EA030023F0004323F47F03904610
:10BAE0002A4618BF2546B3F1106FC9F800401D4B18
:10BAF00040F010600BD198420BD122F0FF03B3F558
:10BB0000E24F0CD06FF0860007B0BDE8F08398429A
:10BB100002D0154B9842F5D16FF08500F4E7EDB2F5
:10BB2000284605AA02F0D8F8B8B9059B5C684445D8
:10BB3000E8D1284602F010F90028EDD0109B2246EB
:10BB400002930F9B314601930E9B05980093CDF80D
:10BB50000C903B4602F0D4FAD6E72046D4E700BF6B
:10BB60000000FFF60000020900000109F0B40468BB
:10BB7000DFF83CC024F49F6727F0070767450346BA
:10BB80000D46164604D00B4F24F0FF0CBC4505D1E2
:10BB900032462946F0BC184600F042B9B4F1082FED
:10BBA00002D1F0BC00F082B96FF08500F0BC7047A4
:10BBB000000100080004000838B50368084A23F0B3
:10BBC000FF039342054609D105F049FA0446284689
:10BBD0004FF4886105F0E4F8204638BD0024F6E70C
:10BBE0000001000803782C4A43F0007393422DE9CA
:10BBF000F34105463ED003F17E43043B112B3BD875
:10BC0000264AD65C00233246284605F2D12101930C
:10BC100002F002FB0446D0BB95F8D03205F1540780
:10BC200063BB95F8D03238460133D5F8D42385F874
:10BC3000D03205F2513100F0BDFC044638BB012280
:10BC4000384605F5347100F0B5FC0446F8B905F244
:10BC5000113832464146384601AB00F0CDFC04466F
:10BC6000A8B93246414605F1100003F058FA85F8AC
:10BC700050600CE01026C5E70026C3E73246384680
:10BC800005F2113100F096FC04460028C9D0204688
:10BC900002B0BDE8F08100BF03000002663E010073
:10BCA0000378164A43F0007393421FD003F17E439A
:10BCB000043B112B1ED8DFE803F009091D1D1B13DF
:10BCC00015171B131D1D1B1315171D1714230022F9
:10BCD000C3EB0323C0E90232102383801046704770
:10BCE0002023F4E73023F2E74023F0E71023EEE7C8
:10BCF0001C23ECE76FF08500704700BF03000002D3
:10BD00002DE9F34100271646026804461D464148C6
:10BD1000D3B243F00073834201971BD003F17E43FB
:10BD2000043B0F2B01D83C48C75C3C4B22F0FF0280
:10BD30009A4211D140F2011399420DD1402D65D89C
:10BD40002A46314604F2D12003F0E9F91223A380F8
:10BD5000002014E04027E8E7A388DA0641D5132B3A
:10BD60003FD040F2022291420CD040F20322914295
:10BD70003AD040F2011291420FD06FF0860002B02B
:10BD8000BDE8F081102B2CD12A463146204602F026
:10BD900043FA0028F3D11123D9E7102B1FD104F265
:10BDA000D1284021404604F0FBFF3A464146204658
:10BDB00002F032FA0028E2D104F154082A46314652
:10BDC000404600F0F7FB0028D9D112233A46A38061
:10BDD000404601AB04F2D12100F00EFCCFE7112B5D
:10BDE000EAD06FF08800CAE794F8D833002BF8D176
:10BDF000802D0BD82A46314604F2513003F08FF9DA
:10BE00000123C4F8D45384F8D833A1E76FF08C0031
:10BE1000B5E700BF03000002563E01000005000820
:10BE20002DE9F04104680E461C4924F0FF078F42BB
:10BE300013460546828820D1112A2BD91322E4B259
:10BE40008280174A44F0007494420BD004F17E447F
:10BE5000043C112C08D8134A125D9A4205D96FF0A0
:10BE6000890008E01022F8E70022304605F2D121CF
:10BE700003F055F90020BDE8F081112A0AD990F8A5
:10BE8000D8233AB11322084982803246BDE8F041F6
:10BE900006F0EEBA6FF08800EDE700BF000400087E
:10BEA00003000002663E0100E5BB00008388F7B591
:10BEB0001746A3F14102032A04460E4632D8442B0A
:10BEC00008D13B4632462046184903B0BDE8F04051
:10BED00006F0CEBA442385688380EA02C5F347534F
:10BEE00043EAC56302F47F026D09134305F47F45FD
:10BEF0002B43D0F80C23C0F83C3400F53B7102F022
:10BF00008BF968B9204605F0ADF848B9102201ABAD
:10BF100004F5347104F1540000F06EFB0028D0D019
:10BF200003B0F0BD6FF08800FAE700BFAF1001006A
:10BF30002DE9F8430C46DDE908981946144B0746ED
:10BF4000984515461DD11388B3F5105F19D1B9F185
:10BF5000200F19D804F582764A46304603F0DFF800
:10BF60004A463146284604F1E803FEF78FFB30B914
:10BF70001023C4F8008084F8367184F83531BDE8A8
:10BF8000F8836FF08500FAE76FF08600F7E700BFEF
:10BF90000044400437B5069C094DAC420DD10D88D4
:10BFA000B5F5105F09D1CDE9003413460A460146C4
:10BFB0000120FFF7BDFF03B030BD6FF08500FAE749
:10BFC0000044400437B5069C094DAC420DD10D88A4
:10BFD000B5F5105F09D1CDE9003413460A46014694
:10BFE0000020FFF7A5FF03B030BD6FF08500FAE732
:10BFF0000044400408B539B940F293120749084893
:10C0000003F03CF9FBF7A0FB102A04D1D53003F074
:10C0100086F8002008BD6FF08600FBE7783E01003F
:10C02000683D01002DE9F04F87B00446DDE910B806
:10C0300015461E46894679B93AB14FF4E2727B49FA
:10C040007B4803F01BF9FBF77FFBB8F1000F06D02C
:10C05000C8F8002000205FE0B8F1000F02D140F2E4
:10C06000C512ECE70023C8F80030002AF2D0002EF9
:10C0700000F0CA8090F834319818584500F2C48016
:10C0800094F83571E3B1A7EB030A04F592705245B9
:10C09000184407D203F043F894F834312B4484F861
:10C0A0003431D7E75246059303F039F894F8342138
:10C0B000059B1744FF1A84F83471D144A5EB0A0597
:10C0C00094F8353194F834A15F422F400CD1BAF185
:10C0D000000F00F09C80226856498A423ED15345A9
:10C0E0001DD04FF40172AAE7226852498A4235D125
:10C0F000BAF1000FF3D194F836314A46012BCDE95D
:10C1000001B83B4604F1E80104F10400009622D195
:10C1100006F003FA002845D007B0BDE8F08F94F888
:10C1200036C104F59272BCF1010FCDE901B804F1FA
:10C13000E80104F1040000960AD106F0EEF90028A7
:10C14000EAD194F8343184F834015FB31E44D2E765
:10C1500006F008FAF3E706F005FADBE794F8D430C6
:10C160004BB3201D01F006F8002842D194F8343179
:10C1700004F1040B7BBB37B133463A464946584677
:10C1800005F0B2FAA8BB584605F015FB88BB584627
:10C1900005F05EFB68BBD8F800309A440AEB070351
:10C1A000C8F80030BD427FF655AF94F834318BB3F8
:10C1B00040F2632243E7204B9A424FF0010314BF41
:10C1C0006FF002006FF0200084F8D43004F0D8FC47
:10C1D0000028CBD0A0E794F835219A4202D040F253
:10C1E0003B222CE73346584604F5927105F07CFA61
:10C1F00020B107B0BDE8F04F04F0C2BC94F835316F
:10C2000084F834011E44B6E76FF0890084E7002DFE
:10C210003FF420AFED1B2A4609EB070104F59270AD
:10C2200002F07DFF84F8345114E700BF783E01002E
:10C23000683D01000044400400018004F0B504465C
:10C240000E4617461D4685B03BB94FF41C72344963
:10C25000344803F013F8FBF777FA00232B6090F8CB
:10C2600034311BB161B940F27B22F0E702682E4BFA
:10C270009A4202D0002005B0F0BD0029FAD1F2E7C1
:10C2800002682A498A4212D104F5927294F8364122
:10C2900000F1E801012CCDE9017500F104000096E0
:10C2A00002D106F03AF9E6E706F05CF9E3E790F828
:10C2B000D4306BB1043000F05DFF08BB94F834213A
:10C2C000BA422A6014D900236FF089002B60D2E7AC
:10C2D000174B9A424FF0010380F8D43014BF6FF02F
:10C2E00002006FF0200004F04BFC0028E6D0C2E70B
:10C2F000251D3346284604F5927105F0F5F920B165
:10C3000005B0BDE8F04004F03BBC284605F026FA35
:10C310000028F5D1284605F09BFA0028AAD0EFE7BF
:10C32000783E0100683D01000041400400444004A3
:10C33000000180042DE9F04FD3B09B46DDE95E8912
:10C340005C9B05460E461746DDF880A1629C33B91A
:10C3500084222749274802F091FFFBF7F5F9B8F14D
:10C36000000F04D1B9F1000F01D08522F1E7BAF135
:10C37000000F01D18622ECE70CB98722E9E7002102
:10C380004FF49C72216004A802F0EEFE1A4A934515
:10C3900013D13A46314628463EABFEF777F948B905
:10C3A000619B4246CDE900A302944B463EA905A8F5
:10C3B00006F0B3F853B0BDE8F08F33462A460120AB
:10C3C000CDE9007B04A9FFF7B3FD0028F2D1DDE938
:10C3D0005C1204A8FFF70EFE0028EBD1619B4A46D1
:10C3E000009341465346019404A804F00CFFE1E792
:10C3F000783E0100683D0100004440042DE9F04F03
:10C40000D3B08046DDE95C74894692469B46609EC7
:10C410003FB934B1ED222D492D4802F02FFFFBF733
:10C4200093F95E9B0BB9EE22F5E70EB9EF22F2E726
:10C430004FF49C72002104A802F096FE254A934511
:10C440004FF00002326004D1E4B9002053B0BDE8DF
:10C45000F08F002CF9D0204A934531D152464946FD
:10C4600040463EABFEF712F90028EFD15F9B3A46FB
:10C4700001935E9B029600933EA9234605A806F011
:10C4800071F8E3E70C25AC421CD34B464246002032
:10C49000CDE900AB04A9FFF74BFD0028D6D12A4611
:10C4A000394604A8FFF7A6FD0028CFD15F9B01966F
:10C4B0000093621B5E9B791904A804F0A4FEC5E7F3
:10C4C0001025E0E76FF08600C0E700BF783E01006E
:10C4D000683D010000018004004440042DE9F04162
:10C4E00015461A46069B03F0FE44B4F1407F06D081
:10C4F00019222A492A4802F0C1FEFBF725F90468EF
:10C50000002C43D1274C13F47C16036004EA030487
:10C510000AD0C3F30546B4F1607F46602BD12946AB
:10C52000BDE8F04105F0D5BEB4F1607F12D11E49DF
:10C53000DCB244F000748C4202D110214160EEE77D
:10C5400004F17E44043C112C01D94660E7E7174909
:10C55000095DF3E7B4F1707F01D046600BE00C8811
:10C5600004F4E047B7F5005FF7D10126C4F30224D5
:10C5700006FA04F4446023F47E140D4B9C4209D166
:10C5800013462A46BDE8F04100F010B96FF088006C
:10C59000BDE8F0816FF08500FAE700BFDB3E0100E7
:10C5A000683D01000000C07F030000023B3F010026
:10C5B0000002C00310B4046884B19AB10C4B23404C
:10C5C000B3F1607F02D110BC05F0AEBE094B24F47C
:10C5D0007E149C4208D110BC04F08EBE6FF088001F
:10C5E00010BC70471046FBE76FF08500F8E700BF0E
:10C5F0000000C07F0002C0032DE9F0410468054639
:10C600000F461E4694B3A1B34368934234D81C4BE3
:10C61000DFF870802340B3F1607F0DD024F47E14E6
:10C62000444512D1284604F0A4FE044684B10023F8
:10C6300033602046BDE8F08105F0E4FE2B68044637
:10C6400023F47E134345F1D1ECE76FF09604EEE757
:10C6500005F10C0138466A6802F061FD6B684FF421
:10C660001F712846336004F09BFBE2E76FF08804FB
:10C67000DFE76FF08604DCE76FF08904D9E700BFDD
:10C680000000C07F0002C003F8B5036805460E46EF
:10C690007BB389B34168914203D06FF09404204684
:10C6A000F8BD184A184F1A40B2F1607F18D023F431
:10C6B0007E13BB4223D1284604F05BFE0446002CC7
:10C6C000EDD131466A6805F10C0004F023FB044605
:10C6D0000028E2D14FF41F71284604F061FBDEE729
:10C6E00005F090FE2B68044623F47E13BB42E6D18E
:10C6F000E1E76FF08804D2E76FF08604CFE76FF0D0
:10C700009604CCE70000C07F0002C0032DE9F04F83
:10C7100005461C460E461746ADF5237D4FF41F72A5
:10C72000DDE9ACABDDE9AF89002103A802F01CFD17
:10C7300029463B463246009403A8FFF7CFFE054644
:10C7400060BB194B24F47E149C4212D1049B4345D8
:10C7500026D85A465146AE9B03A804F055FE04461F
:10C76000B8B9049BC9F8003028460DF5237DBDE813
:10C77000F08F5A46514603A8FFF71CFF044640B904
:10C780004B464246AE9903A8FFF736FF0446002801
:10C79000EAD003A804F06AFD2546E5E70446F8E779
:10C7A0006FF08904F5E700BF0002C003F8B50E463C
:10C7B000114632881D46B2F5105F044673680FD1EA
:10C7C000A5F1100010280ED8174AC240D20714D481
:10C7D00016481A0AB0EB132F0FD0154B9A420CD003
:10C7E0006FF085001CE011481A0AB0EB132F02D03D
:10C7F0000F4B9A42F4D1202D13D804F5B2772A4674
:10C80000384602F08CFC2A463946304604F5A473BB
:10C81000FDF73CFF20B91023A360012384F84C30BE
:10C82000F8BD6FF08600FBE7010101004B4E800070
:10C83000004E8000064B984202D0064B984204D12D
:10C84000A1F10C035842584170470020704700BFC7
:10C85000000510050002500510B50268044690F866
:10C860004D101046FFF7E6FF58B3174B9A4215D00C
:10C87000164B9A4222D194F89A3004F1A000211D5F
:10C8800004F1400294F858402CB904F03EFEBDE893
:10C89000104004F075B904F036FEF8E794F89A30C9
:10C8A00004F1A000211D04F1400294F8584014B98D
:10C8B00004F0F0FFEBE704F0E5FFE8E76FF00200BB
:10C8C000E5E76FF0880010BD000510050002500577
:10C8D0002DE9F843DDE90895B9F1200F0E4604462D
:10C8E0009046194644D800F120074A46384602F0DF
:10C8F00016FC4A4639464046231DFDF7C7FE28BBB5
:10C900001D4A25F47E13934202D11C4B23600DE097
:10C910001B4A934220D0B3F1052F0BD0194A934202
:10C9200016D002F58072934214D0206084F85860CB
:10C93000002509E0144B84F8586023606B4033F401
:10C940007E13F5D1C5F3054584F89A50BDE8F88308
:10C950000E4BDBE70E4BD9E785F0AA620D4B82F454
:10C96000807232F47E12236084F85860EAD0E5E7E2
:10C970006FF08600EAE700BF0001400500015005A6
:10C980000002400500060005000510050006100520
:10C99000000710050002500570B4202B039C0ED830
:10C9A0000A4E24F47E15B54202D170BC05F051BF89
:10C9B000B5F1052F07D1039470BC06F082B96FF072
:10C9C000860070BC70476FF08500FAE700024005F2
:10C9D00070B4202B039C0ED80A4E24F47E15B54269
:10C9E00002D170BC05F040BFB5F1052F07D103940B
:10C9F00070BC06F071B96FF0860070BC70476FF0C4
:10CA00008500FAE70002400510B40368074CA34212
:10CA100002D110BC05F033BF054CA34202D110BCBB
:10CA200006F065B96FF0850010BC70470002500534
:10CA30000005100510B40368074CA34202D110BCD6
:10CA400005F02CBF054CA34202D110BC06F05EB924
:10CA50006FF0850010BC70470002500500051005FE
:10CA600030B490F89C506DB982B103680A4CA3426F
:10CA700002D130BC05F016BF084CA34208D130BC2F
:10CA800006F048B96FF0880030BC70471046FBE7ED
:10CA90006FF08500F8E700BF0002500500051005A3
:10CAA000F0B40024DDE9045634608AB19BB1AA4297
:10CAB00011D804680B4FBC4202D1F0BC05F01ABF7C
:10CAC000094FBC420AD1CDE90456F0BC06F03FB98B
:10CAD0001046F0BC70476FF08900FAE76FF08500F0
:10CAE000F7E700BF0002500500051005F0B54FF054
:10CAF000000EDDE905C5079EC3F800E0C6F800E0BA
:10CB000090F89A70AF4212D804680C4FBC4203D11F
:10CB1000BDE8F04005F057BF094FBC420AD1CDE94E
:10CB20000656CDF814C0BDE8F04006F077B96FF0B6
:10CB30008900F0BD6FF08500FBE700BF00025005E3
:10CB400000051005F0B400271F6090F89A50059F6B
:10CB5000049EBD420FD104680A4FBC4203D1059523
:10CB6000F0BC05F04CBF084FBC4208D1CDE90465CC
:10CB7000F0BC06F078B96FF09400F0BC70476FF02D
:10CB80008500FAE7000250050005100508B50A4ABD
:10CB90000368934206D0094A934207D1BDE8084092
:10CBA00005F064BFBDE8084006F089B94FF46A712A
:10CBB00004F0F6F8002008BD00051005000250053D
:10CBC0002DE9F04F88464649914623F47E12ADF593
:10CBD0006D7D8A420746DDE9FD5A9B46F79EFB9C28
:10CBE0007AD001F580718A4202D0B2F1052F73D15B
:10CBF0004FF46A72002102A802F0B6FAA54268D387
:10CC00003A4643460121CDE9009B02A8FFF760FEAA
:10CC1000074600284ED1F99B31460298CDE91634DB
:10CC2000FFF708FE002843D03246F69912A802F01A
:10CC300076FA02A88DF85560FFF70EFE0746002829
:10CC400038D1DDE9F8122AA804F06AFC03F098FF55
:10CC5000074678BB2246FC9BFA992AA804F096FC6A
:10CC600003F08EFF064678BBFC9B2D1B19199DF81F
:10CC7000A2309D422AD32AA800F01CF958B103F033
:10CC80007FFF0746B0B93C44CAF8004030460DF576
:10CC90006D7DBDE8F08F2AA804F0E9FC0028EED1F4
:10CCA0004FF46A7102A89DF8A27004F079F8EAE7DF
:10CCB0006FF0850700234FF46A71CAF8003002A8AC
:10CCC00004F06EF83E46E1E70746F3E76FF08907A8
:10CCD000F0E76FF08906D9E76FF08506D6E700BF69
:10CCE000000140052DE9F04F9346414A1C4623F4CC
:10CCF0007E13ADF56D7D93428146DDE9F9578A4695
:10CD0000DDF8DC83FE9E70D002F58072934202D083
:10CD1000B3F1052F69D14FF46A72002102A802F025
:10CD200023FACDE900B453464A46002102A8FFF792
:10CD3000CFFD044600284AD19DF8A220FB9B9B1AF8
:10CD4000FD9A3360934240D841460298CDE916538C
:10CD5000FFF770FD002843D04246F69912A802F072
:10CD6000DEF902A88DF85580FFF776FD044670BB0A
:10CD70002A46F8992AA804F0D3FB03F001FF0446E1
:10CD800028BB3946FC9B32682AA804F0FFFB03F05D
:10CD9000F7FE054638BB31682AA8394400F0EEF8A2
:10CDA00040B103F0EDFE044688B928460DF56D7DCF
:10CDB000BDE8F08F2AA804F05AFC0028F1D14FF406
:10CDC0006A7102A803F0ECFFEFE76FF0890400231B
:10CDD0004FF46A71336002A803F0E2FF2546E4E7EE
:10CDE0006FF08504F3E70446F1E76FF08505DCE7B3
:10CDF000000140052DE9F041044690461F460D46CE
:10CE000019B10A688B681AB953B96FF0210647E067
:10CE100033B94B6823F00802102A01D0202B42D1ED
:10CE200001232046A376E56104F045FB0646002871
:10CE300036D121461D4B04F1200041F8843BAB68FC
:10CE40009A069B01DBB202F0E0421A4342F48042B0
:10CE5000112300F00DFBAB68226873B9616A2B687F
:10CE6000103141F8103C6B6843F0005341F8083C26
:10CE700093685B6841F8043C6162616A0C4BC1F8DD
:10CE800000808B60936810319B6841F8043C00235C
:10CE90002776C4E9023363612361D368616263600A
:10CEA0003046BDE8F0816FF04106F9E7C038010077
:10CEB0000C00002090F8203070B504460D46002B81
:10CEC00056D003685A68052A0ED1016B9A6911423F
:10CED0000AD0C26842B9826832B904F0DEFA00288A
:10CEE00008BF6FF0530070BD5A6AD4E904100E18E1
:10CEF000964207D2204604F0D0FA002808BF6FF00F
:10CF00000200F0E71B6904F1F402984768B1E26A95
:10CF1000636AC4321A60184A103343F8082C226836
:10CF20009268526943F8042C6362204604F0A4FA24
:10CF3000207EA36A00F10F0222F00F0203F110011C
:10CF400090421D609860A16207D00021121A42F041
:10CF5000804219619A612033A362002504F1200008
:10CF6000B621656004F1840200F092FA2846BAE71F
:10CF70006FF02000B7E700BF1000002090F82030CD
:10CF800070B504460D46002B77D003685A68052A11
:10CF90000ED1016B9A6911420AD0C26842B9826807
:10CFA00032B904F07AFA002808BF6FF0530070BD60
:10CFB0005A6AD4E904100E18964207D2204604F0AB
:10CFC0006CFA002808BF6FF00200F0E71B6904F15B
:10CFD000F40298472168636A80B3E26A1033C4326E
:10CFE00043F8102C264A43F8082C8A68526943F803
:10CFF000042C63626560204604F03EFAD4E90A30EE
:10D00000217EC43001F10F0222F00F02186091421C
:10D0100003F110009960A06207D00020521A42F07C
:10D02000804218619A612033A36204F12000B62186
:10D0300004F1840200F02CFA0020B8E78A6810336B
:10D04000906900F0C002C02A02BF53F8142C42F0CD
:10D05000200243F8142C217E43F8105C01F10F02EA
:10D0600022F00F0242F00055521A40EA022043F823
:10D07000085C43F8040C6362BDE76FF0200096E79C
:10D08000100000202DE9F0410446174698460D4651
:10D0900019B10A688B681AB953B96FF0210649E0D3
:10D0A00033B94B6823F00802102A01D0202B44D159
:10D0B00000232046C4E90085A36004F0F1FA064687
:10D0C000002837D12146012051F8703BAA68D3F8D7
:10D0D00000C098F8073008339840069B1843930126
:10D0E000DBB29206184302F0E042DCF80030024363
:10D0F00004F10C0000F0BCF9AB687BB923692A6825
:10D10000103343F8102C6A6842F0005243F8082CA0
:10D1100022681268526843F8042C236157B12369CE
:10D12000074A1F609A60226810331268D26843F879
:10D13000042C23613046BDE8F0816FF04106F9E729
:10D140001000002007B50022034B0092FFF79AFF62
:10D1500003B05DF804FB00BF04390100012307B5EB
:10D1600000220093024BFFF78DFF03B05DF804FB34
:10D1700004390100037B70B50446002B3CD10368E1
:10D18000DB7A002B3BD004F08BFA0546002831D126
:10D190002368E26959791B6822EA0102E26104F11D
:10D1A00070011B6804F10C0000F062F9D4E9001270
:10D1B0006AB193685BB9166852682369086842F0DF
:10D1C00000529A6042681E60DA6010332361A269DF
:10D1D0002369A4321A600B4A103343F8082C0A68FA
:10D1E000D26843F8042C23618A79E3691343E3612D
:10D1F0000023A360284670BD6FF02005FAE76FF0AA
:10D200004705F7E7100000202DE9F3411D464FF4D4
:10D210008073284C8046002017460E46019300F08C
:10D2200079FB01AB23601123234A0121C4E90223C6
:10D2300004F11003636040F61103E36104F120037D
:10D2400063612123089AE3621C4B46F000561A6082
:10D25000099A45F0005542F00052C3E9011220221C
:10D26000C4F81080A6612762A5626162DA60BFF32C
:10D270005F8F134A1460BFF35F8FBFF35F8F13613B
:10D28000BFF35F8FBFF35F8F03235363BFF35F8FE2
:10D29000BFF35F8F9363BFF35F8F00F06FF9431CA1
:10D2A0000446FAD0002000F05FFB204602B0BDE843
:10D2B000F08100BF2CC10020040000201CC1002010
:10D2C000000001502DE9F04198464B680446202BA0
:10D2D0000E46174636D10025C161857604F0EBF87D
:10D2E00021461A4B424641F8843B04F120001423A6
:10D2F00000F0BEF83268636A20681A608168144AD8
:10D300009A604A68DA604FF08072C4F80421E26AD9
:10D31000D4321A610F4A9A618A68C3E907270E4A14
:10D32000303343F8082CCA6843F8042C6362069B28
:10D330002376C3682846C4E90135C4E9035565610D
:10D34000BDE8F0816FF04100FAE700BF4439010009
:10D3500020000020040000200C0000202DE9F041F6
:10D360001F464B680546202B0E46904628D141604B
:10D3700004F096F92946144B069A41F8703B42F0A6
:10D380000102142305F10C0000F072F833682C69D7
:10D39000002023600D4BA3602B681B685A68DB6874
:10D3A000C4E90328C4E9073742F61443084AA261D6
:10D3B000084AC4E90A2330342C61A860BDE8F08132
:10D3C0006FF04100FAE700BF24390100200000207F
:10D3D000040000200C00002070B504460D4619B171
:10D3E0000A688B681AB953B96FF0210639E033B96E
:10D3F0004B6823F00802102A01D0202B33D120469D
:10D40000256104F070FB064658BB184B04F1780107
:10D41000236001236360AB6804F114009A069B014A
:10D42000DBB202F0E0421A4342F48032112300F0F2
:10D430001FF8AB688BB92A68A3691A606A68103351
:10D4400042F0005243F8082C22689269926843F82F
:10D45000042CA36163680133636000221023C4E9D4
:10D460000223304670BD6FF04106FAE788390100AB
:10D47000026100F11402826000F11002C2600A60D1
:10D48000024AC1E9022310314160704704000020C4
:10D490004368A3F11001914240D8012243F80C2CBB
:10D4A00053F8042C42F0200243F8042C53F8082CC3
:10D4B00042F0005243F8082C836800F11402A3F1F3
:10D4C000100191422ED8012243F80C2C53F8042C61
:10D4D00042F0200243F8042C53F8082C42F000528A
:10D4E00043F8082CC36803F15402BFF35F8F0F4B5E
:10D4F0001A60BFF35F8FC2680432BFF35F8F1A6197
:10D50000BFF35F8FBFF35F8F03225A63BFF35F8F59
:10D51000BFF35F8F9A63BFF35F8F7047103242F89B
:10D520000C2CB8E7103242F80C2CCAE7000001506E
:10D5300038B5BFF35F8F104CE569BFF35F8FBFF362
:10D540005F8F10236363BFF35F8F012001F09AFCAC
:10D55000BFF35F8F00236363BFF35F8FBFF35F8F02
:10D56000E36BBFF35F8F5B06F8D425B1BFF35F8F2A
:10D57000E561BFF35F8F38BD0000015008B500F0D2
:10D5800059FA104A20B9BFF35F8F906ABFF35F8FDB
:10D59000BFF35F8FD36BBFF35F8F10F0240F03F0E7
:10D5A000230304D0FFF7C4FF6FF01F0008BD4FF046
:10D5B000FF30002BFAD1BFF35F8F1063BFF35F8F93
:10D5C0001846F3E700000150C26870B572B9C3692C
:10D5D00000F128041C603B4C103343F8084C4468AD
:10D5E000E46844F4806443F8044CC361836A9B0597
:10D5F0002CD4044654F8EC3BDD68302D34BF0826AB
:10D6000010261D6901366B1E1340EB1AB34238BF5A
:10D610005B191C44D50004F8015C03F1EB045209CA
:10D62000044400F1ED05A54248D18022446A80F807
:10D63000EC20C269C434146044689360E46810321A
:10D6400042F8044CC26102691A4402610269056829
:10D65000D31C23F003039B1AC26952F8044C44EA1A
:10D66000032442F8044C52F8084C2344EC6843F07D
:10D67000005342F8083C036AE21C22F003021960DE
:10D68000944203F110019C60016207D00021121B3B
:10D6900042F0804219619A6120330362836A13F475
:10D6A00080610AD16B699C4207D0026A1B1B43F060
:10D6B0008043116093601032026270BD04F8012D46
:10D6C000120AB0E704000020B1F5AA7F70B5054644
:10D6D0001BD303681C6814F0400419D100F118062C
:10D6E000304600F017F929460B4B51F87C2B304699
:10D6F0006B6012681323FFF7BBFE084B20466B617B
:10D700000123C5E90344AB6070BD6FF02200FBE765
:10D710006FF00200F8E700BFD4390100C9D500005E
:10D72000BFF35F8F094A1368BFF35F8F43F48071C3
:10D73000BFF35F8F1160BFF35F8F23F48073BFF37C
:10D740005F8F1360BFF35F8F704700BF0010015001
:10D75000BFF35F8F1522064B5A62BFF35F8FBFF393
:10D760005F8F40F237129A62BFF35F8F704700BF3E
:10D770000010015008B5FFF7D3FFBFF35F8F064AD3
:10D780001368BFF35F8F43F00103BFF35F8F136034
:10D79000BFF35F8F08BD00BF0010015070B50026B9
:10D7A000C0E9006605460C46FCF79EFE01232B707F
:10D7B000FFF7B6FFBFF35F8F204BDB68BFF35F8FD0
:10D7C0009B08013BACB3226842B19A4205D9FCF7F1
:10D7D000AFFE6FF03F002E7070BD1346D4E9011507
:10D7E000E068002908BF4FF40071002808BFF1204D
:10D7F0002469BFF35F8F114A9360BFF35F8FBFF35C
:10D800005F8F1564BFF35F8FBFF35F8F5064BFF30B
:10D810005F8FBFF35F8F5163BFF35F8F44F480244A
:10D8200044F00104BFF35F8F1460BFF35F8F0020EB
:10D83000D2E74FF40071F1202546DAE700100150DD
:10D84000037870B50D461446002B53D0BFF35F8F9D
:10D850002D4A136BBFF35F8F5908C3F34203052BA7
:10D860004BD011F0060F02D14FF0FF3070BD43686E
:10D87000D3B9BFF35F8F5368BFF35F8F032BF3D927
:10D88000224B2349BFF35F8FD2F88060BFF35F8FD5
:10D89000BFF35F8F43F8046BBFF35F8F8B42F1D10F
:10D8A000FFF768FF01234360BFF35F8F164B9A6851
:10D8B000BFF35F8F0132B4EB021F21D8BFF35F8F3C
:10D8C0005A68BFF35F8FB4EB820FCDD884B1BFF33A
:10D8D0005F8FD3F88020BFF35F8F291D05F8012BE0
:10D8E0008D424FEA122204F1FF34EFD0002CF5D123
:10D8F0000020BBE76FF02000B8E76FF05100B5E7FC
:10D900006FF03F00B2E700BF00100150101001504F
:10D910002010015010B50446FCF7E6FD104B1878B6
:10D9200005F007FF0CB101232370BFF35F8F0022C6
:10D930000C4BDA61BFF35F8FBFF35F8F4FF0FF32A5
:10D940001A63BFF35F8FBFF35F8F3422DA61BFF3D7
:10D950005F8F012203F59223C3F8042310BD00BF9B
:10D9600077C200200000015010B5044638B9FCF71A
:10D97000DFFDBDE81040074B187805F0DCBE0378EA
:10D980003BB1FCF7D5FD034B187805F0D4FE00231E
:10D99000237010BD77C2002008B5054B186805F04C
:10D9A000CCFE044B1868BDE8084005F0C6BE00BFB9
:10D9B000D4AF0020D0AF002038B5184CD4F80051B7
:10D9C000BDB1BFF35F8F164B996ABFF35F8FBFF393
:10D9D0005F8F4FF0FF321A63BFF35F8F0023C4F8ED
:10D9E0000031D4F800310F4B1868BDE8384005F01D
:10D9F000B4BED4F8083153B100F066F804F05BF916
:10DA0000C4F80851D4F808310121074BECE7502243
:10DA10000649074801F032FCF9F796FE00900550E0
:10DA200000000150D4AF0020D0AF00205D3F0100C6
:10DA3000683D010038B5074B4FF0FF311D6828469F
:10DA400005F07EFE04464FF0FF31284605F080FECB
:10DA5000204638BDD4AF002010B5064CE36C3BB96E
:10DA6000214651F84C3B986904F07BFA0123E364AA
:10DA7000014810BD64C10020B0C1002010B50446AB
:10DA80000E4B187805F055FE0D4B1A682361226085
:10DA90005A6862609A68A2600A4A12689A6600230D
:10DAA000A364FCF721FD204604F0E7F80028FAD132
:10DAB000204604F0E7F80028F5D110BD78C2002018
:10DAC00064C10020F43901000048704764C100209F
:10DAD0000048704764C1002000487047B0C1002072
:10DAE00010B50446054A036912689A6600F04AF8C0
:10DAF0002046BDE8104004F0FBB800BF0C3A01001E
:10DB000010B50446FFF7ECFF0422084BC3F80823C6
:10DB1000FCF70EFD064A236912689A6600236364C7
:10DB2000044BBDE81040187805F005BE0090055084
:10DB3000F439010078C2002010B5104B104C23605E
:10DB400003F5C04363602461FFF786FF98B1236D3E
:10DB50002046B3F5007FCCBF4FF480634FF40073D1
:10DB6000A360FFF78BFF2046FFF7BAFF2046FFF7C1
:10DB7000C7FF002010BD0E20FCE700BF00200150B1
:10DB800064C1002010B5044604F020F9BFF35F8F94
:10DB9000204604F01AFA032280B141F21C0120460B
:10DBA00004F0BBF8204604F0C1F8074B1B68834221
:10DBB00003D00422054BC3F8042310BD2046BDE862
:10DBC0001040082104F0A9B8243A01000090055043
:10DBD000244B0340B3F5806F2FD017DC402B2ED0A1
:10DBE00008DC102B2DD0202B2DD0181E18BF0120A3
:10DBF00040007047B3F5807F27D0B3F5007F26D073
:10DC0000802B08BF0B2018BF02207047B3F5804F50
:10DC10001FD00ADCB3F5805F1DD0B3F5005F1CD0C8
:10DC2000B3F5006F08BF0620EDE7B3F5004F16D03F
:10DC3000B3F5803F08BF0320E5E7112070470A20B5
:10DC400070470C2070470920704708207047072054
:10DC500070471420704705207047042070470F203C
:10DC6000704700BFF0FF010010B50C4641F22C01D7
:10DC700004F056F8C0F3812003280EBF0023024BA6
:10DC80001B56236110BD00BF8E40010070B50F4EC2
:10DC90000F4C0546307805F04CFD206830B98022E5
:10DCA0000C49FCF7CBFE70B9202323602368094A96
:10DCB000013B2360002452F823202A60307805F0CD
:10DCC0003AFD204670BD0224F8E700BF79C200206B
:10DCD000D0C10020D4C1002012281BD0A0F1120313
:10DCE000302B2DD826280DD81738C3B20B2B27D8A8
:10DCF0001648184100F00100C0F1FF2000F57F0038
:10DD00007A3070472738C3B21148D84000F001007C
:10DD100087387047B1F5807F0ED006D8E0290CBF58
:10DD20006FF085006FF086007047B1F5C07F0AD0B4
:10DD300040F209239942F2E7064B00201360704736
:10DD40006FF0860070476FF085007047EEF7FFFFB9
:10DD50001102000CE4390100A0F11203DBB21E2B0A
:10DD60009DBF0348D84000F001000020704700BF6D
:10DD70002102214270B50446A4B0466811A80D46A0
:10DD8000FFF77CFE174B11A8196803F0CCFF214662
:10DD90006B46002211A804F082F8044680B911A84D
:10DDA00004F025F8DDE900120346284605F0C7F81F
:10DDB00011A8FFF7E7FE11A803F09AFF044648B147
:10DDC00011A8FFF79DFE204602F0DAFE0446204629
:10DDD00024B070BD11A8FFF793FE3146684602F0EB
:10DDE000DFFFF4E7B83B010070B5D51D1C78ED08E6
:10DDF0000646042C084611464FEA450286B002F159
:10DE000001021DD10A9C94421AD1104C104A344090
:10DE100044F0106494424FF0000414D15A1CCDE930
:10DE200002526A1C134401AACDE904530194FFF77E
:10DE300053FF18B9019802A9FFF79CFF06B070BD07
:10DE40006FF08600FAE72046F8E700BF0000FFF613
:10DE50000000020903882DE9F04103F44F44B4F5B2
:10DE6000824F08BF1C4603F4E04C1E4B18BF002431
:10DE700000259846C768E4B21E78A6421ED1D3E9B1
:10DE80000260BCF5804F08BF06461068D3F804E076
:10DE900018B98E4208BFC2F800E0106870450DD175
:10DEA0008E4203D06FF08600BDE8F081142303FB9F
:10DEB00005831B7C43B96FF08500F5E70135132D11
:10DEC00003F11403D8D1EDE7422C09D1064B9F4250
:10DED00006D003F20B139F4202D00A339F42E1D1D6
:10DEE0000020E1E73C3A0100000800062DE9F74375
:10DEF00005881F4605F44F43B3F5824F0E46804612
:10DF0000914641881BD1EDB2422D2FD8402D13D818
:10DF1000A5F11203DBB21E2B28D8224A42FA03F3E2
:10DF2000DA0723D4CC1DE408640001340A9BA34221
:10DF300007D26FF0890016E0CC1DE408F6E7002454
:10DF40002546284601AAFFF7C7FE60B9D8F8042085
:10DF5000154BB3EB122F0BD1B9F1020F0CBF6FF0C1
:10DF600085006FF0860003B0BDE8F0830024E8E789
:10DF7000123DEDB21E2D12D80C4BEB40DB070ED537
:10DF800039460423019A01F8013B304600F062FA59
:10DF900002F0F6FD0028E6D10B9B1C60E3E76FF072
:10DFA0008500E0E7DEFFFFBF004E8000210000405B
:10DFB000F0B5042200258469017D134B187E38B129
:10DFC000012810D0013A03F12003F7D1104619E0DF
:10DFD0001868A042F6D1D3E90260A84208BF8E4279
:10DFE000F0D101200EE01E68A642EBD1D3E9027603
:10DFF000B94275EB0606E5D3D3E904768F4276F194
:10E000000006DFD3F0BD00BFA837010000220D4B92
:10E01000F0B5D0E90540194615461E6886420AD17A
:10E02000D3E90276AE4208BFA74204D1182303FB0E
:10E0300002110869F0BD0132052A03F11803ECD181
:10E040000020F7E728380100F7B51F46284B0546A2
:10E05000002908BF98420E46144639D003F5FF4305
:10E060007D33C31861F10002022B72F1000238D235
:10E070004FF410524FF00823E3601E4B2280636080
:10E080004FF4807320466380FFF7C0FFC20448BF8F
:10E0900040F48060830448BF40F40060A06001A9A0
:10E0A0002046FCF70DFC88B9019B089A93421BD8C7
:10E0B000099A1360104AA369864208BF95420BD0A3
:10E0C0000132864208BF954209D07B7003B0F0BD93
:10E0D00047F21212094BCFE701223A70F5E702220C
:10E0E000FBE76FF08600F1E76FF08900EEE700BF15
:10E0F00001C0FF7F03004E8002C0FF7F09060006BB
:10E1000070B51446C4B01D460FABCDE90121CDE971
:10E110000432039220AB10220646002107A8069382
:10E1200001F022F8489A630001339A426CD12B78AF
:10E13000042B69D14A9B9C4269D86B1CCDE90743EB
:10E14000631C1D44304607A9CDE90945FFF712FEBF
:10E150000446002855D131A8FFF790FC2D4B31A87B
:10E16000196803F0E0FD0A25002231460BAB31A807
:10E1700003F095FE0446002834D131A803F037FEA1
:10E18000044602460B9901A804F0B0FEDDE90C122A
:10E19000234607A804F0D3FE31A8FFF7F3FC31A80B
:10E1A00003F0A6FD0446E8B9013DDDD131A803F036
:10E1B0005BFE054631A803F01AFE03AB0246D5E923
:10E1C000000104F0ACFE049B039A0C93059B499953
:10E1D0000D93069B0BA80B920E9304F087FE4B9BAE
:10E1E0000B9A1A60DDE9031002F0DAFDDDE9051093
:10E1F00002F0D6FD204602F0C3FC044631A8FFF72A
:10E200007FFC204644B070BD6FF08604F9E76FF0E4
:10E210008904F6E7D03B0100F0B58BB01646054601
:10E220001C220F4603A8002100F09EFF4FF6F87253
:10E230004FF4A053B2EBC60F4FF6FF7205934FEAAF
:10E24000C60338BF13462C68ADF80E30B4F1082F62
:10E2500019D1D5E9B9230993D5F8E032049313F025
:10E26000FF0308BF1A4608924FF410530A4CADF84A
:10E270000C303A463346009403A905F1540002F0ED
:10E28000F1FF0BB0F0BD054B9C42EDD0E4B24FF472
:10E29000885344F06074EAE70002C003000280087B
:10E2A0002DE9F84F0446DDE90AA50F4600F5F070A8
:10E2B0004FF4A0719B46914602F072FD85F0AA636F
:10E2C00083F4807333F47E1306D085F0AA6383F45D
:10E2D000007333F47E1344D1C5F30548A8F104025A
:10E2E0000C2A3ED841F61173D340DB0739D504F12F
:10E2F000200652465946304600F011FF314652463C
:10E300004846231DFCF7C2F90646F8B9402104F13E
:10E31000590002F045FD144A25F47E13934284F817
:10E32000996016D002F58072934214D0B3F1052F94
:10E3300013D00E4A934212D00D490E4A8B4218BF99
:10E340000022226084F8587084F89A803046BDE834
:10E35000F88F094AF5E7094AF3E7094AF1E7094A5C
:10E36000EFE76FF08606F1E70001400500060005C3
:10E3700000070005000710050001500500025005C8
:10E3800000051005000610052DE9F84F0446DDE9EB
:10E390000AA7884600F54870882191469B4602F0FE
:10E3A000FFFCBAF1200F43D8234D87EA050333F46D
:10E3B0007E133DD1C7F30543102B39D104F120065C
:10E3C00052465946304600F0AAFE3146524648466B
:10E3D000231DFCF75BF9064608BB402104F15900F8
:10E3E00002F0DEFC154B27F47E129A4284F8996005
:10E3F00018D003F580739A4216D0B2F1052F08D0D9
:10E400000F4B9A4212D00F4905F500758A4218BF8A
:10E4100035461023256084F8588084F89A303046B9
:10E42000BDE8F88F084DF4E7084DF2E7084DF0E736
:10E430006FF08606F3E700BF0005100500014005F8
:10E440000006000500070005000150050002500508
:10E45000000610052DE9F04796B0814603A80E4648
:10E4600015465768FFF70AFB254B03A8D3F800A011
:10E470004FF00008514603F056FC6B460022294637
:10E4800003A803F00CFD044618B103A8FFF738FBFE
:10E4900021E03A464946009804F0B2FDDDE9012347
:10E4A000294603A803F0CEFC03A8FFF76BFB03A8E3
:10E4B00003F01EFC0628044611D108F10108B8F14A
:10E4C0000A0F04D0514603A803F02DFCD5E703A89A
:10E4D000FFF716FB6A24204616B0BDE8F087002837
:10E4E000D3D103A803F0C0FC05463A460168304684
:10E4F00004F0B4FD3A466968F01904F0AFFDC4E7D2
:10E50000D03B01002DE9F04F0446CB7B904603F051
:10E510000F020E46110100EB0212D2E902506158BF
:10E520002F0947EA0077000940EA017089B0CDE978
:10E5300006700027DFF880B1526805F00F053BF840
:10E540001500090941EA0271120982EA0042CDE987
:10E55000041203F0F003E51804AB03EB070A0422EE
:10E56000514602A800F0DBFDE919042202A8DDF8FB
:10E57000089000F0D4FD029B042289EA0303504670
:10E5800002A90437029300F0CAFD102FE4D106F16E
:10E590000F09DDE90601070947EA01770909DDE905
:10E5A000042341EA0271CDE90671002700F00F0053
:10E5B0003BF81010120942EA03721B0919F8015DB9
:10E5C00083EA0143CDE904234FEA151A05F00F054C
:10E5D00004EB051504ABFB181946042202A80193AD
:10E5E00000F09DFD029BE919042202A8009300F0AF
:10E5F00096FD029A009B02A95A40019B029218467E
:10E600000422043700F08BFD102FE3D1DDE9060171
:10E61000DDE90423050945EA0175090941EA0271AA
:10E62000CDE906510025244900F00F0031F8101003
:10E63000120942EA03721B0983EA0143CDE904236C
:10E6400004EB0A1A04AB2B441946042202A80093D7
:10E6500000F065FD0AEB0501042202A8029F00F00C
:10E660005EFD029A009B57401846042202A9043519
:10E67000029700F054FD102DE4D14E4589D1049B42
:10E68000059A1BBA12BACDE90223082240460DEBC7
:10E69000020100F044FD069B079A1BBA12BACDE9AD
:10E6A000022308220DEB020108EB020000F037FD07
:10E6B00009B0BDE8F08F00BF383C0100042273B5FB
:10E6C00004460DEB02000D4600F029FD0422019BDB
:10E6D000A91823F0704323600DEB020000F01FFD2A
:10E6E0000422214E019B05F10801334063600DEBCC
:10E6F000020000F014FD0422019B05F10C013340DF
:10E70000A3600DEB020000F00AFD0422019B05F15D
:10E7100010013340E3600DEB020000F000FD042225
:10E72000019B05F1140123610DEB020000F0F7FCE1
:10E730000422019B05F1180163610DEB020000F05A
:10E74000EEFC0422019B05F11C01A3610DEB02000C
:10E7500000F0E5FC0020019BC4E90800C4E90A00C0
:10E76000E361206302B070BDFCFFFF0F2DE9F04FA5
:10E770000125214B8DB0D3F80090D9F80830D9F895
:10E7800000409D40013D3CB1A04728B121461B48B7
:10E7900000F074FDF9F7D2FD4FF0010A4FF000418F
:10E7A0002846F9F79FFD0026044609F10C07002CC6
:10E7B000F4D0D9F80830B34202D8F9F7BFFDEDE73D
:10E7C0000AFA06F814EA080F12D03B680BB9F9F7F9
:10E7D000B5FD69464046F9F78DFD3B686846DDF8B2
:10E7E00004B0984701465846F9F7A0FD24EA08040A
:10E7F00001360437DBE700BF600C002091400100C8
:10E8000010B5024CA446F8F7A1FF10BDD37D00005F
:10E8100010B5024CA446F8F799FF10BDD97D000051
:10E8200010B5024CA446F8F791FF10BD7F7D0000A3
:10E8300010B5024CA446F8F789FF10BDC57300005F
:10E8400010B5024CA446F8F781FF10BD017400001A
:10E8500010B5024CA446F8F779FF10BD5D760000B4
:10E8600010B5024CA446F8F771FF10BD057E0000FC
:10E8700010B5024CA446F8F769FF10BDD176000030
:10E8800010B5024CA446F8F761FF10BD5F7C000094
:10E8900010B5024CA446F8F759FF10BD037D0000E7
:10E8A00010B5024CA446F8F751FF10BD1F7C0000C4
:10E8B00010B594B004463C22002105A800F054FC99
:10E8C0004FF40173ADF8383004AB002102934023BC
:10E8D000CDE90011039302AA01230348049404F034
:10E8E000FAFE14B010BD00BF000100402DE9F04356
:10E8F0009BB08046DDE922690F461446002138228C
:10E900000CA81D4600F030FC4FF4C063CDE90A8727
:10E91000ADF850303EB9B9F1000F04D06FF0860069
:10E920001BB0BDE8F083249B102D0693259BCDF8EA
:10E930002490CDE90736269B0293279B0393EDD8BD
:10E9400034B122460DF13B0361198A4215D113956A
:10E950000AAB0493402305930123002E019302ABDD
:10E96000009304AA0CBF022303230021054804F0EE
:10E97000B2FE289B039A1A60D2E712F8010B03F843
:10E98000010FE2E7000100402DE9F0439BB0804613
:10E99000DDE922690F461446002138220CA81D46E5
:10E9A00000F0E2FB40F20163CDE90A87ADF8503098
:10E9B0003EB9B9F1000F04D06FF086001BB0BDE87E
:10E9C000F083249B102D0693259BCDF82490CDE950
:10E9D0000736269B0293279B0393EDD834B122463A
:10E9E0000DF13B0361198A4215D113950AAB0493CB
:10E9F000402305930123002E019302AB009304AA48
:10EA00000CBF022303230021054804F064FE289B69
:10EA1000039A1A60D2E712F8010B03F8010FE2E73C
:10EA20000001004070B5054694B00C461646002122
:10EA30003C2205A800F098FB2B680021069340F6C5
:10EA40000513ADF8383004AB02934023CDE9001133
:10EA5000039302AA012304480496ADF83A4004F057
:10EA60003AFE14B070BD00BF0001004030B5402533
:10EA700097B0044606AB2A460021184600F074FB06
:10EA8000042322680593089240F60A120123ADF888
:10EA9000402004AACDE9020500920021019302AAB8
:10EAA0000248049404F017FE17B030BD0001004086
:10EAB00070B5402696B0044606AB0D46324600219E
:10EAC000184600F051FB042322680593089240F693
:10EAD00001120123ADF8402004AACDE902060092FC
:10EAE0000021019302AA03480795049404F0F3FD62
:10EAF00016B070BD000100402DE9F0414FF0400814
:10EB0000074696B01C4606AB0E4615460021424607
:10EB1000184600F029FB3A680021089240F60412DA
:10EB2000CDE90208ADF840200223CDE9001102AA88
:10EB30000448CDE90454ADF8426004F0CCFD16B0B1
:10EB4000BDE8F08100010040F0B5402799B008AB66
:10EB500005460E46144600213A46184600F004FBCE
:10EB60001C23079304233268039301230A9240F67F
:10EB70000912019302ABCDE90407ADF848200093D8
:10EB80000021022304AA03480695029404F0A3FD81
:10EB900019B0F0BD0001004000B58BB0CDE9020115
:10EBA00002A904910821CDE905130CAB08930423B5
:10EBB000099300230792CDE9003340F2E9310323A2
:10EBC00004AA034804F087FD0BB05DF804FB00BF06
:10EBD0000201004010B58CB0CDE9020102A90891F4
:10EBE0000821099105A90A9104210F9C0B910E9906
:10EBF0000592CDE9061374B10123019306AB00938E
:10EC000040F2EA310223054808AA04F064FD079B9C
:10EC100023600CB010BD6FF08600FAE702010040DF
:10EC200010B58CB0CDE902010021CDE909110B919D
:10EC300002A90591082109ABCDE906130C2314465E
:10EC400008938AB1012307AA0193009240F2EB31A5
:10EC5000074805AA04F03FFD099B23600A9B6360F7
:10EC60000B9BA3600CB010BD6FF08600FAE700BFED
:10EC7000020100407FB502AB0493082305930023F3
:10EC8000CDE90201CDE900334FF47B71012304AAE1
:10EC9000024804F020FD07B05DF804FB02010040CB
:10ECA0007FB503AB04930423059300230390CDE9C0
:10ECB000003340F2F331012304AA044804F00BFDB1
:10ECC0000028B8BF012007B05DF804FB0501004033
:10ECD00000B589B003AB04930423CDE905320123C9
:10ECE00006AA03900791009240F2F231019304AA20
:10ECF000044804F0F0FC0028B8BF012009B05DF81A
:10ED000004FB00BF05010040F0B50446ADF26C4DB8
:10ED10000D46164600211C2203A81F4600F024FAC7
:10ED2000022C05D0042C1CD022480DF26C4DF0BDF5
:10ED3000214B08934FF41053ADF80C301F4B4FF498
:10ED4000886200210AA8049300F00EFA4FF008210F
:10ED50000AA8FCF745FE034628B18C33E4D01848D6
:10ED6000E3E7184BE5E7009040F2011103AA0AA877
:10ED7000FCF784FE0028F2D13A4640F20121DDF88A
:10ED800080340AA8FCF74EFE0028E8D133462A4614
:10ED900040F206210AA8FCF745FE0028DFD1DDF885
:10EDA0008824DDF884140AA8FCF7E0FE0028BCD013
:10EDB000D5E700BFFF9AFEFF02C0FF7FFF004E8035
:10EDC000FC9AFEFF03C0FF7F7FB50023074A06A918
:10EDD000CDE9042302AB01AA11E90300FCF7D0FC42
:10EDE000B0FA80F0400907B05DF804FBB710FF7F70
:10EDF00010B58EB00C46122200210DF11E0000F05D
:10EE0000B3F90023124A2146CDE90C2341F2010354
:10EE1000ADF81C3003F1004303F59C0303F56C537C
:10EE2000089305AB029306AB0193022330220093B3
:10EE300007A804ABFBF780FF38B9059A054BB2F57C
:10EE4000C07F18BF18460EB010BD0348FBE700BFD7
:10EE5000B710FF7FFB9AFEFFFE9AFEFF00B58DB054
:10EE6000302269460020FBF7E9FD30B96946FF20F2
:10EE7000FFF7BEFF0DB05DF804FB0148FAE700BFE5
:10EE8000FD9AFEFF48B1054B054A1B68B3FBF2F340
:10EE90005843044B43F001031847704700AF00206C
:10EEA00040420F00A0370100431810B501D21F2ABD
:10EEB00001D9002010BD013902F014030144102BC8
:10EEC00080EA01043CD009DC8BB1042BF1D11F2C6A
:10EED00040E840F315D941E840F10EE0142BE8D1A9
:10EEE0001F2C40E8C0F30CD941E8C0F105E01F2C0D
:10EEF00040E800F305D941E800F11C460B468C427E
:10EF0000D7D122F01402013A0A2AD2D801A151F82D
:10EF100022F000BF63EF00005DEF00004FEF000044
:10EF2000B3EE0000B3EE0000B3EE0000B3EE00005D
:10EF300069EF000063EF000057EF00004FEF0000A3
:10EF40001F2C40E880F3DCD941E880F1D5E713F4C9
:10EF5000001FAFD1ADE713F4801FFAE75B02A9D51C
:10EF6000A7E713F4002FF4E713F4802FF1E700BFB5
:10EF700070B50E4D00260E4C641BA410A6420BD19A
:10EF80000C4B0BB1AFF300800B4D00260B4C641BF8
:10EF9000A410A64205D170BD55F8043B0136984730
:10EFA000ECE755F8043B01369847F2E7C03D000016
:10EFB000C03D000000000000C03D0000C03D00005A
:10EFC00008B5054B044613B10021AFF3008000F0F3
:10EFD00005F8204600F06CF80000000038B5074D39
:10EFE000074C641BA41024B9064B0BB1AFF300808F
:10EFF00038BD013C55F824309847F4E7C03D000087
:10F00000C03D000000000000002383F3008870472B
:10F01000F8F79ABBEFF30880EFF309812DE9F00FC1
:10F020006B467246F5F740F808B0FFF7F1FFFEE7D0
:10F03000F8F78ABBEFF30880EFF309812DE9F00FB1
:10F040006B467246F5F730F808B0FFF7F1FFFEE7C0
:10F05000F8F77ABBEFF30880EFF309812DE9F00FA1
:10F060006B467246F5F720F808B0FFF7F1FFFEE7B0
:10F07000F8F76ABBEFF30880EFF309812DE9F00F91
:10F080006B467246F5F710F808B0FFF7F1FFFEE7A0
:10F09000F8F75ABBEFF30880EFF309812DE9F00F81
:10F0A0006B467246F5F700F808B0FFF7F1FFFEE790
:10F0B000FEE7814270B40546144602D370BC00F0EE
:10F0C0002EB8821821443CB141EA020313F0030335
:10F0D0000FD1E018032812D86FF00300A3084343B0
:10F0E000002019441A442344984210D1284670BC89
:10F0F000704711F8013D013C02F8013DE3E7581863
:10F1000050F8046C981840F8046C043BE1E70C1AC2
:10F1100014F8016C141A04F8016C0130E4E770B5BE
:10F1200004463AB141EA040313F003030CD1D518A5
:10F13000032D0FD822F003031C441944002302F0CE
:10F14000030293420CD170BD11F8013B013A04F85F
:10F15000013BE6E7CD1A2E68E51A2E60043BE6E790
:10F160005D5CE5540133ECE7F0B5044662B922F08A
:10F170000303234402F003021A44934214D1F0BD66
:10F1800004F8011B013AF1E7A307F9D115460B0476
:10F1900043EA01630B4343EA01231619032DE6D921
:10F1A000771B3B60043DF9E703F8011BE5E70368C3
:10F1B0005A1C1F2A03440260197105D9002320211B
:10F1C00040F8043B00F069B870472DE9FF41002486
:10F1D000642A07460D46CDE90144039406D1A142B5
:10F1E00004DA2D21FFF7E3FF01246D4201AB002675
:10F1F00098460A20B5FBF0F100FB1152303203F8BB
:10F20000012B2A46092A0D4606F10106F2D8354699
:10F21000013D384618F80510FFF7C9FF002DF7D15A
:10F22000A01904B0BDE8F081F0B5002485B001ABB1
:10F2300006461F46CDE90144039401F00F00105C1F
:10F24000090904F1010403F8010BF6D12546013D3B
:10F250003046795DFFF7ABFF002DF8D1204605B0B1
:10F26000F0BD70B506460D460024295D09B920465B
:10F2700070BD3046FFF79BFF0134F6E70FB407B5CA
:10F2800004A951F8040B0191F9F760F803B05DF897
:10F2900004EB04B0704702DF7047FFF7FCBF0020AB
:10F2A0007047704710B5044608B1F9F713F92046C6
:10F2B000BDE81040F9F7F8B80346C068E0B15888D7
:10F2C000D0B11B8803F44F42B2F5824F09D1DBB2B3
:10F2D000272B2AD008D8172B0FD0222B34D0122B53
:10F2E00016D06FF085007047302B2FD0413B012B9B
:10F2F000F7D8FF2839D100207047C028FBD0E1287B
:10F30000F9D0B0F5807F0CBF00206FF08600704709
:10F3100020F02003C02BEED020F08003B3F5807FD7
:10F32000E9D040F209239842EDE7E928E3D0EF283D
:10F33000E1D040F21B139842DDD040F2991398427D
:10F34000D9D040F23B23EEE7E928F1E720F0200393
:10F35000C02BD0D020F04003B3F5807FCBD0B0F5E8
:10F36000C07FC8D0B0F5007FCDE7B0F5E07FCAE739
:10F370000368024673B1037DD9070BD513F0020071
:10F380000DD0D3684BB91369002B0CBF00206FF070
:10F39000860070476FF0880070476FF086007047F6
:10F3A0003AB1002918BF00232121D21A1844FFF7CF
:10F3B000DBBE70472DE9F047994600238AB006ACC2
:10F3C00084E80300DDE913868DF82330169B009254
:10F3D000002B94E8030015460CBF4FF400634FF474
:10F3E000806309AA159FF9F7DDFC0446E8B9DDF84A
:10F3F00024A02846BAF800100DF12302F9F77CFD8D
:10F40000044690B99DF82330B3421ED8CDE90337A6
:10F41000129BCDF80880CDE900935046DAE9091235
:10F420002B46FAF7C3FF044600B13E603246214640
:10F4300040463B68FFF7B4FF099801F029F9002C1A
:10F4400018BF20460AB0BDE8F0876FF08904ECE7EA
:10F450002DE9FF4100234768D0F8148004460E468A
:10F4600038461146136001F015F9054688B938464B
:10F4700001F012F9054660B9FFB277B9B8F1000F93
:10F4800005D1A06820F0031020F47F4080B16FF018
:10F490008605284604B0BDE8F08102ABD4E9050139
:10F4A000012283E8030001F0C8F80028E9D1EEE763
:10F4B0004FF6F87362889A4217D8277907B901A8DE
:10F4C0003146FAF73DFB05460028E2D10FCCD6F8CD
:10F4D00000C066460FC694E8070086E80700002FC4
:10F4E000D7D1019BCCF81430D3E76FF08505D0E776
:10F4F00041F2062398421AD8B0F5905F09D241F242
:10F50000010398420CD0B0F5885F09D06FF08500F8
:10F5100070476923A0F5905080B2C340DB07F5D552
:10F5200011F0070F0CBF00206FF086007047B0F598
:10F53000105FEBD121F04003802B06D0B1F5807F26
:10F540000CBF00206FF0860070470020704770B538
:10F55000446A05460E463CB90120F8F79FFF6862F1
:10F5600028B12046AE6270BD6FF08A00FBE76FF0F5
:10F570008C00F8E7F8B50F46114606461546FFF72A
:10F58000E6FF044620B92A463946706AFFF7C7FDF0
:10F590002046F8BDF8B500880F461E461546BAB19C
:10F5A00000F4E043B3F5805F02D0B3F5005F0FD104
:10F5B000089BE9001960FFF79BFF044630B92A4613
:10F5C00039463046FFF7ABFD079B1D602046F8BD6E
:10F5D0006FF08504FAE710B50446406A10B1A16ADD
:10F5E000FFF760FE0020C4E9090010BD38B50546EC
:10F5F000FFF7F1FF2B7F0446012B0ED0023B012BBE
:10F600000ED82B6A012B18BF6FF096042C22002114
:10F610002846FFF7A9FD204638BD2B6A002BF2E7EC
:10F620006FF09604F2E708B1FFF7E0BF704770B5DE
:10F6300086B002AD85E803001046144600F0ECFFEA
:10F640000023009305AA95E80300F9F7ABFB50B936
:10F65000059E35460FCD0FC495E8070084E80700E6
:10F66000304601F015F806B070BD70B5049E144622
:10F67000B2421D460BD81846FFF751FD0021321B40
:10F680002819FFF771FD0020059B1C6070BD6FF00D
:10F690008900FBE7F0B587B002AD16461C4685E849
:10F6A00003000C9FD3B100233B60009305AA012304
:10F6B00095E80300F9F776FB70B9CDE900470598A6
:10F6C0003346D0E90912FAF7D7FC0446059800F052
:10F6D000DFFF002C18BF204607B0F0BD6FF0890097
:10F6E000FAE7F0B587B002AC16461D4684E8030081
:10F6F0000C9F1BB300233B60009394E8030005AA12
:10F70000F9F750FB044638B9059803885B0406D422
:10F7100000F0BEFF6FF08604204607B0F0BDCDE9D3
:10F7200000573346D0E90912FAF7C0FC04460598A1
:10F7300000F0AEFF002C08BF0446EDE76FF089042F
:10F74000EAE72DE9F047164600271D4690B00DF177
:10F75000080C09AC8CE8030090460FCE0FC496E865
:10F760000700C5E9007784E80700009702239CE8BA
:10F77000030005AACDE90577CDE90777F9F712FB74
:10F78000044640B9B8F80030059C73B122889A420B
:10F790000BD06FF086040698FFF745FF059800F040
:10F7A00077FF204610B0BDE8F087B8F802206388E4
:10F7B0000AB19342EDD12788DDF83090D4F80C805F
:10F7C000494642463846ADF82630ADF82470F8F781
:10F7D000ADFE0646DDF834A0384651462269F8F7FA
:10F7E000A5FE2EB9B9F1000F02D0B8F1000FD0D1AB
:10F7F00020B9BAF1000F01D0002ACAD1A2680B9B30
:10F800000D90134006A907AA09A8CDE90B36FFF70A
:10F810001FFE04460028BED1DDE905305A68416864
:10F82000120AB2EB112F31D10A9A120A29D008A973
:10F8300009A8FAF799FB04460028ACD10899069864
:10F84000FFF785FE04460028A5D1DDE9051303F185
:10F85000280201929A6A09A800925B6AD1E909120A
:10F86000FAF772FC0446002895D129460698F9F764
:10F870001DFB044600288ED1059800F009FF0446C0
:10F880008FE7D3E90912FFF775FEEBE76FF0850408
:10F8900081E7036810B5044623B101F09DF8002309
:10F8A000236010BD1846FCE738B50C4601680546D4
:10F8B000A1B904F0FE43B3F1007F12D14FF4D0722E
:10F8C0000430FFF751FC21462846FAF7D3FC0446E2
:10F8D00010B12846FFF7DDFF204638BD6FF08804E1
:10F8E000F7E76FF08604F4E738B50468054664B1BD
:10F8F00012B90024204638BD01F059F8044600280A
:10F90000F7D02846FFF7C5FFF4E76FF08804F8E763
:10F9100070B500261E60046805463CB101F050F841
:10F9200004462846FFF7B5FF204670BD6FF08804F7
:10F93000FAE7F0B58BB00E46174601AB202202A9BC
:10F940000546FFF7E5FF044638B1202102A8F8F785
:10F95000C1FD2846FFF79DFF14E0019ABA4206D088
:10F96000202102A8F8F7B6FD6FF09404F1E73046C5
:10F9700002A903F0D1FE04460028F1D1202102A8FB
:10F98000F8F7A8FD20460BB0F0BD70B4DDE90365C3
:10F9900000242C6000F0FE44B4F1007F02D170BC62
:10F9A000FAF75ABC6FF0860070BC704730B51D4640
:10F9B00000F0FE43B3F1007F8DB01DD103AB019386
:10F9C0002023009304ABFAF747FC044628B9039AB6
:10F9D000109B9A4208D06FF09404202104A8F8F7F5
:10F9E00079FD20460DB030BD284604A903F094FEF1
:10F9F00004460028EFD1F0E76FF08604F1E738B550
:10FA0000036804460D468BB1096879B94FF4D0728A
:10FA1000281DFFF7A9FB2046294600F0B6FF044643
:10FA200010B12846FFF735FF204638BD6FF0880437
:10FA3000FAE7036810B5044653B101F03DF800231E
:10FA40002360A38823F4FF7323F00103A38010BD78
:10FA50001846FCE72DE9F0411E46002386B002ACB3
:10FA600084E8060001680546DDF83080059300292A
:10FA700036D14FF41F720830FFF776FBB8F1000F54
:10FA8000009694E8030014BF4FF480634FF40063C2
:10FA900005AAF9F787F9044620BB059F3046398847
:10FAA0002A1DF9F729FA0446E0B96B79394668F35B
:10FAB00000036B71D7E9092328460096B8F1000FBF
:10FAC0000BD0FAF79DFC044660B9059800F0E0FD04
:10FAD0000446204606B0BDE8F081FAF7B5FCF2E72F
:10FAE0006FF088042846FFF7A4FF059800F0D0FDCA
:10FAF000EFE71FB502AC84E806000122009294E80B
:10FB00000600FFF7A7FF04B010BD1FB502AC84E8E4
:10FB100006000022009294E80600FFF79BFF04B065
:10FB200010BD38B50468054664B112B900242046FA
:10FB300038BD00F0A3FF04460028F7D02846FFF7A1
:10FB400078FFF4E76FF08804F1E72DE9F0411746FC
:10FB5000026805460E46984682B14279D2070DD515
:10FB600002795AB1BA4216D800F091FF044638B96A
:10FB7000A6B92846BDE8F041FFF75BBF6FF08804E7
:10FB80000023C8F800702B7146B92846FFF751FFD3
:10FB90002046BDE8F0816FF08904F1E721463A463E
:10FBA0003046D8F80030FFF7FBFB2846FFF741FF4F
:10FBB000002C08BF0446EBE738B50468054634B9A5
:10FBC0002846FFF736FF6FF08804204638BD447999
:10FBD000E407F5D40479944204D0FFF72AFF6FF0CC
:10FBE0009404F2E700F05FFF04462846FFF721FF88
:10FBF000002C08BF0446E8E710B588B006AC84E8DE
:10FC00000300012104910D9903910C9902910B9924
:10FC100001910A99009194E80300FFF7CBFB08B02B
:10FC200010BD30B593B006AC84E803000021049108
:10FC300009A903912021029116990AAD019500911D
:10FC400094E80300FFF7B6FB044628B9099A189B0D
:10FC50009A4208D06FF0940428462021F8F73AFC25
:10FC6000204613B030BD2946179803F055FD0446D1
:10FC70000028F1D0EEE7036810B504463BB100F070
:10FC800071FE00232360237923F0030323710020F6
:10FC900010BD1FB502AC84E806000122009294E872
:10FCA0000600F9F78FFA04B010BD1FB502AC84E866
:10FCB00006000022009294E80600F9F783FA04B0E7
:10FCC00010BD38B50468054684B1047904F0030416
:10FCD000012C0BD1102A0FD800F023FE044638B9AE
:10FCE0002B7943F002032B71204638BD6FF0880456
:10FCF0002846FFF7C0FFF7E76FF08604F8E737B54F
:10FD00000468054694B1047904F00304012C0DD075
:10FD1000079C0194069C009400F00CFE044610B170
:10FD20002846FFF7A8FF204603B030BD6FF08804D7
:10FD3000F6E770B5046805461E46A4B1047904F0E0
:10FD40000304012C0FD000F001FE04462846FFF703
:10FD500092FF002818BF04463368E21723EA020323
:10FD60002046336070BD6FF08804EFE72DE9F04F57
:10FD70004FF000098FB00AAD85E80300DDE91E6B86
:10FD80001046CBF8009014461F46F8F719FFDDF82F
:10FD900060A0804670BB00944FF4807395E8030028
:10FDA0000DAAF8F7FFFF804620BB51462046F8F722
:10FDB000D7FF8046D8B91D9BCDE9076B06931C9BE6
:10FDC0000D9805931B9B009704931A9B0393199B13
:10FDD000CDE901A32346D0E90912FAF75DFA80467E
:10FDE00028B126B1324649461D98FFF7BDF90D9856
:10FDF00000F04EFC40460FB0BDE8F08F2DE9F04F0B
:10FE00004FF000098FB00AAD85E80300DDE91E6BF5
:10FE10001046CBF8009014461F46F8F7D1FEDDF8E7
:10FE200060A0804670BB00944FF4007395E8030017
:10FE30000DAAF8F7B7FF804620BB51462046F8F7D9
:10FE40008FFF8046D8B91D9BCDE9076B06931C9B9D
:10FE50000D9805931B9B009704931A9B0393199B82
:10FE6000CDE901A32346D0E90912FAF73FFA80460B
:10FE700028B126B1324649461D98FFF775F90D980D
:10FE800000F006FC40460FB0BDE8F08F38B50468BE
:10FE9000054644B100F0EAFD4FF4707204460021BB
:10FEA0002846FFF761F9204638BD1FB502AC84E84B
:10FEB00006000093012194E80C00F9F7A5FA04B0BC
:10FEC00010BD1FB502AC84E806000093002194E841
:10FED0000C00F9F799FA04B010BD38B503680D4667
:10FEE000044611469BB1037DDB0710D44068F8F748
:10FEF00037FF90B90A462046294600F078FD0546AE
:10FF000038B9237D43F001032375284638BD6FF0CF
:10FF100088052046FFF7BAFFF7E76FF08605F8E798
:10FF2000F8B5036804460F4616467BB1037D13F00F
:10FF30000E0F0BD100F064FD054648B9237DC4E9DE
:10FF4000037643F0020323752846F8BD6FF0880559
:10FF50002046FFF79BFFF7E738B503680446EBB18F
:10FF6000037D03F00900012818D132B90025237D53
:10FF700043F004032375284638BD9B0704D5E36886
:10FF800093420ED39B1AE360204600F042FD0546E3
:10FF90000028EBD02046FFF779FFECE76FF08805EB
:10FFA000F8E76FF08605F5E737B504460020079DB2
:10FFB00028602068D8B1207D10F0010F17D080078D
:10FFC00006D5E068C8B92069904216D3801A20612E
:10FFD000069801950090204600F024FD054640B9A2
:10FFE000237D43F008032375284603B030BD6FF02E
:10FFF00088052046FFF74AFFF6E76FF08605F8E729
:020000040001F9
:100000002DE9F04F1E46002385B0DDF840803360B7
:10001000DDE90E97C8F8007005468A469346FFF75B
:10002000A7F9044668B92B7DDB0618D533465A4636
:1000300051462846CDE90178CDF8009000F0FEFC4D
:1000400004463A4621464846D8F80030FFF7A8F95A
:100050002846FFF71BFF204605B0BDE8F08F6FF084
:100060008804EEE72DE9F3411E4600233360054680
:100070000F469046FFF77CF9044668B92B7DDB06F6
:1000800011D4099B42460193089B394600932846A8
:10009000334600F0DFFC04462846FFF7F7FE204613
:1000A00002B0BDE8F0816FF08804F5E738B5446828
:1000B000054614B100F047FD044628464FF48A6116
:1000C000F8F708FA204638BDF8B5C36804469342ED
:1000D0000F46164611D300F02DFDE36805469B1B25
:1000E000E36040B12046FFF7E1FF27B1324621210E
:1000F0003846FFF739F82846F8BD00F024FD002304
:100100006FF08E05E360F0E743681BB1C368002021
:100110000B6070476FF08800704710B4446834B1CA
:10012000C4688C4207D310BCC16000F0D6BC6FF02D
:10013000880010BC70476FF08600FAE770B50D4676
:100140004FF0FF3104461646F8F794FD58B9237A6C
:100150009B0706D4324629462046BDE87040FFF78B
:10016000B3BF6FF0840070BD00232DE9F04F89B05C
:10017000CDE90433C2E90033438806468846174672
:10018000002B00F084804FF0FF314046F8F772FDFD
:100190000446002868D198F8083003F00303012BC7
:1001A00078D1304605AA04A9FFF752F9044668B988
:1001B000049D72882B88D61D03F4E043F608B3F53E
:1001C000804F0692079605D16FF086040498FFF7DA
:1001D0002AFA49E0B3F5805F05D0B3F5005F02D09D
:1001E0006FF08504F2E75307EED131460120F8F7AE
:1001F00055F9814610B96FF08C04E7E7069B6B80D8
:100200006B681B0A34D128460799FFF7A0F904460A
:10021000002834D10DF1180A05F1280B3246494661
:100220004046FFF751FF044688B9CDE901BAAB6AF1
:10023000324600936B6A49462846F9F7D5FE6A882C
:10024000069B04469A421FD110F18F0FE6D031462B
:100250004846FFF727F8002CB8D139460498F8F73C
:1002600025FE04460028B1D1204609B0BDE8F08F34
:10027000284607A9F9F778FE04460028C3D031467E
:100280004846FFF70FF8A1E76FF08604DFE76FF04D
:100290008604E9E76FF08404E6E707B500931346A8
:1002A0000022F9F739F903B05DF804FB70B586B0A8
:1002B0000E4602A981E80C00002342680546009220
:1002C00003C905AA0593F8F76DFD044638B10598F2
:1002D00000F0DEF92846FFF7E9FE204626E0059A01
:1002E000916848040BD42B7A090443F002032B7263
:1002F00005D4104600F0CCF96FF08404EAE76FF4FF
:100300008073F318012B98BF2B7A31469CBF43F0C2
:1003100001032B72936A28460093536AF9F7FCF89D
:100320000446059800F0B4F9002CD3D106B070BD96
:100330002DE9FF41056806460F46984635B3037917
:1003400003F00303012B20D1457995422DD8102DC0
:100350002ED829466846F9F76BFA0446C0B92A46F2
:100360006946304600F0DDFA044688B92A466946F7
:100370003846FEF7D4FEC8F80050337943F0020344
:100380003371204604B0BDE8F08100256FF0880489
:1003900000233046C8F80030FFF76DFC002FF0D086
:1003A00029463846F8F796F8EBE76FF08904EFE74F
:1003B0006FF08304ECE72DE9FF4100241C601F4629
:1003C000036806468846002B58D0037D03F01103CE
:1003D000102B53D1038903F4E041B1F5005F29D11B
:1003E000C3F30221042925D1436883F0AA6181F473
:1003F000807131F47E113DD083F0AA6383F40073E1
:1004000033F47E1322D021466846F9F711FA0546E7
:10041000B0BB224669463046FFF75FFD054678BB14
:10042000224669464046FEF77AFE3C60284604B004
:10043000BDE8F08142F204018B4209D1736883F078
:10044000052383F4801333F47E1315D10C240CE0C0
:1004500042F207018B420FD1736883F0A26383F4E9
:10046000C06333F47E1307D118249442CBD96FF0C4
:10047000890505E00D24F8E70024C4E76FF088053E
:100480003046FFF703FDD1E72DE9F04305469946D5
:1004900000238BB0099325F0004323F47F0306A8C3
:1004A000B3F1106F80E80600DDE91386159F1FD1B8
:1004B00000954FF4804303C809AAF8F773FC04467B
:1004C000C0B9129BCDE90367CDE900930998CDF837
:1004D00008802B46D0E90912F9F7DAFF044648B93B
:1004E000099800F0D5F8044620460BB0BDE8F0832B
:1004F0006FF0860431464046F9F79AF909983E6054
:1005000000F0C6F8F0E703461B88084603F4E04312
:10051000B3F5805F114602D0B3F5005F01D1F9F762
:1005200087B96FF0850070477FB500220388CDE959
:100530000122C1E90022428806460D46002A68D001
:1005400003F4E042B2F5804F63D023F0FF03B3F52C
:10055000E24F02D0B3F5824F04D13046FEF7ACFE35
:100560000446D8B9304602AA01A9FEF771FF044635
:10057000002843D1019B9B6A9BB10199304601F150
:100580002803D1E90912F9F707FD0446002839D1FB
:1005900029460198F8F78AFC044678BB204604B047
:1005A00070BD73681B0A22D13088718800F4E04363
:1005B000B3F5805F15D0B3F5005F12D020F0FF03D4
:1005C000B3F5E24F22D1C0B242280ED10831C9089A
:1005D000039103990198FEF7BAFF04460028CCD096
:1005E0000CE0FEF785FF044640B90731EFE73046DF
:1005F00003A9F9F7B9FC04460028EAD00198FFF7EF
:1006000012F8CBE70198FEF7E6FFF7E76FF08504F5
:10061000F4E76FF08604C1E71C220021FEF7A4BDB9
:10062000037F022B06D1036A5A1C03D001330362F5
:10063000002070476FF09600704782B002AB03E96C
:10064000030010466FF04042009B591E914208D3B0
:1006500028B103F1404393428CBF0020012002B037
:1006600070470120FBE7034668B1017F8A1E012A1B
:100670000BD80329026A03D1012A01D1FEF7B6BFC4
:100680001AB1013A1A62002070476FF09600704765
:10069000FFF7E9BF00207047C0B2FF280CBF6FF022
:1006A00086000020704730B585B06D4685E80300B0
:1006B000144695E8030003AAF9F784FA48B995E8C7
:1006C000030084E80300039805B0BDE83040FFF75D
:1006D000CABF10F1880F4FF0000308BF6FF08B0006
:1006E000C4E9003305B030BD1FB56B4683E8030095
:1006F00050B193E8030003AAF9F7BCF938B110F13F
:100700008C0F08BF6FF0870005B05DF804FB0398FD
:10071000036A012B04D105B05DF804EBFEF766BF58
:1007200005B05DF804EBFFF79EBF1FB56B4683E88D
:10073000030003AA93E80300F9F79CF978B903983A
:1007400003793BB1036A012B04D105B05DF804EBDA
:10075000FEF74CBF05B05DF804EBFFF784BF05B0B2
:100760005DF804FB7FB56B4683E8030003AA00989D
:100770000199FEF755FA8C3018BF012007B05DF8DB
:1007800004FB30B587B06B4683E80300009D019CF5
:100790002846214603AAFEF743FA8C3002D10020F6
:1007A00007B030BD28462146FEF764FA10B16FF05D
:1007B0009800F5E72846214603AAFEF731FA8C3067
:1007C000EDD0F4E72DE9F04104461646884688B09E
:1007D000002944D0002A42D0B2F5005F42D202F193
:1007E000240739460120F7F759FE054600283CD07A
:1007F0000346314640462246F9F7C4FAD4E90501DA
:1008000003AB83E803006669D4F81880FFF7AAFFFA
:10081000012821D000233A46009330462B4641461A
:10082000FEF7BAF9044678B93046414605AAFEF704
:10083000F7F9044620B9069B9F4205D06FF0980453
:1008400030464146FEF716FA39462846FEF72AFD9D
:10085000204608B0BDE8F0816FF08A04F4E76FF03D
:100860008604F5E76FF08D04F2E76FF08C04EFE794
:10087000FEF718BD2DE9F04FD0F818A0D0F814B04D
:1008800087B00746894690465846514603AAFEF768
:10089000C7F9044610BB049E01203146F7F7FEFD60
:1008A0000546002837D05846514603AA0294FEF761
:1008B000B7F9044670B902AB0246CDE90053584679
:1008C00033465146FEF786F9029B04469E4209D004
:1008D0006FF0980431462846FEF7E4FC204607B046
:1008E000BDE8F08F0028F5D143464A4631462846F8
:1008F0000097F9F7A3FA04460028EBD1D9F80030A5
:1009000033B1D8F80030002B08BF6FF09104E1E755
:100910006FF09104DEE76FF08C04DFE7F9F740BE7B
:1009200070470368052B02D10830FBF763BB6FF0FB
:100930008600704770B40668052E03D170BC08307D
:10094000FBF770BB6FF0860070BC704710B4046892
:10095000052C03D110BC0830FBF770BC6FF086008B
:1009600010BC704738B50368052B0CD100F10804A2
:10097000204600F065FC4FF49C7105462046F7F7D1
:10098000A9FD284638BD0025FBE708B503461A68CF
:100990000846052A08D140F8042B191D4FF4D072DF
:1009A000FEF7BDFB002008BD6FF08800FBE7036881
:1009B000052B02D10430FAF7C9B86FF088007047F0
:1009C00010B40468052C03D110BC0430FAF734B914
:1009D0006FF0880010BC704708B50368052B04D180
:1009E0004FF4D071043000F0DBF9002008BD03683B
:1009F000052B02D11830FCF707B86FF0860070475E
:100A00000368052B02D11830FCF714B86FF086008C
:100A100070470368052B02D11830FCF721B86FF03E
:100A20008600704770B40668052E03D170BC18307C
:100A3000FCF736B86FF0860070BC7047F0B40768FA
:100A4000052F03D1F0BC1830FCF750B86FF08600CA
:100A5000F0BC704770B40668052E03D170BC183026
:100A6000FCF770B86FF0860070BC70470368052B08
:100A700002D11830FCF78AB8002070470368052BB4
:100A800002D10830FBF796BD6FF08600704710B4B6
:100A90000468052C03D110BC0830FBF7ADBD6FF026
:100AA000860010BC70470368052B02D10830FBF7A5
:100AB000EBBD6FF0860070470368052B02D108304C
:100AC00000F0D4BB0020704710B504461030FAF790
:100AD00087FF08B90523236010BD0368052B02D1E9
:100AE000103000F0A4BA6FF08800704710B40468AA
:100AF000052C03D110BC1030FAF794BF6FF08800BA
:100B000010BC704730B40568052D03D130BC1030DF
:100B1000FAF7B4BF6FF0880030BC704710B40468B7
:100B2000052C03D110BC103000F096BA6FF088008D
:100B300010BC70470368052B02D11030FBF716B8C4
:100B40006FF0880070470368052B02D11030FBF767
:100B500033B8002070470020F9F736BF0020F9F7BE
:100B60006DBF002000F05AB917B46C4684E803004A
:100B700094E8030003B010BCF7F7E2BA0020704716
:100B80000A2840DCC31C22DA10F1400F47D010F1D4
:100B90003F0F2BDA10F1410F44D010F1550F44D024
:100BA00010F1490F08BF6FF0840018BF6FF0860086
:100BB000704709282AD8DFE800F0052929081629F6
:100BC0003829292F6FF09800704700207047C31C08
:100BD0000D2B1BD8DFE803F0072F1A1C1A1A1A1A5C
:100BE0001A1A1D1A1A1D6FF08500704710F1210F97
:100BF0001ED00BDB10F1200F1DD010F1100F08BF1D
:100C00006FF09400D1E764380928D2D96FF08600DC
:100C100070476FF0940070476FF08C0070476FF072
:100C2000840070476FF0890070476FF09300704741
:100C30006FF0880070476FF09200704710B5013870
:100C40000A44914200D110BD10F8013F11F8014B48
:100C500063400370F5E70144814200D1704711F809
:100C6000013D1A440A70120AF6E730B5002503F573
:100C70008073013A002A0DDAFF2BDAB28CBF002113
:100C8000012152EA050003D0FF2B94BF0020012070
:100C9000401A30BD845C1C448B5C013AE41A230A80
:100CA000E4B2FF332543E5E72DE9F8430E46174646
:100CB00008994FF4AA7204461D46DDF8248000F01E
:100CC0001BFEB8B981464D4509D14146204600F08A
:100CD000A9FE78B92046BDE8F84300F0D1BE204611
:100CE00057F8292056F8291000F02EFE10B909F106
:100CF0000109E8E7BDE8F8831FB5CDE90221069AAE
:100D000003A9CDE90032012302AAFFF7CDFF05B008
:100D10005DF804FB002373B58DF80730934203D1CF
:100D20009DF8070002B070BDC55CCE5C9DF8074021
:100D300075402C438DF807400133EFE7002313B5CE
:100D40008DF807308B4206D19DF80700B0FA80F08D
:100D5000400902B010BDC45C9DF807200133224356
:100D60008DF80720EEE78B4230B50CD800242146E1
:100D70009C4203D1081E18BF012030BD155D0555EA
:100D800029430134F4E70020F7E710B58B4294BF04
:100D9000C4184418A04200D110BD00F8012BF9E797
:100DA00000231A4682B001908B4201D102B07047F5
:100DB0000198C2540133F7E707B501A9F9F768FDB7
:100DC000003818BF012003B05DF804FBF7B50646F4
:100DD0000D46202D2F46A8BF202700216846FCF78E
:100DE000DDFC044670B93A4631466846FCF728FDFA
:100DF00010F1520F044608D0431CF4D0684600F0AE
:100E00002FFF34B1204603B0F0BD684600F028FF44
:100E1000E3E7EC1B3E44F5D02546DAE700207047B7
:100E200010B5044694F89C31043043B14FF4AA72D3
:100E3000216800F061FD08B984F89C0110BDBDE88F
:100E4000104000F05DBDF0B5D7B007460D46164620
:100E500000214FF4AA7201A81C46FEF785F9002371
:100E6000694638460093F9F7E7FB08BB009800F0A5
:100E70000FFE5C9B98421DD8009800F009FE5D9B18
:100E80004FF4AA721860009901A800F035FD68B906
:100E90003246294601A800F057FD38B9214601A87D
:100EA00000F0C0FD10B901A800F0EAFDFFF768FEF0
:100EB00057B0F0BD6FF08900FAE738B50446084630
:100EC0002146F9F7B9FB054660B90123206884F88B
:100ED0009C3100F0DFFDC4F858012846BDE83840D9
:100EE000FFF74EBE38BDFAF7DBB9CA0448BF41F47C
:100EF00080618B0448BF41F4006181607047C0F39A
:100F00000253013B10B5052B21D8DFE803F0030B9A
:100F10000B0B1B13012300F030002028136013D0AB
:100F2000002010BD0B8844F212118B420CBF042329
:100F30000223F0E70B8844F212118B4214BF032303
:100F40000623E8E70323E6E702331360E8E76FF0E0
:100F50009800E6E713B50C46F9F79AFCC31C0FD0CE
:100F6000013009D004224FF0FF3321460DEB02007F
:100F7000019302F0A0FB30B96FF08B0002B010BDFE
:100F80006FF08400FAE70020F8E730B589B0054635
:100F900018220C4601A80021FEF7E6F8012344EAD6
:100FA000052401A9BA2007940593F9F723FC00282A
:100FB00018BF6FF0920009B030BDF7B5BA2001A993
:100FC000F9F766FC044610B1002003B0F0BD019DA6
:100FD0002F0AEDB2AC4205D1BA20F9F74BFC00283C
:100FE000F2D008E0E6193046F9F744FC30B130465B
:100FF000FFF7E2FE10B96FF09200E6E70134E9E78F
:1010000008B5F820FFF7D8FE18B9F920FFF7D4FE8D
:1010100010B16FF0920008BDF820F9F71DFC002810
:10102000F7D1F920F9F718FC0028F4D0F1E783880C
:1010300010B55BB1D0E902428C4272F100024FF070
:10104000000306D3C0E90213184610BD6FF08800F4
:10105000FBE76FF08600F8E76FF0850070475430CB
:1010600000F004B970B5044600F54576D0F8940355
:1010700001213044FFF794FED4F8942304F1540581
:10108000314628460132FBF795FA78B92846D4F85C
:10109000382404F56671FBF78DFA38B9284604F256
:1010A0003C410422BDE87040FBF784BA70BD37B5FF
:1010B000D0F80C2300F53B710446FDF7ADF8D0B92C
:1010C000D4F8103304F154051BBA042269462846AB
:1010D0000093FBF76FFA70B92046FFF7C3FF50B9D2
:1010E0002368B3F1082F08D01022284601ABA118BD
:1010F000FBF782FA50B103B030BD1022284604F548
:101100003471FBF757FA0028EED0F4E7102384F887
:101110005030D4F810330133C4F81033EBE76FF0DC
:1011200060420023C0E90223402383800123C0F8EA
:1011300010330020704738B504461D46084640F27B
:1011400001239842114606D040F20623984212D05D
:101150006FF0860038BDA388412B1CD17F2D1DD890
:101160002A4604F54570FDF7DAFF4223C4F894538C
:101170000020A380EEE7A388413B9BB2012B0AD855
:10118000A02D0BD82A4604F56670FDF7C8FF43234F
:10119000C4F83854ECE76FF08800DBE76FF08C00A0
:1011A000D8E770B504460E461046194613882268E3
:1011B000049DB2F1082F02D1B3F5105F1AD1A388B4
:1011C000402B1AD140F201139E4216D14368202DC4
:1011D000C4F8E032D0E90523C4E9B92310D82A467F
:1011E00004F53B70FDF79BFF41230020C4F80C532E
:1011F000A38070BD6FF08500FBE76FF08800F8E713
:101200006FF08600F5E7F0B5002785B00A9ECDE9BE
:10121000027702AFCDE9006704461D46FAF702FFE8
:1012200060B902992046721A03AB2944FBF706F80D
:1012300020B9DDE9023213440B9A136005B0F0BD0A
:1012400038B50546043000F01AFA044618B1BDE876
:101250003840FFF795BC28464FF49C71FFF7A0FD7E
:10126000204638BDFBF73AB9FBF738B908B54FF45B
:101270001F71FFF795FD002008BD002310B500F198
:101280001002103112F8014D43EA4403824201F882
:10129000013D4FEAD413F5D110BD002370B588B0DD
:1012A000CDE90033CDE902330C46154600F5A471B3
:1012B0006A4604AB00F5D67001F079F90646C0B96C
:1012C000214604A8FFF7D9FF9DF910302946002BCD
:1012D000B8BFE37B2046BCBF83F08703E373FFF70F
:1012E000CCFF94F90030002BBEBFEB7B83F087036B
:1012F000EB73304608B070BD2DE9F84F04468846C0
:101300001546002700F5CA7900F5C27AADB92DE07F
:10131000324649465046FFF791FC5346524604F583
:10132000A47104F5D67001F042F900BB0146C4F87F
:10133000A40132464846FDF717FFD4F8A40108EB94
:101340000701C0F1100BAB4528BFAB4648445A46D5
:10135000FDF7E5FED4F8A4615F445E44102EC4F8A6
:10136000A461A5EB0B05D1D1002DD1D10020BDE8A2
:10137000F88F002370B58CB008AA04A90446CDE903
:101380000033CDE90233FFF788FF054640BBD4F8B0
:10139000A45104F5CA76102D2A4624D1304604A95A
:1013A000FFF74CFC2A4631466846FDF7B8FE04F5C7
:1013B000C276102269463046FFF740FC334632467B
:1013C00004F5A47104F5D67001F0F1F8054638B9BA
:1013D0001022314604F10C00FDF7A1FE10236360DA
:1013E00028460CB070BD31466846FDF798FE802255
:1013F000D4F8A431684630336B4403F8302C08A984
:101400001022FFF71BFCD2E7F8B500F150040E469E
:1014100000F5A471204617461D46FBF7DDFF18B105
:10142000BDE8F840FFF7ACBB3A463146204600F035
:101430007DFB0028F4D12946204600F0A5FB0028BA
:10144000EED1204600F0FFFB0028E9D1F8BDC00036
:10145000C90002F1080303F8010D93424FEA10207E
:10146000F9D103F11002083302F8011D9A424FEA44
:101470001121F9D10120704783686BB100210F332E
:1014800023F08043826A23F00F0343F0804311600E
:1014900093601032826281607047C26938B5146906
:1014A000054614B15069A047044605F12000FCF739
:1014B0005BFA204638BD837E37B505468BB905F10A
:1014C0002000FCF727FAAB7E93B1019800F0F1F908
:1014D000044668B12846FFF7E0FF002808BF204611
:1014E00004E001A8FCF7D2FB0028E8D003B030BD2F
:1014F000EA69D3680BB90020F8E7506998470446B9
:101500000028E7D1F7E7FBF775BC10B50446FBF7F9
:1015100071FC20B92268236B12681343236310BD4A
:1015200038B590F8203004466BB3B2F1807F06D313
:10153000FFF7B3FF002808BF6FF03F0038BD036915
:1015400033B1FFF7AAFF002808BF6FF04800F5E7A6
:10155000406902F10F0510446061A06825F00F0595
:101560001044A060606A016045F00051816021680C
:10157000AD1A896810300A6942EA052240F8042C45
:1015800060621846DAE76FF02000D7E7F8B51E462C
:1015900090F8203004460F461546002B35D0B2F1A6
:1015A000807F06D3FFF779FF002808BF6FF03F0068
:1015B000F8BDFFF761FF0DB90020F9E705F10F0055
:1015C000626A20F00F0040F0005393602368411BD3
:1015D0009B6817605B69103243EA012342F8043CC0
:1015E00023696262A26A2B44C4E90353854202F173
:1015F000100316609560A362DED0002341F08041A5
:10160000136191612032A262D6E76FF02000CFE72C
:10161000F8B590F82030054633B3FBF7AFFF431C15
:10162000044606D038B12846FFF737FF002818BF18
:1016300004462046F8BD2B682A6B5B691340F2D143
:1016400069680029EFD02E7E05F1F4009E4204D88F
:10165000002C18BF6FF00F04E5E7CA5C10F8017B9F
:1016600001337A401443F1E76FF02004E1E710B54D
:1016700004462046FFF7CCFF431CFAD010BD38B516
:101680004368054653B11C6914B15869A047044624
:1016900005F10C00FCF768F9204638BD1C46F7E759
:1016A00073B5064601A8FCF7F1FA044680B906F1C5
:1016B0000C00FCF72FF9019800F0FBF8044650B934
:1016C00073682BB1DA681AB158699047054618B9A2
:1016D000204602B070BD05463046FFF7D0FF002817
:1016E00014BF04462C46F3E770B5057B0446002D75
:1016F00031D0B2F1807F06D3FFF7C1FF002808BFC9
:101700006FF03F0070BD806802F10F051044A060CB
:10171000206925F00F05016045F0005181602168C6
:10172000AE1A096810300969AA4241EA062140F858
:10173000041C616920610B6001F110038A60636120
:1017400001D10020DEE7002346F080460B618E6168
:1017500020316161F5E76FF02000D3E7027B38B5F7
:1017600032B3016882680C7AA24206D2FFF787FF83
:10177000002808BF6FF0530038BD4C7AB2FBF4F577
:1017800004FB152232B1FFF77AFF002808BF6FF083
:101790004500F1E7C269497911421CBF8A43C26121
:1017A000602100F170020C30FBF772FE0020E3E7CD
:1017B0006FF02000E0E738B5037B93B30268D37A7B
:1017C00033B9FFF75CFF002808BF6FF0470038BD52
:1017D0008468937A9C4206D2FFF751FF002808BF25
:1017E0006FF05300F3E7013B1C4006D0FFF747FFC3
:1017F000002808BF6FF04500E9E75279C36960210E
:101800001343C361D0E90532A4321A6010229A60F2
:101810001344436100F170020C30FBF739FE20469F
:10182000D5E76FF02000D2E738B5037B054663B1FA
:10183000FBF7A4FE431C044605D02846FFF71FFF14
:10184000002818BF0446204638BD6FF02004FAE790
:1018500010B504462046FFF7E7FF431CFAD010BD41
:1018600010B5531ED41D03F8010FA3424FEA1020F8
:10187000F9D10F3203F8011F93424FEA1121F9D138
:10188000012010BD07B500930023FBF71BFD03B03B
:101890005DF804FB07B500930423FBF713FD03B0C9
:1018A0005DF804FB13B500240094FBF757FD02B06C
:1018B00010BD10B59EB0024646F611031AA901A844
:1018C000FBF7D6FD0022039B10211A609A6001A845
:1018D00010331AAA0393FBF7DBFDFBF74FFE431C03
:1018E0000446FAD001A87421FFF75AFA20461EB028
:1018F00010BD1830FCF738B8CB69016011461847A5
:1019000038B503680446E3B1027ED2B94FF4AA7138
:10191000DB69C568984798B92368E5605A69E36947
:10192000C2F5967542F00052616A9A606268294475
:1019300052681960DA601033E361A3680233A36070
:1019400038BD6FF02000FBE7037E10B52BB312B358
:101950008468062C05D91830FCF706F86FF04400AF
:1019600010BDB2F1807F05D31830FBF7FDFF6FF09B
:101970003F00F5E7C3690134196041689A60C9689E
:10198000103343F8041CC36103698460134403618A
:10199000C3681344C3600020E2E76FF02000DFE774
:1019A000F8B5037E0246002B39D050F8183BD568B5
:1019B0001969B5FBF1F401FB145525B1FBF7D4FF10
:1019C0006FF04500F8BDD3E905412144682904D9E9
:1019D000FBF7CAFF6FF02200F4E7D3E90131594069
:1019E000936A566A4B409362E11C136AC4F596777A
:1019F0003E4421F003011E608C4203F110069C60FE
:101A0000166206D0091B41F080411D6199612033A7
:101A10001362D8217C32FBF73BFD0020D2E76FF048
:101A20002000CFE7037E10B50446A3B1D0E903231D
:101A30009A4204D00268836A526853408362204607
:101A40006369984704F11800D82104F17C02FBF780
:101A50001FFD002010BD6FF02000FBE738B5037EAE
:101A6000054653B1FBF78AFD431C044603D005F13C
:101A70001800FBF779FF204638BD6FF02004FAE725
:101A800010B504462046FFF7E9FF431CFAD010BD0D
:101A9000C068704700697047026938B51469054627
:101AA00014B15069A047044605F11400FBF75CFF30
:101AB000204638BD826808B503465AB902681169E4
:101AC000426A114206D0FFF7E7FF002808BF6FF017
:101AD000530008BD03F11400702103F17802FBF7F5
:101AE000D7FC0020F5E773B5064601A8FCF7CEF851
:101AF000044678B906F11400FBF70CFF0198FFF7D4
:101B0000D8FE044648B93269D3681BB1506998477A
:101B1000054618B9204602B070BD05463046FFF7AD
:101B2000BBFF002814BF04462C46F3E710B5047D24
:101B3000034634B3B2F1807F06D3FFF7ADFF002830
:101B400008BF6FF03F0010BD4468062C06D9FFF7B0
:101B5000A3FF002808BF6FF04400F4E70AB9002093
:101B6000F1E7806901340160196882608969103089
:101B7000C96840F8041C9968986111445C609960D8
:101B8000EDE76FF02000DEE7037DF0B4002B42D0DC
:101B900004688768256887B9836900F124021A60A0
:101BA0006A1C42F000569E60A6691202F66802F4B2
:101BB000F8523243DA601033836182697B1952F83C
:101BC000046C23EA0503DB1B46EA032642F8046C97
:101BD00052F8086C3344C66843F0005342F8083C9E
:101BE000C369721922EA05021960964203F11001D5
:101BF0009E60C16107D00021921B42F080421961B2
:101C00009A612033C361E268436AF0BC23EA0203AD
:101C10004362FFF74FBF6FF02000F0BC704738B54C
:101C2000037D054663B1FBF7A9FC431C044605D0C0
:101C30002846FFF731FF002818BF0446204638BD6C
:101C40006FF02004FAE7037D10B504462BB120465F
:101C5000FFF7E5FF431CFAD010BD6FF02000FBE753
:101C6000037810B504461BB1F8F762FC002323701B
:101C7000002010BD0020FBF79FBE0368D868C0F3AA
:101C800000407047036803F580535B6A13F4A02F8C
:101C900014BF01200020704710B5044600F095F9EC
:101CA00020B12046BDE81040FFF7ECBF2046BDE85C
:101CB0001040FFF7E2BF38B50225036804469D6077
:101CC00000F083F918B1236803F58053DD6138BD56
:101CD00010B5044600F079F920B12046BDE8104067
:101CE00000F07AB92368BDE81040D868FBF770BFF0
:101CF00010B50446236803F580535B68C62B09D0F2
:101D00002046FFF7C9FF0028F4D12046BDE8104067
:101D1000FFF7DEBF6FF0010010BD03685A50704737
:101D20000368585870470369996670470369986E4D
:101D3000704770B506460D461446FFF7F7FF013DA4
:101D4000026844EA0524304622430421BDE870407D
:101D5000FFF7E3BF73B5D0E90146CDE9002305469F
:101D6000FFF7E4FF03689DF8002013F0805FE86848
:101D70009DF8073004EB061416D002F03F0242F043
:101D8000200243F00103A0F10801201A8DF8002081
:101D90008DF8073001F009F9083C08226946204611
:101DA00001F02EF902B070BDA41B03F03F0342F016
:101DB000010243F02003A0F1080104F108008DF8AE
:101DC00000208DF8073001F0F0F8E6E710B5044682
:101DD000FFF7ACFFC2684AB142F420222046BDE8BA
:101DE0001040002142F40062FFF797BF10BDC068A9
:101DF00070470A682DE9F84312F4700F0C4615D1AC
:101E0000D0E90159D1F80880FFF790FF0368204618
:101E1000DB0048BF63684FF0000744BFA9EB030332
:101E2000ED1800F0C4F80646B74201DBBDE8F883C0
:101E300041462846626801F0E3F863684D449844DF
:101E40000137F1E770B50C461E461046D1E9012571
:101E500005EB4205294601F0D3F862683046A9181F
:101E6000BDE8704001F0CCB838B50446FFF75EFF1E
:101E7000D4E9013501684268C90042BFE168691AC6
:101E80005B18002112B904F1140038BDD00742BF1D
:101E900004EB8100436101312B445210F2E72DE93C
:101EA000F04F044685B00F4691460193FFF73EFF81
:101EB000D4E9018BD4F848A005468668BAF1000F32
:101EC00007D02046FBF71CFE1025284605B0BDE8CC
:101ED000F08FFBF7C1FD3A6811064CBFC06840683F
:101EE0007968814204DD2046FBF70AFE0D25ECE708
:101EF00049EA02092A69204649EA0202E160FFF73D
:101F000018FF2A68D20003D5E268ABEB02029044C6
:101F10003EB939462046FFF76CFF2B696BB90025A7
:101F2000D3E7F30748BF019B4FEA660644BF43F877
:101F30002A800AF1010AD844EAE702A801F00EF863
:101F4000054618B12046FBF7DBFDBEE72046DDE97C
:101F50000223FFF7FFFE08210DEB0100FEF720FF33
:101F6000DDE7C0F30B03482B4B6028BF482310F478
:101F7000003F8B6008BF0023CB6010F4803308BFA4
:101F8000C1E9013300F47003B3F5700F14BF0023EF
:101F90008B6800284FF0010C4FF008028B60B8BF2F
:101FA0000023C1E905C2B8BFC1E905337047036822
:101FB000024613F4700F06D1806828B1D3685068C8
:101FC00093FBF0F070470020704708B5FFF7AEFEB6
:101FD000006800F4003008BD10B541F22401044649
:101FE000FFF79EFEC20709D4830709D420460C21BF
:101FF000FFF796FEBDE81040FBF7EABD082010BDD4
:102000000220FCE72DE9F0410546FBF761FD07469C
:10201000012241F22801FFF780FE002241F228014F
:102020003846FFF77AFE41F204013846FFF778FEA2
:10203000C406F8D410F0200602D00220BDE8F081DA
:1020400041F22C013846FFF76BFE0122044641F2B3
:1020500008013846FFF761FE8DB901224FF4805127
:102060003846FFF75AFE41F204013846FFF758FEA2
:10207000420700F023033BD4002BF4D0DDE72B68AC
:10208000C4F3036803BBE10458BF6C68AB684BBF83
:1020900041F20C0641F21006C4F30354A8EB040409
:1020A000002BDAD0EB68002BD7D0A34211DC002440
:1020B000EB689C42D1DAAB68314653F824203846AD
:1020C000FFF72BFE0134F3E76B68002BDBD098455C
:1020D0000ADA0D20B2E72B6841F2100153F82620EE
:1020E0003846FFF71AFE01366B689E42F3DBCAE7FB
:1020F000FBF7F2FC01463846FBF7B6FD00209DE7F2
:102100002DE9F04F4FF0000B91461E46448805889C
:102110008BB005F44F4300940734B3F5824F8246E9
:102120000F464FF01C0259464FEAD40803A818BFC7
:102130005D46CDF808B0FDF717F8C845C6F800B001
:1021400041D8B4F5847F41D26A4649465046FBF7F0
:1021500081FE044640BBEDB22846009901AAFBF778
:10216000BBFD044600BBA5F14103012B20D842462C
:1021700002A9F8F763FC20BB414602A8FEF7DEFD8A
:1021800038BB412D05D1B8F1200F02D102A800F0D3
:1021900080FF4246384602A9FCF7C1FF202102A871
:1021A000FEF7FEFDC6F8008020460BB0BDE8F08FBC
:1021B0004A463946019801F007F80028EED0FEF7AC
:1021C000DFFC0446F0E76FF08904EDE76FF085046B
:1021D000EAE76FF09304E7E72DE9F341DDF82080AB
:1021E0001E46438842450F461546019315D8294699
:1021F00001AAFBF72FFE044658B92B463A46414642
:102200003046FEF7B0FD58B10A9B019A1A60099B4F
:102210001D60204602B0BDE8F0816FF08904F8E748
:102220006FF08604F5E72DE9F04105881F464388E5
:1022300094B0029305F44F43B3F5824F064614461B
:102240001346D0F80C800A4603A84FF0410118BF8E
:102250000025FEF788FD18B31A9B9C4223D8304610
:10226000214602AAFBF7F6FD0646A8B9E9B21229F3
:10227000029D01D0302906D12A464046009403AB86
:10228000FBF7B2FD90B92246384603A9FCF747FF99
:102290001C9B1D601B9B1C60304614B0BDE8F08188
:1022A0006FF08606F8E76FF08906F5E70646F3E774
:1022B0008B4238B505460C46104607D30A462946D8
:1022C000FCF72DFF0020049B1C6038BD6FF08900D7
:1022D000FBE7F0B51746002285B00546D8B20E469A
:1022E00040F0007003A90392F8F7A6F9044680B9FC
:1022F0006023019305F5D273009332463B46039861
:1023000005F1500100F027FF044628B1FEF738FC24
:102310000446204605B0F0BD0398FFF7BBFB012340
:10232000A86085F84C30F4E700232DE9F74F054607
:10233000007889461646019308B140F0007001A963
:10234000F8F77AF90446F8B90198FFF7A3FBAB68F0
:102350008046B3420CD9A8EB030305F10C001844E6
:1023600032464946FCF7DBFEAB689B1BAB600BE0DB
:1023700095F84C3005F1500A53B95046FFF7C0FAB2
:1023800030B1FEF7FDFB0446204603B0BDE8F08FF8
:102390000023AA6805F10C0B5946504685F84C30CD
:1023A000A8EB0202FFF7D0FA0028EAD1AF6849464D
:1023B000F31BB3FBF8F308FB037750463A46FFF7ED
:1023C000C3FA0028DDD15046FFF7EAFA0028D8D139
:1023D0005046FFF755FB0028D3D1A6EB070A402152
:1023E0005846C5F80880FEF7DBFCBAF1000FCBD0E9
:1023F0005246584609EB0701FCF791FEAB689B1B60
:102400003B44B3E70023F0B50446007885B003935E
:1024100008B140F0007003A9F8F70EF918B1FEF703
:10242000AFFB05B0F0BD0398FFF732FB0398FFF751
:1024300031FB94F84C30064604F1500523B9284688
:10244000FFF75EFA0028EAD1A26804F10C073946CA
:102450002846B21AFFF778FA0028E0D104F5D274C2
:1024600040233A4628460399009400F03BFED6E705
:102470002DE9F843044617461D46884681B3D0E946
:102480000232AB4272F100012DD35B1B62F10002FC
:10249000C0E9023200F110090DB928461EE094F897
:1024A0005060BEB1AE4228BF2E463846324649463D
:1024B000FCF735FE94F850203744921BD2B2AD1B86
:1024C00084F85020002AE7D0484609EB0601FCF7C3
:1024D000F0FDE1E72046C0470028E0D0BDE8F883E2
:1024E0006FF08500FAE76FF08E00F7E770B5059E94
:1024F00004461546FFF7F8F818B1BDE87040FEF73E
:102500003FBB2046FFF72AF90028F6D12046FFF707
:102510009FF90028F1D13560EFE72DE9F047DDE9BB
:1025200008879F42054616461C46DDF8289012D3C0
:10253000230714D1FAF706FE18B1BDE8F047FEF7FD
:102540001FBB4346224631462846CDE90879BDE8FF
:10255000F047FFF7CBBF6FF08900BDE8F0876FF061
:102560008600FAE72DE9F047DDE908879F42054636
:1025700016461C46DDF8289012D3230714D1FAF72B
:10258000EDFD18B1BDE8F047FEF7FABA4346224622
:1025900031462846CDE90879BDE8F047FFF7A6BFE8
:1025A0006FF08900BDE8F0876FF08600FAE77FB52D
:1025B000044615461E46FAF7C5FD20B104B0BDE835
:1025C0007040FEF7DDBA102203AB01932946334673
:1025D00020460092FFF78AFF04B070BD01440B1A39
:1025E0009A4202D36FF08600704711F8013D013323
:1025F000DBB20B70002BF2D00020704710B5002426
:1026000008449C4200D110BDE10022FA01F100F81B
:10261000011D0134F5E710B50023044688B0CDE96B
:102620000033CDE90233CDE90433CDE9063394F824
:102630001D33084613B1002008B010BD6A4604AB34
:10264000211DFFF7B4FF0028F6D104F5F07104A8AE
:1026500000F0C6FD012384F81D33ECE72DE9FF47A8
:10266000002304460D46CDE90033CDE9023301EBEA
:10267000020A00F5F07800F5387700F15909554560
:1026800002D104B0BDE8F08794F899305E1CF6B230
:1026900084F8996015F8012B2344102E83F85920F3
:1026A000EDD1324649463846FEF7C8FA6A46394601
:1026B0004046FBF727FF324669463846FCF72FFDB8
:1026C000002384F89930DAE71FB5002390F89920A9
:1026D000CDE90033CDE9023322B16946C2F11002DF
:1026E000FFF7BCFF05B05DF804FB2DE9F84F044689
:1026F000154689460A9F0B995E1EC1F110081744C2
:1027000000F53C7A00F5407BBD4202D10020BDE8D7
:10271000F88FD4F810330F2B10D9424610215046B1
:10272000FFF75CFF0028F2D15B4652464846211D68
:10273000FFF73DFF0028EAD1C4F81003D4F81033A6
:1027400015F8012B591CC4F81013234493F80033D7
:10275000534006F8013FD7E7082330B50025D0F8ED
:10276000142385B0044619466846D200CDE90055C9
:10277000CDE90255FFF742FF0823D4F81823194684
:102780000DEB0300D200FFF739FF10226946204607
:10279000FFF764FF1021684684F89950FEF700FBAC
:1027A00005B030BD38B590F81C330446BBB900F510
:1027B0003C7510212846FEF7F3FA94F84D200C2AB8
:1027C00007D1284604F14001FCF7A9FC012384F855
:1027D000FF321023C4F81033012384F81C3338BDB2
:1027E000F0B50023044689B00E4668461021154610
:1027F000CDE90433CDE90633FEF7D2FA94F84D2043
:102800000C2A07D1684604F14001FCF788FC01233B
:102810008DF80F3028466A4604AB211DFFF7C7FE2E
:10282000054638B110210DEB0100FEF7B9FA284634
:1028300009B0F0BD102204F538770DEB02013846DF
:10284000FEF7FCF93946304694F89A20FCF767FC0D
:10285000E8E713B5049CCDE9003413460A4601218C
:10286000FBF71EFD02B010BD13B5049CCDE900348A
:1028700013460A460021FBF713FD02B010BD0C2AD7
:1028800038B50446154606D14030FCF748FC002018
:1028900084F84D5038BD6FF08600FBE7C0E9141294
:1028A000002070472DE9F043B5B0894669460446DB
:1028B0001746FFF7B0FE064638B98046B84508D33C
:1028C000D4F814333B44C4F81433304635B0BDE873
:1028D000F08394F89950A7EB0803C5F110059D42C9
:1028E00028BF1D4609EB08012A462046FFF7B6FE21
:1028F000A844E3E72DE9F04F9B460123B9B08A468F
:1029000080F89C3004A90446904690F84D90FFF75B
:1029100082FE0646002850D12046FFF743FF20469E
:10292000FFF7D2FE94F858303546012BC9F1100953
:102930003AD045453AD294F89970A8EB0503C7F10F
:1029400010079F4228BF1F460AEB05013A46204662
:102950000391FFF783FE039920460A46CDE90079EB
:102960000BEB050304A9FFF7C0FE50BB3D44E0E7B5
:1029700094F89970A8EB0503C7F110079F4228BF90
:102980001F4620460BEB0503CDE900790AEB050253
:1029900004A90393FFF7A9FE98B9039B3A46194689
:1029A0002046FFF75BFE3D444545E1D3439B1D6058
:1029B000D4F818332B44C4F81833304639B0BDE886
:1029C000F08F0646F9E710B5B4B069460446FFF744
:1029D00022FE90B92046FFF7E5FE2046FFF774FE81
:1029E0002046FFF7B9FE6A4620463699FFF7F8FE03
:1029F00018B994F89A20389B1A6034B010BD00239F
:102A000070B5B8B004A90546CDE90033CDE902336D
:102A1000FFF701FE0446F8B92846FFF7C3FE284633
:102A2000FFF752FE2846FFF797FE6946284604AA9C
:102A3000FFF7D6FE044658B96E4602463C9B95F811
:102A40009A1019448B420AD1002A18BF6FF09404DF
:102A500010216846FEF7A4F9204638B070BD16F87C
:102A6000010B13F8015B68400243EBE708B54FF434
:102A70006A71FEF795F9002008BD2DE9F041044682
:102A80000D468E1800F1590700F55A78B54201D16C
:102A9000BDE8F08194F899104B1CDBB284F89930B2
:102AA00015F8012B2144102B81F85920EED1012378
:102AB0003A461946404600F04DFC002384F8993010
:102AC000E4E71FB50022CDE90022CDE9022290F80B
:102AD0009C203AB990F8992022B16946C2F11002BF
:102AE000FFF7CBFF05B05DF804FB90F8A43310B5F9
:102AF000044663B9012304211A4600F54870FFF724
:102B00007DFD4023C4F86433012384F8A43310BD51
:102B100070B50446DDE90456FEF7C4FE18B1BDE801
:102B20007040FEF72DB83346402229462046FEF776
:102B3000DBFD0028F3D12046FEF710FE0028EED181
:102B40002046BDE87040FEF783BE2DE9F04F884671
:102B50000021044615461E4693B03C2203A802916C
:102B6000FCF702FB1C9F013E2F4404F5487904F159
:102B7000400A04F1040BBD4203D1002013B0BDE8AC
:102B8000F08FD4F864333F2B15D904F549730193C2
:102B900002AB00934A46534659464046FFF7B8FFFA
:102BA0000028EBD1024604214846FFF717FD002814
:102BB000E4D1C4F86403D4F8643315F8012B591C2C
:102BC000C4F86413234493F82433534006F8013FB8
:102BD000D1E7F0B500240546ADB03C220F460DA864
:102BE00021460C94FCF7C0FA3C2221461DA8039410
:102BF0001C94FCF7B9FA1C22214605A80494FCF7A2
:102C0000B3FA95F8A5330BBB0CAB1CAE009338465A
:102C1000019605F1400303AA291DFFF779FF044639
:102C200060B92022314604A8FCF779FA04A905F519
:102C30005A70FBF743FD012385F8A5334021304648
:102C4000FEF7AEF8202104A8FEF7AAF820462DB022
:102C5000F0BD1FB5002390F899200446CDE900335C
:102C6000CDE9023322B16946C2F11002FFF705FF38
:102C700068461021FEF794F86A460023D4F89C03B6
:102C800020FA03F10833402B02F8011BF8D100238E
:102C9000D4F8A0030DF1070220FA03F10833402B0A
:102CA00002F8011FF8D1102269462046FFF7E5FE21
:102CB00000231021684684F89930FEF771F804B0BB
:102CC00010BD13B5049CCDE9003413460A4601211A
:102CD000FBF75AFB02B010BD13B5049CCDE90034DC
:102CE00013460A460021FBF74FFB02B010BD0C2A29
:102CF00038B50446154606D14030FCF710FA0020DE
:102D000084F84D5038BD6FF08600FBE7C0E914121F
:102D100000207047F0B590F89C3004460F461646E8
:102D2000B5B08BB96946FFF754FF054648B932463E
:102D300039462046FFF7A1FED4F89C333344C4F84B
:102D40009C33284635B0F0BD6FF08805F9E72DE9D2
:102D5000F04FB7B09A46409B0546934289461746C6
:102D600057D302A9FFF735FF064600284DD1284664
:102D7000FFF7BBFE2846FFF7A4FE012385F89C3031
:102D800095F858303446012B36D0BC4236D295F8EF
:102D900099803B1BC8F14008984528BF984609EB2D
:102DA000040B424659462846FFF767FE5A46284616
:102DB000CDF800800AEB040302A9FFF7C6FE58BB5A
:102DC0004444E2E795F899803B1BC8F140089845D8
:102DD00028BF98460AEB040B5B462846CDF80080D6
:102DE00009EB040202A9FFF7B0FEA8B94246594612
:102DF0002846FFF742FE4444BC42E3D3419B1C609B
:102E0000D5F8A0332344C5F8A033304637B0BDE829
:102E1000F08F6FF08906F8E70646F6E730B5B5B0F3
:102E200090F89A20399B04469A4219D86946FFF7D0
:102E3000D0FE054688B92046FFF757FE2046FFF72B
:102E400040FE2046FFF705FF389904F55A7000F060
:102E50007DFB94F89A203A9B1A60284635B030BD25
:102E60006FF08905F9E7002330B5B9B004A905462C
:102E7000CDE90033CDE90233FFF7ABFE0446D8B904
:102E80002846FFF732FE2846FFF71BFE2846FFF7CD
:102E9000E0FE694605F55A7000F058FB3C9968461B
:102EA00095F89A20FDF736FF1021041E684618BFDA
:102EB0006FF09404FDF774FF204639B030BD08B5BB
:102EC0004FF46A71FDF76CFF002008BDF8B50D46A0
:102ED000064607682846D41B214600F066F83A46A5
:102EE00071682819BDE8F84000F08AB8FFF7EEBF16
:102EF000F8B507461646D2E900208A420C460BDB9D
:102F0000551A294600F051F822463946706828447F
:102F1000BDE8F84000F0A2B8891A3944F8E770B566
:102F200014460E461D4621461A46FFF7E1FF21468C
:102F3000304605F10802BDE87040FFF7D9BF70B513
:102F4000054616461C461A46FFF7C0FF2246314684
:102F500005F10800BDE87040FFF7B8BF10B50446A2
:102F6000FAF77AFD436963B12046FAF78FFE50B94C
:102F7000D4E900321343F7D0201DBDE81040FAF722
:102F800085BE6FF0020010BD13B504680B440194B8
:102F900001AC2244994203D1019B036002B010BDF1
:102FA00011F8014B02F8014BF4E7F7B505460C4662
:102FB00009B3002310F0030601930BD0C6F10407F8
:102FC00032463B4601A920F00300FFF7DDFF26440F
:102FD0003D44341F2A46002124F003032B449A4227
:102FE0000BD114F0030306D024F00304002201A93E
:102FF0002819FFF7C9FF03B0F0BD42F8041BEEE744
:103000002DE9F04110F0030705460E4614460BD09B
:10301000C7F1040843463A4620F00300FFF7B4FF27
:10302000043C454446443C44324624F00303291FF3
:1030300033449A420BD114F003030DD024F003045F
:10304000311928190022BDE8F041FFF79DBF52F861
:10305000040B41F8040FECE7BDE8F08173B50AB941
:1030600002B070BD21F003031B6801F0030401935B
:10307000C4F10403934228BF134601AD2C44C51884
:1030800014F8016B00F8016BA842F9D11944D21A67
:10309000E5E7037823F007030370C37F03F07F03A2
:1030A00043F04003C377704770B514464FF4AA72DB
:1030B00005460E46FEF720FC98B93046FEF7EAFCBE
:1030C000234602462018984205D121462846BDE8ED
:1030D0007040FEF739BC197881F0360103F8011B06
:1030E000F1E770BD2DE9F047044608461E460D463F
:1030F0009146DDF82080FEF7CBFCB042074606D9AA
:103100002046FEF7F6FB6FF04000BDE8F08728464A
:10311000FEF7C0FC08EB000A064651462046FEF7C3
:1031200081FC0028F1D12046FEF7AAFC0028ECD152
:1031300043469A4509D12B4641462046CDF820907A
:10314000BA19BDE8F047FDF7D7BD1A7882F06A02D8
:1031500003F8012BEDE72DE9F74F1C46DDE90C6B79
:1031600005460F469246FEF793FC81462846FEF739
:1031700091FCA042804618D222462B465146384642
:103180000096FDF7B9FD0246D8B9A8EB0903ABEBF1
:10319000090106EB0900FDF7F8FD324629463846DD
:1031A00003B0BDE8F04FFFF77FBF224651463046DF
:1031B000FBF7B5FF0022A8EB0403ABEB04013019C9
:1031C000E9E703B0BDE8F08F0B46D0E901108A4271
:1031D000084402D31A4600F01EBA6FF04000704750
:1031E0002DE9F04FD0E90023C1E92023D0E90223E3
:1031F000C1E92223002200230C464FF003080425D6
:10320000C1E90023C1E9022385B0082204EB451679
:10321000B1180DEB0200FBF782FF039B029A1BBA69
:1032200012BA5B0843EAC27352081BBA12BACDE95C
:103230000223082204EB05170DEB0201B818FBF777
:103240006EFFF2793B7A314643EAC21308223B72A1
:103250000DEB0200FBF763FF039B029A1BBA12BA45
:103260005B0843EAC27352081BBA12BACDE90223C3
:10327000082238460DEB0201FBF751FFF27B4FEAC3
:10328000051912F0010F0CBF00226FF01E0214F896
:103290000930B8F1010883EA020304F809304FEA63
:1032A0006505B2D10427082604EB06153301E3585F
:1032B0006A681BBA12BACDE90223082228460DEB30
:1032C0000201FBF72CFFAB68EA681BBA12BACDE922
:1032D000022308220DEB0201A818FBF720FF013F93
:1032E0004FEA6606E0D103274FF0020901264FEAB4
:1032F000091303F11008E3180093002504EB061BE3
:1033000004EB080A009B0422591902A8FBF707FFE7
:10331000029B0BEB0501042202A80193FBF7FFFEC1
:10332000DDE901320AEB0500534002A9042204350D
:103330000293FBF7F4FE102DE4D101364E4508F15F
:103340001008DAD1013F4FEA4609CFD1384605B01F
:10335000BDE8F08F2DE9F04FD0E90854D0E90A76A6
:1033600091B0CDE90B130368804602934368019244
:10337000039383680793C3680993039B03EB930349
:103380000A93079B03EB93030893099B03EB9303B7
:103390000493036B0593002399460693069B0B9AAF
:1033A000934209D1059BC8E90854C8E90A76C8F8D0
:1033B000303011B0BDE8F08F042201990FA8FBF75F
:1033C000AEFE04220F9B0FA80D93019B9918FBF7EB
:1033D000A6FE019B042203F108010FA8DDF83CB012
:1033E000FBF79DFE019B042203F10C010FA8DDF801
:1033F0003CA0FBF794FE0D9B14EB0B0049EB09017D
:10340000ED1849EB090B1BEB000B41F100010F9A82
:1034100017EB0A0A49EB090311EB0A0A43F100030F
:10342000B2180C9849EB09019A18059B034443EB29
:10343000010C049B0299ABFB0330A5FB01411B1956
:1034400040EB01000899AAFB01411B1940EB010068
:103450000A99A1FB02145B1805930799039B40EBA3
:103460000400ABFB0336A5FB01411B1946EB01062B
:103470000299AAFB01411B1946EB01060499A1FB25
:1034800002145B18089946EB0406ECFB01360D9319
:10349000079B099CA3FB0B13E5FB0413039CAAFBEE
:1034A0000474C91943EB0403029CA4FB02470919E5
:1034B000049C43EB0703ECFB04138E46039C029928
:1034C000A5FB0454ABFB01B11BEB050541EB040468
:1034D0000499AAFB01A115EB0A0A44EB0101089C1F
:1034E000A4FB02251AEB020A41EB05010A9A1AEB2A
:1034F000000A41F10001ECFB02A10D9A8F1846F180
:103500000006029A16EB0E0643F100030CFB023391
:1035100023F003029D08AD18059A49EB0904AD1884
:1035200044F100041AEB040449EB0902BF1849EB0B
:103530000902B61803F0030343F100030593069B49
:1035400001330693019B1033019327E72DE9FF47D1
:10355000D0E90A9C00220E46D0E9081811F1050AAC
:1035600042F1000718EB070742EB020319EB0303D4
:10357000056B42EB020E1CEB0E0E45F10005AD088B
:103580006C42013D0CEA050C08EA050809EA050948
:103590002940056927400195456947EA08077F19D1
:1035A0000AEA040A019D41EA0A0142EB02084919AC
:1035B00042EB02057F1903EA0403856943EA090324
:1035C00048F100085B1904EA0E04524113EB0805A8
:1035D000C36944EA0C041C4444EB02040391042232
:1035E00003A93046FBF79BFD042203A9B0180397FB
:1035F000FBF795FD03A9042206F108000395FBF7EC
:103600008EFD042203A906F10C000394FBF787FD4D
:1036100004B0BDE8F0872DE9F0470446104639B103
:1036200022460023164612F8015B35B98B4202D1BF
:103630006FF0530435E00133F4E78B42F8D04A1EB3
:103640009A4201D1022DF3D9A25CD2072FD5FF24D3
:1036500015EA040228D1E443A1EB0308C718FDF7DB
:1036600094FBE5B208EB070A424639460020F7F71B
:10367000E5F90446E8B93B7881462B403B703B4670
:1036800013F8012B534549EA0209F9D100234246B8
:1036900031463846FDF7E9FAB9F1000FE4D00028C9
:1036A000E2DA2046BDE8F0876400E4B2D0E76624A1
:1036B000F7E70224F5E70346002030B5013A00D2CF
:1036C00030BD1D780C78A54202D008B9281BF5E75B
:1036D00001330131F2E72DE9F047B1F5004F07461C
:1036E000DDE908960D4690461C4603D2042B01D80E
:1036F000042E01D9F4F722FE2406360406F4E0264F
:1037000004F0E0643443A9B24B46424638462143B4
:10371000BDE8F047F4F7DCBD70B504460020034671
:10372000934200D170BDE55CCE5C01337540284307
:10373000F6E70020704700207047002303607047C1
:1037400003680B4202D000680840704720BFF7E7CB
:10375000036823EA010303607047034600681A68A0
:1037600008400A431A6070472DE9E04F2746A046FB
:10377000A146A246A346A446A2B02DEC000A84F3BB
:10378000008825462646A447EFF3148515F0080F58
:1037900018BFB0EE400A3DEC000A22B0BDE8E08F51
:1037A0000338FDD870470000000000000000000052
:1037B0000000000000000000FF000000000000000A
:1037C00001000000000000000101000000000000F6
:1037D0000000000000000000FF00000000000000EA
:1037E00001000000000000000301000000000000D4
:1037F0000000000000000000FF00000000000000CA
:103800000100000000000000000000C400000000F3
:103810000000000000000000B300000000000000F5
:103820000100000000000000000000000000000097
:1038300002C0FF7F0000000000C000000000000088
:10384000010100000000000002C0FF7F0000000036
:1038500000C00000000000000001000000000000A7
:1038600002C0FF7F0000000000C000000000000058
:10387000000000C40000000001C0FF7F0000000045
:103880000028000000000000000000C4000000004C
:1038900002C0FF7F0000000000C000000000000028
:1038A0007AFFFFFF00010100000202000014000087
:1038B000002800000040000001000000020000009D
:1038C0000100000006000000E838010000000000D0
:1038D0004F14010020000000100000001000000044
:1038E000200000000000000011000000110800008E
:1038F000112800000000000041000000010000004D
:10390000010000001039010001000000101010003B
:1039100011000000110800001148000011280000EB
:103920000100000030390100044020010101401075
:10393000140000001404000000000000142800001F
:103940000400000004000000000000006C390100C9
:103950004D3F010061180100400000002000000000
:1039600040000000300000000000000014000000D3
:103970001404000014280000142C0000440000006F
:1039800004000000040000000F0000001000000010
:1039900010000000200000001000000010000000D7
:1039A000A4390100110000001128000011080000D6
:1039B00001000000080600000002000000040000F2
:1039C000200000004000000020000000480000002F
:1039D000C9D600001300000063000000A30000002F
:1039E000030000000000100020000000CE3F010096
:1039F000C0000000F83901000000000000000000D5
:103A0000000000000000000000000000103A01006B
:103A10000F00000000000000000000000600000091
:103A200000000000283A0100000002000000000031
:103A30000000000000000000000000003000000056
:103A4000C00000001800000031000000000000006D
:103A500030000000E00000001C0000003900000001
:103A60000000000030000000000100002000000005
:103A70004100000000000000300000004001000094
:103A8000280000005100000000000000300000008D
:103A90008001000030000000610000000000000014
:103AA0003000000000020000400000008100000023
:103AB0000000000017000000C00000001800000017
:103AC000310000000000000017000000E1000000CD
:103AD0001D0000003B000000000000001700000077
:103AE0000001000020000000410000000000000074
:103AF00012000000C00000001800000031000000AB
:103B00000100000012000000E00000001C000000A6
:103B10003900000001000000120000000001000058
:103B20002000000041000000010000001200000021
:103B300040010000280000005100000001000000CA
:103B40001200000080010000300000006100000051
:103B50000100000012000000090200004200000005
:103B6000850000000100000041000000FF0000008F
:103B700020000000200000000000000041000000C4
:103B8000C001000038000000380000000000000004
:103B900042000000FF0000002000000020000000A4
:103BA0000000000042000000C001000039000000D9
:103BB0003900000000000000BC3B0100260000109E
:103BC00000000000003000000C00000000000000B9
:103BD000D43B010022000010000C00000031000066
:103BE0000C0000000000000321E8000011E80000C4
:103BF00001E8000031E8000041E8000051E8000061
:103C000061E8000071E8000081E8000091E8000030
:103C1000A1E80000EC13EC1300000000E41BE01F1F
:103C2000D02FC03FE41BE01F00000000E41BE01F9A
:103C3000D02FC03F0000C03F0000201C403860244F
:103C40008070A06CC048E05400E120FD40D960C500
:103C50008091A08DC0A9E0B554464D5F43525950A4
:103C6000544F0054464D5F50524F544543544544C1
:103C70005F53544F524147455F5345525649434560
:103C80000054464D5F494E5445524E414C5F54528C
:103C900055535445445F53544F524147455F534534
:103CA00052564943450054464D5F504C4154464F8F
:103CB000524D5F53455256494345003078005B559D
:103CC0006E737570706F72746564205461675D0007
:103CD0003031323334353637383941424344454642
:103CE0003031323334353637383961626364656672
:103CF000141400001C2030401C2000001C20304008
:103D00000040505341004B4559002F6F70742F6E87
:103D10006F726469632F6E63732F76332E332E3187
:103D20002F6E72662F7375627379732F6E72665F72
:103D300073656375726974792F7372632F64726926
:103D4000766572732F63726163656E2F636F6D6D3D
:103D50006F6E2F7372632F63726163656E2F6C6970
:103D6000625F6B6D752E6300415353455254494F4A
:103D70004E204641494C20402025733A25640D0AC7
:103D8000002F6F70742F6E6F726469632F6E637390
:103D90002F76332E332E312F6E72662F737562732A
:103DA00079732F6E72665F73656375726974792FAC
:103DB0007372632F647269766572732F63726163C5
:103DC000656E2F63726163656E7073612F737263CA
:103DD0002F63726163656E5F7073615F68617368A2
:103DE0002E63002F6F70742F6E6F726469632F6E75
:103DF00063732F76332E332E312F6E72662F7375C9
:103E0000627379732F6E72665F736563757269741E
:103E1000792F7372632F647269766572732F637280
:103E20006163656E2F63726163656E7073612F737A
:103E300072632F63726163656E5F7073615F6B6540
:103E4000795F6D616E6167656D656E742E63004BA1
:103E50004D550001030240400000404080808080BA
:103E6000000090886848141400001C2030401C207A
:103E700000001C20304000402F6F70742F6E6F7256
:103E80006469632F6E63732F76332E332E312F6E5A
:103E900072662F7375627379732F6E72665F7365C6
:103EA0006375726974792F7372632F6472697665B2
:103EB00072732F63726163656E2F63726163656EE7
:103EC0005F73772F7372632F63726163656E5F73C5
:103ED000775F6369706865722E63002F6F70742F4F
:103EE0006E6F726469632F6E63732F76332E332E79
:103EF000312F6E72662F7375627379732F6E7266CF
:103F00005F73656375726974792F7372632F64725E
:103F100069766572732F63726163656E2F63726178
:103F200063656E5F73772F7372632F63726163656E
:103F30006E5F73775F6D61632E6300141400001C65
:103F40002030401C2000001C2030400040000000B9
:103F5000000000000000000000000000002F6F7053
:103F6000742F6E6F726469632F6E63732F76332EB6
:103F7000332E312F6E72662F7375627379732F6EC5
:103F800072665F73656375726974792F7372632FDC
:103F9000647269766572732F63726163656E2F73E5
:103FA0007873796D63727970742F7372632F706C8C
:103FB0006174666F726D2F626172656D6574616C9C
:103FC0002F696E74657272757074732E6300FFFFD3
:103FD000FFFF0000000100000000000000000000E2
:103FE0000000FFFFFFFFFFFFFFFFFFFFFFFFFFFFDF
:103FF000FFFF00000000FFFFFFFFFFFFFFFFBCE629
:10400000FAADA7179E84F3B9CAC2FC6325516B179A
:10401000D1F2E12C4247F8BCE6E563A440F2770315
:104020007D812DEB33A0F4A13945D898C2964FE39A
:1040300042E2FE1A7F9B8EE7EB4A7C0F9E162BCE48
:1040400033576B315ECECBB6406837BF51F5FFFFBB
:10405000FFFF000000010000000000000000000061
:104060000000FFFFFFFFFFFFFFFFFFFFFFFC5AC63F
:1040700035D8AA3A93E7B3EBBD55769886BC651D53
:1040800006B0CC53B0F63BCE3C3E27D2604B20303E
:1040900042506172746974696F6E20696E697469E7
:1040A000616C697A6174696F6E204641494C454480
:1040B00020696E20307825780D0A0000000000008D
:1040C000387F000000000000000000000000000039
:1040D0000000040048080D0000000000387F0000C8
:1040E00000000000000000000000000000000400CC
:1040F00000020B00000000000090D00300401050B0
:1041000000000000000000000000000000000000AF
:10411000000000000000000000000000000000009F
:10412000000000000000000000000000000000008F
:10413000000000000000000000000000000000007F
:10414000000000000000000000000000000000006F
:10415000047F0000040000000000000000000000D8
:10416000FFFFFFFFFFFFFFFFFFFFFFFFFFFFFFFF5F
:10417000000000000000000000000000000000003F
:1041800000000000000000000000D6010000000058
:1041900000000000000000000000000790ED00E0BB
:1041A000004010505B47105018B10020D8AF0020DD
:1041B000200500007DF20000A3F200009FF2000045
:1041C00069F10000677420005CC1002060C100201C
:020000040004F6
:10A00000E85605204D9005000978060039900500B6
:10A010003990050039900500399005003990050008
:10A02000000000000000000000000000B1910500E9
:10A03000399005000000000051910500399005009D
:10A0400035930500359305003593050035930500DC
:10A0500035930500359305003593050035930500CC
:10A0600035930500359305003593050035930500BC
:10A0700035930500359305003593050035930500AC
:10A08000359305003593050035930500359305009C
:10A09000359305003593050035930500359305008C
:10A0A000359305003593050035930500359305007C
:10A0B000359305003593050035930500359305006C
:10A0C000359305003593050035930500359305005C
:10A0D000359305003593050035930500359305004C
:10A0E000359305003593050035930500359305003C
:10A0F000359305003593050035930500359305002C
:10A10000359305003593050035930500359305001B
:10A11000359305003593050035930500359305000B
:10A1200035930500359305003593050035930500FB
:10A1300035930500359305003593050035930500EB
:10A1400035930500359305003593050035930500DB
:10A1500035930500359305003593050035930500CB
:10A1600035930500359305003593050035930500BB
:10A1700035930500359305003593050035930500AB
:10A18000359305003593050035930500359305009B
:10A19000359305003593050035930500359305008B
:10A1A000359305003593050035930500359305007B
:10A1B000359305003593050035930500359305006B
:10A1C000359305003593050035930500359305005B
:10A1D000359305003593050035930500359305004B
:10A1E000359305003593050035930500359305003B
:10A1F000359305003593050035930500359305002B
:10A20000359305003593050035930500359305001A
:10A21000359305003593050035930500359305000A
:10A2200035930500359305003593050035930500FA
:10A2300035930500359305003593050035930500EA
:10A2400035930500359305003593050035930500DA
:10A25000359305009D9F0600359305003593050055
:10A260003593050035930500879F0600359305005B
:10A2700035930500359305003593050035930500AA
:10A28000359305003593050035930500359305009A
:10A29000359305003593050035930500359305008A
:10A2A000359305003593050035930500359305007A
:10A2B000359305003593050035930500359305006A
:10A2C000359305003593050035930500359305005A
:10A2D000359305003593050035930500359305004A
:10A2E000359305003593050035930500359305003A
:10A2F000359305003593050035930500359305002A
:10A300003593050035930500359305003593050019
:10A310003593050035930500359305003593050009
:10A3200035930500359305003593050035930500F9
:10A3300035930500359305003593050035930500E9
:10A3400035930500359305003593050035930500D9
:10A3500035930500359305003593050035930500C9
:10A3600035930500359305003593050035930500B9
:10A3700035930500359305003593050035930500A9
:10A380003593050035930500359305003593050099
:10A390003593050035930500359305003593050089
:10A3A0003593050035930500359305003593050079
:10A3B0003593050035930500359305003593050069
:10A3C0003593050035930500359305003593050059
:10A3D00035930500719F0600359305003593050000
:10A3E0003593050035930500359305003593050039
:10A3F0003593050035930500359305003593050029
:10A400003593050035930500359305003593050018
:10A410003593050035930500359305003593050008
:10A4200035930500359305003593050035930500F8
:10A4300035930500359305003593050035930500E8
:10A4400035930500359305003593050035930500D8
:10A4500035930500359305003593050035930500C8
:10A4600035930500359305003593050035930500B8
:10A4700035930500359305003593050035930500A8
:10A480003593050035930500359305003593050098
:10A490003593050035930500359305003593050088
:10A4A0003593050035930500359305003593050078
:10A4B0003593050035930500359305003593050068
:10A4C0003593050035930500064A074B02604FF4AB
:10A4D00022725B7882800822C3710023827103722A
:10A4E000704700BF2960050048080120064A074B55
:10A4F00002604FF49C725B7A82800822C371FF2352
:10A5000082710372704700BF4D5B0500480801204F
:10A51000F8B5C41D0028054624F007040CBF002030
:10A52000204600F079FA071E02DA6FF00B00F8BD42
:10A53000254EB18870880331F3790330B27989B23E
:10A5400080B209F0CDF90028EFDB3C447378317814
:10A55000002D04F10304194424F0030400FB01F16D
:10A560000CBF0020204600F0DBFB23180DB9002BA8
:10A57000DBDB717A184679B10333002D728923F041
:10A5800003040CBF0020204600F03CFC0028CCDB7C
:10A5900020440DB90028C8DB317A91B1737A83B1B8
:10A5A000C41D002D24F007040CBF0020204603F03A
:10A5B000D1F80028B9DB0DB10020B8E72018B6D5D6
:10A5C000B3E7002DF8D1B2E7480801201FB572B6F5
:10A5D000194BDC68ECB9BFF34F8F1849184BCA68A8
:10A5E00002F4E0621343CB60BFF34F8F00BFFDE77F
:10A5F000B2FBF6F22B465D1C002AF9D1DBB203F167
:10A6000010056D4405F80C2C0A2233B901A8A047A7
:10A61000E1E7024600230A26EDE7013BDBB203F146
:10A6200010050DEB0506B0FBF2F502FB150030300E
:10A6300006F80C0C2846E8E74808012000ED00E089
:10A640000400FA050A4B07B5DA886846ADF8002021
:10A650009A885B88ADF80420ADF8023001F010FD57
:10A6600018B1FC219C20FFF7B1FF03B05DF804FB9B
:10A670004808012010B5044628B308F09BFB10B928
:10A680004FF0FF3010BD07F023F8B0F5FA7FF7D890
:10A690000E4B00221A744FF48072DC601A801B2269
:10A6A0005A809A8040F20322DA804FF484721A8131
:10A6B0001F225A81EFF3108472B600F0FFFB04B939
:10A6C00062B60020DEE76FF01500DBE748080120E6
:10A6D00010B5002840D1234C237C032B39D059B12D
:10A6E000002A3CD00239052936D8DFE801F00312F0
:10A6F00027352A2D137863700020FFF709FF002803
:10A70000B7BF012302236FF00B002374A8BF23748B
:10A7100010BD13791BB353790BB31188FB291ED8D5
:10A7200053881B3B9BB2E02B19D81A2917D9136801
:10A730009288C4F802300C4B9A80DDE7137863727C
:10A74000DAE713886381D7E71388FF2B07D82372D2
:10A75000D2E74FF0FF30DBE76FF02C00D8E76FF067
:10A760001500D5E7480801204A080120F8B50D4634
:10A77000064620B319B311F0070420D1114F3B7CDA
:10A78000012B02D16FF00B00F8BD032B02D14FF06B
:10A79000FF30F9E700F060F80028F8D02846FFF70E
:10A7A000B7FE0028EEDB0BF09CFC3046214601F0A2
:10A7B000E9FCFFF747FF032320463B74E4E76FF013
:10A7C0001500E1E74808012010B5064C237C032B57
:10A7D00003D101F0EDFC02F02BFA09F083F900201F
:10A7E000207410BD4808012050B1074B03F114023A
:10A7F00053F8041B934240F8041BF9D10020704722
:10A800006FF01500704700BFA1F5060008B501F014
:10A8100085FC03490120BDE8084000F0F5B800BF01
:10A82000EDA4040008B501F08DFC03490020BDE84B
:10A83000084000F0E9B800BFC9A404000268002085
:10A84000014B1A60704700BF5C080120014B1B6878
:10A85000184700BF5C080120024B1868003818BF79
:10A86000012070475C080120074B4FF0FF3141F693
:10A87000FF72C3E9001205490022C1E900221F212D
:10A88000C3E90212704700BF0000012060080120E8
:10A890003F280CD801380B4BC0F3421200F01F00C8
:10A8A00053F8223023FA00F000F001007047FF282F
:10A8B00006D04038044BC0F3421200F01F00EFE70F
:10A8C000012070470000012060080120074B01466D
:10A8D000006849681A4603C240F48C2200201A60BE
:10A8E00041F0107242F4FF625A607047000001208C
:10A8F0000246034B0068516803C30020704700BF45
:10A90000600801200246034B0068516803C3002021
:10A91000704700BF080001200138064BC0F3421207
:10A9200000F01F0003EB82039B6823FA00F000F0A5
:10A9300001007047000001200A8870B595B2C67CFE
:10A94000C2F30E020488023602F118033444C35ADB
:10A95000A4B233442344013BB3FBF4F303FB0422CE
:10A96000438892B29342044B8BBF2B40AB431343BB
:10A970009BB20B8070BD00BF0080FFFF4A1E062AFD
:10A9800008B50346084604D84FF4D1711520FFF7E7
:10A990001DFE094A914202D940F2A311F6E711B90E
:10A9A00003B1196008BD2BB11B680022C3E9012166
:10A9B0001A1D1A600430F5E7FAFFFF7F10B5114B3E
:10A9C00000EB41041A786389B3FBF2F303FB022323
:10A9D000013A1A44B2F5706F0279807828BF0023DB
:10A9E0001A440B18B2FBF0F100FB11215B1AB3FB08
:10A9F000F0F100FB113313446FEA43436FEA534312
:10AA0000638110BD68080120024B03EB800359608D
:10AA1000704700BF680801202DE9F04F10F0070AC9
:10AA200085B0054604D040F26F111720FFF7CEFD28
:10AA3000524F044607F10C06B146B04657F8043BA6
:10AA40008DF80BA03BB101A898479DF80A30082B60
:10AA500001D9F521E9E79DF80B1041BB05B1316043
:10AA60004F4506F10406E9D1002D6FD00022DFF832
:10AA700010910227964689F8002058F827A0013F38
:10AA8000BAF1000F55D09AF804609AF802C0FF2E70
:10AA900060D039460023481C38D19C44BCF1FF0FDC
:10AAA0003FD90AB189F800E04FF49A71BDE79DF8EB
:10AAB0000AC04B1D60465A0004EB4303022838BF0E
:10AAC0000220441E40422344BDF808406444CCF1B7
:10AAD000000C0340013C04EA0C04B4F5803F02D3AF
:10AAE00040F20511A1E775B19A1A01203260917008
:10AAF0001480D0709DF80C00107101984FEA104C32
:10AB00001081A2F806C004FB0134A9E758F821001F
:10AB100028B190F804B0B34504BF80781B18013900
:10AB2000B9E7DBB2E6458AF804303CBF5FFA8CFE39
:10AB300001227B1CA1D10AB189F800E0022640F66F
:10AB4000FF6A58F82670B7B9013EFAD2601B05B00B
:10AB5000BDE8F08F0023E5E707EB410309F10109A8
:10AB60003846A3F80AA0FFF729FF5FFA89F1BB78FE
:10AB70008B42F1D8E8E74FF00009F6E76C080120B6
:10AB80006808012038B54FF6FF7302460380184B62
:10AB900003EB81031869A8B184780379B3FBF4F15E
:10ABA00004FB1133DBB2194600EB4105B5F90A503D
:10ABB000002D0EDB0131B1FBF4F504FB1511C9B218
:10ABC0008B42F1D1002038BD6381BDE8384008F0E8
:10ABD00063BE00EB41046389C3F30E031380C278A4
:10ABE000002AF1D14FF4E5711720FFF7EFFC00BF09
:10ABF000680801201C4B03EB810370B51C690546F6
:10AC000044B3030404D54FF4EC711720FFF7DEFCC6
:10AC10000146204608F023FEFF28014604D02046C6
:10AC2000BDE8704008F038BEA078B5FBF0F300FB3B
:10AC30001353DBB219460A1D04EB4206B6F9026053
:10AC4000002E09DB0131B1FBF0F200FB1211C9B299
:10AC50008B42F0D1002070BD8B4201D00023E37005
:10AC600004EB42025580DAE768080120094B03EB48
:10AC70008103014610B51C69204608F0F0FDFF284D
:10AC8000014604D02046BDE8104008F005BE002073
:10AC900010BD00BF68080120F8B5104B074603EB54
:10ACA000810301461C69204608F0D9FDFF280546AE
:10ACB00011D0E288238953EA024606D00146204695
:10ACC00008F0EAFD01463846B04720462946FFF71E
:10ACD00075FE0020F8BD0520FCE700BF68080120D4
:10ACE00038B50E4B0446827903EB8203186908B924
:10ACF000052038BD8278E1799142F9D24B1CE3718D
:10AD000000EB41035D89B3F90A30002BF3DBA5802A
:10AD100008F0C2FD20600020EBE700BF68080120BA
:10AD200070B5044610F003000E4603D04E211820E3
:10AD3000FFF74CFCFFF722FE054624B103483146DD
:10AD40000460FFF71BFE284670BD00BF8408012089
:10AD50002DE9F14FDFF870B01E4607460D46DBF8CF
:10AD6000003090469DF828A09DF82C901BB96021DA
:10AD70001820FFF72BFC52460921404608F0F7FB4C
:10AD80004A4684B20921304608F0F1FB81B2DBF873
:10AD90000000214408F037FD386018B9286001B080
:10ADA000BDE8F08F04445346414609222C603868C0
:10ADB00008F0A0FB4B4609223146286801B0BDE8E7
:10ADC000F04F08F097BB00BF8408012070B50E4615
:10ADD000044608F0DFFB0546304608F0DBFB044B79
:10ADE0002A1821461868BDE8704008F031BD00BF40
:10ADF00084080120024B186808B108F0F8BC7047BD
:10AE0000840801201F2AF8B5044624D89200134D67
:10AE1000033250B1830703D068210920FFF7D6FB26
:10AE200022F00303297068602B8122F0030228239B
:10AE30000127120403FB01F06B680025120CEEB22F
:10AE4000B14200D8F8BD14B126181F705E601044DE
:10AE500001352833F3E74FF0FF30F3E7880801208E
:10AE6000154A002170B553681578C8B2854203D8D9
:10AE7000BA210920FFF7AAFB1C461846013114F835
:10AE8000286B0EB92346F0E700219970012412893E
:10AE9000996103F126055C709208D96103F11E04E3
:10AEA000596824F8022FAC4243F8041F1144F8D12A
:10AEB00000234361037070BD88080120124B0122FA
:10AEC0004FF0FF3000215A60C3F80803C3F80015A3
:10AED000C3F804255A6040F6FE72C3F808034FF425
:10AEE0008060C3F8001503F560330849C3F80825EE
:10AEF000C1F88800BFF34F8FBFF36F8FC1F888018F
:10AF0000C3F80825704700BF00A0044000E100E03E
:10AF10000A460648192302F8033BC368C1F8033008
:10AF20000369536043699360704700BF9408012030
:10AF3000024B5A8C02435A845B6A184794080120DA
:10AF4000014B00215B6A18479408012010B5154C8D
:10AF500005F0D0F905F046FE208DFFF7F1FF237EC6
:10AF600063B12246104904F1190052F80C3BE3602A
:10AF700063685360A368936009F04AFF0B4B228D0E
:10AF800093E8030002F01AFC236B188802F098FB88
:10AF9000A36B94F8341094F835009847002384F894
:10AFA0003C3010BD9408012011AF0400C0080120FE
:10AFB000034B93F83C300BB1FFF7C8BF704700BF9D
:10AFC0009408012070B51B4C0646236D256B236445
:10AFD0004FF4817394F85400A4F8443095F88B3002
:10AFE00095F8691000EB83002EB9FF2803D195F87E
:10AFF00068308B4201D005F051F895F88B309BB149
:10B00000A06D05F031FAA16D206C05F071FD16B947
:10B01000304605F077FA95F86810002005F0BAFA86
:10B02000022384F83C3070BD206C05F01DFA05F059
:10B03000D9FDECE794080120F0B590F869000B46C3
:10B04000124A87B0012801F1780103F1880392F8D0
:10B05000542051E9026706D0022814D040F22C4156
:10B060000620FFF7B3FA032401200025CDE90003F1
:10B07000CDE90450CDE902243B463246022005F0DA
:10B080006DFC07B0F0BD0424EEE700BF940801207A
:10B0900008B5094B93F83C20022A04D040F2E6217F
:10B0A0002720FFF793FADA7A42F00102DA72BDE85C
:10B0B0000840FFF74BBF00BF94080120F7B5184CBC
:10B0C0000646E56D0DB1A36C23B940F2E771272068
:10B0D000FFF77CFAB4F84C3001F003012F466B7097
:10B0E0002B7823F003030B4307F8033B3846B4F8EF
:10B0F0004C20A16C07F0B6FF0DF1020201A9206EF1
:10B100002564A76408F069FB019808F054FB01224C
:10B11000B4F84C103060206E08F0FCFA03B0F0BDBB
:10B12000940801202DE9F0412A4C06460F4694F878
:10B130003C30012B5FFA83F804D040F62F01272022
:10B14000FFF744FA256B95F87C303BB100210420D1
:10B1500085F87C10FFF7ECFE85F87D8095F880304F
:10B16000042B0AD11C490220FFF7E2FEE36E1B7894
:10B17000991E4B424B4184F8743095F88B3023B1C3
:10B1800005F17801206BFFF757FF1EB1BDE8F041D4
:10B19000FFF7DCBE002FF9D0A36F30469847002898
:10B1A000F4D094F83430002BF0D1638C9A0708D592
:10B1B00094F87430002BE9D00020BDE8F041FFF78F
:10B1C00001BF002BE2D194F87C30002BF4D194F82D
:10B1D0007D30EFE794080120000901202DE9F04FB0
:10B1E00000238FB0B34C07460791256BCDE90B3395
:10B1F00094F83C30022B04D04FF40C612720FFF769
:10B20000E5F9236C5A781E78A4F84C20032206F046
:10B2100003081344A4F84420A36495F88B30002855
:10B2200000F0DD80C6F3C009C3B105F0F9FC831E50
:10B23000DBB2012B04D8FFF789FE0FB0BDE8F08F19
:10B2400060B9B4F84C304BB195F8823003F001038B
:10B250004B4503D1012384F83530ECE7B4F84C10AA
:10B2600019B1206E08F036FA014695F88120238D39
:10B270000132E16543F40073D2B2238582EA960A73
:10B280001AF0010A1FD0069795F8822002F00103F8
:10B29000994558D04FF0000995F88A30002B00F0FE
:10B2A000C08095F8683005F1F00C05F5807E012B23
:10B2B000D5E9380100F0A480022B00F0018140F2B2
:10B2C0002C4106209BE795F8803053B3013B85F86D
:10B2D0008120DBB2042B0ED8774AD35C002BD2D06E
:10B2E000022B0BD10BA9D4F8840008F09CF988B983
:10B2F00040F2F76182E740F2D6617FE7032B10D17D
:10B3000001F00CF810B940F2017177E751460820BE
:10B31000FFF70EFED5E93832013342F10002C5E9EC
:10B320003832002195F87D3085F8801023B1102047
:10B3300085F87D10FFF7FCFD238D43F40063238522
:10B3400000230693A0E7B4F84C30E3B108F1FF31D5
:10B35000012918D8218D41F48051218594F8881055
:10B36000994206D294F8343043F0100384F8343014
:10B3700090E7E16D00298DD094F8891019B1202053
:10B38000FFF7DEFD86E70132B8F1030F85F8822072
:10B390001AD008F1FF32012A0BD8002B3FF47AAF04
:10B3A000B946D5E93A32013342F10002C5E93A32F1
:10B3B00072E7002B3FF46EAFD5E93A32013342F128
:10B3C0000002C5E93A3265E7238D01203B4943F489
:10B3D000805385F87C002385FFF7AAFDECE70BB1CD
:10B3E00005F038FC94F88A304FF000090133CDF8AD
:10B3F000189084F88A30238D43F4806323854BE7CB
:10B40000032200234FF0010A0392FB220093CDE9AF
:10B41000043ACDE901E20B4602466146042005F0FC
:10B420009DFAE36D002B4DD1B4F84C30B3FA83F3A1
:10B430005B0903EA161384F87D30079B002B43D188
:10B44000628C94F88A30110703D594F87420002A8E
:10B450003AD1012B38D8A36F01209847A0B394F8B4
:10B4600034608EBBD4F830A094F854309AF88B2016
:10B470009AF8681003EB8203FF2B03D19AF8693026
:10B480008B4202D0FF2004F009FE0022D4F830B035
:10B490008DF82920ADF82A209BF88020052A00F29B
:10B4A0004081DFE812F068001C011F011F0131011B
:10B4B000310100BF94080120C8BD0600DC0801204E
:10B4C00004229EE70123B4E705F06EF8B9F1000FFE
:10B4D0004CD101230793A04C238D5A0606D440205B
:10B4E000FFF72EFD238D43F040032385069B6BB1B0
:10B4F000B4F80720B4F805301343B5F87E201343A1
:10B500001EBFB4F809300133A4F80930002F00F051
:10B510001C81B4F805300133A4F80530002384F809
:10B520008A308E4802F0BAF80B9830B108F043F92F
:10B5300000220272294601F083FC0C9B33B10022E9
:10B540001A720C2229460C9801F048FC079B002B2C
:10B550007FF471AE238D1B063FF56FAE8020FFF7A1
:10B56000EFFC238D43F08003238566E641460CA85B
:10B57000FFF7A4FDADE794F88B200DF12A010DA88B
:10B58000ABF85820ADF82A2000F0BAFE38B10D987B
:10B5900028B104228BF88020BDF82A2016E09BF801
:10B5A000C320002A40F095800DF129020DF12A01F7
:10B5B000D4F8840008F015F8002800F08A80BDF85F
:10B5C0002A20002A76D101218BF880106066A4F829
:10B5D0007020002A00F0A88003309BF88130E066DC
:10B5E00008939BF882309BF880B00993BBF1020F5F
:10B5F00009D0ABF10402012A00F2988003784FF0E1
:10B60000030B022B0ED0D4F8840008F042F8002877
:10B6100040F08F80BBF1030F04D000F08BFE80F070
:10B620000106F6B2616E089A0B78D000099A03F011
:10B63000F30300F008000343900000F0040003430C
:10B6400023F0100343EA061306F0010623F0030378
:10B6500084F87C60404E4BEA03020A700222B4F880
:10B6600070304B70A4F868209AF88A20002A62D0C3
:10B67000002B60D0A06D04F0F7FE0022A16D606E7B
:10B6800005F090F818B9616EA06D05F0CFF99AF841
:10B690006910012004F07EFF012386F88C3086F8C3
:10B6A0003C30B9F1000F3FF416AF41460CA8FFF74C
:10B6B00005FD10E79DF8291019B90322018081705A
:10B6C00068E7017801F0030101290CBF0321022181
:10B6D0007AE70022ADF82A2001228BF8802020484A
:10B6E000002273E7BBF858200DF12A01D4F884003A
:10B6F000ADF82A200DF1290207F073FF00287FF42E
:10B700004BAF40F20D5179E50DF12A010DA800F083
:10B71000F7FD08B10D9810B940F21C516EE50522F5
:10B7200038E740F2265169E5104656E74FF0010B25
:10B7300069E7012676E7706E04F096FE05F052FA8E
:10B740000021706E0AF0F5FCA1E7B4F80730013370
:10B75000A4F80730E5E600BF94080120C0080120E6
:10B7600012090120064B10B593F83C2002F0FF04AB
:10B7700022B91C7602F01AF8204610BD0C24FBE713
:10B7800094080120094B0A4A10B51A60FFF7EAFF36
:10B7900020B14FF4A4712720FEF718FF054C00F0EC
:10B7A00017FD206500F018FDA06510BD8411012073
:10B7B00094B9040094080120F7B56A4C089FCDE9BC
:10B7C000000194F83C1001F0FF0511B90AB103B172
:10B7D00027B94FF408712720FEF7F8FE04F12C0C6E
:10B7E000A36784F834509DF8243084F88A5084F894
:10B7F000355084F88C506584258584F87C5084F815
:10B800007D5084F874506566E566A4F87050256430
:10B81000A564A4F84C5084F889306262A763DDE91E
:10B8200000018CE80300256B04F064FC05F0DAF9F4
:10B8300095F9700004F0BCFC6E6AE86904F0BEFC87
:10B84000304604F003FE95F89B0004F0C1FC09F0BB
:10B8500098FE95F8692000F16501012004F036FD9D
:10B86000414B186804F0F8FD2B69C4F884306B690B
:10B870002366236B93F8852093F86860A2F1290171
:10B88000012903D993F88610292951D193F85E3202
:10B890002BB1012E03D0012B0CBF0126022605F18E
:10B8A00030073146384609F043FB314609F03DF890
:10B8B000AB8F95F86910834228BF0346384684F859
:10B8C0008B3009F01EFB95F88B7095F86910B5F870
:10B8D000446009F02AF80FB9043080B2864228BFCC
:10B8E0000646F3B284F8883084F8543095F88B30EB
:10B8F00023B105F178012846FFF79EFB0120FFF7F1
:10B9000061FB236BD3F8B00104F0CAFD0023236070
:10B910006360A360B5F87E3063802B88238095F840
:10B920009B302371EB6E0BB101221A6003B0F0BDA6
:10B93000243A012A0DD827290DD093F8263113F087
:10B94000010202D19B07AAD50222012E18BF16467A
:10B95000A5E72729A3D193F8262193F86130134056
:10B96000EDE700BF9408012084110120014B93F8FA
:10B970008C00704794080120024B93F82900C0F313
:10B98000C000704794080120014B93F88A0070476B
:10B990009408012091B00400DDB1040025B1040039
:10B9A000B1AF0400304BF0B55A8885B0B0F85C7088
:10B9B0000C46B0F85A6097429D8828BF17469642B9
:10B9C00028BF16461B2E2ED0B5F5A47F2DD040F6ED
:10B9D000480301A99D4228BF1D4608F0B4F8BDF8F0
:10B9E0000A30BB4228BF3B46E380BDF80C30AB4277
:10B9F00028BF2B462381BDF80630B34228BF33460B
:10BA00006380BDF80830AB4228BF2B46A380FF23DC
:10BA10002370E3881B3B9BB2E02B08D940F2E7611F
:10BA20003920FEF7D3FD1B2FCED105B0F0BD6388C2
:10BA30001B3B9BB2E02B02D940F2E961F0E723897E
:10BA4000A3F5A4739BB2B3F5E06F02D940F2EB61AA
:10BA5000E6E7A388A3F5A4739BB2B3F5E06FE4D93E
:10BA600040F2ED61DCE700BF2409012010B501219F
:10BA70000020FFF7FBF8044670B90121FFF7BAF880
:10BA8000044620B94FF459713920FEF79FFD034B4E
:10BA900093F906100AF02CF8204610BD2409012065
:10BAA000024B987DC04300F0010070474C0D01200F
:10BAB000044B987DC0F3400080F0010000F00100CD
:10BAC000704700BF4C0D012008B508F0A5FE00F03E
:10BAD000D1FD00F0A1FB09F073F901F04DFE03F078
:10BAE000D7FF0022084B1B214FF4A4701A60074BAC
:10BAF00098801A8059800648064B186099805A74BD
:10BB00005A829A829A7508BD881101202409012061
:10BB100003021B004C0D0120044B41F64C52C3E9BB
:10BB200002221B221A74FFF7CFBF00BF4C0D012069
:10BB300073B5234D0446AB680363224B836109F060
:10BB400068FE064600F058FB8306297C53BF1B2382
:10BB50006B88AA881A46A4F85A301B4BA4F85C20BC
:10BB60001B6884F8381066871BB194F97010208820
:10BB70009847164E2046314608F0E6FE01236A88B3
:10BB800004F110006978E3850332AB88019192B229
:10BB900016F8121C033300919BB204F11401FFF755
:10BBA000D7F8236923B940F2BE613920FEF70EFDB4
:10BBB000636913B940F2BF61F7E7002002B070BDBE
:10BBC0004C0D012000093D008C1101205E0D01206B
:10BBD000024B1B6803B118470C20704788110120E5
:10BBE000034B5A8802801B7883700020704700BF87
:10BBF0004C0D012037B5837805461A2B08D8042B45
:10BC000004D9144A22FA03F3DB0705D412241AE0FC
:10BC1000292B01D03B2BF9D12888B0F5706FF5D2D4
:10BC2000694608F0BBFE88B9019B93F8182102F021
:10BC3000FF046AB9AA7883F81921FF2283F8182132
:10BC4000684608F0B9F8204603B030BD0224FAE790
:10BC50000C24F8E7200038040188A1F11B039BB2F3
:10BC6000E02B0CD8428844F24810A2F5A4739BB292
:10BC7000834204D8034B002059809A8070471220D9
:10BC8000704700BF24090120034B5A889B8802801B
:10BC900043800020704700BF2409012038B5027896
:10BCA000447802F0010302F0020254EA030101D1D8
:10BCB000112038BDBAB98578002DF9D0002B18BFF6
:10BCC000002400E01D46204607F010FF0028EFD0BA
:10BCD000284607F00BFF0028EAD0054B00209C7493
:10BCE000DD749882E5E7002BECD000242546EAE7D6
:10BCF0004C0D012013B50088694608F06BFE044620
:10BD000020B9019890F82A311BB13A24204602B09C
:10BD100010BD90F8CE3003F0FF04002BF5D190F861
:10BD2000C5309B0706D1FF2380F82A31684608F00A
:10BD300043F8EBE70249C63009F06AF8E6E700BFCE
:10BD4000D9540500F7B5077805460C46EF2F0FD8F4
:10BD500090F901204378002A0ADB8278900707D106
:10BD600013F010001DD1990603F0030202D51AB199
:10BD7000122442E0032AFBD01E07F9D42979EA787D
:10BD8000EE7942EA0122697942EA0142A97941EA5F
:10BD900006212E7A41EA06418A42E9D81F2A0FD8A5
:10BDA000E6E713F0600FE3D103F00702052A05D0A0
:10BDB00003F00F010D22CA40D107D9D51A07DDD5EE
:10BDC0006A7A013A062AD3D8AA7A032AD0D813F07D
:10BDD000040102D1023A012A03D8EA7A012AC7D81B
:10BDE00011B9AA7C032AC3D82A7D48B1012ABFD140
:10BDF0002A7E012ABCD830B91124204603B0F0BDF8
:10BE0000022AF5D1B4E7DB0712D46B782A7D03F060
:10BE10001803082B11D1022AEED101213846FEF772
:10BE200025FF064678B109F017FEB8B10C24E4E707
:10BE300000F0A2F90028E8D1DEE7022AEDD02B7F3E
:10BE4000002BEAD0D8E701213846FEF7D3FE06469C
:10BE500040B3154B93F9061009F04AFE304609F03D
:10BE600037FF29462070E874304609F087FEEB7EE4
:10BE70000446002BC1D00028BFD10246B16A6846F3
:10BE800007F045FD2246B06A012107F08BFDB16A3B
:10BE90006846042207F03BFD22462146B06A07F0BF
:10BEA00081FDAAE70724A8E72409012030B502791B
:10BEB0008BB00346042A4FD84088B0F5804F4BD84A
:10BEC000264900248D5C1144ADF800404A798DF874
:10BED000084042F010028DF8244042EA45028D7A73
:10BEE000C97B42EA850242EAC102694602F01F02AA
:10BEF0008DF80020BDF80020ADF809201A888DF8D3
:10BF00000E00000A8DF80B20120A8DF80D408DF8F6
:10BF10000C208DF80F008DF810405A7BD3F80700E5
:10BF20008DF811205A79059002A88DF812209A797F
:10BF30008DF81320B3F80B209B7BADF818208DF8FB
:10BF40001A307F238DF81B304FF00113CDE90734F1
:10BF5000FFF7F8FE0BB030BD1220FBE7CDBD0600A9
:10BF6000F7B50646FFF782FD044609F0BCFE3378BC
:10BF70000546012B61D1204609F0EDFD00287BD05C
:10BF8000204609F0B0FE18B115B9122003B0F0BD7B
:10BF9000204609F061FD08B10C20F7E7204609F0C2
:10BFA00098FD07460028F7D1204602F0A3FC0028A0
:10BFB000EBD0ED0142F2107339462046ADB25D433D
:10BFC00009F07DFE204609F086FE014658B92A4652
:10BFD000204601F0F3FE08B90020D7E741F66D4195
:10BFE0003920FEF7F3FA39460DF10600FEF7CAFDD7
:10BFF000064608B90D20C9E7394608F0FAFCBDF835
:10C00000063031462046338009F071FE012130466A
:10C01000FFF78EFD2A463146204601F0CFFE02464C
:10C0200010B141F69041DBE7144B9B68002BD3D055
:10C0300006F58D7130469847CEE7002BA5D12046F6
:10C0400009F089FDC0B1204609F006FD0028C3D0E3
:10C05000204609F0AEFB0546204609F0ADFB01463F
:10C06000002899D1002DB7D02888FEF715FE0028AA
:10C07000B2D041F6B241B3E7422087E7240901205C
:10C080000278034672B1427862B142881A2A09D90D
:10C0900082881A2A06D90068034A106000209B880B
:10C0A00093807047122070474C0D012002680020D9
:10C0B000014B9A60704700BF4C0D01200378A3F13B
:10C0C0000A02112A9BBF024A0020122013747047F3
:10C0D0004C0D012008B5052000F082F803F098FC13
:10C0E000014B024A9A6008BD24090120A5B9040049
:10C0F00008B50122084B1A7002F0ECFB09F0AEFF04
:10C1000008F088FBFFF73EFB002007F0CDFBBDE801
:10C11000084000F09DBD00BF3009012010B5064C5D
:10C120000649201D08F040F904F108000449BDE863
:10C13000104008F039B900BF300901204800012043
:10C140005000012010B5084C0849201D08F02CF9BA
:10C1500004F10800064908F027F904F10C0005492C
:10C16000BDE8104008F020B9300901205800012036
:10C170006000012068000120014B1878704700BF63
:10C180003009012010B5064C00F03EFD606808F053
:10C1900003F9FFF7C1FC00F019FF0123237410BD60
:10C1A00030090120014B187C704700BF3009012085
:10C1B00010B5064CA06808F0EFF8E06808F0ECF85D
:10C1C000FFF782FC0023237410BD00BF300901205B
:10C1D000004870474109012000487047430A012088
:10C1E000C208044900F0070001238340885C034330
:10C1F0008B54704710000120014BD3E900017047B8
:10C2000010000120034B1868C0F30020400040F0EC
:10C21000010070471000012008B505F059FA00230D
:10C22000074A32F82310814205D302EB8302937848
:10C23000044A137008BD01330C2BF2D10023F7E739
:10C24000E2BD0600450B012010B54468238884F840
:10C250006711A4F8683194F86830012B06D0022BDE
:10C2600004D040F211310620FEF7B0F984F86A31AB
:10C2700094F86930012B01D0022BF2D184F86B3194
:10C2800004F5AF70034908F0C3FD002384F824319E
:10C2900010BD00BF3544050040680749038800F21F
:10C2A0005110A0F8093010F8F13CC37210F8F03CBE
:10C2B000037308F0A7BD00BF4B440500024B0022EA
:10C2C00083F822209A847047460B0120044B93F890
:10C2D0002220012A1ABF036001200020704700BFFE
:10C2E000460B0120054B024693F8221001291BBF83
:10C2F00001209A84002083F822007047460B012019
:10C30000054B024693F8220020B1136009B19B8CC3
:10C310000B800120704700BF460B0120044B002218
:10C3200093F822009A8410B1012083F822207047EC
:10C33000460B0120034B93F82200B0FA80F040092D
:10C34000704700BF460B012050B90A4A012013462E
:10C3500003F8010B0868C2F801008A889A807047C8
:10C36000012805D1034B0A68D8719A608A889A819E
:10C37000704700BF6C0B012050B90B4B187888B187
:10C38000D3F80120B3F805300A6001208B80704794
:10C39000012806D1044BD87920B19A689B890A609C
:10C3A000F3E70020704700BF6C0B012010B9044B6D
:10C3B00018787047012806BF014BD87900207047D4
:10C3C0006C0B0120F7B58A8800238DF80600ADF8C4
:10C3D000042008680B4A8DF807300146147802F5EE
:10C3E000A872019DD8B2844201D8082007E052F813
:10C3F000087F01335668AE4208BF8F42F2D103B0C6
:10C40000F0BD00BF800B0120084B0146002230B573
:10C410005C7803F20113D0B2844201D8082004E012
:10C4200013F8015F01328D42F5D130BD800B012040
:10C43000F8B52D4C63782218013B92F80251DBB21B
:10C440008342637030D01A010101961C8F1C264470
:10C45000274406F1100C56F804EB664547F804EB48
:10C46000F9D1823282312244214402F1100652F87D
:10C47000047BB24241F8047BF9D1E118221891F80B
:10C48000026182F8026106267343704303F58573E7
:10C4900000F58570E618E35827182350B388BB8051
:10C4A00091F83A3182F83A312846FFF7ADFF082873
:10C4B00018D12378013BDBB29D42237012D02B337D
:10C4C00005F12B0204EBC30304EBC20293E8030063
:10C4D00082E803002078FFF797FF08281CBF241884
:10C4E00084F80251F8BD00BF800B0120F0B5254D46
:10C4F00089B095F8984105F299116846224606F0F0
:10C50000B1FD2146684608F0A6F90446B8B300EB31
:10C51000400102A8C9B2FEF799F9631E95F8A1611E
:10C520000124DBB295F8981105E0721CB2FBF1F022
:10C5300001FB1022D6B206F120020DEB020010F82A
:10C54000202C002AF1D103EB430100F8204C06EB2C
:10C55000460220312A44694411F8187C82F8A271FD
:10C5600011F8177C11F8161C82F8A37182F8A41137
:10C57000013BAA19DBB282F89941FF2BD2D109B055
:10C58000F0BD00BF800B012070B5064688B00C4698
:10C59000002A4ED0294A92F8A131D01890F899116A
:10C5A00019B9FF212820FEF711F803EB43010133ED
:10C5B000114491F8A251E57091F8A35191F8A4119A
:10C5C00025716171002180F8991192F89811B3FBDF
:10C5D000F1F001FB103382F8A13192F8C23123B996
:10C5E000174902F5DD7008F010FC65790D22002175
:10C5F000684605F03F0545F0400565710AF0B9F859
:10C60000E37804AA69468DF80F30304623798DF817
:10C610000D508DF80E3004230AF015F89DF81F30E8
:10C6200023709DF81E3063709DF81D30A37008B014
:10C6300070BD03216018FEF709F9D6E7800B0120D1
:10C64000EDC40400044B5A78824286BF1B1893F84D
:10C650004A010020704700BF800B0120044B5A782C
:10C66000824286BF1B1893F842010020704700BF2A
:10C67000800B0120064B00224FF461711A8083F871
:10C68000C32183F8C421A3F8C61183F8C2217047DF
:10C69000800B01202DE9F0478246894617469846CF
:10C6A000FFF790FE08280546064603D0FFF7ACFECC
:10C6B000082860D1324C6378072B5ED8082D15D13D
:10C6C0002678731C072E237003D96C212820FDF7D0
:10C6D0007DFF06F12B02D9F8000004EBC20344F8F9
:10C6E0003200B9F8042083F806A09A80657807F133
:10C6F00010026B1C290163704B1C234412F8010DBE
:10C70000BA4203F8010FF9D1813108F11003214435
:10C7100013F8012D984501F8012FF9D12544102176
:10C72000404608F0C8F8102185F84201384608F064
:10C73000C2F885F802616678002385F84A0131461F
:10C74000104885F83A3108F086F80128054607D8E0
:10C7500031460D4808F07FF8002818BF0135EDB2CA
:10C7600084F898510025284684F8A151FFF7BEFEB1
:10C770002846BDE8F0871220FBE70720F9E700BF55
:10C78000800B0120C20C0120CA0C0120064B10B501
:10C790005878013840B2002800DA10BDC4B22046F3
:10C7A000FFF746FE601EF5E7800B0120014B83F882
:10C7B000C3017047800B0120014B93F8C301704700
:10C7C000800B0120431E4AF2B7129BB293429DBFD9
:10C7D000024BA3F8C601012000207047800B012006
:10C7E000014BB3F8C6017047800B01200A4B30B5EE
:10C7F0005C7884420ED9184490F802012B3003EB88
:10C80000C004A5790D7053F8300010600120A38892
:10C81000938030BD0020FCE7800B012002460748D2
:10C8200010B590F8C34124B1417821B1023003F032
:10C8300051F9204610BD0C46FBE700BF800B0120DC
:10C840002DE9F74F2F4C9A468046894663788342FC
:10C8500056D9231893F8425185F00105F9B193F8A0
:10C860004A31E3B945F002070135BAF1000F18D19A
:10C87000FA070AD5062104EB0810524601FB0841CD
:10C88000823001F58571FFF77FFEBB0734D504EBDD
:10C890000810524649460230FFF776FE2CE02F463C
:10C8A000E3E794F8A1614FF0010B002DE0D0A3194C
:10C8B00093F89911019399B90092DAB100F056FBFF
:10C8C000019B06EB4601009A4FEA102C83F899B1C0
:10C8D000214481F8A201000C81F8A3C181F8A401D0
:10C8E000013694F89831013DB6FBF3F103FB116674
:10C8F000F6B2DAE747F00407384603B0BDE8F08F38
:10C900000027F9E7800B0120074B5A78824209D9AA
:10C910001A1892F842212AB9062202FB003000F5CB
:10C920008570704700207047800B0120064B5A78B5
:10C93000824281BF1B1893F83A01B0FA80F0400997
:10C9400098BF0020704700BF800B0120F8B50E464D
:10C95000074606211546304607F0ADFF044670B184
:10C960000C4B0022587803F23913D1B2884202D816
:10C9700001242046F8BD013203F8015FF5E7314696
:10C98000384607F084FF0828F3D0024B034483F8AD
:10C990003A51EDE7800B0120034B80F870101B68C3
:10C9A0000BB1008818477047901101200B2808B57B
:10C9B00004D940F20D112920FDF708FE014B33F890
:10C9C000100008BD12BE060030B5002442F21075FA
:10C9D0008487B0F840404C43B4FBF2F4A0F84040E8
:10C9E000541E05FB0343B3FBF2F3C387084BB3FBB1
:10C9F000F2F30133A0F84430038F05FB0344036BCB
:10CA00005943B4FBF2F4B1FBF2F14463016330BD6E
:10CA1000005A62020346084671B13F2B0BD8074A01
:10CA2000D35C03F07F02914205D08CBF012000202F
:10CA300000EAD31070470120704700BF2ABE0600ED
:10CA40002DE9F7430E4669461546994607F0A6FFBD
:10CA5000044620B9019F35B9012387F88C300120A5
:10CA600003B0BDE8F083D7F810802946404606F0B1
:10CA700062FD01460028F3D0134B5B88AB4221D303
:10CA8000404606F094FE97F88C304946A0F80140E5
:10CA9000002B2A4618BF022600F8036B06F0E2FAC4
:10CAA0002946404606F082FD18B98B212B20FDF760
:10CAB0008DFD684607F080F9019BA3F8A24187F835
:10CAC0008C40CCE72046CBE74C0D0120FF230B70B8
:10CAD00002234B7083238B70014B1B78CB70704704
:10CAE000640D01202DE9F84FD0F804800C46D8F8E9
:10CAF0001460304606F04DFE054620B940F2531151
:10CB00001020FDF763FD0146304606F050FEB5F8F3
:10CB100000B082461FFA8BF717B940F25711EFE7C2
:10CB2000224B00F103091B68D3B998F8003098F83C
:10CB300001202370637802F00F02A4F802B023F002
:10CB40000F03134323F0C00363709AF8003003F01F
:10CB50000303012B0FD0022B0DD040F27511CFE74C
:10CB60003A464946B8F80000984705460028DCD107
:10CB70002846BDE8F88F6278304663F3051262708C
:10CB800006F01BFE054610B940F27F11B8E7FB2FF7
:10CB900002D94FF4C771B3E73A464946201D06F063
:10CBA00061FA304606F064FDE2E700BF941101200F
:10CBB00038B5134C10220021201D09F0DAFD0125A3
:10CBC000257404F108031022002104F11400C4E9C3
:10CBD000013309F0CEFD84F8205004F11803094A0E
:10CBE000C4E9053300236362A36284F82C30C4F8DF
:10CBF0002D30C4F8313084F835301360A36338BD6C
:10CC0000640D01209411012010B5084C2378FF2BEE
:10CC100004D04FF4CC711020FDF7D8FC06F08EF94B
:10CC20002070BDE81040FFF7C3BF00BF1D0001200A
:10CC300010B5034C207806F09BF9FF23237010BD3C
:10CC40001D000120014B187806F0A2B91D0001203B
:10CC5000014B024A1A60704798110120E5CA04008E
:10CC60002DE9F341DFF86881054608F11407D8F88B
:10CC70000830D8F81840227A012A22D1D8F8382072
:10CC800052B1137A1BB9BF211020FDF79FFCD8F8D1
:10CC90003840C4B9002083E01A7A012AFAD01C4631
:10CCA0004C4AEFF3108172B650680068506001B9C9
:10CCB00062B6A34208BFC8F83840237A1BB9EE21F8
:10CCC000E2E73A46EDE7267AF6B205232372731EB1
:10CCD0000B2B6ED8DFE803F06A062235676D3E6DD8
:10CCE0006D6D6D5B636813B940F20B21CCE7204694
:10CCF000294698470420EFF3108272B6237A052B59
:10CD0000D9B24FF0000359D12372D8F83810A1429C
:10CD100001D1C8F83830B2BB62B634E0636813B9E9
:10CD20004FF40571B0E72946204698470346ADF811
:10CD30000400C0B2C3F30723012B2FD0022BDAD19A
:10CD40001AE0636813B94FF407719DE720469847CE
:10CD50000020D0E763680BB9FE2195E70B222A700B
:10CD600001221988AA706A7100221869A5F80310B7
:10CD7000AA7106F07DFC0420D8F83830A34202D115
:10CD80000023C8F8383000283FF471AF08E0124B98
:10CD9000294620461B689847034668B9267298B111
:10CDA00002B0BDE8F08140F253216DE740F2562118
:10CDB0006AE740F2592167E70220DDE711B940F246
:10CDC0007A2161E71846A6E7002B7FF450AF61E7B0
:10CDD000640D0120680D012098110120134610B543
:10CDE000027A22B140F201311020FDF7EFFB0A4632
:10CDF00001460248BDE8104007F0E4BF680D01207D
:10CE0000044890F82C301BB90349243007F0F7BFD1
:10CE1000704700BF640D0120B74D0500034606486A
:10CE200090F83C203AB190F8352022B9034900F837
:10CE30002D3B07F0E4BF7047640D0120CDCA04000C
:10CE40000A4610B5037A23B140F209311020FDF7EC
:10CE5000BDFB014607230248BDE8104007F0B2BF02
:10CE6000780D01201346027A0AB1037270470A4610
:10CE70000146014807F0A6BF680D01201B234FF0B3
:10CE80001B128384038482618382C260038539B963
:10CE90004FF4A473034AC3844384C261C382026112
:10CEA000704700BF4801480103460846F0B4B3F894
:10CEB0005420B3F84840B3F856109442B3F8446095
:10CEC000DF8F28BF1446B3F84C20B3F842508A4293
:10CED000DC8728BF0A46B3F846109142A3F84220E7
:10CEE00038BF1146A64238BF2646A742A3F84610CF
:10CEF000A3F844601FD1AA1A18BF0122B3F84A5000
:10CF0000B3F85040B3F85270A5429E8FB3F840106A
:10CF100028BF2546B3F84E40BC429D8728BF3C46FB
:10CF2000AE42A3F8404002D1A14200D12AB1044947
:10CF3000F0BC07F06DBF0122E0E7F0BC704700BF16
:10CF4000174E05000B8BA2F809001046A2F80B3013
:10CF50004B8BA2F80D308B8BA2F80F30CB8B024994
:10CF6000A2F8113007F04EBF674E0500094AD2E91A
:10CF70000003434083EAB01181EA43214FEAF343BF
:10CF800011605360044B58434FEAF06000EB80009F
:10CF9000704700BFA40D0120BB79379E094AD2E932
:10CFA0000003434083EAB01181EA43214FEAF3438F
:10CFB00011605360044B58434FEAF06000EB80006F
:10CFC000704700BF20000120BB79379E10B50A4C86
:10CFD00008210948FDF73AFCD4E900321343F7D0A1
:10CFE000064CFFF7DBFF2060FFF7D8FF2368606087
:10CFF0001843F6D010BD00BF20000120A40D012071
:10D00000174B184A9A60184A5A60184A1A60184A08
:10D010009A62184ADA62184ADA60184A9A61184A1B
:10D020001A63184A1A62184ADA64184A9A64184A43
:10D030005A62184B184A9A60184A5A62184ADA62B9
:10D04000184A1A61184A5A61184A9A61184A1A63AA
:10D05000184A9A64184ADA64184A9A63704700BFFB
:10D060009C1101201D5105004D510500B9510500CD
:10D070001D53050071530500B1D30400875305000B
:10D0800009D604009DD404005554050071540500D0
:10D09000E9D404009C1201203951050027540500F1
:10D0A000A95305004D530500CD5305003DD40400A0
:10D0B000F75405009F540500915405000D540500D8
:10D0C000044B054A5A65054B054A1A65054A5A65D7
:10D0D000704700BF9C110120635205009C12012083
:10D0E00049520500C9520500054B064A9A65064A91
:10D0F0001A66064B064A9A65064ADA65704700BF0B
:10D100009C110120D1450500734605009C120120A9
:10D110001D450500F5470500023A08B5232A00F22F
:10D120009A80DFE802F012981E9B9B2E9830989B05
:10D130003541459898499B9B5D5D74749898989883
:10D14000989898989898987B889102784368012AD3
:10D1500002D193F8103101E093F8193102204B709D
:10D160000EE04268D2F8BE31C1F80130D2F8C231C7
:10D17000C1F8053043680D20D3F80431C1F80930F7
:10D1800008BD4368E5E700F005FA0028F8D148E05B
:10D19000112306204B7059238B700023CB701F2363
:10D1A0000B7130234B71EBE7436893F80A31D5E7F5
:10D1B000084600F0DDF9E8E70278436852B993F8D1
:10D1C00010213AB193F80D214A7093F80C310320E5
:10D1D0008B70D5E793F80B214A7093F80A31F6E784
:10D1E00043680920B3F854204A70120A8A70B3F8D1
:10D1F0001221CA70120A0A71B3F850204A71120A39
:10D200008A71B3F81031CB711B0A0B72B8E743680F
:10D2100093F826214A7093F82731D8E7104B1B6802
:10D2200023B940F20D515120FDF7D0F902462320D9
:10D2300098470420A4E70A4B1B68002BF1D0024654
:10D240002420984705209BE7054B1B68002BE8D05E
:10D2500002462520F5E74FF4A161E4E701208FE7BE
:10D260009C1301203F289ABF024B53F82000002056
:10D27000704700BF9C1101203F289ABF024B53F812
:10D2800020000020704700BF9C120120F7B54568C0
:10D2900004464FF6FF772E690DF102010DF10102F0
:10D2A0003046ADF8027006F09CF901A9304606F050
:10D2B000BAF940B1019806F07EFA61680022027264
:10D2C000FFF7BEFDE8E7044905F19E0003B0BDE8A5
:10D2D000F04007F097BD00BFB1500500F0B504461F
:10D2E00085B00D46FF2600F8A56C10F8A63CF3B1FA
:10D2F000174F3B781BB15F211F20FDF767F90C2109
:10D30000381DFDF7A3FA3E70002304F8A53C07235F
:10D310002A4602F8033BD4F80930C5F80330D4F8A4
:10D320000D305360D4F81130936005B0F0BD01A802
:10D330000C21FDF78BFAA4F5B473039A1A6001ABC4
:10D3400003CB44F8AE0C44F8AA1C04F8A66CDBE747
:10D35000AC0D012010B5054C23782BB90C21201DF4
:10D36000FDF774FAFF23237010BD00BFAC0D012040
:10D37000024690F8C631BBB990F8C73103F0FF01FF
:10D380000BB100207047094B18780028F9D01970AC
:10D39000D9680433C2F8041103CBC2F8BE01C2F845
:10D3A000C211FF2382F8C63101207047AC0D012065
:10D3B000426838B592F8863004460D463BB1132BCF
:10D3C00005D0113B0F2B8CBF0120082038BD92F8EF
:10D3D000C43013B9204607F028FE6268D5F80B3038
:10D3E000C2F8B631D5F80F30C2F8BA316368D5F853
:10D3F0001320C3F800211A88A3F87522D5F801205C
:10D40000C3F87722D5F80520C3F87B226368B5F806
:10D410000920A3F87F226368002583F8C65160685D
:10D42000054900F51B7007F0EAFC636816222846E0
:10D4300083F88620CAE700BFDDD2040038B5436810
:10D44000044693F88620202A04D04FF410711F2040
:10D45000FDF7BCF8002293F8C4101D8803F5C970CD
:10D4600083F8C32069B10B4983F8C420A3F89C5109
:10D4700083F89B2107F0C3FC6368002283F88620B1
:10D4800038BD012283F89B11A3F89C51024983F80F
:10D490009E21EFE709530500FB52050038B54568AA
:10D4A000AB6F13F0010419D1D1F801200C4BD1F866
:10D4B000051013400B4AC5F8D430C3F307630A4084
:10D4C00043F00803C5F8D82085F8D73007F0ADFD44
:10D4D000AB6F204643F00103AB6738BD0120FCE78A
:10D4E0002FC904F76FDB0080406810B590F88530D5
:10D4F000042B28D1D1F801304A1CD1F80540C0F8DE
:10D50000D430C3F30763C0F8D84043F0080380F871
:10D51000D730002380F8BE3080F8853090F8743121
:10D5200003F0FF040BB1002010BD038800F5B670B6
:10D5300044724381D1F801300449C36053680361E8
:10D5400007F05DFCEFE70120EEE700BFEB530500BD
:10D55000406890F8743143B9038800F5B670034908
:10D5600043811A23437207F04ABC7047EB5305000E
:10D5700010B50446FEF740FE044A054B0240092060
:10D580000B40C4F80120C4F8053010BD2FC904F7C2
:10D590006FDB008037B50C464568FEF72DFE0A4B61
:10D5A0000A4A03400A4095F8D41000930B400192B8
:10D5B0008DF800306B4603CBC4F801000920C4F895
:10D5C000051003B030BD00BF2FC904F76FDB00802A
:10D5D00038B5DB04154604D5C37C13B100230363BF
:10D5E00038BD046B0134046307F066FF436B9C4253
:10D5F000F6D30023034903632846BDE8384007F00B
:10D6000007BC00BF4754050038B54468054694F888
:10D610008530012B02D0A36F98073AD494F8C53017
:10D620009A0713D44A78D80784F8CF204A88A4F8F8
:10D63000D0208A88A4F8D22043F0020284F8C520C2
:10D640000FD5154904F1C60007F0E2FB94F8C53088
:10D65000D90711D4A36F9A0708D558214020FCF7A9
:10D66000B5FF94F82A31002BEBD1EFE743F002032A
:10D670002846A36707F0D9FC94F88530012B4FF0BA
:10D68000000301D0002038BD84F8853084F8BE3016
:10D69000F8E70120F7E700BFD954050070B54568E9
:10D6A000044602F0D3F9054B014685F883001B6858
:10D6B0001BB12046BDE87040184770BDA41301207F
:10D6C000024B1B6803B11847704700BFA01301202D
:10D6D000F0B51F4D00242B7814709BB1013B6D6891
:10D6E000DBB21E1B012E0FDC05EBC40655F83470AF
:10D6F00076688E4208BF874227D0B84271EB060693
:10D7000012D214700020F0BD1E197710C6F3470620
:10D7100055F837C005EBC70E8445DEF804708F411D
:10D720002CBF33463446DCE705EBC30455F83350D1
:10D7300064688C4208BF854206D0A84271EB04049D
:10D7400028BF01331370DDE71C4601201470DAE7AF
:10D75000CC0D012010F0070208B503D0632148204A
:10D76000FCF734FF18B1034B197258601A70C800E7
:10D7700008BD00BFCC0D0120014B00221A7070477C
:10D78000CC0D0120FF23084A0B700D234B70822320
:10D790008B701368C1F803305368C1F80730936881
:10D7A000C1F80B30704700BFE20D012016220021A6
:10D7B000014808F0DEBF00BFE20D012082B002ABDD
:10D7C00003E903000D48437DB3B1530614D50A881D
:10D7D0000C30B1F87E3020F80C2CD1F8402220F823
:10D7E0000A3C40F8082CD1F84422054940F8042CA2
:10D7F000022202B0FFF736BB02B07047E20D0120F3
:10D8000085D70400094B53F8203003F5224370B547
:10D81000B13316464FF47A720C46B3FBF2F534443A
:10D8200002F0B0FF2C44204470BD00BF30BF0600A2
:10D830002DE9F04F8BB0044698460F46039290F8BE
:10D84000699006F0F5FD824694F87300FFF7AEF894
:10D85000824407F096FE94F8863000F13C061FFAE9
:10D860008AFA0293039B83BB94F88430032B2CD158
:10D87000029B0D2B29D1B4F85C32BB4225D1D4F8E0
:10D88000E0312046B4F8B421C4F8D031A369C4F81B
:10D89000D431B4F852321344C4F8D83102F088F8C5
:10D8A000D4E99823A262B4F85E22A361A285D4F8D9
:10D8B0006822226241F64B5293428CBF002301231F
:10D8C00084F87230022384F88430B4F8505204F59E
:10D8D0000873B4F87EE07D1B0493A7EB0E0E2DB207
:10D8E0000FFA8EFE002D10DA7546D4E98E23C4E9B6
:10D8F0009223012294F88430032B00F26F81DFE839
:10D9000013F00600FE00550020014246F2E7012117
:10D91000002007F02EF88146A06A5146484403F0E3
:10D920008BFE5146C4F8DC01A06903F085FE07A90F
:10D93000C4F8E00108A802F047FE079B0093DDE968
:10D940000823D4E9920108F069FC8346204607F0D9
:10D9500030FEA26AD4F8543294F86900D51802F067
:10D9600019FFD4F8DC1100F52240203D4FF47A7302
:10D97000B13032466D1A3031AD1BB0FBF3F04D447F
:10D98000A38DA5EB0B0503EB41012D1A94F869005B
:10D99000FFF738FFD4F85432C4F8E401EB1ACC2B6B
:10D9A00059D840F2C7413020FCF710FEA36A514617
:10D9B000D4F8D401184403F03FFE5146C4F8DC010A
:10D9C000A06903F039FEC4F8E001204607F0F1FD3C
:10D9D000A36AD4F8D4511D44B4F8B431002B40F0FC
:10D9E0008A80B8F1000F00F0868094F8690002F098
:10D9F000D1FED4F8DC11D4F8403200F522406D1A83
:10DA000094F86920B130203D1D448F4B53F82220FB
:10DA10004FF47A7302F2E732D4E98E9AB2FBF3F252
:10DA2000A5EB0905B0FBF3F01544AD1B2D1AD4F896
:10DA3000D821D4F8D03194F8690002FB0313A18DEA
:10DA40003246303301EB4301FFF7DCFE0123C4F81B
:10DA5000E40184F88430A369D4F8E021A93B9B1A3F
:10DA60009E1B0023864284F82032D4E9923228BFDC
:10DA7000064604F130005B19C4F8B06142F10002BF
:10DA8000C4E98C3207F03BFA04233044A4F8507206
:10DA900084F82932C4F82402D4E98C23C4E99223FF
:10DAA000B4F8A031DB1B1BB2002BD4BF0022012233
:10DAB000520084F82822029A0D2A00F09280B8F1D0
:10DAC000000F40F0918094F88430002B00F0A88083
:10DAD000A16904F50870D4F8E031C91A06F0F7FE20
:10DAE00080B2002800F09C80149B03B118800120B4
:10DAF0000BB0BDE8F08FD4F8DC116D1A97E7D4F8BD
:10DB0000E021A369B4F8B4C19B1AD4F8D811F44445
:10DB1000D4F8D0015D43D4F8DC31ACEB010C3033E8
:10DB20000CF1FF3C00FB0133A18D94F8690002FB6E
:10DB30000C33324601EB4301FFF764FEC4F8E40105
:10DB400089E7D4F8E0A1A369A3EB0A035D4394F845
:10DB50008530292B03D094F88630292B09D1B4F8CD
:10DB60005C32FB1A1B0404D494F85F32002B18BFFC
:10DB70009946B4F8B4C142B3BCF1000F25D1D4E941
:10DB80009023D4E98E01904271EB030302D340F25B
:10DB90001B5108E794F869104FF47A7B2A4B203A1E
:10DBA00053F82130D4E98E01CDE9040103F2E731C5
:10DBB00003F522430498B133121AB1FBFBF1B3FB16
:10DBC000FBF30A44D21A921B15440CEB0E013246A9
:10DBD00048460AFB01F130314900ADE740F23351CC
:10DBE000E1E6B8F1000F1BD0B4F8C80110B3B4F8E7
:10DBF000CA1194F8CC214D1CA4F8CA1101FB0222D1
:10DC000090420DDD002B0BDD0023A4F8CA5184F8EF
:10DC10002832FFF7ABF900F00700013084F8CC019F
:10DC200004F5087104F5FC7004F044FD20B940F2DD
:10DC30007D51B8E60146DCE7039B83F0010384F8DD
:10DC4000F031002054E700BF30BF06002DE9F84353
:10DC50000E46044618B9D5213020FCF7B7FC05293B
:10DC600000F2A780DFE801F00376413DA52E08F021
:10DC700088FBC4E94601204600F05EFFD4F80C01A1
:10DC8000A43808F0C5FA204608F02DF8054600BB78
:10DC90000146204607F064FF00F1AE06D4F80C01FF
:10DCA000B04209D2301A0321192838BF192008F0D0
:10DCB0003AFB60B108F0AEFAC4F80C61204608F0F7
:10DCC00022F845B12046BDE8F84308F01DB801250B
:10DCD000F2E70025F2E7D4E94623C4E94023BDE892
:10DCE000F883BDE8F84302F07BBC07F044FF04234F
:10DCF0008146884684F8113108F088FA07220F46D9
:10DD0000A9FB023102FB0811D4E940525B1941EB37
:10DD10000205D4F8E8203AB159EA080204D0984242
:10DD200077EB050228BF012684F81061D4E9482664
:10DD3000121A66EB070694F8301139B9012A76F108
:10DD400000010BDA204600F0FFFE03E0012A76F125
:10DD50000006F7DB002384F82831C0E7984277EB10
:10DD600005010FD259EA08080CD01B1A65EB070110
:10DD70009A4276EB010005DB012B71F10000A4BF94
:10DD80001A460E460C49012304F1C000914284F862
:10DD900029314FF0000384F80831B341B8BF0A4677
:10DDA00004F5847104F0FEFC002898D140F2BA61B9
:10DDB00052E7F12150E700BF0040420F2DE9F84340
:10DDC00004460E46154690F8283103F0FF07002B55
:10DDD00040F0948000F1C00839467822404608F0AF
:10DDE000C8FC22464649404608F048FBC4F8E860B3
:10DDF000FF2384F8283166B1FFF7D0F800F0070060
:10DE000032464049013086F8CC0106F5FC7008F036
:10DE100035FB40F202434FF00009A4F8103184F8BA
:10DE2000089103F05FFC00F14906204607F05BFF14
:10DE30000146B6B2C0B306F0FBFA00F5CD61284644
:10DE400089B203F0F9FB2844AE3DC4F80C0108F098
:10DE5000DDF93018A4F81E9041F10001C4E9460133
:10DE6000012084F8EC0007F0E9FF2D1AC4F8F05007
:10DE70004FF0FF356FF000414046D4E94623C4E936
:10DE80004851002504F58471C4E93E23C4E94023C8
:10DE900084F8295142F2107204F084FC38BB40F23D
:10DEA000BB113020FCF792FB2046DFF85C9007F0B6
:10DEB00057FEAE30C4F80C01B9F8000048B1E08B51
:10DEC00038B1FFF76BF8B9F80030B0FBF3F202FBA2
:10DED0001300064408F09AF9361841F10001C4E92C
:10DEE0004661002DC4D0AD1941F10001C4E72946B7
:10DEF000204607F00BFF3846BDE8F8830C27FAE709
:10DF00004DDC0400CD550500F80D0120F0B50023CF
:10DF100085B0CDE9003301238DF806306846FCF763
:10DF2000DFFE70B10123114EB3700023CDE902333F
:10DF300002A8FCF7D5FE044638B10023B37005B043
:10DF4000F0BD009807F038FCE8E7029D95F88430B2
:10DF5000002BEDD005F5FC77384604F00BFC384675
:10DF600008F0B2FA85F88440E2E700BFF80D01201E
:10DF7000044B0022DA709A7042F210721A80FFF796
:10DF8000C5BF00BFF80D0120014BD870704700BF1E
:10DF9000F80D012008B502F05DF8044B5A68824282
:10DFA0002ABF9878002080F0010008BDF80D0120FC
:10DFB000F7B5044606297AD8DFE801F004271525CD
:10DFC0002B3074003B4B9B7803F0FF025BB900924F
:10DFD0000123B0F8A411FFF72BFC38B140F2D66151
:10DFE0003020FCF7F3FA042384F8843002F0D6F9E9
:10DFF00004F04CFB0023B4F87E20A4F85232A4F8BD
:10E00000EE2184F8F13103B0F0BD032380F88430B1
:10E01000F9E708F084F8C4E99001F4E790F86900A2
:10E0200007F0B7FA7730D4F8E0319528A569214F89
:10E030008CBF0020C0F19600C218954288BFED1A2F
:10E04000FB7894BF00252D1A1BB9236B9D4228BF76
:10E050001D46D4F8B06104F1300006F050FF0644CC
:10E06000022008F036F90221AD1B25EAE57585424C
:10E0700028BF0546284608F056F910B12E4408F08E
:10E08000C9F801234FF480723146204606F094FF10
:10E09000D4F8B0317860A069184403B0BDE8F0400E
:10E0A00008F0B6B803B0BDE8F04007F082BA40F21D
:10E0B000A47195E7F80D0120014B1880704700BF4F
:10E0C000F80D01200346074A1068D3F84920C0F82C
:10E0D0000320B3F84D20A0F8072093F8481006F06D
:10E0E000A6BD00BF000E012070B504460E461346C3
:10E0F000807D6588324615F0040118BF04F1570190
:10E10000FEF79EFB4107054621D4C2070BD501232C
:10E11000A07D84F84830FEF7F7FB0368C4F8493067
:10E120008388A4F84D30AB0701D4012070BD094BA2
:10E1300001211868D4F8573084F85610C0F8093017
:10E14000B4F85B30A0F80D3006F07AFDEDE7002062
:10E15000ECE700BF000E012038B5C38C04460F4D1C
:10E160000133C3F30E03C3842B7C2BB102F0F8F907
:10E1700001F008FD00232B7400232B7194F8693003
:10E180002BB101212046BDE8384007F0E3BB637C9A
:10E1900013B1E28C9A42F4D20021F3E7000E012081
:10E1A00010B5074C2379012B05D1237C1BB102F05C
:10E1B000D7F901F0E7FCA069BDE81040FFF7CCBF3C
:10E1C000000E012070B5254C2379012B04D04FF4AB
:10E1D00048612D20FCF7FAF998B90125237C1BB181
:10E1E00002F0BEF901F0CEFC002D36D0A06907F098
:10E1F000FEFA68B302F07EF8E369BDE870409B6800
:10E2000018472168A26911F8095B02F1490392F8E5
:10E210004820E80906F001FB0028DED00021206834
:10E2200006F033FD0028D8D02379A069012B02D055
:10E2300040F65A41CDE7237905F00F01E26903F179
:10E2400080435269013B52F8233098470546C5E7A1
:10E25000A069BDE87040FFF77FBF70BD000E0120D0
:10E260000346074A906903B909B9FFF775BF1379E7
:10E27000D26903F180431269023B52F823301847F8
:10E28000000E012003292DE9F043054685B017460D
:10E2900007D14388980723D40024204605B0BDE861
:10E2A000F083428890F86830D107DBB2F4D5002BB8
:10E2B000F2D14FF00108DFF8D49099F81060C6B1A0
:10E2C00006F0EFFA0828387016D002AA0DF10701FF
:10E2D000FEF78CFA38B940F6F5612D20FCF776F997
:10E2E0004FF00208E7E702A99DF8070007F031F9AF
:10E2F00006463B78082B08D1D9F8001011F8030B1B
:10E30000C0F3801007F025F90646D9F8001005F192
:10E31000500395F84F2011F8030BC0F3801006F05E
:10E320007CFAD9F80010044611F8030BC0F38010F2
:10E3300006F0ADFA8146FEF7F9FA40B1B9F1080FDF
:10E340001BD04846FEF77EF980F00103D8B23A7838
:10E35000082A14D01CB9AC7DA21A544254416A88D0
:10E3600053079AD4002897D176B9EC7C444518BF5E
:10E37000002C0CBF012400248FE70020E7E780F089
:10E3800001022240D4B2EAE7344686E7000E0120BB
:10E390002DE9F04F85B00823052104460DF1070251
:10E3A0008DF80730FFF76EFF064620B9002630468D
:10E3B00005B0BDE8F08F734F396807F112037A7C1E
:10E3C00011F8030BC0F3801006F027FA80460028EE
:10E3D000ECD13B6840F2E249A169184691F88D20E2
:10E3E00010F8035B02EA55121D4602F0010281F8A3
:10E3F0008D20D3F80320C1F803208288A1F80720DC
:10E4000015F81F1BA269C1F38011917002A9D3F8FE
:10E410001F00029028790871D3F80F00D061587D51
:10E420001D7D000440EA0520DD7C28435062B3F8DE
:10E43000190082F8728009FB00F090619D7DC5EBA8
:10E44000451005EB800505EB85056D009585B3F856
:10E45000170009FB00F09062B3F81B001084B3F8BA
:10E460001D00508493F8243003F01F005B0982F8EC
:10E47000990082F87330A56994F912A005F18D0016
:10E4800006F032FB40F20113A5F868304FF0FF0BA5
:10E4900085F86AB0414605F13000FEF7EFFC5146C1
:10E4A0002846FEF779FAA36984F8738004F17E01A7
:10E4B0001A8884F891B0A4F874204FF6FF729DF882
:10E4C0000700A4F892209A69B2FBF9F2A4F88A2016
:10E4D0001A8CA4F88C205A8CA4F88E2093F8732000
:10E4E00084F89020627D5AB394F84820012A27D1FD
:10E4F00094F84E2002F0C002402A21D1D4F84920DD
:10E50000C4F87E20B4F84D208A8008289A7803F158
:10E51000030504F1840184F8772004F17802D3F82C
:10E52000033027D0C4F88430AB888B8004F17701A6
:10E53000FEF75CF940B94FF43E612D20FCF746F838
:10E540000022C4F87E20DFE794F8773043F002031E
:10E5500084F8773004F16A000B4906F050FC0B4B4D
:10E560000022A0691B683A71002B3FF420AF2146BE
:10E5700098471CE7A367AB8893800023C4F88430D6
:10E580008B80E7E7000E01207D5A0500AC130120C7
:10E59000032937B5044604D0052957D0012003B01C
:10E5A00030BD08230DF107028DF80730FFF76AFE32
:10E5B0000028F3D0237C2A4D03B39DF8070094F87C
:10E5C000B630DBB92378082804F1B90284F8B730F3
:10E5D0002DD004F1B801FEF709F920B940F66E71AB
:10E5E0002D20FBF7F3FF94F8B83043F0020384F8D2
:10E5F000B8301C4904F1AE0006F001FC2B6804227F
:10E6000020461A7006225A70FFF75CFD616B94F881
:10E610003820286806F02AFB032328682B7101F0B4
:10E6200023FF0021286807F084FD0020B7E7286851
:10E63000034613F8031BC1F3801184F8B810D0F817
:10E640000310C4F8B9109B889380D2E7064B1B686F
:10E65000002BEAD0984780F00100C0B29FE700BFCE
:10E66000000E0120655A0500A8130120F8B50446E4
:10E670000F4619B300F12005284607F0BCFBA0B9EE
:10E6800063881A072ED5284607F0CAFB0646284697
:10E6900007F0B1FB301AC0B207F0D0FB494A9368CB
:10E6A00003442846936007F085FB284607F087FB64
:10E6B00001F08EFD2179252001F0F0FC414E002370
:10E6C00094F856203068037043706388103B0D2B1C
:10E6D00068D8DFE803F063675F0C674467676767C4
:10E6E000676767442046BDE8F840FFF735BD06235D
:10E6F0004370202303702046FFF7E4FC638823F077
:10E7000008039BB2152B05D094F83020E16A3068DD
:10E7100006F09DFA306801F0A7FE0021306807F08E
:10E7200008FD022321790020337101F05FFD0546C9
:10E7300007B9F06063881B0704D507F07CFB05442C
:10E74000C4F8F4506388103B0D2B36D8DFE803F093
:10E7500038352F2F352F353535353535352F0C23B9
:10E7600021214370034603F8091B52B1D4F8572006
:10E770000121C0F80920B4F85B209A8006F060FA05
:10E78000B9E7226DC0F80920B4F854209A8094F8B3
:10E790004F10F3E7062303704370ACE702230370C6
:10E7A0000623F9E740F259612D20FBF70FFF21798D
:10E7B0000120BDE8F84001F0EDBE40F6F341F3E77B
:10E7C000F8BD00BF000E012038B543880446102B69
:10E7D00004D10121BDE83840FFF748BF0B4D2B7C29
:10E7E00023B101F0A9F9402001F0AEFE286801F044
:10E7F0003BFE608810F0040002D1217901F0CAFECE
:10E80000002001F07FFE01232B7138BD000E012096
:10E81000024B01219869FFF729BF00BF000E0120BC
:10E8200010B5124C237C1BB101F09AFE01F0AAF93D
:10E83000A06906F0DCFF38B12379012B09D040F63E
:10E8400084312D20FBF7C2FEA069BDE81040FFF720
:10E8500083BC2379E26903F18043A069D268013B5C
:10E86000BDE8104052F82330184700BF000E0120C9
:10E87000074810B5037903F0FF0433B91422214689
:10E88000043007F076FF204610BD0C24FBE700BFE4
:10E89000000E012010B50023094C2371FDF798FCF0
:10E8A0002060FFF7E5FF20B14FF442712D20FBF708
:10E8B0008DFEE36913B940F20B31F7E710BD00BFDD
:10E8C000000E0120014B024ADA617047000E012060
:10E8D0008CEB0400034B044A1A60044B044A1A6090
:10E8E000704700BFA813012091E30400AC1301207E
:10E8F00005590500F8B5057D0446AF1EFFB2002D91
:10E900003AD0012F2DD800F1500190F84F0005F0BA
:10E91000BEFF0828064624D0FDF7A0FE10BB023D2E
:10E9200018BF0125012F84F84850A6758CBF002719
:10E9300001276775FDF754FF054607F067FC0022C5
:10E94000144B84F85620E5FB0301C4E9100111467D
:10E950002046FFF7C9FB70B940F2A3412D20FBF719
:10E9600035FE0826022D09D104F149010020FDF7EA
:10E9700003FD60B90020F8BD0826F5E704F1490160
:10E980000120FDF7F9FC0028F4D00125CAE7002595
:10E99000C8E700BF40420F00F0B5444E85B00446C2
:10E9A000327902F0FF0312B90278FF2A04D140F64F
:10E9B000DC112D20FBF70AFEB36080F869303C4B78
:10E9C000684604F1200500933A4B01933A4B0293B9
:10E9D000F3695B68039301F03FFD01F08BFB01F0ED
:10E9E000BFFD01F0CFF8354801F0E8FB344801F0F5
:10E9F0002DFD284607F0DEF9284607F0E0F901F082
:10EA0000E7FB2179252001F049FB94F9120001F080
:10EA1000CFFB04F12C01A06A04F0E2FF074604F1E9
:10EA20003401A06A05F003F80546DFB1237FCBB1BE
:10EA3000B4F92650ED43ED0F637D13B963885B078E
:10EA400009D56FF00043D4E910129A4208BFB1F122
:10EA5000FF3F0DD19DB930680330FDF7DFFE307404
:10EA600005B0F0BD002DE7D0657F002DE0D1E3E7D4
:10EA700007F0CCFBD4E9102390429941EAD301225C
:10EA800029462046FFF730FB50B1FDF7A9FE0546A9
:10EA900007F0BCFB0B4BE5FB0301C4E91001DAE70F
:10EAA000002DD8D040F61A2183E700BF000E0120C8
:10EAB00021E80400C5E1040061E20400D6BE898EAD
:10EAC0005555550040420F0073B50446FFF764FFEB
:10EAD00000212046FFF7CAFD236E0BB101221A6008
:10EAE0006388DB0721D50023114EA569CDE90033EA
:10EAF000FF2373746846FCF7F3F8B0B9009CA54295
:10EB0000F8D005F10A036A7A04F10A01607A05F087
:10EB100084FE0028EED0A3787374D4F80330C6F8CE
:10EB20001230044BB4F807209A8002B070BD00BFC9
:10EB3000000E0120120E0120024B9861DB691B6858
:10EB4000184700BF000E012043881B0710B504467C
:10EB50000ED583693C2208496A3042721B88438182
:10EB6000FF2380F827304FF6FF73038506F047F93F
:10EB7000FF2384F8693010BD7D5A0500C95A05008D
:10EB8000C9E70400CF5A050091E50400C9EA040072
:10EB9000A1E1040011E804007CEB040080EB040018
:10EBA00088EB04000138022808B503D9C4212F20BE
:10EBB000FBF70CFD13290A4B05D811290CD8102995
:10EBC00007D0D221F3E71529FBD103EB4003D88806
:10EBD00001E033F8100008BD03EB40039889FAE721
:10EBE000AEBE06000C4A0346117889B9906833B965
:10EBF000B0F85810828F91420AD8FFF7CBB99389A9
:10EC00001B0707D590F88700073818BF0120704709
:10EC10000020704701207047200E01202D4A38B592
:10EC20000346948990681C43402B948104D10421AD
:10EC3000BDE83840FFF7BCB9802B01D10521F7E7CB
:10EC400003F00304032C04D140F62E313120FBF7EE
:10EC5000BDFCDD0706D50C6811612478062C0FD0A9
:10EC60000B2C19D09C0706D5096809780529117560
:10EC70001DD00B2927D09B0644BF0823137038BD35
:10EC800090F886401C2CEDD100240025C0E93845C1
:10EC9000012480F88A40E5E790F88640122C01BFF5
:10ECA000002480F88A40012480F8C440DAE790F814
:10ECB00086101829DFD1002400250121C0E93A453A
:10ECC00080F88B10D7E790F886101129D3D1002156
:10ECD000F6E700BF200E012073B5044640680D46DC
:10ECE000836F13F0300F4AD1B1F805101A2904D9F7
:10ECF000B5F80730B3F5A47F06D22978204602B0D4
:10ED0000BDE8704006F0C3B9B5F801201A2AF4D95D
:10ED1000B5F80360B6F5A47FEFD33030009606F067
:10ED200000F9184B9A8992070DD51B7D142B0AD137
:10ED30006268936F43F010039367204606F075F9FD
:10ED4000002002B070BD636893F88520212AEFD0BF
:10ED500093F81B31002BEBD1636893F81A31002B29
:10ED6000E6D16268936F114602F59F7243F020036B
:10ED700031F8300B42F8C63CFEF7E4F8DDE701203D
:10ED8000DFE700BF200E012013B5044601A8FDF700
:10ED90009DFA20B940F617113120FBF717FC22220B
:10EDA0000021019807F0E5FC01992246064801F888
:10EDB000034FFEF7B1F9FDF795FA10B940F61E11B1
:10EDC000EAE702B010BD00BF240E0120254B70B54C
:10EDD0009C6894F85E5294F85F62002D3ED194F8DE
:10EDE0006810002E3CD194F8693084F8681084F8DB
:10EDF0006930FF2384F86A301B4B1B680BB1204637
:10EE0000984794F82431012B01D0354303D00021D9
:10EE10001648FDF719FA04F13006304606F06FF88F
:10EE200004F2351105462046FEF73EF8204606213D
:10EE3000FFF7BEF8304606F062F8854204460BD272
:10EE400007F0A3FA0146601B192838BF192007F004
:10EE50006AFA10B107F0DEF9012070BD2946C0E75B
:10EE60003346C2E7200E0120BC130120240E0120EE
:10EE70002DE9F8436A4D0646AC68002840F08C80C6
:10EE8000AB891A072DD594F80E31FE2B04D140F230
:10EE9000F7513120FBF79AFBFE2384F80E3194F8EA
:10EEA00086301E2B06D184F8C300281D06F0C7F853
:10EEB00084F8866094F88530242B0AD194F8863043
:10EEC000A3F12402062A2AD9322B28D0252384F83C
:10EED000853094F88730072B02BF02236B7584F8C6
:10EEE0000E31AB89DB071CD4AB895F077CD4990753
:10EEF00040F18480287D0122AB680D2883F80F2122
:10EF000079D0112800F08580072800F08480FEF772
:10EF1000B3F9034600286FD140F2EA51B9E7322332
:10EF2000D5E7D5F80880296998F88630D1F800909F
:10EF3000113B99F800700F2B09D8BB1EDBB2092BCF
:10EF40006BD840F2333222FA03F3D80765D509793A
:10EF50003846FDF75FFD20B93946324806F097F88C
:10EF60003AE0012F01D9162F22D198F8850006F03A
:10EF70007BF840B198F88530242B04D0252B07D19D
:10EF8000322388F885303846FEF76CF903461CE0DA
:10EF9000162F14BF022620262B781B0705D594F8C0
:10EFA0008630113B0F2B98BF08263046BDE8F8830A
:10EFB000112F15D005D8072F14D00D2FE3D11A4BE0
:10EFC00005E0142FDFD1194B1B68002BC4D02A6930
:10EFD0004946144812799847002885D00646DBE751
:10EFE000134BF4E7134BF2E794F88720062A04BF8B
:10EFF00001226A757BE7104B0A489847AB89DA060D
:10F00000CAD594F886300A2BC6D10B2384F88630F3
:10F01000C2E70A4BF0E70A4BEEE70826BCE700BF61
:10F02000200E0120240E0120C75F0500B01301202F
:10F030000F60050045F00400155F0500335F050013
:10F04000635F050070B54D780446A5F10E03DBB291
:10F05000152B0DD8012140F2512201FA03F6164278
:10F0600008D14268152B92F8852027D0082B07D0AD
:10F07000002070BD02462846BDE8704006F0E2BEA2
:10F08000252A01D0322AF3D1204605F0C5FF636856
:10F0900093F88620262AEBD093F8D5201A21204613
:10F0A00022F0010283F8D520626892F8D53023F06F
:10F0B000080382F8D530FDF7C7F8D9E72C2AD7D155
:10F0C000024B1B68002BD3D09847D1E7B81301201F
:10F0D0002DE9F041A0F10E0400291346E4B208BF67
:10F0E0001F21172C0AD8012640F25127A6403E4284
:10F0F00007D116F4600F23D1082C07D00020BDE8FB
:10F10000F0810021BDE8F04106F09CBE546894F8FF
:10F110008520252A08D11846FDF796F8002384F8A3
:10F12000853084F8BE30E9E7322AE7D194F88620AA
:10F13000A2F124010629F1D9322AEFD02A21EAE7E7
:10F14000054A1468002CD9D00A46014618462346C1
:10F15000BDE8F041184700BFB41301202DE9F84F76
:10F16000B54F0E468046B989BC688D0504F1780A12
:10F1700054BFB4F8B4200023504653BF0132A4F862
:10F18000B43084F8AF31A4F8B42006F00BFF30B1EE
:10F190000B4604F5967221465046FEF719FABB89D4
:10F1A00003F4C0632BB194F88930002B46D0032BB5
:10F1B0004BD094F88920BB89012A04D1180544BF9B
:10F1C000022284F88920B8F1000F40F0948059069B
:10F1D00057BFB4F8C8214246013292B2A4F8C82100
:10F1E00003F00A020A2A0CD13A7D022A09D123F03F
:10F1F00008033046BB81FFF73BFE30430823C6B20D
:10F20000BB813046FFF734FEBD68304395F80E31C0
:10F21000C6B2FE2B3CD1DEBB95F88730063B012BF6
:10F2200036D995F81831ABB195F819310122022180
:10F23000A5F8B86085F8103128462EE1012184F840
:10F2400089102046FEF7B4FEB3E70223012184F8BB
:10F250008930F6E795F886B0ABF1100B5FFA8BFBBF
:10F26000BBF1100F40F2EC80AB6FDA0702D53246EB
:10F270000921E1E7980740F1928032460C212846A7
:10F2800006F02FFE95F8C53043F0010385F8C53030
:10F29000B4F8A83194F8AC510133A4F8A831002D8A
:10F2A00000F0F281FCF768FB10B10023A4F8A8314C
:10F2B00094F88910012940F21C8294F88730072BBA
:10F2C00040F0FA81B4F8B430022B40F21282B4F864
:10F2D000B6500135ADB2B4F87E302B44A4F8A0315D
:10F2E00094F8AD31002B00F008820123B4F87E20A1
:10F2F0001344A4F8A431BB89BD685B0657BFB5F8B9
:10F30000B4310023B5F8A6219B1858BF9BB2A5F8CD
:10F31000B43195F8183123B995F88730063B012BA5
:10F3200006D8B5F8B830B5F8A6211344A5F8B8301A
:10F3300095F8BE1031B1B5F8BA30B5F8A62113442E
:10F34000A5F8BA3095F9C220002AC1BFB5F8C0307F
:10F35000B5F8A6011B18A5F8C03095F8A73063B919
:10F36000B8F1000F40F05B827B7D022B40F00C82F5
:10F3700095F81031062B18BF162395F8A62022B950
:10F380002E4885F8A730FDF781FF284606F06DFE70
:10F39000002384F8AB31BDE8F84FFCF7BFBF590735
:10F3A00002D53246132147E71A0706D595F80831EA
:10F3B000324685F8103107213EE713F0300F35D083
:10F3C00095F81B31002B5BD195F81A31CBB195F82C
:10F3D000863005F58D7105F25E22292B24D095F833
:10F3E0008530A3F1290043424341284605F08BFDB7
:10F3F000AB6F23F0200343F01003AB67002385F8C5
:10F400001A31AB6FDA063BD505F235112846FDF708
:10F410004BFDB5F8523000221521A5F81031B5F892
:10F420005630A5F8123107E70123DEE75B0627D542
:10F430000022242100E700BF200E0120240E01201D
:10F44000D7F8089099F88630182B32D013D8112BA2
:10F4500020D0162B24D095F88530002B67D195F855
:10F460008630103B102B6AD995F8B230002B66D04D
:10F4700001221221E0E6202BEDD1324606210BE0DD
:10F48000B86890F88630262B41D0352BE3D1002286
:10F49000112102E032460B21484606F022FDF7E634
:10F4A0004846FDF765FF00283FF4F2AE0022042134
:10F4B000F2E799F85832012B07D132460521484628
:10F4C00006F00FFD89F85862E2E699F85832022BEF
:10F4D000D9B27FF4DDAE99F8C43053B10623324679
:10F4E00089F81031484606F0FCFC002389F85832B0
:10F4F000EAE703210622B14805F0B0FD99F8D430BF
:10F50000324613F0040F0CBF0D211121EAE790F8E9
:10F510002431022B02D100221721BEE790F82431BA
:10F52000012B98D190F82531002BF4D093E7092BCB
:10F5300005D195F80931012285F810313BE7BBF17F
:10F54000100F7FF6A5AEBD6895F88590B9F1000F54
:10F550007FF49EAE95F82B313BB101220E21284657
:10F5600006F0BFFC85F82B91AEE795F82A3183B100
:10F5700095F8C59019F0030B0BD149F00109012250
:10F580000C21284606F0ADFC85F8C59085F82AB117
:10F590009AE795F81A3133B395F81B311BBB95F8F0
:10F5A000863005F58D7105F25E22292B19D095F86C
:10F5B0008530A3F1290043424341284605F0A3FCCE
:10F5C000002385F81A3101221421284606F089FC0F
:10F5D000B5F85230A5F81031B5F85630A5F812310B
:10F5E00056E60123E9E795F82431012B3FD195F840
:10F5F0002531002B3BD195F88630A3F12402062A51
:10F6000035D9322B33D095F86800012806D002286E
:10F6100004D040F211310620FAF7D8FF95F86910AE
:10F62000012901D00229F4D1022895F826210BD016
:10F63000012A14BF0022012242B90A3B042B7FF6A3
:10F6400027AE01221621F7E5022AF2E7022995F8F2
:10F6500027210AD0012A14BF00220122002AECD05F
:10F6600000215648FCF7F0FD12E6022AF3E7544B5E
:10F670001B68002B3FF40CAE50489847FE2801460B
:10F680003FF406AE0122D7E5FCF770F908B1A4F803
:10F69000A851FCF779F900283FF40AAE94F8AF318D
:10F6A0000133DBB2022B84F8AF3182BF0023A4F810
:10F6B000A83184F8AF31FBE594F8B2301BB194F86F
:10F6C00085300F2B15D1B4F8B6505046B4F8B4308D
:10F6D000ED1A033D06F066FC68B1D4F8AC30D4F8FE
:10F6E000A820033B9B1A9D42A8BF1D46012D3FF752
:10F6F000F1AD0125EFE52B46F5E7012D7FF6F5ADE0
:10F7000094F8863013B10B2B7FF4EFAD94F885306D
:10F71000002B7FF4EAAD94F88730002B7FF4E5AD41
:10F7200002297FF4E2AD94F8AF31002B7FF4DDAD18
:10F730002069B4F82E9003F0A5FF00283FF4D5AD62
:10F7400094F80E31FE2B7FF4D0ADB4F8A231012B2A
:10F750007FF6CBADB4F8A821238C9A42BFF4C5AD97
:10F76000013D9B1AADB29BB2B5FBF9F59D4228BF96
:10F770001D4605FB09F3003D03F1010318BF0125F8
:10F780009BB284F8AA51B1E5012B09D195F88830D4
:10F79000002B7FF4F2AD00212846FEF709FCF7E5C7
:10F7A00086B1F00639D4310739D4B20639D4B3075B
:10F7B00039D140F6AF2131202EE700BF240E0120C1
:10F7C000C013012039B1B5F8BA10B5F8BC30994270
:10F7D00001D32223D1E5002A05DDB5F8C020B5F814
:10F7E000BC309A42F5D2B5F8B820B5F8B6309A4296
:10F7F0000AD295F88920B5F8B43052B1B5F8B620E0
:10F800009A42C8D80823B8E595F81831002BE0D102
:10F81000EFE7052BBFD93E23AFE51E23ADE53D2322
:10F82000ABE52323A9E52A23A7E500BF73B55B4B0E
:10F8300000250122044698601A719D811D705D7536
:10F84000FF2380F8AB31B0F8A231D3B190F80E317C
:10F85000FE2B16D190F818319BB190F88730063BFB
:10F8600093420ED990F819310221A0F8B85080F8CF
:10F87000103106F036FB022084F8AA51FFF784FA13
:10F8800003E094F80E01FE28F8D1B4F8A61104F1B3
:10F890007806E38D0139B4F8A821304689B2B1FB6E
:10F8A000F3F31344A4F8A831B4F8B4300B44A4F82B
:10F8B000B43006F077FB20B1D4F8A8300B44C4F87C
:10F8C000A830B4F8A2310025012B9CBF0133A4F865
:10F8D000A23109B184F8AF5194F8863084F8AA5166
:10F8E000A3F10A02012A29D8B4F87E30B4F85C22C8
:10F8F0009B1A19043BD404F25E2104F18D0005F03B
:10F90000F3F884F88650FF2384F8BF30B4F8A621BA
:10F910002146304605F02FF994F886302049113BF6
:10F92000204A0F2B8CBF0023012301931E4B009311
:10F930001E4B03C9FBF740FF02B070BD292B16D147
:10F94000B4F85C22B4F87E309B1A1A040FD484F801
:10F950008650FFF73BFA014630B984F8240102B023
:10F96000BDE87040FFF7FABB84F82451CEE794F865
:10F97000853003F0FD03292BC8D1B4F87E30B4F8EC
:10F980005C229B1A1B04C1D4002384F88530FFF746
:10F990001DFA01460028B9D1E1E700BF200E012081
:10F9A000240E01201DEC04005DF10400E5EB0400D1
:10F9B000D0F864328269934210B5044604D1D0F87D
:10F9C0006812026A914215D0228804F5C0700F496E
:10F9D000A4F88A2140F2E242B3FBF2F3A4F88C319E
:10F9E000B4F86832A4F88E31B4F86A32A4F89031D1
:10F9F00005F00EFA0221204604F0FBFF002384F8F4
:10FA00008630032384F8893010BD00BF995105006A
:10FA100008B5FDF755FB024B024A1A6008BD00BF4E
:10FA2000B0130120D9EC0400074B93F900301844BF
:10FA3000142804DC10F17F0F03DB40B27047142060
:10FA400070476FF07E007047380E01207F2307B5A6
:10FA50000DF107008DF8073000F090FD03469DF989
:10FA6000070053B1094B5B785B425BB21844142822
:10FA700006DC10F17F0F05DB40B203B05DF804FB3C
:10FA80001420FAE76FF07E00F7E700BF380E012080
:10FA9000024B00221A705A70704700BF380E0120C6
:10FAA000064BD3F8000138B1D3F8040120B1D3F8E4
:10FAB0000801B0FA80F04009704700BF00A0044080
:10FAC000034B00221A705A7010229A70704700BFC0
:10FAD0003C0E0120F8B50646022014460D4600F003
:10FAE000CDF8114B114A01275C60191D9A6002F193
:10FAF000807203342D011F70DC601D83C3E904266E
:10FB00000022243303F80A2C0D2203F8092C084A9A
:10FB1000C2F83015074903C983E80300C2F8087525
:10FB2000C2F83835F8BD00BF3C0E01200300000BC1
:10FB300000A00440C0BE060008B5022000F09EF8F8
:10FB40000D4B01221A7000220C4BC3F80021C3F8A0
:10FB50000421C3F808210A4AC3F8802003F564335E
:10FB6000C3F88C20A3F57C33C3F88C21A3F5005394
:10FB70000822C3F8042508BD3C0E012000A0044063
:10FB800003000080154A08B51378FBB1002314491F
:10FB9000C1F8803001F56431C1F88C30A1F57C31B9
:10FBA000C1F88C3108210F4BC3F80815FFF778FF17
:10FBB00088B101235370938EFF2B03D9BC213B20C6
:10FBC000FAF704FDDBB29370002313700020BDE848
:10FBD000084000F053B810235070F4E73C0E0120A9
:10FBE00000A0044000200440094B1A7862B1094B80
:10FBF000D3F8002152B1D3F8040140B1D3F8080181
:10FC0000B0FA80F04009704758787047022070477A
:10FC10003C0E012000A00440064A08B513782BB121
:10FC2000FFF73EFF20B192F8340008BD9078FCE762
:10FC30001020FAE73C0E012038B5084C0025D4F816
:10FC40000035032B04BF01236360C4F80055C4F8DA
:10FC5000005500F0C7FFC4F8805038BD00A0044034
:10FC6000054B4FF48062C3F88820BFF34F8FBFF37A
:10FC70006F8FFFF7E1BF00BF00E100E010B5044661
:10FC8000FFF7DAFF012C06D0022C09D03CB18C2101
:10FC90003D20FAF79BFC074B0222C3F8002510BD5C
:10FCA000044B0322C3F8002502F10042C3F8802070
:10FCB000F5E700BF00A00440024BD3F8A00300F01A
:10FCC0000100704700C0FF00084BD3F8A423D3F80D
:10FCD000A833511C9BB203D14FF6FF718B4203D066
:10FCE00002608380012070470020704700C0FF0041
:10FCF0000B4B30B5D3F89053D3F89443D3F8981303
:10FD0000D3F89C2305EA04030B401340013317BFCB
:10FD100005600020446081601CBFC260012030BDCE
:10FD200000C0FF000B4B30B5D3F88053D3F88443A9
:10FD3000D3F88813D3F88C2305EA04030B4013404F
:10FD4000013317BF05600020446081601CBFC260A2
:10FD5000012030BD00C0FF00064B0022C3F8002286
:10FD6000C3F81822C3F82022C3F80C22C3F81422C7
:10FD7000704700BF00A0084070B5144D0346084608
:10FD800095F8256026B940F634213E20FAF71EFC8E
:10FD90006BB9012E2C6A95F8241005D100F092FD64
:10FDA0002044AB69C01A70BD06F0C9F9F8E7012B11
:10FDB0000AD1012E2C6A95F8241002D100F072FDB0
:10FDC000EEE706F0C7F9EBE70020EAE7780E01203E
:10FDD0000B4B93F8310088B193F830307BB1094B6D
:10FDE000D3F8002442F00102C3F80024D3F8200520
:10FDF00000F0F600023818BF01207047012070475C
:10FE0000780E012000A0084008B50128084B18739F
:10FE1000084B06D0022808D040F641713E20FAF780
:10FE2000D5FB0322C3F8002508BD0422FAE700BF72
:10FE3000780E012000A0084008B570B9104B283199
:10FE40001846D9600F4900F06FFF0130012816D91C
:10FE500040F6BE013E20FAF7B9FB01280CD1084B51
:10FE600029311846D960074900F064FF01300128A4
:10FE700005D940F6C801EDE740F6CC01EAE708BD38
:10FE800028000120C8BE060008B50C4B5B78012B8A
:10FE900009D100F055FF013001280ED940F6842128
:10FEA0003E20FAF793FB022B07D100F04FFF013001
:10FEB000012802D940F68A21F2E708BD780E012018
:10FEC0000A4B40F409000A4A1B8A40F04000B3F58F
:10FED000166F36BFA3F63813A3F5166343F4807389
:10FEE000C2F80837C2F84005704700BF780E0120FD
:10FEF00000A0084037B50C460546FFF785FF2046B1
:10FF00002146FFF7DDFF104A01AB284692F90D208C
:10FF100000F0A6FE9DF8050000F01EFF20B140F2A3
:10FF2000B1713E20FAF752FB9DF9040000F056FC37
:10FF3000064B40F20312C3F8442E40F25B62C3F852
:10FF4000482E03B030BD00BF780E012000A008404D
:10FF50002DE9F04106460C46174606F061F90028E7
:10FF6000FBD02F4D4EBB01236B7095F830301BB981
:10FF7000A97B3846FFF7BEFF2A4B4FF47A7253F83D
:10FF8000273003F5FA73B3FBF2F3274AE41A274B41
:10FF9000C3F80021A9690127234B214485F830705B
:10FFA000234DC5F84015C5F8C031FFF711FF0446D1
:10FFB00060BB00242046BDE8F081012E21D1022340
:10FFC0006B7095F83030B3B995F80E803846FFF76E
:10FFD0001BFF4046FFF774FF144BD3F8002442F098
:10FFE0001002C3F8002440F20312C3F8442E40F27A
:10FFF0005B62C3F8482E0D4B293C0B4AC3F8042121
:020000040005F5
:10000000C8E74FF41B613E20FAF7E0FAEF64D5F839
:100010004C358B42CDDA3046FFF70EFFCAE700BF02
:10002000780E01203CBF06000B00008000A00840B5
:100030000050084048220021014806F09ABB00BF4A
:10004000780E0120024B0344187D00F516607047BE
:10005000C8BE0600024B186A9B69C01A704700BFF1
:10006000780E01200A4B93F82420D3E90630C01AF9
:10007000084B03EB8203DB6BC01A074B53F82230AB
:100080004FF47A7203F2F313B3FBF2F3C01A704722
:10009000780E0120C8BE060030BF0600FF2808B554
:1000A00004D940F20D313E20FAF790FA012904D02C
:1000B000022919D040F27D31F5E7002343F4801383
:1000C00040F000700A4A43F4847340F44030C2F8B0
:1000D000203EC2F8280ED2F8203503F0F703032B98
:1000E00005D140F29731DEE74FF08073E6E708BDB7
:1000F00000A00840F8B5254E4FF48067C6F8907010
:10010000BFF34F8FBFF36F8F06F086F80446204D84
:1001100006F037F90121001B1E4CA861C4F8A41099
:10012000FFF71AFE0323C4F8401E2973C4F80035F4
:100130004FF40023C4F80034174B187C00F01EFE67
:1001400002F066FF154B164AC4F83833154BC3F856
:10015000C820013AC3F8C42040F6FE72124BC4F81E
:100160001433124BC3F804250023AB842B862B6277
:100170004FF48073C6F89071C4F88834AB6C376163
:1001800003B19847BDE8F84000F0C2BD00E100E0CF
:10019000780E012000A00840280001200300008004
:1001A0000600008000500840010000800020084048
:1001B000014B5873704700BF780E0120020E034BAD
:1001C0000002C3F8342EC3F82C0E704700A008407C
:1001D000044B054A034490731B7D03F51663138299
:1001E000704700BFC8BE0600780E0120F8B5334C3A
:1001F00006460F4694F8313023B940F606113E20EA
:10020000FAF7E4F901232E4A84F83030D2F80034AA
:1002100043F00103C2F8003406F002F80028FBD0D6
:100220002EBB0123A17B38466370FFF763FE637822
:10023000012B02D040F61F11E1E7224AD36402F5F8
:10024000A04213601F4B3046D3F84C552946FFF7A8
:10025000F3FDA369ED1A76BB1B4B4FF47A7253F88A
:10026000273003F5FA73B3FBF2F35819F8BD012EEA
:10027000E8D10223A57B38466370FFF7C5FD284609
:10028000FFF71EFE0E4BD3F8002442F01002C3F815
:10029000002440F20312C3F8442E40F25B62C3F81C
:1002A000482E6278022A02D040F62811A7E7054AB4
:1002B000D6645E60C6E705F12900D7E7780E012015
:1002C00000A00840005008403CBF060008B5FFF7FA
:1002D0003FFE58B9064B0122C3F8400503F5A04381
:1002E00002201A61BDE80840FCF798BD08BD00BFB8
:1002F0000050084037B5254B4FF48061244A4FF039
:10030000FF30D3F88844C3F89004C2F890114FF43A
:100310000022204904F48074C3F8002400221E4DFA
:100320002A86C1F84025C3F80821C3F80021C3F884
:100330000421D3F82015C9B2D1B18DF80700C3F854
:10034000202201221A619DF8072012B1D3F8202241
:100350003AB19DF807305BB940F672213E20FAF7BA
:1003600035F99DF80720013AD2B28DF80720EAE767
:10037000FFF78AFD0022054BC3F820222A801CB11A
:100380004FF48072C3F8882403B030BD00A0084049
:1003900000E100E000500840780E012070B5002414
:1003A000254D264EC5F84845C5F84445C5F8404595
:1003B000C5F84C45FFF79EFF00F0B0FCC5F8C441FE
:1003C000C6F80841C6F80041C6F80441C5F8C8405F
:1003D000C5F8C440C6F80441C6F8004102F030FE3A
:1003E000174B40F6FE72C6F83843C6F81443C5F8FA
:1003F000C041C3F808254FF48062124B1C71C3E959
:100400000744114BC5F84845C5F84445C5F8404573
:10041000C5F84C45C5F84841C5F84441C5F84041C8
:10042000C5F84C41C3F89020BFF34F8FBFF36F8FD7
:10043000C3F8902170BD00BF0050084000A00840E4
:1004400000200840780E012000E100E0014BC3F8D5
:100450004C0E704700A0084010B50FC8014C84E84E
:100460000F0010BDC40E01200A490B4B10B501242A
:10047000C1F8D00ED86283F83140FFF7A9FC40B92B
:10048000064BC3F8400503200C61BDE81040FCF7A3
:10049000C5BC10BD00A00840780E012000500840E7
:1004A000144B9A6910441A6A824210B5124C09D34F
:1004B0000220FCF7B3FC00230122C4F840350F4BA7
:1004C0001A610DE0012298601A716264D4F8443513
:1004D0000533834205D3094BD3F80C120029EFD022
:1004E00010BD0023C4F84431054BC4F84405C4F8DA
:1004F000C431F5E7780E01200050084000A0084004
:100500000900008010B50E4C0346022294F8250025
:100510002271012894F82410227B4FF096000BD111
:1005200000F0DEF9074A0023A060C2F84431236AD4
:100530000344C2F8443510BD00F0ECF9F2E700BF07
:10054000780E012000500840044BC3F8940ED3F8F5
:10055000002442F04002C3F80024704700A0084085
:10056000054BD3F8002422F04002C3F800240022F7
:10057000C3F8942E704700BF00A00840044BD3F886
:10058000183703F07F035B4203700120704700BF00
:1005900000A008400028034B14BF022201229970DA
:1005A0001A707047780E0120054B0022C3F84025D1
:1005B000044AD2F82035DBB20BB101231361704736
:1005C0000050084000A00840044B30B5D3E90E4568
:1005D0001B6CC0E900450B6030BD00BF780E0120E8
:1005E000F8B505F013FE634C634D0123C4E90E0119
:1005F000EB64D5F84C352364FFF746FC5F4B0022D3
:10060000C3F80821C3F80021C3F80421C3F804216A
:10061000C3F80021D3F8001421F01D01C3F8001421
:1006200084F83120227922B1D5F84421003A18BF4C
:100630000122617801290AD1D3F81852002D3ED148
:100640004E4BD3F82032ABB145F0100512E0022931
:1006500033D14A4BD3F81852D3F80C3E003D18BFA3
:100660000125D8074FEA450558BF45F0040502B3F8
:1006700045F00105FFF770FBE906637803D5012B10
:1006800008BF45F020053C4A2678D2F8481521627B
:10069000D2F8442584F82530237BE26184F82430A5
:1006A0007EB9667026712686EA071ED5E36C9847E8
:1006B0002EE015F00B0FDDD1C2E70025C0E70825BD
:1006C000D8E715F0110735D1013EA2784FF0960119
:1006D00018BF01263046FFF74FFBA278014630468F
:1006E000278084F83070FFF7F1FD15F0020024D068
:1006F000224B0021D3F81C0E236D00F0010045EAC7
:100700008000C0F3800080F0010000F001009847F5
:100710006378022B0DD123795BB1022B164A1AD1D3
:10072000236AA1680B44C2F84435134B144AC3F83A
:10073000C421F8BDFFF7DEFDB6E715F0280F05F080
:10074000200104D0B1FA81F1636D4909DFE7EB06BE
:10075000DED5A36DABE7012B04D040F61A613E2035
:10076000F9F734FFA368216A8B42DCD840F61B619D
:10077000F5E700BF780E01200050084000A00840B7
:1007800009000080024B03EB8003D86B704700BF69
:10079000C8BE0600024B03EB8003986C704700BF95
:1007A000C8BE0600F8B50D460123477801464370E0
:1007B00004462846164600F039F9074AD2F80431B3
:1007C000002BFBD0677016B9EB78A370AB707B1E63
:1007D00058425841F8BD00BF00A004402E3008B573
:1007E000362854D8DFE800F05053535353534D5339
:1007F000535353535353535353534B5353535353D1
:10080000585358534953475345534353413F3D3B36
:1008100039373533312F2D2B29272523215A1C0019
:100820003F231F4AC2F8103708BD3323F9E72D23B1
:10083000F7E72823F5E72323F3E71F23F1E71B233B
:10084000EFE71823EDE71523EBE71323E9E711237F
:10085000E7E70F23E5E70D23E3E70B23E1E70A23AF
:10086000DFE70923DDE70823DBE70723D9E70623D2
:10087000D7E70523D5E70423D3E70323D1E70123F3
:10088000CFE74FF49873CCE74FF48873C9E740F291
:100890000D113F20F9F79AFE0223C2E73923C0E782
:1008A00000A008404FF47A73054A584332F91120EA
:1008B00000F2E7301044B0FBF3F00238704700BF9D
:1008C00028BF06004FF47A73044A00FB033032F964
:1008D00011201044B0FBF3F0704700BF28BF0600A2
:1008E00038B51D460A4B33F9114003EB8203053539
:1008F0009B681C444FF47A7304F6B73403FB00443E
:100900001046B4FBF3F42544FFF73CFF284438BD00
:1009100028BF060070B5064608461546FFF73AFFA1
:10092000094B03EB85039C684FF47A7304F6B734E4
:1009300003FB0644241A2846B4FBF3F4FFF722FF16
:100940000530204470BD00BF28BF0600024B0022C6
:100950001A705A709A707047D40E01202DE9F8432E
:10096000064601200F4615469846DDF82490FFF70D
:1009700085F99DF82C3006F00302284C42EA034228
:100980009DF8343042EA03620023C4F80425244A67
:10099000C4F88030C2F88430A2F57C32C2F88431C9
:1009A0000222204BC3F80825BDF828301E4A938048
:1009B000FB6893FA83FCBB6818BA7B6819BA3B687A
:1009C000C4F810C51BBAC4F81405C4F81815290AD0
:1009D000C4F81C352D069DF8207041EA0861D9F84D
:1009E00004302DBA003F21F00041D9F800001BBAB5
:1009F00018BF0127022EC4F8203500BA41EAC7719A
:100A00004FF00103C4F8240509BAC4F82815C4F846
:100A10002C55537008BF1370BDE8F88300A0044044
:100A20000030084000200440D40E01202B4B5A789F
:100A30002DE9F04704460D4622B940F241116C20E1
:100A4000F9F7C4FD264A03F1080E4F7803F11006AA
:100A500003F1380CDFF88C904FF00E08DF809F8494
:100A600003F1480A04379D61C3F81C9083F827807E
:100A7000A3F85C7092E80300C3E914498EE8030010
:100A8000D2E9020186E80300E91C0026196283F816
:100A90002660D2E90401C3E90A668CE80300611C00
:100AA000196411495964D2E90601E21C8AE803007D
:100AB0009A65012183F85E6083F85F80C3E9186658
:100AC000AA78A270094AC2F830E5C2F838C5997010
:100AD0001970C2F804611160BDE8F087D40E0120DE
:100AE00050BF06000100000D0100000C00A00440F2
:100AF000334B5A782DE9F04105460E4622B940F2B3
:100B000061116C20F9F762FD2E4A03F1380C03F1F4
:100B1000480403F10807DFF8B080DFF8B0E0C3F85D
:100B200044801E65C3F854E092E80300C3E9085E00
:100B30008CE80300711C1964D2E9080184E8030001
:100B4000F11C0024996522495C6683F82E40C3E9B4
:100B50001714D2E9040187E80300691CC3E90418EB
:100B6000D2E90601EA1C03F118089A629A889A856C
:100B70000E2288E8030083F82F200121C3E90C44EA
:100B8000B278AA70134AC2F830C5C2F838759970A5
:100B90001B780BB9A321B4E70F4BC2F80441C2F88C
:100BA0000841C2F880300D4AC2F88430A2F57C3288
:100BB000C2F8843102220A4BC3F80425BDE8F08153
:100BC000D40E012050BF06000100000C0100000DF2
:100BD000E803000E00A0044001000080003008403F
:100BE000002004400C4B1A788AB100220B490220E5
:100BF000C1F8802001F56431C1F88420A1F57C3171
:100C0000C1F88421A1F50051C1F808051A7000222D
:100C10005A709A70704700BFD40E012000A00440A3
:100C200008B50B4BD3F8082122B10420FCF7F6F8E5
:100C3000022008BDD3F8042122B90520FCF7EEF804
:100C40000320F6E7D3F80004003818BF0120F0E7CE
:100C500000A00440014B01225A60704700A00440EC
:100C60002DE9F04F264C85B0054698460E461746AE
:100C700000F0C2F823788146AB4211D16378B342C9
:100C80000ED194F90230BB420AD1E378834207D1F6
:100C9000A388A8F8003094F9060005B0BDE8F08FED
:100CA000012D06D0022D10D040F28F410620F9F719
:100CB0008DFC00200DF10F033A46314600F0A2F8FA
:100CC000824620B14121A920F1E70120F2E7304618
:100CD0009DF90FB0FFF7B6F9A91E0346CDF800A0A5
:100CE0004A4258464A41414600F03CF8B8F80030C4
:100CF000A071A38025706670A77084F80390CAE77E
:100D00003E000120014B1B681B6818477000012042
:100D1000014B1B685B68184770000120014B1B6882
:100D20009B68184770000120014B1B681B6918471E
:100D300070000120014B1B685B691847700001209F
:100D4000014B1B689B69184770000120014B1B6811
:100D5000DB69184770000120014B1B689B6A18472C
:100D60007000012030B4044C9DF8085024680295AE
:100D7000E468A44630BC60477000012000220D49A1
:100D8000134610B540FA02F4E40744BFCA545C1C91
:100D900002F1010248BFE3B2042AF3D1054AFF245D
:100DA000D118032B01D9107110BD013301F8014B8B
:100DB000DBB2F6E7D0130120956105009B610500C9
:100DC0009D610500C3610500A1610500CD610500BD
:100DD000A7610500D7610500AD610500E36105006D
:100DE000B9610500BD610500AF610500B561050091
:100DF000D3610500DD610500014B187D704700BF20
:100E0000480F0120042810B511D883B104280CBF65
:100E100010242824A1420AD2064C54F8200018B10C
:100E200041568A42A8BF0A4600201A7010BD6FF0D2
:100E30001500FBE7480F01200728034611DC10F1DD
:100E40002D0F10DB094A101890F82E0002EBC0029B
:100E500092F93C209A4207D0002918BF0130C0B255
:100E600070471B2070470020704700BF78BF060006
:100E7000072808B507DCFFF7DFFF044B03EBC003CF
:100E800093F93C0008BD0820FCE700BF78BF0600CE
:100E900010F0FF0008B5074B05D0012807D04D2101
:100EA000B52001F0F5FE01229A601A6008BD586273
:100EB000FCE700BF00E0104010F0FF0008B5124B47
:100EC00005D001281AD07C21B52001F0E1FE0122D5
:100ED0005A60DA600D4AC3F800011070D3F8082494
:100EE000D2070AD4D3F8682412F0010202BFC3F873
:100EF0001021C3F81821C3F8142108BD00229862FC
:100F0000C3F81C21EAE700BF00E010405D0F01209C
:100F1000014B01221A7070475D0F012008B50B4B81
:100F200028B101280BD0C221B52001F0B1FED3F8C1
:100F3000103113B9064B187808BD0120FCE7D3F82F
:100F40001C01003818BF0120F6E700BF00E0104088
:100F50005D0F0120024BD3F8080400F00100704738
:100F600000E01040024BD3F8480400F00100704745
:100F700000E01040024BD3F84004C0B2704700BFFD
:100F800000E0104007490246D1F84C04D1F84C1457
:100F900010F4803005D0D0B201F003031B1A584280
:100FA0005841704700E01040084B1A7810B50AB15C
:100FB00000221A70EFF3108472B65B7803F0FF0022
:100FC0000BB9FFF779FF04B962B610BD600F0120BD
:100FD00070B5174D012204460E462B18DA7005F045
:100FE00002F9A0B934B1012C0FD040F229116D20C3
:100FF00001F04EFE11232A19012105EB84045171E1
:101000000C4AA660C2F8043370BD8023F3E7002EBB
:10101000FAD034B90220B047002305EB8405AB6059
:10102000F2E7012C01D12046F5E74FF4A271DEE78B
:10103000600F012000E01040044B0022191803EB60
:1010400080034A719A60CA70704700BF600F012028
:10105000014B1882704700BF600F0120014B588A76
:10106000704700BF600F0120014B188A704700BF16
:10107000600F012010B5EFF3108472B6064B0344E5
:101080005A780132D2B25A705B78012B01D1FFF746
:10109000FFFE04B962B610BD600F0120034610B513
:1010A000EFF3108472B611490B445A7822B940F21A
:1010B0005B216D2001F0ECFD5A78013AD2B25A70F2
:1010C0005B7883B90B7D43B1094BD3F80C34DB0358
:1010D00006D44B7803F0FF002BB9FFF7EDFE02E0DA
:1010E000487D01F055FF04B962B610BD600F0120C4
:1010F00000E0104010B505F079F80C4C05F073F8DD
:1011000060B1A37D3BB90A4B01229A610423E375C8
:101110000023237610BD05F06CF8F9E703230122C4
:10112000E375034BC3F80423F2E700BF600F01200F
:1011300000E01040014B01221A62704700E01040AD
:10114000044B587E28B1044BD3F81001B0FA80F05C
:1011500040097047600F012000E0104038B50C4B8B
:101160005D7E5DB901245C7605F040F8094B1022E4
:10117000C3F81051C3F80423DC6138BDFFF7E0FF6A
:101180000028FAD040F297216D2001F081FD00BFC8
:10119000600F012000E01040024BD87D003818BFDE
:1011A00001207047600F012038B5174C237D23B90B
:1011B00040F20A316D2001F06BFD01232370A37D05
:1011C000C3B9A37EB3B1227E013B9A4212DA05F085
:1011D0000AF8054601F076FEA37E012B82BF237E2E
:1011E0000133237655B1E369C31A0133022B09D9C0
:1011F00035B1E061BDE83840FFF77CBF236AF3E713
:101200002062F7E738BD00BF600F012037B5184CEA
:10121000A37D63B9606A00F00300FFF7B3FE30B14D
:10122000EFF3108372B6E27D1AB103B962B603B070
:1012300030BD0122E27503B962B608230D4DC5F831
:1012400008334FF42073ADF80630BDF806309BB27A
:101250005A1E92B2ADF80620002BF6D1C5F80C311B
:1012600084F82830FFF746FF0823C5F80433DEE78B
:10127000600F012000E010402DE9F74F524C237D14
:10128000002B00F09D800323ADF804304F4BD3F8C2
:101290000051D3F81C21003D18BF012522B10122C5
:1012A00045F080058DF80520D3F80881D3F8142186
:1012B00012B9D3F8183173B1444B0026C3F8146146
:1012C000C3F81861C3F81061637E0BB104F091FF9D
:1012D000667605F0FFF83D4BD3F810316BB3637EB3
:1012E0001BB104F086FF00236376637913B10223F8
:1012F0008DF8043045F01005354E0DF1040A334BDE
:101300004FF00009F71EC3F808531AF8010B032821
:101310000AD03B7843B14FF0000B336887F800B038
:1013200013B19847C6F800B009F10103043601373C
:101330004FF00109022BE8D101E0002DDCD1B8F11A
:10134000000F08D0214B0022C3F808210422C3F863
:101350000823FFF75BFF94F82860EA071B4BF6B2FF
:10136000D3F80C7108D5E27D032A05D1A27D82B99C
:101370000422E27501229A61A7B1144B0022C3F83E
:101380000C21E37D042B09D040F26D316D2001F07A
:101390007FFC04F02EFF0223E375EDE70223E375E3
:1013A00004F027FF66B1002384F82830E37D022B88
:1013B00001D1FFF79FFE03B0BDE8F04F04F019BF65
:1013C00003B0BDE8F08F00BF600F012000E01040C7
:1013D000680F012010B5054C606A00F00300FFF7AC
:1013E000D1FD0028F8D0002010BD00BF600F012003
:1013F000F8B5054650B10278022A07D8437842B9B9
:10140000013B1F2B02D88378212B07D96FF01500E1
:1014100087E0002BFAD18378002BF7D1634B4FF490
:101420008042C3F8A020BFF34F8FBFF36F8F604E91
:10143000C3F8A021FD235F4CC6F808330023C6F88B
:101440001C31C6F80031C6F80831C6F80C3163709B
:10145000A370AB886382FFF77DFD10B10123E370B9
:101460006370D6F80C0440F2563310F480302382B7
:101470001BD0FFF74DFD504801F060FD4C4E60233E
:1014800060750022C6F804332B78A978012B6276A8
:101490006262A375A17622761BD0022B12D0CBB14B
:1014A00040F222516D2001F0F3FBC6F81001FFF766
:1014B000EFFC3F4AD2F81031002BFBD00020FFF7A1
:1014C000FBFCD8E704F092FED6F80C34D903FBD528
:1014D00002236362FFF746FD48B3FFF74BFD636AE3
:1014E00003F00303984222D1AB79DBB9FFF772FF17
:1014F000A37E63B12B7853B904F075FE054601F065
:10150000E1FC6FF00043002D4CD0C4E90703012338
:101510004FF4804200202375244BE075C3F8A021CE
:101520001A62F8BD224B0422C3F80423E0E7204BE3
:10153000012200215A61C3F8081194F82410C3F85D
:1015400040141A610422C3F80423AA79002ACFD1D7
:10155000D3F80423520702D440F2D541A2E7174A38
:101560001769116907F0100741F010011161D3F8F4
:1015700008310BB905F073F80D4ED6F8083173B188
:10158000FFF728FF27B90D4A136923F010031361F1
:101590000423C6F808330023C6F80831A8E705F08D
:1015A0005CF8EAE7C4E90730B1E700BF00E100E01A
:1015B00000E01040600F0120A90F050000ED00E0E1
:1015C00038B50E4B04460D461A791AB183216F20A7
:1015D00001F05EFB01280DD803445A790AB10020BE
:1015E00038BD01225A71FFF745FD29462046FFF715
:1015F000EFFCF4E76FF01500F2E700BF8C0F01205D
:1016000070B50C4D04462E791EB19A216F2001F061
:101610003FFB01280BD805446B790BB9002070BD46
:10162000FFF70AFD20466E71FFF738FDF6E76FF011
:101630001500F4E78C0F012010B501B3F0B14FF0A5
:10164000FF33104A1C46E0FB0134944203D9DB21EE
:101650006F2001F01DFB1A0DC3F30F100A4B42EA75
:1016600004324FF22444B2FBF4F100EB024003FBDE
:101670001100B0FBF4F040EA0140013010BD084613
:10168000FCE700BF3F420F00000024F4014B9B68C1
:10169000184700BF8C0F0120014BDB68184700BFC3
:1016A0008C0F0120014B1B69184700BF8C0F0120D4
:1016B00008B5064B1B7923B140F237116F2001F0BA
:1016C000E7FABDE80840FFF76FBD00BF8C0F0120AF
:1016D000034B1A790AB9FFF7C1BC988D704700BF58
:1016E0008C0F0120034B1A790AB9FFF7BDBC988A09
:1016F000704700BF8C0F0120024B1B790BB9FFF71D
:1017000085BD70478C0F0120014B9B69184700BFB6
:101710008C0F012038B51D4C237933B3FFF7C2FF7E
:1017200050B91B4DC5F81001FFF7B0FFD5F81031C7
:10173000002BFBD0FFF7B0FF154B6022C3F804234A
:10174000636A9847002806DB94F82E3023B1012302
:10175000002084F8303038BDFFF7D6FF0028F6DAD5
:1017600040F28D116F2001F093FA0A4BA3610A4BEE
:10177000E3610A4B23620A4BA3600A4BE3600A4B06
:101780002361FFF735FE0028E1D0E4E78C0F01204C
:1017900000E01040D5130500FF6105009911050018
:1017A000ED610500F3610500F961050038B5084BEE
:1017B00004461D7925B140F2E1116F2001F068FA6D
:1017C00000F05CFE2046FFF743FC284638BD00BF12
:1017D0008C0F012008B5074800F03EFE054800F0D8
:1017E00019F801F05DF901F07FF800F035FA0120F9
:1017F00008BD00BFC00F012008B5054B1A781AB10B
:101800002721032001F044FA5860197008BD00BF79
:10181000C80F0120024B986000221A705A6070476E
:10182000C80F0120F7B51E4C2378012BDAB204D083
:10183000022A2ED0012003B0F0BD0DF1070160682F
:1018400000F026FA65686B7DDB071CD5AB7F042BA7
:1018500019D000F095FE0646A8B100F097FE2B695E
:10186000D5E900279A18B36847F100070A332CBF5F
:10187000012500251B1845EB01059342BD4102D30C
:10188000606800F0D3FA0023636023709DF80700BE
:10189000D1E70DF10701606800F004FAF3E700BF3B
:1018A000C80F012073B505460C4600F069FE0646D8
:1018B000AB7F012B1AD021462B4604F1180251F8B8
:1018C000040B914243F8040BF9D101230DF10701F8
:1018D0002846AB7700F0DCF916B1012002B070BDEC
:1018E000034B0421986804F01AFEF6E70020F5E7A0
:1018F000C80F0120024B0621986804F010BE00BFFB
:10190000C80F0120042300F1180283770023037617
:1019100043768376C376044B196811B91A605A600E
:10192000704759680A60FAE7D40F01202DE9F8439F
:10193000174E002407468846B368204633B928B3BB
:10194000144B1878BDE8F84301F022BB53E90615A3
:1019500053F8082CD3F80090521845F10005BA420C
:1019600075EB080510D24CB1226812682260A3F111
:101970001800FFF7C7FF01204B46DFE7B268002AD7
:10198000F5D01268B260F2E71C46F5E7BDE8F883CF
:10199000D40F01207400012000232DE9F0471360CB
:1019A0000646324B986800285DD0A0F1180550E932
:1019B000063CB3427CEB01040AD250F8084CE31811
:1019C0004CF1000C9E4271EB0C043CBF33468C463C
:1019D00050F8104C00270A3447F10000E3184CEB94
:1019E000000C2846D5F81890B9F1000F3BD059E902
:1019F00006E89E4578EB0C0435D290F814A019F84F
:101A0000044CA24526D08CBF01240024F4B105F17A
:101A10001803B645136078EB01030CD259F8083C63
:101A200013EB0E0348F100089E429E4671EB08033B
:101A30003CBFB646884659F8103CA9F118000A3355
:101A400047F1000C13EB0E0348EB0C0CAD6955B1DC
:101A5000183DC7E7B9F80440B0F81CA0A4EB0A048D
:101A6000C4F3C034D2E7BDE8F08700BFD40F012033
:101A70002DE9F04F85B082834F4A04460091D2F899
:101A800008C094F81580D0E90030BCF1000F40D0B8
:101A9000ACF11801002708F00109D1E900269342B2
:101AA00070EB06056ED3B9F1000F2CD0277D0D7DAC
:101AB000AF4228D38D68AD1846F1000615F10A0A29
:101AC00046F1000E534570EB0E0219D22269D2186E
:101AD00040F1000792457EEB070B01D25246774654
:101AE000AA42B7410FD220460024FFF70BFF334B29
:101AF000187801F04DFA009B1C7005B0BDE8F08F1E
:101B00001A460746ECE78A690F4622B1A2F118018E
:101B1000C3E76246674618F0010F38D0A168C918BC
:101B200040F1000B019192B3019DD2E9001615F12D
:101B30000A0E4BF10005714576EB050527D294F8A6
:101B400014E0157DAE4519D395686D1846F1000671
:101B500015F10A0946F100084B4570EB080113D254
:101B60002169C91840F1000E894578EB0E0A01D2AF
:101B70004946C646A9427EEB060EB4D3926932B1FD
:101B8000183AD1E70A46C6E719468646F2E704F155
:101B900018035FB1BA69A261BB6103AA00200021EA
:101BA000FFF7FAFE231A5C425C41A4E7024AC4F83C
:101BB00018C09360F1E700BFD40F0120740001202A
:101BC000F8B5244C0023E360EFF3108272B621686D
:101BD0006360E160236002B962B60026E36803B97E
:101BE000F8BD9A79A3F11800032A07D11A680121D8
:101BF0009E7153F80C3CE2609847EFE7196851B1C9
:101C0000A1F11803074600229D7F042D09D09B7F78
:101C1000032B02D1B2B9E16017E063219F2001F0EC
:101C200037F8B0F81CC09D8BA5EB0C052D049D6901
:101C300044BF07F118021846002DEBD01F46A5F14E
:101C40001803E1E713681B681360C36802218677F5
:101C5000D2E700BFD40F012010B50A4C2378FF2B28
:101C600004D04FF483719F2001F012F8064801F070
:101C700065F9064B002220709A601A605A601A8239
:101C800010BD00BF74000120C11B0500D40F01204E
:101C9000034B1A8A10B4541C1C8210BCFFF7E8BE18
:101CA000D40F012037B504460D4601AA00210020BB
:101CB000FFF772FE231A04F11801584258412870A8
:101CC000044804F052FC10B100230120A37703B0B4
:101CD00030BD00BFDC0F012038B5114B044600F1C8
:101CE00018011A68B2B11A6800209AB191420ED157
:101CF00008B1A56905601D68A94204BF12681A6091
:101D00005A68914200D158600023A37707E010463B
:101D10001268EAE7034804F028FC0028F4D138BD33
:101D2000D40F0120E00F012037B505460C46FFF720
:101D3000FDFD01AA28462146FFF72EFE28B100F13D
:101D40001803034A536103B030BD0346F9E700BFEF
:101D5000D40F012010B5064C616904F1080004F0AD
:101D600004FC18B1606900231838636110BD00BF1E
:101D7000D40F01209C46144BF0B59D68FDB115F8B9
:101D8000043C183D834218D812F10A04D5E9003604
:101D90004CF10001A34276EB01070BD22F69FF182B
:101DA00046F10006A7428E4107D3B4F10A0041F183
:101DB000FF31F0BD1C463146F7E7AD69DEE74FF075
:101DC000FF300146F5E700BFD40F012008B5837F3F
:101DD000022B1CD1437D13F0020302D00023837732
:101DE00008BD0322037643768376C3760D4B827754
:101DF00000F11802196839B91A605A600A4B18784C
:101E0000BDE8084001F0C4B859680A60F5E7837F6F
:101E1000012BE5D0837F042BE2D04FF4FA719F2091
:101E200000F036FFD40F01207400012010B500F13E
:101E300018010446084804F098FB20B94FF4FF71DC
:101E40009F2000F025FF2046FFF75CFD034BBDE817
:101E50001040187801F09CB8DC0F012074000120BC
:101E60002DE9F74FD0F810E0BEF1000F04D040F29A
:101E70001D219F2000F00CFF836890F814800193CF
:101E8000D0E90014EFF3108972B6274BB3F810C0F5
:101E90009B686BB1019D183B0A35D3E900264EF1D2
:101EA000000A6D1844EB0A0A95427AEB060707D23E
:101EB000B9F1000F35D0C0E9001403B0BDE8F08FD0
:101EC0008A4276EB04070CD31F69BF1846F1000B5A
:101ED000AF427BEB0A0B34BF0125002575B99B6926
:101EE000D7E712F10A0A9D6846F1000715EB0A05CB
:101EF00047F10007A94274EB0707ECE71D7DA845F1
:101F000009D0ECD912F10A019D6846F10004691864
:101F100044F10004E3E79D8BA5EB0C052D04DED511
:101F2000F0E762B6C7E700BFD40F0120034B187873
:101F300000F0FD00431E584258417047F00F012049
:101F4000024B0521586804F0EABA00BFF00F0120E7
:101F500038B5FFF7FFFE002580B1094CC4E9020542
:101F6000256100F0DFFCA068022329468377C3685F
:101F70009847D4E9060104F068FA012038BD00BF93
:101F8000F00F0120064B986810B520B94FF424716A
:101F9000B02000F07DFEC3680521BDE81040184761
:101FA000F00F01202DE9F74F2F4C814694F8243093
:101FB000266A002B3AD1FFF7B9FF804618B1E38CAF
:101FC0009E4238BF1E4600F0A9FD83190F46054604
:101FD00041F100011846CDE90013FFF7A5FE40B31B
:101FE000019B0099D0E900AB534571EB0B0205D280
:101FF000BAEB0605534659466BF1000728461B4AC3
:10200000C4E9063100233946C4E90A57236300F0C6
:1020100059FD5046594604F059FAB8F1000F02D064
:10202000E38C9E421DD00223114A13E04FF00008BA
:10203000C9E794F8243033B12378023B012B02D84E
:10204000636B01209847002584F8245004F03FFA80
:102050002B46084A84F83830C9F8002003B0BDE8A0
:10206000F08F0123E0E700BFF00F0120411F0500C2
:10207000A52105004F6405002DE9F04780460F4675
:102080009146444C002B6FD04FF0000AD3E9006515
:10209000C4F830A0864275EB01033CBF0D460646EE
:1020A00029463046C4E9066504F010FAE38CB6EB25
:1020B000080803F1640365EB070743455346BB413A
:1020C0000FDA94F824304BB12378023B012B02D86D
:1020D000636B01209847002384F82430FFF726FF24
:1020E0008246236A03F5E173984577F100071CDA0D
:1020F000BAF1000F10D0E08C274A301A65F10001C8
:10210000C4E90A0100F0DEFC0623244A84F83830D2
:10211000C9F80020BDE8F0871F4A30462946C4E9C7
:102120000A6500F0CFFC0523EFE704F0D2F9FFF7D2
:10213000B3FAE08C236ABAF1000F0BD0984209D9A8
:10214000301A154A65F10001C4E90A0100F0BAFC31
:102150000123DAE7F01A104A65F10001C4E90A0127
:1021600000F0B0FC0223D0E794F8243033B1237898
:10217000023B012B02D8636B01209847002584F8AD
:10218000245004F0A6F9FFF787FA04F0A0F92B46D3
:10219000034ABBE7F00F0120411F0500A521050000
:1021A0004F640500023970B50546032900F20D8120
:1021B000DFE801F006020840854B002283F8392051
:1021C000002024E0824C94F83830042B09D8022BEC
:1021D00028D8013B012B1BD940F27911B02000F027
:1021E00057FD053B012BF7D8FFF71CFB0028E7D074
:1021F00000F084FC00F092FC06460C46FFF794FDCC
:102200002A46034621463046FFF736FF022070BDBE
:10221000FFF708FB0028D3D000F070FC2846FFF73A
:10222000C1FEF3E7FFF7FEFA0028C9D0012384F8C6
:102230003930C5E7664C94F83830013B052B00F285
:10224000C180DFE803F0032956788097FFF76EFE20
:1022500010B194F8240010B140F28311BEE7636B13
:102260009847012384F8243000F058FCA36A594AA7
:10227000C01A236B9842ACBF2063236304F118009B
:102280000BC8C01A61F10001C4E90A0100F01AFC90
:10229000022384F8383093E704F01AF9FFF7F6F9CF
:1022A00000F03CFCA36AC21A236B9A42B8BF1A46DC
:1022B0002263FFF73BFED4E9063168B194F82400AD
:1022C00050B9E28C981A434A61F10001C4E90A014D
:1022D00000F0F8FB0323DCE7323B41F1FF319818B3
:1022E00041EBE2713B4AC4E90A0100F0EBFB042335
:1022F000CFE7FFF71BFE10B194F8245015B14FF44F
:10230000DA716BE700F00AFCA36AC01A236B9842EB
:10231000ACBF206323632846636B98470123D4E94D
:10232000060184F824303238236B41F1FF31C018A4
:1023300041EBE371D6E700F025FB78B194F8393032
:10234000002B7FF457AFFFF703FE00283FF452AF96
:10235000002384F83830204B2B6057E70020002101
:10236000FFF7E2FC08B1FFF761FD04F0B2F8FFF7F8
:1023700093F953E7FFF7DAFD10B194F8245015B143
:102380004FF4FD712AE700F0C9FBA36AC01A236B62
:102390009842ACBF206323632846636B98470123B0
:1023A0000C4A84F82430236BD4E90601323841F119
:1023B000FF31C01841EBE371C4E90A0100F082FB70
:1023C000052366E74FF4047108E740F2152105E79D
:1023D000F00F0120411F0500DD23050002392DE922
:1023E000F041064604292FD8DFE801F0030A0C2E3D
:1023F0000F00184A1378003B18BF012382F82430DD
:1024000000201FE0FFF70EFAFAE7DFF8488000F03F
:1024100099FA00F083FB0C460546FFF785FC07465A
:10242000D8F80800FFF7D2FC002300222846C8F89D
:10243000083000232146C8E906233B463246FFF711
:102440001BFE0220BDE8F08140F23B21B02000F0ED
:102450001FFC00BFF00F0120064A002310B5064CF8
:102460000260606084F838302370FFF73BF9323047
:10247000206210BD4F640500F00F012008B5074B26
:102480005A681168064A914204D040F27521B02082
:1024900000F0FEFB3230186208BD00BFF00F0120D3
:1024A0004F64050010B5EFF3108472B6034B04219E
:1024B000586804F034F804B962B610BDF00F01207A
:1024C00008B5094B9A6822B940F29621B02000F075
:1024D000DFFBD3E90621BDE808408018034A41F13B
:1024E000000100F0EFBA00BFF00F0120851F0500CA
:1024F00008B5064B9B6823B94FF42771B02000F054
:10250000C7FBBDE8084000F0F9BA00BFF00F01209A
:1025100008B5054B9A6822B940F2A221B02000F01C
:10252000B7FBD86008BD00BFF00F012008B5054B10
:102530009A6822B94FF42A71B02000F0A9FB186103
:1025400008BD00BFF00F0120054B1B6910B523B972
:1025500040F2AE21B02000F09BFBBDE810401847D0
:10256000F00F0120054BDB6810B523B94FF42D7136
:10257000B02000F08DFBBDE810401847F00F01209F
:10258000014B9868704700BFF00F012008B5054B5C
:102590009A6822B940F2BF21B02000F079FBD3E95C
:1025A000060108BDF00F012008B5FFF7BFFC08B118
:1025B000014BD88C08BD00BFF00F01200028ADBF33
:1025C00000F1604000F00F00044B00F56140B4BF23
:1025D000185C90F800034009704700BF14ED00E05C
:1025E0002DE9F04105460E46E1B9114F3B681BB19C
:1025F0008621452000F04CFB38600E48FFF788FF2D
:102600000D48FFF793FF03F0BCFE6B7D04465B07AC
:1026100008D503F001FE0A34241A7C6000F090FA19
:102620000028FBD02B6A3146686ABDE8F0411847A4
:10263000301001205D2605003D260500064B1B6875
:1026400010B51BB97221452000F022FB1A6A042143
:10265000586ABDE81040104730100120064B1B6837
:1026600010B51BB96C21452000F012FB1A6A03213A
:10267000586ABDE81040104730100120024B00227C
:102680001A601A81704700BF3010012008B5074B4F
:102690001A681AB9B921452000F0FAFA0449D16044
:1026A00000221A60BDE80840FFF724B9301001206D
:1026B000E125050030B587B00C46182200210546FB
:1026C000684604F056F8637A4FF000026168C3F37D
:1026D0008003029183F0010363F38202237A8DF871
:1026E0001430224B8DF81520039323785BBB9DF8A3
:1026F0001500D4E904324007CDE9003207D50A3B82
:1027000001F10A0142F1FF320291CDE90032637A10
:1027100069469DF81520C3F3400322F003025B00D5
:1027200043F0010313438DF81530114B5868C0F383
:102730000800B8B11038FFF741FF98B92846FFF7F5
:10274000B1F807B030BD2369049303F05FFD9DF835
:1027500015305B0744BF029B0A33CDE9000148BF37
:102760000293D4E7284603F05DFDEAE7E125050082
:1027700000ED00E008B50A4B02465868C0F30800B7
:1027800040B11038FFF71AFF20B91046BDE80840E5
:1027900003F08EBD1046BDE8084003F05ABD00BFEF
:1027A00000ED00E070B50B7886B023B140F21F2138
:1027B000452000F06DFA4C7A4FF000060593C4F303
:1027C00080034D6883F00103029563F382060B7A60
:1027D0008DF814300F4B8DF8156076070393D1E90F
:1027E0000431CDE9003107D50A3B05F10A0541F175
:1027F000FF310295CDE900319DF81530C4F3400456
:102800006946049264F341038DF8153003F00AFD24
:1028100006B070BDE12505007FB503F0F7FC00238D
:1028200005930B4B039340F21E2302934FF0FF33AB
:10283000CDE90001694607480493FFF733F818B95A
:10284000B021432000F024FA07B05DF804FB00BF7C
:102850007D2805006810012010B5074C94F8203041
:102860004BB9FEF71FFF30B9012384F82030BDE8D3
:102870001040FFF7D1BF10BD6810012008B5052931
:102880002DD8DFE801F0032E282C2C0D03F0BAFC24
:10289000144803F078FD1E38BDE8084003F0B8BCCA
:1028A000FEF700FF38B10F4B002283F82020BDE86F
:1028B0000840FFF71FB803F0A7FC08B903F0A2FC1B
:1028C00000214FF4007003F02EFD0028E0D1CE214E
:1028D000432000F0DDF9BDE80840FFF79DBFDA2195
:1028E000F6E708BD681001204FF000430B4A0021B5
:1028F000C2F88030A2F58022C2F88031012302F5AF
:102900007832C2F80435A2F58022C2F804352022BC
:10291000034B184683F8201003F02BBF00400C40F7
:102920006810012008B510F053FE054AD2F8583758
:1029300043F00103C2F85837BDE80840FFF78CBFE9
:1029400000200E4008B510F049FE0B4AD2F8583767
:1029500023F00103C2F858370122084B5A604FF0A8
:10296000FF32C3F808232022054BC3F89021BDE8AD
:10297000084000F0C3B800BF00200E4000500840DF
:1029800000E100E008B5FEF78DFEB0B90D4BD3F8BD
:1029900000314BB90C4A536A0133312B53620BD9C6
:1029A0008121432000F074F903F02EFC08B1852149
:1029B000F7E703F025FC012008BD034B00225A6213
:1029C000F9E700BF00E010406810012040F202511A
:1029D000014808B500F052F9BCF50600184820225D
:1029E00008B5C0F89020BFF34F8FBFF36F8F154B22
:1029F000C0F89021D3F8041521F00301C3F80415A1
:102A0000D3F8081541F00301C3F8081592FAA2F1B2
:102A1000B1FA81F1092904DD40F29F310A4800F042
:102A20002DF9C3F8101501215960D9604FF000410C
:102A3000C3F880104FF0FF31C3F80813026108BDDE
:102A400000E100E000500840BCF50600124B4FF4D6
:102A5000E062C3F838230022C3F8AC25C3F8BC25D4
:102A6000C3F8CC25C3F82021C3F82421C3F82821BA
:102A700020220A4BC3F89C21C3F89C20BFF34F8F40
:102A8000BFF36F8FC3F89020BFF34F8FBFF36F8FEB
:102A9000C3F89021704700BF00200E4000E100E025
:102AA00008B5FFF7D3FF054B4FF4A062C3F83423FA
:102AB0002022034BC3F89C21DA6108BD00200E40A0
:102AC00000E100E00B4B10B51C681CB14B21042049
:102AD00000F0DEF8B1F5801F1A6001D3FFF776FF32
:102AE000054B0122C3F8A005C3F8A415C3F8AC2513
:102AF00010BD00BF9010012000200E40054A136851
:102B000033B100230449C1F8AC35C1F8203113605A
:102B1000704700BF9010012000200E4030B54FF0EC
:102B2000FF30064C6FF04041D4E90023904271EB36
:102B30000305F9D31046C3F3130130BD30270E400F
:102B400008B5FFF7EBFF044BD3E90223904299410C
:102B50002CBF0120002008BD9010012010B5FFF708
:102B60003DFF0F4C0023C4F8BC35C4F82431FFF7F7
:102B7000D5FF0A3041F10001B1F5801F01D1FFF707
:102B800025FF4FF00043C4F8B005C4F8B415C4F8ED
:102B9000A4310123C4F8BC35024BC3E9020110BDC6
:102BA00000200E4090100120144BD3F8342312F46F
:102BB000A06F10B503D1FA21042000F069F8D3F812
:102BC000202162B100220E49C3F8AC25C3F82021B0
:102BD0000B6813B94FF48171EEE70A609847074B11
:102BE000D3F828214AB10022C3F8CC25C3F8282104
:102BF000034BBDE810401B69184710BD00200E4074
:102C000090100120014B1879704700BFA8100120D7
:102C1000044B1A79824283BF1B68602202FB00309A
:102C200000207047A8100120BFF34F8F0549064BC5
:102C3000CA6802F4E0621343CB60BFF34F8F00BF5A
:102C4000FDE700BF00ED00E00400FA05094B01229A
:102C50005A604FF0FF32C3F808234FF40062064B6E
:102C6000C3F88820BFF34F8FBFF36F8FC3F888215D
:102C7000704700BF00B0044000E100E008B572B644
:102C8000024B5B6803B19847FFF7CEFFB0100120FD
:102C90001FB572B6144B5C6894B9FFF7C5FFB2FB61
:102CA000F6F22B465D1C002AF9D1DBB203F11005C8
:102CB0006D4405F80C2C0A2233B901A8A047ECE7B3
:102CC000024600230A26EDE7013BDBB203F11005C3
:102CD0000DEB0506B0FBF2F502FB1500303006F8EF
:102CE0000C0C2846E8E700BFB0100120F8B5234FD0
:102CF00005460C4616463B78002B3CD103F072FA91
:102D00007E601F4B01263C814FF48062C3F8A460B3
:102D10001C4BC3F89020BFF34F8FBFF36F8FC3F8E6
:102D20009021FFF793FF184B002D14BF284618463B
:102D3000FEF7F0FC0546E0B9FFF7A0FCFEF7DCFC6F
:102D400003F0DCFBFEF746FD18B9B8211120FFF7B0
:102D50009FFF002C0BDB04F01F036409A4009E40BE
:102D600004F1604404F56144C4F8806126600123E5
:102D70003B702846F8BD4FF0FF35FAE7B010012050
:102D800000A0084000E100E090C00600074BB3F946
:102D90000830002B09DB5A09012103F01F03994079
:102DA00002F14003024A42F823107047B01001209C
:102DB00000E100E0014B1878704700BFB01001201F
:102DC0002DE9F84F0746894693469846374CDFF879
:102DD000E0A0384D2E780136F6B2D5E84F3F0133EA
:102DE000DBB2C5E8403F0028F7D101216160C4F89B
:102DF0000001C4F80401EFF3108072B62E4BC5F841
:102E00000490AB60C5E905B33B68C4F810357B6836
:102E1000C4F81435BB68C4F81835FB68C4F81C3511
:102E2000264BC4F830351033C4F83835216000B96A
:102E300062B6D4F800312BB9D4F8043113B92B7829
:102E40009E421CD0B8F1000F09D00A9B3BB1D4F8C8
:102E500040350A9AC8F80030D4F83C351360D4F8ED
:102E60000431002BB5D12978B142B2D1C4F8003178
:102E7000C4F804310323C4F80833BDE8F88FDAF846
:102E80001030DB06D5D503234FF40061C4F80433BA
:102E90000B4BC3F88811D4F80031002BC9D1D4F8FA
:102EA0000431002BC5D103F0D8FBC2E700B00440C9
:102EB00000ED00E0BC1001201000000BC01001204C
:102EC00000E100E01A4B4FF4000270B5C3F89820FF
:102ED000BFF34F8FBFF36F8F164C0021164DC4F810
:102EE0000011C3F898212E692B6906F0100643F0F3
:102EF00010032B610123C4F804332360D4F800319C
:102F00009BB11EB92B6923F010032B610123D4F868
:102F100008054FF400026360C4F808330023C4F8C6
:102F20000031034BC3F8982170BD03F096FBE5E731
:102F300000E100E000700D4000ED00E038B50B4905
:102F4000042301EBC302157905F0FF042DB1013B09
:102F5000F7D240216920FFF79BFE41F833000121A1
:102F60005471D8B29471117138BD00BFE0100120C6
:102F7000042808B503D947216920FFF789FE034BD0
:102F8000002203EBC0031A7108BD00BFE01001204E
:102F9000042808B503D950216920FFF779FE094BB1
:102FA00003EBC0000379012B01D05121F4E74379F1
:102FB00082790133DBB29A4218BF4371BDE8084001
:102FC000FFF7E4BEE010012038B505240F4D95F859
:102FD000281005EBC1031A79012A09D158799A7989
:102FE000904205D05A79D2B29A7155F8313098474B
:102FF00095F82830013C0133DBB2052B28BF0023B4
:1030000014F0FF0485F82830E1D138BDE01001202C
:10301000094B0A4AC3F800230132C3F80C230132DA
:10302000C3F818230132C3F820230132C3F81C234C
:103030000132C3F81021704700A00840040000804E
:10304000074B0022C3F80023C3F80C23C3F818234E
:10305000C3F82023C3F81C23C3F81021704700BF16
:1030600000A00840844641EA000313F0030359D14D
:10307000403A33D3F0B4F0C9F0C0F0C9F0C0F0C9A1
:10308000F0C0F0C9F0C0403AF5D2F0BC26E0403ABA
:1030900024D300BF0B6803604B6843608B68836078
:1030A000CB68C3600B6903614B6943618B698361C2
:1030B000CB69C3610B6A03624B6A43628B6A8362AA
:1030C000CB6AC3620B6B03634B6B43638B6B836392
:1030D000CB6BC36340304031403ADBD230320BD34C
:1030E0000B6803604B6843608B688360CB68C36088
:1030F00010301031103AF3D20C3205D351F8043BA2
:1031000040F8043B043AF9D2043208D0D2071CBF7D
:1031100011F8013B00F8013B01D30B8803806046A6
:10312000704700BF082A13D38B07B0D010F00303F9
:10313000ADD0C3F10403D21ADB071CBF11F8013B69
:1031400000F8013BA3D331F8023B20F8023B9EE795
:10315000043AD9D3013A11F8013B00F8013BF9D206
:103160000B7803704B7843708B78837060467047A0
:10317000B5670500C1670500C5670500CD67050097
:10318000D167050053B94AB9002908BF00281CBF00
:103190004FF0FF314FF0FF3000F00CB8ADF1080CEC
:1031A0006DE904CE03F026FBDDF804E0DDE902233F
:1031B00004B07047704700BF08B5F7F755FBF8F744
:1031C000F7FFF7F73FFA002008BDF8F783BF01F0DB
:1031D000DEB801F0DFB801F0D7B8034602220020C4
:1031E0001A70052258709A70FC22D8705A715122B8
:1031F00018719A717A22DA716FF016021A725822D7
:103200005A722C229A726F22DA72704700F0A6BEB0
:1032100070B50446FCF750FD012805461AD1601C24
:10322000FCF752FDB0B1A3790020E61D63F03F0327
:10323000A371F9F7BBF838B110220021304603F032
:1032400098FA0020257070BD3046FCF751FD00282B
:10325000F2D0F6E70025F4E710B50446102200216D
:1032600003F087FA04F1100310220021184603F03E
:1032700080FAFCF757FD0020F9F798F820B12046B6
:10328000FCF736FD002010BDFCF716FD0028F6D037
:10329000F8E710B50446FFF715FEB0F5007F09DA30
:1032A00010F5007F08DD031EB8BF03339B1000201C
:1032B000237010BD7F23FAE76FF07E03F7E7817874
:1032C000008801F017B837B505460C4600880DF1A7
:1032D000060100F044FF2B882380BDF80630638090
:1032E00003B030BDF7B504462046F9F7B9FC022813
:1032F00005462ED004282CD12378072B18D13E2048
:10330000F7F7C6FA78B9E37801A92279684643EA63
:103310000223ADF8003000F0A2FF0028E4D05321D2
:103320000820F7F753F90520F7F7F6FA0028EAD056
:10333000204600F013F82678A7783046F7F7A8FA69
:103340000028D1D03E2E04D13846F7F7E5FA002800
:10335000CAD0284603B0F0BD01F00CBD10B503780B
:103360000446192B12D89BB1013B182B10D8DFE86B
:1033700003F014190F444A50565C606272780F0FC4
:103380000F1D666C7C82888E949AA000FF2B33D030
:103390004FF4EF71C720F7F719F90C2303700823D6
:1033A000637029E01A2303700123F9E72920F7F756
:1033B000B3FA30B13E232370222363702923A37014
:1033C0001AE00A20F7F7A8FA3E23237018B11F234A
:1033D00063700A23F3E70123A37013236370E37977
:1033E00003F00103E371D4F81A30C4F80E30E38B14
:1033F000638294F82030237510BD3E2303700423AC
:1034000043701423DBE73E2303700C234370042333
:10341000D5E73E2303700A2343700323CFE73E23FF
:1034200003700D2343700523C9E70523237004238C
:10343000B6E70823FAE7302303700323B0E73E23FF
:1034400003700B2343700723B9E73E230370062361
:1034500043700C23B3E71323037083789B0001337D
:103460009EE75723037002239AE73E230370062347
:1034700043701223A3E73E230370092343701323F1
:103480009DE73E23037005234370202397E73E23E7
:10349000037009234370212391E7FF2303700B235B
:1034A0004370A2238BE7FF23037005234370A323FC
:1034B00085E7FF2303700D23437080237FE708B562
:1034C00010B96FF0150008BDFFF746FF0028F8D0CF
:1034D0000020F8E710B50C4648B141B1FFF702FFF4
:1034E000002820700CBF6FF02200002010BD6FF08C
:1034F0001500FBE7F8B5941C0E46054617460C442C
:103500006343B3F5004FA8BF4FF0FF3310F0030142
:103510009CB203D0B0211420F7F758F8B4F5004F4F
:1035200001D9B121F7E71422043003F022F9EF7436
:103530006C802E80F8BD38B50388C4888B4205891D
:10354000C4F30E0203D2D1211420F7F73FF884EA26
:103550000503C3F30E030BB9AC4206D102F1180305
:103560000122C1528274184438BD1846FCE702316A
:1035700001444A43B2F5004FA8BF4FF0FF3290B26A
:103580001B3020F00300B0F5004F34BF00B24FF005
:10359000FF30704740881B3020F00300B0F5004F2B
:1035A00034BF00B24FF0FF3080B2704738B50388A7
:1035B0008B4203D2F7211420F7F708F8857C65B118
:1035C000C388C3F30E031833C25A8A4207D3C152C9
:1035D000811DF7F7B1F900238374284638BD002513
:1035E000FBE703461830F0B59E88DD88B4B2C6F319
:1035F0000E06A54214D05F89DD7C845B3D44E41B4C
:103600000235A4B2354428440D88A54284BF0C80FD
:1036100025465989B1FA81F149091170DD81F0BD62
:1036200000252846FAE7F8B582880026C3890446B3
:103630000D4692B20E60CBB14189C2F30E020B442B
:1036400018329BB28718825A4381934204D94FF4AF
:10365000A2711420F6F7BAFF04D1011DF7F76CF937
:1036600046812F6000230120E381F8BD1846FCE766
:103670008388014602899BB29A4202D00831F7F74B
:103680005BB970478388C0889BB2C31A58425841BF
:103690007047828873B595B2C488C2F30E02AC42FB
:1036A00002F1180212D04189C689835A31449942E5
:1036B0000EDB0DF10601ADF80650F7F73DF9BDF848
:1036C0000600001B18BF012002B070BD0020FBE700
:1036D0000120F9E770B5C488034606891830C4F3A1
:1036E0000E0584EA0602C2F30E020AB9B4420FD1F3
:1036F0009C891A880CB1465B921B914207DCDA7CEC
:103700002C440232224410440A461A8270BD002220
:103710001046FAE7F8B5038A002B38D08B4236D32F
:10372000C48800F118038589C4F30E041E1995B9E5
:103730001D55757085891E5B0D443144ADB2858180
:103740001953D2B1811DF7F7F7F8002383810023C5
:1037500003820120F8BD1E5BAE4204D04FF4F67127
:103760001420F6F733FFC57C2644878A023535449A
:103770005E195F53857DB570DCE7C27C254402325B
:103780002A4499189B5A83828B788375DFE700203F
:10379000E0E78388C2889BB29A4206D0428922B968
:1037A000C3F30E0318331844704700207047C37CDE
:1037B0000233C81870470230704738B58388C28812
:1037C0009BB29A4207D045892DB9011DF7F7B4F88D
:1037D000C581012038BD0020FCE703881380C38821
:1037E000C3F30E031833034480890B6070470368EA
:1037F000002223B9C0E90132031D036070475968F4
:103800001B680A44F5E70729034670B504D84FF44E
:10381000EC711520F6F7DAFE0068C0B14468064680
:103820001A688C4210D0106860B901F10805AC42EA
:103830000DD3546850501868651A541800686560B4
:10384000505002E01346E9E7146830461C6070BD32
:103850000023C1E9003203680B600160704730B596
:1038600090B18478B1FBF4F304FB131300EB430233
:1038700052898A4201D1D8B230BDC27822B900F152
:103880000803D0B2844201D8FF20F5E733F8025F85
:1038900001328D42F5D1EFE78278038805324B4340
:1038A00003EB42031844704737B500240546CDE9C1
:1038B00000448DF806006846ADF80440F7F710FAAA
:1038C000BDF8044008B103B030BD29462046F7F7E3
:1038D000E3F90028EFD040F235211720F6F776FE05
:1038E00070B51E460D460921FFF741FE04463246DB
:1038F00009212846FFF73BFE40EA04031B0454BF9E
:1039000000194FF0FF3070BD01230370704710B5F0
:10391000FF238B70C2F3800301245B00DBB2CA1863
:10392000127D032A08BF0133CA18147503F10C0471
:10393000002201EB830321F814205B688A70036086
:10394000828010BDF8B50C46054611461E4684F02F
:1039500001046400E4B2FF23837003191B7D012B73
:1039600005D00134E4B203191B7D012B0AD105EB0C
:1039700044073B8B3A8C9819904205DD00232C4478
:103980003B8323750020F8BD05EB84043246606854
:103990001844FFF767FB3B8B1E443E830023AB704C
:1039A0000120F0E781F00101490010B5C9B2FF2301
:1039B000837043181C7D012C07D10C3120F8112095
:1039C00002221A750023837010BD0131C9B2431859
:1039D0001C7D012CF1D04FF499710920F6F7F6FD0A
:1039E000024630B5837803F0FF00F3B9137D022B54
:1039F00019D0537D022B15D10346012089B1002433
:103A0000D5180C332C7522F81340131803241C7599
:103A100002EB80035B680B6000F10C0332F813309B
:103A20008B80012030BD0123E8E70020FAE7034640
:103A300030B5827802F0FF00E2B99A7D022A17D0F1
:103A4000DC7D022C13D1032281B11D1900200C341E
:103A5000287523F8140098180324047503EB8200DA
:103A60000C32406833F8123008608B80012030BD82
:103A70000324E9E70020FAE7037D012B01D1008B45
:103A80007047437D012B0CBF408B00207047837D26
:103A9000012B01D1808B7047C37D012B0CBFC08BE4
:103AA00000207047027D022A01D1008B7047437DC0
:103AB000022B01D1408B7047032AF6D0032BF9D09B
:103AC00000207047827D022A01D1808B7047C37D20
:103AD000022B01D1C08B7047032AF6D0032BF9D0FB
:103AE00000207047F7F7EAB9F7F730BA10B5044687
:103AF00038B1F8F787FB24EA0000B0FA80F04009FB
:103B000010BD0120FCE7002307B5CDE900330123F8
:103B10008DF806306846F7F7E3F808B1002004E0B6
:103B2000009801F099FF0028F4D003B05DF804FB81
:103B30001FB5002240F6881303A90092FDF712F981
:103B400005B05DF804FB2DE9F0410F46B0F85A606E
:103B5000B0F85C5001F05DFE0221044600F0E5FE85
:103B600080460221204600F0E0FE464540F648032C
:103B700028BF4646B6B21B2E38BF1B26FB2E28BFD9
:103B8000FB26854228BF05467E80ADB21B2D38BF7F
:103B90001B25FB2D28BFFB25B4F5A47F38BF4FF4B0
:103BA000A474FD809C4228BF1C46BC803C81BDE8BB
:103BB000F0812DE9F04186B00546008801A900F0AA
:103BC000EDFE044600286FD1029A92F84631D91EC4
:103BD0004B424B418DF80230936F98064ABF9DF8D7
:103BE0000230234683F001038DF8033092F8D4307D
:103BF0009B0603D49DF80330002B5BD0EB881B3B66
:103C00009BB2E02B58D8298944F24810A1F5A4733F
:103C10009BB2834250D86B881B3B9BB2E02B4BD8A6
:103C2000AA88A2F5A4739BB2834245D840F6480700
:103C3000B94243D8BA4241D8029E4FF0FF0886F8F5
:103C40001B819DF802309BBB03A93046FFF77BFF29
:103C50006A88BDF81230BDF814109342E88828BF76
:103C60001346B942AA88A6F8203128BF3946BDF8C4
:103C70000E30834228BF03462889A6F81C31BDF8C0
:103C80001030BB4228BF3B46834228BF03468A42CE
:103C9000A6F81E31134628BF0B46A6F8223186F837
:103CA0001A81002386F81B31204606B0BDE8F0815A
:103CB0003A24F6E71A24F7E71224F5E71124F3E78C
:103CC00010B5FFF720FF60B1F7F7D0FE044602F011
:103CD00006F840B9204601F0FEFF80F00100C0B2B6
:103CE00010BD0120FCE70020FAE72DE9F04385B084
:103CF00006468846008802A900F050FE054640BBF3
:103D0000039C94F8593103F0FF051BB1B8F102058B
:103D100018BF012594F88630262B94F8D53043EA55
:103D2000D3030CBF85F001094FF00009DB0702D473
:103D3000B9F1000F3BD0B77817B9F8F763FA074627
:103D4000F078B0BBF8F75EFA3FB9B9F1000F29D1AE
:103D50000925284605B0BDE8F0830028F5D0FF23EB
:103D600084F825310DBB94F8243103F0FF05E3B945
:103D700084F8270101A984F82481204684F826715B
:103D8000B3788DF80430F3788DF805303379727993
:103D900043EA0223ADF8063000F0D6FD002384F894
:103DA0002531D6E700200746D9E73A25F6E71A2558
:103DB000CFE7002FD3D1C8E7406890F8AA3123B1EC
:103DC000002380F8AA3101F039BD704710B503789F
:103DD0000446012B01D9122010BDFFF794FE58B9FB
:103DE000207810F0FD000DD104F11703E21D611CD5
:103DF000BDE81040F8F74EBCF8F7DEFC0028EFD025
:103E00000C20E9E7A37903F0C003C02BE3D1012024
:103E1000EAE710B503780446012B0DD8FFF773FECF
:103E200060B9214611F8010B00F0FD00003818BF01
:103E3000012000F01DFD38B9122010BDF8F7BCFCC0
:103E40000028EED00C20F8E70020F6E708B500883F
:103E5000F8F7B8FC00280CBF3020002008BD38B5AA
:103E60000546FFF750FE044638B92878003818BFD9
:103E70000120F8F79BFC204638BD0C20FCE708B574
:103E8000FFF741FE18B9F8F781FC002008BDF8F7EC
:103E900093FC0028F7D00C20F8E7082303700020DB
:103EA0007047112243F21F030270C2705922A0F81A
:103EB00001308280C38000207047082108B5F6F7E2
:103EC000C5FC002008BD73B5064600880C46088076
:103ED000694680B200F062FD054640B9B3784BB93F
:103EE000019B93F97000A070FBF79EFDA07028461F
:103EF00002B070BD7F20FFF71BFEF4E710B504464B
:103F00006FF07F00FFF714FEFBF78EFD20707F201F
:103F1000FFF70EFEFBF788FD6070002010BD10B5A6
:103F20000446F7F7A3FD01F0D3FEFBF77DFD2070FB
:103F3000002010BD0A4600F1100108B5072302F069
:103F400082FB002008BD10B5014604460020F8F7AA
:103F500013FA08B92060A080002010BD10B50446F7
:103F6000F8F720F928B900202146F8F7EDF90020EC
:103F700010BDFFF7A5FE0028F5D10C20F8E710B51D
:103F80000446FFF79DFE28B101202146F8F7DCF931
:103F9000002010BD0C20FCE737B500880C460D460C
:103FA000694624F8020B80B200F0F8FC70B9019B5E
:103FB00003F18E0283F8BF0011682160117921712D
:103FC00093F8BF100029F5D103B030BD0023C5F828
:103FD00002302371F8E7FFF7ECBD1FB502880A80B5
:103FE00044F2902183888B4215D840F64801ADF801
:103FF0000420428801A88B42ADF8062028BF0B465A
:10400000ADF80A20ADF80830ADF80C30FFF7D1FD5F
:1040100005B05DF804FB1220FAE737B508800D46BD
:10402000694600F0BBFC044618B929460198FFF721
:104030008AFD204603B030BD0346482100200822F7
:1040400010B56FF00404587099701C70DA701C7110
:1040500058719971DA7110BD10B50446FFF753FD20
:1040600078B92146E27911F8010B00F0FD00003823
:1040700018BF0120F8F76AFC80F001004000C0B2D0
:1040800010BDF8F799FB0028EBD00C20F8E713B52A
:1040900000880C460880694680B200F07FFCC8B9F1
:1040A000019B83F86A0093F86820012A06D0022A4F
:1040B00004D040F211310620F6F788FAA27093F886
:1040C0006920012A01D0022AF3D1E27093F86A2014
:1040D000002AE6D102B010BD10B583880446022B39
:1040E00010D8C078FFF702FD08B9112010BDA078E4
:1040F000FFF7FCFC0028F8D020460121BDE8104065
:10410000FFF7F3BD1220F1E737B58378C17803F0EC
:104110000104027903F0020351EA04051DD052EABA
:1041200003051AD0002C18BF0021002B037818BFFC
:1041300000228DF802108DF80320427843EA022312
:10414000ADF8003043798279684643EA0223ADF83E
:104150000430FFF7C1FF03B030BD1120FBE713B5FA
:104160000C46694600F01AFC20B9019BB3F87E307A
:104170000133238002B010BD07B50088694600F006
:1041800029FC30B9019B93F82B2112B9FF2283F847
:104190002B2103B05DF804FB10B50446F8F72CF8AA
:1041A00020600020616010BD37B50446F7F75EFC63
:1041B000054623781F2B18D8816A04226846FFF72A
:1041C000A6FB22460021A86A12F8013BFFF7BAFBC2
:1041D00068B1AC6A2046FFF75AFC0021024620462F
:1041E000FFF7E0FB002003B030BD1220FBE7072003
:1041F000F9E737B50446F7F739FC054623781F2B56
:1042000018D8816A00226846FFF781FB2246012107
:10421000A86A12F8013BFFF795FB68B1AC6A20462B
:10422000FFF72AFC012102462046FFF7BBFB0020D6
:1042300003B030BD1220FBE70720F9E710B50446B4
:1042400034F8020B0880002180B2F6F70FFD20B190
:104250002146BDE8104001F017BF022010BD0088C4
:1042600008B50880002180B2F6F700FD20B10021DA
:10427000BDE8084001F008BF022008BD13B5008862
:104280000C460880694680B200F088FB18B9019B93
:10429000B3F8B030638002B010BD37B50388044670
:1042A0000B8098B2638813B9122003B030BD694601
:1042B00000F074FB0028F8D1658842F21072019B6F
:1042C000A9B29C695143DA8D62431C8C04FB022223
:1042D0009142E9D39A699C699442FBD10022A3F8E8
:1042E000B050C3F8A820621E0A44B2FBF4F2C3F82F
:1042F000AC20DAE710B50C460021F6F7B7FC90B118
:10430000022C12D804F00102C4F3400480F8AD215D
:1043100080F8AC4112B190F8AA310BB9002010BD61
:1043200001F08CFAFAE70220F9E71220F7E710B55E
:1043300004460078FF280AD00121F6F797FC58B10F
:104340006378A27843EA0223C383002010BDB4F847
:104350000100F9F7B1FEF8E74220F7E708B5007869
:10436000003818BF0120F9F70FFE002008BD10B576
:104370000446F7F77BFB6178C1F3400201F00101CD
:1043800001F0C7FC002010BD0620F7F729BF082068
:10439000F7F726BF01F0A3BE10B5044604B910BD5F
:1043A000236898476468F9E703680BB901607047B0
:1043B0001A465B6813B18A42FAD170478A4218BF25
:1043C0005160704708B5FAF77DFAF9F7D1FDBDE8FD
:1043D0000840FAF75FBA08B50020FFF765FAF6F76C
:1043E00009FDF7F76BFFF7F7BDF920B140F2211196
:1043F0009320F6F7EBF808BD08B5F9F787FDFAF753
:1044000037FA20B140F241119320F6F7DFF801208E
:10441000BDE80840FFF748BA08B5FFF7EDFF01F027
:104420001BFE20B14FF4AB719320F6F7CFF808BD17
:10443000FDF74EB90B46122203F8032BD0F80920E2
:10444000C1F80320427B1A71704737B504460D4608
:10445000F7F726FB18B36FF4A8730221E01803885E
:104460006846ADF8003034F8ED3CADF8023034F871
:10447000EB3CADF80430FFF738FC18B14221AE2018
:10448000F6F7A4F8ADF800009DF80030002063F3C3
:1044900007009DF8013063F30F2003B030BD1823EF
:1044A0002B70D4F80930C5F803300423ADF8003080
:1044B000EAE738B5436804460D4693F82421012AFB
:1044C00012D11E21F7F7C0FE63688DB1182283F860
:1044D0000921092283F8852093F8BE30E3B940F220
:1044E000DA21AE20F6F772F8002283F82421EBE7F8
:1044F00093F88620A2F12401062901D9322A05D198
:104500000022204683F8862000F099FD20461821DD
:10451000BDE8384000F0BBBD002038BD08B5436899
:1045200093F885201AB18521AE20F6F74FF82422A2
:1045300083F8852008BD034610F0010002BFC3F3D5
:1045400040035B00D8B270472DE9F84F074610468C
:104550001E4642EA0104FFF7EEFF834608469246F4
:104560004BEA0404FFF7E7FF88460A9D04438146AF
:10457000E4B2003C18BF0124F7F744FE10EA0A0A2F
:1045800018BFDA46F7F73EFE97F8683010EA0801E0
:1045900018BF4946534508BF4FF0000A85F800A0F0
:1045A00097F869308B4208BF002169705AEA01010F
:1045B0000BD1B7F87E30013EF61A47F6FD73B6B25E
:1045C0009E428CBF002404F001042046BDE8F88F11
:1045D00070B54468064694F88650A5F12403062B6E
:1045E00045D9322D43D0002D3FD194F88530292B69
:1045F0003DD04B7813F007032DD08A7812F00702D4
:1046000029D084F8612084F8603094F82531D3B93A
:1046100094F82431012B16D094F8602094F8693076
:104620009A421ED194F8612094F868309A4218D1C9
:104630000223B4F8642084F82431B4F86630A4F876
:104640002621A4F828312623304684F8863000F04D
:10465000ECFC284670BD30460978BDE8704000F09B
:1046600016BD3046F7F718FEEDE70125F1E72025E6
:10467000EFE72DE9F04F456887B0044695F885B01F
:10468000ABF12503D3F1000848EB0308052A6FD1ED
:1046900095F88630272B71D186358A784F7802F0CD
:1046A000070A039207F007090AF1FF3009F1FF3307
:1046B00000EA0A0003EA0903034364D1B1F8036086
:1046C000F7F7A0FD039A174307F0070787435AD16E
:1046D0005046FFF730FF6768A8B197F868309842F6
:1046E00011D097F826211AEA020F4CD0BBF1250F02
:1046F00009D097F861201AEA020F04D1022870D17C
:10470000013B012B71D84846FFF715FF40B197F8E0
:104710006930834204D097F8273119EA030F32D069
:1047200005AB38465246494600933346FFF70CFF27
:104730006368074668BB93F82421012A26D1014605
:104740002046F7F781FD2F70636803F186029542DA
:1047500002D1002283F88620636803F18602954225
:1047600039D1204600F06BFC002007B0BDE8F08F87
:10477000414607B0BDE8F04FFFF79BBEBBF1250FE8
:104780002DD1853589E741462046F2E783F824019B
:10479000DAE7B3F87E20A3F85C62013EB61A47F66A
:1047A000FD72B6B2964206D92822204683F8A72089
:1047B000F8F76CFDD0E793F886200D2A02D00A3A6C
:1047C000012A01D82A22F0E7BDF81420A3F85E22BE
:1047D00029232B70C0E7002283F8BE20C4E7022003
:1047E000C3E7012B8FD0022BCDD04FF4E47106200C
:1047F000F5F7ECFE08B5436893F88620262A05D025
:1048000022B140F24541AE20F5F7E0FE272283F8C1
:10481000862008BDF7F752BD704730B542401C787E
:1048200008785D7860404C786C409D7820448C78A6
:104830006C40DD782044CC786C401D795B79204455
:104840000C7949796C404B40204418441044B0FA2C
:1048500080F0400930BD024600200139C9B2FF296D
:1048600000D17047535C83F001030344D8B2F4E7EE
:1048700008B5F7F7A7FD082807D0F7F7C5FD082802
:1048800003D0F7F7D5FD012008BD0020FCE708B5EF
:10489000F7F798FD082803D0BDE80840F7F7B4BD46
:1048A00008BD08B501F028FC18B1BDE80840FBF7C9
:1048B000B3B9082008BD01440023884203D1B3FAEC
:1048C00083F04009704710F8012B1343F5E7F8B562
:1048D00005460C46D0E9047601F0D6FD18B95421FE
:1048E0002920F5F773FEE4B1D5E90423D21B63EB6D
:1048F0000603012A73F100014FF0000113DB6FF092
:1049000001009042994101DA5E21E9E7631E1344F8
:10491000B3FBF4F35C43E41946F10006C5E9044631
:104920001C462046F8BD0C46FBE7022905D13C2871
:1049300008D980100F3880B27047702802D9C01093
:104940000E38F8E70020704738B50D460446F7F7F3
:1049500059FC2B78002B08BF034684F864306B7831
:10496000002B08BF034684F865306B88A4F86630D6
:1049700038BD012908B5034605D002290BD0D8213E
:104980002920F5F723FE40F6C41040F2E242002B46
:1049900008BF104608BD40F6C410FBE710B50C4632
:1049A0000021F6F763F9606018B10123002023703D
:1049B00010BD0220FCE7436893F88400C0B293F86E
:1049C000A6302BB900F0FB00003818BF012070475B
:1049D0000020704710B50C46FFF7E0FF38B92046BD
:1049E000FFF7E9FF80F001004000C0B210BD0220D7
:1049F000FCE770B504460D4641BB4FF4227201F04E
:104A0000B8FE012384F8DA5084F88D306FF0360355
:104A100084F8D530042384F8D6306FF03B0384F853
:104A2000D7306F2384F8D8306FF03C0384F8D93046
:104A30006FF07F0384F8DB302B2384F8D430FE231F
:104A400084F80E317F2384F8833070BD012911D1A1
:104A50000023A0F8B43180F8AB3140F6B833826956
:104A6000A0F8B0301146438C04F17800BDE87040E6
:104A7000F7F7AABF0229E8D1B0F86A32D0F8642269
:104A80008169F1E7C2B292FAA2F2030A93FAA3F3A0
:104A90001B0E100E40EA0320704701310530002242
:104AA000C9B270B510F8013F8B4216D310F8054C0F
:104AB0000023012505FA03F626421CBF01F1FF3150
:104AC000C9B269B10133082BF4D10132D2B2052A3F
:104AD000E8D19B214620F5F779FDC91AC9B2F4E760
:104AE00003EBC200C0B270BD0B6870B5C0F80130F6
:104AF00004460B790546461D03F01F03437100234E
:104B0000C37215F8010F00F076FA6871B542E37AC6
:104B10001844E072F5D170BD81EA114170B58CB2D4
:104B20000546C17A032682EA0400FFF7ABFF013E87
:104B300000EB001016F0FF0604EB000290B2F4D177
:104B400044402522B4FBF2F302FB1343C3F3C40237
:104B5000D8B203F007032A445678012202FA03F37D
:104B60001E4207D161432846C1F30741BDE87040AA
:104B7000FFF793BF70BDF8B590F8205004466B1E48
:104B8000242B03D9E1214620F5F720FDDAB1407D41
:104B9000002843D194F8223094F8211002FB01320E
:104BA0002523B2FBF3F103FB1123DBB204EBD302A9
:104BB00003F0070684F82230917D0122B2401142B1
:104BC00002D084F82330F8BDB3FBF5F205FB1233B5
:104BD00004F11A01013303F0FF0311F8012F9A4287
:104BE00019D311F8055C0022012606FA02F72F42BC
:104BF00008D0013B13F0FF0304D102EBC00284F89C
:104C00002320E0E70132082AEFD10130C0B20528A5
:104C1000E3D1D721B7E79B1ADBB2F6E7E28804F1CC
:104C20001500C969FFF778FF84F82300CBE7037804
:104C3000890123F0400301F040010B4303707047EA
:104C4000037803F07F0343EAC113037070471F2A00
:104C500038B50546144603D9C2212A20F5F7B6FC1B
:104C600006340930FEF7FEF96C7038BD1F2A38B5DE
:104C70000546144603D9E4212A20F5F7A7FC06349B
:104C80000930FEF7EFF96C7038BD0378024603F087
:104C90000F03032B3ED0052B42D1C37F90F8200099
:104CA000034392F82100034392F82200034392F851
:104CB000230000F01F00184333D05378222B2FD14C
:104CC000B2F81930B1B1B3F5506F13D940F60751AE
:104CD0008B4225D8B2F81B30B3F5FA7F20D2B2F858
:104CE0001D0040F676430A3880B298428CBF0020FF
:104CF00001207047991F40F67A4089B281420FD84F
:104D0000917D481E07280BD8994209D2B2F8171096
:104D10009942DEE74078A0F10C03584258417047B1
:104D2000002070478388A1B1B3F5506F11D940F6C8
:104D3000075293421CD8C388B3F5FA7F18D2008972
:104D400040F676430A3880B298428CBF002001209A
:104D500070479A1F40F67A4192B28A4208D8427848
:104D6000511E072904D89A4202D242889A42E1E7AA
:104D70000020704743780246C3F30111012910B5A2
:104D80000ED0022915D00478022103F00F00131D64
:104D9000528844EA0020F7F753FE38B1012010BDD5
:104DA000047803F00F00131D5288F2E7F8F728F893
:104DB000F4E70020F3E702230B7001238B707047A8
:104DC000F7F7F6BE10B521B94FF42A711020F5F7A8
:104DD000FDFB4A600B72EFF3108472B6031D0B608B
:104DE00042681AB1127A012A08BF03600368196089
:104DF000016004B962B6BDE81040F7F723BF022294
:104E0000F7F7ECBF0322F7F7E9BF0422F7F7E6BF95
:104E10000222F8F727B811230B706FF49A73184425
:104E20000388A1F80330838FA1F80530B0F8403033
:104E3000A1F80730C38FA1F80930B0F84230A1F8CB
:104E40000B307047012908B503D10E30C00080B285
:104E500008BD022902D10F308000F8E740F2452159
:104E60000620F5F7B3FB30B587B004460D46F6F7DC
:104E70001FFE90B3A4F59F74694624882046FFF76F
:104E8000CCF820B140F20D112C20F5F79FFBBDF8B6
:104E9000063003A8ADF80C40ADF80E30BDF8083070
:104EA000ADF81030BDF80230ADF81230BDF8043066
:104EB000ADF81430FFF78FF810B14FF48B71E3E7C2
:104EC000ADF80C009DF80C30002063F307009DF84E
:104ED0000D3063F30F2007B030BD2B46172203F8C7
:104EE000032BD4F80920C5F80320D4F80D205A600C
:104EF000B4F811201A810423ADF80C30E2E74068C1
:104F00007047C08A70478A880B8910B5CC88498859
:104F1000A0F85440A0F85010A0F85220A0F8563045
:104F200010BD8383BDF8003001834283C383704783
:104F300038B5C58B0446438C007A9D4228BF1D4678
:104F4000FFF780FF6389AB4228BF2B46984238BFEA
:104F5000184680B238BD2DE9F041984607460E4606
:104F6000808919461446FFF76DFF054641463846CD
:104F7000FFF7DEFF85429DF8181028BF0546B88A66
:104F8000FFF760FFFB8AADB2834228BF0346A01D36
:104F90009BB230442B441844BDE8F08107B590F82B
:104FA0006930002296213030009390F83830FFF7B6
:104FB000D2FF03B05DF804FB38B514460D46194620
:104FC0009634FFF7EBFF2044A84294BF281A002034
:104FD00038BD38B50D4611460446FFF7DFFF2844BB
:104FE000606338BD01F19C0383423DBF9C38401A89
:104FF00040080020704700F05503400800F05500BD
:10500000034403F033009B0803F03303034403F02D
:105010000F0000EB131070474368002283F88520CF
:1050200083F8BE20A3F8BA20704743680022A3F893
:10503000C02093F8C220013283F8C2207047426832
:1050400008B592F8C230013B5BB2002B82F8C23047
:1050500003DA52214A20F5F7B9FA08BD436883F80C
:105060000B1183F80A217047A0F10A03042B0CD915
:10507000A0F14703012B08D9A0F12403322818BF5F
:10508000062B94BF01200020704701207047426822
:10509000936F10B513F0080408D143F0080382F8A9
:1050A00008119367FFF7C1FF204610BD0120FCE700
:1050B00030F8023CF7B505460E4630F89E7C73B1D9
:1050C00001226846ADF801708DF80020ADF803307C
:1050D000F6F77EFD18B195216320F5F777FA0823DE
:1050E0000024A6F803703370B4706B7A55F88A0CFC
:1050F0007371FEF7C7FA08B9BA21EDE721463846C1
:10510000F5F7CAFD4FF40173204603F004021B0AB1
:1051100062F3070063F30F2003B0F0BD4368002083
:1051200093F88720063A012A81BF4A7883F88820BD
:10513000062283F887207047426892F88730063B42
:10514000012B84BF072382F887307047426870B50F
:1051500092F88650F5B9CB88B2F87E60A2F85C323E
:10516000013B9B1B47F6FD769BB2B34206D9282331
:1051700082F8A730F8F78AF8284670BDD1F80130D8
:10518000C2F85E324B7982F862320A22436883F8B1
:105190008620F1E70125EFE70B46062203F8032BF3
:1051A000D0F80920C1F80320D0F80D205A60427CC5
:1051B0001A720023CB707047436870B593F886501D
:1051C00006460C46002D3DD129462046FFF7AAFD94
:1051D00028B921783046BDE87040FFF758BF7268A3
:1051E0006389B2F87E10A2F85C32013B5B1A47F685
:1051F000FD719BB28B4207D92823304682F8A73035
:10520000F8F744F8284670BDA38840F2E2414B43CA
:10521000C2F864326378C3EB431003EB800303EB03
:1052200083035B00A2F85E3263884B43C2F86032AE
:10523000E388A2F868322389A2F86A320D2382F843
:105240008630DFE70125DDE708B5436893F8852060
:105250001AB12621A320F5F7B9F9212283F8852078
:1052600008BD73B5456806460C4695F88530213B68
:10527000022B27D8B1F805101A291CD9B4F8073029
:10528000B3F5A47F17D3B4F801201A2A13D9B4F8C0
:105290000300B0F5A47F0ED3009005F13000FFF7B6
:1052A00040FE7168284601F23511F7F7FDFD062131
:1052B0007068F8F77DFE002085F8BE0085F885004F
:1052C00002B070BD0120FBE74268936FD90610B5AC
:1052D000044603D4B421A320F5F778F9990601D543
:1052E000B521F8E723F010039367FFF7A8FE606885
:1052F0000621BDE81040F8F75BBE09230B70D0F81B
:105300000930C1F8023070470B460A2203F8022B1D
:10531000B0F809204A80C27A9A70704738B543685D
:10532000054693F8864034B1113C0F2C8CBF012404
:105330000824204638BD93F88B30002BF9D0FFF7B6
:1053400074FE6B68112283F88620F2E708B5436883
:1053500093F88620162A04D04FF4FE711F20F5F72B
:1053600035F9012283F8C320182283F8862008BD6E
:10537000436893F88620122A05BF132200200220DA
:1053800083F886207047436810B593F8863004464A
:105390001C2B07D1FFF753FE63682022002083F8FF
:1053A000862010BD0220FCE708B5436893F88620EC
:1053B000112A04D040F227211F20F5F707F9012216
:1053C00083F8C320122283F8862008BD08B54368FD
:1053D00093F88620182A04D040F22F211F20F5F7D9
:1053E000F5F81C2283F8862008BD0B46052203F839
:1053F000032BD0F80920C1F80320D0F80D205A6003
:10540000B0F811201A81C27C9A72704708B54368BF
:1054100093F885201AB1CD211C20F5F7D7F8042286
:1054200083F8852008BD426808B5936FD90703D477
:10543000DB211C20F5F7CAF823F001039367BDE8D0
:105440000840FFF7FCBD0C23A0F596700B70038895
:105450004B8070474368002093F885200F2A01BFD6
:10546000002283F8B22083F8BE2083F8852070479D
:1054700038B54568AB6F13F0040407D1FFF7D5FDCD
:10548000AB6F204643F00403AB6738BD0120FCE757
:105490004268936F23F004039367FFF7D0BD08B50C
:1054A000436893F885201AB172214B20F5F78EF8E6
:1054B0000F2283F8852008BD10B5D0E90C42A24226
:1054C00006D30B8C121BC98D05334B43934202D379
:1054D000012380F83A3010BD01230B7000238B703C
:1054E00030F8C63CA1F80330437A4B714389CB8036
:1054F00083890B81704710B5446894F8C5309A07CA
:105500000ED494F885301BB177214020F5F75EF872
:105510000122A4F8BA3084F8852084F8BE2010BD9A
:10552000A36F9B0705D5FFF78AFDA36F23F0020346
:10553000A367002384F82A31F1E710B50B7901281D
:105540004C790A6843EA0421104608BF41F48031CF
:1055500010BD07B5FFF7F1FF0DF10702F8F7B8F836
:1055600003B05DF804FB002307B501A80193FBF726
:10557000C9FB019810F0030018BF012003B05DF8CB
:1055800004FB08B5FFF7EFFF002814BF142000202C
:1055900008BD10B5FBF7FEF80446FFF7F2FF4FF425
:1055A0007A7204F54443BC304933B3FBF2F3184438
:1055B00010BD10B5044690F86900FFF7EAFF01221C
:1055C00001462046BDE81040FFF703BD7FB5044605
:1055D00018B9A7213020F4F7F9FF052900F2BF80A0
:1055E000DFE801F003B72C27BDB290F8F031B0F836
:1055F0007E20ABB1B0F8EE31934208BFB0F8A431D1
:105600009A1AA0F8A621A4F87E302046D4E98C236B
:10561000C4E98E23FAF70AF994F8AB3104B070BDEF
:10562000B0F8EC319B1AA0F8A631B0F8EC319BB27F
:10563000E9E704B0BDE87040FAF7D2BF00F0E6FD3C
:10564000D4E98E23801A61EB0301012871F1000374
:1056500002DA4FF4C161BDE76FF0010383424FF0FE
:1056600000038B4102DA40F20961B3E7A3690BB191
:10567000B0FBF3F394F88610B4F8EE210D2932D183
:105680000132A4F8EE21B4F8523202AEB4F87E50E2
:105690000133A4F85232B4F8B6301D44B4F8B43033
:1056A000013DED1AADB2B4F8EE116B1A180435D401
:1056B0000023204600961A46F8F7BAF80128ADD123
:1056C000B4F8EE21B4F8A011BDF808301344521A12
:1056D00012049BB204D5EA1A12F4004F18BF0B460D
:1056E000A4F8EE31DFE7B4F87E100B449BB2D11A78
:1056F0000D044BBF013301329BB293B2A4F8EE31DB
:1057000094F8F131002BBED1B4F8A431B4F8EE21F5
:10571000934204BF0133A4F8EE31B4E794F8893022
:1057200030460394002B14BF08233E2384F8A7308F
:1057300001238DF80830F7F7A9FD204600F095FC0D
:10574000002384F8843069E704B0BDE87040FEF7B8
:10575000CBB990F88430042BF2D0C8213AE7CD21A0
:1057600038E7002313B51A4680F88430A0F8503289
:10577000194600930446F8F75BF820B140F2E911AE
:105780003020F4F723FF0123C4F8D801C4F8D00176
:1057900084F88430A4F8EE01A4F8EC0184F8F10157
:1057A000B4F87E30A4F85202013BA4F87E3002B077
:1057B00010BDD0F8E800704738B5044690F828319D
:1057C0009BB1FF2380F83031012100F09FFA94F85B
:1057D000283153B104F1C0052846FCF7CBFF284619
:1057E00000F072FE002384F82831002038BD08B58F
:1057F00090F8302142B990F8EC2042B1D0E93C3128
:10580000994202D9F9F7A0F90022104608BD0122F9
:10581000FBE710B50446FFF7B4FE00F5C271A269BC
:10582000236B9A4228BF1A461046FFF7DBFB40F66F
:105830004803984228BF184680B210BD7FB5044681
:1058400090F8AB3103F0FF05002B59D190F884306C
:10585000032B55D100F0DAFCD4E98E23801A61EBDA
:105860000301012871F100034ADB6FF00103834259
:1058700075EB010104DA40F2B1513020F4F7A6FED5
:10588000A269B4F87E300AB1B0FBF2F201331344DE
:105890009BB2A4F8EC31B4F8A431B4F8EC219B1A13
:1058A0001BB2002B2CDD04F5FC70FCF763FF38B352
:1058B000FF2384F8F131B4F8B6300DF10E06B4F8D8
:1058C0007E501D44B4F8B430013DED1AADB2B4F8C9
:1058D000EC31EB1A1B0413D4B4F8EC1100230122B1
:1058E000204689B20096F7F7A3FF012808D1B4F843
:1058F000EC31BDF80E2013449BB2A4F8EC31E6E77E
:1059000004B070BD2DE970430C461546EAB9FAF7AC
:10591000A1FB84F8EC500646D4E9468984F8285166
:105920000121D4F8E800FFF764F8D4F8E800C0E9F2
:105930008E89C0F85462C0E99289FFF712FFFAF726
:105940002DFDBDE87043FCF7A1BE40F2CB713020C5
:10595000F4F73CFE70B5044621B1012978D040F23D
:10596000DB7172E000F007F994F8293105460E4624
:10597000DBB150EA010318D0D4E93E32D4E9460144
:10598000C01A334661EB02012A4600F0A9FE05FB6E
:1059900001F300FB0633A5FB00021344D4E93E21CA
:1059A000121843EB0103C4E93E23E08B30B1F7F753
:1059B000DDFAE38BB0FBF3F202FB1300D4E93E32D5
:1059C000ED184FF0000346EB02062D1840F202429C
:1059D00084F8083146F1000684F82931A4F8102132
:1059E000C4E93E56C4E9465694F8303103F0FF014D
:1059F000DBB96FF00043D4E948029A4208BFB0F126
:105A0000FF3F18D02046D4E9465600F0A9F8AE3042
:105A1000D4E948325B1B62EB06021B1A62F10002FA
:105A2000002A08DA2046F9F78FF8FAF7B7FCBDE844
:105A30007040FCF72BBE04F5847104F1C000FCF744
:105A400039FE0028F1D14FF4E1613020F4F7BEFDBA
:105A5000002380F8EC30E8E790F82801003818BF00
:105A6000012070470B46142203F8032BD0F80920BD
:105A7000C1F80320D0F80D205A60704738B51022C5
:105A80000B460C4603F8032B00F10902293052F8AB
:105A9000041B824243F8041BF9D1127800211A70CA
:105AA0000123A588A3712846F5F7E0F858B1E378FB
:105AB0004BB100212846F5F7EFF820B140F2332131
:105AC0002D20F4F783FD38BD0121F8F7CFBDFFF796
:105AD000FBBF90F872300BB10120704790F8AA20FC
:105AE00002F0FF03002AF7D190F89C201846704777
:105AF00037B50D464FF49C720021044600F039FE84
:105B0000FF2323701323638042F21073E383F5F7BE
:105B1000A7F900220146A0626846FDF7F8FEA06AD8
:105B200000220121FDF73EFFA16A68460422FDF72D
:105B3000EEFE0022A06A1146FDF734FF04F12000BA
:105B4000A57403B0BDE8304000F01AB9FF23886A9D
:105B50000B70FDF7D9BE0078FF3818BF01207047E1
:105B600010B50446203000F05BF928226188F9F76F
:105B700019F86D3010BDD0E9020170472DE9F04FE2
:105B800007468FB00C46064606AD0DF110080FCF44
:105B90000FC597E80F0085E80F00404600F0F0F8C9
:105BA000677894F8149007F07F0594F80AA0B9F18B
:105BB000010F94F800B02F4607D0B9F1020F04D0BE
:105BC00040F227310620F4F701FD617A404600F0EB
:105BD000DEF8237D227F4046022B02F101020CBF3A
:105BE000617D0121D2B204BF0131C9B200F0D1F808
:105BF00015F0080360D14046019300F011F9282206
:105C00003946F8F7CFFF40F2712100F29922E5788A
:105C10002079019B45EA00256079B2FBF1F245EA63
:105C200000454A434D43AA420AD9E079A57945EA9D
:105C30000025207A45EA00454D43954228BF154688
:105C4000227E0393531EA17CB06A5A4202915A41AC
:105C50000192FDF727FFB06AFDF734FF039B019A1D
:105C60000299ADF81A7006AF8DF818B00895354650
:105C70008DF828208DF82B108DF82CA08DF81C9015
:105C800009930FCF0FC597E80F0085E80F0098E83C
:105C9000030030620020B184E37A03F0FD03003B8F
:105CA00018BF012386F84F30E3683365238AA6F8CE
:105CB00054300FB0BDE8F08F00252B46C0E74FF4FD
:105CC0000043C38443881D2B08BF002141747047E3
:105CD00090F912007047408800F00100704780780A
:105CE000C0F3400070478078C0F3C000704790F860
:105CF000483081614B72D0F84930C1F80A30B0F8B1
:105D00004D30CB8170477047F8F726BA80F868109D
:105D100070470177427770478278034612F001009E
:105D200002D0D978C90710D5900702D5D97889074C
:105D30000AD512F0040008D0D878C0F3800080F0B3
:105D400001008000C0B2704702207047C0F34002DB
:105D5000C0F3800300F00100134418447047022888
:105D600008B507D0042807D0012807D039212E20F4
:105D7000F4F72CFC262008BD2720FCE72520FAE7B5
:105D80000023C0F802300123437003707047817014
:105D9000704710B54270144601708078FFF7D6FF47
:105DA000484304FB00F2FE2A03DD5C212E20F4F7B9
:105DB0000DFC10BD0023C37043710371704710B513
:105DC0000446FFF7A9FF637962780133DBB29A4298
:105DD00063710CD1E3780022A17803436271DBB2D6
:105DE0009942E37001BF2379E27001332371BDE86A
:105DF0001040FFF7B4BF38B504468078FFF7A6FF20
:105E00000146E078FFF7A2FF2378227965789B1A94
:105E10006B4359436379C91A00FB1510C0B238BDF2
:105E2000014608B58078FFF791FF4A780B78534315
:105E30005843C0B208BD40F2EE20704740F25A33DA
:105E40005843704738B50E38536814460D4693F8DA
:105E50008520092840D8DFE800F0053F3F3F0F3F8D
:105E6000183F3F27042A05D12046FFF7D5F82046E2
:105E7000F7F76EFB002038BD0F2AFBD10022204629
:105E80001146BDE83840FFF7E5BA212AF2D1204695
:105E9000FFF7C2F8002DEDD0626892F8D43023F0FD
:105EA000200382F8D430E5E793F88620272AE1D151
:105EB0000025204683F88650FFF7C1F8636893F801
:105EC0002431012B03D129462046F6F7BDF963683A
:105ED000002283F82421CDE740F26E213120F4F72F
:105EE00075FB08B590F80E31FE2B04D040F6241156
:105EF0003120F4F76BFB002380F80E1180F80F318E
:105F000012B9A0F8C02008BDA0F8BA30012380F86B
:105F1000BE30F8E708B5436893F88620182A04D005
:105F200040F27A513120F4F751FB1E2283F886208B
:105F300008BD08B5436893F88620352A06D10022AB
:105F400083F88620BDE80840FFF779B8182A03D106
:105F50001E2283F8862008BD40F28F513120F4F7CD
:105F600035FB08B5436893F88520092A0BD193F8CF
:105F7000091193F81021914205D1002283F8852060
:105F800083F8BE2008BD9A6F110706D522F00802DB
:105F90009A67BDE80840FFF752B840F274513120CB
:105FA000F4F714FBC37C63B9837BA3F11002032ACB
:105FB00007D990F84C0028B1202B8CBF002001207D
:105FC00070470120704702464068497890F8853054
:105FD000212B14D00BD8042B13D00F2B13D090F8F7
:105FE0008630272B0CBF1720FE20F9F771B82C2B19
:105FF0000BD0322B01D0252BF1D11620F5E7142040
:10600000F3E70E20F1E71220EFE72320EDE7024649
:1060100040680B4690F8D41041F0040180F8D41089
:1060200099785878F9F754B838B50C460546D1E94F
:106030000401F4F7CBFE94F884303BB104F5FC7412
:106040002046FCF797FB204600F03EFA2846022146
:10605000BDE83840F4F720BE0020704708B5F6F7D9
:10606000CFFFBDE80840F7F775B9002280F885201A
:1060700080F8862080F8892090F8AB3113B1022196
:10608000F7F796BF0321FBE738B50446084694F8B6
:10609000583213B10C25284638BD94F88630162B9B
:1060A00001D0182BF6D194F8743203F0FF05002BC1
:1060B000F0D190B194F8C63123B940F604313120C3
:1060C000F4F784FA052304F1F00204F5DB7100F023
:1060D000BAFA012384F85832DDE70223FAE7F7F72A
:1060E00003B808B5F9F7A6FFF9F7BAFDF9F7E8FC28
:1060F000BDE80840FAF72ABC10B5C824F9F774FDCA
:10610000022808D1013C14F0FF04F7D10620F6F76D
:1061100085FE204610BD431E58425841FAE710B58F
:10612000F9F7A0FF044600F02CF9201841F1000116
:1061300010BD19B943780BB1C3788370704710B59F
:1061400004460846FAF726FB4FF47A73B0FBF3F0E7
:10615000201A10BD10B504460846FAF71BFB4FF491
:106160007A7200F2E733023CB3FBF2F3E01A10BD9F
:1061700000F038B8801A00F3070038B50D46144611
:1061800059B240B2FAF774FE0023287020446B70B5
:1061900040B238BD0023036070477047002070474D
:1061A0004FF0FF3070474FF0FF30704770474FF0AF
:1061B000FF307047002070470020704700230370B5
:1061C00070479DF800300022FFF7D4BF4FF0FF303A
:1061D0007047002070474FF0FF3070474FF0FF309E
:1061E0007047704770470020FAF798BE0020FAF712
:1061F00041BF0020FAF752BF0020FAF78FBE704768
:10620000FAF798BFFAF7AABFFAF79ABFFCF786BC6D
:10621000FCF756B9FCF76CB9FCF7A0BC00F05CB910
:10622000FCF78EBC10B5837F8BB9034601F11802D1
:1062300051F8044B914243F8044BF9D1012484777F
:106240002146FBF7D9FAFCF72DF9204610BD0020B6
:10625000FCE710B504460221FBF7CEFAFCF722F961
:10626000A07FB0FA80F0400910BD38B50446A37F86
:1062700003B938BDA37F032B02D0A37F042B0ED11B
:10628000EFF3108572B62046FBF726FD05B962B61E
:10629000A37F002BEDD0FF210320FCF7F9FCA37FA7
:1062A000012B02D14FF48271F6E700F0D6F9DEE758
:1062B00013B50DF10701FBF7F5FC0446FCF760F997
:1062C00020B940F221110320FCF7E2FC204602B085
:1062D00010BDF8B50746FCF753F9044620B940F263
:1062E00029110320FCF7D4FCFCF750F9A468002521
:1062F0002418384641F1000622463346FBF73AFDA2
:10630000A04271EB060309D3001B6FF0010361EBA0
:106310000601834275EB010102D3F8BD2846FCE774
:106320004FF0FF30F9E72DE9F04104460F46FCF746
:1063300027F9064620B94FF4A3710320FCF7A8FC07
:106340008568002362195B4113B10020BDE8F0812C
:10635000FCF71CF92A18384641F1000314EB020837
:1063600043F10005FBF706FD4045A941EDD3FCF7DD
:10637000D5FB00F06AF8B368012037752344B36099
:10638000E4E7FCF703B98068704708B5FCF7F8F854
:1063900020B94FF4CB710320FCF77AFC007D08BDD7
:1063A000F8B50369044623B140F29D110320FCF7C0
:1063B0006FFCFCF7B3FB05460E46FBF773F970B3B1
:1063C0006435D4E9003246F10001AB4272EB0100C2
:1063D00001D22B460A46C4E90032EFF3108572B6AB
:1063E000FCF7CEF8064698B1FCF7D0F8B3680B334B
:1063F0002CBF012200221B18D4E9006042EB0101EE
:10640000B34271EB00023CBF33460146C4E90031A0
:1064100005B962B62046BDE8F840FBF721BDFBF7A1
:1064200061F90746FCF7C0F8B84238BF38469635E0
:1064300046F100024319D4E9000142F1000283420F
:1064400072EB0105C7D20346C4E7FBF76FBA032915
:1064500010B5044606D801290ED84FF49E71B0201D
:10646000FCF716FC0429F8D1FBF7DCF920B1204633
:10647000FBF798FD022010BD0020FCE7C0E90812E0
:106480002022002100F075B910B5037886B00446CB
:1064900023B14FF4AB714520FCF7FAFB0593CDE92E
:1064A0000333D0E90423CDE9002343680293037A40
:1064B00068468DF81430FFF773FF0120DDE90023F3
:1064C000C4E9042306B010BDFFF7CFBE7047704784
:1064D00070477047FCF7C0B910B5029C241841F111
:1064E0000001A01A61EB0301B0F1004F71F100014E
:1064F00003DBA9210420FCF7CBFB10BD70B5002401
:10650000FCF780FB05462646E0B2854200D870BD08
:10651000FCF77EFB0134068580F82A60F4E7F8B5C5
:10652000037904461BB11B219D20FCF7B1FB467982
:10653000017126B901234371217909B96171F8BD4F
:10654000276820462671B84702280546F4D1032162
:106550002046B84708B12F21E6E7236829462046A0
:1065600098470028E8D03021DEE7034600688842DB
:1065700004D109B10A681A600846704728B9704703
:10658000884202D10A681A60F6E7034600680028CC
:10659000F6D1704701F11003013813F8012D8B4239
:1065A00000F8012FF9D170472DE9F04713F0010FE2
:1065B0008EB004460D4617469A46DDE9168924D06A
:1065C00006A8FFF7E7FFA30735D002AA04F11005DC
:1065D0002068083454F8041C1346AC4203C31A461E
:1065E000F6D106AD02AC1AF0020F4346CDF800908A
:1065F00023D0294620460AAAFCF7E2FB0AA938461E
:10660000FFF7C8FF0EB0BDE8F08713F0040F0DD1FF
:1066100006AB0E4601F1100C1D463068083656F8E0
:10662000041C1A46664503C21346F6D1214602A849
:10663000FFF7B0FFD6E706ADD5E73A462946204634
:10664000FCF7BEFBDEE713B50024CDE90044FFF7FD
:10665000ABFF02B010BDFCF7B7BC20BF704720BF36
:1066600070479142F8B503D373219620FCF710FBD5
:10667000B2FA82F33BB1C3F1200499409A4020FA68
:1066800004F4984021434FEA124C93B2040C87B2B1
:10669000B1FBFCF50CFB151E05FB03F64FEA0E4E95
:1066A0000EEB1040864205D9361A964294BF012659
:1066B0000226AD1B04EB0141280405FB1211B1FBBE
:1066C000FCF40CFB1411634307EB0147BB4205D9F3
:1066D000DB1B934294BF01230223E41A2043F8BD3D
:1066E0002DE9F0411D4607460C46164652EA0503C1
:1066F00003D1A6219620FCF7CBFA85B9914204D2AA
:10670000FFF7AFFF2946BDE8F08108462946FFF7AD
:10671000A8FF05463246384606FB1541F0E7B5FAB4
:1067200085F80123400803FA08F3C8F11F0840EA7E
:10673000C470A3FB0212610803FB0522FFF791FF5F
:1067400030FA08F04FF0000102D0013861EB01018E
:1067500000FB05F3A0FB062C06FB0133BF1A6344C4
:1067600064EB0304B742AC41CDD3013041F10001E9
:10677000C9E7F0B5C9B20446A30726460ED14FF0CB
:10678000013522F003034D43E718BC420CD13344DA
:1067900002F003021A44934209D1F0BD002AFCD052
:1067A000013A04F8011BE7E744F8045BEDE703F85E
:1067B000011BF0E700280CBF6FF0150000207047A8
:1067C00000207047072303700020704700207047A7
:1067D00000207047034611F8012B03F8012B002A13
:1067E000F9D17047034613F8012B002AFBD1181A80
:1067F000013870472DE9F04786468C460846089ECA
:10680000154674461946002B40F0C1808542B2FA05
:1068100082F245D94AB1C2F1200300FA02FC954048
:1068200094402EFA03F343EA0C0C4FEA154EA8B23B
:10683000230CBCFBFEF80EFB18CC08FB00F943EA66
:106840000C43994528D9EB1808F1FF3704D2994534
:1068500002D9A8F102072B44A3EB0903A4B2B3FBAE
:10686000FEFC0EFB1C330CFB00F044EA0344A04288
:1068700014D92C190CF1FF3304D2A04202D9ACF187
:1068800002032C44241A43EA07401EB1D4400023DB
:1068900034607360BDE8F0874746DDE76346F1E7A3
:1068A00092BB431B01214FEA154EAFB2200CB3FB44
:1068B000FEFC0EFB1C330CFB07F840EA0343984533
:1068C00061D9EB180CF1FF3004D2984502D9ACF134
:1068D00002002B44A3EB0803A4B2B3FBFEFC0EFBA7
:1068E0001C330CFB07F744EA0344A7424DD92C198B
:1068F0000CF1FF3304D2A74202D9ACF102032C44BD
:10690000E41B43EA0040C0E7C2F1200395409440F5
:1069100020FA03F12EFA03F34FEA154E9040AFB27E
:106920000343B1FBFEFC0EFB1C10190C0CFB07F81B
:1069300041EA0041884522D969180CF1FF3004D2A0
:10694000884502D9ACF102002944A1EB08019BB2B1
:10695000B1FBFEFC0EFB1C110CFB07F743EA0143E5
:106960009F420ED9EB180CF1FF3104D29F4202D99D
:10697000ACF102012B44DB1B41EA004193E7604686
:10698000E3E76146F7E76046A4E76346B8E783427A
:1069900006D916B9002108467CE7C6E900E0F9E708
:1069A000B3FA83F78FB9834201D3724508D8BEEB9F
:1069B000020460EB030301209C461EB9002169E735
:1069C0003846FAE7C6E9004CF8E7C7F1200CBB40AF
:1069D0000EFA07F522FA0CF42EFA0CF1BA401C4319
:1069E00020FA0CF3B8404FEA144901431FFA84FE21
:1069F000B3FBF9F809FB18300B0C08FB0EFA43EA5D
:106A000000439A4540D9E31808F1FF3004D29A4573
:106A100002D9A8F102002344A3EB0A0389B2B3FB15
:106A2000F9F809FB183308FB0EFE41EA03418E45D5
:106A30002CD9611808F1FF3304D28E4502D9A8F190
:106A40000203214443EA0040A1EB0E01A0FB02989F
:106A50004145CE46434602D306D14D4504D20138C6
:106A6000B9EB020E68EB0403002EA7D0B5EB0E02C3
:106A700061EB030101FA0CFC22FA07F3F9404CEA3E
:106A80000303C6E9003199E74046C5E74346D9E725
:106A90000022F0B585B0114640F6034002AF03F086
:106AA000D9FF044600285BD103F0BCFD214641F22A
:106AB00003003A1D03F0CEFF0446002850D17A6847
:106AC000294DD16805F17803D1F80100D1F80510FE
:106AD00003C3104602F07EFF214641F201003A1D39
:106AE00003F0B8FF044600283AD17868C3685A78A2
:106AF00085F870205A88A5F872201A7985F87120D7
:106B0000B3F80720A5F87420B3F80530A5F876305F
:106B100002F060FF214641F202003A1D03F09AFFA5
:106B20000446E8B9D7F804C005F18006DCF80C206B
:106B3000531C4132344618685968083303C49342E1
:106B40002646F7D1604602F045FF95F87C305A069C
:106B500010D40121054A064811F094F86FF0120490
:106B600020460C37BD46F0BD80000120F9D7060055
:106B700018BC0600002142F203003A1D03F06AFF30
:106B800004460028ECD17A68A94BD168D1F80100FD
:106B9000D1F8051003C3104602F01CFF214642F253
:106BA00002003A1D03F056FF04460028D8D17E6843
:106BB000F468B4F801309AB292B1E27882B1A5F8E3
:106BC0000431E378042B06D0042202210092994874
:106BD000994A10F057FDE2789848114613F032FEBA
:106BE000304602F0F7FE1F2395F87C60A5F82031AF
:106BF00016F0200619D14FF0FF304FF0FF3103F0AF
:106C000031FD0446002800F0BE8102210C3010F056
:106C1000C3FE0123214603704670324640F66D40A4
:106C200003F018FF044600289AD195F89C301B0702
:106C300012D5002142F21C003A1D03F00BFF04465E
:106C400000288DD17868C368D3F80120D3F80530C7
:106C5000C5E9382302F0BEFE95F8D8309E0623D54C
:106C60003846B91C03F09EFF044600287FF478AF35
:106C70004FF0FF304FF0FF3103F0F4FC06460028E0
:106C800000F0818104210C3010F086FE3B88224602
:106C900003807B883146438042F2240003F0DAFE11
:106CA000044600287FF45CAF95F8D8305C0610D518
:106CB000002142F22A003A1D03F0CCFE04460028CF
:106CC0007FF44EAF7868C3685B7885F8223102F0B4
:106CD00081FE4FF0FF304FF0FF3103F0C3FC04465C
:106CE000002800F0508108210C3010F055FE95F876
:106CF000D81040F2022311F0400F08BF03230246D0
:106D000088074CBF43F02C0043F00C008B0695F82D
:106D1000D93048BF40F0400013F0090F18BF40F4CD
:106D20000060CE0748BF40F01000002110F0D9FFEE
:106D30002146002242F2010003F08CFE04460028A6
:106D40007FF40EAF95F87C30B5F8041198065CD44A
:106D5000C9B941F205003A1D03F07CFE0446002843
:106D60007FF4FEAEB5F804317C684BB9E368B3F844
:106D70000120A5F804219A883048114613F062FDDD
:106D8000204602F027FE4FF0FF304FF0FF3103F0B6
:106D900069FC0446002800F0F68008210C3010F051
:106DA000FBFD95F8D8300246D90738D44FF0005192
:106DB000234810F096FF2146002240F6014003F0E0
:106DC00049FE044600287FF4CBAE01463A1D4FF63B
:106DD000014003F03FFE002838D01A4A022115482E
:106DE00010F050FFEB79002B40F0BD8004F0ACFDBB
:106DF000044600287FF4B4AE06F0A6F90446002845
:106E00007FF4AEAE03F01AFDAAE60029BBD1012142
:106E10000D4A084810F036FF6FF00404A0E602A106
:106E2000D1E90001C5E700BF908800020080002082
:106E30005801012018BC06001DD806008801012059
:106E40001088000286D8060063D806007B686E466C
:106E5000DC688AB0B4F80130042B96BF574A584911
:106E600052F8231002AAD3614FF4007355481384DB
:106E7000554BC2E9050142F8103F4FF413515348F6
:106E800010F00FFFB4F80120B546022AB4F8033021
:106E900049D1052B47D84E4A52F823106E468AB086
:106EA00002AAD3614FF400734A481384464BC2E9E7
:106EB000050142F8103F4FF41351444810F0F1FE21
:106EC000B546637994F806C0032B98BF424AB4F8DC
:106ED0000760D4F809006C468CB094BF52F82310B8
:106EE000374902AAC2E9073C4FF40073DFF8ECE02F
:106EF00093853B4BC2E905E1C2E909604FF4735148
:106F000042F8103F314810F0CCFEA546786802F0F8
:106F100061FD00214FF602403A1D03F09BFD04463F
:106F200018B1304A5AE72649B8E77868C368B3F819
:106F30000130A5F8C13002F04DFD95F8C1305A0777
:106F40007FF550AF21464FF603403A1D03F082FD16
:106F500008B1254A42E77868C3685B7885F8C03095
:106F600002F038FD3EE72E78002E7FF43FAF95F813
:106F7000C1309B061FD54FF0FF304FF0FF3103F0BB
:106F800071FB044610B96FF06804E9E506210C3086
:106F900010F002FDD5F8013021460360134B324654
:106FA0009B8883804FF6064003F054FD044600287A
:106FB0003FF41CAFD4E56FF08504D1E5B4C2060000
:106FC0003FD60600AAD806000400000118BC06003F
:106FD0009CC20600C3D806008CC20600DBD806009F
:106FE0000700000108D9060031D906008100012000
:106FF00037B50024164D6FF009034FF48062284620
:10700000144900940EF072F8134928460EF04AF91C
:107010001249134813F099FC224604211C2002F067
:10702000FBF801220F4BD3E8EF1FC3E8E02F002845
:10703000F9D105A3D3E9002328460B490EF096F8B1
:10704000204603B030BD00BF389C1C00000000008B
:10705000C02A0120A8450520B7F20600579F060068
:107060002834012024340120F00101200000000018
:1070700010B50B4BD3E8AF3F53B1FAF719FB06A39A
:10708000D3E90023BDE81040064907480EF06EB86A
:1070900010BD00BFAFF30080389C1C000000000052
:1070A00024340120F0010120C02A012010B500EA9B
:1070B0000104E20708D500F0F9F8034620B10221E7
:1070C000054A064810F0D4FAA30703D5BDE81040DE
:1070D00000F024B910BD00BF90C8060098BC06009F
:1070E00010B500F031F9044600F032F901462046AF
:1070F00000F0BCF9034668B101210A4A0A4810F0C1
:10710000B7FA0022094BD3E8EF1FC3E8E02F0028AD
:10711000F9D110BD00F022F90321054A024810F010
:107120009EFAEEE7AAC8060098BC0600082F0120C8
:10713000C4C8060008B500F0FDF870B10122074B85
:10714000D3E8EF1F002903D1C3E8E02F0028F7D1CF
:1071500003D1BDE80840FFF7C3BF08BD082F0120D9
:1071600008B50BF0BDFB90B909480BF0E9FB70B90D
:10717000084800F081F850B9064800F043F930B9EA
:107180004FF0FF314FF0FF3013F042FDF8E708BD3C
:10719000AD70050035710500024602480021836884
:1071A0001B691847E4B10600F7B50020FFF7F4FFAC
:1071B00030BB2A4C2A4DD4E8AF3F63B12B68B3F5FE
:1071C000FA3F08D227486946836801AA9B68984716
:1071D000E0B10B30EFD00320FFF7DEFF1F480FF0C8
:1071E00064FB0122204BD3E8EF1FC3E8E02F002807
:1071F000F9D11E4B1B687BB303B0BDE8F0401847C4
:10720000164803B0BDE8F0400FF04FBB00992A6864
:107210000E46019FDFF858C002EB9707974212D144
:1072200000B12F60134813F0E5F9C4E736F9020CFA
:1072300036F9043C034403EBD3735B102CF8123093
:1072400001200132EAE7B2F5FA3F06F10406EDD378
:107250000028E7D02A60E5E703B0F0BD142F012035
:10726000182F0120E4B10600102F01200C2F01205F
:10727000FC34012084060120094B10B51860094C2C
:10728000204613F066F938B1A3682046BDE81040E7
:1072900000211B68044A18476FF0120010BD00BFA0
:1072A0000C2F0120E4B10600E8C0060010B5154B14
:1072B00088B0D3E8AF2F1AB16FF00F0008B010BD3F
:1072C000114AD2E8AF4F002CF6D1104A14600122C7
:1072D000D3E8EF1FC3E8E02F0028F9D100220023F4
:1072E000CDE9062306234FF40062CDE90243CDE940
:1072F0000044074B0749084804940EF04DF8204617
:10730000DCE700BF142F0120102F0120182F0120CF
:10731000A9710500B8210520D813012008B504483B
:107320000FF0C3FABDE808400320FFF735BF00BFE8
:10733000142F0120034BD3E8AF0F003818BF0120F2
:10734000704700BF102F012000487047FC34012017
:10735000014B1868704700BF182F01200022024B14
:1073600002481A600FF0A1BA182F0120102F012037
:1073700008B519B910F026FF014B186008BD00BF11
:10738000242F012030B500250E4B89B0D3E8EF2F14
:10739000C3E8E15F0029F9D10B4C206810B105F07A
:1073A00081F92560094D03AC0FCD0FC42B68022273
:1073B000236001230649009303A8064B04F084FBD5
:1073C00009B030BD202F0120242F012050BD060020
:1073D00004C10600FCC00600B0FA80F0074B40096B
:1073E000D3E8EF2FC3E8E10F0029F9D1D3E8AF3F8D
:1073F0001BB1034B1B6803B118477047202F0120B6
:107400001C2F012030B50D4B89B01860002003F00F
:1074100017FD88B90A4801F0FBFA68B9094D03ACB9
:107420000FCD0FC42B68022223600123064900936D
:1074300003A8064B04F048FB09B030BD1C2F012007
:10744000B002012050BD060004C10600FCC00600C9
:10745000044B186828B1044BD3E8AF0F003818BFAD
:1074600001207047242F0120202F01202DE9F04317
:1074700083B002AF06460D46FFF7EAFF002848D06A
:10748000254C206811F06AFE032100902B46234A08
:10749000234810F0F7F8206811F060FEC41E012C9C
:1074A000E8468AB08CBF6408012402AA1D4BC2E9D9
:1074B0000704C2E905356B1E2344B3FBF4F35362A2
:1074C000062342F8103F00234FF44351144800F0C4
:1074D000ABFFA946C5464FF00008454504D800203B
:1074E0000437BD46BDE8F0834C45224628BF4A46D6
:1074F0005200002092B206EB480101F095FAA9EB88
:1075000004090028ECD12020002113F081FBA044C5
:10751000E3E76FF07F00E3E7242F0120EEC80600C9
:10752000D0BB06000BC906002DE9F04F91B00093C7
:1075300002F004030293C2F3C20301338407054639
:107540000E46DDF868800392059340F0BB81041D70
:1075500030B1072909D86FF01B0011B0BDE8F08FDA
:1075600001F007063444C6F10806009B4FF00009FD
:107570004FF0040A591E4FF0FF334F460193CB469C
:107580005346CDF810900DB1009A2260059800285E
:1075900000F3E8809848009A824203D397488242D9
:1075A000C0F0E080039AA4EB050E92074FEA9E001C
:1075B00000F103810F2F00F2B180002D00F0058152
:1075C00007F140020DEB020C019A0CF8200C0CF8AC
:1075D000102C049801300490E7E07A285DD84B28FD
:1075E0000ED8472859D829282DD8252852D054D824
:1075F00020287AD02338D0F1000B4BEB000B74E03D
:107600004C382E2849D8DFE800F0704848484848F0
:107610004848484848484B484848484848484859D6
:10762000484B4B595959704B6D487048184B184886
:1076300048827F4B48484B487F0000204FF0000BAA
:107640004FF0040A38E001222A38C0B202FA00F0F2
:1076500010EA0E0F49D110F0625C2FD110EA020B34
:1076600043D06046013C5444B4FBFAF40AFB04F4F2
:10767000002D61D0A3EB050CA444B4453FF66BAFDD
:10768000002868D1042B47D158F8043B2360042319
:1076900004342AE0019A013A01924FF0000B24E0F1
:1076A00011F8010C6C2834D1002011F8023C8346FB
:1076B0006C2BC5D14FF0080A5346D3E708F10708F1
:1076C00028F00708073424F00704F8E802AB35B1C6
:1076D00006982044B0423FF63EAFC4E900AB4FF0FD
:1076E000000B08344FF0080A534611F8010F002828
:1076F00078D0BBF1000F7FF470AF2528F5D14FF0A3
:10770000010B019B013301934FF0040AECE758464B
:1077100094E700208346A5E7082B02D06FF0150000
:107720001BE708F1070828F00708F8E80223C4E976
:10773000002308230834D8E768B9042B02D108F1E4
:107740000408A4E7082BE9D108F1070828F0070886
:1077500008F10808EDE7059A013A059258F8042B5C
:10776000009210E7039A900720D54FF0010CA4EB8C
:10777000050E4FEA9E00BEF5007FCFD20F2FCDD869
:10778000F5B107F140020DEB020E019AC0B20EF8FE
:10779000200C0EF8102CBCF1000F3FF41AAF60F073
:1077A0007F000EF8200C09F101090137C5F108022C
:1077B0004FF6DA7E0434069297E74FF0000CDAE7D2
:1077C000BCF1000F01D00136EFE702980236002825
:1077D000EBD10098CDE90631FFF704F8DDE9063179
:1077E0000644E2E7631BB3F5806F97D245B9A6F173
:1077F0000804E018B1E600BF24B00600FCF506005E
:10780000029A9B0828602B709DF81030C2B1EB7073
:1078100085F80290B9F1000F05D0002208A8C5F143
:10782000010C97420ED14FF0000AC5F101030DF192
:10783000200801930DF1300B574512D1601B8CE6E7
:107840006B70E5E710F8013B190608D50CEB040E48
:10785000B64503F07F033FF67EAE04F8013B0132EC
:10786000DFE7B9F1000F03D098F90020002A17DBF9
:10787000029BD3B11AF80B2004F8012B0022019BC4
:1078800018191044B0423FF666AE98F8000000990F
:1078900004F8010B2046039213F01BFB039A1444D7
:1078A0000AF1010A08F10108C6E798F8002055F826
:1078B00022300093029B009845F82230FEF792FF99
:1078C000421CDCE76FF00D0047E600BF2DE9F04FEA
:1078D00097B000AFD7F880B03B62CBF3C00304464B
:1078E000894690F802A0FA62BB6141B945780078F8
:1078F0000AEB800020444D4517D8A0EB0409E3783B
:10790000FB61BAF1000F02D01BF0010F16D1FB6929
:1079100053BBFB6A1BB1494620463A6A98474D461D
:1079200028465C37BD46BDE8F08F461C3046FEF762
:1079300059FF0130304409F10109DCE7626823781E
:107940007A62FA6A9900796104EB8301002A40F0B7
:1079500001810E464FF000084D4601EB0A094E45E5
:107960004CD101EB0A0610E01BF0020FD1D02378B6
:107970009A007A61626804EB83017A62FA6A002AEB
:1079800077D14D46904601EB0A061BF0050F0CBF60
:1079900002230123FB62FB6906EB430A0BF002039F
:1079A000BB625645BCD016F8021B16F8013C54F8D1
:1079B0002390994B994502D3984B994536D3BB698F
:1079C000002B40D0786A0FF0E9F900283BD0E94657
:1079D0008AB06A46924B53617B6AC2E906314FF422
:1079E000007313848F4B42F8103F00234FF4125161
:1079F0008D4800F019FD023DCD46D2E716F8013B57
:107A0000F96254F82300FEF7EDFED7F88430F96AE6
:107A100001304BB1D7F8883098453EBFD7F8843055
:107A200023F8180008F10108054498E7BB6923B161
:107A3000786A0FF0B3F90028C9D11BF0010F05D106
:107A4000FB6AED1AADE7BB6A002BAAD04846FEF7E9
:107A5000C9FED7F8843053B1D7F8883098453FBF76
:107A6000D7F88420431C22F8183008F10108054497
:107A700097E7BAF1000F73D01BF0040673D0D0461D
:107A8000002607F1480052463B61B96213F021FA23
:107A9000B96A3B6901EB0A02BA62FA69F9695200F4
:107AA000FA60BA6A02EB41023A610BF00202BA6074
:107AB0003A69B96A8A4258D162781BF0020F18BF3E
:107AC00000217A6208BF4FEA5801B2181BF0010F7B
:107AD000D2B240F09F801BF0040F14BF404600203C
:107AE000BB616270A070E17020463A6A7969FB6AF6
:107AF0009847051EFFF614AFBB69414623707B6AA9
:107B00003A6A6370FB6984F802A0E37007F14800E9
:107B1000FB6A9847B0F10008C0F2BA807B69A9EB14
:107B20000A01C91AFB683A6AC91AD7E90A039847D1
:107B30000028C0F2AF804FF0000BA84408EB00050E
:107B400007F1380AB34571D300213A6A0846FB6A47
:107B50009847E5E656464FF0000807F1380092E7EF
:107B60005646D04696E7B04694E7BA6A12F8021B2A
:107B700012F8015CBA6254F82500274A904202D3F9
:107B8000264A90421ED3BA6932B1786A7B600FF000
:107B900005F97B6800288BD1BA6802BB08F128027E
:107BA00007F1300C08F10100944407F1580208F184
:107BB000020852FA80F00CF8101C5FFA88F800F8FE
:107BC000105C75E7BA693AB1786A7B600FF0E6F845
:107BD0007B6800287FF46CAF1BF0010F09D006F121
:107BE000280207F13000711C161806F8205CCEB28E
:107BF0005EE71BF0040F3FF45BAF08F1280207F1CA
:107C0000300008F1010102EB000808F8105C5FFA8F
:107C100081F84DE7002063E724B00600FCF506007C
:107C20005CC906000400000160BC06001BF80A30B5
:107C300054F8239087F83730D7F884302BB3D7F82F
:107C400088309B4521D2D7F8843033F81B8001213E
:107C50003A6AFB6A07F13700984700281ADB0544A7
:107C6000B8F1000F06D14846FEF7BCFD00F101084F
:107C70001FFA88F8414648463A6AFB6A9847002846
:107C800008DB05440BF1010B5CE74FF00008DEE771
:107C9000454645E6054643E6014B1860704700BF80
:107CA000BC02012080B505460E46174698460DF0E9
:107CB00027FE034613F0ACF90446DFF8189042465D
:107CC00049F8003039463046A84754F8090001F019
:107CD00029FA00BF080000002DE9F047058B044693
:107CE0002807904611D4022905F0070540F0CC8002
:107CF00020460FF009FB78B10138218B042811D8F8
:107D0000DFE800F0C2106D85950001290CBF45F039
:107D1000100545F02005258388F31188BFF36F8F88
:107D2000BDE8F08701F0070AAA4500F0A58000270A
:107D3000B9463E46A368002B00F0BC8041F0080124
:107D4000218388F31188BFF36F8FA168002900F0A9
:107D5000BA800D68002900F0B680334652462046AE
:107D6000D1F80480C047002D76D02B6829461D46E7
:107D7000F0E701F007035A1F012A1BD8002221F067
:107D80000701062B276889B2C4E9002209D13B46C6
:107D900003E0628B013262831B68002BF9D141F052
:107DA0000201204621830FF0AFFA00287AD041F07B
:107DB000200176E0042B0AD121F0070189B2204688
:107DC00021830FF0A1FA10B141F020012183218B12
:107DD00001F0070AAA454FD00027B946AAE7236950
:107DE00021F0070141F00601062DD3F80090218310
:107DF0002DD1B9F1000F3FD041F00801218388F364
:107E00001188BFF36F8F20463949C84729E021F018
:107E10000701236941F0040189B2042DD3F80490CD
:107E20002183E6D000274FF0040A3E4682E721F086
:107E30000701236941F0050189B2052DD3F80890A7
:107E40002183D6D000274FF0050A3E4672E700276F
:107E50004FF0060A3E466DE72B4687E7B9F1000F63
:107E6000D1D1EFF31188402383F31288BFF36F8FD2
:107E7000238B23F008032383258BEA062ED525F0D8
:107E80001003238305F007056669218B002EBFF6DA
:107E900070AF00232768C4E9003321F0070141F0E7
:107EA00001012183218B4FF0000901F0070AAA4547
:107EB0007FF440AF002F9CD041F00801218388F36C
:107EC0001188BFF36F8F002FC8D03D683946334605
:107ED000524620460FF044FA2F46F4E7AB067FF5F2
:107EE0001BAF25F02003238305F0070500E700BF43
:107EF0008D7306002DE9F047044607464FF001094F
:107F0000DFF8508014B93846BDE8F08794FAA4F53C
:107F1000B5FA85F509FA05F32E0108EB05156FEAA8
:107F2000030A24EA03042B7B002BEBD058F806301D
:107F30001B694BB94644736804222846196807EA4E
:107F40000A070FF01CFBDDE7284698470028D9D127
:107F5000F0E700BFF8BC060030B5002289B00F4939
:107F60000F4812F024FF002200230024CDE906234D
:107F70000E230C4DCDE903344FF440722846CDE971
:107F80000144094B094900940DF006FA08492846B6
:107F90000DF088F9204609B030BD00BFB57F05005F
:107FA00070190120A0140120CD820500B8290520F8
:107FB00022CA060001480CF0C1BE00BFC80601205D
:107FC0002DE9F047804621480F460FF0BCFA0646DF
:107FD000002833D000252846BDE8F087237B83B1F5
:107FE0002368DB680BB120469847636883F80690E6
:107FF00023681B69D3B963680422204619680FF00F
:10800000BEFA013610345445E8D3B8F1000FE2D07F
:10801000002DDFD02846FFF76DFF0546002FF7D073
:10802000002140F2391012F0F3FDF1E720469847A5
:108030000028E0D009FA06F31D43E2E705464FF0B9
:108040000109034CDFF80CA0DDE700BF382F012049
:10805000F8BC060008BD0600014B53F8200070472D
:1080600028C1060008B5034608462BB1044A136030
:1080700000F070FC002008BD6FF01500FBE700BFAA
:10808000C002012010B5044C237813B903480CF04A
:1080900055FE0123237010BD1C1D0520C8060120BC
:1080A00010B5044609480FF04EFA3CB1084BD3E82E
:1080B000EF1F0139C3E8E21F002AF8D1054812F08A
:1080C00082FEBDE8104004480CF038BE302F01207D
:1080D000342F012070190120C8060120002001461C
:1080E000034BD3E8EF0FC3E8E21F002AF9D1704732
:1080F000302F012070B5FFF7F1FF0546074C084E01
:10810000B44200D370BD63685B792BB123685B68B0
:1081100013B12946204698471034F1E7F8BC060011
:1081200008BD060010B5044C044920460EF07EFF41
:10813000034B1C6010BD00BFEC05012014C10600FC
:10814000282F012000230D4A10B513700C4A0D4949
:1081500013600D4A0D481360FFF784FFFFF7E2FF3D
:108160000B4B0C4918468B4200D310BD1A1A5C68A1
:108170001211013222711033F5E700BF1D1D0520D9
:10818000302F012040420F00342F0120437506009C
:10819000F8BC060008BD0600014600220023014885
:1081A0000EF065BFEC05012001480EF0FEBF00BFD8
:1081B000EC050120024B014618680FF051B800BFD2
:1081C000282F012001480FF086B800BFEC050120E0
:1081D00070B5274B1878002849D0FFF7E5FF054612
:1081E000002841D1234B244C1B68002B19DD12F0D1
:1081F00096FD4FF47A75A0FB050647F61222002380
:1082000005FB0161FAF7BEFFD4E90032C01A40F263
:10821000E93361EB0201984271F1000101D3FFF7EC
:1082200069FFD4E9003213F57A7342F10002C4E920
:108230000032BDE87040FFF7C5BF63685B7923B1CA
:108240002368294620461B6898471034B442F4D36B
:108250002846FFF7AFFF094BD3E8EF1F0139C3E80A
:10826000E21F002ABED0F7E7054C064EEEE770BDD0
:108270001C1D0520302F012068190120342F0120FA
:10828000F8BC060008BD060070B50D4D297861B92F
:108290000120FFF795FE0B4C0B4EB44206D3FFF7BF
:1082A00097FF0028FBD101232B7070BD63685B79B9
:1082B0001BB1236820469B6898471034EDE700BF48
:1082C0001D1D0520F8BC060008BD060000212DE993
:1082D000F0470846FFF774FE044658B340F21B68A7
:1082E0004FF0000912F094FE1B4B1C4A1B58136000
:1082F00033B11B4B1B68092B02DD1A480CF01EFD25
:108300000025194FDFF85CA044B12046FFF7F2FDCD
:10831000044618B94FF0FF384FF0FF39FFF758FF08
:10832000064628B9B5B942464B4650460CF040FDCA
:108330003546E9E74FF0FF384FF0FF39D2E72B68B9
:108340009B691BB100222846114698471035BD4253
:10835000F5D3E8E7054DFAE7080000002C2F0120CF
:10836000342F0120C806012008BD0600F8BC060015
:1083700013B518480FF0E7F8174B1B7873B1EFF3FC
:108380001184402383F31288BFF36F8FFFF720FF20
:1083900084F31188BFF36F8F02B010BD0F4B1B68C1
:1083A000002BF9D050B9002200230D48CDE900235D
:1083B00047F6122200230DF0B7FDEDE70928EBD1B7
:1083C000074812F000FD074802B0BDE810400CF06D
:1083D000B5BC00BF342F01201D1D05202C2F01200E
:1083E00070190120C806012010B5064B04461B6811
:1083F00098472146A06004480EF0B8FEBDE8104042
:10840000FFF7B6BFC0020120EC050120044A054B6E
:108410009B1AB1EBD30F34BF52F8310000207047E4
:10842000C8BB0600F8BC06002DE9F04F8FB0C1F3C1
:108430004A2804AF0D469146B8607B600C0DB8F138
:10844000000F63D000264FF0040B4FF00A0A07F12B
:108450001403C7F80C80C7E907667E620193CDF864
:1084600008B0CDF800A007F11C0332464846F96871
:10847000FFF72CFAB0F5006F03461CD36C468AB0A8
:10848000D9F8041004AB26481A46C3E9050140F2A6
:10849000FF71D9614FF400711984224B42F8103FEB
:1084A0004FF4125133462048FFF7BEFFA5462C3744
:1084B000BD46BDE8F08FC0F30A0804F11700184468
:1084C00020F0070080083B60FFF766FE68F3532545
:1084D000044690B13B6800F11001C7E9083607F186
:1084E0001403F961CDE900A3CDF808B048460F4A5E
:1084F000F96807F11C03FFF7E9F968F353252A46E9
:1085000020467B68B9680FF05AF8D0E704F11700ED
:1085100020F007008008FFF73FFE0446EDE700BFAC
:1085200037CA06000400000180BC060091750600F1
:108530002DE9F04F87B00446DDE9105ADDE91279E4
:10854000934698460391BFB13B4652461021002006
:10855000CDF80090CDF81490FEF7E6FFB0F5006F6F
:1085600006460AD340F2FF730221174A174807B0A4
:10857000BDE8F04F0FF07CB83E4605F117003044DF
:1085800020F007008008FFF707FE04F007040BF057
:10859000070BE40044EA8B1444EA462444EA0554F9
:1085A000054640B13FB13B4652463146CDF80090BA
:1085B0001030FEF7B9FF434622462846039907B01C
:1085C000BDE8F04F0EF0FBBF76CA060080BC060087
:1085D000406820B1034BC01A40F3CF0070474FF002
:1085E000FF307047C8BB06000EB403B503AB53F8A9
:1085F000042B01460448019301F0DEF802B05DF857
:1086000004EB03B0704700BFD3760600CA0605D45A
:108610008B064CBF02490349FFF7E6BF704700BF16
:10862000AFCA0600AECA06002DE9F04F89B09B46DE
:10863000149B9DF84CA00693159B04460593169B2E
:108640000D469046179E0493BAF1000F00F09D80EE
:1086500006F4807307930EF090FF06F002090246BD
:1086600000283ED020469149FFF7BEFF0746B9F1EA
:10867000000F08D016F0440F35D12A4620468C4909
:10868000FFF7B2FF074406F0010353B1894B2046C0
:1086900053F82A20884B8949002A08BF1A46FFF759
:1086A000A3FF06F48073002B49D006F00803002BCB
:1086B00063D1B8F1000F66D0424620468049FFF7EB
:1086C00093FF0546069B3D44002B6DD1049B002B78
:1086D00073D1F30700F1E48031462046FFF796FF9F
:1086E000D8E00746C3E7774B18680028CAD0764B16
:1086F0004FF47A791B684FF03C0CB5FBF3F5B5FBF2
:10870000F0F14FF4616300FB115509FB05F5B1FB76
:10871000F3F2B5FBF0FE03FB121100FB1E55B1FB9B
:10872000FCF309FB05F5B5FBF0F50CFB1311204636
:108730000091CDE901E56549FFF756FFA2E706F094
:108740000803EBB1624B204653F82A206149FFF73A
:108750004BFF0546B8F1000F05D042462046584968
:10876000FFF742FF0544BBF1000FABD05A4620464D
:108770005949FFF739FF0544A4E74FF0000BE1E743
:1087800006F00805E6E745469CE7BBF1010F069BAE
:1087900006D1002B64D1049B002B7BD000250CE07C
:1087A000002BF8D04D485CE04D48069B22464D49D1
:1087B0000EF0C3FA049B002B68D0DFF82C81DFF8A1
:1087C0002C91049F3146102F204628BF10274FF0D0
:1087D000000BFFF71BFF5D4545DC059B4946204626
:1087E0001A78FFF701FF4FF0010B1BF0070F03D1C1
:1087F00041462046FFF7F8FE5F453BD9059B4946B9
:10880000204613F80B20FFF7EFFE0BF1010BBBF135
:10881000100FEAD14FF0000B20463549FFF7E4FE78
:108820005A46059B20469A5CA2F120015F2928BF89
:108830002E223049FFF7D8FE0BF1010BBBF1100FD0
:108840001DD01BF0070F03D141462046FFF7CCFE99
:108850005F455A46E5D841462046FFF7C5FEEBE79F
:108860001F485546A1E741462046FFF7BDFE0BF1E4
:10887000010BB0E720462049FFF7B6FEC5E7059B90
:108880003B440593049BDB1B04939AD1BAF1000F80
:108890007FF41FAF204609B0BDE8F04F0EF00CBFCB
:1088A0002046054A0549FFF79FFE15E7B6CA0600B0
:1088B000BACA060038C10600B1CA06007ED6060054
:1088C000DFCA0600402F01203C2F0120C3CA06004A
:1088D0004CC10600E3CA0600E9CA0600017706009B
:1088E000D3760600B9970500F6CA0600EECA060060
:1088F000F8CA0600FACA0600F4CA060042F20F736C
:1089000073B58B4228BF0B460568044605216846AF
:108910000D4A0DF02DFD0646636828460B225B6864
:108920000A490EF0BBFE63683246694628465B681A
:108930000EF0B4FE63681B2228465B6804490EF003
:10894000ADFE02B070BD00BFB4F2060019CB060048
:10895000FDCA060000210123064A904206D8064AB5
:1089600001B901231360054B1860704701214008CD
:108970005B00F2E740420F003C2F0120402F012016
:10898000F8B50D460446064F4618B44201D12846B4
:10899000F8BD14F8011BBB6801485B689847F4E711
:1089A000ACB10600014B03600020704794C1060083
:1089B00008B505480EF01BFA04480EF018FA0448F2
:1089C0000EF015FA002008BD68CB06009CCB06000F
:1089D000CFCB0600034B9B681BB1481E18BF01207C
:1089E00018477047702F012010B51C46034B1146E5
:1089F0001B680BB122469847204610BD702F0120FE
:108A0000024B5B6803B11847704700BF702F01200D
:108A100030B1044B02681A6042685A6082689A60FA
:108A200000207047702F012070B50E461546044691
:108A300086B000211822684612F058FA0B490C4BF8
:108A4000CDE90116ADF80C5004932CB969462046C7
:108A500006F02EFD06B070BD0122204606F0D4FAC5
:108A60000028F3D16FF01500F4E700BFBCC1060089
:108A7000018A050008B50348034A0021121A0EF0C6
:108A8000BBFE08BD48080120B4210520074808B5F1
:108A9000074A0849121A0EF0B1FEBDE80840064820
:108AA000064A0749121A0EF0A9BE00BF00000120B5
:108AB00044080120FCF50600000001200000012010
:108AC000FCF506002DE9F04706460C4600AF0029EC
:108AD00036D0D1E90012E9468AB06D46A3684FF05E
:108AE000050AA8461F48C5E90723C5E9050148F856
:108AF00010AF002342464FF421511B48FFF794FC6E
:108B0000D4E90312CD466369AD461848C5E9072389
:108B1000C5E90501C5F810A0002342464FF42151D4
:108B20001148FFF781FCCD46E3690121104A0E4848
:108B30000EF09EFDA36901210E4A0B480EF098FD30
:108B4000012E07D1EFF305830B4A31460648103B4F
:108B50000EF08EFD214630460BF046FDBD46BDE8C9
:108B6000F08700BF59CC0600C8BC060088CC0600C0
:108B7000B7CC0600C6CC0600F4CC060030BFFFF729
:108B8000FDBF00BF2DE9F04105460B4EDFF82C80FC
:108B9000324606EB0807CC1B2046094912F099F92A
:108BA000A01942460021083C12F0A0F9C5F8B840CF
:108BB00007F10800BDE8F08100000000040000009B
:108BC0004CBD0600054B5A699B689A421FBF044A78
:108BD000536843F080535360704700BFB0340120A6
:108BE00000ED00E070B52A4C06460D4629482A499A
:108BF0000EF011FEA36ADB0647D5264827490EF082
:108C00000AFE1120A36A1C0704D5224824490EF04D
:108C100002FE12201E4CA36A990712D521491D4855
:108C20000EF0F9FD636BA26A120609D501211E4AF6
:108C300018480EF01DFD1EB1A36A23F08003A36245
:108C40001320134CA36ADE0704D5124817490EF00F
:108C5000E2FD1420A36A9C0604D50E4814490EF0C8
:108C6000DAFD15200A4B9A6AD10658BF9A6A9A6AA9
:108C7000920642BF5A6A22F400525A629A6A42F03D
:108C8000FF029A6200232B7070BD1020BAE700BF6C
:108C900000ED00E0C8BC060007CD06001DCD0600B3
:108CA00050CD060063CD06007BCD060091CD0600B9
:108CB000B0CD060010B5244C244925480EF0ABFD7C
:108CC000A36A99013ED5224822490EF0A4FD1E2038
:108CD000A36ADA0104D51E481F490EF09CFD1F202F
:108CE000194CA36ADB0204D519481C490EF093FD08
:108CF0002020A36A1C0304D5154819490EF08BFDEA
:108D00002120114CA36A590304D5114815490EF0CE
:108D100082FD2220A36A9A0304D50D4812490EF061
:108D20007AFD2320084CA36ADB0304D508480F49C9
:108D30000EF071FD2420A36A6FEA03436FEA134328
:108D4000A36210BD1D20C3E700ED00E0DFCD0600EB
:108D5000C8BC0600F7CD06000ACE060024CE0600E9
:108D60004ECE06006CCE060091CE0600ABCE0600BD
:108D700070B5294C06460D46284829490EF04BFD92
:108D8000A36AD9043CD5254826490EF044FD172096
:108D9000A36A1A0504D5214823490EF03CFD18208A
:108DA0001D4CA36A9B0512D51C4820490EF033FDCB
:108DB000A36BA26A100409D501211D4A17480EF0C1
:108DC00057FC1EB1A36A23F40043A3621920124C7E
:108DD000A36A590504D5114816490EF01CFD1A2046
:108DE000A36ADA050ED50D4813490EF014FD1B20B9
:108DF000094A936A43F47F43936200232B7070BD4A
:108E00001620C5E7A36A9B04F2D504480B490EF06F
:108E100002FD1C20ECE700BF00ED00E0C8BC06002E
:108E2000D6CE0600ECCE060050CD0600FDCE0600E4
:108E300016CF06002BCF060046CF0600B0CD0600A9
:108E40002DE9F0478AB0694B0446D3F804A089465F
:108E50001646002500AFCAF3080885F31188BFF352
:108E60006F8F02F07F43B3F17F4F1ED1D3071CD425
:108E7000500603D4110708D4012508E05C495D4879
:108E80000EF0C9FC16F0040600D04C460025002365
:108E9000FB71A8F10303092B00F28680DFE803F0E1
:108EA000077C7F788484848484822C46EFE752494F
:108EB00050480EF0B0FC00234C4EFB71F36A9A0749
:108EC00005D54E494B480EF0A6FC002329E0F36A75
:108ED000002B01DA4A49F5E7F36A5B00F5D5494909
:108EE00044480EF098FC7369A26943F4807373617F
:108EF000BFF34F8FBFF36F8F736932F8022C23F4E7
:108F000080737361BFF34F8FBFF36F8F4DF60273A2
:108F10009A4228D1236801213B4A36480EF0A8FB2B
:108F20002368FA79DAB907F1080604F1200C324611
:108F300020686168083403C264451646F7D17A6A2E
:108F4000002D4ED0C2F3080121B96FEA52226FEA18
:108F500042227A62184607F10801FFF7B3FD28376D
:108F6000BD46BDE8F087B36ADBB223B10120F91D2D
:108F7000FFF738FE0EE0B36A13F47F4F04D00120F0
:108F8000F91DFFF7F5FE05E0B36AB3F5803F9CD30A
:108F9000FFF790FE0346C4E70020F91DE8E7002034
:108FA000F91DEEE719498DE7194A6E461AF4F87F64
:108FB0008AB0184B18BF13466A461749C2E9051311
:108FC000A8F11003D3614FF400731384134B42F8DC
:108FD000103F00234FF411510648FFF725FAB5461C
:108FE00073E722F4FF7222F00102B2E700ED00E025
:108FF0008CCF0600C8BC0600AFCF0600C6CF060067
:10900000E7CF0600F5CF060014D0060030D00600EA
:1090100073CF06005ECF060054D0060004000001A6
:10902000044B5A6942F010025A615A6922F0080250
:109030005A61704700ED00E0EFF30880EFF309811B
:1090400001B57246FFF7FCFE01BD00BF002080F3B2
:109050001488BFF36F8F002080F30A8880F30B8899
:10906000104880F3088800200F4908700AF076FE47
:1090700000200E490860BFF34F8F00F02DF840200C
:1090800080F311880A484FF40061401880F3098882
:10909000EFF314800221084380F31488BFF36F8F2D
:1090A00000F0E2F8E8560520B121052094ED00E03B
:1090B000A8490520002318460649D1F89020C2F39C
:1090C0000722934200DB7047C1F89830C1F8A00036
:1090D0000133F6E700ED00E010B572B6002484F32A
:1090E0001388FFF7E7FF23464FF0FF300C4A03F1E8
:1090F00020010133102B42F82100F8D100234FF05A
:10910000FF30074A03F160010133102B42F82100C0
:10911000F8D162B6BFF34F8FBFF36F8F10BD00BFA2
:1091200000E100E0084B9B6883420BD1EFF305831D
:1091300043B1064B5A6842F080525A605A6A22F490
:1091400000425A620CF0E2BBB034012000ED00E0B6
:1091500014498A6882F8C5E04FF030001044EFF3FC
:10916000098C80E8F01F402080F31288BFF36F8FD6
:109170000D4F4FF000664A698A603E60D2F8B80031
:109180000A4C206092F9C5E0D2F8BC000023C2F876
:10919000BC3080F3118802F1300090E8F01F8CF3AE
:1091A00009887047B034012004ED00E07C2F0120D5
:1091B0001EF0040F0CBFEFF30880EFF30980816904
:1091C00011F8021C0229FFD001B572460EF018FBFF
:1091D00001BD00BF00B2002807DB01234109034A9B
:1091E00000F01F00834042F82130704700E100E0AA
:1091F00000B200280CDB01220649430900F01F00E1
:109200008240203341F82320BFF34F8FBFF36F8F8D
:10921000704700BF00E100E0D30748BF002100B263
:1092200058BF02310028ACBF00F16040064A4FEA47
:109230004113DBB2ABBF00F5614000F00F0080F8D6
:1092400000331354704700BF14ED00E0044B054A8F
:1092500023F07F039360BFF34F8FBFF36F8F70478F
:1092600000A0040000ED00E008B5FFF7EFFF074A9B
:10927000D2F8883023F47003C2F88830FFF7FAFB85
:10928000FFF704FC00F048F80BF0D2FA00ED00E024
:109290004FF43C41C0F8C41042F8203C009B0B49FD
:1092A00042F81C3C019B21F0010142F8183C029B52
:1092B00042F8081C42F8143C4FF0807342F8043C1A
:1092C0000023203A0265C0F8BC307047A57C050039
:1092D00000B50C4B15469860D0F8B8200A4B0E46E6
:1092E0001A602C4686F309880020044B98472046D4
:1092F000002100220023024C204700002D780600A8
:10930000A57C0500B03401207C2F01201022014BE8
:109310001A61704700ED00E0002340210448C218A4
:109320000133B3F5917F82F80013F8D1704700BF85
:1093300000E100E008B5EFF30583064A103B02EBBD
:10934000C30152F8330049688847BDE80840FFF779
:1093500039BC00BF00B206001FB5094C094A2346BC
:109360000121094800F012F900230393074B012162
:10937000E41A01A80193029400F012F904B010BDA0
:1093800040FE0720000001200CC206004808012012
:1093900010B50C7A0B6804F01F0223F01F031A4368
:1093A000CB68640923F01F03054943EA440343F0F3
:1093B0000103C1F89800C1F89C20C1F8A03010BD8D
:1093C00000ED00E010B50A4BD3F89030C3F307234B
:1093D000013B984208D901210346064A06480EF08F
:1093E00047F96FF0150010BDFFF7D2FFFBE700BF94
:1093F00000ED00E06BD00600A8BC06002DE9F04FA0
:109400008946144606464FF00008514D85B0C845C0
:1094100027DAD6F804A0BAF1000F44D0BAF11F0F32
:1094200017D91AF01F0F14D1D6F800B01BF01F0F78
:109430000FD158460EF01DFA07460AEB0B00013813
:109440000EF017FA874210D06FF01507414A3B46DD
:1094500001E04346404A012140480EF009F96FF00F
:109460001504204605B0BDE8F08F17F1160FEDD0BA
:10947000BC42EBDDC5F89870D5F89C10C5F8987023
:10948000D5F8A03021F01F0143F01F0BD6E90032C0
:109490001A44994202F1FF3A1DD1D34507D1314612
:1094A000F8B20EF0EFF908F101080C36AFE73146DB
:1094B000C5F89870D5F89C3022F01F0203F01F0306
:1094C0001343C5F89C30E0B20EF0DCF910F1160F32
:1094D000C5D0441CE7E7C5F89870D5F8A020013B3B
:1094E00023F01F0302F01F021343D3453146E0B2BD
:1094F000C5F8A030E8D00EF0C5F910F1160FAED0C7
:10950000C5F89870D5F89C209DF808300BF1FF3B0A
:1095100062F304038DF80830D5F8A0309DF80820D8
:109520005B0863F347128DF80820D6E90032134434
:10953000009323F01F035B44A3EB0A03013023F0E5
:109540001F036946C0B20393FFF73CFFBEE700BFAD
:1095500000ED00E0B4D0060091D00600A8BC0600E3
:109560000522044BC3F89420BFF34F8FBFF36F8FD6
:10957000704700BF00ED00E0BFF35F8F0022024B99
:10958000C3F89420704700BF00ED00E010B5034C15
:109590002278FFF733FF207010BD00BF1F1D05208C
:1095A0002DE9F74F294D8A4606464FF00008AB4695
:1095B000274FD0451BDAD6F80490B9F1000F3FD001
:1095C0003168084601910EF054F90199044609EBFF
:1095D000010001380EF04DF984424FF014021D4B8A
:1095E00008D002FB08F36FF015024BF8032003B01C
:1095F000BDE8F08F14F1160F2C60F8D01978A14255
:10960000F5DD02FB08B0C7F89840C7F89840D7F8D6
:109610009C4000F10801007B64F304000871D7F856
:10962000A0000C79400860F347140C71D7F89C1027
:1096300021F01F016960D7F8A01021F01F012961F6
:1096400008F1010814350C36B3E700BF802F012064
:1096500000ED00E01F1D0520F0B55249524CD1F835
:1096600090302568C3F307239D4287B000F29680AF
:109670000020FFF781FF4D4BC1F8C030854216D165
:109680004B4C01A82570FFF78DF900250646494F80
:10969000AE4213D1002023784249D1F89020C2F382
:1096A0000722934274DBFFF75BFF002043E0616811
:1096B00001EB0011FFF76CFE0130DFE70199280193
:1096C00001EB0513DA683A40B2F5800F42D007D8B3
:1096D000B2F5801F15D0B2F5001F2ED00135D7E7A7
:1096E000B2F1006F43D0B2F1805FF7D15A689B6846
:1096F0000958013B22F01F00034423F01F030120FF
:1097000032E05A689B680958013B22F01F0003446D
:109710000120844623F01F0340EA4C10CDE90221CA
:109720008DF8100002A920780593FFF74BFE002862
:109730002ADA6FF0150007B0F0BD5A689B68095827
:10974000013B22F01F0003444FF0020C012023F0E4
:109750001F03E1E75A689B680958013B22F01F008C
:109760000344062023F01F034FF0000CD4E75A688F
:109770009B680958013B22F01F0003444FF0030C83
:10978000012023F01F03C7E7237801332370A5E7E7
:10979000C1F89830C1F8A00001337EE74FF0FF30E8
:1097A000C9E700BF00ED00E018C20600AAFF4400B0
:1097B0001F1D05200000F0FFF0B587B007460E46DC
:1097C00014460021102268461D4611F08FFB02232B
:1097D0008DF80230054B2A4621466846CDE90476CD
:1097E00001930CF0F1FD07B0F0BD00BFB7780600A3
:1097F00008B502480CF09CFDFEE700BFE6D006006D
:1098000008B5024B1B689847002008BD942F012023
:10981000034B044A1860937843F002039370704737
:10982000942F01200003012008B50549054A21F0C5
:1098300007010548521A0DF028FA002008BD00BFA4
:109840005B89052040FE0720982F012070B54169F3
:109850000446867A0A4D59B1437ADB0706D42C2395
:1098600003FB06535B6A1B689B6898470023636190
:109870002C20214606FB0050BDE8704010F0D4BFFC
:10988000100701202C22024B02FB0030704700BF62
:10989000100701202C21827A054B01FB02339A6AC2
:1098A0001B7F801A1B3323F00303B0FBF3F07047D8
:1098B0001007012038B52C24827A064B04FB0233B2
:1098C0005B6AD3E901240C601568FFF7E3FF04FB32
:1098D000005038BD100701202DE9F04385B0054642
:1098E000684690461C46039111F01BFADDE90067BB
:1098F000EFF31189402383F31288BFF36F8F6B8BD3
:10990000002B41D02A8B9A4225D9002200232846D9
:109910000BF0E2F90446F0B189F31188BFF36F8FC1
:10992000039B002B41D032463B46684611F01EFA9D
:109930002C21A27A254B204601FB02335B6A03A946
:109940001B681D68DDE90023A847606170BB2046E5
:10995000FFF77CFF24E0698B4B1E6B8389F3118832
:10996000BFF36F8F2B7F2A8BAC6A1B3323F003036B
:10997000521A02FB0344154B154AEB1A9B10534332
:10998000A3722B7FE372CBE789F31188BFF36F8F4C
:109990002346424628460BF09FF904460028BFD1D3
:1099A0000024204605B0BDE8F08363610123002553
:1099B0002381039B29466382E27A656004F11800E3
:1099C00011F094FA63692582E360EAE71007012049
:1099D000A38B2EBA70B52C250C4C00B970BD037A40
:1099E0004668002BFAD0013BDBB20372002BF5D1A5
:1099F000C3604360837A05FB03431B6A13B1984736
:109A00003046EAE7FFF722FFFAE700BF1007012020
:109A1000024B034A00201A60704700BFAC050120CA
:109A20000020A10748B1054B054A1B68B3FBF2F3C0
:109A30005843044B43F0010318477047AC0501201D
:109A400040420F00D0C006000E4B402928BF4021E5
:109A500070B51D460C4C4618B04203F1020304D108
:109A6000002305F81130074870BD02781209A25C86
:109A700003F8022C10F8012B02F00F02A25C03F88D
:109A8000012CE9E73E1D052065D1060030B50378BD
:109A90008BB0044607AD032B21D8DFE803F0021A90
:109AA0001C1E12492846FCF795FE059563781E2179
:109AB0000493A3780E4A0393E3780E480293237924
:109AC000019363790093A3790CF052FC09480BB021
:109AD00030BD0949E6E70949E4E70949E2E70A2117
:109AE0002846084A0CF044FCDFE700BF20D10600FE
:109AF00042D10600201D052027D106002ED10600E8
:109B000038D10600EEEE060030B500240A4D0B4BAE
:109B100087B028460393CDE9044410F05DFF03AB02
:109B20002846009340F638020A2305490BF0DEFA76
:109B3000204607B030BD00BFA81901207DD1060026
:109B4000B82C0520014601480BF010BBA8190120D4
:109B50000146014810F015BFA8190120037830B55F
:109B6000012B13D0022B27D07BB90A46184B03F1E7
:109B7000100453F8045BA34242F8045BF9D11B784C
:109B8000137043884B731B0A8B7330BD0A46104B0E
:109B900003F1100453F8045BA34242F8045BF9D1CB
:109BA0001B7813704368C3F307224B731B0CCB73F2
:109BB0001B0A8A730B74E8E700F1100350F8042BBA
:109BC000984241F8042BF9D103780B70DDE700BF10
:109BD00086D1060010B50DF0CFFF10F05FFF0B4CE3
:109BE00018B1D4E8AF3F63B910BD0BF095FDD4E8D0
:109BF000AF3F1BB9BDE810400BF0A2BD0A2098474B
:109C0000F8E70A20BDE81040184700BFA42F012044
:109C100038B5044608480DF05FFE054648B1631E9E
:109C2000DBB21F2B96BF054A0021D15C0C300DF032
:109C3000C2FE284638BD00BFEC07012097D10600C0
:109C4000034BD3E8EF2FC3E8E10F0029F9D17047A8
:109C5000A42F01200F2810B50CD80D280CD90A48C4
:109C60000DF03AFE044618B104210C300DF0A3FEAD
:109C7000204610BD1328F2D009B10448F0E70220B5
:109C8000BDE81040FFF7C4BF180801206807012095
:109C9000C36802211B78024A02480DF0F5BF00BFDD
:109CA000C6D1060018BC060070B5C6683378B6F891
:109CB000014083B90F21204602F01AFEF3780546D1
:109CC00050B90A4A118831B96FEA04506FEA10504E
:109CD0001080074A137070BD0373012102F01EFD4E
:109CE0002846BDE8704002F0DDBC00BFFC1C05202A
:109CF000BF1D052070B5C3681D78BDB9B3F80160FC
:109D00000F21304602F0F4FD044638B93346BDE871
:109D100070400121064A07480DF0B6BF294602F0FF
:109D2000FDFC2046BDE8704002F0BCBC70BD00BF29
:109D3000EED1060018BC060010B5C3680121B3F8C7
:109D40000140204602F0D4FD38B92346BDE810405A
:109D50000121044A04480DF097BFBDE8104002F00D
:109D6000A1BC00BF14D2060018BC060010B5C36821
:109D700001211C88204602F0BBFD38B92346BDE80E
:109D800010400121034A04480DF07EBFBDE8104099
:109D900002F088BC14D2060018BC0600012110B5E0
:109DA0000C300DF029FEBDE8104003780121024A75
:109DB00002480DF069BF00BF38D2060018BC06008B
:109DC000014610B508480DF08BFD0849084810F011
:109DD000D8FD031E06DABDE810400121054A0648F9
:109DE0000DF052BF10BD00BFCC010120880401203E
:109DF000781B01205AD2060018BC060010B50024BA
:109E0000084B86B0039303AB00934FF462724FF09C
:109E1000FF3305490548CDE904440BF067F92046B6
:109E200006B010BD77D20600F0340520901A01204C
:109E300010B5084C0146062294F86F0003F0B2F802
:109E400038B994F86F000522BDE81040024903F0CC
:109E5000A9B810BD8000012006D106000121024AE8
:109E600002480DF00FBF00BF87D2060018BC0600E5
:109E70000B46B0B50D8A00AF04462946D868FFF7F7
:109E8000E3FD8AB06A46094BC2E90750C2E90534CE
:109E900040F202439384064B4FF43251054842F896
:109EA000103F0DF0FEFEBD46B0BD00BFA1D20600C2
:109EB0000500000118BC060070B5C5680121B5F8A1
:109EC0000160304602F014FD044638B93346BDE85F
:109ED000704001210B4A0C480DF0D6BE2B783BB9DF
:109EE000D5F80330C0F89930D5F80730C0F89D3068
:109EF000201D4FF480310DF0C9FE2046BDE87040B2
:109F000002F0D0BB14D2060018BC06002DE9F04FB9
:109F100083B00123D0F80C80018A98F8004000AF8C
:109F200003EB84038B425ED96D468AB06A46C2E970
:109F3000073105232E484FF42151C2E905042D486D
:109F400042F8103F0DF0ADFEAD460C37BD46BDE802
:109F5000F08F4B460121284A26480DF095FE013529
:109F600098F800309D42F0DA08EB8503B3F80190D1
:109F70000F214846B3F8036002F0BAFC04460028FB
:109F8000E7D000F1C00936B1636943B95A460121EF
:109F900018480DF077FE204602F084FBDFE7A16948
:109FA0001A688B422046626108BFA2617B6002F0A2
:109FB000A1FA0AF0C3FE7B68C3F800A0226A7AB94E
:109FC000C4E90733D9E8EF3F013BC9E8E23F002A83
:109FD000F8D100212046013E02F098FAB6B2D2E74D
:109FE00013602362EEE70025DFF810B0AA46B7E75A
:109FF000C3D2060018BC0600EED206000AD3060043
:10A0000037B50446084602EBC3039A4202D16FF00B
:10A010005E0010E0114611F8085BA54211D1038AD9
:10A020005178994209D908480121084A00940DF055
:10A0300029FB6FF0150003B030BD5368984700202E
:10A04000F9E70A46E1E700BF18BC060021D3060085
:10A050002DE9F8430C460BF05FFBE168238A0A7890
:10A06000022A71D0042A0BD0134601213B4A3C48F6
:10A070000DF00AFE2046FFF7ADFC6FF015040AE074
:10A08000022B0DD8374A364801210DF0FDFD204640
:10A09000FFF7A0FC00240BF053FB2046BDE8F8833B
:10A0A00048783E280AD1032B01D12F4AEBE7CB7821
:10A0B000012B01D00A2B47D1032604E00DF0D0FD7F
:10A0C0000646F0073ED504F10C0528460DF0ACFC21
:10A0D000012107462846B4F810900DF085FC0221B6
:10A0E00028460DF089FC804600783E2816D1E368AA
:10A0F0001B78012B2CD00A2B2AD0022541F27B138E
:10A100001A4A1B491B480CF07FFE002383F3118879
:10A11000BFF36F8F0323184602DF04E00DF0A0FDAC
:10A12000C1070546EAD5144A0623214698F80000DF
:10A130000DF0EEFDAA070DD56369A4F8109013FA8F
:10A1400087F7E760B307A5D52046FFF739FEA1E7FB
:10A150000325E8E72046FFF73DFCF3E7E9D30600D7
:10A1600018BC060043D306005FD306007FD3060069
:10A17000B3D30600CCD30600C8C2060010B5012137
:10A1800004460C300DF038FC2146BDE81040022397
:10A19000014A00780DF0BCBDF8C2060073B53E4818
:10A1A0000DF0B3FB0446002873D000F10C052846DF
:10A1B0000DF02AFC0228034603D0042847D0374A72
:10A1C00003E0238A032B05D8354A012135480DF0D9
:10A1D0005BFD13E0042128460DF00EFCFF234288AE
:10A1E00006882376238AC6F30B009A42608309D03F
:10A1F000012100922B482C4A0DF044FA2046FFF72B
:10A20000E9FB12E00F2102F073FB054610B9638BE6
:10A21000264ADAE702F092FB21462076320B2846E6
:10A2200002F0C6F9284602F03DFA214BD3F84C3132
:10A230007BB32049204810F0A4FB031E29DA01213A
:10A240001E4A184802B0BDE870400DF01DBD2846FA
:10A2500002210DF0D1FB054600783E2812D00DF00A
:10A26000FFFC10F002060DD140F6B243144A154926
:10A2700015480CF0C9FD86F31188BFF36F8F0323D7
:10A28000184602DF06232146104A28780DF040FDCB
:10A29000B4E702B070BD00BFCC01012092D406002B
:10A2A000FDD3060018BC06001ED4060042D40600EA
:10A2B0008000012088040120781B01205AD206006A
:10A2C0007FD3060064D40600CCD3060008C3060082
:10A2D00010B5012104460C300DF08EFB2146BDE87F
:10A2E00010400823014A00780DF012BD38C3060063
:10A2F000F8B50121044600AF0C300DF07DFB067867
:10A30000002321463046104AFFF77AFE5F3018D10D
:10A31000258AE0682946FFF797FB6C468AB06A46B3
:10A320000A4BC2E90750C2E9053640F20243938462
:10A33000074B4FF43251074842F8103F0DF0B1FC83
:10A34000A546BD46F8BD00BF78C30600A6D40600EA
:10A350000500000118BC06002DE9F74F00238046D8
:10A3600089461746DFF804A1DAE8EF4FCAE8E23F72
:10A37000002AF9D1264644B9434601213C4A3D48CA
:10A3800003B0BDE8F04F0DF07FBC2046FFF782FA26
:10A390004FF00C0B384D0BFB0050438843451BD04E
:10A3A0002046FFF777FA0BFB00504388012100930A
:10A3B000324A43462F480DF065F9DAE8EF3FCAE824
:10A3C000E26F002AF9D1002B4DD01E46304603B073
:10A3D000BDE8F04FFFF7FEBAA74208D020460DF0C7
:10A3E00076FA3A8AF96804F10C000DF0DBFA20469F
:10A3F000FFF750FA0C2707FB00504368ABB1B9F1E7
:10A40000000F12D12046FFF745FA012107FB00504B
:10A410004268D2E90003127A03F01F07B9405B09D2
:10A42000DAB100EB83000DF031FC2046FFF732FA81
:10A430000C2707FB00508368002BC7D02046FFF78E
:10A4400029FA784305F800902046FFF723FA07FB26
:10A450000055A8680AF072FCB8E7C94300EB830016
:10A460000DF022FCE1E703B0BDE8F08FC801012048
:10A47000D8D4060018BC0600A82F012000D506007D
:10A4800073B5C5680121B5F80160304602F030FAB5
:10A49000044640B9334601213B4A3C4802B0BDE87E
:10A4A00070400DF0F1BB2B78061D1A2B19D1C37823
:10A4B000012B50D14FF4804130460DF0E7FB4204B0
:10A4C0000FD4D4F88C3069460093D4F894302046E9
:10A4D000019303F037F8204602B0BDE8704002F067
:10A4E000E1B82B78BBBB40F2E242B5F80330284913
:10A4F0005343C4F88830B5F80520A4F89020B5F887
:10A500000720A4F89220A3F5EA520C3A8A4204D913
:10A510000221204A1D480DF0B7FBB4F89030B3F586
:10A52000FA7F04D302211C4A18480DF0ADFB40F617
:10A530007641B4F89230A3F10A0292B28A4204D969
:10A540000221164A11480DF09FFB6FF480513046EE
:10A550000DF0AAFB13E0D6E8AF3FDB04F5D52B786E
:10A56000202BF2D194F89830002BEED0013B84F8E8
:10A5700098300B4A002304F140000AF021FE2046E7
:10A5800002F0B2FBA7E700BF14D2060018BC060019
:10A5900095F03C0033D506005AD5060081D506005B
:10A5A0005A620200B0B53C28044600AF1AD101F04F
:10A5B00087FA6FF4807110300DF076FB0020FFF702
:10A5C00037FC054630B90121114A12480DF05AFBFB
:10A5D000BD46B0BD0473002102F0A0F8284602F089
:10A5E00061F8F5E76D468AB06A460B4B4FF412519D
:10A5F000C2E90530094B0748D36140F201331384A7
:10A60000074B42F8103F0DF04CFBAD46E0E700BFB2
:10A61000ADD5060018BC0600CED50600B0CA0600AF
:10A6200004000001054BD3E8AF2F02F00B02D3E882
:10A63000EF1FC3E8E02F0028F9D170475401012033
:10A6400010B5C1E900239DF808300C460B72FFF7E6
:10A6500021F90C22024B02FB00335C6010BD00BFED
:10A66000A82F0120F8B502460B4610480DF034F92A
:10A670000446C0B104210C300DF083F92046FFF7E9
:10A6800009F90C2700260A4D07FB0050468020469A
:10A69000FFF700F907FB005086602046FFF7FAF845
:10A6A00007FB00556E602046F8BD00BFC0070120C3
:10A6B000A82F012029289ABF014B185C0920704758
:10A6C00001DA060070B5C3680F21B3F801601D7888
:10A6D000304602F00DF9044638B93346BDE8704003
:10A6E0000121174A17480DF0CFBA65B12846FFF788
:10A6F000E1FF29460246204602F0AEFB2046BDE8B7
:10A70000704001F0CFBF8678012EEFD106F00EFA2F
:10A7100020460DF08DFA0028E8D10520FFF7CAFF8A
:10A7200005210246204602F097FB3146064A0548BD
:10A730000DF0A8FA052120460DF058FDDEE700BF18
:10A74000EED1060018BC0600EAD506002DE9F0415E
:10A75000C6680F21B6F801703578384602F0C8F89F
:10A76000044638B93B46BDE8F04101211F4A204864
:10A770000DF08ABA45B12846FFF79CFF29460246EC
:10A78000204602F069FB08E0F278C37A934209D1CF
:10A790000221184A16480DF077FA2046BDE8F0412C
:10A7A00001F080BF8378C272012B05D00020FFF733
:10A7B00081FF00210246E3E70AB106F0B7F920461F
:10A7C0000DF036FA0028F1D10520FFF773FF0521BF
:10A7D0000246204602F040FB0121074A04480DF0E2
:10A7E00051FA052120460DF001FDD6E7EED1060015
:10A7F00018BC060010D60600EAD5060010B50446BF
:10A8000092B048226846064910F063FB112C9DBFA8
:10A8100012AB03EB840454F8480C024812B010BD8C
:10A8200064BD06003FD60600034B0146D3F86C0119
:10A8300082689268104700BF800001202DE9F84F20
:10A84000042100AF45480DF021FA6D4688B06A46F4
:10A85000434B4FF4E6515361424B434893614FF4ED
:10A8600000739383414B424C42F8103F0DF019FAAC
:10A87000AD46E2793F4B404E2046012A88BF1E4636
:10A88000FFF704F98AB06A463C4BD061C2E905364D
:10A890003B4B4FF4235113623A4B334842F8103F7D
:10A8A0000DF0FFF9A346AD460125374EDFF8DC80F9
:10A8B000DFF8B490E3790BF1070B9D4238DB94F895
:10A8C00070506E462846FFF799FF8CB06A46B4F880
:10A8D0007210B4F87630C2E907514FF40075536234
:10A8E000DFF8ACC02B4BC2E905C015854FF45351BE
:10A8F00042F8103F1C480DF0D4F9B54694F8716049
:10A900003046FFF77BFF8AB06A46B4F874302249BC
:10A91000C2E90763214BC2E9051095844FF4335116
:10A92000114842F8103F0DF0BCF9BD46BDE8F88F64
:10A930005846FFF7ABF8EA468AB06A4640F2013360
:10A94000C2E90565D06113844FF41351484642F8BB
:10A95000108F0DF0A6F90135D546ABE75401012063
:10A960004BD606005DD6060018BC060003000001A9
:10A970008000012047D60600B0CA060061D6060056
:10A98000000201030400000270D60600040000016A
:10A9900081D6060006000001BFD6060005000001B2
:10A9A0000048704747C90600014902480FF0E9BF57
:10A9B00078040120901A012070B505460C4659B95B
:10A9C0004FF0FF304FF0FF31FFF74CFE044618B94F
:10A9D0006FF06805284670BD2046FEF75BFF0C222D
:10A9E000184BA61802FB003330465D800DF01CF8B2
:10A9F00003280BD9032130460CF0E5FF0580238A9C
:10AA00000121033B837030460CF0E5FF40F63543EF
:10AA10009D420FD12046FFF707FF05460028D9D0F9
:10AA200003460121084A09480DF02EF92046FEF799
:10AA3000D1FFCFE7214606480FF0EBFE0025FFF7D8
:10AA4000B3FFC7E7A82F0120E6D6060018BC060012
:10AA5000D40101202DE9F04786B0804691460C468E
:10AA600000AF71B94FF0FF304FF0FF31FFF7FAFD43
:10AA7000044660B96FF0680528461837BD46BDE842
:10AA8000F087887AFEF7FEFE3B4B83426DD10122B0
:10AA9000002138460FF0D6FE2046FEF7FBFE0C23C1
:10AAA000DFF8D8A003FB00A0876020460CF043FF2E
:10AAB00001464046FFF780FF054618B12046FEF7E5
:10AAC00089FFD9E7002338462D4A0AF071F9064676
:10AAD00090B14FF4FD732B4A2B492C480CF094F99C
:10AAE000324641462A480CF08FF985F31188BFF3AE
:10AAF0006F8F0323184602DF2046FEF7CBFE0C23A0
:10AB000058431AF8006056B36D468AB06A46214B26
:10AB1000D661C2E90538204B4FF43251136240F23E
:10AB2000024393841D4B1E4842F8103F0DF0B9F8C4
:10AB30002046AD46093EFEF74DFF092E0CD8DFE852
:10AB400006F0050B0B08170B0B0B0B146FF06E05C3
:10AB500092E76FF00C058FE76FF004058CE7B9F111
:10AB6000000FABD0C9F8004086E76FF0150583E70A
:10AB70006FF00B0580E700BFC0070120A82F012060
:10AB8000B4C404007FD3060008D70600CCD3060067
:10AB900011D7060056D70600B0CA0600050000010E
:10ABA00018BC060073B506460D4642F22F00002180
:10ABB00001AAFFF74FFF044638B10121144A154896
:10ABC0000DF060F8204602B070BD0198C368B3F87C
:10ABD00001203280B3F803302B80FEF7FBFE338870
:10ABE000A3F11B02E02A04D902210B4A09480DF007
:10ABF0004BF844F248112B88A3F5A47292B28A4212
:10AC0000E0D90221054A03480DF03EF8DAE700BF1B
:10AC100075D7060018BC060095D70600BAD70600FF
:10AC20002DE9F04784B0002605465A4BB0F8019054
:10AC3000198849F47042914204BF1E80564B00AF00
:10AC400008BF1E7800F09AFCEB7805F10408012B90
:10AC500008BF524B404614BF002493F86F400CF0DD
:10AC600087FF414668B34FF0010A07F108000CF076
:10AC700074FFD5F81130C7F80130B5F81530A7F8D2
:10AC80000530EB78012B31D04046FEF7FFFE6C46D5
:10AC900088B06A46424B4FF4E251C2E905304FF4A6
:10ACA000007393833F4B404842F8103F0CF0F9FF8C
:10ACB0001321A54648460DF067F81037BD46BDE89C
:10ACC000F08720460DF0A5F90346006895F804A02A
:10ACD000B8609A889B796868BA81BB73B8F8042019
:10ACE00098F806303860BA80BB71CAE707F10800EF
:10ACF000FFF79EF804460028C6D00346B5F80120A9
:10AD000023F8702BBA7BB868B98920679A7140F232
:10AD1000E2429980B5F8173053430022C4F88830D6
:10AD2000B5F81930A4F89030B5F81B30A4F892307B
:10AD3000EB782273012BE3701AD187F800A0BA8850
:10AD4000BB793868A4F87B2084F87D30C4F877009C
:10AD500000F0B6FE237A1149C3EBC3035A18CB584F
:10AD6000C4F87E309388A4F88230937984F88430D4
:10AD70000721204601F0D2FC26B10121204626738E
:10AD800001F0CCFC204601F015FE204601F08AFCC3
:10AD900093E700BFFC1C0520BF1D0520800001209B
:10ADA000DDD706000300000118BC060000B5C3682B
:10ADB00089B0187820B109B05DF804EBFFF7F2BB59
:10ADC000B3F801208DF80000ADF80120DA788DF895
:10ADD0000320B3F80B20ADF81720B3F80D20ADF821
:10ADE0001920B3F80F20ADF81B205A7C8DF81D20D8
:10ADF000586801901A899B7AADF808208DF80A30BE
:10AE0000084B68461A689B88CDF80B20ADF80F30C8
:10AE1000CDF81120ADF81530FFF702FF09B05DF84D
:10AE200004FB00BF1AD1060010B5FBF731FE034B3F
:10AE30001B6813B1BDE81040184710BDCC2F01208E
:10AE400073B52A4D0646D5F86C010FF082FB48B960
:10AE50000121274A27480CF015FF6FF01204204605
:10AE600002B070BD6FF0020105F1D4000CF01CFFC0
:10AE700001210CF00BFF10EA010434D11E4B1E60BF
:10AE80000A4605F598700FF0DDFC05F5AA700FF085
:10AE9000B4FC1A480FF0A0FD6FF007034FF44862AE
:10AEA0001749164800940AF021F9164913480AF088
:10AEB000F9F9D5F86C01144983681B689847044672
:10AEC00030B103460121114A0A480CF0DDFEC6E705
:10AED00026B902B0BDE87040FBF7DABD05F1C40049
:10AEE0000AF0FEF8BBE76FF07704B8E780000120B6
:10AEF0005AD9060018BC0600CC2F0120781B01206F
:10AF00007838052072D9060051A005007BD90600CB
:10AF1000F0B5C56801212F8887B0BCB2204601F08A
:10AF2000E7FC064640B923460121274A274807B0D7
:10AF3000BDE8F0400CF0A8BE02ACD5F80220D5F870
:10AF400006300194698900910EF0C8FA48B34FF0B9
:10AF5000FF304FF0FF31FFF785FB054648B901216F
:10AF60001B4A1A480CF08EFE304601F09BFB07B0DE
:10AF7000F0BD12210C300CF00FFD0346224623F8E1
:10AF8000027B06AF144603CCBC42186059602246CF
:10AF900003F10803F6D1294642F21A00FFF70CFD2F
:10AFA000E2E74FF0FF304FF0FF31FFF75BFB044665
:10AFB0000028D4D002210C300CF0EEFC2146078092
:10AFC00042F21B00EAE700BF14D2060018BC0600DC
:10AFD00097D9060073B5C368D9789A781E8842EA73
:10AFE0000122ADF8002059791A79B4B242EA01225F
:10AFF000ADF80220D9799A79204642EA0122ADF8CB
:10B0000004201A7A5B7A012142EA0323ADF8063064
:10B0100001F06EFC054658B901211D4823461D4A22
:10B020000CF032FE022120460CF00CFF02B070BD85
:10B03000694601F0A5FE38B91E2120460CF002FF3A
:10B04000284601F02FFBF1E74FF0FF304FF0FF31C2
:10B05000FFF708FB04460028F2D00E210C300CF05C
:10B060009BFC00230680C0F80A30BDF80030214662
:10B070004380BDF802308380BDF80430C380BDF842
:10B080000630038142F22000FFF796FCD8E700BFAC
:10B0900018BC060014D2060038B5042104460C3052
:10B0A0000CF0AAFC034640885D7818B12246197856
:10B0B000FFF752F935B1044809F040FEBDE83840C9
:10B0C000FFF772BC38BD00BFB0010120B0B5044627
:10B0D000032100AF0C300CF08FFCE3680578197881
:10B0E00040F63543B0F80100984215D16C468AB05D
:10B0F0006A460F4B0F48C2E905310F4B4FF412510E
:10B10000D36140F2013313840C4B42F8103F0CF032
:10B11000C8FDA546BD46B0BD10B12246FFF71CF9DB
:10B12000002DF7D0064809F009FEFFF73DFCF1E7D6
:10B13000AED9060018BC0600B0CA06000400000123
:10B14000B001012038B50AF0E7FA2F4DD5F8543197
:10B15000002B56D00022002305F5987009F028FE38
:10B1600000284ED10022002305F5AA7009F0B4FD95
:10B17000044668B940F6C243244A254925480BF0E5
:10B1800043FE84F31188BFF36F8F0323184602DF59
:10B19000D5F848315BB101211F4A20480CF072FDFF
:10B1A000D5F84801FEF716FC0023C5F848312046C3
:10B1B0000CF0C1FBC5F848012046FFF735FB0346FC
:10B1C000C8B10121164A15480CF05EFD154809F07A
:10B1D000B5FD2046FEF75EFB0C22134B02FB00334D
:10B1E000588818B122461F21FFF7B6F82046FEF70F
:10B1F000F1FBFFF7D9FBFFF7D7FBBDE838400AF0BA
:10B200009FBA01F0E7FBF8E7800001207FD306003A
:10B21000BAD10600CCD30600E6D9060018BC060059
:10B22000E6D60600B0010120A82F0120F8B5064699
:10B230000024094DEF79E3B29F4202D86FF001007C
:10B2400007E0294630460CF019FE0735631C08B1AB
:10B250002046F8BD1C46EEE78000012037B50446C5
:10B260000D4671B1284612490CF008FE48B929462E
:10B270001048C4EBC40420440CF00AFE002003B0C4
:10B2800030BD68460CF05BFC0028F8D16846FFF73B
:10B29000CDFF0028F5DA074BC4EBC400694618441B
:10B2A0000CF0F6FD002DE9D001462846E4E700BF8A
:10B2B0000DD106008000012070B51A4E06223146DD
:10B2C00005460FF01BFE38B34FF0FF304FF0FF3153
:10B2D000FFF7C8F9044608B3062229460C300CF0E3
:10B2E00061FB2146002242F20500FFF7B3FB044652
:10B2F00048B110F10D0F04D102210B4A0B480CF09C
:10B30000C5FD204670BD33462A6843F86929AA88DE
:10B31000B280012283F868200024F2E76FF068040D
:10B32000EFE700BFE900012050DB060020BC06006B
:10B33000064BD3E8EFCF4CF4806CC3E8E2CF002A91
:10B34000F7D1037A19430172704700BF54010120FD
:10B35000F7B5002104460222084601F023FE064606
:10B3600048B120460121FFF7E3FF304603B0BDE8B6
:10B37000F04001F097B93B4D01463B4800F09AFB85
:10B3800095F823317BB130460CF0C9FD58B102214C
:10B39000364A37480CF07AFD0021364803B0BDE844
:10B3A000F04000F087BB95F8232195F822319A42AE
:10B3B00018D10221304A2E480CF068FD002242F2DA
:10B3C00029001146FFF746FB10B101212B4AE0E7A7
:10B3D00095F82331013385F82331237A43F00403B0
:10B3E0002372D9E72246671C394612F82E0B0CF05F
:10B3F00059FD064610B1224A01210EE095F823318D
:10B40000013385F82331237A43F00403237295F83E
:10B41000A7305B0708D402211A4A15480CF036FD04
:10B4200001200CF07CFDB7E7394668460CF030FD92
:10B4300001234FF0FF304FF0FF318DF80730FFF759
:10B4400011F9044660B1082269460C300CF0AAFAE2
:10B450003246214642F24E00FFF7FCFA0028DFD0C8
:10B46000094AC9E780000120E37F06005FDB060090
:10B4700020BC0600517F060084DB0600B5DB060019
:10B48000D5DB0600F5DB06001FDC060000212DE9F8
:10B49000F04102220446084601F084FD054640B111
:10B4A00020460221FFF744FF2846BDE8F04101F0A5
:10B4B000F9B801462A4800F0FDFA28460CF02FFDA5
:10B4C000284D064688B101210346274A27480CF03B
:10B4D000CFF895F8233113B101200CF020FDBDE821
:10B4E000F0410021224800F0E5BA95F8233195F8A3
:10B4F00022219A420CD2013B85F82331237A02465D
:10B5000023F0040302201B49237205F0EDFBE0E762
:10B510004FF0FF304FF0FF31FFF7A4F804F10108BE
:10B52000074668B107210C300CF036FA41460CF0A2
:10B53000AFFC3246394642F22800FFF78BFA28B1B9
:10B5400001210D4A09480CF0A1FCC2E795F823310E
:10B55000013B85F82331237A23F004032372B8E7F3
:10B56000E37F0600800001203ADC060020BC0600D4
:10B57000517F0600097F060067DC0600084BD3E810
:10B58000EF2F22F48061C3E8E01F0028F7D15305B4
:10B5900004D500220220034905F0A6BB704700BF76
:10B5A00054010120718006001FB500230190CDE9F0
:10B5B000023302208DF80C1001AA034905F094FB18
:10B5C000029805B05DF804FBB97F0600034610B48D
:10B5D00070B10A4991F8224191F823210CB19442AB
:10B5E00008D2013281F823211A7A42F004021A7239
:10B5F00010BC704710BCFFF7ABBE00BF800001203D
:10B60000034610B498B10B4C94F8221194F82321FE
:10B6100029B101318A4203DC10BCFFF737BF12B1F8
:10B62000013A84F823211A7A22F004021A7210BC1B
:10B63000704700BF8000012070B5044611BB20B3E5
:10B6400025490CF01BFC00BB2046FFF7EFFD00284E
:10B650003BDA237853B92148C279002A35D12146F3
:10B660000CF016FC0123C371104670BD012B04D1F0
:10B67000A37903F0C003C02B07D00121184A194851
:10B680000CF004FC6FF01500EFE7144DEB79012B83
:10B690001ED005F1D4000CF002FCC30707D4002C27
:10B6A000F0D020460C490CF0E9FB0028EAD1EE79F5
:10B6B0002146731C3046EB71FFF7D0FD08B93046C8
:10B6C000D3E7EB79013BEB71CFE76FF07700CCE785
:10B6D0006FF00B00C9E700BF0DD10600800001200C
:10B6E0008CDC060020BC06002DE9F341044640B97D
:10B6F0001A4A02211A480CF0C9FB002002B0BDE82A
:10B70000F081002141F2090001AAFFF7A3F90546E3
:10B7100008B1144AEDE7019E0622D6F80C801249C2
:10B7200008F1010738460FF0E9FB28B10622384638
:10B730000E490FF0E3FB18B93046FEF74BF9DCE792
:10B74000D8F801303046C4F80130BB882570A4F821
:10B750000530FEF73FF90120D0E700BFBADC060054
:10B7600020BC0600D3DC06001AD1060014D1060066
:10B7700007B56846FFF7B8FF044BD87118B16946A2
:10B780000020FFF76BFD03B05DF804FB8000012093
:10B79000F0B5304D89B0EC79002C53D195F8C260EA
:10B7A00016F0010610D12C4A02212C480CF06EFB39
:10B7B000EC71162600240127EB79E0B298422CD3D5
:10B7C000002B3FD000203BE06A4621464FF609405F
:10B7D000FFF740F908B1224AE6E7DDF800C0DCF8DF
:10B7E0000C104B7823B96046FEF7F4F81D4ADBE7EE
:10B7F0008B1C02AA01F11204174618685968083315
:10B8000003C7A3423A46F7D11868344638609B888C
:10B810006046BB80FEF7DEF8CAE708AB06FB0033E4
:10B8200053F8182C33F8143C6946CDF80120ADF8D4
:10B8300005308DF80070FFF711FD01340028BBD0F2
:10B8400009B0F0BD0021084609B0BDE8F040FFF79F
:10B85000F3BE00BF80000120F1DC060020BC060022
:10B860001DDD06003DDD06002DE9F0410D461746C1
:10B870001C46064650B14BB10A03037811D56D073B
:10B8800008D501212D4A2E480CF000FB6FF0150061
:10B89000BDE8F0810CF0D1FB0028F9D10123237021
:10B8A000F6E7A9072ED027480FB1AA0608D4C3EBA4
:10B8B000C302825C012A13D002B922700020E7E79C
:10B8C00090F8D820510635D5C3EBC302825C012A1B
:10B8D00006D002B92270237843F002032370EDE70B
:10B8E0004FF00108072111FB0381014430460CF0A1
:10B8F0009CFB0028CCD184F80080002FDED0AB0662
:10B90000DCD5E8E76A0712D50E49C3EBC3028E5CAB
:10B91000012E09D1072212FB036319440CF085FBA9
:10B920000028B5D12670EAE7002EE8D1FAE70CF03E
:10B9300084FBB3E76FF08500AAE700BF66DD060071
:10B9400020BC06008000012038B5104DEB7913B102
:10B950000024204638BDFFF70BFF044628B10C4AEF
:10B9600001210C480CF092FAF3E7EB79002BEFD1B0
:10B97000FFF70EFF04460028F1D1681CFFF79CFC7E
:10B9800004460028E5D0044AEAE700BF8000012011
:10B9900085DD060020BC0600A4DD06002DE9F74F7A
:10B9A0008A4601904FF0FF314FF0FF30FEF75AFE0C
:10B9B000044600284ED020210C300BF0EDFF4FF054
:10B9C000000980464D46202200210FF08FFADAF858
:10B9D000007008F1010BDAF80420914509D3002228
:10B9E0002146019888F8005003B0BDE8F04FFFF7FA
:10B9F00031B87A78A81C81181F2997F800C015D98A
:10BA0000BCF1090FC0F11F0201D1002A0CDC012199
:10BA1000124A13480BF023FE2046FDF7DBFF6FF0C0
:10BA2000150003B0BDE8F08F4FF0080CD6B2711CC2
:10BA30000BF80510691CC9B20BF801C00236796811
:10BA40005BFA80F02E440FF044FAF5B209F10109D7
:10BA50000837C0E76FF06800E3E700BFC7DD060006
:10BA6000D8BB0600F7B5CDE90001694642F20800EF
:10BA700016461D469DF82070FFF790FF044648B912
:10BA80005FB90B4BD3E8EF1F41F00401C3E8E21F9D
:10BA9000002AF7D1204603B0F0BD694642F2090002
:10BAA000CDE90065FFF77AFF0028EAD00446F1E708
:10BAB000A800012003460148184700BF9800012054
:10BAC00000487047980001202DE9F04FD0F810A0F1
:10BAD00089B0BAF100050446A84818BF0125CDE990
:10BAE00002120CF0D5FA4607994640F19B81666830
:10BAF00070050DD56FF01505002240F20110029B74
:10BB00000399914240F09781284609B0BDE8F08F33
:10BB1000D4F81080B8F1000F01D0B107EAD0984FE7
:10BB20002078FB798342E5D9C0EBC0000722954914
:10BB300038440FF0E3F90028DCD0B20706D197F8BB
:10BB40007030082B02D8A3689F2BD3D916F0300F82
:10BB50006AD0B8F1000FCDD0F3066AD406F460368F
:10BB6000B6F5603FC6D020460CF07EFA804600282D
:10BB7000C0D085480CF08CFA10F4807F824E40F0E3
:10BB8000548106F1AC000CF083FA10F4806F06F1DA
:10BB9000AC0B01D0FFF7F2FC0023CDE90533CDF863
:10BBA0001B30A3686268ADF81030E36812F4004FF0
:10BBB000ADF812300CBF07230623D10348BF03F0B2
:10BBC0000503920348BF03F0FB038DF81D30DBE84B
:10BBD000EF3F23F48073CBE8E23F002AF7D12378CC
:10BBE0002A463B7687F86F30616868480DF1150387
:10BBF000FFF73AFE054600287FF47EAF644BBAF1AA
:10BC0000000F22D0226911684BF8B31C91889980EB
:10BC100092799A716368980752D19A0502D4B9F162
:10BC2000000F61D002231CE0F00602D4B8F1000F2F
:10BC300094D1D4E902239A423FF65CAF1F2A7FF6E3
:10BC400059AFB3F5804F89D954E74E4A11684BF884
:10BC5000B31C9188927999809A7163689907DCD0B6
:10BC600053468DF814304FF0FF304FF0FF31FEF7A0
:10BC7000F9FC0546002800F0DB800F2204A90C30F7
:10BC80000BF090FE2946002242F20600FEF7E2FE8B
:10BC9000054600287FF430AFBAF1000F28D0636862
:10BCA0009B0731D1012139480CF0F5F907460028EE
:10BCB00079D00121374A38480BF0D1FC3D461BE7CB
:10BCC00013F0100F0CBF012304238DF814302369E7
:10BCD0001A68CDF816209A88ADF81A209B798DF84D
:10BCE0001C304FF00008BEE703238DF81430F8E74E
:10BCF0004A46DDE90201129BCDF80080FFF7B2FE53
:10BD00000028CCD00546F7E697F8189007221D4981
:10BD10001F4887F86F900FF0F1F8F8B948461F49AF
:10BD200001F0C2F8074610B96FF00B05E4E60521F3
:10BD300000F0F4FC012115480CF0ADF9814678B310
:10BD4000144A012114480BF08AFC0021384600F007
:10BD5000E5FC384600F0A6FC4D46CDE648460C49C9
:10BD600001F0E8F800287FF4C5AE387E084901F0FC
:10BD70009BF807460028D7D00621D9E754010120B7
:10BD8000800001200DD10600A800012098000120AC
:10BD9000A1000120E0DD0600D8BB060006D10600A8
:10BDA000384600F07FFC63689F071FD0D6E8EF3F5E
:10BDB00043F40073C6E8E23F002AF7D1B8F1000F60
:10BDC0001DD0D6E8EF3F43F48063C6E8E23F002A87
:10BDD000F7D1636858071BD5D6E8EF3F43F480538B
:10BDE000C6E8E23F002A3FF487AEF5E7D6E8EF3F2A
:10BDF00023F40073C6E8E23F002ADFD0F6E7D6E876
:10BE0000EF3F23F48063C6E8E23F002AE1D0F6E783
:10BE1000D6E8EF3F23F48053C6E8E23F002A3FF420
:10BE20006BAEF5E76FF00A0566E66FF0770563E63F
:10BE30006FF0680560E61988814204D1596811B134
:10BE40000978C90702D40132083359E60449054884
:10BE50000EF0C8FD0023044A024809F0E5F953E654
:10BE6000E9BE0500B00001201C4E0E0010B51848B8
:10BE70000CF039F917480CF00BF90346DA05C0F35A
:10BE8000002023D513480CF003F9830515D512497A
:10BE9000072212480FF032F803461149087E93B981
:10BEA0000522104901F07EF8044630B100210173EB
:10BEB00000F034FC204600F0F5FBBDE81040002106
:10BEC00003480CF0E8B806222131EBE710BD00BFB3
:10BED00098000120A80001200DD10600A10001203A
:10BEE0008000012006D1060010B5FFF7BFFF034612
:10BEF00030B1BDE810400221024A03480BF0B8BB44
:10BF000010BD00BFFBDD0600D8BB060070B53D4B81
:10BF10009AB01822002103A802930EF0E7FF44F222
:10BF2000010309A809930CF0E1F8099B6946049301
:10BF3000354B02A8059307F079FE034610B3334A48
:10BF4000012133480BF094FB1F25324BD3E8EF1F40
:10BF500021F00101C3E8E21F002AF7D12E4E09F0BB
:10BF6000DBFB3468002C46D0002D2C4D18BF00257B
:10BF7000043C23680BB1284698476468002C3AD0EB
:10BF8000043CF6E701AB4122009809A907F08EFDB9
:10BF9000034608B1224AD3E7224A0DF125030DF1E9
:10BFA000650153F8040B8B4242F8040BF9D101AB45
:10BFB00020221D49009807F053FD034608B11B4A93
:10BFC000BEE7009807F02EFD054610B1184A03465B
:10BFD000B6E7144911480CF096F8164820310CF0D9
:10BFE00092F8154BD3E8EF1F41F01001C3E8E21FB0
:10BFF000002AAAD0F6E70023C6E9003309F0A0FB27
:10C000001AB070BD127100010000020921DE0600A5
:10C0100008BC0600D02F0120D82F0120201E0520AB
:10C020003FDE0600E01D0520C01D052062DE060083
:10C0300086DE0600401E052054010120042330B591
:10C04000A7B03D22002116A815930EF04FFF304BEC
:10C050001822002107A806930EF048FF44F20103BE
:10C060000DA80D930CF042F80D9B20220893294B4C
:10C070002949099306A804AB07F0A8FC0346E0B1E0
:10C08000264A012126480BF0F3FA6FF0040409F068
:10C0900043FB244B1D6865B100201860224BD3E898
:10C0A000EF1F21F00201C3E8E21F002AF7D144B3D9
:10C0B000A84709F045FB27B030BD1C4B0DF15502D8
:10C0C000194603F1400053F8044B834242F8044BF5
:10C0D000F9D105AB029320230E48CDE9001315AA30
:10C0E0004123049907F0F4FD034608B1104AC8E75C
:10C0F000049807F097FC04460028C8D00D4A034670
:10C10000BFE70DA809490BF0FEFF0DA8D0E700BF5F
:10C110001271000100000209C01D0520A6DE060004
:10C1200008BC0600D42F0120D02F0120E01D0520DF
:10C13000DCDE0600F8DE0600402208B503490EF0FA
:10C14000DDFEB0FA80F0400908BD00BF60DF0600E8
:10C1500010B51D4B9AB018220446002103A8029383
:10C160000EF0C4FE4FF4804309A809930BF0BEFF04
:10C17000099B21460493154B0DF1250005930423DB
:10C180008DF824300BF0BFFF04F120010DF14500C4
:10C190000BF0B9FF412201AB09A902A807F016FC78
:10C1A000044602A80DF047FF2CB9019807F03AFCAD
:10C1B00001201AB010BD064823460121054A0BF0A4
:10C1C00057FA0020F5E700BF124100010000020904
:10C1D00008BC060015DF060010B5002834D01D4A43
:10C1E000136823B1043B984231D05B68F9E71A4BDE
:10C1F000D3E8AF1F890707D518480221184A0BF06A
:10C200002EFA6FF00F0010BD1468011D44605068D5
:10C21000116000B95160D3E8EF2F42F00101C3E88B
:10C22000E01F0028F7D1D30701D50020EBE70D4B25
:10C23000D3E8EF1F21F01001C3E8E21F002AF7D175
:10C240000948FDF785FCF0E76FF01500DBE76FF0BC
:10C250007700D8E7D82F0120D02F012008BC060096
:10C2600039DF060054010120A8040120044BD3E863
:10C27000AF3F13F0100F034808BF0020704700BF06
:10C2800054010120201E052070B505461948036899
:10C290008B4228D0184BD3E8AF3FDA0626D5036887
:10C2A00013B16FF00F0070BD144AD2E8AF3FDB0747
:10C2B000F7D4D2E8EF3F43F00204C2E8E64F002E85
:10C2C000F7D113F00204ECD1016029460C480BF0C1
:10C2D0001AFF0C4805F120010BF015FF0A48FDF785
:10C2E00037FC2046DFE76FF07700DCE76FF07C007B
:10C2F000D9E700BFD42F012054010120D02F012005
:10C30000E01D0520001E05209804012070B505469B
:10C310000B4B1C6844B154F81C3C1C3C13B1284620
:10C32000297B9847E469F5E7064C074EB44200D3F1
:10C3300070BD236813B12846297B98472034F5E760
:10C340002030012090BB0600B0BB060010B50446AB
:10C35000FDF7A0FA044901EB001120460BF049FC5F
:10C36000BDE81040FEF720BBE02F0120002270B591
:10C370000446D1E901560748C1E901220EF049FA05
:10C380003DB1314620462B46BDE870406FF06D024E
:10C39000184770BDF806012037B5051D04464FF457
:10C3A000806128460BF0D6FE40053CD4D5E8AF3F6F
:10C3B000D90326D5E37823B902211C4A1C480BF087
:10C3C000C7FE637B072B2ED11A4B93F8D8309B0600
:10C3D00029D50BF0ABFC30B30DF1060101A8FEF737
:10C3E000E1FB00BB2046BDF80620BDF804100BF0B1
:10C3F0000AFD0346B8B101210F4A0D480BF0A8FE13
:10C4000011E00C4B93F8D8301A07D3D520460BF027
:10C41000DFFC034620B10121084A05480BF098FED5
:10C42000637B072BC6D003B030BD00BFC8DF06005A
:10C43000F0BB060080000120E1DF0600A7DF060058
:10C4400070B50546002200230E4808F0B1FCB8B9CB
:10C450000D4B1C6834B154F8143C1C3C03B1984794
:10C46000E469F7E7094C0A4EB44204D32846BDE814
:10C47000704008F035BEA36803B198472034F3E755
:10C4800070BD00BFE00601202030012090BB0600F7
:10C49000B0BB06002DE9F843044640270025DFF82D
:10C4A0005080EFF3118387F31288BFF36F8FE16938
:10C4B00029B983F31188BFF36F8FBDE8F883206A31
:10C4C0000A68814208BF2262E26183F31188BFF3E8
:10C4D0006F8FD1E901694046C1E901550EF099F924
:10C4E0001EB1002249462046B047FEF75DFAD8E764
:10C4F000F80601200448B0F8043100F58470002BE0
:10C5000008BF0020704700BF8000012030B50446FE
:10C510000EF07EFD0D460D4A0D498BB00858D2F83D
:10C52000C810884205D120460BB0BDE83040FFF767
:10C53000B1BF2434214610460EF023FA1DB16946DE
:10C5400020460EF02EFA0BB030BD00BF382D012072
:10C550000800000038B5002204468A4202D10024B7
:10C56000204638BD012004F1C803D3E8EF5F002D59
:10C5700004D1C3E8EC0FBCF1000FF6D102D0D034E7
:10C580000244EAE7002CEAD0C822002120460EF03F
:10C59000ADFC04F1400004490EF024FA034904F113
:10C5A00024000EF0D2F9DBE751D0050077810600B8
:10C5B000F7B516460D4601210446FFF7A7FF012EE9
:10C5C00023D0022E50D123693BB130480121304A9B
:10C5D0000BF045F820460BF0ECFD256121690B8A34
:10C5E000012B51D9CA681288043292B293424BD3BC
:10C5F00041D9012100922548264A0BF043F82046F4
:10C6000003B0BDE8F0400BF0D4BD206940B9224A28
:10C6100031461E480BF023F820460BF0CAFD01E01E
:10C620002F8A2FB9284603B0BDE8F040FDF7D2B9F4
:10C630000C300BF0FDF987420CD9184A31461348EB
:10C640000BF00DF800222046216900F04FFF002377
:10C650002361E7E720692A8AE9680C300BF0A2F928
:10C660002846FDF7B7F9B9E7334601210C4A0748D8
:10C670000BF06EFDD0E7002301222046236103B0BA
:10C68000BDE8F04000F032BF03B0F0BDF0BB0600E3
:10C69000FDDF06007DE006001AE0060038E0060037
:10C6A0005FE0060008B5C830D0E8EF3F013BC0E8C6
:10C6B000E23F002AF8D13BB9044808F03FFBBDE84F
:10C6C0000840034808F00CBD08BD00BFE00601208B
:10C6D000C804012010B504460BF074FD09F01CF8E5
:10C6E0000C4B04F1BC01D3F824312BB90A480BF0F0
:10C6F00014FD09F025F806E0994208D109F020F868
:10C700002046FFF7CFFFBDE81040FEF74DB91B688C
:10C71000EBE700BF80000120A4010120F8B5467BB3
:10C7200004468E420D4600AF1BD1082E98BF554BD4
:10C730006C4688B094BF53F82630534B6A46534931
:10C74000C2E905134FF400739383514B42F8103F35
:10C7500000234FF4E4514F48FBF766FEA546BD4663
:10C76000F8BD41730EB90BF02DFD637B082B00F271
:10C77000858001A252F823F0CDC7050023C805002B
:10C780005FC705005FC705005FC705005FC70500FD
:10C790005FC705009DC705005FC7050000213E4833
:10C7A00009F0FAFB0023C4E90D33E378012BD6D15D
:10C7B000A3783A4A012B08BF032304F1400008BFC5
:10C7C00084F89830002308F0FBFCC8E7082EC6D890
:10C7D000DFE806F02005171C1C1C1720200004F1C0
:10C7E000400528460EF00AF901212046FFF78EFE8B
:10C7F00020460BF0DEFC00220023284608F014FD42
:10C80000ADE7237B13B12046FFF780FD2046FFF7FD
:10C8100049FFA4E72B46224A02211E480BF098FC50
:10C820009DE7237B3E2B0FD16D4688B06A461D4B9A
:10C83000C2E90534032342F8103F00234FF4C451EA
:10C840001448FBF7F1FDAD46174D05F58476616997
:10C8500011B9FEF7A9F882E7A2690B68914208BFF7
:10C86000A36120466361FFF781FDB5F80431002B19
:10C8700014BF3046002008F061FAE8E72B460B4A67
:10C88000CAE700BF8CC3060098E00600A2E00600DD
:10C8900003000001F0BB0600D80401205A62020028
:10C8A000B3E00600CAE0060080000120F1E00600C7
:10C8B000F8B5074609480D4616460BF083FC0446BA
:10C8C00050B183781F4203D1BDE8F840FFF7EABEBC
:10C8D0003146A8472046F7E7F8BD00BF601C01209D
:10C8E000002201200149FFF7E3BF00BF6B81060072
:10C8F00070B505460E480E460BF064FC0446A0B128
:10C90000437B012B02D0073B012B0CD82388AB4281
:10C9100008D1A3781E4209D12B460221054A0648B8
:10C920000BF016FC2046FFF7BDFE0024204670BD2C
:10C93000601C01200DE10600F0BB0600034BC01A8D
:10C94000034B00115843C0B2704700BF601C012068
:10C95000C54EECC470B51C46144305460E460DD0BA
:10C960000EF056FB0E49D1F8C8400E4909588C42CA
:10C9700006D102210C4A0D480AF071FE002213462E
:10C980000B49002D14BF284608460AF0A5FF0446AF
:10C9900018B1711D0C300AF0F4FF204670BD00BFC5
:10C9A000382D01200800000024E10600F0BB06003D
:10C9B0001007012010B50446054808F091FB2046F9
:10C9C00000F0E2FC2046BDE81040FFF79FBC00BF2E
:10C9D000B80401202DE9F04F002387B000AFFB60C1
:10C9E0007B61B94B5A8B3AB1B84DD5F824413CB96B
:10C9F0001C37BD46BDE8F08F1B68002BF4D1F7E76C
:10CA000054F8BC3903B1BC3B0026B14901E01C46D7
:10CA10001346B5F80421002A00F05381D5F81021FF
:10CA20004AB904F1BC06002BE2D0D3F8BC20002A9E
:10CA3000EDD0BC3AEBE70A68002AF2D0D4F8A8207F
:10CA4000002AEED0D4F8AC20002AEAD0D4F8B020E6
:10CA5000002AE6D0637B072B68D120469047002848
:10CA600064D004F1C003D3E8AF3F022B5EDC204664
:10CA70000BF0A8FB04460028BAD0637B072B40F0DC
:10CA80001D812046D4F8A830B5F8041107F1100232
:10CA900098478146002800F00481B5F804213B69DD
:10CAA0009A4208D30146D4F8AC60204607F114033B
:10CAB00007F10C02B047D7E9038A7B693B60B9F8FC
:10CAC0001030002B00F0F48048460BF0A8F8786096
:10CAD000002840F0F080B5F80431DFF8F8B1002B01
:10CAE00014BF584600200022002308F061F978B9ED
:10CAF00000220023764808F0EFF8064600283BD1D4
:10CB0000B5F80431002B18BF5E46304608F016F920
:10CB10006FF00B054846FCF75DFFB8F1000F00F021
:10CB2000AA802A4620463968C047A4E0D4F8BC3021
:10CB300004F1BC02C6B9D5F82811C5F824318A42DF
:10CB400001D1C5F8283100232046C4F8BC30D4F800
:10CB5000B0309847002890D0637B072B40F0AE8020
:10CB60002046FFF7B7FD88E73360D5F828319A42B1
:10CB700008BFC5F82861E6E73B68C0F80480836019
:10CB8000B5F804B10022DA454FF000034FF0000180
:10CB90004D4898BF1FFA8AFBFCF79EFE804650B1B5
:10CBA000FCF778FE4C4B5A4603EB001349464046CF
:10CBB0000AF0FAFF8046B5F8043194F8C4909A451B
:10CBC00084BF01237B607B689CBF09F102095FFA87
:10CBD00089F984F8C43004F1C00ADAE8EF3F013380
:10CBE000CAE8E23F002AF8D104F1140B3146584656
:10CBF0000BF093FAA378012B57D108F10C03042111
:10CC000018467B600AF0DFFE228809F0FD0942EA3F
:10CC100009320280B8F810207B68043A4280022171
:10CC200018460AF0D8FE4046FDF7FEFD8146002872
:10CC300044D0DAE8EF3F013BCAE8E23F002AF8D1EE
:10CC4000314658460BF09AFA4B46244A01212448B3
:10CC50000BF07EFA4046FCF7BDFE20463146FFF75A
:10CC600085FBB5F804311B48002B08BF002008F0F5
:10CC700065F86FF004056E4688B06B46194ADC61B2
:10CC8000C3E905251A46042342F8103F4FF4015129
:10CC900013480023FBF7C8FB1321B54620460BF0D1
:10CCA000A5FA2046FFF7FEFCA2E66FF01509C0E7E3
:10CCB0006FF079052EE76FF004052BE7FDF774FEA2
:10CCC000EFE79368FFDE00BF94070120800001209A
:10CCD000F806012088010120E02F0120E6D6060099
:10CCE000F0BB06004DE1060040F2E2432DE9F041C1
:10CCF000D0F888600446B6FBF3F6031DB6B2D3E85D
:10CD0000AF2F920413D5B0F88C20B2420FD8B0F8F0
:10CD10008E20B2420BD3D0E92412914207D1D3E83E
:10CD2000EF1F21F40051C3E8E21F002AF7D1114B95
:10CD30001D6865B155F80C7C1C3D37B13146204665
:10CD4000B4F89230B4F89020B847ED69F1E70A4D95
:10CD5000DFF82880454501D3BDE8F0812F6937B160
:10CD600031462046B4F89230B4F89020B8472035C8
:10CD7000F0E700BF2030012090BB0600B0BB0600EA
:10CD80002DE9F041074608460D460AF0D1FF064658
:10CD900018B900263046BDE8F081144B1C6884B1F8
:10CDA00054F8103C1C3C0BB9E469F8E729463846B6
:10CDB00098470028EDD028460AF0BAFF0028F3D1A2
:10CDC000E7E70B4CDFF82C804445E3D2E3680BB96E
:10CDD0002034F9E72946384698470028D9D0284614
:10CDE0000AF0A6FF0028F3D1D3E700BF20300120CE
:10CDF00090BB0600B0BB06002DE9F041C3780446A5
:10CE00008BB900F17E06114B1D687DB11C3D04F10C
:10CE100070076B691BB13A46314620469847ED6969
:10CE200025B11C3DF5E700F17706ECE7084D094F09
:10CE300004F17008BD4201D3BDE8F0816B691BB1FC
:10CE400042463146204698472035F3E720300120FE
:10CE500090BB0600B0BB0600F8B5437A0546837266
:10CE600016460BF007FB0D4B1C684CB154F8043C04
:10CE70001C3C1BB132462846697A9847E469F4E7BE
:10CE8000074C084FBC4200D3F8BDA3691BB1324622
:10CE90002846697A98472034F4E700BF2030012003
:10CEA00090BB0600B0BB060038B505460C460F48DF
:10CEB0000121FFF74FFBC0B1057223680367A38808
:10CEC000A0F87430A37980F876300123437283721E
:10CED0008370074BC0F8A830064BC0F8AC30064B47
:10CEE000C0F8B030054BC0F88C3038BD601C012054
:10CEF0007DD205003B8106002F8106001800280026
:10CF000070B505460A480E460BF05CF9044620B1A0
:10CF10008378012B04D0FFF7C5FB0024204670BDA9
:10CF2000324629460BF0D0F90028F7D12046F2E727
:10CF3000601C0120B0B500AF0D46FFF7E1FF0446CD
:10CF400010B32846FCF7A2FD637B6D46082B98BF03
:10CF50000E4A8AB094BF52F823300D4B6A46C2E99C
:10CF600007030C4B0C4953620C4BC2E9051442F801
:10CF7000103F00234FF442510948FBF755FA204671
:10CF8000AD46FFF78FFB0120BD46B0BD8CC3060048
:10CF900098E006000103020470E1060005000002AB
:10CFA000F0BB0600F8B505460E480E4617460BF0D6
:10CFB00009F9044620B18378012B03D0FFF772FBF7
:10CFC00000240DE036B1324629460BF07DF908B950
:10CFD0002046F3E7637BBB42FAD1237AAB42F7D119
:10CFE0002046F8BD601C012038B5044608460D46B1
:10CFF0000AF09EFE38B3154B93F8D830990707D442
:10D00000E37873B129462046BDE8384000F09ABA6B
:10D0100094F899309A07F3D5231DD3E8AF3F5B040A
:10D02000EED4294620460BF075F958B92B88A4F8A0
:10D030008C306B88A4F88E30AB88A4F89430EB88E1
:10D04000A4F8963038BD6FF01500FBE78000012092
:10D05000F7B510F8333C0446A0F140060BBB304650
:10D060000BF0ABF9314B1D684DB155F8183C1C3D28
:10D070001BB1304614F8341C9847ED69F4E72C4D89
:10D080002C4FBD4205D3304603B0BDE8F040FFF75A
:10D0900009BB6B681BB1304614F8341C9847203527
:10D0A000EFE710F83E3C012B3ED1A0F13C05D5E85E
:10D0B000EF3F23F40052C5E8E12F0029F7D199048E
:10D0C0001FD5E36C69460093636D30460193FFF70B
:10D0D0008BFF034678B9D5E8EF3F23F48053C5E8CA
:10D0E000E23F002AF7D14FF40061284603B0BDE8C3
:10D0F000F0400BF02FB8104A022110480BF028F82E
:10D10000F1E74FF428130E4A69463046CDE9002373
:10D11000FFF76AFF034628B94FF4805128460BF009
:10D1200019F8E0E7074AE7E703B0F0BD2030012037
:10D1300090BB0600B0BB0600A9E10600F0BB0600EC
:10D1400018002800CEE1060070B50C480DF055FB24
:10D1500000240B4D094E2946304601340DF059FB91
:10D16000042C05F10C05F6D10BF088FD03F084FDCD
:10D17000044608B90BF0E6F9204670BDF806012018
:10D18000F02F012008B503460121034A03480AF0A5
:10D190006FFA002008BD00BF81E2060030BC060027
:10D1A00080B500AF88B06A46074BC2E9053003235B
:10D1B00042F8103F00234FF4C2510448FBF734F902
:10D1C0006FF00B00BD4680BDA9E2060030BC060032
:10D1D000044B1A680AB1FFF7E3BF034858601046D2
:10D1E0000B60704734300120D8C3060070B5044688
:10D1F00052EA03000AD00DF00BFF074D074ED5F899
:10D20000C8503058854204BF002213462046BDE86E
:10D2100070400431FFF79EBB382D0120080000004C
:10D2200073B5054618462B680BB35B7B072B1ED1E5
:10D23000002A14BF022301230E7A9E4209DD012138
:10D240000C4A0D4800960AF01DFA6FF0150002B066
:10D2500070BDCB7A072BF8D9C8618A6105F130001F
:10D260000DF0D7FA28460BF07FF80020EFE76FF0BB
:10D270007F00ECE7D0E2060030BC06002DE9F04765
:10D280000E469146D0F8B44000AF4CB1483C236BF9
:10D290006BB104F1300A50460DF0D0FA054660B982
:10D2A000FDF782FB00252846BD46BDE8F0872068D3
:10D2B000B4300BF078F8A46CE7E70AF0B0FC80B16A
:10D2C0006C4688B06A462D4BC2E90535032342F807
:10D2D000103F00234FF4C2512948FBF7A5F8A5469B
:10D2E000E0E728460AF027FBE36C0546B3B9A38CB8
:10D2F000B0F81080403B9BB23F2B03D8238D98455C
:10D3000028BF9846042105F10C000AF05CFBA0F848
:10D310000080A38C438008F10403E364E36C2A8A51
:10D32000B3420FD8934216D0A38C403B9BB23F2B05
:10D3300021D92068B4300BF036F8236B13B12046A6
:10D340000BF012F8E36C9E422CBF00269E1BC9F81E
:10D350000030E664A7E700220023504607F0BCFC3B
:10D36000FCF738FBA38CA3F140023F2AE1D8054A21
:10D37000AA61EB61DDE700221346F9E7F0E206005F
:10D3800030BC0600F7840600F7B504460026234D9E
:10D39000234FBD4201D303B0F0BD298820460BF0D6
:10D3A000A1F86B68019001A920469847002830DB5E
:10D3B000019B2A889A829A8403F11002D2E8EF1F17
:10D3C000C2E8E06F0028F9D19E64DE649E60A16B24
:10D3D00003F10802F9B9C4E90D221C60DE6003F113
:10D3E00030000DF00AFA019843681B6803B19847B2
:10D3F000019B1033D3E8EF1F41F00101C3E8E21FA6
:10D40000002AF7D101984368DB6913B100F11001DC
:10D4100098470835BDE70A60A263DEE778BB0600DF
:10D4200090BB060073B50D460646042105F10C00BD
:10D430000AF0E2FA2B8A428804469A4207D0009208
:10D440001C4A01211C480AF01DF902B070BD437846
:10D450003BB90121194A184802B0BDE870400AF0F2
:10D46000FEB80378012BF0D0132B06D1022AECD0A2
:10D47000022300931346124AE3E70221114A0E48A1
:10D480000AF0F6F861780222012035680BF00FF8F7
:10D4900004460028D9D002210C300AF07DFA00237E
:10D4A000214603704370284602B0BDE870400BF07F
:10D4B0002FB800BF08E3060030BC060029E30600D1
:10D4C0004AE3060075E3060008B50B8A032B06D86D
:10D4D0000121044A04480AF0C2F8002008BDFFF701
:10D4E000A1FFFAE79DE3060030BC060038B50B8AC1
:10D4F0000546032B0C4609D801210F4A0F480AF0B4
:10D50000AEF82046BDE83840FCF764BA042104F1C7
:10D510000C000AF071FA418828460BF00AF830B97D
:10D52000074A0B46054802210AF0A2F8E9E74368DA
:10D5300021465B699847E4E7BBE3060030BC060080
:10D54000D8E3060070B5124B0C4619780546013138
:10D55000C9B2012938BF01210822122019700AF02E
:10D56000A6FF064688B108210C300AF015FA228879
:10D570003146028062884280A2888280E288C2802E
:10D580002846BDE870400AF0C3BF6FF00B0070BDC5
:10D59000601E052023281FD81A2804D8431E182BE4
:10D5A0000ED906207047A0F11B03082B1ED8DFE818
:10D5B00003F0051D1B231D19251D050003207047C1
:10D5C00001230F4A83401A40C2B90E4A1A40002A6A
:10D5D00014BF01200620704700F07F03522B05D1B5
:10D5E00000207047012070470520704710F0400F61
:10D5F0000CBF0620002070470420704702207047AF
:10D60000AAAA8A02545545012DE9F84F0746084653
:10D610000C46FCF73FF918234343DFF8B880064671
:10D6200008EB0302D2F808A0E16807F15400D0E843
:10D63000AF0FC00709D40121274A28480AF0A5FFE7
:10D640006FF015052846BDE8F88FE0680078107186
:10D65000002248F803200B78D22B0FD13B682146DB
:10D6600018680BF0ADFF054640B101211C4A1B486C
:10D670000AF08BFF2046FCF7ADF9E3E704F10C005C
:10D680000AF0D2F9182303FB0683B4F810B09F60A8
:10D69000002381461A462146381DFFF7C1FD054685
:10D6A0000028CFD010F1690F04D101210D4A0B4899
:10D6B0000AF06BFF6369A4F810B013FA89F3E36012
:10D6C00018235E4308EB0603C3F808A048F8065089
:10D6D000B8E700BF8C30012014E40600E0BB060070
:10D6E0002EE4060041E4060008B5EFF31181402363
:10D6F00083F31288BFF36F8F002303600F4B5A68C8
:10D70000C2B9C3E9000081F31188BFF36F8F0C48E1
:10D7100007F0E6FC031E0CDA01210A4A0A4809F068
:10D72000A7FF002383F31188BFF36F8F03231846ED
:10D7300002DF08BD10605860E5E700BF84300120BB
:10D740001005012064E40600E0BB0600011F01484B
:10D750000CF050BF4C0601200121024A02480AF099
:10D7600014BF00BF8DE40600E0BB060010B5044600
:10D7700000F15003D3E8EF1F41F00101C3E8E21FBD
:10D78000002AF7D1201F0AF0DFFF04F174000449DA
:10D790000DF028F92068BDE8104001F091BF00BFEE
:10D7A0008DE8050070B503788AB004460E4607ADD3
:10D7B000032B20D8DFE803F002191B1D114928466E
:10D7C000F9F708F8059563781E210493A37830468D
:10D7D0000393E3780C4A02932379019363790093CE
:10D7E000A37908F0C5FD0AB070BD0849E7E708490C
:10D7F000E5E70849E3E70A212846074A08F0B8FDAB
:10D80000E0E700BF20D1060042D1060027D1060084
:10D810002ED1060038D10600EEEE06002DE9FF41BC
:10D820004FF000084FF4205305460E46006802A949
:10D83000144617688DF80880ADF80A300AF031F9FF
:10D84000A0B142F60103286803A98DF80C80ADF859
:10D850000E300AF026F948B123691BB15A88B2424A
:10D8600000D25E80012004B0BDE8F08161682868C4
:10D870000AF017F910B100232361F3E7E368A06809
:10D880001A786AB1B7F81AC0798D038A8C4594BFAB
:10D89000C3EB0C03C3EB0103934201DA0020E2E780
:10D8A00004210C300AF078F82061068023692946AB
:10D8B0005E80074B0194009338460023A2680AF06B
:10D8C0009FFF0028EADB2069003818BF0120CAE763
:10D8D000AF87060073B50E46438D418B01328B42F4
:10D8E00028BF0B469A42054609D9022100921C48DE
:10D8F0001C4A09F0C7FE0024204602B070BD304625
:10D90000FFF748FE022812D0042810D00DF080FB4B
:10D91000154B1958154BD3F8C83099421ED0144BEB
:10D920001B685A1A18BF4FF0FF32134601E000235C
:10D93000104A00211048FFF759FC04460028DBD0AC
:10D94000FBF7A8FF18220D4B012102FB003304F165
:10D950000C009D600AF020F80670CDE70022E4E795
:10D96000E0BB0600AAE4060008000000382D0120F4
:10D97000EC3001201C4E0E003C0701208C300120B1
:10D98000F0B51D4603680E460039044618BF012154
:10D9900087B0186817460BF055FC40B904F15400E5
:10D9A0000AF0EEFF002846D0002007B0F0BD002DA1
:10D9B00043D01822002168460DF098FA6FB100227A
:10D9C00039462046FFF786FF019030B91C480121F7
:10D9D0001C4A0AF0DAFD1120E7E7236829461B6894
:10D9E000284600930023ADF812300C9B164A03938F
:10D9F000BDF834308DF80860ADF8103001238DF893
:10DA000014306B460AF02BFE9DF8143063B1002FE2
:10DA1000CAD00198FBF7DEFF2A46314620469DF822
:10DA200014300AF0B8FFBFE701990029BCD02046A6
:10DA30000AF020FEB8E71220B7E70120B5E700BFE3
:10DA4000E0BB0600CFE40600ED8506002DE9F347B4
:10DA5000176805468946006851681446D7F804A03F
:10DA60000AF01FF8804600284BD1952229465046DF
:10DA70000BF076FB0646207540B1E3681B780BB1CE
:10DA800084F81480002002B0BDE8F0872946504693
:10DA90000BF015FC10B908232375F3E7A068267571
:10DAA00009F04DFF02210C3009F076FF164B206182
:10DAB000A0F8009000930194334629463846A268A6
:10DAC0000AF09EFE002807DA10F1FF0F32BF0E2089
:10DAD0004042C0B22075D5E72369002BD2D0A068A0
:10DAE0000AF03BFD7B8D7A8B9A4294BFC0EB02001B
:10DAF000C0EB0300E3681B78984294BF002001202C
:10DB0000C1E70120BFE700BF6B850600F7B50B8AB0
:10DB100004460D4607683BB90121284A28480AF007
:10DB200034FD002003B0F0BD012105F10C0009F027
:10DB300063FF7B7B0646072BF3D154F8043C002B94
:10DB4000EFD0002203781F48043C10F8327000EB3D
:10DB5000C2019F420FD12A8A48788F78904220D9FB
:10DB60000121009316481346174A09F08BFD012F37
:10DB7000D7D104231EE001320C2AE6D1022110483D
:10DB8000124A09F075FD31780846FFF703FD0028B9
:10DB9000C7D00528C5D00623002220460AF0FBFE88
:10DBA000BFE74B68204629469847012F0346B8D166
:10DBB0000028B6D000223178EFE700BFE8E4060085
:10DBC000E0BB060000C406001DE5060003E50600F4
:10DBD0002DE9F04F42F60103002591B0166880460A
:10DBE0000F4600680BA9D6F8049014468DF82C5007
:10DBF000ADF82E3009F055FF002870D04FF42053B7
:10DC0000D8F800000BA98DF82C50ADF82E3009F093
:10DC100048FF38B1A3681BB15A88BA4200D25F806E
:10DC200001200EE0616808460AF097FC728D738B44
:10DC30009A4294BFC0EB0200C0EB0300032803D854
:10DC4000002011B0BDE8F08F084609F078FE0546C7
:10DC500060680AF082FC728B738D05F10C0B9A429E
:10DC600094BFC0EB020AC0EB030A584609F0E0FE7D
:10DC7000824537D260680AF070FC728D738B9A42CD
:10DC800094BFC0EB0200C0EB030070B96368987AE0
:10DC9000FBF7F8FD0022002309F01EFE05460028D0
:10DCA000CED00146606809F05BFE00230093D8F8EF
:10DCB000046010234146484602AAB047061E0EDB08
:10DCC000227CE068B2422BD001460BA809F017FF76
:10DCD00060B9237C144A0221144809F0C9FC0023CE
:10DCE000A3609DE7584609F0A3FECEE7F2B202A971
:10DCF00006A809F004FF10B90D4A3346EBE706A960
:10DD00000BA809F0CEFE0028E9D10023042163749A
:10DD100005F10C0009F040FEA0600780A3687EE7D3
:10DD200002A90DF0EBF8EEE73CE50600E0BB0600CB
:10DD30005BE50600F8B5124A0746002311480D4678
:10DD400009F0CAFD044638B901212B460E4A0F4896
:10DD500009F08EFC2046F8BD00F10C060921304682
:10DD600009F00FFE2046FBF795FD1822084B012114
:10DD700002FB003330469F6009F00EFE0570E9E7B4
:10DD80001C4E0E003C07012081E20600E0BB0600AD
:10DD90008C3001202DE9F0410E8A0446043EF6B293
:10DDA000022E08468CB001D0102E64D104210C3014
:10DDB00009F022FE0DF1080805884788011D32464A
:10DDC000404609F09CFE002857D09DB3002687B33B
:10DDD000AF422FD34FF42053404601A98DF8046081
:10DDE000ADF8063009F05DFE40BB1422002107A803
:10DDF0000DF07CF811212046FFF79CFF09900028C8
:10DE000037D001210C30CDE9074809F0C5FD0023CA
:10DE10000A90394603701A4A0B93284607AB0AF05A
:10DE20001EFC0A9B1B78FBB90998FBF7D3FD0A235C
:10DE300001E03D4601232A4610210EE042F601038F
:10DE4000404607A98DF81C60ADF81E3009F029FE88
:10DE50000028CAD010232A46194620460AF09BFD06
:10DE600000200CB0BDE8F081204609990AF002FCC0
:10DE7000F6E71120F5E70420F3E70E20F1E700BFF5
:10DE80001DD805002DE9F043036804460D4685B012
:10DE9000012118680BF0D6F940B904F154000AF0DA
:10DEA0006FFDB0BB122005B0BDE8F0831022002149
:10DEB00068460DF01BF821212046FFF73BFF02903A
:10DEC00048B34FF00108DFF85490009405F10C07B7
:10DED0002B8A012B04D8204602990AF0CBFB18E0CC
:10DEE000384609F099FD6B464A46014606468DF8CC
:10DEF0000C800AF0B4FB9DF80C30002BE8D002989F
:10DF0000FBF768FD3246202120469DF80C300AF0D0
:10DF100042FD0020C7E71120C5E700BF858A060043
:10DF20002DE9F043036804460D4685B001211868C9
:10DF30000BF088F940B904F154000AF021FDB0BBA0
:10DF4000122005B0BDE8F0831022002168460CF0D5
:10DF5000CDFF0F212046FFF7EDFE029048B34FF0B2
:10DF60000108DFF85490009405F10C072B8A012B6F
:10DF700004D8204602990AF07DFB18E0384609F0E3
:10DF80004BFD6B464A46014606468DF80C800AF06A
:10DF900066FB9DF80C30002BE8D00298FBF71AFDC9
:10DFA00032460E2120469DF80C300AF0F4FC002089
:10DFB000C7E71120C5E700BF258A0600F0B51D465A
:10DFC000036804460E4685B00121186817460BF019
:10DFD00039F938B904F154000AF0D2FC48BB1220D8
:10DFE00005B0F0BD65B31022002168460CF07EFF3D
:10DFF00039462046FFF79EFE029018B3BDF8283040
:10E000002946ADF80430012328468DF80C300E4A1D
:10E010006B4600940AF023FB9DF80C305BB102982C
:10E02000FBF7D8FC2A46314620469DF80C300AF012
:10E03000B2FC0020D4E7204602990AF01BFBF8E767
:10E040000120CDE71120CBE7258A06002DE9F0411C
:10E050000E8A0446043EF6B2022E08468CB001D069
:10E06000102E76D104210C3009F0C6FC0DF1040805
:10E0700005884788011D3246404609F040FD0028CA
:10E0800069D085B377B3BD422DD8012160680BF00C
:10E09000D9F8064678BB42F602038DF800006946BF
:10E0A0004046ADF8023009F0FCFC20B342F6030311
:10E0B000404606A98DF81860ADF81A3009F0F1FC59
:10E0C000C8B1012D03D14FF6FF739F4213D004F165
:10E0D00054000AF055FC002814BF002012200CB098
:10E0E000BDE8F0813D4601232A46082120460AF07A
:10E0F00052FC0020F3E7182200210DEB02000CF087
:10E10000F5FE09212046FFF715FE0890F8B1012120
:10E110000C30CDE9064809F03FFC0023099003705C
:10E120000A2339468DF82C30284606AB0B4A0AF0F4
:10E1300096FA9DF82C302BB10898FBF74BFC9DF814
:10E140002C30D1E7204608990AF094FAD1E7112043
:10E15000C5E70420C3E70E20C1E700BF4DDA050084
:10E160002DE9F0430F460446062187B007F10C0065
:10E1700009F042FC0588B0F802808288D7F80C903C
:10E18000C5B10023B8F1000F13D0454512D88DF862
:10E1900000308DF804304FF42053684601A9ADF8E3
:10E1A0000220ADF8063009F07CFC064660B10A2377
:10E1B00001E0454601232A46062120460AF0EBFBF2
:10E1C000002007B0BDE8F0830146142201A83F7C7F
:10E1D0000CF08CFE07212046FFF7ACFD0290D8B171
:10E1E0000A2341468DF81530284601AB0B4ACDE98C
:10E1F000036901948DF814700AF031FA9DF8153016
:10E200002BB10298FBF7E6FB9DF81530D3E72046CB
:10E2100002990AF02FFAD3E71120D2E7D1DB0500EB
:10E220007FB5CB6804461D885E8885B176B1B5425E
:10E230000DD81022002168460CF058FE052120461A
:10E24000FFF778FD019058B9112007E0354601230A
:10E250002A46042120460AF09EFB002004B070BD2F
:10E260006B4631462846084A00940AF0F8F9029BAA
:10E2700023B90198FBF7AEFB0A23E9E72046019991
:10E280000AF0F8F9E9E700BF918606002DE9F041B0
:10E2900082B000AF044688460022002339463B483E
:10E2A00006F050FB0546B0B16D4688B06A46384B63
:10E2B000C2E90534032342F8103F00234FF4C25152
:10E2C0003448FAF7B1F8AD466FF00B063046083720
:10E2D000BD46BDE8F0810CF09BFE2F4B3E681A58FE
:10E2E0002E4B29461A60301D28220CF0FFFD3460A9
:10E2F0003C6800220023C4E90155C4E909552848B7
:10E30000391D7D6006F01EFB064688B123686C4609
:10E3100088B06A462349C2E90513032342F8103F37
:10E320004FF4C4512B461B48FAF77EF8A546CBE7BD
:10E330007B680146B02218460CF0D8FD1A4A82606C
:10E340005C300CF05AFA7B685433D3E8EF2FC3E803
:10E35000E16F0029F9D17B681C60636A7D681BB995
:10E3600004F10C000CF049FA626A05F1A803C5F843
:10E37000A820A26A636202B9A36217227B685A8549
:10E380005A830433C8F80030A0E700BF30060120EC
:10E390007AE50600E0BB060008000000EC30012032
:10E3A0004C0601209FE50600E804012008B5437BE8
:10E3B000072B06D002210C4A0C480AF0E6F8002090
:10E3C00008BD04210AF0B5F810B9094A0121F3E7A4
:10E3D00000F15003D3E8AF3FDB0701D4054AF5E76E
:10E3E00050F8040CECE700BFC4E50600E0BB0600F3
:10E3F000D2E5060014E406002DE9F04F85B000AF29
:10E40000B860EFF31188402383F31288BFF36F8F56
:10E41000574C20460AF097F82668054688F311887D
:10E42000BFF36F8F00285ED0FBF734FA182202FB8F
:10E4300000F35049C81851F803A003690021D0E93E
:10E440000248FB6090F80490B0F806B00CF04EFD66
:10E45000A87AFBF717FA6969034659B16A7AD007B7
:10E4600006D45A6A284612687B60926890477B6897
:10E4700000226A61294618460CF0D6F9B9F1000F5E
:10E480000DD064B1236853B11B6843B1BAF1000FDA
:10E490002DD001215346384A384809F0E9F816B31F
:10E4A0000020B9680CF06DFA00281CDA6C468AB0BE
:10E4B0006A46334B5361334BC2E906304FF4007365
:10E4C0001384314B42F8103F00234FF411512B4875
:10E4D000F9F7AAFF0023A54683F31188BFF36F8FD6
:10E4E0000323184602DF1437BD46BDE8F08F201D18
:10E4F0000AF047FB4846FFF74DF80528CFD801A39F
:10E5000053F820F049E505001DE505009FE40500EE
:10E5100049E505009FE405001DE5050004F15403ED
:10E52000D3E8AF3FDA0705D40121184A13480AF0AF
:10E530002CF8B4E7A36D002BB1D00023144A04F1EA
:10E54000780006F071FEAAE754F8543B1D68D4E841
:10E55000AF3FDB07E8D5B8F1000FA0D0002403E0FF
:10E560002846F968C0470134A3B25B45F8D396E763
:10E57000843001208C300120EDE50600E0BB060070
:10E580000CE60600C3E606000400000114E40600E1
:10E590001C4E0E00F8B50F461646FFF707FFB0B148
:10E5A000446A20461CB150F8A84904B1A83C731C29
:10E5B000194638B1428D458BAA4228BF2A469A4255
:10E5C00007D264B902210A4A0A4809F051F800202A
:10E5D000F8BD32463946BDE8F840FFF77BB9D4F8BC
:10E5E000A85005B1A83D20460B462C46E2E700BFE7
:10E5F00027E60600E0BB060007B50B4600210246F1
:10E600000CF006FD01910F4909580F480068884237
:10E6100004D00E48D0F8C800884201D10022134629
:10E6200001A90B4806F08EF9014648B9019B1C224E
:10E6300018460CF05BFC0346184603B05DF804FB7B
:10E640000023F9E708000000EC300120382D0120FC
:10E650006806012010B50446806818B1FBF7BAF9C6
:10E660000023A3602146BDE8104001480BF0C2BF63
:10E67000680601202DE9F347044678300E46174618
:10E680001D460CF0BBF9A06D58B918480221184A74
:10E6900009F07BFF204600F0D9F8002002B0BDE869
:10E6A000F087144B4FF00008984205D12068C4F859
:10E6B00058800AF097FAF0E7D0F80490C0F8048088
:10E6C000A06DD0F818A0FFF7C5FF2068C4F85880E7
:10E6D0000AF088FAB9F1000FDFD02068CDF800A069
:10E6E0003B46324629460068C847D6E7E0BB0600ED
:10E6F00042E60600F030012070B5054650F8043CB3
:10E70000044655F80469002B3AD039B1436D002B0B
:10E7100036D01B7CDA0733D505231BE0304601F0E9
:10E7200015F8737A012B2BD0646D4CB3237CDB0777
:10E7300026D5E368002BEFD028466269617CFFF79D
:10E74000C9F8064668B9637C01210E4A0E4808F0F4
:10E750008FFF0E2300222846BDE870401146FFF7C8
:10E7600089BFE368D4E90512984718B13046FBF732
:10E7700031F9EEE731462846FEF746FF0028F5D18D
:10E7800070BD00BF59E60600E0BB0600F7B550F8C3
:10E79000044C0546002C55D000F1A40104F12400DE
:10E7A0000AF0D5F82E1F05F158070022002338463D
:10E7B00006F092FA024658BB6B6D2BB101466FF022
:10E7C00067033046FFF756FF002345F8043C05F188
:10E7D0005003D3E8EF1F21F00101C3E8E21F002A34
:10E7E000F7D1636A73BB04F10C06002200233046A4
:10E7F00006F072FA78B9666886B921461248266032
:10E800000BF0F8FE286803B0BDE8F04000F0B2BF9E
:10E81000FBF7E0F8C9E7FBF7DDF8E6E7A268336845
:10E820009642636008BFA36077683FB1B3696FF039
:10E8300067010093002320681A46B8473046FFF767
:10E8400009FFD8E703B0F0BD3006012030B505461A
:10E85000044655F8043B89B0186809F055FD69462F
:10E86000FEF7A0FF2846FFF791FF1321606809F02B
:10E87000BDFC034620B10121024A034808F0F8FE1E
:10E8800009B030BD79E60600E0BB0600B0B588B03F
:10E89000044654F8783D00AF186809F035FD394654
:10E8A000FEF780FF6D4688B06A460B4BC2E905371C
:10E8B0004FF400739383094B42F8103F00234FF449
:10E8C000E2510748F9F7B0FD2046AD46FFF7BEFF1D
:10E8D0002037BD46B0BD00BF97E60600030000012B
:10E8E000E0BB0600F8B51D460F461646FAF7D2FF04
:10E8F0001823044C03FB00400123C0E90376C380C6
:10E900000575F8BD8C30012008B505F01BF938B14C
:10E9100001210346034A044808F0AAFE6FF00400F0
:10E9200008BD00BFE6E6060010BC060070B506464E
:10E93000134D40B12A4615F8011C6C1E09F0C4FCA9
:10E9400098B120460CE028460E490AF0A3FA40B9D7
:10E950000C4905F110000AF09DFA20B105F10F00F5
:10E9600070BD681EFCE70020FAE73046217C04F108
:10E97000110209F0A9FC0028F5D004F11000EFE71E
:10E98000253101200DD1060070B50D4C05462378C8
:10E990000E46834203D1601C0AF07CFA60B9237BE7
:10E9A000AB420BD1314607480AF074FA18B1012086
:10E9B0000C2303FB004070BD0020F9E70020FAE7BC
:10E9C000021D05200F1D052038B54A1C0C460546C2
:10E9D00068B910460D490AF05DFA30B90B4904F1E7
:10E9E0000B000AF057FA70B10A3420460CE009789F
:10E9F00009F06AFC0028F8D12846A17A04F10B023C
:10EA000009F062FCEFE7002038BD00BF0DD1060021
:10EA10001FB519464FF428131046064ACDE90223C4
:10EA20000823BDF8182000936B440AF071FA05B072
:10EA30005DF804FB18002800024608B507490130BC
:10EA40000AF03BFA00230C3202F8043CD2E8EF1F34
:10EA5000C2E8E03F0028F9D108BD00BF0DD1060093
:10EA60002DE9F04180460F4616461D46FFF78CFF04
:10EA7000044680B90F49FFF787FF044630B9BDE867
:10EA8000F04101210C4A0D4808F0E9BD394600F873
:10EA9000018B0AF012FA228963891AB92BB92681EF
:10EAA000658104E0964238BF26819D42F8D8BDE8D2
:10EAB000F08100BF0DD10600FCE6060010BC060088
:10EAC0002DE9F047284B1646826807469A422BD11B
:10EAD000C568AB8A43B34FF000086C1C05F11509FB
:10EAE000B4F807309BB12246304614F8011C09F0F7
:10EAF000EBFBE0B9214614F8010CFEF701FA30B146
:10EB0000437B072B08BF4FF00108FDF7CBFD0A340C
:10EB10004C45E5D1B8F1000F06D1AB69A5F81480DA
:10EB200013B14146384698470120BDE8F08706F109
:10EB3000700A5146307A09F01EF978B90B4B9D42A4
:10EB400002D130460AF071FA204609490AF0B5F9B7
:10EB5000002304F8013CA4F80730D8E751462046CA
:10EB60000AF0ABF9D3E700BF75EB050038050120CB
:10EB70000DD106002DE9F8431E46BDF82030814630
:10EB80000F46D1F80C80002B45D1731E012B45D8C0
:10EB9000012E4146157818BF1588FFF715FF04466A
:10EBA000C0B915B93046BDE8F8834146FFF70CFF00
:10EBB000044638B91B4802211B4A08F050FD6FF08B
:10EBC0001000F0E709F1700101300AF076F999F8C8
:10EBD00008302370D8F81C308BB92581B8F8143070
:10EBE000AB4203D0414638460AF06EF9002DD9D128
:10EBF0000E49601C0AF061F925702581D2E72A468A
:10EC00003946484698470028CDDB01380128E4D929
:10EC10006FF00D00C7E76FF00600C4E76FF00C005F
:10EC2000C1E700BF10BC06001BE706000DD10600BF
:10EC30002DE9F0411F46BDF818300646012B9046DD
:10EC400034D83B44012B3D4633DCFFF76FFE0446CE
:10EC500068B9FFF76BFE044648B90221184A194803
:10EC600008F0FDFC6FF010052846BDE8F08197B173
:10EC70000023217A98F8002021FA03F0C70703D572
:10EC800022FA03F0C00717D50133032BF4D102F0A9
:10EC9000070211432172601C06F170010AF00DF9A0
:10ECA000337A204623700AF0EBF9DDE76FF00605B2
:10ECB000DAE76FF00C05D7E76FF01205D4E700BF75
:10ECC00035E7060010BC060010B504461048D0E831
:10ECD000EF3F23F00203C0E8E23F002AF7D1D0E87B
:10ECE000AF3FDA0704D500220023303806F09CFA43
:10ECF00020460AF03DF850B12046FFF717FE30B12C
:10ED0000037ADB0703D5BDE810400AF0B9B910BD9E
:10ED1000E81D0120012110B514480AF0C3F8C3070B
:10ED200023D4022111480AF0BDF8084007D1104948
:10ED3000104A0B88104CA24211D300B10B800F492E
:10ED40000F480BF04FFE40F2391200230C48FAF73F
:10ED5000F9FEBDE810400B490B480BF043BE50686C
:10ED6000083203449BB20120E5E710BD4431012085
:10ED70001A1D0520B0BB0600C8BB0600D1EF050078
:10ED8000401D012025F30500B81D012003462DE993
:10ED9000F04148B1008A38B901244FF0140C1149F0
:10EDA000DFF844E0714501D3BDE8F081D1E9007698
:10EDB000BB4204D30CFB0672143A93420ED934447E
:10EDC000A2B214460831EDE70CFB0578434507D0A5
:10EDD00001356219B54292B2F6D1F2E70025F8E7A3
:10EDE0001046E1E7B0BB0600C8BB06002DE9F74FAF
:10EDF00099464FF6FF73BDF830500746002D08BF07
:10EE00001D46244B90461B88009183423CD203B0A0
:10EE1000BDE8F08F73682344BB4232D29CB20836FF
:10EE20001D4B9E42F6D3F2E740468958019308F005
:10EE300038FE019B90B101340AF1010AA4B2736853
:10EE40005345ECD9009B9C42E1D8BC423168F2D3D7
:10EE50000BFB0AF28B18B8F1000FE5D1B9F1000FE6
:10EE60000BD1013D1846ADB221460E9A0D9B984735
:10EE7000002DCCD00028DED1C9E7DA689145DAD17F
:10EE8000EFE74FF0000ADAE701244FF0140B034ECE
:10EE9000C6E700BF1A1D0520C8BB0600B0BB0600B0
:10EEA000002110B58EB0182208A8CDE90311CDE9D4
:10EEB00005110CF01BF84FF41053ADF81C308023F3
:10EEC000ADF81E304FF48063204C1022CDE9093498
:10EED00003A901AB07A804F079FD034630B11C4A31
:10EEE00001211C4808F0C4FB0EB010BD0090224662
:10EEF0006846019904F000FE034608B1164AEFE7A0
:10EF00006B464FF6FF710120144A0AF01CF91022DB
:10EF10006846134907AB04F037FE0446019804F035
:10EF200081FD14B10F4A2346DAE721460C4B03F169
:10EF30001002187812F8014D0131082903F8014B2D
:10EF40001070F6D1084809F0ADFFCDE70002C0030C
:10EF500061E7060010BC06008AE70600F18D060096
:10EF6000301D0120A8E70600E81D01202DE9F04131
:10EF700014490646A1F1300014461D46BDF818702C
:10EF80000BF04FFD104BD3E8AF3F190701D4FFF74B
:10EF900087FF3046FFF7CAFC50B1037ADA0707D57E
:10EFA0000C30D0E8AF3FDB0702D4022109F07AFF32
:10EFB00010233A46069329462046BDE8F041034B0C
:10EFC00009F0A6BF701D0120E81D0120301D0120A1
:10EFD000034BD3E8AF3F1B0701D4FFF761BF704776
:10EFE000E81D0120002307B50193FFF7CFFE411C68
:10EFF00089B20846034A01AB0AF0A5F8019803B0AC
:10F000005DF804FBB58D06002DE9F04387B0437B26
:10F010008046072B0C46164602AF40F0A580002321
:10F020003B7342F603032068FB8107F10C0108F0F3
:10F0300038FD0546002834D1D4F80490B9F1000F0A
:10F0400005D101214B4A4C4808F009FB8CE0012313
:10F050002146009007F10802C847031E11DA6E46E8
:10F0600088B002AAD36104234449C2E9051442F8D6
:10F07000103F4FF401512B463F48F9F7D5F9B546FB
:10F0800072E0012B05D001213D4A3B4808F0F0FA1F
:10F090006AE03B7A13F0300F66D02046FFF7A2FFFC
:10F0A0000446002320683B7342F6021307F10C016B
:10F0B000FB8108F0F6FC18B12046FFF793FF0446E9
:10F0C000002542F60219206839463D70A7F80290E3
:10F0D00008F0E7FC10BB002320683B7342F60213E4
:10F0E00007F10C01FB8108F0DCFC054600283BD150
:10F0F000D4F80490B9F1000FA3D002230090214668
:10F10000404607F10C02C847031EA8DB022BBAD108
:10F11000BB891E4214BF0120002026E042F60303F3
:10F120002068391D3D71FB8008F0BBFC0028D2D05F
:10F130004FF42053206807F108013D727B8108F0ED
:10F14000B0FC0028C7D042F60103206807F10C018B
:10F150003D73FB8108F0A5FC0028BCD02046FFF7DA
:10F1600041FF04460028AED100201437BD46BDE85B
:10F17000F08300BFBEE7060010BC0600D2E7060021
:10F18000F8E706002DE9F843154689469422696898
:10F19000064609F0E5FF8046002841D102223046AC
:10F1A0006968FFF731FF00283DD000211F48AF8A72
:10F1B000FFF722FA0237044680B11D211C4B47613C
:10F1C0003A464174C0F80C80436085613046FFF7D1
:10F1D000E1F9074638B92046FFF73CFA6FF00B0516
:10F1E0002846BDE8F883012342464146FFF77AFBF3
:10F1F000A98A07F10C00023108F0CEFB20F8029B2F
:10F20000AA8A29690BF065FE21463046A76009F0FD
:10F2100092FD05460028E3D02046FFF71BFADFE702
:10F220004FF0FF35DCE76FF01505D9E71C4E0E00F7
:10F23000BB8D060030B504460D468BB0364BD3E887
:10F24000AF3F5A0761D510B1437B072B60D1686887
:10F250000590FFF79BFD2A68ADF818003AB305A9A1
:10F2600002912E4900230191012100914FF6FF7177
:10F270000593FFF7BBFD059B1BB96FF001000BB0B9
:10F2800030BD6B60059B04A9186800238DF8103011
:10F2900042F60303ADF8123008F003FC70B905988C
:10F2A000C3689B799B0605D46FF01500E7E700283B
:10F2B000E8D1E2E709F000FFADF81800BDF818004A
:10F2C0003CB1012301462A462046AB75FFF75AFFA1
:10F2D000D5E76FF07F0307930223ADF8203042F6A5
:10F2E0000213ADF8123005ABAC7502930C4B4FF620
:10F2F000FF710193012304AA0093234609958DF819
:10F300001040FFF773FD0798B9E76FF00A00B6E702
:10F310006FF07F00B3E700BF54010120E98D0600C4
:10F3200099F50500034613B550F8082CA0F120010B
:10F33000019200F13004D4E8EF2F22F00102C4E87A
:10F34000E02F0028F7D10D4A002043F81C2C0C4A6E
:10F3500023F8080C43F8182C01AA43F8102C0422B7
:10F3600023F8060C23F80C2CFFF764FF18B90221D0
:10F37000204609F097FD02B010BD00BF9CC40600F6
:10F38000C9EC05002DE9F84F904614683F4B8268A0
:10F3900005469A4200AF75D1D0F80C9009F10106EC
:10F3A00009F1150AB6F80730F3B13246204616F8CF
:10F3B000011C08F089FFB8B14FF495722946204628
:10F3C00009F0CEFE30B3032812D1EB4688B06A466E
:10F3D0002F4BC2E9053542F8100F00234FF4C451FA
:10F3E0002C48F9F721F8DD460A365645DAD149E0CE
:10F3F000052820460CBF4FF0030B4FF0020B08F01E
:10F400005DFF834506D998F804305B45ECD288F857
:10F4100004B0E9E74946284609F056FD1E4B9945D8
:10F4200030D1207A04F17001FFF7AEFA054648B3F7
:10F4300003890BB943892BB32046FDF77FFA2B894B
:10F44000164A698922F8203002EB8003598018237C
:10F450001349144D03FB001300B202EB80021A6142
:10F46000042200EB40005D600F4D01EBC00120461F
:10F470009D609A82FFF7DEFE20B101210B4A05480C
:10F4800008F0EDF80120BD46BDE8F88F75EB0500EA
:10F4900011E8060010BC060038050120FE1C0520FE
:10F4A0000C3101209CC406008990060025E8060066
:10F4B00030B504460D468BB0344BD3E8AF3F5A0706
:10F4C0005DD510B1437B072B5CD168680590FFF7D1
:10F4D0005DFC2A68ADF818003AB305A902912C49E1
:10F4E00000230191012100914FF6FF710593FFF771
:10F4F0007DFC059B1BB96FF001000BB030BD6B604C
:10F50000059B04A9186800238DF8103042F6030308
:10F51000ADF8123008F0C5FA70B90598C3689B7948
:10F52000DB0605D46FF01500E7E70028E8D1E2E735
:10F5300009F0C2FDADF81800BDF818002CB1014665
:10F540002A46204609F047FED7E76FF07F0342F6D0
:10F55000021207930123ADF8122005AA02920D4A68
:10F56000ADF82030CDE900324FF6FF71234604AAF2
:10F5700009958DF81040FFF739FC0798BDE76FF04B
:10F580000A00BAE76FF07F00B7E700BF540101201F
:10F59000E98D060099F505002DE9F84F1446444B16
:10F5A000826881469A4236D1D0F80CA0414B9A45E8
:10F5B00019D10026404D414F3946284609F06AFCD2
:10F5C00078B90722294615F8010CFDF7EBFC38BB8A
:10F5D000236929461A6915F8010C53881288FFF728
:10F5E0003FFA0C35D6B10AF101070AF1150BB7F84D
:10F5F0000720A3899A420BD1394617F8010CFDF771
:10F600007FFC054620B1437B072B0CD0FDF74AF861
:10F610000A375F45EBD14FF0010846E00126CBE702
:10F62000FDF740F8DDE7DAF8203023B14946984786
:10F6300008B92846EAE794224946284609F090FD91
:10F6400080460028F5D1A389022B15D1B7F80730E1
:10F6500013F0020604D12846FDF724F8A660D7E788
:10F6600028462269A188FFF78DFD0646B8B92269B0
:10F67000937D01339375EEE7012B05D02846FDF706
:10F6800011F8C4F80880C3E7B7F8073013F0010693
:10F69000E1D028462269A18809F09DFD064628464A
:10F6A000FDF700F8002EA660B2DA4046BDE8F88FFC
:10F6B00075EB050038050120031D05200DD106005E
:10F6C00013B50446009001204FF6FF716B460C4ABB
:10F6D0008DF8040009F037FD204608F0EFFD9DF895
:10F6E0000410884209D2204608F0B7FD034620B135
:10F6F0000221044A044807F0BBFF02B010BD00BF5E
:10F7000085F3050042E8060010BC0600F8B50E4B74
:10F7100005461B680E461746A3B11C6804B1043C9D
:10F7200053F8043C1BB13A463146284698474CB141
:10F73000234664681B681CB1043C002BF3D1F7E737
:10F74000002BF0D1F8BD00BF4831012013B50446AD
:10F75000009001206B46064A4FF6FF718DF80400B9
:10F7600009F0F1FC0021204609F06CFD02B010BD4B
:10F7700085F3050070B5044603464FF6FF7101207E
:10F780000D4A09F0E0FC2046FFF7D0F8054688B1A5
:10F7900004F170063146207A08F0EDFA20B92846C7
:10F7A000BDE87040FFF748B93146681CBDE87040BD
:10F7B00009F083BB70BD00BFC1EA050008B5054B69
:10F7C0000146184609F083FD043B002814BF184683
:10F7D000002008BDF41D0120084B00F5B8701A6820
:10F7E000074BD0E8EF1F994204D1C0E8EC2FBCF1E1
:10F7F000000FF6D1D0E8AF0F704700BF30300120C6
:10F80000F01D012008B5FFF7E7FF0346C8B1D0E9B6
:10F81000001221B9002A0CBF0320022010E032B1EF
:10F82000836813B9094B1B7833B9042008E00749F2
:10F83000087828B19B6833B9003A18BF01225000FC
:10F8400008BD0320FCE70120FAE700BF611E052088
:10F8500008B50121024A034809F037FD002008BD20
:10F8600076E8060058BC06000023024A00F5A070A6
:10F8700005F0DABC1C4E0E000221024A024809F0D3
:10F8800024BD00BF91E8060058BC060038B500232F
:10F8900004461A46EC300D46FDF7C2FC58B16930FB
:10F8A00004D10121064A074809F00FFD2846BDE8AA
:10F8B0003840FAF78FB82046BDE83840FFF7D4BF8C
:10F8C00041E4060058BC060038B50446051D082171
:10F8D000284609F051FD084904F15700FCF7D4FC13
:10F8E00048B10821284609F02DFD04480121044AA9
:10F8F00009F0EBFC082038BDC795060058BC06008F
:10F90000AAE8060038B50546EC2200210BF0EEFA15
:10F91000102105F1270003F0C9FD044648B905216F
:10F92000284609F029FDFCF7A1FC034B186020468E
:10F9300038BD0824FBE700BF5031012070B5051D1C
:10F940000E462846042109F0C2FC68B100220021BD
:10F9500000230846FDF74AFC044638B9042128462E
:10F9600009F00AFD204670BD034AF0E701210C3082
:10F9700008F012F80670F5E71C4E0E0070B504464C
:10F980000E4686B0FFF728FF04F137021146F368F0
:10F99000054603F1100053F8046B834241F8046BF1
:10F9A000F9D1237A052B00F29580DFE803F01723C5
:10F9B0002303936A02AB4B490093096804F12703C0
:10F9C00004F1570001F074FA58BB0A21201D09F018
:10F9D000D3FCAB680299D4F8EC00984720460D217F
:10F9E00009F0CAFC201D102109F0C6FC204609F0D0
:10F9F000D3FC20E094F8DC10D4F8D83002ADCB4032
:10FA0000384903F001030095096843F0800304F1CD
:10FA1000570009F08CFE30B10121334A334809F018
:10FA200054FC082007E01022294604F117000BF0CF
:10FA300065FA10B1042006B070BD0321204609F01C
:10FA40009BFC09F0A9FC0028F5D194F8DC300133C7
:10FA5000DBB2142B84F8DC3009D10D21204609F0EB
:10FA60008BFC1021201D09F087FC0020E3E710210A
:10FA700004F1270003F01AFD003818BF0120C00070
:10FA8000D9E7102104F1270003F010FD0028C8D1A8
:10FA900035B3EB6823B3164BE27A1B88D207ADF877
:10FAA0000830A37C03F0010312D4002B14BF012300
:10FAB00003238DF809300023201DC4E938330C21BD
:10FAC00009F05AFCEB68D4F8EC0002A99847CCE79F
:10FAD0005B00EEE70121074A044809F03EFCA0E77D
:10FAE0000220A8E750310120C3E8060058BC0600F8
:10FAF00098C00600DCE806002DE9F047044690B007
:10FB00000CAD1022002128460BF0F0F9237A052BCA
:10FB100034D8DFE803F0060303063323D4F8D830E3
:10FB20000C93D4F8EC3004F1470204F1C707CDE997
:10FB3000017204F1370803F17E0204F127090092F3
:10FB400041464A46773304F1970001F049F9F0B194
:10FB5000454A0121454809F0B8FB14E0D4F8E430E7
:10FB6000002BDED02E4603F1100732461868596884
:10FB7000083303C2BB421646F7D1D2E701213C4A03
:10FB80003A4809F0EAFB082010B0BDE8F087D4F845
:10FB9000EC3008AE03F177027E33019304F11103D8
:10FBA0000292009342462B4649463846039609F096
:10FBB000E3FD08B12F4ACCE7237A052B0ED1D4F808
:10FBC000E01011B30B46AC4601F1100E6246186806
:10FBD0005968083303C273459446F7D1D4F8EC3022
:10FBE0000DF1100A03F17E027733019304F10A0349
:10FBF000029200934A462B4641463846CDF80CA067
:10FC000009F0BAFD30B11C4AA3E7102228460BF0D8
:10FC10006DF9E3E71022514604F1B7000BF06EF9DD
:10FC2000F8B90D212046FFF789FE07460028AAD023
:10FC300010210C3007F0B0FE32460346164603CEC4
:10FC4000AE4218605960324603F10803F6D13946D6
:10FC50002046FFF71BFE201D012109F08DFB00202F
:10FC600092E70B2090E700BFF8E8060058BC0600BA
:10FC7000DCE806000DE9060030E9060073B5047AF9
:10FC80000546022C23D844B190F8DC30D0F8D84097
:10FC9000DC4004F0010444F0800403212846FFF70F
:10FCA0004DFE0646D8B110210C3007F075FE0090CD
:10FCB00012482346006805F1270205F1570109F0B3
:10FCC00036FD044680B13046F9F784FE07E0032C88
:10FCD00008D0234601210A4A0A4809F03EFB0820C1
:10FCE00002B070BD0024D8E731462846FFF7CEFDAC
:10FCF000281D214609F026FB2046F1E7503101205E
:10FD0000DCE8060058BC060070B5061DCD68044648
:10FD10000B21304609F016FB2B4604F1170205F1C2
:10FD2000100153F8040B8B4242F8040BF9D1237AEB
:10FD3000012B09D0022B13D12046042109F01CFB12
:10FD4000BDE87040FFF79ABF0A21304609F0BFFABC
:10FD50000028F1D03046002109F00EFB002070BDD4
:10FD600003480121034A09F0F8FA0820F7E700BF29
:10FD700058BC0600DCE80600F7B50446FFF72CFD8A
:10FD8000251D06460E21284609F0A1FA70B94E4BF2
:10FD90002022196804F157000BF0B0F830B90221A5
:10FDA0004A4A4B4809F091FA082033E00C212046DA
:10FDB000FFF7C4FD07460028F6D040210C3007F0BD
:10FDC000EBFD414B02461B68014603F1200053F84E
:10FDD00004CB834241F804CBF9D1203203F1200156
:10FDE00053F8040B8B4242F8040BF9D139462046F4
:10FDF000FFF74CFD237A052B5DD8DFE803F0033CC9
:10FE00000D035C590421204609F0B6FAFFF736FFCE
:10FE100000283FD003B0F0BD2046D4F8EC70FFF7C7
:10FE2000DBFC04214FF0FF3306460DEB010001938C
:10FE300003F03CFB0028B7D1019B264A84F8DC0084
:10FE4000B3FBF2F102FB11330193C4F8D83056B181
:10FE5000336843B10B21284609F08EFA38463368DF
:10FE6000D4F8D81098470321204609F085FA0E21CE
:10FE700009F082FA0EE02046032109F07DFA0E21F6
:10FE800009F07AFA28460A2109F076FA7368D4F85C
:10FE9000EC0098472846072109F06EFA0820FFF782
:10FEA0008DFC70B9204603B0BDE8F040FFF70CBDF3
:10FEB00004212046DCE70121074A054809F04DFAF4
:10FEC00072E70020A6E700BF5031012054E9060088
:10FED00058BC060040420F00DCE8060070B504463E
:10FEE0000E4604F15705FFF777FC2A46F36803F145
:10FEF000200153F8040B8B4242F8040BF9D104F1B2
:10FF0000770203F1200153F8040B8B4242F8040BF3
:10FF1000F9D12846FCF710F900B303211C4A1D480B
:10FF200009F0D3F90E21201D09F026FAD4F8EC507F
:10FF3000D5F8A43033B9287A05F1700100F0AAFE93
:10FF4000C5F8A400D5F8A4309BB15A8A02F0240267
:10FF50007AB15B7C9B070CD4032070BD2846FCF76C
:10FF6000F7F830B90B4802210B4A09F0AEF90B2023
:10FF7000F3E70A4B1D682DB9201D062109F0FCF995
:10FF80002846EAE72046BDE87040FFF7F5BE00BF0F
:10FF90006FE9060058BC060090E9060050310120C8
:10FFA00038B504460D49A0F1EC0554300AF01AFDAD
:10FFB000284609F054FA0A4A04F18403D3E8EF1FF3
:10FFC000C3E8E02F0028F9D14FF0FF338834D4E89C
:10FFD000EF2FC4E8E13F0029F9D138BDF10A06004E
:10FFE000F01D012080B500AF88B06A46074BC2E91A
:10FFF0000530032342F8103F00234FF4C251044858
:020000040006F4
:10000000F8F712FA6FF00B00BD4680BDACE90600B0
:1000100058BC0600054BD3F8EC200AB1FFF7E2BF4D
:100020000348EC33586010460B607047F01D012008
:10003000A0C506002DE9F0410B46064600AF0D2194
:10004000043009F044F978B3DD68D6F8EC300220CA
:1000500003F170084246197A09F02FFB0446C8B92B
:100060004046F9F713FD6D4688B06A46114BC2E968
:1000700005304FF4007393830F4B42F8103F0F4845
:1000800023464FF4E251F8F7CFF90820AD46BD46BC
:10009000BDE8F0812B462E3405F1100253F8041B05
:1000A000934244F8041BF9D13046092109F064F960
:1000B0000020ECE7D1E906000300000158BC06006F
:1000C00038B5134B05461B78E3B101F00F04284601
:1000D000FFF798FB0F4B03281B780CBF04F00B04B1
:1000E00044F0040405F5BA70D0E8EF2F013203D1D3
:1000F000C0E8E13F0029F7D1D0E8AF3F2BB144F091
:10010000010038BD01F00704E1E704F0FE00F8E764
:10011000611E0520D5050120F8B50D460446D0F82E
:10012000EC60FFF759FBEF68FB78102B01D006203D
:10013000F8BDD6F8A4305BB1251D0F21284609F083
:10014000C6F880B92046FFF7DDFB60B1C0B2EFE72B
:10015000307A06F1700100F09DFDC6F8A400002879
:10016000EAD10820E4E7012363723B682046C4F823
:100170000A30BB88E38102232374B978FFF7A0FF1C
:10018000E0742046FFF73EFB1023607423753B7933
:1001900003F0030363757B7903F00103A375E37C2C
:1001A0001A070CD5BB781B0709D50521284609F08D
:1001B000E3F8637D03F0020363750023A375052153
:1001C000284609F084F8002843D04C4B1B78A374D0
:1001D000E37C980606D5BB78990603D514212846FA
:1001E00009F0CAF8E37CDA0735D5BB78DB0732D5EE
:1001F0000D21284609F0C0F8A37D032184F8E830DA
:10020000637D284684F8E93009F0B6F8237BE17C69
:100210003F7803EA0102100704D5E27AA07C02438A
:10022000D2071CD4042F1CD80B4313F0040307D0AF
:100230002046FFF7E7FA324B07EB87073B441B5C8E
:1002400023722046D6F8A41009F047F858B90320C5
:100250006EE72C4BBAE700236375A375CCE7052343
:10026000EEE70023ECE7D4F8EC309B7A032B36D092
:1002700024D8013B012B3FF674AF0521284609F035
:1002800026F80028E3D00C21204609F075F8022159
:10029000FFF754FB054600283FF463AF06210C30FE
:1002A00007F07AFBD4F8113029460360B4F8153012
:1002B00083802046FFF7EAFA002039E7042B7FF419
:1002C00050AF237D627B934228BF1346102B7FF4EF
:1002D0002EAF0521284608F0FAFF0028B7D0237A70
:1002E000002BB4D00521284608F0F1FF0028C4D126
:1002F000237A013B012BC0D8A9E700BF631E05206C
:10030000E5EB0600621E05202DE9F041C6780446A3
:10031000012E04D06FF015042046BDE8F08109F0ED
:100320001EF80546002800F0AB80071D0421384662
:1003300008F0CDFF002840F0A6800321384608F0E1
:10034000C6FF10B16FF00F04E6E73146384608F0FB
:10035000BEFF0028F6D12846FFF73EFAD5F8EC306C
:1003600006469B7A032B42D032D8013B012B48D959
:100370000F21201D08F0ABFF0028CBD1D4F8A4300A
:1003800083B904F1700632462020217A00F0BAFCCD
:10039000C4F8A40030B932460420217A00F0B2FC3F
:1003A000C4F8A400D4F8A430002BB3D05A8A12F0B9
:1003B000240FAFD0A17A022923D9587CC007A9D530
:1003C00003291ED09206A5D51B7C102BA2D118E0C4
:1003D000042BCDD12846FFF715FA032804D1002EAF
:1003E000C6D0F368002BC3D0284B1B7807E0284603
:1003F000FFF708FA032804D1002EB9D0F368002BC8
:10040000B6D0D4F8A4303BB12846FFF77BFA0446B7
:1004100070B16FF068047FE7207A04F1700100F09A
:1004200039FCC4F8A4000028EED16FF00B0473E788
:100430000B212846FFF782FA06460028E9D0012161
:100440000C3007F0A9FA092180462846FFF738FE4C
:100450002346224688F80000314605F1EC00FCF7FF
:10046000DFFE044618B13046F9F7B4FA54E73846CF
:100470000F2108F081FF0121284608F07DFF4BE79E
:100480006FF07F0448E76FF0040445E7611E052024
:10049000F8B5D0F8EC400646D4F8A430051D002B82
:1004A00033D102213D4A3E4808F00FFF07213D4B62
:1004B0005F5CD4F8A4304BB11B7C002B57D1D4F82F
:1004C000A40009F00EF90023C4F8A4300221284644
:1004D00008F0FDFE48B9072F94BF334B1F213A4661
:1004E000204698BFD95DFCF7B7FC0321284608F0E9
:1004F000EEFE38B32D4B1B6823B31D6805B10C3DD0
:1005000053F8083C002B3BD13DE051BB0D21284660
:1005100008F0DDFE254B07461B689BB11D6805B141
:100520000C3D53F80C3C13B13946204698474DB169
:100530002B46ED681B681DB10C3D002BF4D1F7E78D
:10054000002BF1D1304608F08AFF637B072B24D1C2
:10055000627AA37A9A4220D02046BDE8F840FFF79D
:10056000D3BE0139C9B20E29A1D90927A1E70221B9
:10057000284608F0ACFE0028A1D1A7E70C3D23B126
:10058000394620469847002DDCD02B46ED685B6845
:10059000002DF3D1002BF3D1D4E7F8BDEBE9060031
:1005A00058BC0600D6EB0600C5EB0600283001203B
:1005B000F8B5031D06460F461846022108F087FECF
:1005C000044620B1B6F8E840B4FA84F46409032183
:1005D000184608F07CFE80B139463046FFF758FFD8
:1005E000C4B1022119481A4A08F06FFE0521D6F855
:1005F000EC0007F0FBFD0020F8BD0121184608F0D3
:1006000066FE0028E8D10F21184608F060FE002899
:10061000E2D1E5E705213046FFF790F9054688B1BC
:1006200001210C3007F0B8F923460770224629460D
:1006300006F1EC00FCF7F4FD0028DCD02846F9F7C1
:10064000C9F9D8E76FF06800D6E700BF58BC0600CC
:1006500015EA0600124B10B5044618604FF0FF3241
:100660004FF0FF330F4804F06FFA0F4804F0E2FD3B
:100670000C4804F0E1FA1CB9BDE81040FFF7FCB8E3
:100680000A4B1C1FD3E8AF3F5B0607D52046FFF798
:1006900073FB014610B12046FFF78AFF10BD00BF73
:1006A000503101207405012088050120F41D01202E
:1006B0002DE9F3410B8A04460E4643B901212D4A28
:1006C0002D4808F002FE002002B0BDE8F0810121B3
:1006D00006F10C0007F090F9A4F1EC05E83C0746A0
:1006E0000421204608F0F3FD3B7828B1234A02217B
:1006F000214808F032FEE6E70E2B01D9204AF6E742
:10070000DFF8808058F833204AB902211E4A1A487F
:1007100008F023FE07212846FFF74AFFD3E71946D2
:10072000284608F08AFE3B7860B902211248174A31
:1007300008F013FE0321204608F0C9FD0028C2D0AE
:100740000821E8E708EBC301328A0979914208D011
:1007500001210093084813460D4A06F093FF0A2131
:10076000D9E73146284658F83330984701460028E3
:10077000A9D0D0E76DEA060058BC060088EA06005A
:10078000B9EA0600C8C50600DBEA0600F5EA06007D
:100790001DE506002DE9F04784B090F8E930D1F866
:1007A0000C8023F0020380F8E930D0F8EC6098F870
:1007B0000030054600AF06F17009BBB398F806306B
:1007C00003F0C003C02B31D04046F9F75FF96E4605
:1007D00088B06C464FF4007A25465C4BDFF8708198
:1007E000C4E90530A4F81CA045F8108F00232A4660
:1007F0004FF4E2515748F7F717FE4846B546F9F768
:1008000045F9A546544BA4F81CA0C4E90530C4F82A
:100810001080504800232A464FF4E251F7F704FEB7
:100820000A20B5461037BD46BDE8F087072241468D
:1008300048460AF063FB68B14146307A00F0BEFAE0
:10084000044638B10146284608F047FD28B3204643
:1008500008F047FF0D21281D08F039FD002863D05E
:100860004A460220317A08F028FF0446B8B94846C3
:10087000F9F70CF96D4688B06A46384BC2E9053085
:100880004FF400739383324B42F8103F4FF4E25120
:1008900023463048F7F7C8FDAD460820C2E7F37895
:1008A000002B3BD106F17E03187801282AD19A79D2
:1008B00002F0C002402A25D1D3F80120C4F83E201E
:1008C000B3F80530A4F8423096F87030D3B196F8FA
:1008D000763003F0C003C02B14D021493A1DC7E97C
:1008E0000198FC60FBF7E4FFD8F800303046C4F80C
:1008F0000130B8F80430A4F8053098F80630E371F8
:10090000FCF77AFA00212046FAF74EFE48B111486A
:100910000221144A08F0D9FC032083E706F177038B
:10092000C2E72046FAF752FE95F8E9305B0703D597
:100930000A21284608F020FDB5F8E81009B100208A
:1009400070E72846FFF7A4FDF9E700BF10EB0600AB
:100950000300000158BC06008EEB0600D1E906003A
:100960009594060024EB06002DE9F0410E4604465E
:10097000D0F8EC80FEF730FFF668012105463378A9
:100980000F48104A271D08F0E8FC0A21384608F0F5
:1009900054FD38B16DB920463178FFF779FD00205C
:1009A000BDE8F0810B21384608F047FD0028F1D161
:1009B000F1E72B69002BEED040469847EBE700BFEC
:1009C00058BC06005FEB06002DE9F8430546A0F190
:1009D000E8060446884600AF0121304655F8EC99F8
:1009E00008F02BFD38B3B8F1000F19D003213046C1
:1009F00008F06DFCF8B14046F9F75CFE0138C0B272
:100A000008288CBF0024364B4FF0020198BF1C5CB5
:100A1000304608F0B1FC21462846FFF739FD0AE0D0
:100A200099F80B303BB10321304608F050FC28B94F
:100A3000284608F014FDBD46BDE8F8830521304680
:100A400008F045FCB8B114F8043C1B0707D514F8AE
:100A5000033C180703D51121304608F08DFC14F82B
:100A6000043C23F0080304F8043C14F8033C23F08E
:100A7000080304F8033C14F8033CD90710D50621F9
:100A8000284608F079FC3046022108F075FC206801
:100A9000D0F8A46066B134F8041C0029CBD1BBE7C0
:100AA0009A0701D50821EBE75B07ECD50A21E7E7B8
:100AB0007030F8F7EBFF6C4688B06A46094BC2E924
:100AC00005304FF400739383074B42F8103F4FF407
:100AD000E25133460548F7F7A7FCA546ABE700BF50
:100AE000CDEB060081EB06000300000158BC0600B8
:100AF00037B5A0F5A075A0F59E74D4E8AF3FD5E852
:100B0000AF2F012100920748074A06F0BBFD284697
:100B10000821FFF7BDFC0421204603B0BDE83040AA
:100B200008F02ABC58BC060096EB06002DE9F843F5
:100B300000AF044608F013FC054670B3061D032100
:100B4000304608F0C4FB40B3D4F8A40008B108F064
:100B5000C8FD04F170094946207A00F09BF88046F0
:100B6000C4F8A400E0B94846F8F790FF6C4688B096
:100B70006A463E4BC2E905304FF4007393833C4B09
:100B800042F8103F4FF4E2513A484346F7F74CFC25
:100B90000821A5462846FFF70BFDBD46BDE8F883B2
:100BA0000E21304608F093FB28B1D4F8A420537CE2
:100BB00043F0020353742B7A032B11D823B1052180
:100BC000304608F084FBA0B9D4F8A420537C23F06D
:100BD00020035374D4F8A420537C23F001030DE0C8
:100BE000053B012BF0D8D4F8A420537C43F020031C
:100BF0005374D4F8A420537C43F0010353742B7D29
:100C0000697BD4F8A4208B4228BF0B46304613746E
:100C1000052108F05CFBD4F8A4305A7C10B342F0F4
:100C200010020D2130465A7408F051FB0028B4D050
:100C30002021D4F8A40008F050FDD4F8A43005F128
:100C400047021E33573552F8041BAA4243F8041BCF
:100C5000F9D10023D4F8A42053619361D4F8A420DF
:100C600093839AE722F010025A7496E7D1E90600BE
:100C70000300000158BC0600012208B5034B0448DC
:100C80001A70FBF7A9FA002008BD00BF611E0520FD
:100C900090050120F8B5114F06463C4614F8013B7B
:100CA0000D46834204D1072220460AF027F980B17D
:100CB00007220B490B480AF021F960B904F8016CCE
:100CC0002B682360AB88A380AB79A37140F211231A
:100CD000FB600248F8BD0020FCE700BF5431012052
:100CE0000DD106005531012010B40B461146044ABF
:100CF000548A044202D0104610BC184710BC7047FA
:100D000054310120F8B50C4C07462046638A0D4645
:100D10003B4011464FF0000610F8012B07D09542DA
:100D200003D107220AF0EAF818B1304600E018466D
:100D3000F8BD2046FCE700BF54310120F8B50B7820
:100D40000646012B0C4601D00020F8BD8B7903F03C
:100D5000C003402BF8D1164D002329466F8A11F8A5
:100D60003E2BBF0704F1010006D5B24204D1062292
:100D70000AF0C4F8D0B100236A8A297802F002028E
:100D8000002BE1D1002ADFD0B142DDD1671C39460A
:100D9000084806F073FE01230028EDD0D4F8013096
:100DA000C5F83E30B4F80520034B9A800048CCE7E4
:100DB00054310120823101209231012010B5074CBD
:100DC0002378834208D10722601C0AF097F8002894
:100DD0000CBF2046002010BD0020FCE7543101204C
:100DE0002DE9F0479AB01646DDE923970CAA844610
:100DF0008A4690461D462C4B03F1300E1446186867
:100E00005968083303C473452246F7D118681B7923
:100E1000614620602371202204A808F070FC6B4614
:100E20002022224804A900F071F80446C0BB102219
:100E300051460DF1350008F062FC102231460DF1EB
:100E4000450008F05CFC294611F8013B06220DF133
:100E500056008DF8553008F052FC2299062211F800
:100E6000013B0DF15D008DF85C3008F048FC4B460D
:100E700035224146684600F049F8044680B94846A4
:100E800008F047FC012335228DF8303041463B46BF
:100E9000684600F03BF8044610B9384608F039FCC3
:100EA00020461AB0BDE8F0879AC006000DEC060097
:100EB00070B50E461D46144698B00146202204A87F
:100EC00008F01DFC202231460CA808F018FC102266
:100ED000294614A808F013FC10222146684608F0A1
:100EE0000EFC6B465022184604A900F00FF840B9DA
:100EF000039B054A1BBAB3FBF2F102FB11331C9AA8
:100F0000136018B070BD00BF40420F002DE9F041E2
:100F10008EB007460C4615460021182208A81E462A
:100F200009F0E4FF4FF41053ADF81C308023ADF806
:100F30001E304FF44063DFF854801022CDE90938A9
:100F4000394605AB07A802F041FD034648B1104AF7
:100F50001048012106F08CFB6FF004000EB0BDE8D4
:100F6000F08106AB0293102322464146CDE900638F
:100F700005982B4602F080FE0446059802F052FDCB
:100F80002043EBD0044A2346E2E700BF0002C0033F
:100F900027EC0600F8BB060043EC0600084B70B5D2
:100FA000C31A0D4607499B10044659434022064880
:100FB00008F03BFC2B4601462046BDE87040184730
:100FC000AC310120B76DDBB604B10600402373B528
:100FD0000B4C0093041B0B460D460A49A4106143B9
:100FE0000646094A094808F04BFC011E05DA30465E
:100FF0002B4602B0BDE87040184702B070BD00BF7C
:10100000AC310120B76DDBB6E998060004B10600EB
:101010002DE9F0470022012107464FF48770F8F7C9
:10102000FBF8124802F07AFC0446D0B908F0FCFF45
:1010300025464FF01C0A4FF00C08DFF834903E694B
:1010400049460AFB056006F0AEF9031E0CDB0123DE
:1010500008FB05661D44032DF365F0D12046BDE86D
:10106000F0876FF00404F9E71C46F7E7A9110600C2
:1010700040C606007FB500220123CDE9022304AB60
:10108000CDE90433094A6B46CDF800D0CDF804D041
:1010900008F023FC002805DB43F6095200236846CC
:1010A00003F086FE07B05DF804FB00BF0799060059
:1010B00010B5EFF31184402383F31288BFF36F8FD1
:1010C000074A136823F00201DB07116002D40120F4
:1010D00008F0A0FF84F31188BFF36F8F10BD00BF2D
:1010E000243201200C22104B014602FB0033002069
:1010F00030B4D3E915525865EFF31180402484F3DE
:101100001288BFF36F8FDC6D04F0C00444F002045A
:10111000DC6580F31188BFF36F8F1DB12B4630BCA7
:101120000248184730BC7047AC31012004B10600BA
:1011300010B4EFF31182402383F31288BFF36F8F53
:101140001648016841F002040460C80707D482F31E
:101150001188BFF36F8F012010BC02F0C9BB10498A
:10116000D1F80C14C903F2D5EFF3118083F3128880
:10117000BFF36F8F0B49CB6D03F0C00343F0020345
:10118000CB6580F31188BFF36F8F82F31188BFF3B3
:101190006F8F002010BCFFF7A5BF00BF24320120D5
:1011A00000E01040AC310120042805D007280AD007
:1011B00002280AD1012004E0044BD86D10F007008A
:1011C00003D1FFF78FBF0220FBE77047AC3101204E
:1011D000C3B21C20014A03FB00207047AC31012040
:1011E0002DE9F041012207463449D1E8EF3FC1E83B
:1011F000E02F0028F9D133B9314932484B60CB6038
:101200008A6006F0E3F87B1E012B28D8012F06D157
:101210002D4BD3F8503403F00303012B1FD009F0FA
:101220003DFC0546E8B9294B1B78D3B1042206469C
:10123000254BC3F80823244CDFF89480D4F84C24C1
:10124000D4F84C34D20315D503F00303012B01D09D
:10125000012F0FD16DB386F31188BFF36F8FBDE8F7
:10126000F081EFF31186402383F31288BFF36F8F71
:101270000125E0E7C5B1304606F0ECFAD4F8403479
:1012800013F0FF03DAD1D4F80821002AD6D0C4F82D
:101290000831D4F808314FF480420123C4F84034B7
:1012A000C8F8A0212361C9E70021202009F0B0FC83
:1012B000E4E70422044BC3F80423D0E7A83101205B
:1012C00098310120C831012000E01040B1210520F3
:1012D00000E100E008B5074809F03BF938B10648DD
:1012E000F8F796FA0448F6F7D7FC002008BD6FF02F
:1012F0001200FBE7ACB10600FD1206000A2838B563
:101300000446074D04D1AB680D2128465B68984719
:10131000AB6803485B68E1B29847204638BD00BF20
:10132000ACB106002DE9F04340F206354768D0061F
:1013300048BF4FF0030C3B7C02EA050558BFC2F3DF
:10134000401C87B001F01F06B5F5837F144646EABE
:1013500043168DF803C046D00DD8062D45D005D8CC
:10136000A5B1022D12D06FF0150039E0B5F5807FE0
:10137000F9D101250AE040F20222954237D0B5F5B5
:10138000407F36D0B5F5007FEDD10425012322033F
:1013900003FA01F12FD57B685960B86880BB7F2EB6
:1013A00006F01F034FEA561173D83C4A52F8212029
:1013B00084F4803102EB8302D2F88030C1F3004123
:1013C000C4F3404423F4706344EA410423F00F0360
:1013D0001C4344EA8C0444EA0524C2F880400020FF
:1013E00007B0BDE8F0830925D0E70825CEE706253C
:1013F000CCE70525CAE7630344BF7B689960CCE767
:1014000031460DF1020209F019F814F4403F80460C
:101410000CD13146B86809F02AF8B8F1000FDED1D6
:101420009DF80210B86802F0D5FDD8E74FF000092A
:1014300001ABCDE90199CDE90439CDF80C903146E5
:10144000B86803AA08F03EFF4845C8DB14F400332F
:1014500014D09DF8033084F48034C4F300448DF834
:101460000E308DF80C508DF80D404B463146B86863
:1014700003AA02F003FD0028CFDAB0E7CDE9043378
:101480000DF1030303933146B86803AA08F01AFF6D
:10149000F1E7203350F82330FFDE00BF80C606009E
:1014A0007F2870B54FEA50110CD80D4A52F82160D0
:1014B00046B13269516829B1012500F01F030C685B
:1014C0009D4001B970BD8A682A4002D030464B6801
:1014D00098471CB1236821461C46F2E72346FAE7E9
:1014E00070C6060038B54568A868C0B108F0B9FFF5
:1014F0000146A0B9A86802F03BFD044688B902463F
:101500000949A86808F097FF22460121DA20F7F779
:1015100083FE224601214FF48670F7F77DFE0020FE
:1015200038BD6FF00400FBE7A1140600F0B5456874
:101530001646A8682A7C01F01F0487B044EA4214CA
:10154000002868D0B6F5001F04D1214608F0E3FF5B
:10155000002051E00020B6F5800F01AA01905060F4
:1015600039D1B3F1007F14BF052304238DF8043073
:101570000023CDE904230393EB680DF1030723FA5D
:1015800001F111F0010139D1B6F1A07F36D104F09B
:101590001F037F2C4FEA541003F120033ED8214A49
:1015A00052F8202052F82330DB0727D43A46214650
:1015B000A86808F043FF163018D002972146A868A3
:1015C00003AA08F07FFE002816DB01222146A86846
:1015D00008F04FFFBCE7B3F1C06F05D0B3F1007F57
:1015E00014BF01230223C1E70323BFE73946A868DC
:1015F00002F0FAFC0028E0DA07B0F0BD3A462146D6
:10160000A86808F01BFF0028D8D19DF80310A8682F
:1016100002F0E0FCD2E76FF08500EDE751F82330EF
:10162000FFDE00BF80C6060010B500220C46002376
:10163000806F0C3103F086F9021E05DA0448054973
:1016400008F003FA002010BDE36801202360FAE7E8
:10165000E8BC0600C1EC0600F7B5044600220121F3
:10166000E820F7F7D9FD01232569666885F8D830A9
:1016700077680021384601AA08F0FDFA00281BDB34
:10168000019B3A681979186800F05AFD002813DBAD
:1016900004230C2209490A48C5F8CC6008F0FAFF77
:1016A00004230C220749084808F0F4FF02202469AB
:1016B000FFF78EFD2060002003B0F0BD68330120ED
:1016C0009832012038330120F432012013460022E1
:1016D000F0B5056989B0029295F8DD200C46D20775
:1016E000CDE9001304D43149314808F0F9F908E094
:1016F00095F8D820511E012906D92E492C4808F00A
:10170000A4F96FF004002CE02A6A9A4201D22A4917
:10171000F4E713F0030101D1082B02D8082227496E
:10172000ECE702946C6A05F14006631C1BD047F697
:10173000122740F2E73024EAE4744FF47A7200236F
:10174000C4FB0701F1F71EFD02460B466946304611
:1017500008F0B3FF002804DB95F8D830022B06D040
:10176000002009B0F0BD4FF0FF321346EEE795F8C8
:10177000DC30002BF4D00021142203A809F0B6FBC2
:10178000284603A908F04CF920B90D49084808F08B
:10179000A7F9E5E70023284685F8DC3003A908F01F
:1017A00059F90028DCD107499EE700BFE7EC0600A5
:1017B000E8BC060000ED06001AED06004BED060041
:1017C0008FED0600AEED0600F0B5044687B014229A
:1017D000002101A809F08AFB94F8D9300BBB204600
:1017E00001A9FFF721FF00287BD1204608F00CF962
:1017F00094F8DD305B0702D5206805F03EFE029BC1
:101800001BB10399E06908F0F5FE019B1BB1049937
:10181000A06F08F0EFFE04236FF00B0084F8D830BF
:101820005DE0204601A908F0FBF820B931493248B3
:1018300008F056F9D9E794F8D930012BCFD1DDF86B
:1018400004C0029BBCF1000218BF0122C4F8D030D2
:10185000039B01ADC4F8D430D4F8CC301E699C6829
:10186000337906F1080762F300033371029B1A1EF5
:1018700018BF0122337923F03E0343EA4203337158
:101880000FCD0FC7002001212B68029D3B60C6E9E8
:101890000700C4F80015C4F804018542D4F80431E7
:1018A000C4F81801D4F8183107BF0A4602234223AE
:1018B0000246844504BF4023022243F00C03C4F8CF
:1018C0000433BDF814309B00C4F84837C4F84457BB
:1018D000C4F80837C4F804C7C4F80825216007B065
:1018E000F0BD94F8D930002BA9D1E36F9B08ADF877
:1018F0001430A4E7C3ED0600E8BC06000023F0B5F1
:1019000089B00F460446CDE90033029301F002028C
:1019100080B9764D95F8D83022BB744B93F8D82017
:10192000032A6AD14222724BC3F8082301225A606B
:1019300009B0F0BD038A9B000193002A3FD06B4D94
:1019400095F8D820D5F8D030032A04BF012285F8B5
:10195000D820EBB9284608F057F895F8DD305A073B
:101960002DD50FE0032B04BF012385F8D830D5F81F
:10197000D030002B33D15D4808F046F895F8DD30C3
:101980005907CAD5594B186805F077FDBCB9C4E7AB
:1019900042689A4206D0D5F8D410E86902930091C3
:1019A00008F028FE00235148C5F8D03008F02CF884
:1019B00095F8DD305E0702D5286805F05EFD2568E4
:1019C000FDB9636853B3494AA168D2F8D0000091C9
:1019D000984202936AD1012382F8DB30A2E7002308
:1019E0004248C5F8D03008F00FF895F8DD305807B8
:1019F00093D5286805F041FD8FE7042283F8D820AD
:101A000090E73A4EE168029596F8DB50009115B3E5
:101A1000B06F08F0EFFD6368002B45D1FB0787D559
:101A2000324C1422002103A809F060FA94F8D9304E
:101A300063B194F8DA30002B3FD0D4F8D03004935F
:101A4000D4F8D43005930123ADF81C3003A92748FE
:101A500008F000F86CE700220023694606F19C00BC
:101A600008F02BFE002810DA2249234808F038F845
:101A700004230099B06F86F8D83008F0BBFD636886
:101A8000002B3FF44FAF01259DE796F8D930002B8E
:101A900097D196F8DA50002D93D0012386F8DB30E9
:101AA0006368002B8FD13DE700258CE7D06908F0F3
:101AB000A1FD002D7FF436AFB0E7204603A907F063
:101AC000AFFF0028C2D194F8D830032B4FF00103A8
:101AD00008D1D4F8D02084F8DA300492D4F8D42095
:101AE0000592B1E784F8DC3022E700BF58320120CC
:101AF00000800E40DAED0600E8BC06002DE9F04F4C
:101B000004698B4694F8D8801546B8F1010FD0F8D7
:101B100004908DB009D04246A049A14807F095FF36
:101B20006FF015000DB0BDE8F08F5368029343BB12
:101B3000204608F078F80BF1FF33012B1DD894F8FC
:101B4000DD30029A029962F3000384F8DD302C2222
:101B500004F1140009F0CAF9BBF1020F0BD194F89B
:101B6000DD302C226FF34103002184F8DD3004F1D5
:101B7000700009F0BBF90020D4E7BBF1000FEED0F4
:101B8000F9E7D36813F0030701D1082B02D8082224
:101B90008449C2E71678182E0BD006D8082E0BD031
:101BA000102E26D032468049B7E7202EFAD10323E3
:101BB00000E00223019300E00197AA7802F00703F6
:101BC000042B19D879487A49C05CC95C05907948DA
:101BD000C05C06907848C05C07907848C05C08906C
:101BE0007748C35C039312F03803049306D0754919
:101BF00093E7CDF80480E0E773498EE795F801A0FC
:101C0000BAF1010F02D1039B012B04D0514504D23C
:101C100052466E4981E7039B0493049A0AF1FF330D
:101C20001344DBB20B930123EA7803FA0AF3013B76
:101C30000A9302F00603062B03D00BB164496CE74C
:101C4000984699F81D30012BD9F8083018BFD9F8FB
:101C50001820D3F8703508BF5E4A002B0ADBD9F88C
:101C600014703FB102EB57023805390B0023F1F72E
:101C700089FA0703B8F1000F14D10299049B71434C
:101C80005344594399F81C300805012B14BFD9F867
:101C90001820504A002302EB5102090BF1F772FAA7
:101CA00003030993B9F81C3094F8DD20003B18BFFA
:101CB000012363F3820284F8DD2095F90330EA788A
:101CC000002B01DB530601D5434926E70BF1FF3317
:101CD000012B30D9BBF1000F7FF44DAF0FCD04F1D4
:101CE00070060FC62B683360059B84F8848084F8E7
:101CF0008530019BC4F8907084F886309DF82830B8
:101D0000C4F888300B9B84F88C30069B84F88D30A7
:101D1000099BC4F89430079B84F89830089B84F89A
:101D20009930039B84F89A3094F8DD3043F0020335
:101D300084F8DD301FE7AC4604F11406BCE80F0060
:101D40000FC6DCF80030BBF1020F3360059B84F84E
:101D5000288084F82930019B676384F82A300A9B25
:101D60004FEA034303F47F03E3620B9B84F83030B4
:101D7000069B84F83130099BA363079B84F83C30B1
:101D8000089B84F83D30039B84F83E3094F8DD30A6
:101D900043F0010384F8DD30A0D0ECE6EEED060060
:101DA000E8BC06000CEE060053EE0600ECEF060061
:101DB000F1EF0600E7EF0600E2EF0600DDEF0600B8
:101DC000D8EF06008DEE06006DEE0600AFEE0600C1
:101DD000D2EE060000366E01F5EE06002DE9F8435E
:101DE000022906460D4690460469D0F8049000AFDB
:101DF0000CD194F8DD3003F00303032B1CD09D4974
:101E00009D4807F06DFE6FF004005FE001290CD1E2
:101E100094F8DD3013F0010FF1D0B8F1040F4ED873
:101E2000DFE808F0252B2B5741000029E7D194F873
:101E3000DD3013F0020FEFE7E36AD4F8881081EA8F
:101E40001342D2B20AB18D49DAE70B431822E3629A
:101E5000C4F8883004F1840104F1280009F04EF838
:101E600018B9226AE36F9A42D7D08549C8E794F837
:101E7000D830012B4AD08349C2E794F8D830022BDE
:101E8000F9D194F8D9309D422DD1B8F1020F4FF01D
:101E9000030340F0DB80B5FA85F56D0984F8D8308E
:101EA00084F8DA50D7E094F8D830042BE3D12946EF
:101EB000306907F0B8FE012384F8D830CBE0424601
:101EC00071496D4807F0C1FD6FF01500BD46BDE8D2
:101ED000F88394F8D830022B40F0BF8094F8D930C2
:101EE0009D4200F0BD806C468AB06A46C2E9075345
:101EF00005236649C2E9051842F8103F00234FF454
:101F000021515D48F6F790FAA546DDE7002384F8F5
:101F1000D950A4F8DA3084F8DC303569766895F861
:101F2000D9303268012BD5F8CC300CBF05F128042C
:101F300005F184049868196923784FF00008C0F807
:101F400004356378C0F82835A378C0F82435636871
:101F5000C0F82C35237AC0F83035637AC0F83435B0
:101F60002369C0F81835A37DC0F83C35E368C0F894
:101F70001035237D003B18BF0123C0F82035637D59
:101F8000B3FA83F35B09C0F83835D0F80C35D4F8D0
:101F90000CC023F00103BCF1000F18BF43F0010394
:101FA000C0F80C350A60C0F80481D0F80431C0F8DC
:101FB0001881D0F81831C0F80881D0F80831C0F382
:101FC0000830F7F707F9022385F8D8302369B2689B
:101FD000B3F1004F94BF00210121337F581E4342CB
:101FE000434143EA0123C2F81C35E268737FB2F132
:101FF000004F94BF002201225C1E6342B16863411E
:1020000043EA0223C1F8143595F8DD305E0717D591
:102010001F4B2868AB600323C5F81080EB60291DB7
:1020200005F0D4F9041E16DA284607F0EDFC01236A
:1020300022461849104885F8D83007F006FDE2E638
:102040002846FFF7C1FB00EAE0703FE784F8D8308C
:10205000012384F8DA30002038E7012B3FF427AF62
:102060000122422184F8DB20D9F80830C3F8081394
:102070009A601CE7E7EC0600E8BC060011EF0600DA
:1020800041EF06007CEF060068EF060088EF0600CF
:10209000FF9B0600BCEF0600F0B50369144693F8F9
:1020A000DD200D46920785B007D41B491B4807F079
:1020B00017FD6FF0040005B0F0BD93F8D82003F1D0
:1020C0009C07042A25D0D3F88060731C1DD047F6E6
:1020D000122C40F2E730002126EAE6764FF47A72BD
:1020E0000023C6FB0C01F1F74DF802460B463846BB
:1020F00001A902F0C5FC10F1230FDAD00028DAD1D3
:10210000019B2B60029B2360D5E74FF0FF32134603
:10211000EDE70022FBE700BFE7EC0600E8BC0600A5
:10212000036803F01F027F2B02604FEA53129ABF2D
:10213000024B53F822000020704700BF20C7060062
:102140002DE9F04F1546074640F2FF19DFF84CA283
:10215000DFF84CB285B000EB8101B94203D1002019
:1021600005B0BDE8F08F3A68C2F3C323082BC2F371
:10217000080400F20F814C4508BF4FF0FF34B2F164
:10218000D05F1AF803804FEA126339D3383B162B1D
:1021900002D96FF08500E3E7162BFAD801A252F8B6
:1021A00023F000BF6B230600932106009321060055
:1021B0009321060093210600932106009321060037
:1021C0009321060093210600932106009321060027
:1021D0009321060093210600932106009321060017
:1021E00041230600472306004D2306005323060023
:1021F000592306005F230600652306001523060009
:10220000192BC6D801A252F823F000BF7522060090
:1022100091220600152306000F2306009F220600C8
:10222000AB2206000F23060093210600932106002F
:1022300093210600932106009321060093210600B6
:1022400093210600932106009321060093210600A6
:102250009321060093210600932106009321060096
:10226000932106001B2306002F23060035230600BA
:102270003B230600C5F80446661C14D0012603A8BB
:102280000394FFF74DFF039B06FA03F3436004E05A
:10229000C5F80C46621C06D00026324613E0631CCB
:1022A000C5F8004674D1043757E7C5F80446621CE8
:1022B000F9D0012603A80394FFF732FF0122039B04
:1022C00002FA03F383603B68039403F400400028A0
:1022D00018BF002203A818BF012601930092FFF740
:1022E0001FFF039C019B00EB8400D0F88040C3F3E8
:1022F000412C009A4FEA082343EA8C03134304EA73
:102300000B04234343EA4603C0F88030CBE7C5F80B
:102310000846BFE7C5F81046AEE7C5F86045601C43
:102320003B68C0D0C3F30043002BA7D1C1E7C5F879
:102330006445F4E7C5F86845F1E7C5F86C45EEE794
:10234000C5F87445B3E7C5F87445A3E7C5F8784503
:10235000ADE7C5F878459DE7C5F87C459AE7C5F82F
:102360008045A4E7C5F87045A1E703A80394FFF7EB
:10237000D7FE039B00EB8300D0F8803023F0E043CE
:1023800043F08043C0F88030631C8CD0012684E782
:1023900000268FE76FF01500E2E600BF08F00600A8
:1023A000F0F0FCFF2DE9F04104460D46476808F0C7
:1023B00075FB88B14021EFF311831A4681F312882F
:1023C000BFF36F8F60680068D0F83001D0B983F335
:1023D0001188BFF36F8FEEE71E4B1B78002BE9D0FF
:1023E0004FF04008642663681B68D3F83031FBB9AE
:1023F000012007F027FE013EF5D10021202008F042
:1024000007FCEFE77B6A00201D706368796A1B6830
:10241000C3F83C170121C3F84017C3F83001D3F8C3
:102420003001196582F31188BFF36F8FBDE8F08129
:10243000EFF311831A4688F31288BFF36F8F616838
:102440000968D1F830110029DCD183F31188BFF37A
:102450006F8FD2E7B121052070B40D4CD4E900652F
:10246000901B63EB0501400940EAC16041018919F5
:1024700045EBD065C4E90015002400250549C1E9F4
:102480000023054BC3E9004570BC03F055BC00BFF9
:10249000881F0120701F0120801F012008B5002225
:1024A0000121E320F6F7B8FE164A0020D2F81837CB
:1024B00023F44033C2F8183701F0F8FE002820DB7F
:1024C0000120114901F07EFF00281ADB01F0C6FE51
:1024D0000E4B20F01F00C3E900010D4B0022C3E9A1
:1024E00000014FF0FF304FF0FF310A4BC3E900010C
:1024F000094B0A49187A01F0C3FE67220020084BF5
:102500001A6008BD00200E40A0050120881F012090
:10251000681F0120701F0120980501205924060022
:10252000D033012008B501F099FE064AD2E9003205
:10253000C01A054B61EB0201C3E90001400940EA02
:10254000C16008BD881F0120801F0120F7B5224B04
:102550000146224F187A224BD7E90056D3E90023CF
:102560009E4208BF954211D1B1F1806F0ED2490150
:10257000012938BF012101224D1946F10006C7E9A2
:10258000005603B0BDE8F04001F0A6BF154BDFF8E0
:1025900058C0D3E90043DCE9002CA41843EB0C0C31
:1025A0004FF0200E22466346C1FB0E23954276EB88
:1025B0000301C7E900230DD2291B66EB0C04C829CF
:1025C00074F10004B4BF01210021009101F04CFF1F
:1025D00003B0F0BD0021F8E798050120781F012025
:1025E000701F0120881F0120801F0120034630B486
:1025F0000C46DA88006802F04002197922438368A9
:1026000005699C697CB1130206D501232D688B40B6
:102610002B4218BF82F0C062054BA44630BC134069
:1026200002F0B07260476FF0570030BC704700BFD7
:10263000400000062DE9F84307460026144DDFF858
:102640005480DFF85490B7B12968414516D0494508
:1026500014BF4FF0E8614FF098612846FFF7C6FFBE
:10266000044670B1012103460C4A0D4805F000F8FC
:102670002046BDE8F8834FF40011EEE74FF0986173
:10268000EBE70136042E05F10805DCD1F0E700BFC9
:10269000A0C7060020B1060058B106002CF00600C5
:1026A00070BC060038B5EFF31185402383F3128820
:1026B000BFF36F8F0F4C2378BBB90F4B984202D0FA
:1026C0000E4B98420AD10020FFF7B4FF18B10C4915
:1026D0000C4807F095FB00220B4B1A7001232022B7
:1026E00023700A48002302F09FFD85F31188BFF391
:1026F0006F8F38BD671E052020B1060058B1060057
:102700004CF0060070BC0600661E0520901F0120DC
:1027100008B50349034807F073FB002008BD00BF5C
:1027200068F0060070BC06002DE9F74300244FF066
:1027300001082546124E30683779D0F8109083682A
:1027400001A95B68984700280CD014DB08FA05F350
:102750001C430135042D06F10806ECD1204603B0D8
:10276000BDE8F083D9F80020019B08FA07F7534031
:102770003B42EED0EAE703B0BDE8F043FFF7C8BF45
:10278000A0C706002DE9F041074688460025104EF7
:1027900027FA05F212F0010210D128FA05F3DB073F
:1027A0000ED53179306807F01BFB044640B109496A
:1027B000094807F025FB2046BDE8F0810122F0E73B
:1027C0000135042D06F10806E2D10024F3E700BF2D
:1027D00080C706007DF0060070BC06002DE9F041C0
:1027E000334F3B7853B10020FFF724FF28B1314924
:1027F0003148BDE8F04107F003BB3870FFF794FFA4
:1028000004462E4BD3E8EF2FC3E8E14F0029F9D15E
:102810002B4BDFF8B0801A7842BBD8F80060A64294
:1028200019D0294B66401B680BB1314698474FF0D1
:10283000FF334FF0FF32254802F086F9244B1D6824
:1028400035B1043D2B683146204698476D68F7E75F
:102850001E4802F0F1F9C8F8004054B1BDE8F0415B
:1028600040F2391200231B4802F0DEBC00221A702D
:10287000F1E7EFF31186402383F31288BFF36F8FE4
:10288000154B1D78012D05D086F31188BFF36F8F8E
:10289000BDE8F08128461C70FFF7CCFE3D7086F342
:1028A0001188BFF36F8F0028F2D00C49A0E700BF5A
:1028B000661E052093F0060070BC0600043401205B
:1028C000D6050120D833012008340120DC33012053
:1028D000F0330120901F0120671E0520ACF0060098
:1028E00070B500250B4E4FF40031304607F063FA07
:1028F000044648B90135042D06F10806F3D1BDE8B8
:1029000070400F21FFF73EBF0349044807F078FAF3
:10291000204670BD80C70600C4F0060070BC0600EB
:10292000054BD3E8AF3F00B10360044811B1026822
:102930005A400A600360704704340120D4330120F8
:102940002DE9F843344B1860344D354807F0C4FE88
:102950002E460027A846F388304613F0010F0CBF1F
:102960002021102141F4803107F025FA044630B1CE
:102970002C492D4807F044FA2046BDE8F88301377A
:10298000042F06F10806E6D1064607464FF0010976
:102990004FF400112846FFF729FE044608B12349E9
:1029A000E7E72B79013709FA03F3042F46EA030618
:1029B00005F10805ECD105461D4F1E4BC7E9013650
:1029C00058F835008368DB6933B1012239469847EE
:1029D000044620B11849CCE76FF05704FAE70135F7
:1029E000042DEDD11549164807F0FCFF0122154BC7
:1029F00013481A700023002202F0E2FB2146204611
:102A0000FFF78EFFFFF790FE0F4BD3E8EF2FC3E8E1
:102A1000E10F0029B0D0F8E708340120A0C7060074
:102A2000DC330120DEF0060070BC0600FBF006007F
:102A3000F8330120A526060016F10600DD27060062
:102A4000901F0120671E05200434012002460B461A
:102A5000014802F079B800BFA0060120014802F049
:102A6000EBB800BFA00601200149024807F089BF6A
:102A700010340120C02A0120094B93F80031042BA7
:102A800002D1810709D47047022B02D1020704D476
:102A90007047082B03D1830601D5FFF7E5BF7047C8
:102AA000681E052010B403460A46034881680C6876
:102AB0001946234610BC184790B10600B0B5002453
:102AC00084B000AF3B1D7C600A22BC60C7F80B409D
:102AD00039600146184608F021FA6D468AB003466F
:102AE0006A4639680D48D161C2E905034FF40073A5
:102AF00013840B4B42F8103F4FF411512346094801
:102B0000F5F792FCAD4684F31188BFF36F8F032372
:102B1000184602DF1037BD46B0BD00BF3EF10600CB
:102B20000400000150BC0600F0B589B0064600AFB5
:102B30000D463448344907F008FF07F10C00E7F769
:102B400053FE6C4688B06A46304B5361304B9361FC
:102B50004FF4007393832F4B42F8103F2E492F48B8
:102B600007F10C03F5F760FCA5462D4807F0F1FCD2
:102B700050B901212B4A294804F071FD6FF012046D
:102B800020462437BD46F0BD274B381D7B60E7F754
:102B900055FE034638B10121244A204804F068FD5F
:102BA0006FF01504ECE74FF0FF304FF0FF31FFF707
:102BB0004DFF04460028E3D11D491E48E7F7D6FD26
:102BC000044610B1FFF74AFFDAE741F64C5307F12C
:102BD0000800BB60E9F76AFA20B1FFF73FFF6FF02A
:102BE0008504CDE7012338463B70F1F7B7FB002899
:102BF000F3D1FFF733FF33690F481D60F7F720F873
:102C0000BEE700BF10340120AD9E06007ED6060050
:102C100063F1060003000001C01C400150BC060027
:102C200090B106008AF10600A52A0600AAF1060066
:102C3000C01F01200D2D0600792A060030B530484E
:102C400087B0E7F717FD0446002854D10125E7F7C0
:102C5000DDFDE7F7E7FDF0F7B8FAF0F7B8FAF0F7BF
:102C6000B8FAF0F7B8FA0221204603AA8DF80C5002
:102C7000E7F72EFD00283DDB08230721204603AAA5
:102C8000ADF80C30E7F724FD002833DB4FF0FB13E1
:102C9000039340F203230321204603AAADF810302A
:102CA000E7F716FD002825DB0421204603AA8DF84E
:102CB0000C50E7F70DFD00281CDB1F2306212046E2
:102CC00003AAADF80C30E7F703FD002812DB40F64D
:102CD000FC23984212DD0B4A009029460A4804F072
:102CE000D1FC84F31188BFF36F8F0423184602DFF1
:102CF0006FF00B000446204607B030BD2046F9E7D0
:102D0000BD2A0600CEF1060050BC060073B5434C48
:102D100094F800313BB394F80031042B56D120785D
:102D20003E2833D1A678B31E5E425E416378FF2B06
:102D30002ED14FF48073009340F201130121384AE1
:102D4000384804F09FFC6FF00B030121364A3548E8
:102D500004F08EFC002383F31188BFF36F8F0423EC
:102D6000184602DF1DE04FF0FF304FF0FF31FFF754
:102D70006DFE48B9204604F5807100F081FB0546E0
:102D8000FFF76CFE002DC6D002B070BD0026CDE767
:102D9000002200233146F6F75DFF054648B9002EB4
:102DA000F2D0002384F8003102B0BDE87040FFF794
:102DB0005BBE62780232194905F10C0004F0F2FDA5
:102DC0001A4B29461B681A489847EAE7022B10D18C
:102DD000002200230820F6F71BFF05460028D3D069
:102DE00063880433B3F5807F0FD94FF4807200926B
:102DF000A4E7082B0BD1002300222020F6F708FFC0
:102E0000638805460028ECD1BEE71A46D3E70121C6
:102E1000084A044804F02CFCC3E700BF681E0520E4
:102E2000F1F1060050BC06004BF206000C34012004
:102E3000C8B1060012F20600F7B5804D06462B78A1
:102E4000002B40F0198304238DF807307C4B048855
:102E50001F68B7B10DF106030DF10702691CB847F1
:102E600001280ED09DF80630002B40F05B819DF8C4
:102E700007300E22AB7001236A70EB70AC80A87132
:102E800059E1B4F5105F4FEA94230AD2002B4ED0DB
:102E9000013B072B08D8DFE803F00907367A07075C
:102EA00007C13F2B00F00782012055E0304640F279
:102EB000064230F9033B93420FD040F21D42934249
:102EC0001ED0012040F206439C4200F02B8140F2CC
:102ED0001D439C4200F026813EE0E8F78BFE42F263
:102EE00064039C4240F29B8242F285039C4233D8A9
:102EF00042F267039C4200F2A48242F26603E8E7D2
:102F0000E8F7F8FEEBE7304640F6634230F9033B62
:102F1000934230D00DDC40F6034293421FD040F67E
:102F20002D4293421ED040F60142934212D001201E
:102F3000F8E040F67B42934220D040F67C42934238
:102F4000F5D19DF807303F4902338DF80730F1F78E
:102F5000A4F901E0E7F7BAFC0128E8D087E7F0F729
:102F60002BF9F9E79DF80730364903338DF8073020
:102F7000F0F7A9FFF0E7E7F7BBFCEDE79DF80730B6
:102F8000304904338DF80730F1F778F9E4E73388F6
:102F9000A3F58053013B082BC9D801A252F823F0B6
:102FA000C52F0600D72F0600EB2F06002F2F060097
:102FB0002F2F06002F2F06002F2F06002F2F060081
:102FC0000B3006009DF807301E4808338DF8073097
:102FD000F0F767FFC0E79DF807301A4840338DF8D7
:102FE000073006F065FF002041E700229DF807301A
:102FF00008338DF80730134B1A605A60EB7A23F0D0
:10300000600343F06003EB72EDE79DF807300D4875
:1030100006338DF80730F0F796FF9DE7304642F211
:103020004E0130F8033B1AB28A4242F264016BDC73
:10303000B2F5005F08DC8C425EE000BF691F05202E
:1030400020340120701F0520A3F50053013B4D2BB8
:103050004FD8DFE813F0600075007E004E00870057
:103060008A008D00960099009C004E004E004E0094
:103070004E004E004E004E004E004E004E009F008F
:10308000A800AB00B4004E00BD00C600CF004E004B
:103090004E004E004E004E00DF00E800F1004E00F2
:1030A0004E00F400F700FA00FD004E004E0006014D
:1030B00009010C0115011E0121014E004E004E00B8
:1030C0004E004E004E004E004E004E004E004E0090
:1030D0004E004E004E004E004E004E004E004E0080
:1030E0004E004E004E004E004E0024014E004E0099
:1030F0002D0142F264039C423FF419AF40F29F81DC
:1031000042F285030120F1E642F27C039A4292D119
:10311000F1F72DF901E0E7F7F5FB42F264039C4279
:103120007FF4DDAE0F236B700423AB700123E870D6
:103130002B71A5F80540012300202B7003B0F0BDD2
:103140009DF80730CA4803338DF80730E8F748FD8B
:10315000E3E79DF80730C64808338DF80730F1F7EC
:103160001BF8DAE7F0F70BFFD7E7E8F79FFED4E7A5
:103170009DF80730BE4801338DF80730F0F7CFFED9
:10318000CBE7F1F736F8C8E7F1F70EF8C5E7E8F74F
:10319000E7FEC2E79DF80730B54907338DF80730E1
:1031A000F0F7FAFEB9E7F0F7E7FFB6E79DF807306A
:1031B000AF4910338DF80730F0F7BCFEADE79DF84E
:1031C0000730AB4808338DF80730F0F776FEA4E7F8
:1031D0009DF80730A64902338DF80730F1F72EF835
:1031E0009BE79DF80730A24902338DF80730F1F7CD
:1031F00036F892E79DF8073008338DF807308F23B3
:10320000EB71C023EB7242F264039C4240F00181F7
:10321000002087E79DF80730954902338DF8073085
:10322000F0F7DBFE79E79DF80730914804338DF81D
:103230000730E8F729FD70E7E8F70EFD6DE7F0F7D6
:10324000C5FD6AE7F0F7E5FD67E7F0F718FE64E70C
:103250009DF80730864801338DF80730F0F71DFEE2
:103260005BE7F0F7FCFD58E7F0F7F0FD55E79DF858
:1032700007307F4808338DF80730F0F7DDFE4CE764
:103280009DF807307A4904338DF80730F0F7FFFED8
:1032900043E7E8F703FD40E7F0F736FF3DE79DF829
:1032A0000730734802338DF80730F0F727FE34E714
:1032B000F0F7D2FE31E730464FF60C5230F8033BC0
:1032C000934245D84FF60252934206D803F2FF329A
:1032D00092B20A2A1ED901204DE0A3F57D43033B9B
:1032E000092BF8D801A252F823F000BFE9330600F9
:1032F000D7320600EF330600D7320600D732060079
:10330000D7320600F5330600D7320600D732060062
:10331000FB330600A3F57C43013B0A2BDBD801A25B
:1033200052F823F06733060083330600D7320600D5
:10333000D7320600D7320600D1330600D732060056
:10334000D7320600AD330600BF330600D733060080
:103350004FF61452934253D04FF616529342BAD1BD
:10336000E8F7ACFE07E09DF8073041480C338DF8D4
:103370000730EFF732FF4FF6025224F00803934272
:10338000A8E500209DF8073040338DF80730384B12
:103390001880EB7923F0230343F02303EB712B7A9E
:1033A00023F0070343F007032B72E4E79DF807308F
:1033B0002F4817338DF80730EFF72AFFDBE79DF82A
:1033C00007302B4820338DF80730EFF745FFD2E761
:1033D000EFF71CFFCFE79DF80730254801338DF844
:1033E0000730EFF756FFC6E7F0F7B8FFC3E7E8F797
:1033F0005DFEC0E7EFF763FFBDE7F0F798FFBAE7C0
:103400009DF807301A4904338DF80730EFF75BFF5A
:10341000B1E703D942F28503002067E5002042F2BC
:1034200019039C4218D842F20C039C427FF64AAD25
:10343000A4F500530D3B41F241229BB206E001206E
:10344000EDE7A4F50153283B0A4A9BB222FA03F3A5
:10345000DB077FF581AD65E642F232039C423FF423
:1034600061AEA4F50153033B012B3FF675AD59E660
:10347000701F05202F8040204FF0FF305EE600BF18
:1034800038B5094C0D4623781BB9BDE83840F0F734
:1034900021B8A278611C023207F01BFD0020042332
:1034A00020702B7038BD00BF691F052070B5054620
:1034B0000E46084C204607F04CF838B1A368294660
:1034C0002046B2B21B68BDE8704018476FF012008A
:1034D00070BD00BF90B10600024B1860024B002087
:1034E00019607047A8050120A40501204FF4007160
:1034F000014802F0DBBE00BFB11F0520322337B503
:103500000125ADF8043000231C216846104A8DF8CF
:103510000630ADF800508DF80230EFF7E7FB0446B7
:1035200098B906F0F7F980B2EEF740F92A4621463D
:103530008520F5F771FE2A462146E520F5F76CFE59
:103540002A4621468A20F5F767FE204603B030BDA3
:10355000653506000149024807F013BA28340120F6
:10356000C02A0120B0B5002484B000AF3B1D7C60B0
:103570000A22BC60C7F80B4039600146184607F0C4
:10358000CDFC6D468AB003466A4639680D48D16164
:10359000C2E905034FF4007313840B4B42F8103F4C
:1035A0004FF4115123460948F4F73EFFAD4684F32A
:1035B0001188BFF36F8F0323184602DF1037BD4613
:1035C000B0BD00BFA3F2060004000001A0BC0600CD
:1035D0000122014B1A63704700E010400122014BA9
:1035E0005A63704700E0104010B50749074806F0DD
:1035F000E9FC044628B101210346054A054804F0C8
:1036000037F8204610BD00BF653806003834012069
:10361000CBF20600C8BC06002DE9F041DFF8D481EA
:103620000D46D8F8704000AF072C00F008065BD0BC
:10363000132C00F0A080052C40F0B980D8F85480FD
:103640006D496E4806F0BAFC18F4805F41D06C49B1
:103650006A4806F0B3FC172418F4006F04D06949D7
:10366000664806F0ABFC182418F4007F0ED06649BB
:10367000624806F0A3FC654B18F4004F9B6B04D026
:103680000121634A5D4803F0F3FF192418F4806FA9
:1036900004D06049594806F091FC1A2418F4807F40
:1036A00019D05D49554806F089FC1B24EB69002EB2
:1036B00040F09B80C3F3080222B96FEA53236FEAFC
:1036C0004323EB6129462046F5F7FCF9BD46BDE8EA
:1036D000F0811624C0E718F4005FE7D04F4947484F
:1036E00006F06CFC1C24E1E7D8F85C4043484C49E8
:1036F00006F064FC600606D5D8F868300121494A16
:103700003E4803F0B5FFE10705D547493B4806F0C1
:1037100055FC2624CAE7A20705D54449374806F0D8
:103720004DFC2724C2E7630705D54149334806F01D
:1037300045FC2824BAE7200705D53E492F4806F066
:103740003DFC2924B2E7E10605D53B492B4806F0AC
:1037500035FC2A24AAE7A20605D53849274806F0F1
:103760002DFC2B24A2E723063DD53549234806F03E
:1037700025FC2C249AE7D8F86C8032491F4806F0C3
:103780001DFC18F0020F03D02F491C4806F016FC50
:1037900018F0010F03D02D49184806F00FFC18F05F
:1037A000040F83D02A49154806F008FC7EE7294A11
:1037B000294BE8468AB00F2CC8BF13466A462749F2
:1037C000103CC2E905134FF400731384244BD461F9
:1037D00042F8103F00234FF411510848F4F724FE3B
:1037E0000024C54662E7252460E723F4FF7323F035
:1037F000010366E738340120D6CE0600C8BC0600B7
:10380000ECCE060050CD0600FDCE060000ED00E037
:1038100016CF06002BCF060046CF0600B0CD06001F
:1038200005F306001EF306002EF3060044F306001F
:1038300062F306007DF306009AF30600AFF306007C
:10384000C9F30600DCF30600F6F3060026F40600D2
:1038500054F4060073CF06005ECF060054D0060075
:103860000400000100B5104B89B05A6AD86C009270
:103870009A6A20F005000192DA6A694602921A6B90
:1038800003925A6B04929A6B0592DA6B06921A6C49
:103890001B6D07929B0748BF40F00400FFF7BCFE7A
:1038A00009B05DF804FB00BF38340120012803464D
:1038B00009D0022803D050B9074B1B6802E004204E
:1038C000054B1B681847044B07201B68FAE70221C9
:1038D000024A034803F0CCBEAC34012088F4060051
:1038E000C0BC0600014B02201B681847AC34012005
:1038F000012806D0022808D050B9064B02201B68C8
:10390000184700200449EDF75BBE01200249FAE7A1
:10391000704700BFAC340120AD380600014B186081
:1039200000207047AC3401202DE9F04105460E46D9
:103930001746984607F0B2F868B101244246394666
:103940003046069BA847054614B90B4801F074F9A8
:103950002846BDE8F081094B1B78002BEDD04FF0D5
:10396000FF324FF0FF33044801F0EEF80446002820
:10397000E4D06FF08305EBE7B4060120B121052008
:10398000002300B589B0CDE9063303AB04930423CB
:1039900003900593A9B10B6806934B680793022324
:1039A000111E18BF01210848CDE9002140F2F53170
:1039B00004AA00F0B9F90028B8BF012009B05DF8E9
:1039C00004FB0123ECE700BF050100402DE9F041B5
:1039D0004FF040089AB01C460AAB07460E46154603
:1039E00000214246184607F081FA1C23CDE907362C
:1039F00004230393012340F20322019302ABCDE998
:103A00000408ADF8502000930021032304AA0448C1
:103A100006970995029400F087F91AB0BDE8F08185
:103A20000001004010B594B004463C22002105A8D6
:103A300007F05CFA4FF40173ADF8383004AB0021A5
:103A400002934023CDE90011039302AA0123034806
:103A5000049400F069F914B010BD00BF00010040EB
:103A6000F0B597B007460E46154600213C2207A840
:103A70001C4607F03BFA40F20523ADF8403006AB98
:103A800002934023CDE90336012304AA0193009257
:103A9000002102AA04480697059500F045F9059B08
:103AA000236017B0F0BD00BF00010040F0B597B033
:103AB00007460E46154600213C2207A81C4607F083
:103AC00015FA40F20623ADF8403006AB02934023CE
:103AD000CDE90336012304AA01930092002102AA32
:103AE00004480697059500F01FF9059B236017B061
:103AF000F0BD00BF0001004070B5044696B00E4610
:103B000015460021342209A807F0F0F9236804AA19
:103B1000089340F20243ADF8403006AB02934023D5
:103B2000CDE903340423059301230092002101937E
:103B300002AA0348CDE9066500F0F6F816B070BD9C
:103B400000010040F0B54027064697B006AB0D4691
:103B5000144600213A46184607F0C8F93268002199
:103B6000089240F20442CDE90207ADF8402002235A
:103B7000CDE9001102AA0348CDE9045400F0D4F8BD
:103B800017B0F0BD000100402DE9F0414FF04008B2
:103B900098B01D4608AB04460F4616460021424623
:103BA000184607F0A3F904232268CDE9053702235C
:103BB0000A9240F20542019304ABCDE90208ADF848
:103BC000482000930021012302AA05480494079687
:103BD00000F0AAF8079B2B6018B0BDE8F08100BF89
:103BE0000001004070B5402696B006AB05460C4675
:103BF00032460021184607F079F94FF48072CDE97A
:103C00000206CDE90454ADF8402054B1012304AAC2
:103C1000009200210448019302AA00F085F816B032
:103C200070BD2046FBE700BF0001004070B5402694
:103C300098B008AB05460C4632460021184607F0FE
:103C400055F91C23079304230393012340F209220F
:103C5000019302ABCDE90406ADF8482000930021A2
:103C6000022304AA03480695029400F05DF818B0F8
:103C700070BD00BF00010040F0B599B007460E4688
:103C80001546002138220AA81C4607F02FF94FF4E8
:103C90008063ADF8483008AB04934023CDE9053587
:103CA0001E9B04AA02931F9B0021039301230193EF
:103CB00002AB009305480223CDE90876079400F093
:103CC00033F8209B039A1A6019B0F0BD0001004040
:103CD000F0B599B006460F461546002138220AA8CD
:103CE0001C4607F003F94FF41063ADF8483008ABF9
:103CF00004934023CDE905351E9B04AA02931F9B24
:103D0000002103930123019302AB00930548022392
:103D1000CDE90876079400F007F8209B039A1A6013
:103D200019B0F0BD0001004010B4B1F5004F029C85
:103D30000ED2042B0CD8042C0AD8240444EA0364C1
:103D4000134644EA0102014610BC0348FFF7ECBDEC
:103D50006FF0800010BC704701050000034AD2F8E4
:103D60008C3043F44063C2F88C30704700ED00E0C3
:103D7000036803F01F027F2B02604FEA53129ABFC1
:103D8000024B53F822000020704700BFCCC706004A
:103D9000034A4309D35C00F01F001844C0B27047C7
:103DA000B4F40600F0B58446002587B0DFF848E09B
:103DB000124F019102AE1EF8013B06AA02EBD3029C
:103DC00012F8144C03F00703DC4014F0010406D190
:103DD0000135042DEFD10024204607B0F0BD97E84F
:103DE0000F0086E80F0056F82520136A4CF825309E
:103DF0001362002BECD0EFE7C4F40600ACBD060064
:103E0000F7B504460846FFF7C3FF06B204EB4606C3
:103E1000B38A0D46DB072BD5204606F030FA29463B
:103E2000204606F09CF958B1204606F0AEF9002273
:103E3000276800B207EB8003C3F81025C3F81025EC
:103E40002946204606F0CAF9002101A8B182019551
:103E5000FFF78EFF019B00EB8300D0F88020064B1C
:103E6000134043F00203C0F88030084603B0F0BDB1
:103E70006FF01500FAE700BFF0F0FCFF2DE9F0430A
:103E8000044685B0084616461D46FFF781FF0F46DB
:103E9000804636B3204606F06DF918B9204606F084
:103EA0005EF928BB0FFA88F904EB4909B9F8143018
:103EB00013F01C0F02D07378012B19D001238DF859
:103EC0000F3000233846CDE90063721CB31C0DF19E
:103ED0000F0106F0ECF8B9F8143043F00303A9F829
:103EE0001430002D40D03946204606F043F920B961
:103EF0006FF0150005B0BDE8F08300222978236833
:103F00004FEA810C03EB8103C3F81025C3F8102599
:103F10000FFA88F204EB4202938A23F4604323F001
:103F2000200393826E78FEB12468A8786444D4F8A4
:103F300010550E4B36042B40C4F8103541F6F07383
:103F400006F4403603EA07130005D4F8105533434E
:103F500000F4801003432B43C4F81035938A43EADE
:103F6000413343F0200393820020C3E70FE0ECFFCE
:103F700070B590F8B040054690F8B1602CBB214672
:103F80008422143006F0B2FF2146114B286853F802
:103F900036608E420FD10024C0F84041D0F8403145
:103FA000C0F30830F5F716F90123204685F8B03044
:103FB000C5F89C3070BDCBB29B0003F58072402BDE
:103FC00004BF845083580131E3E76FF07700F1E7D5
:103FD000DCC7060090F8B100024B03EB800006F04E
:103FE0004DB800BFB005012010B5064B90F8B100E8
:103FF0000C4603EB800006F027F80028A4BF2070D1
:10400000002010BDB00501202DE9F04F814659F880
:10401000043B8DB0D3F8041390F8B14000936C4B7F
:10402000C9B241F48031804653F83420009806F03C
:10403000FFF8C10305463BD51022002108A806F071
:1040400055FF634B08A803EBC4035B681946019353
:10405000FFF7A8FE042303EBC40303934FF0000B08
:104060005C4B0DF1200A0293029A594912F8013B68
:104070000292039A02EBD3028A5C03F0070322FA4E
:1040800003F3DA071AD40BF1010BBBF1040F0AF1A9
:10409000040AE9D14FF480310022009806F0C8F8F4
:1040A000019908A8FFF77EFE0028D7D125F48035B6
:1040B0000124002D75D10DB0BDE8F08F464B5B4457
:1040C0000493DAF800100029DDD091FAA1F1B1FAD9
:1040D00081F1049B1C7841EA44142046FFF758FE06
:1040E00008EB4000878AC808BB08059301231AF82B
:1040F000002001F0070103FA01F122EA01020AF8A7
:10410000002007A80794FFF733FE079A059B20328B
:1041100050F82220C7F382065B073746C2F30142FC
:1041200023D54846D6B221463A4606F038F807A8C5
:104130000794FFF71DFE079B203350F82330C3F38D
:1041400001439E4207D10021204605F0F9FF314688
:10415000204605F0F5FF07A80794FFF709FE0122A6
:10416000079B02FA03F30362ABE7022A0DD1032196
:10417000204605F0E5FF06F00503012BEBD13A469A
:104180002146484606F00BF8E5E702212046059255
:1041900005F0D6FF032EF2D0059A032ADBD1022EBA
:1041A000ECE795FAA5F3B3FA83F3009904FA03F266
:1041B00025EA020503F5A27251F8222008EB430319
:1041C0004846B3F8A010C2F3014205F0E8FF70E7DB
:1041D000DCC70600C4F40600C4F406000123034A49
:1041E00003FA00F0936803439360704720020120B4
:1041F00073B504460191EFF31186402383F31288CF
:10420000BFF36F8F0B4D019B6A6801A813400193A8
:1042100005F01AFF002807DB01226B68824023EAC1
:1042200002036B602070002086F31188BFF36F8F4C
:1042300002B070BD20020120074B027AD3F810159E
:1042400021F001010A43C3F810250268C3F8A4262F
:104250004268C3F8AC26704700200E404FF0FF3094
:104260006FF0404130B5054CD4E90023904271EB2A
:104270000305F9D31046C3F3130130BD30270E40B8
:1042800030B50C25074B1C1894F8544005FB04333B
:10429000C3E9031218750123034A8340C2F814339B
:1042A00030BD00BF2002012000200E40F0B53D4D82
:1042B00085B02C78002C6FD13B4A01AB07CA83E84C
:1042C00007003A491846D1F8102522F00202C1F839
:1042D0001025FFF7B1FF0723672202F001012144F7
:1042E000013BCCB24FEA5202F7D1052C57D1194607
:1042F0004FF0010C2B4E00246720CFB204E00CFAE3
:1043000002F220EA0200013490FAA0F25FFA84FE81
:10431000BE45B2FA82F2F2D30131327505292A4440
:1043200082F8547006F10C06E5D1012100242048E2
:104330009A0801FA02F212F0670F18BF1C500433FA
:10434000302BF5D1E320F4F745FF184B1949D3F88A
:10435000102503F5C07322F00202C3F8902340F643
:10436000FF72C3F8982100221A60A3F5807004330D
:104370008B420260F8D101240C4B0F4A1C660F4B94
:104380005D201B68B3FBF2F358430D4B2343984762
:1043900000202C7005B0F0BD6FF07700FAE76FF0E9
:1043A0008B00F7E720020120BCBD060000200E4074
:1043B00000210E40B0210E4040420F00AC0501200C
:1043C000E0C0060038B5254B0C46D3F810259507FC
:1043D0003DD4D3F8102542F00202C3F81025C0B135
:1043E000D3F8382712F0010202BFD3F8381741F092
:1043F0000101C3F83817194BD3F83017D3F8341725
:104400004900F9D42AB9D3F8382722F00102C3F8B9
:104410003827134B134A1B681049B3FBF2F303EB25
:104420004313BBB1D1F83027D1F8345715F080458C
:104430000BD14FF0FF312046FFF7DAFE002803DBF7
:104440002078FFF7CBFE284638BD013BE9E76FF047
:104450007700F9E76FF07300F6E700BF00200E4029
:10446000AC05012040420F0070B51D461446184AA5
:104470009DF81060131893F8543000B20C3302EB1F
:10448000C30142F833404D60C5F31301AEB10201E0
:10449000104E02F1804202F562228000C2F82045EF
:1044A0000644C2F82415336833B1FFF7D7FEA042A3
:1044B000A94101D20023336070BD030103F18043A1
:1044C00003F56223C3F82045C3F82415F4E700BFC1
:1044D0002002012000210E40F0B50E4D2B1893F85C
:1044E000543000010C3355F8334005EBC3077E68A8
:1044F000641800F1804021F0004146F1000641EAD5
:10450000C27100F5622045F833407E60C0F828157E
:10451000F0BD00BF20020120F7B5284B284CD3F88E
:104520001C6304F188070EB903B0F0BD96FAA6F03B
:104530000123B0FA80F08340DA43224926EA0306D9
:10454000231893F85450830019440C2303FB0543AC
:10455000DB6873B3D7E8EF3F03EA020CC7E8EECF9E
:10456000BEF1000FF6D1C340DB0719D5020102F1FD
:10457000804202F56222D2F82435D2F82025D1F803
:1045800000C0BCF1000FCED04FF0000CC1F800C04D
:104590000C2101FB054529690091E9688847C2E7BC
:1045A00005F10C0304EBC30C54F83320DCF80430A1
:1045B000E5E70A68002AB6D00B60B4E700200E4099
:1045C0002002012000210E4010B50446F3F75CFEE6
:1045D00003480121034A03F042F8204605F0C4FFD6
:1045E000C8BC0600C8F406002DE9F84304460D4691
:1045F00000AFEFF31188402383F31288BFF36F8F6E
:104600000428294A98BF294BE9468AB09668117C4C
:1046100098BF53F820306A4688BF254BC2E907315E
:1046200040F2013323489384234BC2E9050442F846
:10463000103F00234FF431512048F3F7F5FECD46EB
:1046400045B1EB69C3F3080323B101211C4A1B48A0
:1046500003F005F82EB1304606F026FA08B10378CB
:1046600003B91848E9468AB06A46174BD061C2E9D7
:10467000053640F201331384144B42F8103F0023F7
:104680004FF411510D48F3F7CFFE2946CD46204691
:10469000FFF79AFF88F31188BFF36F8F3046F4F766
:1046A00041FDBD46BDE8F883B0340120ECC70600EB
:1046B000D7F40600E5F4060005000001C8BC0600BA
:1046C0000DF506003FD606002EF506000400000199
:1046D00038B50A4B53F82040013053F82050A5421A
:1046E00000D838BD606830B1037EDB0701D405F027
:1046F00018FF0834F3E723689847FAE700C8060074
:10470000012270B5294B032086B01A70FFF7E0FF35
:1047100006F0DEFB0420FFF7DBFF254C254D264687
:10472000AE4204F1300410D300F0F6FF204C224ECC
:10473000AC4226D301F004F8F2F712FD1F4A137BB6
:1047400023F00103137306B070BD54F80C3C0593BD
:1047500054F8103C049354F8143C039354F8183C58
:10476000029354F81C3C019354F8203C009354E904
:104770000A2354E90C0100F0A5FD54F8303C5E65B5
:10478000CDE7D4E90A23B3F1FF3F08BFB2F1FF3F01
:1047900005D052EA0301206803D101F08DF83034CE
:1047A000C6E73146183001F037FAF8E7B1210520A5
:1047B00010BB060010BB0600A7AB0600702C012042
:1047C000C82370B5144E86B003FB0066134B01225C
:1047D00005930F23CDE903320023CDE901331423E0
:1047E0004FF4A0720E4D0F4903FB0055044602FB27
:1047F00000110D4B3046009500F064FD737B2C7466
:1048000023F004037373094B013403EBC423EE60FC
:104810006B6006B070BD00BFA82B012090F50600AC
:10482000B0340120A851052065A60600A84905203E
:10483000BFB50020FFF74CFF284B83F30888E02327
:10484000274C002584F822302023E37725766576EF
:10485000A57684F82050636A224F43F4E023636214
:1048600084F82350F4F7DCFBF4F750FD4FF0FF33EE
:10487000A362E362F4F7F0FEF4F76EFDF3F762FC77
:10488000194800F0B5FD0120FFF722FF0220174C68
:10489000FFF71EFF00F088FF154B16495C61164BB1
:1048A0004FF48062059301232046CDE90353CDE9FF
:1048B00001553B46009500F005FD0646627B20460B
:1048C00022F00402627306F02BF92846FFF778FF06
:1048D0003A4631462046F4F7FBFC00BFA8510520BC
:1048E00000ED00E001470600202E0120702C012081
:1048F000B0340120E8520520E0C8060038B5064C67
:10490000064DAC4201D3002038BD2046D4E9011247
:1049100005F032FE1434F4E7A0060120A0060120C1
:10492000002038B5054C064DAC4200D338BD2046BA
:1049300005F046FE0028F9DB1C34F5E730060120BF
:10494000A006012073B50C46EFF31181402585F3D5
:104950001288BFF36F8FC5685DB125602B68C36097
:10496000836901338361002081F31188BFF36F8F66
:1049700011E052EA030603D16FF00B002560F3E764
:10498000CDE900230246083000F00CFE18B9034BB5
:104990009B681B69236002B070BD00BFB03401206A
:1049A0002DE9F34104460E469DF8200004F1080865
:1049B000EFF31187402181F31288BFF36F8F256ACF
:1049C000E1688D4247D22568AC4218D0BDB1284677
:1049D00005F053FE05F1180006F075F93146A2689E
:1049E000286906F076FA00232846C5F8C03006F09C
:1049F00097F84046394600F069FE002038E0A2688A
:104A0000D8B13146E06906F064FAE369A26813445C
:104A10006269E361934201D12369E361236A102152
:104A20000133236204F1240006F02CFA0028E0D1BF
:104A300087F31188BFF36F8F1AE0A1692369994248
:104A400008BF6369314608BFA361A069801AA061ED
:104A500006F03FFAE2E752EA03010CD0074940466C
:104A600089680E61CDE900233946224600F09AFD9F
:104A700002B0BDE8F0816FF02200D9E7B034012028
:104A8000F7B50446084604F10807EFF31186402104
:104A900081F31288BFF36F8F216A00293AD0A26890
:104AA000A16906F016FAA369A26825681344626931
:104AB000A361934204BF2369A361236AAC4203F15B
:104AC000FF33236234D02846002D32D005F0D5FDC7
:104AD00005F1180006F0F7F8A2682969E06906F008
:104AE000F8F9E369A268284613446269E3619342D6
:104AF00004BF2369E361236A013323620024C5F8FC
:104B0000C04006F00DF83846314600F0DFFD204683
:104B100003B0F0BD52EA030110D00A498968086168
:104B2000CDE9002331462246384600F03BFDEFE751
:104B3000002086F31188BFF36F8FE9E76FF0220042
:104B4000F7E700BFB03401202DE9F34104461746D2
:104B50001E46EFF31188402383F31288BFF36F8F53
:104B6000C368334A7BB180689168884219D057EA9C
:104B7000060318D188F31188BFF36F8F6FF00F0011
:104B800002B0BDE8F081916891F90E100133E36045
:104B900093682161A36088F31188BFF36F8F0020B1
:104BA000EEE72169F2E791F90E1090F90E306FF0FF
:104BB0007E029942A8BF19469142B8BF11468B4266
:104BC0002DDD05F081FD054622464146CDE9007602
:104BD000184800F0E7FC0028E1D0EFF311864023ED
:104BE00083F31288BFF36F8FA068D0B12368216967
:104BF0009C420AD04BB193F90E309942A8BF194696
:104C00006FF07E039942B8BF194605F05DFD40B1D3
:104C10003146084800F05AFD6FF00A00B0E7002561
:104C2000D2E7002DF4D186F31188BFF36F8FF3E73D
:104C3000B0340120B2210520F8B583680546002B69
:104C400040D0234A926893423FD1C368012B03D9D5
:104C5000013BC3600020F8BDEFF31187402383F3CD
:104C60001288BFF36F8F0169806805F02DFD2C68F5
:104C7000AC4207D10023C5E9023387F31188BFF3A3
:104C80006F8FE7E7002CF5D0D4E9003200261360DF
:104C90005A60637BC4E9006623F002036373A66075
:104CA00004F1180006F00FF8AC6094F90E302046BD
:104CB0002B61C4F8C06005F033FF3946054800F0A9
:104CC00005FDC7E76FF01500C5E74FF0FF30C2E7FD
:104CD000B0340120B221052037B51146EFF311851C
:104CE000402282F31288BFF36F8F04689CB123685F
:104CF000426823F003039442036008BF436001212C
:104D0000204605F06EFD044685F31188BFF36F8FD2
:104D1000204603B030BD51EA0302F5D000F108028D
:104D2000CDE900131046294600F03CFC0028EFD1E5
:104D3000014B9B681C69EBE7B034012070B5EFF3C1
:104D40001186402383F31288BFF36F8F0468A0425B
:104D50001BD0D4B1D4E90032002513605A60637BC4
:104D6000C4E9005523F002036373A56004F1180041
:104D700005F0A9FF2046C4F8C05005F0D1FE314629
:104D8000BDE87040094800F0A1BCD0E902329A4267
:104D900018BF013302218360103006F073F8002839
:104DA000EDD186F31188BFF36F8F70BDB22105205E
:104DB00013B5EFF31181402484F31288BFF36F8F92
:104DC000846844B1013C846081F31188BFF36F8F24
:104DD000002002B010BD52EA030406D181F311880D
:104DE000BFF36F8F6FF00F00F3E7CDE900230246AA
:104DF000014800F0D7FBECE7B221052007B5074BCF
:104E00004FF40062009306494FF0FF33054800F06D
:104E10006DF9002003B05DF804FB00BF18C8060060
:104E2000E8560520382D01202DE9FF410446402792
:104E30004E4EEFF3118887F31288BFF36F8FD4F8CB
:104E4000CC50F5B9022104F1E40005F00BFD002877
:104E500068D004F1DC0500220121284605F0F9FEA6
:104E60000028F8D100234FF0FF3202934FF0FF33B8
:104E70004146CDE900233E4804F1D40200F0E8FDAC
:104E8000D7E7D4F8D0202B689542C4F8CC3008BFBF
:104E9000C4F8D030D4F8E43043F00203C4F8E4306E
:104EA000EB6823F0040343F00103EB606B6888F3C5
:104EB0001188BFF36F8F28469847EFF3118887F367
:104EC0001288BFF36F8FEB68D80623F0010236D447
:104ED000EA60EB689A0716D5306823F00203EB60AE
:104EE00088B10021036870B14268954235D10368EA
:104EF00069BB72683360824200D17360002340F85E
:104F0000083BFFF71BFFD4F8E43023F00203C4F89A
:104F1000E43088F31188BFF36F8FDB0589D400F08C
:104F20004BFC86E7D4F8E430D9069BD5C4F8E400FE
:104F300088F31188BFF36F8F04B0BDE8F08123F0D0
:104F40001103EB6005F11000FFF7F8FEC1E70B60FD
:104F50007368834208BF7160D0E723B11A680146C5
:104F600018461346BFE71A46F9E700BFD4340120BC
:104F7000B221052070B5C3680546C3F340069B0700
:104F80000C460DD50122002104F1080005F05AFC61
:104F900000232360054B65605A681AB9C3E90044D1
:104FA000304670BD14605C60FAE700BFD434012065
:104FB000F8B5C36804469A070F46C3F340062ED4DB
:104FC0005B071CD40B680BB983680B60E368DD07D3
:104FD00042BFA36802263B603D6858BF0126002DF2
:104FE0003CD0204B9A68D5F8C8309A420AD0D5F800
:104FF000E430D807C3F3800214D46FF01206002304
:105000003B6025E005F04AFDD5F8E4300028F0D1FA
:10501000D907C3F3C002F0D552B15B0708D46FF0D3
:105020000F06ECE7002AFAD1C3F3C003002BF6D138
:1050300000232360D5F8D03063B9C5E9334428464E
:1050400005F02BFCE36843F00403E3603B68A360D6
:105050003046F8BD1C60C5F8D040F0E76FF015068B
:10506000CDE700BFB0340120F8B5C368064603F0B1
:105070000503002B0C4614BF012700271CD08568B0
:105080000122002104F1100005F0DCFB2046134949
:1050900005F05BFCE36843F01003E360F3685B0733
:1050A00012D5336823606BB9D5F8D03033B9C5E970
:1050B0003344284605F0F1FB3846F8BD1C60C5F8BE
:1050C000D040F6E73460F4E7D5F8CC302360D5F86B
:1050D000D030C5F8CC40002BEBD1F0E77BA8060020
:1050E0000146014805F04DBC382D0120F0B50446BD
:1050F000002089B0C4E933000E9D04F1D400C4E956
:10510000350004F1DC00C4E9370055B328790028E4
:1051100040F2011008BF0120C4F8E40000204FF065
:10512000FF364FF0FF37CDE90330CDE90100CDE97F
:10513000066720460C4B009400F02EF955B1296803
:1051400011B1204600F0AEF86B791BB1237B43F020
:1051500001032373204600F0AFFBC4F8C84009B038
:10516000F0BD0120D8E700BF294E060037B50190F9
:105170000846EFF31184402181F31288BFF36F8F4B
:10518000C16811F01E0F16D153EA020508D101A91A
:10519000FFF70EFF84F31188BFF36F8F03B030BDAC
:1051A00041F00801C160019910308161034900F0AC
:1051B00033FD0120EEE70020ECE700BF0FA9060059
:1051C00001460148FFF7D2BF382D0120F7B50C4644
:1051D00016461D460190EFF31187402383F3128892
:1051E000BFF36F8F084605F049FB55EA060309D166
:1051F000204601A9FFF7DCFE87F31188BFF36F8F0C
:1052000003B0F0BDE368324643F00803E360019B5E
:105210000449A36204F110002B4600F0FDFC0120BC
:10522000EAE700BF0FA9060001460148FFF7CEBF1D
:10523000382D01202DE9F0410546EFF31187402379
:1052400083F31288BFF36F8F0468A04222D00CB39F
:105250000026204605F015FC04F1180005F033FD8A
:10526000B0462046C4F8C08005F05AFC2C680136D0
:10527000A54208D03CB1204605F003FC04F118001B
:1052800005F021FDEDE73946054800F01FFA3046EC
:10529000BDE8F08187F31188BFF36F8F0026F6E732
:1052A000B221052010B5044608B9054B9C681F22A1
:1052B00004F1880005F032FE002084F8A70010BD3C
:1052C000B03401202DE9F04F984685B000F1580325
:1052D000C0E91633129B002503730423D61D26F064
:1052E00007064373119B01EB060A0F46C0E90655FA
:1052F000514685608373C5730446DDF838B0DDF828
:105300004C90F3F73FFC109B073020F00700C4E9F6
:105310002A76C4F8B00002930F9BAAEB0006CDE9F1
:1053200000B33246434639462046F3F7B1FF0F9BA0
:10533000C4E91D8BE367109B656584F87050C4F861
:105340008030EFF31183402282F31288BFF36F8F16
:10535000104F3A6A3C62C4F8842083F31188BFF38B
:105360006F8FB9F1000F11D01F22494604F1880058
:1053700005F0D4FD84F8A750BB680BB1D3F8B43066
:105380003046C4F8B43005B0BDE8F08F84F888909A
:10539000F2E700BFB0340120F0B5002587B00595D5
:1053A000109DDDE9127604950F9D044603950E9D30
:1053B00002950D9D01950C9D0095FFF783FFB6F1B9
:1053C000FF3F08BFB7F1FF3F05D056EA070305D1FD
:1053D000204600F071FA204607B0F0BD3A46334649
:1053E00004F11800014900F017FCF4E7A7AB060030
:1053F00040F2011383810023C0E92A33C0F8B4309E
:10540000014B9860704700BFB03401206FF00A0173
:10541000094A9368C3F8C0100849C3F8BC004B6838
:1054200043F080534B60002383F31188BFF36F8FE9
:105430009368D3F8C0007047B034012000ED00E05D
:1054400070B590F90D20437B002A36DBD90634D1A4
:105450001B4C63F07F032246437352F8183FE16907
:10546000934207D1C0E900210860E06111E0994250
:10547000F8D01B68002BF5D090F90E5093F90E6010
:10548000B542F4D0AE42F2DD5968C0E9003108609F
:105490005860A569954200D005B9E568A3685A7BB4
:1054A000D20604D1DA897F2A01D9AA6932B1AB4286
:1054B00002D0284600F00EFB656170BD6361FCE719
:1054C000B034012038B590F90D200146002A437B05
:1054D00004DA03F07F03437305F0E8FA0D4D2A4622
:1054E00052F8184FAB68944200D004B9EC688B4274
:1054F00007D05A7BD20604D1DA897F2A01D9A26962
:105500002AB1A34202D0204600F0E4FA23466B61A0
:1055100038BD00BFB0340120B3F1FF3F08BFB2F186
:10552000FF3F03D00249183000F076BB704700BF40
:10553000A7AB060038B5194CA168E0690B68814239
:1055400014BF1A46002249680B605960A368E169DC
:105550002AB9134AC3E900210B60E3610CE093F917
:105560000E0092F90E50A84214D0854212DD516807
:10557000C3E900210B605360A569094B9D4200D02F
:1055800005B9E568A3689D4202D0284600F0A2FA5A
:10559000656138BD9142DCD01268D9E7B034012092
:1055A000C8340120F8B5DDE906670D4B0C46986854
:1055B00011460C4A1060EFF31182402282F31288E8
:1055C000BFF36F8F9D68284605F082FA2846324661
:1055D0003B46FFF7A1FF2046BDE8F840FFF716BFA6
:1055E000B0340120DC340120F8B50446EFF3118714
:1055F000402383F31288BFF36F8F437B49B203F0DC
:105600001F02002A0CBF0126002639D103F07F03B8
:105610002D4D437305F04AFA2A46437B817363F0AC
:105620007F03437352F8183F934227D1E869C4E9D6
:1056300000200460EC610FE09842F8D01B68002B5A
:10564000F5D093F90EC06145F6D08C45F4DD59686C
:10565000C4E900310C605C60AC69944200D004B9CC
:10566000EC68AB689C4202D0204600F033FA6C61D3
:1056700087F31188BFF36F8F3046F8BDE869DEE726
:105680009B071ED5856805F011FA81732B689D4232
:1056900009D16B68C4E900531C606C60E8E76A6874
:1056A0009342F6D01B68002BF3D093F90E20914261
:1056B000F5D08A42F3DD5A68C4E9003214605C60B8
:1056C000D6E78173D4E700BFB034012049B9EFF3C6
:1056D000058030B9054B5A699B689A4201D0FFF7A3
:1056E00095BE81F31188BFF36F8F7047B0340120EE
:1056F000034648B9EFF3058232B9064A5169926808
:10570000914201D0FFF782BE83F31188BFF36F8F00
:10571000704700BFB0340120EFF31181402383F3C1
:105720001288BFF36F8F054B9A68D37B013BD3730D
:1057300081F31188BFF36F8F704700BFB034012031
:1057400070B5EFF31186402383F31288BFF36F8F98
:10575000144DAB68DA7B0132DA732A4652F8184FDF
:10576000944200D004B9EC685A7BD20604D1DA899D
:105770007F2A01D9A2692AB1A34202D0204600F0B3
:10578000A9F923466B6186F31188BFF36F8FEFF39E
:105790001180402383F31288BFF36F8FBDE8704000
:1057A000FFF7A6BFB0340120024B03F11802C3E992
:1057B00006227047B034012070B5EFF31186402304
:1057C00083F31288BFF36F8F1B4CA168E0690B68ED
:1057D000814214BF1A46002249680B605960A368D1
:1057E000E1692AB9154AC3E900210B60E3610CE0C5
:1057F00093F90E0092F90E50A84218D0854216DD9A
:105800005168C3E900210B605360A5690B4B9D42B1
:1058100000D005B9E568A3689D4202D0284600F093
:1058200059F965613046BDE87040FFF7EFBD8A4227
:10583000D8D01268D5E700BFB0340120C8340120A9
:10584000F8B550EA010306460C4603D1FFF7B4FF52
:105850000020F8BDEFF31187402383F31288BFF3D4
:105860006F8F124D124BA8681860FFF72BFEA868C7
:10587000234632460F49183000F0CEF9AA68044694
:10588000537B384643F004035373FFF7BFFDAB6807
:10589000D3E90A23B3F1004F08BF002AD8D105F09D
:1058A0003AFA201A20EAE070D3E700BFB0340120B2
:1058B000DC340120A7AB060038B50446EFF31185B0
:1058C000402383F31288BFF36F8F437B5B070FD5B1
:1058D000183005F0F8F9637B204623F00403637366
:1058E000FFF7AEFD2946BDE838400448FFF7EEBE9D
:1058F00085F31188BFF36F8F38BD00BFB22105203B
:10590000014B9868704700BFB03401202DE9F8437F
:105910000446077BEFF31185402383F31288BFF31E
:105920006F8F437B190705D585F31188BFF36F8F00
:10593000BDE8F883D90943F0080260D14273A36837
:1059400013B1204605F0BAF804F1180005F0BBF9D0
:10595000A66D04F15808B04511D04FF0000976B19A
:10596000304605F0ABF806F1180005F0ACF930460A
:10597000C6F8C090FFF764FDA66DB045EFD1DFF823
:10598000C480D8F808309C4241D1EFF30589B9F1C1
:10599000000918BF4FF00109D8F818602A4A96424A
:1059A00000D00EB9D8F80C60B34202D0304600F0F7
:1059B00091F82046C8F8146001F035FF204600F049
:1059C000DBF8B9F1000F02D02048FFF711FDD8F83D
:1059D00008309C4231D1EFF3058373BB227BD207A1
:1059E00018D42846FFF712FDFB07A1D5002383F347
:1059F0001188BFF36F8F0423184602DF98E703F086
:105A00007F0343F00803437305F050F897E74FF026
:105A10000009C1E785F31188BFF36F8F83F3118805
:105A2000BFF36F8F0423184602DFEFF3118040238A
:105A300083F31288BFF36F8FD4E785F31188BFF328
:105A40006F8FD1E7B0340120C8340120202E01200F
:105A5000D3B5DDE90667089CCDE90067FFF7A2FD35
:105A60001CB1034B9B681B69236002B0D0BD00BF13
:105A7000B0340120427B034612F01F0210D10A49C4
:105A800088420DD00949086868B1D9897F2909D8A9
:105A900093F90E20064B1B689A42B8BF002070474E
:105AA0000020704710467047A82B0120B805012040
:105AB000E03401200122044BC01A044BC0105843AB
:105AC000034B1A54704700BFE82E0120ABAAAAAAC4
:105AD000B221052070B50D4B0D4D1E7CFFF7CAFF9E
:105AE00006EB460305EBC3050446284605F0EBF834
:105AF0000022084B9A553CB1621E2846BDE8704012
:105B00000549D31700F088B870BD00BFB03401203C
:105B1000E82E0120B2210520B55A060038B5EFF372
:105B20001185402383F31288BFF36F8F0F4B104A08
:105B30009C681068A04206D1FFF7CCFF85F311885E
:105B4000BFF36F8F38BD00211B7C1160094AD35C05
:105B5000002BF3D02046FFF78DFF0028EED0637BAB
:105B6000DB0601D1FFF7E6FC2046E5E7B034012073
:105B7000DC340120B2210520EFF31181402383F3AF
:105B80001288BFF36F8F0C4A136A834208D1D3F88F
:105B90008430136281F31188BFF36F8F704713460F
:105BA000002BF7D0D3F884208242F8D1D0F884209B
:105BB000C3F88420EEE700BFB0340120024B186820
:105BC000984208BF00207047BC050120034B1B68AA
:105BD0000BB9FCF7A7BC0020704700BFE4340120DC
:105BE00030B570B10B4B5B6898420AD0036843B183
:105BF000D3E90421D0E90445121941EB0501C3E9B9
:105C00000421D0E9003213605A600023C0E9003358
:105C100030BD00BFBC050120B3F1FF3F08BFB2F1AA
:105C2000FF3F2DE9F84F0446994615461F467AD0A6
:105C30008160EFF31188402383F31288BFF36F8FE5
:105C4000B9F1000FDFF8E4A020DBFFF7BFFFDAE9CE
:105C50000027013549F100092D1849EBE07306468C
:105C60004FF00109C4E90453AD1843EB0707FFF7F0
:105C7000A5FF0346DFF8B8E0DEF804A0EBB9C4E9FD
:105C800000EACAF80040CEF8044028E06FF00103B3
:105C9000DAE900125B1A4FF0FF3161EB02025B1B85
:105CA00062EB0902012B72F10001BCBF012300224B
:105CB0004FF00009C0E90432D9E7D3E9041CD4E964
:105CC00004208A4270EB0C0B24DA891A5A686CEBB8
:105CD0000000C3E90410C4E9003214605C60FFF7FF
:105CE0006DFF84420ED1134B1B685BB9B9F1000FF5
:105CF00002D1FFF76BFF0646304604F0CDFF0021CE
:105D0000FCF724FC88F31188BFF36F8F28463946CF
:105D1000BDE8F88F521A60EB0C009A45C4E90420E4
:105D2000ADD01B68AAE700252F46EFE7002F012022
:105D3000BC050120E43401202DE9F047EFF3118583
:105D4000402383F31288BFF36F8FDFF8A090002603
:105D5000C9F800000027FFF731FFDFF89480D9F879
:105D60000030D8E900ECD91750B1D0E90442A34281
:105D700071EB020A1BDAE41A62EB0102C0E9044289
:105D8000002413EB0E034CEB01012046C8E900315F
:105D9000C9F8004004F080FF2146FCF7D7FB85F3EB
:105DA0001188BFF36F8FBDE8F047FFF7B7BE14EB64
:105DB0000E024CEBE473C0E90467C8E90023FFF767
:105DC0000FFF85F31188BFF36F8F83689847EFF358
:105DD0001185402383F31288BFF36F8FD9F8003009
:105DE0001B1BC9F80030FFF7E9FEB8E7E4340120D7
:105DF000002F012010B5EFF31184402383F31288A4
:105E0000BFF36F8FFFF7E2FE0346054AD2E90001B8
:105E1000181841EBE37184F31188BFF36F8F10BD45
:105E2000002F0120F8B50646EFF31187402383F3D6
:105E30001288BFF36F8F026822B187F31188BFF316
:105E40006F8FF8BDD0E90A54691C44F100030229A0
:105E500073F1000334D3013D44F1FF34002CBCBF87
:105E600015462C4604F05BFF013041F1000140195A
:105E700044EB0101012871F100014ADB04F04FFFFE
:105E80006FF00203013041F10001401944EB0101C0
:105E900083426FF000438B4140DB04F040FF6FF022
:105EA00001024FF0FF33013041F10001401944EB92
:105EB0000104121A63EB040330461A49FFF7ACFEE3
:105EC000336B01333363336A6BB187F31188BFF3EC
:105ED0006F8F3046336A9847EFF31187402383F37F
:105EE0001288BFF36F8F334653F8184F9C42A4D0EB
:105EF000002CA2D0204604F022FE0023C4F8C030BB
:105F000087F31188BFF36F8F2046BDE8F84004F097
:105F100007BE6FF001024FF0FF33CDE700224FF0D4
:105F20000043C9E7255E06002DE9F04105461C4601
:105F300090461F46EFF31186402383F31288BFF388
:105F40006F8FB4F1FF3F08BFB2F1FF3F05D186F379
:105F50001188BFF36F8FBDE8F081002C09DB012AA7
:105F600074F10003BCBF0122002412F1FF3844F198
:105F7000FF37284604F0A7FEDDE906010023C5E946
:105F80000A012B6342463B4628460249FFF744FE7E
:105F9000DDE700BF255E060038B50346EFF3118547
:105FA000402282F31288BFF36F8FC16001218160AC
:105FB0000068834206D185F31188BFF36F8F0024F8
:105FC000204638BDD0E9003213605A600023C0E992
:105FD000003304F014FF294604460248FFF776FB1D
:105FE000EEE700BFB3210520F8B507460C4616467C
:105FF00004F054FD08B10020F8BD0E4B9B68D3F8A7
:10600000B450002DF7D0221DF5D2EFF311844023B8
:1060100083F31288BFF36F8F284647F00401B0471F
:1060200084F31188BFF36F8F0028E4D040F8045B3D
:10603000E2E700BFB03401200146024A0020FFF72A
:10604000D3BF00BF856C060001680E4A034691422B
:1060500015D1C169A2F11022A2F1EF1291420ED125
:106060008268012A0BD8C26812B101698A4206D03F
:10607000586928B19B691B1A584258417047012042
:10608000704700BF55AA00FF70B50D4B9E68A6B1C2
:106090003046FFF7D9FF044678B9F3686BB9356924
:1060A0000DB9204670BD2846FFF7CEFF28B9EB6832
:1060B000B34202D12E462D69F2E70124F1E700BF79
:1060C000E8340120F8B5384D2B68EE68D3B1AB68E1
:1060D000C3B1002860D000295ED001FB00F4B4FBFE
:1060E000F0F0884258D1211D56D8A2070CD024F0D8
:1060F00003020432334603E0586890424ED29B6953
:10610000002BF9D11846F8BD2246F3E7801A232860
:1061100003F120061CD801229A60D3E90512A9B127
:106120008A619A690AB1596951610022C3E905225D
:106130002B69DB0703D5FFF7A7FF002831D12246E3
:106140000021304604F0D2FE0346DBE7EA60E8E7D0
:1061500002F1200C03EB0C012038C1E90107CB60F0
:106160001869124F086143F80C70A7F11027A7F1C6
:10617000EF17CF6100B1C160586948619F698F61B5
:1061800040B18161886900B1416101201961C3E9B1
:106190000120CAE7E960F5E70023B3E79F68002F15
:1061A000B4D0012000F0B6F8E834012055AA00FF71
:1061B00070B50546002840D03B4E3368002B3CD0DC
:1061C000B268002A39D0834203D8726813449842D7
:1061D00002D3012000F09EF8A0F120042046FFF732
:1061E00033FF0028F5D155F8183C012BF1D155F8B3
:1061F000143C45F8180C0BB39A68FAB955F81C2CE6
:1062000002F120015A680A445A6055E905321A61C0
:1062100055F8145C2B6903B1DD6020220021204673
:1062200004F064FE286908B183684BB333699B07A7
:1062300003D5FFF729FF0028CBD170BD55F8100C0E
:1062400000282AD0836843BB426863681344203324
:10625000636003692361D4E905239AB9CBB9436923
:1062600063618269A261B3B19C61A36903B15C619E
:10627000236903B1DC602022002104F037FED5E75A
:106280002C46E1E79361A369002BE8D062695A616B
:10629000E5E7F360F7E7F460E7E7F36845F8083C03
:1062A00003B15C61F460C1E7E834012038B50C4605
:1062B000142200210546134804F018FE1249134821
:1062C000FDF70AF9232C1CD915F003031FBF043C6A
:1062D000E418C3F10403ED1822460021284604F017
:1062E00005FE084B0A49C3E90054203C9D606C60E0
:1062F0009A6811609A68A1F11021A1F1EF11D161A2
:10630000DA6038BDE8340120B1610600C5600600DE
:1063100055AA00FF08B5054B044613B10021AFF3A1
:10632000008000F0ABFA2046F3F762FA00000000AC
:10633000F8B50E4B06461D68AB789B0712D56F6803
:1063400016F8014B29462CB90A20B847002805DB6E
:10635000204609E02046B8470028F1DAAB7843F040
:106360000403AB704FF0FF30F8BD00BF40C2060021
:106370000CB430B589B005460C461C22002101A89A
:1063800004F0B4FD022305958DF806300D4B029301
:1063900023462CB1B4F1004F28BF4FF00043013B1E
:1063A0001D440DAA0C9901A80695009200F00CF866
:1063B00014B1059B00221A7009B0BDE8304002B04C
:1063C000704700BF01B006002DE9F04F43688DB063
:1063D00015468046029383789A0740F10D81002488
:1063E0000E78002E00F00A81252E0BD04B1C039353
:1063F000013441463046029B98470028C0F2F6809F
:106400000399EDE74E788B1C252E0393F0D00027DF
:10641000B946BB46BBF11F0F38D8A6F12003102B9D
:106420000AD8DFE803F02A09093009090921090916
:106430000928092D09091F00A6F13003092B33D9BA
:106440002A2E37D11BF0400F55F8043B40F08280D4
:10645000002BA7BF4BF0200B9946C3F100094BF06E
:10646000280B01E04BF0010B039B13F8016B039326
:10647000002ECFD130E04BF0020B4BF0040BF3E7D2
:106480004BF0080BF0E74BF0100BEDE7BBF17F0F83
:1064900019D8A6F13003092BD2D81BF0400F03D036
:1064A0000A2101FB0737DFE70A214BF0200B01FB34
:1064B0000939D9E72E2E06D11BF0400F40F09E80FF
:1064C0004BF0400BD0E76C2E31D02BD8682E36D055
:1064D0006A2E3CD04C2E3AD0002F46F02003B8BF95
:1064E0002BF04002A3F16501BCBF00271FFA82FB1D
:1064F000022901D9612B2FD107350727DFF8ACA27C
:1065000025F0070508351BF0080F66D00AEB070BCE
:1065100056465E4563D1A4EB0A0AA9EB070906EBD0
:106520000A026FE1742E9FD07A2E9DD0D4E71BF023
:10653000800F18BF4BF4007B4BF0800B94E71BF4EB
:10654000807F18BF4BF4007B4BF4807B8CE74BF4CF
:10655000207B89E71F4687E7A6F16301122900F235
:10656000F080DFE811F013004F00EE00EE00EE00C7
:10657000EE004F00EE00EE00EE00EE00EE00FE003A
:10658000E900EE00EE001B00EE00AF0055F8043B02
:1065900001270DF1180A8DF81830B4E755F804AB4F
:1065A000834BBAF1000F08BF9A461BF0400F5046CC
:1065B00014BF39464FF0FF3104F0C0FC0746A2E794
:1065C00041462020029B984700280FDB013EB7423E
:1065D000F6D34C44B146A41B98E74E46F7E7414634
:1065E00016F8010B029B9847002892DA98F80230BF
:1065F00043F0040388F802304FF0FF3420460DB01A
:10660000BDE8F08F1BF0800F34D01BF4007F2CD03E
:10661000073525F00705AA4669685AF8080B2BF0DC
:1066200010050029ADB237DA404245F4806561EBD0
:1066300041010DF1180B0A235A4604F08BFCA0EB24
:106640000B0301936B0662D5019B25F001019F426C
:1066500089B240F3A180002E00F0998015F010025D
:1066600040F09C80BB460D4623E0AA465AF8040B36
:10667000C117D4E7AA461BF4807F5AF8041B01D146
:106680000846F5E71BF4007F19BF48B241F3C0117B
:1066900008B241F3C031C2E750EA0103C9D11BF08F
:1066A000400FC6D0002FC4D12BF01102BB4601977A
:1066B00095B240F2064115EA01021CBF0BF1010B35
:1066C00000222CE02BF010020A231FFA82FB1BF0A1
:1066D000800C49D01BF4007115BF0735AA4625F080
:1066E00007055AF8040B1EBFAA4669685AF8080B3A
:1066F00050EA010545D12BF016051BF0400FADB255
:1067000042D0002F40D12BF01702019795B215F01F
:10671000100248D0019B002E42D103F1010B290742
:106720005AD4EB0706D5D9456FDDA9EB0B030199C8
:10673000CB465F185B4649E04BF0100B10237826E0
:10674000C5E7782B04D1C6F1780343F01003BEE708
:1067500041462520029B98470028FFF647AF0234A8
:1067600047E608230026B2E7AA461BF480715AF8D0
:10677000040BBDD01BF400711ABFC0B2614680B2D9
:10678000B6E72BF0060295B20DF1180B54E725F091
:106790001105BB46ADB28CE70D46B8E73B460D464A
:1067A00003F1020BBBE7DDF804B082E7F1F5060068
:1067B000EAF50600CDE9043241462020029B9847C5
:1067C0000028FFF613AF049B059A01339945F1DCCD
:1067D000A4EB0B019B46CC180AB341463020029B28
:1067E00098470028FFF602AF8EB901342744391BC1
:1067F000019B994224DC1D4655BB019AA9EB0B096C
:10680000554622441446914433E0019F92E70234F6
:1068100041463046029B98470028E7DAE6E640F218
:1068200006410D42E2D015F0020F04F10104414689
:1068300014BF2B20202015F4806F18BF2D20E9E70E
:1068400041463020029B013498470028CFDACDE63C
:1068500006AB013D4146585D029B98470028CBDAC4
:10686000C4E641462020029B013498470028FFF6E9
:10687000BDAEA9EB0403002BF3DCC1E538B5074D31
:10688000074C641BA41024B9064B0BB1AFF3008076
:1068900038BD013C55F824309847F4E7000000006B
:1068A000000000000000000070470023D0E8EF2F38
:1068B000C0E8E13F0029F9D17047836800EBC101CE
:1068C000B3F5004F2CBF51F8220031F81200704789
:1068D00000EBC1018068B0F5004F2CBF41F82230B9
:1068E00021F812307047012208B5FFF7E6FFD040CB
:1068F00008BD836800EBC101B3F5004F08D34B68B6
:106900001AB143F001034B60704723F00103FAE72B
:106910004B881AB143F001034B80704723F0010309
:10692000FAE753000122FFF7D3BF8368B3F5004FA6
:1069300034BF04230823C91A081AC00870478368A3
:10694000481CB3F5004F34BF042308230833A0EBE1
:10695000D300B0FA80F0C0F11F0070472DE9F0417C
:10696000174603220E460446FFF7A7FF8642054658
:1069700007F104080AD10122E368BA4023EA0203BE
:10698000E360002344F82830BDE8F081314602225C
:106990002046FFF792FF06462B460146032220467B
:1069A00044F82850FFF794FF334629462046BDE8B7
:1069B000F0410222FFF78CBF70B50D468668044691
:1069C000FFF791FFB6F5004F014601D3012809D02A
:1069D0002046FFF7B4FF294602462046BDE8704036
:1069E000FFF7BCBF70BD2DE9F0470546FFF7A7FFD5
:1069F00005EB800ADAF8109088460646B9F1000FD8
:106A00001BD00327DAF8104028462146FFF76BFF1A
:106A1000404507D3324621462846FFF79FFF2046D0
:106A2000BDE8F087032221462846FFF746FF013FD5
:106A3000CAF8100001D08145E4D14FF0FF34EB6873
:106A40000136B4401C40EAD094FAA4F2B2FA82F2C1
:106A5000131D55F82340DEE72DE9F04114460E469C
:106A60000546FFF740FFA4EB0608371B07444246E4
:106A700031462846FFF755FF3A4621462846FFF79C
:106A800050FF4346002221462846FFF721FF2146BA
:106A90002846FFF728FF3B46211800222846BDE87C
:106AA000F041FFF715BF2DE9F041164604460F46A9
:106AB000FFF719FF314605462046FFF714FF05444E
:106AC0002A4639462046FFF72CFF31462046FFF77D
:106AD0000AFF2B46311800222046BDE8F041FFF79F
:106AE000F7BE2DE9F0410D4686680446FFF7FBFE30
:106AF000B6F5004F014601D3012832D02046FFF7FA
:106B00001EFF04EB80010E6996B90122E368824002
:106B10001343E36002220D612B4629462046FFF70E
:106B2000D7FE032229462046BDE8F041FFF7D0BE3C
:106B3000022231462046FFF7C0FE0746034629469B
:106B40002046FFF7C5FE0322334629462046FFF7BD
:106B5000BFFE39462B462046FFF7BAFE02223146D9
:106B6000E1E7BDE8F081F8B50C460546FFF7BBFE4E
:106B70002618012231462846FFF79FFEC3070CD492
:106B800031462846FFF718FF21462846FFF7ABFE9F
:106B9000214622182846FFF786FF00222146284674
:106BA000FFF78BFE271A012239462846FFF785FE9C
:106BB00010EA020613D139462846FFF7FDFE2146AA
:106BC00032462846FFF779FE2246211A2846FFF76B
:106BD0006AFF214632462846FFF76FFE241A2146F7
:106BE0002846BDE8F840FFF77CBF38B571B10568AD
:106BF00000222846FFF799FE044601462846FFF783
:106C000078FE2146BDE83840FFF7ADBF38BD70B50E
:106C1000056809B9002070BDAB6801F00704B3F541
:106C2000004F2CBF0822042207341444E40804EB6C
:106C3000D1049C4228BF1C4628462146FFF7D3FEBC
:106C400006460028E6D001462846FFF74CFEA04243
:106C500009D93444314628462246FFF7FDFE214635
:106C60002846FFF73EFF284601223146FFF741FE46
:106C7000AB68B3F5004F34BF0423082303EBC6030E
:106C80001844C8E71146FFF7C2BFB2F5802F2CBFEA
:106C9000082304232DE9F0410026D21A8C18CD1DBB
:106CA00025F0070524F00704641BE408056021466D
:106CB0002846AC60EE60FFF742FE421D92000130B4
:106CC00002F107074FEAD7073146A2F1100205F19A
:106CD0001000B8BF324604F009F93A46314628465A
:106CE000FFF71FFE3346324631462846FFF7F0FDD8
:106CF000A4EB0708284631460122FFF7FAFD424679
:106D00003946FFF70EFE3B46324639462846FFF726
:106D1000DFFD21462846FFF704FE43463246214662
:106D20002846FFF7D5FD214628460122FFF7E1FD61
:106D30003946BDE8F041FFF7D4BE2DE9F0470646DD
:106D40000D46174698462BB34FF0000A98F80040BE
:106D500093F80190DB78A40004EB430498F8023028
:106D60001C444444CA4509D339463046AC46D8F899
:106D7000042008F10803BDE8F047604714F8013B20
:106D80000AF1010A204648F82340EFF72BFD0130B5
:106D90000444E7E76FF01500BDE8F08770B5002503
:106DA00002462846144614F8013B0BB9184609E080
:106DB00098B18D4207D1702B04D0A3F140023A2A3A
:106DC0000BD8002070BDA3F140063A2E05D85378A9
:106DD0000135941C002BE9D00020252B224608BF4A
:106DE00080F00100DEE70020704700F0B5BB0FB473
:106DF00007B504A951F8040B019100F0ADFB03B0F5
:106E00005DF804EB04B070470FB407B504A951F85E
:106E1000040B0191FFF7E9FF03B05DF804EB04B048
:106E2000704710B50369024613F0080009D11368D2
:106E3000D4689C429BBF0120126AE31AD31A0B60EC
:106E400010BD00231846FAE713B501A90446FFF761
:106E5000E8FF20B1019BE268013B13440193206AE3
:106E6000019BC01A013802B010BD10B5044650187D
:106E70002269236AD20702D5013B184010BD98420F
:106E800028BFC01AFAE710B504460A46C168FFF7E2
:106E9000ECFF2369E06023F00803236110BD38B5DF
:106EA0000D46C2698B00016843F00203044642F8B4
:106EB000213001682A46FFF7D8FFE36861689842ED
:106EC00008BF2369206008BF43F008032A46204614
:106ED00008BF2361FFF7C9FF606038BD2DE9F74F98
:106EE000C768C6699B4606EB8703009316F82730F0
:106EF000044603F00303022B884691464FF000033B
:106F00000BD01360CBF8003023699B0713D44FF0EC
:106F1000000A504603B0BDE8F08F56F82710136002
:106F20008908CBF80030EFD0FFF7ADFFE368A3602E
:106F30004FF0010AEDE7A36906EB8700984716F8C2
:106F40002720054612F0010AE1D012F002021FD0FC
:106F5000B8F1000F03D041462046FFF7A0FF61685B
:106F60002A462046FFF781FFD4E902219142606062
:106F700006D12A462046FFF778FF4FF0000AA060AE
:106F8000A2682260E260226942F008022261C0E742
:106F9000014620460192FFF776FFE368A360B8F14F
:106FA000000F04D02168E369019A43F8212005EB22
:106FB0000802CBF8002021682046FFF756FF23691E
:106FC000206043F00803236116F827306FF30003B5
:106FD00006F82730009BC9F80030A9E770B50446D1
:106FE0001546FFF742FF2368834205D123692160DC
:106FF00023F00803236170BDE269AB0043F0020394
:1070000042F8213061682A462046FFF72EFF606073
:10701000F1E738B5036904465B0706D5456AFFF713
:1070200013FF85422CBF6562606238BD38B50D46DE
:1070300004461C22002103F059FF0022EB68A361E3
:10704000AB6863612B68E3616B68626223622A69E3
:1070500023B1591E194208BF42F0010222610122E8
:1070600004F128000021BDE8384003F0EBBB2DE916
:10707000F04F002587B00093036A04468B420E460A
:107080009246A9460395059539D3EFF3118B40231A
:1070900083F31288BFF36F8F059AD8462AB1294629
:1070A0002046FFF79BFF0023059304A92046FFF726
:1070B000B8FE04990746B1422AD32268E369204604
:1070C00013F8221003EB820921F0030103F82210C8
:1070D00021683246FFF7C9FEE3682060984212D06B
:1070E000002788F31188BFF36F8F039929B1626974
:1070F0000AB12046904700230393002FC5D148468C
:1071000007B0BDE8F08F236943F008032361E7E788
:1071100018B12046FFF7C3FEE3E7009B5AEA0302DB
:107120001CD0019103F0BAFC0199B8B9BBF1000F72
:1071300014D187F31188BFF36F8F5246009B04F17F
:107140002800FDF735FEEFF31188402383F3128802
:10715000BFF36F8FB0FA80F77F09C2E7204605AB17
:1071600003AA2568FFF7BAFE0746BAE770B50446DA
:10717000836908460D4698470246EFF3118640237F
:1071800083F31288BFF36F8F2B78204643F00103FF
:107190002B706168FFF769FE60602046FFF739FFDA
:1071A00086F31188BFF36F8F70BD2DE9F04104465F
:1071B00040270020EFF3118687F31288BFF36F8F0B
:1071C000236913F0080FA36802D16268934200D9C3
:1071D000226AD21AE1695AB986F31188BFF36F8F18
:1071E00018B104F12800FDF7A9FD4FF0000834E0C4
:1071F00011F8232001EB830812F00305ECD0022DD7
:1072000003D151F82350AD0805D1D00713D440461F
:10721000A36998470546A1682A462046FFF725FE40
:107220002946A0602046FFF72EFE86F31188BFF3A3
:107230006F8F0120BEE742F0020201F82320A3690C
:107240004046A5689847294602462046FFF70DFEAE
:10725000A06086F31188BFF36F8F4046BDE8F081D0
:10726000F8B50446836908460D4698470646EFF38D
:107270001187402383F31288BFF36F8F2B786FF34E
:1072800000032B7023699B0705D5E268E36903EBD4
:1072900082039D421AD12B786FF341032B70D4E9FE
:1072A0000231994204D132462046FFF7DEFDA0604C
:1072B00031462046FFF7E7FD87F31188BFF36F8F54
:1072C00004F12800BDE8F840FDF738BD2B6860F3F5
:1072D0009F032B60F0E7EFF31181402383F31288C3
:1072E000BFF36F8F036913F0080F836802D1426800
:1072F000934200D9026AD31A81F31188BFF36F8FCA
:10730000181E18BF01207047038B13F0070305D127
:107310000368002B0CBF002003207047022B05D10F
:10732000408BB0FA80F0400980007047012B05D1F6
:107330000368002B0CBF0020052070470020704719
:1073400010B50C4600B111B96FF0150010BD081D45
:1073500000F0B7F80028F9D1A368032BF6D9F3E7BA
:107360002DE9F0410D4607461946281D90461E4658
:1073700000F0BBF8044638B1334642462946384649
:10738000A446BDE8F0416047BDE8F08110B4EFF3DA
:107390001182402484F31288BFF36F8F416110BCC7
:1073A0000121F0F799BC38B50C46054658B151B1EA
:1073B0000B6843B14B6833B11C22002103F096FDEA
:1073C00000202C6138BD6FF01500FBE770B5054655
:1073D0000E46FFF7B5FF041E14DBEFF311824023C6
:1073E00083F31288BFF36F8F4FF6FF716B8B2C8B7B
:1073F0008B4204F0070407D182F31188BFF36F8F2B
:107400006FF00A04204670BD022C0CD101336B834F
:1074100082F31188BFF36F8F00232246314628463E
:10742000FFF79EFFEEE7062C14D8DFE804F0041304
:107430001313041A0400002333606B683BB9C5E9D9
:107440000066ACB902212846F0F746FCDAE71E6078
:107450006E60F6E782F31188BFF36F8F6FF004045C
:10746000D0E782F31188BFF36F8F6FF08504C9E70F
:1074700082F31188BFF36F8FC4E710B5EFF3118269
:10748000402383F31288BFF36F8F048B04F007044B
:10749000022C0AD0012C0CBF6FF004006FF08500A5
:1074A00082F31188BFF36F8F08E0438B013B9BB2DF
:1074B000438323B92146F0F70FFC204610BD204638
:1074C000EEE7034640B1426802F00302022A06D00A
:1074D000032A04D0012A05D06FF0150070471A68FE
:1074E000002AF9D000209860704710B54268034622
:1074F00002F00302022A4FF00004816007D0032A41
:1075000002D05C60002001E018685C6010BD186863
:107510005C600028F6D0FEF73FFDF3E77047037884
:107520005B075FBF03684288C3F34A2303EB121073
:107530005DBF173020F00700800800207047002052
:10754000704702F034BC0346D3E8EF0F421CC3E897
:10755000E12F0029F8D170471FB50023CDE90201C2
:107560001A4619461846CDE90033F0F7E1FF05B099
:107570005DF804FB0120F0F793BD002070474368DD
:10758000DA7101224368196043685A71F0F77ABDD5
:1075900070B515460C4669B1D2E901369B1B99427C
:1075A0000AD813680A460146981903F092FCAB68A2
:1075B0002344AB60204670BD6FF01B00FBE770B545
:1075C0000E4615461946044618B9BDE87040F0F756
:1075D00067BD33B1C2F34A231030120D184403F0D3
:1075E00078FCC4E900562046BDE87040F0F7FCBEC8
:1075F0002DE9F3415F1C4FEA8708064608F11700A2
:1076000020F0070080080C461546F0F7C5FD002362
:107610008DF80470ADF805308DF8073068B1034679
:10762000019AA8F1040143F8102F2A46294452F880
:10763000045B8A4243F8045FF9D100233146A2017A
:1076400002F4E07242EA482222F07F4222F4700201
:1076500022F03F0202B0BDE8F041FFF7B0BF07B52E
:107660000123019201AAFFF7C3FF03B05DF804FBF9
:1076700007B5CDE9002302236A46FFF7B9FF03B03F
:107680005DF804FB1FB5CDE90123069B01AA039316
:107690000323FFF7ADFF05B05DF804FBF8B5064620
:1076A0000D4614461F4604B9F8BD214628463A4601
:1076B000B047241A0544F6E710B542680446D2E9FB
:1076C000002381680068FFF7E9FF002263681A6001
:1076D00010BD38B54B6805461A68CB680C469A420F
:1076E00002D10846FFF7E8FF6368D3E8EF2F511C8B
:1076F000C3E8E01F0028F8D1A36800209D5438BDDE
:107700000A2838B504460D4602D10D20FFF7E1FFE7
:1077100029462046FFF7DDFF002038BD2DE9F04364
:10772000054687B008460E8891F800900C46D1F8BF
:1077300008801746F0F74CFF011EC6F38216C9F306
:10774000C2091EDB4846F0F761FE0346214651F8A8
:10775000102B6088C2F34A22002A01EB020408BF02
:1077600000210022C0F30B10CDE90407CDE902147B
:107770002846414601960092F0F756FF07B0BDE853
:10778000F0830023E2E7436800201B685B6899618F
:10779000704743681B681A6852685360704701213C
:1077A0002DE9F04143681B685A6811771D682F68FE
:1077B000D5E90136D3E900481CB96B681C60BDE807
:1077C000F081214630464246B847241A0644F3E782
:1077D00043681B681868F1F791B870B543680C46A8
:1077E0001D686B689869F0F737FC214603460F2245
:1077F0002868BDE87040184703F078BB03F069BB08
:1078000001460068F1F75EB908B5F1F7B7F9BDE8D0
:107810000840F1F7D7B90A460121FFF720BF002140
:107820000120F1F74FB96FF08500704761B662B67D
:1078300080F31188BFF36F8F704772B6002383F314
:107840001188BFF36F8FBFF34F8F30BF62B6BFF3A6
:107850006F8F704772B6002383F31188BFF36F8F69
:10786000BFF34F8F20BF80F31188BFF36F8F62B6D5
:10787000704740E800F313F4803FD8B208BF6FF0C0
:107880001500704730B50C684B6885B00A894D8982
:107890000094013B24F01F04234402F01F0242EA3B
:1078A000451223F01F0369468DF808200393F1F772
:1078B00089FD05B030BD08B5D1E9043198470020F5
:1078C00008BD08B5F1F79CFF002008BD70470023F4
:1078D00003824369C3607047416A8968F1F7FCBF5E
:1078E000EFF31182402383F31288BFF36F8F0023DD
:1078F0000B60436833B9C0E9001182F31188BFF30C
:107900006F8F704719604160F7E7034610B5EFF3DA
:107910001181402282F31288BFF36F8F006828B173
:107920005C680268A0421A6008BF5A6081F311883F
:10793000BFF36F8F10BD027A0132027270470346A7
:1079400018465B68002BFBD17047426810B52AB11E
:107950000B461C465B68002BFBD16260416010BD8A
:1079600010B5044620B908460B7A01330B7210BDDE
:10797000034618465B68002BFBD1FFF7E6FF204665
:10798000F5E783680B440360704703680B60436846
:107990004B6083688B6070478388026819448180DC
:1079A000D018704730B484880568A31883802819DC
:1079B00030BC03F08EBA10B5838802685C1C8480EA
:1079C000D154D01810BD034600689A88401A11445B
:1079D0001860998070470268531E036083880133E2
:1079E000838002F8011C704703468288521A828005
:1079F0000068084418607047034600689A88521A65
:107A000001449A801960704710B5036801211C7801
:107A1000FFF7EAFF204610BD10B5036802211C885D
:107A2000FFF7E2FF204610BD02688068101A704719
:107A30008388C2888168D21A03685B1AD01A70479B
:107A400030B5054614460A8885B08B78ADF800201D
:107A500000210D220DF103008DF8023003F046FAEB
:107A60006A466946284602F059FA28B9BDF800204E
:107A70009DF802302280A37005B030BD13B50C46CE
:107A800001AA0331FFF7DCFF48B90322204601A910
:107A900003F034FAB0FA80F0400902B010BD0020C3
:107AA000FBE710B50C46017822788AB08A420FD0E5
:107AB0006946F2F753F8204605A9F2F74FF810226D
:107AC0000DF115010DF1010003F018FA0AB010BD17
:107AD000012A06D0022A07D072B940886388C01AEA
:107AE000F4E740686368FAE71022611C01300AB0CD
:107AF000BDE8104003F002BA6FF01500E6E7042A73
:107B00000AD0102A0DD0022A4FF0000315D10370BD
:107B10000B88438001207047012303700B6843608A
:107B2000F8E7022300F8013B01F1100351F8042BA0
:107B3000994240F8042BF9D1ECE71846704701232D
:107B400010B50621044600F8013BFBF7AFFC18B95D
:107B5000A37963F03F03A37110BD0B6803608B88AA
:107B600083808B798371037823F00203037070475D
:107B70000078C0F34000704738B50446807AF1F7CA
:107B800081FE6169054649B1637ADB0704D4436A23
:107B900020461B689B68984700236361214628465E
:107BA000BDE8384002F040BE2DE9F04101F10C087B
:107BB0000C46054600F10C01404617461E46FFF7ED
:107BC000E4FE4046FFF730FF012310FA87F0688299
:107BD0006B72394640462F82FFF706FFE36828465E
:107BE00073600023628AE360728163823460BDE85F
:107BF000F08138B50C46D1E900320546DA600B68F1
:107C00004A895A820868F1F7E5FE204610220021D1
:107C100003F06CF92846BDE83840FFF7ADBF438A52
:107C200023B9C068B0FA80F040097047002070475F
:107C3000D0F8A43083B15A7CD1070DD5D2060DD52A
:107C40001B7C102B14BF032304234372807A9842B9
:107C50008CBF0020012070470223F6E70323F4E7DE
:107C60000F2807D80D280BD8052808BF032018BFF8
:107C700002207047132803D01A2808BF0120F6E716
:107C800001207047FFF7EBBCFFF7F2BC034610B5CD
:107C9000D3E8EF0F40EA0102C3E8E42F002CF7D14C
:107CA00010BD0023F0F7C0BBD0E8EF3F0B40C0E8A9
:107CB000E23F002AF8D1704710B5F3F701FF044600
:107CC0006FF480711030FFF7EFFF2046BDE81040E1
:107CD00000F009BAC368DB78012B01D1FFF7ECBFD4
:107CE0007047C0F30723537000231070000ED0704C
:107CF000C1F30720090E9370137150719371D17104
:107D00007047C368DB78012B01D1FFF7D5BF7047FF
:107D100038B504460D46F2F773F95F3005D12946B0
:107D20002046BDE83840F2F7A3B838BD00207047C0
:107D300010B503884288934219D8052B17D9B2F59C
:107D4000486F14D88388B3F5FA7F10D240F6764492
:107D5000C088A0F10A0189B2A14208D801339BB2C0
:107D60005343B3EB800F34BF0120002010BD00202F
:107D7000FCE70020704708B5F9F720F818B1408AF1
:107D8000003818BF012008BD70B506460D464FF0FB
:107D9000FF304FF0FF31F2F765FC044668B1032174
:107DA0000C30FFF7F9FD068085702146BDE8704074
:107DB000002240F20640F2F74DBE6FF0680070BD41
:107DC000C368187808B1F2F7EDBB1846F2F728BF80
:107DD00038B54FF0FF3105464FF0FF30F2F742FC67
:107DE000044668B102210C30FFF7D6FD2B882146EE
:107DF00003800022BDE8384042F21600F2F72ABEA6
:107E00006FF0680038BDF8B507460E464FF0FF30FA
:107E10004FF0FF311546F2F725FC044678B10621F4
:107E20000C30FFF7B9FD3B884680038085802146F2
:107E3000BDE8F840002242F22200F2F70BBE6FF0DC
:107E40006800F8BD70B506460D464FF0FF304FF0A4
:107E5000FF31F2F707FC044618B9BDE87040F1F7AE
:107E6000FDBF03210C30FFF797FD0680857021468A
:107E7000BDE8704042F22100F2F79EBD072208B52E
:107E800003F03CF8B0FA80F0400908BDFFF7E7BB0B
:107E90000B6803608B8883808B7983717047D0E88F
:107EA000AF0F7047F8B50F46144638BB4FF0FF30A0
:107EB0004FF0FF31F2F7D6FB054610B327210C3007
:107EC000FFF76AFD224606463946FFF7E1FFC31D6C
:107ED00004F1100152F8040B8A4243F8040BF9D163
:107EE0001022002106F1170003F000F82946BDE832
:107EF000F840002242F22700F2F7ACBD6FF0150007
:107F0000F8BD6FF06800FBE7037A02465B0705D512
:107F100001462E3211F8010BFFF7C4BF704738B588
:107F20004FF0FF3105464FF0FF30F2F79BFB044660
:107F300058B129460C30FFF73EFD2146BDE83840D8
:107F4000002242F22D00F2F785BD6FF0680038BDC7
:107F500010B400F11003D3E8EF2F22F40051C3E86E
:107F6000E41F002CF7D1930403D5012110BC00F0CD
:107F7000B8B810BC704770B5044686B00E460130E4
:107F80000131FFF77BFF2E3416220021054668469B
:107F900002F0ACFF10226946204602F0AFFF40B16C
:107FA0001022204606F12E0102F0A8FF002808BF8B
:107FB0000125284606B070BD38B54B6805460C460D
:107FC00073B90B7A13B9037A5B0709D520682A784D
:107FD00003789A4204D02946FFF7CDFF00B16560CF
:107FE00038BD00F1100208B503461046FFF757FFF1
:107FF000C1050DD5D2E8EF0F40F40050C2E8E10F03
:108000000029F7D11846BDE80840002100F069B802
:1080100008BD10B50C4630B919B1F8F78FFE00B1A4
:10802000441C204610BD0024FBE718B111B10846DE
:10803000F3F742B96FF01500704713B5044680B1ED
:1080400006216846FBF732FA48B99DF805306946C3
:1080500003F03F0320468DF80530FFF7E6FF02B03E
:1080600010BD6FF01500FAE7003818BF0120704707
:10807000037AD90704D523F001030372F3F7A6BAF4
:10808000990704D523F002030372F3F7B9BA7047D6
:10809000D0E8AF0F704770B506460D464FF0FF3081
:1080A0004FF0FF3186B0F2F7DDFA0446B0B10C3084
:1080B00095B10121FFF77FFC204606F1100203A9CC
:1080C00008230095F2F7BCFA0022214642F20A008A
:1080D000F2F7C0FC06B070BD2946EBE76FF0680010
:1080E000F8E7FFF7D8BF183002F088BC0368D9045E
:1080F00044BF43F48063036003689A0444BF43F4BD
:1081000000630360704701F12003013813F8012D6B
:108110008B4200F8012FF9D1704700230B604368B0
:1081200013B9C0E900117047196041607047D0F879
:10813000B400003818BF012070470846896918301C
:108140001160426800211A6010F80D2C02F0CEBEBA
:10815000FFF78EBA034610B5D3E8EF0F40EA0102ED
:10816000C3E8E42F002CF7D110BD437B072B01D1CE
:10817000F4F712B970472438F4F78CB90022036879
:108180000BB9184670478B4210D10B6842B9426850
:108190000360914200D14360002301200B607047CF
:1081A00013604368994208BF4260F5E71A461B68AE
:1081B000E6E710B50446006918B1F1F70BFC00239F
:1081C000236110BD10B500F1C802D2E8AF3F5BB12A
:1081D000591CD2E8EF4F9C4204D1C2E8EC1FBCF11D
:1081E000000FF6D1F1D110BD1846FCE710B5437B66
:1081F0000446023B062B16D8DFE803F009041515E8
:10820000150B0900017300212046F4F787FA0020BE
:1082100010BD0088FFF7B8FD0028F9D1637B072B5C
:10822000F5D10821F0E76FF07F00F1E710B50446C3
:10823000D0F8A40028B9207A04F17001F8F7BEFD47
:1082400038B1E278438A2AB913F0210F14BF012014
:10825000002010BD13F0240FF8E738B583780446EA
:10826000012B25D1437B072B25D10B0601F07F0580
:108270000BD54FF400410430FFF76CFF2046A57288
:10828000F8F742F888B9002038BD437AAB42FAD2F9
:10829000837AAB42F7D2031DD3E8EF1F21F40041EC
:1082A000C3E8E21F002AE9D0F6E7637AA372EBE79E
:1082B0006FF01500E8E76FF07F00E5E78378012BAA
:1082C0000CBF407A0020704738B5037A04468B42D1
:1082D000154615D100F170010722284602F00EFE66
:1082E00080B1E378072243B904F17E01284602F009
:1082F00005FEB0FA80F0400938BD04F17701F5E7DA
:108300000020F9E70120F7E78378012B0CBF7030DC
:1083100000207047F8B507460D464FF0FF304FF08C
:10832000FF31F2F79FF90646D0B10E210C30FFF76E
:1083300033FB04460E22002102F0D8FD3B88314673
:1083400023802B88002263806B8842F21300A38075
:10835000AB88E380EB882381BDE8F840F2F77ABB75
:108360006FF06800F8BD704710B50446FDF7D4F90A
:10837000234653F8482BD2F8B41061B9A164D2F85F
:10838000B81061B9C2E92D33FDF7DAF92068BDE80C
:108390001040F4F79FB98B42F6D00968EDE70B6007
:1083A000C2F8B830F0E703682BB141681A688B4215
:1083B000026008BF4260704770472DE9F843446B84
:1083C000002C55D054F8085905B1083D002701E0AC
:1083D0002C461D46D4E900682EB3FDF79DF9002216
:1083E000D6F8B43004F1480163B1994232D1A36C9C
:1083F00042BBD6F8B820C6F8B430914201D1C6F8D5
:10840000B830A764FDF79CF904F13009002200237D
:108410004846FCF761FC0646F8B9D8F804300BB1C1
:10842000204698472760E3680BB120469847D8F864
:1084300020300BB120469847D5B1AB68002BC7D090
:10844000083BC5E71360D6F8B830994208BFC6F8B4
:10845000B820D6E71A461B68C6E7B36923B16FF0A8
:108460006D02F169206898473046F1F7B3FACDE71D
:10847000BDE8F88338B5436B0D46BBB1184650F8DC
:10848000084904B1083C53F8043C9B680BB12946E9
:1084900098475CB12046A468436824B19B68083CB7
:1084A000002BF4D1F6E79B68002BF0D138BDF8B56E
:1084B0000F4600210546164600234FF22442084687
:1084C000F4F794FE044620B92846BDE8F840F4F7D6
:1084D00059BE04210C30FFF75FFA057047704680E3
:1084E0002046F8BD406B28B1838B08388B4201D001
:1084F0008068F8E7704710B54AB989B2FFF7F2FF14
:1085000028B143689B6913B1BDE81040184710BDFE
:1085100038B50D460521FFF7E5FF002329461A4629
:10852000F4F77EFE044610B12846F1F753FA2046D0
:1085300038BD406B28B1838908388B4201D08068F0
:10854000F8E7704770470346006828B15968026829
:1085500088421A6008BF5A6070470346002003B97A
:1085600070471A8A5B681044F9E710B5D468023185
:10857000237813B92170012010BD8B42FBD0038AF0
:10858000023B038200201061F6E7FFF768B82DE98F
:10859000F04104468868FFF7E0FF638D628B0D466B
:1085A000934228BF134683421DD30027A165D1F80B
:1085B00008808F60FDF7B0F841462046F5F724F8B3
:1085C000064638B1C5F80880A765FDF7B9F830460A
:1085D000BDE8F081618D638B2846994228BF19461A
:1085E00000F06CFEF1E76FF07906F0E773B5144622
:1085F000014605464FF49572206800F0B1FD2075E4
:1086000030B92946206800F05CFE20B908232375A4
:10861000002002B070BD237AB3B1A3F11802534217
:1086200053419B000193638A29460093AE68238AD5
:10863000E2682068B047002808DB238A98420CD102
:10864000002301202375E4E70223EBE710F1FF0F7D
:1086500003D34042C0B22075DAE70E20FBE71FB516
:10866000CDE9012300231A460093F6F7BFFB05B0BE
:108670005DF804FB38B504460D46F4F7C5FF30B18C
:10868000294604F15C00BDE8384002F0C2B838BDAC
:10869000F8B5936805460F461446166863B95068E6
:1086A00001210C30FFF778F9A0602B681B78002BB4
:1086B00014BF022301230370A3681B78012B03D08E
:1086C000022B1FD000201CE02B681B78002BF9D157
:1086D000606804210C30FFF75FF9E06007802A68CA
:1086E000E36852885A806168728D738B088A9A4257
:1086F00094BFC0EB0200C0EB0300042894BF00202D
:108700000120F8BD2B681B78022BDBD16068122199
:108710000C30FFF741F9E06007802B68E268591CD4
:108720000232113351F8040B994242F8040BF9D18B
:108730006168728D738B088A9A4294BFC0EB020005
:10874000C0EB03001228D9E770B405686A6A52B317
:10875000136803B1A83BA2F1A8040022114600E06F
:10876000A83B844207D0668D648BB14238BF314646
:10877000A24238BF22461C462BB1D3F8A830002BAA
:10878000EED18442EFD1438D408B8B4201D8904291
:108790000BD9824238BF02469942286838BF194631
:1087A00070BCF6F7B3BF1146EDE770BC7047D068F8
:1087B0000431037813B90170012070478B42FBD05C
:1087C000002091680B8A043B0B821061704770B5E2
:1087D00004460E46002200230846FCF77DFA0546B3
:1087E00058B101462046F4F70FFF044618B1294658
:1087F000304602F019F8204670BD6FF00104FAE728
:108800002DE9F04F044685B0104690469946FFF793
:10881000A4FE638B628D8B46934228BF134683422E
:1088200040F29380636840460393FFF788F84FF067
:10883000000A06464046FFF790FE628B638D06F104
:108840000C079A4294BFC0EB0205C0EB0305384603
:10885000FFF7EEF8854217D24046FFF77EFE628BA7
:10886000638D9A4294BFC0EB0205C0EB03058DBB3C
:1088700098F80A00F1F706F800220023FFF72CF819
:10888000064630B9574636E03846FFF7D1F8054678
:10889000EDE701464046FFF763F84046FFF75DFE0F
:1088A000628D638B06F10C079A4294BFC0EB020500
:1088B000C0EB03053846FFF7BBF885421FD24046A0
:1088C000FFF74BFE628D638B9A4294BFC0EB0205AB
:1088D000C0EB0305F168328ACDF80090DBF8047034
:1088E0000A4403985946ABB2B847071E0CDABAF1EE
:1088F000000F18BF5746384605B0BDE8F08F384620
:10890000FFF796F80546E5E70E9BB3B9394606F141
:108910000C00FFF741F84046FFF71FFE638D628BA6
:10892000B944934228BF13468342BA441FFA89F9D7
:10893000A8D9AF423FF47EAFA4E7394630460F9A3C
:108940000E9B98470028E1D19CE70027D3E700223F
:10895000036803B970478B420FD10B683AB942687C
:108960000360914200D1436000230B6070471360A5
:108970004368994208BF4260F6E71A461B68E8E779
:10898000D0E8EF3F43F00802C0E8E12F0029F7D11B
:10899000C3F3C00070472DE9F041064690461F46DC
:1089A0000D46B9B104220121F4F794FF044618B929
:1089B000BDE8F041F4F7D0BE04210C30FEF7ECFF27
:1089C0000570A0F80180C77021463046BDE8F0412F
:1089D000FFF750BEBDE8F08137B50C46054601F102
:1089E0000C00FFF719F8228A03460192E26812216F
:1089F000009228461322F4F7C3FF03B030BD37B509
:108A00000C46054601F10C00FFF706F8228A0346E2
:108A10000192E2682846009200221146F4F7B0FF66
:108A200003B030BD00232DE9F34117681446D7F891
:108A300004800146137306469522404600F090FBE1
:108A40000546207330B93146404600F038FC28B95D
:108A500008232373002002B0BDE8F081CDE9005562
:108A600031463846A388A268FFF7CAFE002807DA15
:108A700010F1FF0F32BF0E204042C0B22073E9E771
:108A80000120E8E700232DE9F34117681446D7F8E1
:108A900004800146137306469522404600F060FBB1
:108AA0000546207330B93146404600F008FC28B92D
:108AB00008232373002002B0BDE8F081A068798DFF
:108AC0007A8B038A914294BFC3EB0103C3EB020389
:108AD000012BEFDD02210C30FEF75EFFCDE90055E2
:108AE0008046A38831463846A268FFF789FE031EF8
:108AF00006DA13F1FF0F2ABF5B420E23DBB2D8E781
:108B00000120A8F80030D6E707B5CA680C21138801
:108B1000528800920D22F5F751FA03B05DF804FB7C
:108B200007B50022CB680A211B8800920B22F5F7BB
:108B300045FA03B05DF804FBF8B5CB6805461F881D
:108B4000BBB2162B19D90321F5F7F4F80646B0B1DC
:108B500002210C30FEF720FF00246FF0080331469D
:108B6000037044702846FFF785FDF72328466B8382
:108B70006F85FFF7E9FD2046F8BD0420FCE70E20D5
:108B8000FAE7F8B5054650F8044C071F00F150030A
:108B9000D3E8EF1F21F00401C3E8E21F002AF7D158
:108BA000FCB16B6D83B9636873B1201DFFF7CBFC1B
:108BB000064601463846FFF7EAFC90B16368336029
:108BC000A368666003B9A660384605F15801FFF74F
:108BD000FEFD30B1384604F10C01BDE8F840FFF766
:108BE000F6BDF8BD2DE9F041446A074634B354F8A8
:108BF000A86906B1A83E002307F104081D4601E05C
:108C000034461646A26D92B905B983B94046FFF7BE
:108C10009AFC054650B101462046FFF7B8FC68B102
:108C20007B682B60BB687D6003B9BD6023462EB1B5
:108C3000D6F8A820002AE3D0A83AE1E7BDE8F08101
:108C400038B50546D1E8AF3FDB0716D550F8040C20
:108C500098B16B6D8BB90430FFF775FC044660B1B9
:108C60000146281FFFF793FC38B155F8043C5A68B9
:108C700022609A685C6002B99C6038BDF6F74AB819
:108C800008B5F5F793FB08B3426A02B3136803B162
:108C9000A83B32F88E0C32F87E2C904228BF10464A
:108CA00043B913E0934228BF1346984238BF184691
:108CB000A1F1A803D3F8A8105A8B5B8D0029F1D13C
:108CC0009A4228BF1A46904238BF104608BD104647
:108CD000FCE70A8A0023C968F5F7CCBC70B50E46DC
:108CE000F5F764FB044628B93046F0F773FE6FF0E1
:108CF0007F0070BD00F10C052846314601F089FD6A
:108D0000606A38B150F8A84904B1A83C2946FFF779
:108D10005EFD20B90020ECE71C466FF00100002C3E
:108D2000F8D0D4F8A83023B90230F5D020461C463C
:108D3000ECE7A83BF8E738B505460C46FCF7ECFC39
:108D40002846F5F733FB20B9FCF7FAFC6FF07F00FB
:108D500038BD0023236083683BB9C0E90144FFF7B5
:108D600041FFFCF7EDFC0020F2E71C608460F6E7B1
:108D70000120704708B5F5F719FB78B1436A6BB16C
:108D8000A83B03F15402D2E8EF0F20F00800C2E83C
:108D9000E10F0029F7D1D3F8A830F0E708BD08B5F6
:108DA0000421FFF7C6FB20B15030D0E8AF0FC0F36D
:108DB000C00008BD10600020704710B5029CA36879
:108DC00033B1B1F5807F28BF0E21CAB22146984742
:108DD000A37DE268013BDBB2A37522B11BB920463B
:108DE000BDE81040104710BD106091800020704712
:108DF000F0B5076806463D78144689B0DDB97B8832
:108E0000B3F5245F04D010D8A3F52053032B12D858
:108E1000ADF80A10022220460DF10A01F5F774FDA3
:108E200068B16FF01502A26006E003F55643FF3308
:108E30009BB2042B1DD90125284609B0F0BD7B88C3
:108E4000022220460DF10A01ADF80A30F5F75CFD6B
:108E50000028E6D1009003AA132331467768B8476B
:108E6000021EE0DB03A92046F5F74EFD0028E2D004
:108E7000D7E7ADF80A10022220460DF10A01F5F7F6
:108E800043FD0028CDD17B880222ADF80A300DF1D8
:108E90000A01E8E7072208B502F030F8B0FA80F0DE
:108EA000400908BD034610B5D3E8EF0F40EA0102C0
:108EB000C3E8E42F002CF7D110BD0B6803608B884A
:108EC00083808B798371704770B50D46064611F823
:108ED000010BF4F715F8044610B12C89F3F7E2FB07
:108EE000A87A05F10B01F4F70BF828B16B8A9C42C4
:108EF00038BF1C46F3F7D6FBAB8AA34207D0AB6959
:108F0000AC8223B121463046BDE87040184770BDA1
:108F100038B5BDF810401546A2420CD84CB16BB123
:108F2000A21A8A42A8BF0A4694B22246591901F0F1
:108F3000D0FF204638BD6FF00600FBE76FF00D0054
:108F4000F8E730B585B0C96814461D46F5F73CFD15
:108F500000B100890223ADF80E0000932946204697
:108F6000BDF820200DF10E03FFF7D2FF05B030BD94
:108F70001FB50C461946E36810461C78BDF818204A
:108F80003CB110240133069404B0BDE81040FFF753
:108F9000BFBF5B88ADF80E30022300930DF10E03C6
:108FA000FFF7B6FF04B010BD30B51D46002385B0F5
:108FB00014468DF80C30F5F7B9FC10B1037A8DF832
:108FC0000C300123294600932046BDF8202003AB36
:108FD000FFF79EFF05B030BD2DE9F04114461D4658
:108FE000BDF81870F1F7DCFC0646EDF7FBFB80B22C
:108FF000069033463A4629462046BDE8F041FFF741
:1090000087BF30B585B014461D46FEF7B2FE022379
:10901000ADF80E00009329462046BDF820200DF142
:109020000E03FFF775FF05B030BD70B500F1700697
:1090300005463146007AFEF79EFE04463146287A00
:109040003CB1F5F7A1FC18B10023036043608360D5
:1090500070BDF5F799FC0028FAD004604460846084
:10906000F6E7022A10B508D1002300F170011A4674
:10907000007AF5F7F5FC022010BDFFF7D6FFFAE7FE
:1090800001210C30FFF70EBF38B504461546FFF737
:109090006FFE40B12046F5F749FC20B1037ADB07AB
:1090A00001D5FFF7EDFF35B9207A04F17001F5F72E
:1090B0006BFC00B1856038BD13B5044610B90020C3
:1090C00002B010BD00238DF8043042F6030300689F
:1090D00001A9ADF80630FEF7E4FC0028EFD1E36803
:1090E00098880028ECD12046F5F750FE013080B278
:1090F000E6E770B5CC681E46A37988B008468DF8BF
:109100000C301546FFF7D8FFADF80D002468237822
:109110006BB96388ADF80F300523009331462846BC
:10912000BDF8302003ABFFF7F3FE08B070BD631C41
:109130000DF10F02113453F8041BA34242F8041B33
:10914000F9D11323E9E71FB5CDE9012300231A461E
:109150000093F5F74BFE05B05DF804FBFFF790BDFB
:1091600038B54C8AD3070546C4F30E0404D514F071
:10917000950F2AD04B6843B3900704D514F4957F1C
:1091800025D08B681BB3144014F4DE7F0DD0EB7A2E
:109190002BB92846FFF74AF8D8B9052038BD14F096
:1091A000300F04D114F4C07F07D10020F6E7284621
:1091B000FFF784F80228F5D8EFE7D5F8A430002BA4
:1091C000EBD05B7CDB06E8D5EFE70220E6E7032087
:1091D000E4E70F20E2E7F8B514460F4694226168F1
:1091E0000646FFF7BDFF20BB012230466168F5F758
:1091F0000BFF08B3A2891B2130460232F5F7CAF9EA
:109200000546E0B1A1890C300231FEF7C5FB20F81C
:10921000027BA289A16801F05CFED4E90412284611
:109220000123F5F75FFB29463046BDE8F840FFF71C
:1092300055BD4FF0FF30F8BD6FF01500FBE76FF044
:109240000B00F8E72DE9F04105468846F5F76EFB7F
:109250000446E0B1037ADA0719D500F10C06D6E826
:10926000AF7F17F0010712D1B8F1000F10D0D6E888
:10927000EF3F23F00202C6E8E12F0029F7D19B0758
:10928000284608D5FFF776FD2046FFF7F9FE0127AF
:109290003846BDE8F081FFF76BFD0028F8D028467E
:1092A000FFF77DFD0028F3D0D6E8EF3F23F002035F
:1092B000C6E8E23F002AF7D12846E3E770470120DD
:1092C00070470120704707207047FEF7C8B9D0E803
:1092D000AF0F084100F00100704738B50A46034659
:1092E00009B9012038BD488A10F0240FF9D0197D42
:1092F0005D7B147CA94228BF29468C4201D90020FD
:10930000F0E7840608D4507C197AC0070BD4187A89
:10931000003818BF0120E5E70521181DFFF7D7FF2A
:109320000028F0D1EBE70029E9D00521181DFFF74F
:10933000CEFF18B9197A01390129E0D9527CD20738
:10934000CFD4E4E701238B40DB43D0E8EF2F1A4072
:10935000C0E8E12F0029F8D17047FEF789B908B5B8
:109360000621FFF7E6F818B9BDE80840F6F770BA2D
:10937000EC3808BD0720704701238B40D0E8EF2F61
:109380001A43C0E8E12F0029F8D1704708B50E2133
:10939000FFF7F2FF002008BD38B504210446F6F7B8
:1093A000CDFA054698B110210C30FEF7F5FA04F11C
:1093B000270304F1370253F8041B934240F8041BBF
:1093C000F9D120462946F6F761FA002038BD082079
:1093D000FCE770B5D0F8EC300446DB78012B19D1EE
:1093E000CD68061D10213046FFF7ACFF2B4604F177
:1093F000B70205F1100153F8040B8B4242F8040B3D
:10940000F9D107213046FFF762FF28B10921304624
:10941000FFF7B2FF002070BD0A213046FFF757FF6B
:109420000028F3D12046BDE87040F6F765BB072061
:1094300070470720704707207047012303FA01F1A6
:10944000CA4330B5D0E8EF3F03EA0204C0E8E54F75
:10945000002DF7D1194214BF0120002030BD38B5CE
:1094600004460025031DD3E8EF2FC3E8E15F002980
:10947000F9D104F5A07001F0C1FA2572D4E8EF3FEC
:10948000C4E8E25F002AF9D12046BDE83840012156
:10949000FFF772BF70B500F1700605460C46072253
:1094A0003046096801F02AFDB8B963681A682A676E
:1094B0009A88A5F874209B7985F87630D5F8A43081
:1094C0005BB1A268934208D062681168C3F80110CA
:1094D0009188A3F805109279DA7170BD2DE9F84FE3
:1094E000DDF82C80044692461F46BDF82890FFF711
:1094F00036FF054600285AD0061DB9F1000F27D1C6
:109500005AEA070324D103213046FFF7E0FED0B327
:1095100001213046FFF7DBFEA8B32C7D6B7B05F104
:1095200047019C4228BF1C462246404601F0D1FC20
:109530000F2C06D80021C4F1100208EB040001F042
:10954000D5FC30460121FFF717FF0120BDE8F88F59
:10955000D4F8A430F3B904F1700B5A462020217AD4
:10956000F7F7D0FBC4F8A40030B95A460120217A9D
:10957000F7F7C8FBC4F8A400B9F1000F0AD15AEA02
:10958000070704D006E0D4F8A430002BE3D0D4F8C9
:10959000A41071B90F213046FFF799FE20B10222C5
:1095A00006212046F3F758FC2846FFF758FF002015
:1095B000CCE74B8A9B06EDD50C7C1E312246B4E7E6
:1095C0006FF08500704770B504460820F6F7F6F88E
:1095D0000546E0B1061D08213046FFF7B3FEBCB3D7
:1095E0000721FFF7AFFE234605F1970204F12001A2
:1095F00053F8040B8B4242F8040BF9D10A21304690
:10960000FFF765FE70B109213046FFF7B5FE072070
:10961000F6F7D4F80446E8B1F6F756F90146C8B1B2
:10962000204612E010213046FFF751FE09210028A4
:10963000EAD13046FFF74BFE0028E8D02846F6F77F
:109640005BFA01460028E2D02846F6F7B1FFDEE7D4
:109650000B21F9E770BD70B50446A0F1EC0650F897
:10966000543BE83CD3F8A45001F0C8F9032120464C
:10967000FFF72DFEA0B108213046F6F709FF3DB1F6
:109680006B8A13B16B7C9B0702D5284600F029F842
:109690003046BDE870404FF4BC72002101F026BC9A
:1096A00001212046FFF713FE0028E4D10F212046B8
:1096B000FFF70DFE0028DED1E1E770B504460D4648
:1096C0001646F7F71FFB38B931462846F7F7E2FA96
:1096D00010B1438A1C43448270BD438A19434182BE
:1096E000704710B5037A04465B0701D5F1F788FF90
:1096F0002046BDE810404422002101F0F7BB531E74
:109700001944024411F8013900F8013B9042F9D1A3
:10971000704710B5431E00F11002073013F8011F07
:1097200012F8014D83421C701170F7D110BDF0B5D5
:109730000E4614461D4697B00146202205A81C9FE0
:10974000FFF7DDFF202231460DA8FFF7D8FF2146A5
:10975000102201A88DF85450FFF7D1FF3B4641225B
:1097600005A901A8F7F7D2FB044610B93846FFF760
:10977000D0FF204617B0F0BD2DE9F04316461D4638
:1097800097B00446DDE91F98102205A8219FFFF736
:10979000B6FF1022314609A8FFF7B1FF1022294673
:1097A0000DA8FFF7ACFF03221E9911A8FFF7A7FF32
:1097B000494611F8013BD9F801008DF847308B88F4
:1097C0000622129012A8ADF84C30FFF798FF4146E0
:1097D00011F8013B06228DF84E30D8F801300DF11A
:1097E0004F00CDF84F308B88ADF85330FFF787FF2F
:1097F0002146102201A8FFF782FF3B46412205A91E
:1098000001A8F7F783FB044610B93846FFF781FF3C
:10981000204617B0BDE8F0830C220369C9B201FBF2
:109820000233D86D00F00700704770B5C9B2036904
:10983000EFF31185402484F31288BFF36F8F0C2659
:1098400006FB0134E46D14F0C00408D0A24206D037
:1098500085F31188BFF36F8F4FF0FF3070BD012289
:1098600071430B44DA6585F31188BFF36F8F43684A
:109870000B445B6898470020F0E78022FFF7D5BFD4
:10988000F8B5069F0469C9B2EFF31186402585F348
:109890001288BFF36F8F0C2569430C44E56D05F00A
:1098A000070CBCF1010F0BD1E76586F31188BFF3FC
:1098B0006F8FC4E9152343685B5898470020F8BDB3
:1098C00005F0C005AF4286F31188BFF36F8F0CBF60
:1098D0006FF077004FF0FF30F1E713B5802400946C
:1098E000FFF7CEFF02B010BD10B41C240069CBB24C
:1098F00003FB0400002110BC10470220F9F7F8BF59
:10990000022000F087BB1046FBF718BA00F081BBBD
:10991000F9F7E8BF40F272607047084608B5114693
:10992000FAF760F9002818BF6FF0040008BD08B509
:1099300000F07FFB002818BF6FF0040008BD4368EB
:1099400000205B68DB680B607047436802EA010037
:109950005B6821EA02015860002099607047436803
:1099600000205B6859607047436800205B6899601D
:10997000704743685A68136821EA03000B4050603F
:1099800000209360704710B503695868F8B18842A9
:1099900019D19C680868A142586000D198600020E5
:1099A00008602AB15A680A609A68596002B99960D9
:1099B000002010E0814206D108682060986881424A
:1099C000EDD19C60EBE7044600680028F2D1002A44
:1099D000E8D16FF0150010BDFAF716BB0129036935
:1099E00007D193F8DD0010F001000CD003F1140052
:1099F000704739B993F8DD0010F0020003D003F18D
:109A00007000704700207047D0F8CC30986842232F
:109A1000C0F8083301234360C0F30830EFF7E8BB18
:109A20001FB50C460022002301A94030FBF728F89F
:109A300048B90120039B6360019BA360029B9B08C4
:109A4000238204B010BD0020FBE713460A46012123
:109A5000FDF70EBEF8B590F8D9300546012B0C463F
:109A6000D0F8CC6014D0F7F7DFFD58B904234222B8
:109A700085F8D830B368C3F8082301225A6000275C
:109A80003846F8BD95F8D93013B9EB6F9B0823829F
:109A90006368C5F8D030A368C5F8D430D5F8CC30A9
:109AA0001E693279C2F30017D206E8D5228A9B6874
:109AB0009200C3F84827228A06F108059200C3F8ED
:109AC00008272268C3F804276268C3F844270FCC2C
:109AD0000FC523682B6033796FF304133371CFE71D
:109AE0000A460121FDF7BBBDF0B5426887B0936817
:109AF0001469D3F8202122B10022C3F82021D3F821
:109B00002021D3F818217AB10022C3F81821D3F804
:109B10001821227942F0080202F012011229227162
:109B200004BF42F020022271D3F804217AB100224E
:109B3000C3F80421D3F80421227942F0040202F090
:109B400011011129227104BF42F020022271D3F8C1
:109B5000082112B9D3F80C21CAB10021C3F80811A9
:109B6000D3F80821C3F80C11D3F80C210C2220469D
:109B7000C3F80823C3F8001550F81C3B984720464B
:109B8000022150F8083B07B0BDE8F04018472379A0
:109B900003F00F020F2A07D0D80701D4190703D406
:109BA0009A072AD45B0728D5237923F00C0313F0F6
:109BB000200C237108D023F0300343F010032371ED
:109BC000012100202368DEE701AE04F11C050FCD62
:109BD0000FC62B6804F11C07336004F108060FCE92
:109BE0000FC7336801212B602379C4E902CC43F00D
:109BF0001003237101A82368984707B0F0BD91F8BE
:109C0000D43010B5012B0C46A1F1040007D1FFF7A9
:109C1000FBFE54F8040CBDE81040FDF72EBCBDE877
:109C20001040F7F7D1BD7FB54B1E012B04460D4602
:109C30001DD800F1400600220023304601A9FAF7A2
:109C40001FFF78B1022D14D104F19C0500220023DE
:109C5000284601A9FAF714FF58B90199A06F00F03E
:109C6000C9FCF3E70199E06900F0C4FCE3E70029CF
:109C7000EAD004B070BD30B543681360057A44681B
:109C800004EBC504A34202D36FF0010030BD5C7940
:109C90008C4201D00833F0E70020F7E743681B68E7
:109CA000D3F83031704743681B68D3F88004C3F899
:109CB0008004704742681368D3F84C0150B100200B
:109CC000926A12780A70C3F84C01D3F84C21012231
:109CD0009A6270474FF0FF30704713B501AA0446EF
:109CE000FFF7C9FF002805DB019B22681979186876
:109CF000F8F726FA02B010BD38B50546002201215A
:109D0000C620EFF789FAC620EFF764FA6C680121E4
:109D1000E068FFF7E2FF6B6819686369C1F82435F2
:109D2000E28BA38BA07E1343228C1343628C1343DC
:109D3000627E9BB20243207E02431343C1F86C351E
:109D400069680B68D3F8002242F48022C3F800222D
:109D50000822C3F800254A6A0121C3F83C270022E3
:109D6000C3F840271965D3F830110029FBD0C3F898
:109D700000256D680021E8682C68FFF7AEFF082316
:109D8000C4F800352A7A52B9AB6AC4F80437012303
:109D9000C4F80837C4F84C21D4F84C21A362002041
:109DA00038BD08B50220F7F71BFA002008BD08B53A
:109DB000FAF754FA08BD034670B40C46DA88006816
:109DC00019792243012405698C402B6812F0010F98
:109DD000866814BF2343A3432B60336870BC1847C5
:109DE000012303FA01F103691B68194203D022B170
:109DF00083681B6903E0002AFAD08368DB68184790
:109E00000A460121FDF72BBC10B54FF0FF304FF093
:109E1000FF31F8F71BFE044628B9E0F7D5FC0446ED
:109E200018B1F8F71BFE204610BDF8F717FE2046C4
:109E3000EFF706FFF7E738B50B8A0D463BB101F1A6
:109E40000C00FDF7E1FD012818D0022803D06FF0C7
:109E50001504204638BD4FF0FF304FF0FF31F8F7C2
:109E6000F5FD04460028F4D1E868E9F728FB04462C
:109E7000F8F7F4FDACB1F8F7F7FDEAE74FF0FF3083
:109E80004FF0FF31F8F7E2FD04460028E1D1E86821
:109E9000F8F7D2FF0446F8F7E1FD002CD9D1F8F726
:109EA000E3FD2846EFF796FD0024D2E7F8F72EBF32
:109EB00010B532220021044601F018F82023237047
:109EC0008023A3706FF03F0363710423A3722823E0
:109ED000A3730223E3730423A3756FF0080363766F
:109EE0000323A3766FF00F03E3760E23237730234B
:109EF00084F820306FF03F0384F82130792384F810
:109F000022307E2384F82330802384F826300423F3
:109F100084F82730402384F82D3010BD08B5032382
:109F2000ECF791FB002008BD00207047704708B592
:109F3000F9F7DCFA002008BD08B500F07AF848B15E
:109F4000002383F31188BFF36F8F0423184602DFC9
:109F50006FF0040008BD08B54FF0FF314FF0FF303F
:109F6000F8F774FDECF777FBBDE80840F8F776BD2D
:109F7000684620F007018D4601B5E8F715FEBDE8FB
:109F8000014085467047684620F007018D4601B5BF
:109F9000E8F7E8FABDE8014085467047684620F0DA
:109FA00007018D4601B5E8F7CFFABDE801408546C7
:109FB000704708B5ECF7DCF8002008BD0A4601211F
:109FC000FDF74DBB00B589B006AB029308230393A0
:109FD00001AB049304230791CDE9053004AA184688
:109FE00002A9F9F7CDFC0228019B09D003280AD069
:109FF00060B9181E18BF0120404209B05DF804FB8B
:10A000006FF01500F9E76FF08500F6E74FF0FF30CD
:10A01000F3E77047012802D0022803D070470020E0
:10A02000E7F7EEBA0120FBE77047E7F725B9002014
:10A030007047002070471C22002100F057BF0346E4
:10A040000020184700F069BA024610B5116891B1B6
:10A05000B1FA81F3C3F11F000123834021EA030316
:10A06000D2E8EF4F8C4204D1C2E8EC3FBCF1000FC4
:10A07000F6D1EBD110BD6FF00B00FBE710B5036814
:10A08000CB40DB0710D401238B40026843EA020176
:10A09000D0E8EF4F944204D1C0E8EC1FBCF1000FB0
:10A0A000F6D1F2D1002010BD6FF01500FBE7F7B537
:10A0B0001646DDE90847019001A81D46F9F758FE4C
:10A0C000019BB6F1000C18BF4FF0010C00EB8300B0
:10A0D0000B1E18BF0123002D43EA4C0314BF4FF0A1
:10A0E0000C0C4FF0000C002C43EA0C0314BF4FF48F
:10A0F000706C4FF0000C002F43EA0C0314BF4FF4B8
:10A10000403C4FF0000CD0F8802043EA0C0322EAD8
:10A11000030301B109780EB13678760019430DB109
:10A120002D78AD0031430CB12478240229430FB1BE
:10A130003F783F040C433C43C0F8804003B0F0BD7F
:10A140001FB50DF10F03019300238DF80F101A4670
:10A1500019460093FFF7ABFF05B05DF804FB10B59F
:10A1600004460846F9F714FE04EB4004A08AC0F345
:10A17000401010BD10B504460846F9F709FE04EB7F
:10A180004004A08AC0F3400010BD10B50446084644
:10A19000F9F7FEFD04EB4004A08A400B10BD70B53A
:10A1A000044608461646F9F7F3FD083034F8103037
:10A1B0000D46DA0509D5C3F3432304EBC302314648
:10A1C000284654F8333052689847A3682BB131467B
:10A1D0002846E268BDE87040184770BD10B50446D7
:10A1E0000846F9F7D5FD00B204EB4000838ADA0592
:10A1F0001DD5C3F3432123F4F853838204F11202E3
:10A2000004F1960032F8023F13F4807F03D0C3F3C9
:10A21000432399420BD08242F4D1002204EBC103C4
:10A220005A6004F19C00BDE81040FFF727BF10BD45
:10A23000F0B50446002001270546844695420AD120
:10A24000D4F8403133B10023C4F84031D4F8403160
:10A2500040F48030F0BDEBB29B0003F580769B08A4
:10A2600007FA03F3194208D054F806E0BEF1000FD4
:10A2700003D044F806C0A65918430135DEE738B5C7
:10A2800004460D46FFF76BFFB0B12046FFF772FFA3
:10A2900090B92046FFF779FF012322688340C2F876
:10A2A0000833236800B203EB8003D3F8102522F0B3
:10A2B0000302C3F8102538BD2846BDE83840002108
:10A2C000FFF73EBF2DE9F0431746044685B0084628
:10A2D000F9F75EFDD7F800800E460546B8F1000F8D
:10A2E0001FD02046FFF746FF18B12046FFF737FF83
:10A2F00030BB00230DF10F02CDE900338DF80E3095
:10A300008DF80F30304643460DF10E01FFF7CFFEBA
:10A310002AB204EB4202938A23F0020343F00103C2
:10A3200093827B68002B34D03146204693F800801E
:10A33000D3F80490FFF71EFF28B1B9F1000F1FD02A
:10A340006FF0150028E028B204EB4000838A23F464
:10A35000604323F020038382B9F1000F10D0B8F1DD
:10A36000030FEDD87B6821685B6893F800C001EBB0
:10A370008C01B8F1000F12D1C1F81085C1F8108519
:10A380002AB204EB4202938A23F01C0343EA8803B7
:10A390009382BB6853BB002005B0BDE8F083D1F8C1
:10A3A000102522F00302C1F81025226802EB8C036D
:10A3B000D3F8102522F4473222F47C72C3F810251A
:10A3C00041F6F072D3F8101502EA061242EA08428A
:10A3D0000A43C3F8102504EB4C03A3F8A060838A5A
:10A3E00043EA4C3343F020038382C9E73146D3E983
:10A3F00000782046FFF7F2FE002FCCD063689F4222
:10A4000006D004F19C00FFF71FFE002804DAC3E722
:10A41000A3689845F5D1002004EBC003C3E9017897
:10A420002DB204EB4505AB8AC0B243EA402343F4A6
:10A430008073AB82AFE7C0E90312704770B5044682
:10A440001546FFF78CFE48B10846F9F7A1FC04EB6E
:10A4500040040020A38A5B0B2B7070BD6FF01500C9
:10A46000FBE790F8B000003818BF01207047F9F7FB
:10A47000C7BC2DE9F34104461746FFF770FE0D46B1
:10A48000266800B32046FFF775FE8046D8B92046FF
:10A49000FFF77BFE05B2AD0005F5807246F802803D
:10A4A0002168B2582944D1F8102542F00102C1F8C0
:10A4B00010252FB10122216802FA00F3C1F80433FC
:10A4C00002B0BDE8F081D6F804332846DB035CBF58
:10A4D0004FF48033C6F80433F9F75AFC04EB400418
:10A4E000A38AC3F38203042B11D0052B11D001A83A
:10A4F0000195F9F73DFC019BC168D94001F00101CC
:10A500000231284602B0BDE8F041FFF719BE032131
:10A51000F7E70221F5E7FFF7B2BE08B1EFF782BA1D
:10A52000704710B5436904463BB90020E2684042D9
:10A53000537843F00103537010BD98470028F4D0BE
:10A540000028B8BF4042FF28A8BFFF20E36818706A
:10A55000ECE740B1C368587810F001001EBF1878CE
:10A56000B0FA80F040097047EFF31183402383F382
:10A570001288BFF36F8FFEE710B400F10C04C0E93E
:10A58000034410BCFCF781BB38B50446EFF31185DA
:10A59000402383F31288BFF36F8FFCF726FB04F18F
:10A5A0000C0000F022FB30B1294604F11400BDE894
:10A5B0003840FBF78BB885F31188BFF36F8F38BD38
:10A5C0004169826842EA010313F003030FD1C360BB
:10A5D0000369013B03FB0122002B01DA00207047D5
:10A5E000C168013B11604169C260521AF4E76FF023
:10A5F000150070472DE9F04105460F46EFF311882D
:10A60000402383F31288BFF36F8FC668FEB90468D6
:10A61000A0421CD0DCB1D4E9003213605A60637BE5
:10A62000C4E9006623F002036373A66004F1180016
:10A6300000F049FB2046C4F8C060276100F070FAC2
:10A64000414605F10800BDE8F041FBF73FB83E6028
:10A65000AB69EF60013BAB6188F31188BFF36F8F8B
:10A66000BDE8F081402408B5EFF3118384F312882C
:10A67000BFF36F8FFDF7E1F8F6E7D0E90032136022
:10A680005A600023427BC0E9003322F00202427389
:10A6900083607047C0E9022303FB021200230362B8
:10A6A00080F82C3000F12403C0E90521C0E9000046
:10A6B000C0E909330161C161704713B501240094F9
:10A6C000FAF76EF902B010BD90F90E308B4201D04E
:10A6D000FAF78ABF0020704703460020C3E9003321
:10A6E000C3E902007047D0E9003213605A600023CA
:10A6F000427BC0E9003322F002024273836070475C
:10A700002DE9F843914604460D469DF8202000F1BE
:10A710000807EFF31186402181F31288BFF36F8F92
:10A7200002B14568D4F80880474518D0B8F1000F49
:10A7300015D04046FFF7D7FF08F1180000F0C3FA24
:10A7400000234046C8F8C030C8F8109000F0E8F97F
:10A7500038463146FAF7BAFF0020BDE8F883A3B1C6
:10A760000820FBF769FC002838D00122C0F80490CB
:10A770000260016801F003015DB922680A430260CA
:10A78000626820606AB960600BE04846C9F8003032
:10A79000EFE72A68032A16D80160616869B9C4E93D
:10A7A0000000042104F1100000F06CFB0028CFD160
:10A7B00086F31188BFF36F8FCFE70A6802F00302B8
:10A7C00002430A60DFE722F003020A4302602A68BC
:10A7D00002F0030240EA02032B60E2E76FF00B0095
:10A7E000E6E710B5044630B10268930703D0446829
:10A7F00009B100F066FB204610BD0023C0E900331C
:10A8000000F10803C0E9023300F11003C0E904338A
:10A810007047012307B5009300230A461946FFF746
:10A820006FFF03B05DF804FB002307B50A460093F1
:10A830001946FFF765FF03B05DF804FB00210068CF
:10A84000FFF7CFBF5AB18A4209D300F11003C0E924
:10A850000212C0E90000C0E90433002070476FF025
:10A8600015007047012302688B4022EA030303604E
:10A8700022FA01F000F001007047704710B5032183
:10A8800004460C30FFF7EEFF30B104F1100000F089
:10A890001AFAB0FA80F0400910BD20B10022D4307D
:10A8A000114600F0D6B9704770B5C3680446C3F3CB
:10A8B00040069B0716D4856802210C30FFF7D2FFB3
:10A8C00080B1D5F8CC206AB194421DD122689EB9DE
:10A8D000D5F8D030C5F8CC209C4201D1C5F8D020A5
:10A8E00000232360E36813F01F001EBF43F0020340
:10A8F000E36040F0020070BD3260D5F8D020944291
:10A9000008BFC5F8D060EBE716461268DBE773B501
:10A910000446EFF31185402383F31288BFF36F8F52
:10A920000023A0F11006032104380193FFF79AFFDA
:10A9300028B1A369304601A90193FAF739FB85F3E1
:10A940001188BFF36F8F02B070BD38B504460D4655
:10A950001022002100F0CAFA656038BD13B50190DD
:10A960000846EFF31184402383F31288BFF36F8FFF
:10A9700001A9FAF71DFB84F31188BFF36F8F02B0B2
:10A9800010BD10B5FFF7EAFF041E08DDEFF31180DC
:10A99000402383F31288BFF36F8FFAF7A9FE204696
:10A9A00010BD70B50D46EFF31186402383F3128876
:10A9B000BFF36F8FFAF758FB044686F31188BFF395
:10A9C0006F8F38B14FF0FF324FF0FF3305F11000B9
:10A9D000FAF7EEF9204670BD08B5E822002100F034
:10A9E00085FA08BD38B530220D460021044600F036
:10A9F0007DFA4FF480736560E36038BD38B5044676
:10AA0000EFF31185402383F31288BFF36F8FFFF7B5
:10AA100035FF2046FFF748FF85F31188BFF36F8F9E
:10AA200038BDF8B504460D46EFF31186402383F395
:10AA30001288BFF36F8FC36803F01F03002B14BF8E
:10AA40000127002705D186F31188BFF36F8F3846A1
:10AA5000F8BDFFF713FF2046FFF726FF29462046E3
:10AA6000FAF788FA86F31188BFF36F8F0028EED0CB
:10AA70004FF0FF324FF0FF3305F10800FAF798F975
:10AA8000E5E7D0E9003213605A600023427BC0E959
:10AA9000003322F00202427383607047EFF30580B7
:10AAA000003818BF0120704788307047D0E9003265
:10AAB00013605A600023C0E90033704708B5FFF700
:10AAC000F5FF437B23F0020343730023836008BD3B
:10AAD00038B504460D46FAF7F5FC637B43F00203F4
:10AAE0006373E5B1A5602B689D4209D16B68C4E929
:10AAF00000531C606C6012E06A689A42F6D01B68D2
:10AB0000002BF3D094F90E2093F90E108A42F3D063
:10AB10009142F1DD5A68C4E9003214605C6038BDCE
:10AB200010B5EFF31184402383F31288BFF36F8FC6
:10AB3000FAF786FC84F31188BFF36F8F10BD08B558
:10AB4000EFF31181402282F31288BFF36F8F836885
:10AB50000BB1FFF7B3FF81F31188BFF36F8F08BD0F
:10AB600038B5EFF31184402383F31288BFF36F8F5E
:10AB7000002390F87050427B80F870302DB121B1E5
:10AB800084F31188BFF36F8F38BD12F0280FF7D10F
:10AB900083680BB1FFF792FF437B23F004034373F9
:10ABA000FAF74EFCECE701211838FFF7D9BF08B5DA
:10ABB0000346EFF31181402282F31288BFF36F8FB7
:10ABC0000068834207D008B1FFF778FF81F311884E
:10ABD000BFF36F8F08BD0020F8E710B5FFF7AFFF98
:10ABE000BDE81040183000F06EB838B5054604686E
:10ABF0000020AC4200D138BD002CFCD02046FFF72D
:10AC0000ECFF2046FFF78CFF2C680120A542F1E7FE
:10AC100070B505460E46FAF713FEB6F1FF3F08BFC2
:10AC2000B5F1FF3F0446284612D04FF47A7547F637
:10AC30001120002147F612220023C4FB0501E8F78A
:10AC4000A1FAB0F1004F71F1000128BF6FF0004090
:10AC500070BD38B5EFF31185402383F31288BFF33D
:10AC60006F8F0468A04213D0A4B1C4F8C010226151
:10AC70002046FFF723FF04F1180000F024F82046D7
:10AC8000FAF7DEFB012085F31188BFF36F8F38BD23
:10AC90000020F8E72046F6E708B50246FAF78EFFEF
:10ACA00070B1D0E904319B1A61EBE272B3F1004F4D
:10ACB00072F1000104DA002AACBF1846002008BD7A
:10ACC0006FF00040FBE7024638B5EFF311854023F3
:10ACD00083F31288BFF36F8F0368CBB1FAF76EFF6F
:10ACE00004461046FAF77CFF00224FF000438442EE
:10ACF000C0E9042306D1FAF769FFFFF7CDFF002171
:10AD0000F7F724FC002085F31188BFF36F8F38BD5F
:10AD10006FF01500F7E708B5FBF76CF808BDFBF717
:10AD200069B8B3F1FF3F08BFB2F1FF3F70B5064607
:10AD30001D46144614D01A4316D0002B08DBFBF72F
:10AD400059F8041941EB0501C6E90041304670BDD0
:10AD50006FF001031C1B4FF0FF3363EB0501F3E7BA
:10AD60004FF0FF342146EFE70024FBE7B3F1FF3F4C
:10AD700008BFB2F1FF3FF8B5074616461C4610D093
:10AD800054EA020311D0FBF735F8B0420A46A1415C
:10AD900003460AD2F31A64EB0204C7E900343846CA
:10ADA000F8BD4FF0FF331C46F7E70023FBE7002315
:10ADB000C0E9081200F11802C0E90622C0E9003318
:10ADC00003634363704710B50446FFF77CFFA8B9DF
:10ADD000636A0BB12046984704F11800FFF7E7FEBD
:10ADE00060B1FFF79DFEEFF31180402383F31288DB
:10ADF000BFF36F8FBDE81040FAF77ABC10BD2DE9A4
:10AE0000F041846805460E46D4B16378012B22D107
:10AE100014F8533C9A0711D5A4F160073846FFF7A0
:10AE2000DCFE082E0CBF6FF003030023236614F82A
:10AE3000533CDB0602D13846FFF772FE0023237035
:10AE40000020EB68A860C3F38632164366F39433A0
:10AE5000EB60BDE8F081022BF0D12378002BEDD020
:10AE600054F8048CB8F1000FE8D004F11400FFF797
:10AE70002AFF0023A4F1140739464046E362FFF796
:10AE80006DFDDBE738B5EFF31185402383F31288BE
:10AE9000BFF36F8F0468A04211D0D4E90032136071
:10AEA0005A6000232046C4E90033FFF7A8FF85F36A
:10AEB0001188BFF36F8F201E18BF012038BD0024FA
:10AEC000F5E720B1011F50F8040CFFF75DBB704798
:10AED00070470A44431E914200D1704710B511F8E3
:10AEE000014B914203F8014FF9D110BD02440346D2
:10AEF000934200D1704703F8011BF9E7013902447E
:10AF000010B5904201D1002005E0037811F8014FFF
:10AF1000A34201D0181B10BD0130F2E710B5013972
:10AF2000044632B111F8013F013A00F8013B002B11
:10AF3000F7D10021FFF7DAFF204610BD0246014499
:10AF400010B58A42134603D01C780132002CF8D188
:10AF5000181A10BDF0B5C3F13707044603F01F03FC
:10AF60001046FFB2082BE6B232D0102B3DD0650858
:10AF7000A40845EAC17544EA81748A082D1942EB98
:10AF80005102290941EA02716D1842EB1212290A95
:10AF900041EA02616D1842EB1222290C41EA02419A
:10AFA0006D1842EB1242AD1842F10002EC0844EA7F
:10AFB0004274D10804EB8402A6EB4205EDB2092DE0
:10AFC0000CD90134A5F10A0541F10001EDB212E0FE
:10AFD000E40806F0070544EA4174C908303554EA2C
:10AFE000010200F8015BBDD1F0BD240906F00F0598
:10AFF00044EA01740909092D84BFED19EDB2EDE7AA
:10B00000D1E9043293421EBF5A1C0A61187070477E
:10B0100001480068704700007C2F0120B8B7FE7F10
:10B0200001000000119A0500000000009D240600A8
:10B0300000000000E93506000000000000000000EC
:10B0400004B10600FD48060000000000214906008A
:10B05000000000000000000058B1060000000000E1
:10B0600020B10600000000003CB106000000000016
:10B0700074B10600FD34060000000000B39F060016
:10B08000000000000000000090B106000000000079
:10B09000ACB10600D512060000000000A39D06001A
:10B0A00000000000597F05000000000029980500FD
:10B0B0000000000000000000C8B10600F16F0500AC
:10B0C000000000002FA0060000000000FD4D06005B
:10B0D0000000000000000000E4B10600099B05002C
:10B0E000000000002F9F060000000000399F0600AE
:10B0F00000000000FD9D050000000000B189050072
:10B10000000000005CEC06004CC6060050BB0600C8
:10B11000D8050120AC31012011100600000000000C
:10B1200094EC060090C6060018BB0600DC05012062
:10B1300028320120E514060000000000A0EC060003
:10B14000A4C6060018BB0600DE050120343201202B
:10B15000E514060000000000ABEC0600B8C60600CF
:10B1600018BB0600E005012040320120E51406006E
:10B1700000000000B6EC0600CCC6060018BB0600B6
:10B18000E20501204C320120E51406000000000019
:10B190008CEC06000000000010BB0600DA05012060
:10B1A000000000002F9906000000000011F00600CA
:10B1B00030C706006CBB0600E6050120C83301203D
:10B1C000F99C06000000000078F206000000000074
:10B1D000C0C70600E80501200C3401203D2C060004
:10B1E00000000000F6EF0600E0C606003CBB0600CB
:10B1F000E405012058320120591606000000000025
:10B20000000000001F780600000000001F78060004
:10B21000000000001F780600000000001F780600F4
:10B22000000000001F780600000000001F780600E4
:10B23000000000001F780600000000001F780600D4
:10B24000000000001F780600000000001F780600C4
:10B25000000000001F780600000000001F780600B4
:10B26000000000001F780600000000001F780600A4
:10B27000000000001F780600000000001F78060094
:10B28000000000001F780600000000001F78060084
:10B29000000000001F780600000000001F78060074
:10B2A000000000001F780600000000001F78060064
:10B2B000000000001F780600000000001F78060054
:10B2C000000000001F780600000000001F78060044
:10B2D000000000001F780600000000001F78060034
:10B2E0000000000055350600000000001F78060031
:10B2F000000000001F780600000000001F78060014
:10B30000000000001F780600000000001F78060003
:10B31000000000001F780600000000001F780600F3
:10B32000000000001F780600000000001F780600E3
:10B33000000000001F780600000000001F780600D3
:10B34000000000001F780600000000001F780600C3
:10B35000000000001F780600000000001F780600B3
:10B36000000000001F780600000000001F780600A3
:10B37000000000001F780600000000001F78060093
:10B38000000000001F780600000000001F78060083
:10B39000000000001F780600000000001F78060073
:10B3A000000000001F780600000000001F78060063
:10B3B000000000001F780600000000001F78060053
:10B3C000000000001F780600000000001F78060043
:10B3D000000000001F780600000000001F78060033
:10B3E000000000001F780600000000001F78060023
:10B3F000000000001F780600000000001F78060013
:10B40000000000001F780600000000001F78060002
:10B41000000000001F780600000000001F780600F2
:10B42000000000001F780600000000001F780600E2
:10B43000000000001F780600000000001F780600D2
:10B44000000000001F780600000000001F780600C2
:10B45000000000001F780600000000001F780600B2
:10B46000000000001F780600000000001F780600A2
:10B47000000000001F780600000000001F78060092
:10B48000000000001F780600000000001F78060082
:10B49000000000001F780600000000001F78060072
:10B4A000000000001F780600000000001F78060062
:10B4B000000000001F780600000000001F78060052
:10B4C000000000001F780600000000001F78060042
:10B4D000000000001F780600000000001F78060032
:10B4E000000000001F780600000000001F78060022
:10B4F000000000001F780600000000001F78060012
:10B50000000000001F780600000000001F78060001
:10B51000000000001F780600000000001F780600F1
:10B52000000000001F780600000000001F780600E1
:10B53000000000001F780600000000001F780600D1
:10B54000000000001F780600000000001F780600C1
:10B55000000000001F780600000000001F780600B1
:10B56000000000001F780600000000001F780600A1
:10B57000000000001F780600000000001F78060091
:10B58000000000001F780600000000001F78060081
:10B59000000000001F780600000000001F78060071
:10B5A000000000001F780600000000001F78060061
:10B5B000000000001F780600000000001F78060051
:10B5C000000000001F780600000000001F78060041
:10B5D000000000001F780600000000001F78060031
:10B5E000000000001F780600000000001F78060021
:10B5F000000000001F780600000000001F78060011
:10B60000000000001F780600000000001F78060000
:10B61000000000001F780600000000001F780600F0
:10B62000000000001F780600000000001F780600E0
:10B63000000000001F780600000000001F780600D0
:10B64000000000001F780600000000001F780600C0
:10B65000000000001F780600000000001F780600B0
:10B66000000000001F780600000000001F780600A0
:10B67000000000001F780600000000001F78060090
:10B68000000000001F780600000000001F78060080
:10B69000000000001F780600000000001F78060070
:10B6A000000000001F780600000000001F78060060
:10B6B000000000001F780600000000001F78060050
:10B6C000000000001F780600000000001F78060040
:10B6D000000000001F780600000000001F78060030
:10B6E000000000001F780600000000001F78060020
:10B6F000000000001F780600000000001F78060010
:10B70000000000001F780600000000001F780600FF
:10B71000000000001F780600000000001F780600EF
:10B72000000000001F780600000000001F780600DF
:10B73000000000001F780600000000001F780600CF
:10B74000000000001F780600000000001F780600BF
:10B75000000000001F780600000000001F780600AF
:10B76000000000001F780600000000001F7806009F
:10B77000000000001F780600000000001F7806008F
:10B78000000000001F780600000000001F7806007F
:10B79000000000001F780600000000001F7806006F
:10B7A000000000001F780600000000001F7806005F
:10B7B000000000001F780600000000001F7806004F
:10B7C000000000001F780600000000001F7806003F
:10B7D000000000001F780600000000001F7806002F
:10B7E000000000001F780600000000001F7806001F
:10B7F000000000001F780600000000001F7806000F
:10B80000000000001F780600000000001F780600FE
:10B81000000000001F780600000000001F780600EE
:10B82000000000001F780600000000001F780600DE
:10B83000ACB106009D9C0600000000001F780600C9
:10B84000000000001F780600000000001F780600BE
:10B85000000000001F780600000000001F780600AE
:10B86000000000001F780600000000001F7806009E
:10B87000000000001F780600000000001F7806008E
:10B88000000000001F780600000000001F7806007E
:10B89000000000001F780600000000001F7806006E
:10B8A000000000001F780600000000001F7806005E
:10B8B000000000001F780600000000001F7806004E
:10B8C000000000001F780600000000001F7806003E
:10B8D000C4030120D9990600000000001F7806006B
:10B8E000000000001F780600000000001F7806001E
:10B8F000000000001F780600000000001F7806000E
:10B90000000000001F780600000000001F780600FD
:10B91000000000001F780600194506003FA0060041
:10B92000000000001F780600000000001F780600DD
:10B93000000000001F780600000000001F780600CD
:10B94000E4B10600E99A0600000000001F78060036
:10B95000000000001F780600000000001F780600AD
:10B96000000000001F780600000000001F7806009D
:10B97000000000001F780600000000001F7806008D
:10B98000000000001F780600000000001F7806007D
:10B99000000000001F780600000000001F7806006D
:10B9A000000000001F780600000000001F7806005D
:10B9B000000000001F780600000000001F7806004D
:10B9C000000000001F780600000000001F7806003D
:10B9D000000000001F780600000000001F7806002D
:10B9E000000000001F780600000000001F7806001D
:10B9F000000000001F780600000000001F7806000D
:10BA0000000000001F780600000000001F780600FC
:10BA1000000000001F780600000000001F780600EC
:10BA2000000000001F780600000000001F780600DC
:10BA3000000000001F780600000000001F780600CC
:10BA4000000000001F780600000000001F780600BC
:10BA5000000000001F780600000000001F780600AC
:10BA600010030120D9990600000000001F7806008D
:10BA70002BA006003FA00600000000001F78060073
:10BA8000000000001F780600000000001F7806007C
:10BA9000000000001F780600000000001F7806006C
:10BAA000000000001F780600000000001F7806005C
:10BAB000000000001F780600000000001F7806004C
:10BAC000000000001F780600000000001F7806003C
:10BAD000000000001F780600000000001F7806002C
:10BAE000000000001F780600000000001F7806001C
:10BAF000000000001F780600000000001F7806000C
:10BB0000000000001F780600000000001F780600FB
:10BB10001B99060000000000251306003F9906004F
:10BB20004B9906005F990600699906007399060013
:10BB30002D1506008799060000000000FD1A06007A
:10BB4000DD99060099200600CD160600DD1D0600D1
:10BB5000751006007B980600DB98060000000000C8
:10BB6000199806000000000000000000B59C0600C7
:10BB7000A5230600A79C060005000000D1D1050002
:10BB80000600000015000600040000008DE205001C
:10BB900071730500857305000000000000000000BF
:10BBA0000000000000000000000000000000000095
:10BBB00074C406000800000014C506000700000059
:10BBC00094C1060006000000E5C80600030000005E
:10BBD00052C90600030000001ADE06000300000040
:10BBE000DFE6060003000000B7D1060003000000F6
:10BBF00079E20600030000001DEC060003000000CF
:10BC0000BED1060003000000A0DF06000300000014
:10BC10006EE806000300000044DB0600030000009D
:10BC2000C1DD06000300000005EC06000300000073
:10BC30000BE406000300000052CC060003000000E5
:10BC400076D106000300000095F206000300000014
:10BC500083F2060003000000FEEB06000300000074
:10BC6000FFC90600030000007EEC06000300000090
:10BC70002AF10600030000001BCA060003000000B2
:10BC80002ACA0600030000002ECA060003000000B6
:10BC900056CB060003000000E0C8060003000000C9
:10BCA000C1F206000300000067D006000300000098
:10BCB000EBD0060003000000F3D0060003000000F4
:10BCC000A4F406000300000095F506000300000040
:10BCD0005FCB06000300000002D106000300000055
:10BCE00010CA06000300000000F006000300000078
:10BCF0001CF006000300000078C10600C402012009
:10BD000045CB060001000000040000000F00000009
:10BD10000100000008000000200000007400000086
:10BD2000840000000D0000000C0000000E00000068
:10BD30005000000088000000BC000000FFFFFFFF73
:0CBD4000FFFFFFFF09000000FFFFFFFFF6
:10BD50000000000003000000A0000000F000000050
:10BD6000000000002BDA060030DA060034DA0600A4
:10BD700038DA06003CDA060040DA060044DA06004B
:10BD800048DA06004CDA060050DA060054DA0600FB
:10BD900058DA06005CDA060060DA060064DA0600AB
:10BDA00068DA06006CDA060070DA060000A01040BF
:10BDB00000820D400004054000860D400500000093
:10BDC0000400000001000000010202030301000161
:10BDD000000001010000010001000001000100005D
:10BDE000000001000B0002000A00050009000A0023
:10BDF0000800140007001E000600320005004B007A
:10BE000004006400030096000200FA000100F4013F
:10BE10000000F401FA00960064004B0032001E009E
:10BE200014000A000500020001000C0802170D01B1
:10BE30000102090901010602091818030101090993
:10BE400003038503020123020224091004040505EB
:10BE50000B0B040B2B1B1B159A9A1C021D161305AA
:10BE600001490D150508061B1B0F01010000FEFE10
:10BE7000FEFEFEFEFEFEFEFEFEFEFEFEFEFEFEFEE2
:10BE8000FEFEFE16FEFEFEFEFEFEFEFEFEFEFE1F99
:10BE90001FFEFE26FEFEFEFEFEFEFEFEFEFEFEFE79
:10BEA000FEFEFEFEFEFE3E3EFEFEFEFE3B3BA20111
:10BEB000B003BE05EE024806A209C405F40B241225
:10BEC000700E01200200000B0100000007000000BE
:10BED0000000000000000000000000000406080A46
:10BEE0000C0E10121416181C1E20222426282A2C90
:10BEF0002E30323436383A3C3E40424446484A4C72
:10BF00004E021A5000000000280000001800000037
:10BF100000000000F02300002413000000000000D7
:10BF20004006000040060000000098086B03000077
:10BF300000000000F02300002413000000000000B7
:10BF400048A3000014A00000000040060C030000FD
:10BF50003C0001200200000BDA0E01200200000C60
:10BF60003E0F01200200000B3E0F01200100000CDB
:10BF70003C0F01200100000C000000000000010146
:10BF8000010101010101010101010202020202029B
:10BF9000030304040505060607070808090A0B0C35
:10BFA0000D0E0F101112131415161718191A1B0065
:10BFB00010010000D200000030010000D800000095
:10BFC00001000000E400000002000000EA000000A0
:10BFD00002000000EC00000003000000EE00000082
:10BFE00004000000F000000005000000F200000066
:10BFF00006000000F400000007000000F60000004A
:10C0000008000000F700000009000000F800000030
:10C010000A000000F90000000B000000FA00000018
:10C020000D000000FB0000000F000000FC000000FD
:10C0300011000000FD00000013000000FE000000E1
:10C0400015000000FF0000001800000000000000C4
:10C050001B000000010000001F00000002000000A3
:10C06000230000000300000028000000040000007E
:10C070002D00000005000000330000000600000055
:10C0800039000000070000003F0000000800000029
:10C0900000100200FA00000001030062746C6500E9
:10C0A0000000000000000000000000000000000090
:10C0B0000000000000000000000000000000000080
:10C0C000000000000000000000000000000100006F
:10C0D0000338FDD870470000000000000000000099
:10C0E0000338FDD87047000010020000803E0000B9
:10C0F0008406012000040000D007000007100000A3
:10C10000C405012001010000D4050120090A000036
:10C1100047C906006815012000010000757506007A
:10C120001F750600020000001D77060000000000D9
:10C1300000000000000000000000000025CB060009
:10C140002DCB0600000000000000000000000000F1
:10C1500035CB060039CB06003DCB060041CB0600AF
:10C1600068C10600442F012081890500642F012049
:10C170001E1D052001000000DB770600D1770600B8
:10C180009F7706009377060000000000877706007F
:10C190000000000030C80600718F0600000000009B
:10C1A00041CC0600000001002CC80600F3900600F8
:10C1B00000000000F8020120000001001FCC060072
:10C1C000000000000000000000000000000001006E
:10C1D00028C80600438F060075EB0500D402012035
:10C1E0000000030024C80600F390060000000000D1
:10C1F000CC02012000000100FDCB06000000000081
:10C20000E989050000000000000003000000012093
:10C2100000000000060001000200000020C206002D
:10C2200000000000D7D0060006000000E0CF1F008D
:10C2300000000120DFD006002100000020FE0720C2
:10C2400000030120B598050000000000CD7806002D
:10C2500044C2060060C206000001000000000000A9
:10C26000E86E052044C2060074C206002E000000DD
:10C2700000000000387C052044C2060088C2060089
:10C2800002010000000000000C7D052074DA0600A9
:10C2900092DA0600ADDA0600BDDA0600CADA060058
:10C2A000D3DA0600DADA0600E1DA0600E8DA060098
:10C2B000F0DA0600CADA0600F8DA06000ADB060041
:10C2C0001FDB060032DB06000E030000CDB00500C8
:10C2D0000F04000099B005001A010000919C0500B0
:10C2E00005040000A99C0500130100000D9F050036
:10C2F0003E0100007DA1050001120000D57C060072
:10C300000A1E0000037D0600FF010000F1A20500E7
:10C310003E010000D1A2050005040000F59C0500C7
:10C32000080400004DA7050030030000C5A6050065
:10C33000100100009D9D050001120000ADAD05003B
:10C340000A1E0000C17D06000309000081A405004B
:10C35000040B0000B99E0500060A0000D5AF0500D9
:10C36000070A00006D9D05000C050000399D0500C1
:10C37000050C000011AF050044C2060088C306008A
:10C380004700000000000000287E0520F8E10600BC
:10C3900005E2060025E2060019E2060030E206008A
:10C3A00047E2060057E20600C8E506006BE2060019
:10C3B00044C20600C0C306000000000000000000E8
:10C3C000487F052044C20600D4C3060000010000D7
:10C3D00000000000707F052067830600B983060017
:10C3E000000000000000000000000000C9D40500AB
:10C3F000000000000000000000000000000000003D
:10C4000002020100398B06000404010021E205004C
:10C410000606010061E10500080401004DE0050089
:10C420000A020100218B06000C040100098B0600A2
:10C430000E04010021DF05002004010085DE050057
:10C440001004010095DD050012020100D9890600E3
:10C450001E000400D38C060052020000FF89060073
:10C4600044C2060070C40600020100000000000083
:10C470001084052060C80600718F060000000000CF
:10C480005CC806000000010058C80600F3900600D2
:10C4900000000000300501200000010050C8060027
:10C4A000000000000000000000000000000000008C
:10C4B0004CC80600438F060075EB050038050120C7
:10C4C0000000030048C80600F390060000000000CA
:10C4D000280501200000010040C80600A98F0600C1
:10C4E00031EC050000000000000003003CC806001D
:10C4F000F39006000000000020050120000001006C
:10C5000034C806006DEF05000000000000000000C8
:10C51000000001008CC80600718F060000000000BA
:10C5200088C806000000010084C80600F3900600D9
:10C53000000000006C050120000001007CC806001E
:10C54000D98F06000000000000000000000001007C
:10C5500078C80600F3900600000000006405012082
:10C560000000010070C806000390060000000000F3
:10C5700000000000000001006CC80600F3900600F7
:10C58000000000005C0501200000010064C80600F6
:10C5900011EA05000000000000000000000001009A
:10C5A000A1FF050057960600C9090600000000001B
:10C5B00000000000B10606000000000000000000BE
:10C5C000000000000000000000000000000000006B
:10C5D0001901060006000000339406000600000062
:10C5E00009FD0500100000007DF9050010000000A5
:10C5F0006909060001000000C79206001000000053
:10C600002F9406000A00000035000600100000000C
:10C610009507060007000000379406001000000090
:10C620007593060001000000DDFE050040000000DB
:10C63000D3930600100000008D9306000100000057
:10C64000CD0F06009D0F060000000000311106000E
:10C65000B110060069EC0600119906000D9906005C
:10C660006FEC0600FB9806000199060075EC0600C9
:10C6700020B1060058B1060074B106003CB10600B6
:10C6800000A0104000820D400004054000860D40CF
:10C69000FF03000000A01040100301200000000074
:10C6A00000000000FF1F000000860D40C4030120B1
:10C6B0000000000003000000FFFFFFFF00820D40AC
:10C6C000C40301200000000001000000FF0700007B
:10C6D000000405400000000000000000020000000F
:10C6E000FD18060000C7060000800E400000000094
:10C6F00098330120000000000048E801000000001D
:10C7000000800E400CC706000100000014C70600A0
:10C710000300000037000047360000492D00004BA1
:10C7200000A0104000820D400004054000860D402E
:10C7300000600C4000000000000000005CC7060024
:10C7400000C201000000D60100000000000000400F
:10C7500000000000651E0520641E052000600C40DE
:10C7600068C706000100000070C706000400000052
:10C7700030000000320000023106000133060003E1
:10C7800058B106001600000058B10600190000005C
:10C7900058B106001B00000058B106001C00000044
:10C7A00058B106001A00110058B106000900110026
:10C7B00058B106000800110020B106000500110064
:10C7C000292B0600099E0600379E060000A0104097
:10C7D00000820D400004054000860D400800000066
:10C7E0000A000000040000000100000046F50600F9
:10C7F00054F5060068F5060077F5060083F5060097
:10C8000024B0060034B006009CB00600A4B00600B8
:10C81000FCB0060004B1060098F506000001000017
:10C820000000000000000328000002290000032887
:10C830000000002800002A2B00002A2B00000328FB
:10C840000000292B0000292B0000032800000229EA
:10C850000000052A0000052A000003280000011836
:10C86000000000280000042A0000042A0000032819
:10C870000000012A0000012A000003280000002A0D
:10C880000000002A00000328000000180000002813
:10C890005265636F7264696E67206E6F7420737483
:10C8A00061727465643A20256400426C7565746F2A
:10C8B0006F74682073656E64206661696C65643AA4
:10C8C00020256400426C7565746F6F746820747203
:10C8D000616E7366657220636F6D706C6574650060
:10C8E0006D61696E006265616D666F726D00424CCC
:10C8F000452073656E643A2073616D706C65733D9D
:10C9000025752C204D54553D257500424C4520730E
:10C91000656E643A2073616D706C65733D25752C8E
:10C92000204D54553D25752C2073616D706C6573D9
:10C930002F7061636B65743D25752C207061636B8E
:10C940006574733D2575004265616D666F726D6536
:10C950007200626C7565746F6F74680028756E7311
:10C9600069676E6564292063686172202A20757387
:10C97000656420666F722025257020617267756D71
:10C98000656E742E2049742773207265636F6D6D18
:10C99000656E64656420746F2063617374206974CC
:10C9A00020746F20766F6964202A20626563617548
:10C9B0007365206974206D617920636175736520EA
:10C9C0006D69736265686176696F7220696E206354
:10C9D00065727461696E20636F6E666967757261F6
:10C9E00074696F6E732E20537472696E673A2225D4
:10C9F000732220617267756D656E743A25640063F9
:10CA0000627072696E74665F7061636B6167650006
:10CA10007379735F6765746F70740066735F6E76A9
:10CA200073006C6F6767696E67006C6F67006C6F8F
:10CA3000675F6D676D74004D65737361676520286E
:10CA400022257322292064726F70706564206265EC
:10CA500063617573652069742065786365656473C7
:10CA60002073697A65206C696D69746174696F6E91
:10CA70002028257529004D657373616765206472F0
:10CA80006F70706564206265636175736520697499
:10CA900020657863656564732073697A65206C69C5
:10CAA0006D69746174696F6E2028257529000D0AFF
:10CAB000001B5B306D00257320005B2530386C75E2
:10CAC0005D20005B253032753A253032753A2530CD
:10CAD00032752E253033752C253033755D200025B9
:10CAE000732F003C25733E200025733A200025302B
:10CAF00032782000202020007C00256300206D6516
:10CB00007373616765732064726F70706564202D44
:10CB10002D2D0D0A1B5B306D001B5B313B33316DDE
:10CB20002D2D2D20001B5B313B33316D001B5B3104
:10CB30003B33336D006572720077726E00696E660A
:10CB400000646267006C6F675F6261636B656E644F
:10CB50005F75617274006C6F675F756172740073EA
:10CB6000657474696E6773002A2A2A20426F6F7495
:10CB7000696E67204D79204170706C6963617469DA
:10CB80006F6E2076332E332E312D34633935663770
:10CB9000303732343238202A2A2A0A002A2A2A2018
:10CBA0005573696E67206E524620436F6E6E6563E3
:10CBB000742053444B2076332E332E312D3164377D
:10CBC000613062306534396238202A2A2A0A002A04
:10CBD0002A2A205573696E67205A65706879722019
:10CBE0004F532076342E332E39392D333765366343
:10CBF00032383537366565202A2A2A0A00029ECA4D
:10CC0000DC240EE5A9E093F3A3B50200406E029E7A
:10CC1000CADC240EE5A9E093F3A3B50200406E023E
:10CC20009ECADC240EE5A9E093F3A3B50300406E91
:10CC3000029ECADC240EE5A9E093F3A3B5030040ED
:10CC40006E029ECADC240EE5A9E093F3A3B50100B1
:10CC5000406E62745F6E75730072302F61313A20DE
:10CC600020307825303878202072312F61323A20F8
:10CC700020307825303878202072322F61333A20E6
:10CC8000203078253038780072332F61343A2020F4
:10CC9000307825303878207231322F69703A202070
:10CCA000307825303878207231342F6C723A202059
:10CCB0003078253038780020787073723A20203030
:10CCC0007825303878004661756C74696E67206924
:10CCD0006E737472756374696F6E206164647265DB
:10CCE000737320287231352F7063293A20307825EC
:10CCF00030387800556E68616E646C656420495206
:10CD0000516E3A202564002A2A2A2A2A204D50559D
:10CD1000204641554C54202A2A2A2A2A00202053F2
:10CD20007461636B696E67206572726F722028632D
:10CD30006F6E746578742061726561206D696768D3
:10CD400074206265206E6F742076616C69642900BE
:10CD50002020556E737461636B696E672065727213
:10CD60006F720020204461746120416363657373B6
:10CD70002056696F6C6174696F6E0020204D4D46BE
:10CD8000415220416464726573733A20307825788B
:10CD9000002020496E737472756374696F6E204150
:10CDA00063636573732056696F6C6174696F6E009D
:10CDB0002020466C6F6174696E672D706F696E74A8
:10CDC000206C617A79207374617465207072657368
:10CDD0006572766174696F6E206572726F72002A77
:10CDE0002A2A2A2A205553414745204641554C546A
:10CDF000202A2A2A2A2A0020204469766973696F2A
:10CE00006E206279207A65726F002020556E616C09
:10CE100069676E6564206D656D6F7279206163630B
:10CE2000657373002020537461636B206F766572A5
:10CE3000666C6F772028636F6E74657874206172FA
:10CE40006561206E6F742076616C69642900202012
:10CE50004E6F20636F70726F636573736F722069BA
:10CE60006E737472756374696F6E73002020496C01
:10CE70006C6567616C206C6F6164206F662045583B
:10CE8000435F52455455524E20696E746F20504393
:10CE9000002020496C6C6567616C20757365206F9C
:10CEA00066207468652045505352002020417474F8
:10CEB000656D707420746F20657865637574652086
:10CEC000756E646566696E656420696E73747275EB
:10CED0006374696F6E002A2A2A2A2A204255532039
:10CEE0004641554C54202A2A2A2A2A0020205374CD
:10CEF00061636B696E67206572726F7200202050EB
:10CF00007265636973652064617461206275732062
:10CF10006572726F72002020424641522041646463
:10CF2000726573733A2030782578002020496D703F
:10CF30007265636973652064617461206275732032
:10CF40006572726F72002020496E7374727563741B
:10CF5000696F6E20627573206572726F7200526520
:10CF600073657276656420457863657074696F6E69
:10CF700020280053707572696F757320696E74652F
:10CF8000727275707420284952512000457863658B
:10CF90007074696F6E206F63637572726564206967
:10CFA0006E20536563757265205374617465002A41
:10CFB0002A2A2A2A2048415244204641554C5420CE
:10CFC0002A2A2A2A2A002020427573206661756C5D
:10CFD00074206F6E20766563746F72207461626C6A
:10CFE0006520726561640020204465627567206574
:10CFF00076656E740020204661756C7420657363DD
:10D00000616C6174696F6E20287365652062656C60
:10D010006F772900415243485F455843455054209B
:10D020007769746820726561736F6E2025780A00D5
:10D030002A2A2A2A2A204465627567206D6F6E6944
:10D04000746F7220657863657074696F6E202A2A28
:10D050002A2A2A002A2A2A2A2A20257320256429F6
:10D06000202A2A2A2A2A006D7075004661696C659B
:10D070006420746F20616C6C6F63617465206E65F1
:10D0800077204D505520726567696F6E2025750AAF
:10D0900000506172746974696F6E2025753A20734F
:10D0A000616E69747920636865636B206661696C81
:10D0B00065642E00496E76616C696420756E6465E6
:10D0C000726C79696E6720726567696F6E20696E30
:10D0D00064657820257500464C4153485F30005305
:10D0E00052414D5F300065786974006E65745F620F
:10D0F0007566006E65745F6275665F73696D706CEE
:10D100006500736F630000FFFFFFFFFFFF0000007B
:10D1100000000000FFFFFFFFFFFF00000000000015
:10D120007075626C69630072616E646F6D0070751A
:10D13000626C69632D69640072616E646F6D2D6944
:10D140006400253032583A253032583A253032586A
:10D150003A253032583A253032583A253032582064
:10D160002825732900303132333435363738396168
:10D1700062636465660062745F727061004254208D
:10D180004C572057510002FB349B5F800000800009
:10D190001000000000000001040002000000020076
:10D1A000000000000000050000000000000000007A
:10D1B0000000000000000562745F62756600627422
:10D1C0005F646174610044617461206275666665C4
:10D1D00072206F766572666C6F7720286C696E6B53
:10D1E0002074797065203078253032782900556EAA
:10D1F00061626C6520746F206C6F6F6B207570209E
:10D20000636F6E6E20776974682068616E646C6508
:10D2100020257500556E61626C6520746F206C6FFF
:10D220006F6B757020636F6E6E20666F7220686121
:10D230006E646C6520257500486172647761726563
:10D24000206572726F722C206861726477617265FA
:10D2500020636F64653A20256400436F756C642019
:10D260006E6F74207375626D69742072785F776F6A
:10D27000726B3A2025640062745F74785F70726F1D
:10D28000636573736F7200556E61626C6520746FB5
:10D2900020616C6C6F63617465206275666665728F
:10D2A00000556E68616E646C6564206576656E74A9
:10D2B00020307825303278206C656E2025753A2034
:10D2C000257300657674206E756D5F68616E646CA1
:10D2D000657320283D25752920746F6F206C61725D
:10D2E00067652028257A75203E20257529004E6F18
:10D2F00020636F6E6E656374696F6E20666F722057
:10D3000068616E646C65202575007061636B65747F
:10D310007320636F756E74206D69736D61746368DB
:10D3200000546F6F20736D616C6C2028257520622E
:10D330007974657329206576656E742030782530A0
:10D34000327800496E76616C6964204843492065F3
:10D3500076656E742073697A6520282575290049E1
:10D360006E76616C6964204C45206D657461206542
:10D3700076656E742073697A6520282575290057B3
:10D380004553545F544F504449522F7A6570687921
:10D39000722F7375627379732F626C7565746F6F1A
:10D3A00074682F686F73742F6863695F636F726549
:10D3B0002E63006576745F666C6167732026202893
:10D3C00031554C203C3C20283029290041535345FD
:10D3D0005254494F4E204641494C205B25735D20F5
:10D3E000402025733A25640A00496E76616C6964B1
:10D3F00020627566207479706520257500496E7607
:10D40000616C6964204843492041434C207061634A
:10D410006B65742073697A6520282575290041435E
:10D420004C2064617461206C656E677468206D695E
:10D43000736D617463682028257520213D20257552
:10D440002900556E61626C6520746F2066696E6498
:10D4500020636F6E6E20666F722068616E646C650B
:10D460002025750062745F6863695F6576745F6725
:10D4700065745F666C616773286864722D3E6576BB
:10D4800074292026202831554C203C3C2028312965
:10D490002900556E6B6E6F776E2062756620747909
:10D4A000706520257500556E68616E646C6564203A
:10D4B00076656E646F722D7370656369666963204B
:10D4C0006576656E7420307825303278206C656E14
:10D4D0002025753A202573004E6F20636F6D6D61B6
:10D4E0006E642073656E7420666F7220636D6420B5
:10D4F000636F6D706C65746520307825303478000A
:10D500004F70436F64652030782530347820636F26
:10D510006D706C6574656420696E737465616420F8
:10D520006F66206578706563746564203078253097
:10D53000347800696E74657276616C206578636515
:10D54000656473207468652076616C69642072611B
:10D550006E6765202575207573006C6174656E6358
:10D5600079206578636565647320746865207661E9
:10D570006C69642072616E6765203078253034787C
:10D5800000737570765F74696D656F75742065786A
:10D590006365656473207468652076616C696420D6
:10D5A00072616E676520307825303478004E6F20C8
:10D5B00070656E64696E6720706572697068657207
:10D5C000616C20636F6E6E656374696F6E00556E7B
:10D5D0006578706563746564207374617475732015
:10D5E000307825303278202573004661696C656497
:10D5F00020746F207365742072657175697265643B
:10D60000207365637572697479206C6576656C004A
:10D610004E6F206368616E676520746F20656E636E
:10D6200072797074696F6E207374617465202865F7
:10D630006E637279707420307825303278290075E5
:10D640006E6B6E6F776E005B305D004843492074EF
:10D6500072616E73706F72743A2025730053444385
:10D66000004964656E7469747925733A20257300E6
:10D670004964656E746974795B25645D3A2025732D
:10D68000004843493A2076657273696F6E202573AE
:10D6900020283078253032782920726576697369C0
:10D6A0006F6E203078253034782C206D616E756671
:10D6B0006163747572657220307825303478004C5F
:10D6C0004D503A2076657273696F6E20257320285D
:10D6D0003078253032782920737562766572203073
:10D6E000782530347800556E61626C6520746F2047
:10D6F00073656E6420746F20647269766572202889
:10D700006572722025642900657272203D3D2030CB
:10D710000009436F6E74726F6C6C657220756E7267
:10D720006573706F6E736976652C20636F6D6D61C4
:10D730006E64206F70636F646520307825303478B4
:10D740002074696D656F75742077697468206572DF
:10D75000722025640A006F70636F6465203078253D
:10D7600030347820737461747573203078253032CA
:10D7700078202573004661696C656420746F20729F
:10D7800065616420444C45206D617820646174615A
:10D79000206C656E0074785F6F63746574732065C8
:10D7A000786365656473207468652076616C69646C
:10D7B0002072616E67652025750074785F74696DED
:10D7C000652065786365656473207468652076619B
:10D7D0006C69642072616E6765202575004E6F204C
:10D7E00070656E64696E6720636F6E6E20666F721F
:10D7F0002070656572202573004E6F6E2D4C45209C
:10D8000063617061626C6520636F6E74726F6C6CC3
:10D81000657220646574656374656421004E756D7E
:10D82000206F6620436F6E74726F6C6C6572277325
:10D830002041434C207061636B65747320213D204F
:10D8400041434C2062745F636F6E6E5F7478206337
:10D850006F6E74657874732028257520213D20250E
:10D8600075290041434C2042522F45445220627595
:10D870006666657273206E6F7420696E6974696183
:10D880006C697A65640056656E646F72204843491E
:10D8900020657874656E73696F6E73206E6F742087
:10D8A000617661696C61626C6500485720506C61FB
:10D8B00074666F726D3A20257320283078253034D5
:10D8C00078290048572056617269616E743A2025A4
:10D8D00073202830782530347829004669726D77B6
:10D8E0006172653A202573202830782530327829F6
:10D8F0002056657273696F6E2025752E257520423E
:10D9000075696C64202575004661696C65642074D6
:10D910006F207265616420737570706F72746564D6
:10D920002076656E646F7220636F6D6D616E6473D7
:10D93000004661696C656420746F207265616420C3
:10D94000737570706F727465642076656E646F7243
:10D95000206665617475726573004843492064727E
:10D9600069766572206973206E6F742072656164D8
:10D9700079004254205258205751004843492064AE
:10D980007269766572206F70656E206661696C657C
:10D99000642028256429004F7574206F6620636F0A
:10D9A0006D6D616E64206275666665727300556E9A
:10D9B000657870656374656420484F53545F4E55B5
:10D9C0004D5F434F4D504C455445445F5041434B90
:10D9D0004554532C2073746174757320307825304E
:10D9E000327820257300556E636C65617265642022
:10D9F00070656E64696E672073656E745F636D64D5
:10DA000000000909090901020909090909090909A7
:10DA1000090909070909090909060909090909097B
:10DA20000909090909090909090905312E306200A6
:10DA3000312E3100312E3200322E3000322E3100A4
:10DA4000332E3000342E3000342E3100342E32008C
:10DA5000352E3000352E3100352E3200352E330074
:10DA6000352E3400362E3000362E3100362E320060
:10DA7000362E33005374616E6461726420426C759B
:10DA800065746F6F746820636F6E74726F6C6C6511
:10DA9000720056656E646F722073706563696669A3
:10DAA0006320636F6E74726F6C6C6572004669728E
:10DAB0006D77617265206C6F616465720052657389
:10DAC00063756520696D616765007265736572765F
:10DAD0006564006E5246353178006E5246353278B4
:10DAE000006E5246353378006E5246353448780021
:10DAF0006E524635344C7800496E74656C20436F25
:10DB000072706F726174696F6E004E6F72646963D8
:10DB10002053656D69636F6E647563746F72004E38
:10DB200058502053656D69636F6E647563746F72CE
:10DB300073004573707265737369662053797374EB
:10DB4000656D730062745F6863695F636F7265001F
:10DB5000636D6420646973616C6C6F776564004603
:10DB600061696C656420746F2064697361626C65BF
:10DB70002061646472657373207265736F6C757471
:10DB8000696F6E005265736F6C76696E67206C69A1
:10DB900073742073697A652065786365656465646C
:10DBA0002E20537769746368696E6720746F2068EC
:10DBB0006F73742E004661696C656420746F206316
:10DBC0006C656172207265736F6C7574696F6E201D
:10DBD0006C697374004661696C656420746F2061C0
:10DBE00064642049524B20746F20636F6E74726FAF
:10DBF0006C6C65720053657420707269766163792C
:10DC0000206D6F646520636F6D6D616E6420697354
:10DC1000206E6F7420737570706F72746564004647
:10DC200061696C656420746F20736574207072691B
:10DC300076616379206D6F64650044697361626C1D
:10DC4000696E672061646472657373207265736FB7
:10DC50006C7574696F6E206661696C6564202865F7
:10DC6000727220256429004661696C656420746FB6
:10DC70002072656D6F76652049524B2066726F6D1C
:10DC800020636F6E74726F6C6C6572004F6E6C798E
:10DC90002072616E646F6D207374617469632069B2
:10DCA00064656E746974792061646472657373204D
:10DCB000737570706F7274656400496E76616C691B
:10DCC0006420696E70757420706172616D65746531
:10DCD0007273004661696C656420746F20726561BF
:10DCE00064207075626C696320616464726573732B
:10DCF00000526561642053746174696320416464F7
:10DD000072657373657320636F6D6D616E64206EF1
:10DD10006F7420617661696C61626C65004661694F
:10DD20006C656420746F2072656164207374617423
:10DD3000696320616464726573736573004E6F205C
:10DD4000737461746963206164647265737365736D
:10DD50002073746F72656420696E20636F6E7472D5
:10DD60006F6C6C65720043616E277420736574205C
:10DD7000626F7468204944454E5449545920262006
:10DD80004E52504100556E61626C6520746F207375
:10DD90006574206964656E74697479206164647265
:10DDA00065737300556E61626C6520746F207365D6
:10DDB000742072616E646F6D206164647265737348
:10DDC0000062745F696400546F6F2062696720614C
:10DDD00064766572746973696E672064617461004A
:10DDE0004661696C656420746F207374617274207D
:10DDF00061647665727469736572004661696C6509
:10DE00006420746F2073746F70206164766572741F
:10DE10006973696E673A2025640062745F61647695
:10DE2000004661696C656420746F2067656E657279
:10DE300061746520454343206B6579202564004665
:10DE400061696C656420746F206578706F727420EE
:10DE5000454343207075626C6963206B65792025AA
:10DE600064004661696C656420746F206578706F2A
:10DE70007274204543432070726976617465206B2B
:10DE80006579202564004661696C656420746F20A3
:10DE900064657374726F7920454343206B65792004
:10DEA0004944202564004661696C656420746F20D4
:10DEB000696D706F72742074686520707269766124
:10DEC0007465206B657920666F72206B65792061BF
:10DED000677265656D656E742025640052617720F8
:10DEE0006B65792061677265656D656E742066612A
:10DEF000696C6564202564004661696C6564207402
:10DF00006F2064657374726F7920746865206B6527
:10DF100079202564007073615F696D706F72745F42
:10DF20006B657928292072657475726E656420733B
:10DF3000746174757320256400427573792070656F
:10DF400072666F726D696E6720616E6F746865725C
:10DF50002045434448206F7065726174696F6E009C
:10DF6000E69D350E480103CCDBFDF4AC1191F4EFD6
:10DF7000B9A5F9E9A7832C5E2CBE97F2D203B02095
:10DF80008BD28915D08E1C742430ED8FC2456376F8
:10DF90005C15525ABF9A32636DEB2A65499C80DC4E
:10DFA00062745F656363004661696C6564207265D5
:10DFB00061642072656D6F74652066656174757249
:10DFC0006573202825642900504859203078253071
:10DFD0003278206E6F7420737570706F7274656420
:10DFE000004661696C656420746F207365742064F9
:10DFF000617461206C656E202825642900556E656A
:10E0000078706563746564206669727374204C323D
:10E01000434150206672616D6500556E657870658C
:10E0200063746564204C3243415020636F6E7469A1
:10E030006E756174696F6E004E6F7420656E6F75DA
:10E04000676820627566666572207370616365201B
:10E05000666F72204C3243415020646174610055F8
:10E060006E65787065637465642041434C20666C0E
:10E070006167732028307825303278290041434C7D
:10E08000206C656E206D69736D617463682028254E
:10E0900075203E202575290028756E6B6E6F776E92
:10E0A00029006E6F207472616E736974696F6E20DF
:10E0B000257300496E76616C6964202825752920D6
:10E0C0006F6C6420737461746500636F6E6E2025DD
:10E0D00070206661696C656420746F20657374617B
:10E0E000626C6973682E205246206E6F6973653FBB
:10E0F000006E6F2076616C69642028257529207375
:10E1000074617465207761732073657400696E6350
:10E110006F6D70617469626C652068616E646C65B6
:10E120002025750054696D656F757420646973638B
:10E1300061726465642E204E6F20626C6F636B6940
:10E140006E6720696E2073797377712E0046617453
:10E15000616C206572726F7220282564292E20441C
:10E160006973636F6E6E656374696E6720257000F6
:10E17000466F756E642076616C696420636F6E6EA5
:10E18000656374696F6E202825702920776974682B
:10E19000206164647265737320257320696E202585
:10E1A00073207374617465200053656E64204C4560
:10E1B00020706172616D20757064617465206661A4
:10E1C000696C656420286572722025642900536596
:10E1D0006E64206175746F204C4520706172616DB2
:10E1E00020757064617465206661696C65642028BF
:10E1F0006572722025642900646973636F6E6E65B1
:10E200006374656400646973636F6E6E6563742D17
:10E21000636F6D706C657465007363616E2D62650C
:10E22000666F72652D696E6974696174696E6700E5
:10E23000696E6974696174696E672D66696C74656D
:10E24000722D6C697374006164762D636F6E6E65F8
:10E25000637461626C65006164762D6469722D631C
:10E260006F6E6E65637461626C6500646973636F81
:10E270006E6E656374696E670062745F636F6E6E65
:10E2800000556E61626C6520746F20616C6C6F6309
:10E290006174652062756666657220666F72206FB4
:10E2A0007020307825303278004E6F2061766169B9
:10E2B0006C61626C65204C3243415020636F6E7418
:10E2C00065787420666F7220636F6E6E2025700013
:10E2D000457870656374696E6720757020746F206F
:10E2E000256420726566732C20676F742025640096
:10E2F000616C726561647920686176652076696514
:10E3000077206F6E202570004C32434150206C65A1
:10E310006E677468206D69736D6174636820282569
:10E320007520213D2025752900496E76616C696450
:10E33000206964656E742076616C756520696E2055
:10E340004C324341502050445500496E76616C690F
:10E3500064204C4520636F6E6E20706172616D2089
:10E360007273702073697A652028257520213D20FD
:10E37000257A75290052656A656374696E67207530
:10E380006E6B6E6F776E204C324341502050445577
:10E3900020636F64652030782530327800546F6FC9
:10E3A00020736D616C6C204C32434150207369675F
:10E3B0006E616C696E672050445500546F6F207316
:10E3C0006D616C6C204C324341502050445520729A
:10E3D000656365697665640049676E6F72696E672B
:10E3E000206461746120666F7220756E6B6E6F774A
:10E3F0006E206368616E6E656C204944203078251C
:10E4000030347800636F6E6669670062745F6C32E7
:10E4100063617000415454206368616E6E656C20C6
:10E420006E6F7420636F6E6E656374656400457211
:10E43000726F72207369676E696E672064617461C0
:10E440000052616E206F7574206F662054582062F0
:10E45000756666657273206F7220636F6E7465787F
:10E4600074732E004661696C656420746F20737547
:10E47000626D6974206174745F74785F646573742D
:10E48000726F795F776F726B3A20256400556E6109
:10E49000626C6520746F20637265617465206572BB
:10E4A00072207273702050445500415454204D54D2
:10E4B000552065786365656465642C206D617820FE
:10E4C00025752C2077616E74656420257A7500555A
:10E4D0006E61626C6520746F206372656174652083
:10E4E0007273702050445500546F6F20736D616CCF
:10E4F0006C20415454205044552072656365697600
:10E50000656400556E68616E646C656420415454A6
:10E5100020636F64652030782530327800496E764C
:10E52000616C6964206C656E20257520666F7220B1
:10E53000636F64652030782530327800556E6162F3
:10E540006C6520746F206372656174652055554950
:10E55000443A2073697A6520257500556E61626CB6
:10E560006520746F20637265617465205555494458
:10E570003A2073697A65202564004E6F20617661C8
:10E58000696C61626C652041545420636F6E7465E0
:10E59000787420666F7220636F6E6E202570004E57
:10E5A0006F20617661696C61626C65204154542012
:10E5B0006368616E6E656C20666F7220636F6E6E4D
:10E5C000202570004E6F7420636F6E6E65637465F6
:10E5D0006400556E61626C6520746F2066696E64BC
:10E5E00020415454206368616E6E656C00476F74FF
:10E5F000206572722025642C206E6F742063616C1C
:10E600006C696E6720415454206362004661696CF6
:10E61000656420746F2072652D7375626D69742056
:10E6200025733A202564004E6F20415454206368BE
:10E63000616E6E656C20666F72204D545520257A90
:10E6400075004E6F2070656E64696E67204154548A
:10E65000207265717565737400556E61626C65201A
:10E66000746F2063726561746520726574727920BD
:10E67000504455202825752900446973636F6E6ED8
:10E68000656374696E67206661696C6564202865DE
:10E69000727220256429004154542054696D656FBD
:10E6A000757420666F7220646576696365202573D2
:10E6B0002E20446973636F6E6E656374696E672E96
:10E6C0002E2E006174745F74785F64657374726F6A
:10E6D000795F776F726B5F68616E646C6572006200
:10E6E000745F61747400434D4143207570646174BC
:10E6F00065206661696C656420256400756E6162E1
:10E700006C6520746F20736176652053433A206EE8
:10E710006F20636667206C656674004E6F207370AF
:10E7200061636520746F2073746F72652043434387
:10E7300020636667004E6F20737061636520746F9D
:10E740002073746F726520436C69656E7420537515
:10E7500070706F727465642046656174757265735C
:10E7600000556E61626C6520746F20696D706F7208
:10E770007420746865206B657920666F722041454E
:10E780005320434D414320256400434D4143206FB6
:10E790007065726174696F6E20696E69742066615C
:10E7A000696C656420256400434D41432066696EB1
:10E7B000697368206661696C656420256400526530
:10E7C0006164206D6574686F64206E6F742073657A
:10E7D00074004661696C656420746F2072656164C1
:10E7E00020617474726962757465202570202865D3
:10E7F000727220257A642900496E76616C69642002
:10E8000072656164206C656E6774683A20257A646D
:10E8100000434343202570206E6F74207772697423
:10E8200061626C6500534320726573746F7265207A
:10E83000696E6469636174696F6E206661696C6595
:10E8400064004661696C656420746F207365742090
:10E85000736563757269747920666F7220626F6E7A
:10E8600064656420706565722028256429006274DF
:10E870005F6761747400556E61626C6520746F200F
:10E8800066696E6420534D50206368616E6E656CDE
:10E89000005075626C6963206B6579206E6F74201F
:10E8A000617661696C61626C65004661696C656482
:10E8B00020746F2067656E65726174652044484BF3
:10E8C00065790043616C63756C61746520636F6E7C
:10E8D0006669726D206661696C656400556E6B6E69
:10E8E0006F776E2070616972696E67206D657468FC
:10E8F0006F6420282575290043616C63756C617411
:10E9000065204C544B206661696C65640043616C02
:10E9100063756C617465206C6F63616C2044484B57
:10E92000657920636865636B206661696C65640066
:10E9300043616C63756C6174652072656D6F74659D
:10E940002044484B657920636865636B2066616984
:10E950006C65640052656D6F7465207075626C69DA
:10E9600063206B65792072656A6563746564005223
:10E97000656D6F7465206973207573696E672044D7
:10E9800065627567205075626C6963206B657900FC
:10E99000526563656976656420696E76616C696449
:10E9A000207075626C6963206B6579004E6F206121
:10E9B0007661696C61626C6520534D5020636F6EA7
:10E9C0007465787420666F7220636F6E6E20257098
:10E9D00000556E61626C6520746F20676574206BF2
:10E9E00065797320666F722025730054686520690D
:10E9F0006E2D70726F6772657373207061697269D2
:10EA00006E6720686173206265656E2064656C6561
:10EA10007465642100534D5020646F6573206E6FE0
:10EA20007420616C6C6F7720612070616972696E0F
:10EA300067206661696C757265206174207468690D
:10EA40007320706F696E742E204B6E6F776E206925
:10EA5000737375652E20446973636F6E6E6563749E
:10EA6000696E6720696E73746561642E00546F6F00
:10EA700020736D616C6C20534D50205044552072B2
:10EA80006563656976656400534D5020636F6D6DF5
:10EA9000616E642028636F64652030782530327899
:10EAA00029207265636569766564206166746572A4
:10EAB0002074696D656F757400526563656976656C
:10EAC0006420726573657276656420534D502063CF
:10EAD0006F64652030782530327800556E68616E3D
:10EAE000646C656420534D5020636F6465203078FA
:10EAF0002530327800556E657870656374656420E2
:10EB0000534D5020636F6465203078253032780093
:10EB1000496E76616C6964206964656E74697479A4
:10EB2000202573005265667573696E67206E657780
:10EB30002070616972696E672E20546865206F6C61
:10EB40006420626F6E64206D757374206265207539
:10EB50006E7061697265642066697273742E0070EC
:10EB6000616972696E67206661696C6564202870EE
:10EB700065657220726561736F6E20307825782923
:10EB8000004E6F206B65797320737061636520663A
:10EB90006F7220257300534D502054696D656F7559
:10EBA000742028666C6167733A3078253038782095
:10EBB000616C6C6F7765645F636D64733A30782560
:10EBC00030387829000005061F1F29181203080293
:10EBD0000305080A000801030401050405090607E6
:10EBE0000101060608000001000100030100030204
:10EBF0000201000200000000000203010003627431
:10EC00005F736D700062745F6B657973006C8883ED
:10EC100091AAF5A53860370BDB5A6083BE62745F3A
:10EC200063727970746F004661696C656420746FFB
:10EC300020696D706F727420414553206B65792097
:10EC40002564004661696C656420746F20636F6D94
:10EC500070757465204D414320256400636C6F63BB
:10EC60006B40313065303030006866636C6B006C2F
:10EC700066636C6B006866636C6B32346D00636C4A
:10EC80006F636B5F636F6E74726F6C007073612D76
:10EC9000726E67006770696F4031306130303000EC
:10ECA0006770696F406438363030006770696F4054
:10ECB0006438323030006770696F4035303430303E
:10ECC000004661696C656420746F20616C6C6F63D1
:10ECD000617465206E65787420525820627566668E
:10ECE00065723A202564004465766963652069731E
:10ECF000206E6F7420636F6E66696775726564005D
:10ED000043616E6E6F7420777269746520696E203E
:10ED100073746174653A20256400546869732064D3
:10ED200065766963652063616E206F6E6C7920770C
:10ED30007269746520626C6F636B732075702074E8
:10ED40006F2025752062797465730054686973209B
:10ED50006465766963652063616E206F6E6C7920EF
:10ED600077726974652066756C6C2033322D626928
:10ED70007420776F726473206772656174657220A6
:10ED80007468616E2025752062797465732E004366
:10ED9000616E6E6F74207265616371756972652052
:10EDA000717565756564206275666665720043619C
:10EDB0006E6E6F7420737570706C79206275666604
:10EDC0006572004E6F205458206275666665722029
:10EDD000617661696C61626C65004E6F20726F6F65
:10EDE0006D20696E2052582071756575650043610C
:10EDF0006E6E6F7420636F6E6669677572652069E9
:10EE00006E2073746174653A2025640054686973D8
:10EE1000206465766963652063616E206F6E6C792E
:10EE2000207472616E736D69742066756C6C20332A
:10EE3000322D62697420776F726473206772656126
:10EE4000746572207468616E20257520627974651E
:10EE5000732E00556E737570706F727465642077D1
:10EE60006F72642073697A653A20257500556E7358
:10EE70007570706F72746564206461746120666F70
:10EE8000726D61743A2030782530327800556E7397
:10EE90007570706F727465642073747265616D2033
:10EEA000666F726D61743A20307825303278005583
:10EEB0006E737570706F72746564206E756D6265C7
:10EEC00072206F66206368616E6E656C733A2025F0
:10EED0007500556E737570706F72746564206F7015
:10EEE00065726174696F6E206D6F64653A20307869
:10EEF0002530327800556E737570706F727465646A
:10EF0000206F7074696F6E733A20307825303278D4
:10EF100000545820616E64205258206368616E6E00
:10EF2000656C7320636F6E66696775726174696F73
:10EF30006E732061726520646966666572656E74C1
:10EF400000545820616E6420525820636F6E6669C9
:10EF50006775726174696F6E732061726520646990
:10EF600066666572656E7400496E76616C696420D0
:10EF7000747269676765723A202564004E6F742069
:10EF8000616C6C6F77656400496E617070726F7050
:10EF900072696174652074726967676572202825DB
:10EFA000642F2564292C206163746976652073744D
:10EFB0007265616D2873293A202564004661696C89
:10EFC000656420746F207265717565737420636C5D
:10EFD0006F636B3A2025640001000001010101000C
:10EFE000000000010100000100000000000000001E
:10EFF00001020808020274646D4065383030300048
:10F0000074646D5F6E7266000001040502060809F3
:10F010000F75617274406336303030007561727400
:10F020005F6E7266785F7561727465004750494F14
:10F030002049525120636F6E666967206661696C72
:10F0400065642C206572723A202564004661696C03
:10F0500065642064697361626C696E6720696E74AF
:10F06000657272757074730043616E6E6F74207296
:10F07000656164206770696F2070696E0043616E1E
:10F080006E6F74207772697465204C4544206770F8
:10F09000696F0043616E6E6F742064697361626CA6
:10F0A000652063616C6C6261636B730043616E6EBB
:10F0B0006F7420656E61626C652063616C6C626167
:10F0C000636B730043616E6E6F7420636F6E66696D
:10F0D00067757265204C4544206770696F00436115
:10F0E0006E6E6F7420636F6E6669677572652062FD
:10F0F0007574746F6E206770696F0043616E6E6F18
:10F10000742064697361626C652063616C6C626118
:10F11000636B7328290043616E6E6F7420616464B1
:10F120002063616C6C6261636B00646B5F62757419
:10F13000746F6E735F616E645F6C65647300536FB0
:10F14000667444657669636520436F6E74726F6C94
:10F150006C6572204153534552543A2025732C203C
:10F16000256400536F667444657669636520436F58
:10F170006E74726F6C6C6572206275696C6420725B
:10F1800065766973696F6E3A2000456E74726F70B0
:10F190007920736F75726365206465766963652095
:10F1A0006E6F74207265616479004661696C656494
:10F1B00020746F2072656769737465722072616E66
:10F1C0006420736F75726365202825642900416C83
:10F1D0006C6F6361746564206D656D6F7279207406
:10F1E0006F6F206C6F773A20257A75203C2025754B
:10F1F000004576656E742062756666657220746F70
:10F200006F20736D616C6C2E20257A75203E202551
:10F210007500556E6578706563746564206D7367FD
:10F220005F747970653A2025752E205468697320C3
:10F2300069662D656C7365206E6565647320612059
:10F240006E6577206272616E636800556E6B6E6FDB
:10F25000776E206572726F72207768656E207072AB
:10F260006F63657373696E6720686369206D65738A
:10F27000736167652025640062745F6863695F730A
:10F2800064630062745F7364635F6863695F647280
:10F29000697665720062745F7364635F637279702C
:10F2A000746F004D50534C204153534552543A20F3
:10F2B00025732C202564004D50534C20576F726BE2
:10F2C000006D70736C5F696E69740054462D4D203B
:10F2D0006E6F6E2D7365637572652063616C6C6211
:10F2E00061636B20696E697469616C697A617469C4
:10F2F0006F6E206661696C65642C206572726F7236
:10F300003A202564002A2A2A2A2A205345435552A6
:10F3100045204641554C54202A2A2A2A2A002020DA
:10F32000416464726573733A203078257800202038
:10F33000496E76616C696420656E74727920706FB5
:10F34000696E74002020496E76616C696420696E74
:10F3500074656772697479207369676E6174757218
:10F3600065002020496E76616C696420657863656C
:10F370007074696F6E2072657475726E0020204122
:10F3800074747269627574696F6E20756E69742029
:10F3900076696F6C6174696F6E002020496E7661CA
:10F3A0006C6964207472616E736974696F6E002099
:10F3B000204C617A79207374617465207072657372
:10F3C0006572766174696F6E0020204C617A7920D5
:10F3D0007374617465206572726F72002A2A2A2A1A
:10F3E0002A2053505520494E5445525255505420CE
:10F3F0002A2A2A2A2A0020205365637572697479A3
:10F400002076696F6C6174696F6E20666F7220740C
:10F41000686520666C617368206D656D6F72792018
:10F420007370616365002020536563757269747938
:10F430002076696F6C6174696F6E20666F722074DC
:10F4400068652052414D206D656D6F727920737033
:10F450006163650020205365637572697479207655
:10F46000696F6C6174696F6E206F6E206F6E6520BE
:10F470006F72207365766572616C20706572697059
:10F48000686572616C732E00556E737570706F7263
:10F49000746564204846434C4B206576656E743A2B
:10F4A000202564006E7266785F636C6F636B5F6DBE
:10F4B00070736C00000A2A35424242424242424284
:10F4C000424242420001020348616C74696E672047
:10F4D00073797374656D00556E6B6E6F776E206512
:10F4E00072726F72003E3E3E205A4550485952207B
:10F4F000464154414C204552524F522025643A20F7
:10F500002573206F6E204350552025640046617599
:10F510006C7420647572696E6720696E74657272AE
:10F520007570742068616E646C696E670A0043755B
:10F530007272656E74207468726561643A20257019
:10F540002028257329004350552065786365707421
:10F55000696F6E00556E68616E646C656420696EDB
:10F560007465727275707400537461636B206F768A
:10F570006572666C6F77004B65726E656C206F6F9D
:10F580007073004B65726E656C2070616E6963000C
:10F5900069646C65006F7300737973776F726B7158
:10F5A00000FC517AE9582C6FFB6D359F173E08C857
:10F5B000C17BE95B9500FFFFFFFF1F00647261677D
:10F5C0006F6F6E2F6C6962732F73636865642F733E
:10F5D00072632F73636865645F68616C5F74696DE3
:10F5E00065725F677274632E6300286E756C6C2998
:10F5F000002A666C6F61742A00000000FFFFFFFFA5
:10F60000FF1F00001F000000000000001D40000060
:10F6100000000000FFFFFFFF1FFF0000BAABBABAF7
:10F620001010101000000000005008400000000002
:10F63000000000000C000000010000FF7F0000003F
:10F6400000000000C543050000000000F94305006C
:10F6500000000000F1C00400000000001944050093
:10F6600000000000D743050000000000B80D0500B1
:10F67000FF000000703105000100000000000000E4
:10F68000000000000000000000000000000000007A
:10F69000000000000000000000000000000000006A
:10F6A000000000000000000000000000000000005A
:10F6B000000000000000000000000000000000004A
:10F6C000000000000000000000000000000000003A
:10F6D000000000000000000000000000000000002A
:10F6E000000000000000000000000000000000001A
:10F6F000000000000000000000000000000000000A
:10F7000000000000000000000000000000000000F9
:10F7100000000000000000000000000000000000E9
:10F7200000000000000000000000000000000000D9
:10F7300000000000000000000000000000000000C9
:10F740000000000029AE05000000000000000000DD
:10F7500000000000000000000000000000000000A9
:10F760000000000000000000000000000000000099
:10F770000000000000000000000000000000000089
:10F780000000000000000000000000000000000079
:10F790000000000000000000000000000000000069
:10F7A0000000000000000000000000000000000059
:10F7B0000000000000000000000000000000000049
:10F7C0000000000000000000000000000000000039
:10F7D0000000000000000000000000000000000029
:10F7E0000000000000000000C8B10600000000009A
:10F7F0007170050000000000000100000000000022
:10F8000000000000000000000000000000000000F8
:10F8100000000000000000000000000000000000E8
:10F820006700000000000000000000000000000071
:10F8300000000000000000000000000000000000C8
:10F8400000000000000000000000000000000000B8
:10F8500000000000000000000000000000000000A8
:10F860000000000000000000000000000000000098
:10F870000000000000000000000000000000000088
:10F880000000000000000000000000000000000078
:10F890000000000000000000000000000000000068
:10F8A0000000000000000000000000000000000058
:10F8B00000000000D9730500E76D06003F750600E3
:10F8C00060C10600000000000ECC060000000C0025
:10F8D0000000000000000000000000000000000028
:10F8E0000000000000000000D589050000000000B5
:10F8F0000000000030CC06000000100000000000F6
:10F90000C3780600000000000000000000C01040A6
:10F9100000000000000000000000000000000000E7
:10F9200000000000000000000000000000000000D7
:10F9300000000000000000000000000000000000C7
:10F9400000000000000000000000000000000000B7
:10F9500000000000000000000000000000000000A7
:10F960000000000000000000000000000000000097
:10F970000000000000000000000000000000000087
:10F980000000000000000000000000000000000077
:10F990000000000000000000000000000000000067
:10F9A0000000000000000000000000000000000057
:10F9B0000000000000000000000000000001000046
:10F9C00000A00D400000000000000000000000004A
:10F9D0000000000000000000000000000000000027
:10F9E0000000000000000000000000000000000017
:10F9F0000000000000000000000000000000000007
:10FA000000000000000000000000000000000000F6
:10FA100000000000000000000000000000000000E6
:10FA200000000000000000000000000000000000D6
:10FA300000000000000000000000000000000000C6
:10FA400000000000000000000000000000000000B6
:10FA500000000000000000000000000000000000A6
:10FA60000000000000000000000000000000000096
:10FA7000000000000000000045B10500000000008B
:10FA800000000000000000009DA105000000000033
:10FA900000000000000000003DC005000000000064
:10FAA00000000000000000000DBF05000000000085
:10FAB0000000000000000000E1C805000000000098
:10FAC000000000000000000041C40500000000002C
:10FAD00000000000D8040120D8040120000000002C
:10FAE000000000006DD705008DE70500F9E6050070
:10FAF00000000000000000000DDB0500838B060005
:10FB0000418C06004DD705000000000000000000F9
:10FB1000F9E30500000000000000000038C80600FE
:10FB20000000020044C8060000000A0054C8060095
:10FB300000002000000000000000000000000000A5
:10FB400000000000000000000000000000000000B5
:10FB5000639006000000000068C806000000020074
:10FB600074C806000000020080C806000000020001
:10FB70007405012074050120000000000000000051
:10FB80000E000000880501208805012055060600AA
:10FB9000000000005924060000000000FF000000E3
:10FBA0002D9F0600299F06000090D003FF00000053
:10FBB0000F00000071020000BC050120BC050120FF
:10FBC0009ECADC240EE5A9E093F3A3B50100406EC4
:10FBD000060101000000000000000000000000001D
:10FBE0000000000000000000000000000000000015
:10FBF0000000000000000000000000000000000005
:10FC000000000000000000000000000000000000F4
:10FC100000000000000000000000000000000000E4
:10FC2000000000000000000000000000300601207D
:10FC300030060120B8880520000000000100000007
:10FC40002C000000000000004C0601204C060120A2
:10FC5000F84405200000000001000000B000000092
:10FC6000000000006806012068060120E4880520E5
:10FC700000000000040000001C0000000000000064
:10FC80008406012084060120E85E052000000000B3
:10FC9000040000000004000000000000A006012095
:10FCA000A006012000000000000000000E0000007F
:10FCB000B4060120B406012000000000000000008E
:10FCC0000E000000C8060120C80601200000000048
:10FCD00001000000D8060120D8060120E00601201E
:10FCE000E006012000000000FFFFFFFFF0060120FA
:10FCF000F0060120000000000000000000070120C5
:10FD0000000701200807012008070120000000006B
:10FD1000000000001807012018070120200701201B
:10FD20002007012004000400100000000000000073
:10FD3000C4C306007083052000000000000000001E
:10FD400044070120440701204C0701204C070120F3
:10FD50000400040010000000E9D6050060C406009D
:10FD60001888052000000000000000007007012036
:10FD700070070120780701207807012003000300A5
:10FD8000000000000000000064C20600C47C0520E2
:10FD900000000000000000009C0701209C070120DB
:10FDA000A4070120A40701200100010010000000A9
:10FDB0004DC30500B0C30600487F052000000000C9
:10FDC00000000000C8070120C8070120D00701205B
:10FDD000D007012003000300000000000000000025
:10FDE00078C30600007F052000000000000000002E
:10FDF000F4070120F4070120FC070120FC07012083
:10FE00000C000C0004000000D59B050050C2060049
:10FE1000E87A052000000000000000002008012012
:10FE200020080120280801202808012001000100E5
:10FE3000000000000000000078C20600107E0520CF
:04FE400015E015E0D4
:00000001FF
