:10000000D8840020F1160100D5920200DD1601000F
:10001000DD160100DD160100DD160100DD16010010
:100020000000000000000000000000005D1801005A
:10003000DD16010000000000F5170100DD160100CB
:10004000191A0100191A0100191A0100191A0100E0
:10005000191A0100191A0100191A0100191A0100D0
:10006000191A0100191A0100191A0100191A0100C0
:10007000191A0100191A0100191A0100191A0100B0
:10008000191A0100191A0100191A0100191A0100A0
:10009000191A0100191A0100191A0100191A010090
:1000A000191A0100191A0100191A0100191A010080
:1000B000191A0100191A0100191A0100191A010070
:1000C000191A0100191A0100191A0100191A010060
:1000D000191A0100191A0100191A0100191A010050
:1000E000191A0100191A0100191A0100191A010040
:1000F000191A0100191A0100191A0100191A010030
:10010000191A0100191A0100191A0100191A01001F
:10011000191A0100191A0100191A0100191A01000F
:10012000191A0100191A0100191A0100191A0100FF
:10013000191A0100191A0100191A0100191A0100EF
:10014000191A0100191A0100191A0100191A0100DF
:10015000191A0100191A0100191A0100191A0100CF
:10016000191A0100191A0100191A0100191A0100BF
:10017000191A0100191A0100191A0100191A0100AF
:10018000191A0100191A0100191A0100191A01009F
:10019000191A0100191A0100191A0100191A01008F
:1001A000191A0100191A0100191A0100191A01007F
:1001B000191A0100191A0100191A0100191A01006F
:1001C000191A0100191A0100191A0100191A01005F
:1001D000191A0100191A0100191A0100191A01004F
:1001E000191A0100191A0100191A0100191A01003F
:1001F000191A0100191A0100191A0100191A01002F
:10020000191A0100191A0100191A0100191A01001E
:10021000191A0100191A0100191A0100191A01000E
:10022000191A0100191A0100191A0100191A0100FE
:10023000191A0100191A0100191A0100191A0100EE
:10024000191A0100191A0100191A0100191A0100DE
:10025000191A0100CFB90200191A0100191A010078
:10026000191A0100191A0100B9B90200191A01007E
:10027000191A0100191A0100191A0100191A0100AE
:10028000191A0100191A0100191A0100191A01009E
:10029000191A0100191A0100191A0100191A01008E
:1002A000191A0100191A0100191A0100191A01007E
:1002B000191A0100191A0100191A0100191A01006E
:1002C000191A0100191A0100191A0100191A01005E
:1002D000191A0100191A0100191A0100191A01004E
:1002E000191A0100191A0100191A0100191A01003E
:1002F000191A0100191A0100191A0100191A01002E
:10030000191A0100191A0100191A0100191A01001D
:10031000191A0100191A0100191A0100191A01000D
:10032000191A0100191A0100191A0100191A0100FD
:10033000191A0100191A0100191A0100191A0100ED
:10034000191A0100191A0100191A0100191A0100DD
:10035000191A0100191A0100191A0100191A0100CD
:10036000191A0100191A0100191A0100191A0100BD
:10037000191A0100191A0100191A0100191A0100AD
:10038000191A0100191A0100191A0100191A01009D
:10039000191A0100191A0100191A0100191A01008D
:1003A000191A0100191A0100191A0100191A01007D
:1003B000191A0100191A0100191A0100191A01006D
:1003C000191A0100191A0100191A0100191A01005D
:1003D000191A0100A3B90200191A0100191A010023
:1003E000191A0100191A0100191A0100191A01003D
:1003F000191A0100191A0100191A0100191A01002D
:10040000191A0100191A0100191A0100191A01001C
:10041000191A0100191A0100191A0100191A01000C
:10042000191A0100191A0100191A0100191A0100FC
:10043000191A0100191A0100191A0100191A0100EC
:10044000191A0100191A0100191A0100191A0100DC
:10045000191A0100191A0100191A0100191A0100CC
:10046000191A0100191A0100191A0100191A0100BC
:10047000191A0100191A0100191A0100191A0100AC
:10048000191A0100191A0100191A0100191A01009C
:10049000191A0100191A0100191A0100191A01008C
:1004A000191A0100191A0100191A0100191A01007C
:1004B000191A0100191A0100191A0100191A01006C
:0804C000191A0100191A0100CC
:1004C800064A074B02604FF422725B78828008224A
:1004D800C371002382710372704700BF61C30000BB
:1004E800480F0020064A074B02604FF49C725B7A63
:1004F80082800822C371FF2382710372704700BF94
:1005080085BE0000480F0020F8B5C41D0028054628
:1005180024F007040CBF0020204600F079FA071EDB
:1005280002DA6FF00B00F8BD254EB18870880331F0
:10053800F3790330B27989B280B209F069FB0028F7
:10054800EFDB3C4473783178002D04F1030419443F
:1005580024F0030400FB01F10CBF0020204600F04A
:10056800DBFB23180DB9002BDBDB717A184679B158
:100578000333002D728923F003040CBF00202046AA
:1005880000F03CFC0028CCDB20440DB90028C8DB77
:10059800317A91B1737A83B1C41D002D24F0070418
:1005A8000CBF0020204603F0D1F80028B9DB0DB1BC
:1005B8000020B8E72018B6D5B3E7002DF8D1B2E788
:1005C800480F00201FB572B6194BDC68ECB9BFF3B1
:1005D8004F8F1849184BCA6802F4E0621343CB6086
:1005E800BFF34F8F00BFFDE7B2FBF6F22B465D1C51
:1005F800002AF9D1DBB203F110056D4405F80C2C83
:100608000A2233B901A8A047E1E7024600230A26D7
:10061800EDE7013BDBB203F110050DEB0506B0FB7E
:10062800F2F502FB1500303006F80C0C2846E8E716
:10063800480F002000ED00E00400FA050A4B07B55A
:10064800DA886846ADF800209A885B88ADF80420FF
:10065800ADF8023001F010FD18B1FC219C20FFF725
:10066800B1FF03B05DF804FB480F002010B5044645
:1006780028B308F037FD10B94FF0FF3010BD07F070
:100688006DF8B0F5FA7FF7D80E4B00221A744FF4C4
:100698008072DC601A801B225A809A8040F2032202
:1006A800DA804FF484721A811F225A81EFF3108482
:1006B80072B600F0FFFB04B962B60020DEE76FF007
:1006C8001500DBE7480F002010B5002840D1234C67
:1006D800237C032B39D059B1002A3CD00239052993
:1006E80036D8DFE801F0031227352A2D1378637016
:1006F8000020FFF709FF0028B7BF012302236FF08E
:100708000B002374A8BF237410BD13791BB353794E
:100718000BB31188FB291ED853881B3B9BB2E02BD7
:1007280019D81A2917D913689288C4F802300C4BC3
:100738009A80DDE713786372DAE713886381D7E775
:100748001388FF2B07D82372D2E74FF0FF30DBE77F
:100758006FF02C00D8E76FF01500D5E7480F0020A0
:100768004A0F0020F8B50D46064620B319B311F01C
:10077800070420D1114F3B7C012B02D16FF00B00F5
:10078800F8BD032B02D14FF0FF30F9E700F060F815
:100798000028F8D02846FFF7B7FE0028EEDB0BF05C
:1007A80038FE3046214601F0E9FCFFF747FF0323F6
:1007B80020463B74E4E76FF01500E1E7480F00209E
:1007C80010B5064C237C032B03D101F0EDFC02F09D
:1007D8002BFA09F01FFB0020207410BD480F0020E1
:1007E80050B1074B03F1140253F8041B934240F82D
:1007F800041BF9D1002070476FF01500704700BF47
:10080800D75D030008B501F085FC03490120BDE868
:10081800084000F0F5B800BFED04000008B501F08D
:100828008DFC03490020BDE8084000F0E9B800BF8E
:10083800C904000002680020014B1A60704700BF1D
:100848005C0F0020014B1B68184700BF5C0F00209D
:10085800024B1868003818BF012070475C0F002051
:10086800074B4FF0FF3141F6FF72C3E9001205490B
:100878000022C1E900221F21C3E90212704700BF0C
:1008880020050020600F00203F280CD801380B4BB2
:10089800C0F3421200F01F0053F8223023FA00F090
:1008A80000F001007047FF2806D04038044BC0F321
:1008B800421200F01F00EFE70120704720050020DA
:1008C800600F0020074B0146006849681A4603C2BA
:1008D80040F48C2200201A6041F0107242F4FF624A
:1008E8005A607047200500200246034B0068516893
:1008F80003C30020704700BF600F00200246034B6F
:100908000068516803C30020704700BF2805002015
:100918000138064BC0F3421200F01F0003EB8203BC
:100928009B6823FA00F000F00100704720050020C2
:100938000A8870B595B2C67CC2F30E0204880236E6
:1009480002F118033444C35AA4B233442344013B8C
:10095800B3FBF4F303FB0422438892B29342044BA3
:100968008BBF2B40AB4313439BB20B8070BD00BFC2
:100978000080FFFF4A1E062A08B50346084604D829
:100988004FF4D1711520FFF71DFE094A914202D993
:1009980040F2A311F6E711B903B1196008BD2BB1F4
:1009A8001B680022C3E901211A1D1A600430F5E70B
:1009B800FAFFFF7F10B5114B00EB41041A786389E9
:1009C800B3FBF2F303FB0223013A1A44B2F5706F4A
:1009D8000279807828BF00231A440B18B2FBF0F183
:1009E80000FB11215B1AB3FBF0F100FB1133134438
:1009F8006FEA43436FEA5343638110BD680F0020D9
:100A0800024B03EB80035960704700BF680F00205A
:100A18002DE9F04F10F0070A85B0054604D040F2E2
:100A28006F111720FFF7CEFD524F044607F10C0651
:100A3800B146B04657F8043B8DF80BA03BB101A86E
:100A480098479DF80A30082B01D9F521E9E79DF868
:100A58000B1041BB05B131604F4506F10406E9D1E1
:100A6800002D6FD00022DFF810910227964689F8F2
:100A7800002058F827A0013FBAF1000F55D09AF886
:100A880004609AF802C0FF2E60D039460023481C43
:100A980038D19C44BCF1FF0F3FD90AB189F800E076
:100AA8004FF49A71BDE79DF80AC04B1D60465A0085
:100AB80004EB4303022838BF0220441E404223446B
:100AC800BDF808406444CCF1000C0340013C04EA42
:100AD8000C04B4F5803F02D340F20511A1E775B1CB
:100AE8009A1A0120326091701480D0709DF80C0021
:100AF800107101984FEA104C1081A2F806C004FB4F
:100B08000134A9E758F8210028B190F804B0B3459A
:100B180004BF80781B180139B9E7DBB2E6458AF8CB
:100B280004303CBF5FFA8CFE01227B1CA1D10AB1C4
:100B380089F800E0022640F6FF6A58F82670B7B92F
:100B4800013EFAD2601B05B0BDE8F08F0023E5E74F
:100B580007EB410309F101093846A3F80AA0FFF79A
:100B680029FF5FFA89F1BB788B42F1D8E8E74FF0AB
:100B78000009F6E76C0F0020680F002038B54FF623
:100B8800FF7302460380184B03EB81031869A8B171
:100B980084780379B3FBF4F104FB1133DBB2194613
:100BA80000EB4105B5F90A50002D0EDB0131B1FB10
:100BB800F4F504FB1511C9B28B42F1D1002038BD00
:100BC8006381BDE8384008F0FFBF00EB410463894A
:100BD800C3F30E031380C278002AF1D14FF4E571F4
:100BE8001720FFF7EFFC00BF680F00201C4B03EB3A
:100BF800810370B51C69054644B3030404D54FF45A
:100C0800EC711720FFF7DEFC0146204608F0BFFF15
:100C1800FF28014604D02046BDE8704008F0D4BF44
:100C2800A078B5FBF0F300FB1353DBB219460A1D9D
:100C380004EB4206B6F90260002E09DB0131B1FB74
:100C4800F0F200FB1211C9B28B42F0D1002070BD46
:100C58008B4201D00023E37004EB42025580DAE7AF
:100C6800680F0020094B03EB8103014610B51C698E
:100C7800204608F08CFFFF28014604D02046BDE836
:100C8800104008F0A1BF002010BD00BF680F002071
:100C9800F8B5104B074603EB810301461C69204653
:100CA80008F075FFFF28054611D0E288238953EA2A
:100CB800024606D00146204608F086FF014638461F
:100CC800B04720462946FFF775FE0020F8BD0520ED
:100CD800FCE700BF680F002038B50E4B0446827948
:100CE80003EB8203186908B9052038BD8278E179D9
:100CF8009142F9D24B1CE37100EB41035D89B3F9D2
:100D08000A30002BF3DBA58008F05EFF206000208E
:100D1800EBE700BF680F002070B5044610F0030031
:100D28000E4603D04E211820FFF74CFCFFF722FE99
:100D3800054624B1034831460460FFF71BFE2846E8
:100D480070BD00BF840F00202DE9F14FDFF870B0AF
:100D58001E4607460D46DBF8003090469DF828A051
:100D68009DF82C901BB960211820FFF72BFC5246E8
:100D78000921404608F093FD4A4684B209213046CD
:100D880008F08DFD81B2DBF80000214408F0D3FEA5
:100D9800386018B9286001B0BDE8F08F04445346A4
:100DA800414609222C60386808F03CFD4B46092270
:100DB8003146286801B0BDE8F04F08F033BD00BFE8
:100DC800840F002070B50E46044608F07BFD0546EA
:100DD800304608F077FD044B2A1821461868BDE80C
:100DE800704008F0CDBE00BF840F0020024B186889
:100DF80008B108F094BE7047840F00201F2AF8B588
:100E0800044624D89200134D033250B1830703D00F
:100E180068210920FFF7D6FB22F0030329706860D8
:100E28002B8122F0030228230127120403FB01F07F
:100E38006B680025120CEEB2B14200D8F8BD14B1AF
:100E480026181F705E60104401352833F3E74FF011
:100E5800FF30F3E7880F0020154A002170B553686A
:100E68001578C8B2854203D8BA210920FFF7AAFB32
:100E78001C461846013114F8286B0EB92346F0E7D2
:100E88000021997001241289996103F126055C708B
:100E98009208D96103F11E04596824F8022FAC4264
:100EA80043F8041F1144F8D100234361037070BD57
:100EB800880F0020124B01224FF0FF3000215A60AA
:100EC800C3F80803C3F80015C3F804255A6040F6B0
:100ED800FE72C3F808034FF48060C3F8001503F5E9
:100EE80060330849C3F80825C1F88800BFF34F8F5D
:100EF800BFF36F8FC1F88801C3F80825704700BF9A
:100F080000A0045000E100E00A460648192302F850
:100F1800033BC368C1F803300369536043699360B6
:100F2800704700BF940F0020024B5A8C02435A842A
:100F38005B6A1847940F0020014B00215B6A184731
:100F4800940F002010B5154C05F0D0F905F046FEB9
:100F5800208DFFF7F1FF237E63B12246104904F18B
:100F6800190052F80C3BE36063685360A368936010
:100F78000AF0E6F80B4B228D93E8030002F01AFC06
:100F8800236B188802F098FBA36B94F8341094F83C
:100F980035009847002384F83C3010BD940F00209A
:100FA800110F0000C00F0020034B93F83C300BB129
:100FB800FFF7C8BF704700BF940F002070B51B4CE7
:100FC8000646236D256B23644FF4817394F854000F
:100FD800A4F8443095F88B3095F8691000EB83003D
:100FE8002EB9FF2803D195F868308B4201D005F05F
:100FF80051F895F88B309BB1A06D05F031FAA16DD1
:10100800206C05F071FD16B9304605F077FA95F8B1
:101018006810002005F0BAFA022384F83C3070BD4D
:10102800206C05F01DFA05F0D9FDECE7940F0020BF
:10103800F0B590F869000B46124A87B0012801F113
:10104800780103F1880392F8542051E9026706D029
:10105800022814D040F22C410620FFF7B3FA0324EB
:1010680001200025CDE90003CDE90450CDE9022493
:101078003B463246022005F06DFC07B0F0BD042463
:10108800EEE700BF940F002008B5094B93F83C2009
:10109800022A04D040F2E6212720FFF793FADA7AF1
:1010A80042F00102DA72BDE80840FFF74BBF00BF0B
:1010B800940F0020F7B5184C0646E56D0DB1A36CEA
:1010C80023B940F2E7712720FFF77CFAB4F84C30D7
:1010D80001F003012F466B702B7823F003030B43B9
:1010E80007F8033B3846B4F84C20A16C08F052F9D5
:1010F8000DF1020201A9206E2564A76408F005FD20
:10110800019808F0F0FC0122B4F84C103060206E11
:1011180008F098FC03B0F0BD940F00202DE9F041D1
:101128002A4C06460F4694F83C30012B5FFA83F8A8
:1011380004D040F62F012720FFF744FA256B95F8D5
:101148007C303BB10021042085F87C10FFF7ECFED1
:1011580085F87D8095F88030042B0AD11C4902203F
:10116800FFF7E2FEE36E1B78991E4B424B4184F871
:10117800743095F88B3023B105F17801206BFFF7B7
:1011880057FF1EB1BDE8F041FFF7DCBE002FF9D0D4
:10119800A36F304698470028F4D094F83430002BD9
:1011A800F0D1638C9A0708D594F87430002BE9D0F5
:1011B8000020BDE8F041FFF701BF002BE2D194F811
:1011C8007C30002BF4D194F87D30EFE7940F0020A9
:1011D800001000202DE9F04F00238FB0B34C0746D4
:1011E8000791256BCDE90B3394F83C30022B04D0E2
:1011F8004FF40C612720FFF7E5F9236C5A781E7825
:10120800A4F84C20032206F003081344A4F8442051
:10121800A36495F88B30002800F0DD80C6F3C00980
:10122800C3B105F0F9FC831EDBB2012B04D8FFF72C
:1012380089FE0FB0BDE8F08F60B9B4F84C304BB1FF
:1012480095F8823003F001034B4503D1012384F85C
:101258003530ECE7B4F84C1019B1206E08F0D2FB29
:10126800014695F88120238D0132E16543F400732E
:10127800D2B2238582EA960A1AF0010A1FD006978D
:1012880095F8822002F00103994558D04FF00009E3
:1012980095F88A30002B00F0C08095F8683005F189
:1012A800F00C05F5807E012BD5E9380100F0A4800B
:1012B800022B00F0018140F22C4106209BE795F8B3
:1012C800803053B3013B85F88120DBB2042B0ED864
:1012D800774AD35C002BD2D0022B0BD10BA9D4F8C0
:1012E800840008F038FB88B940F2F76182E740F2E1
:1012F800D6617FE7032B10D101F00CF810B940F24A
:10130800017177E751460820FFF70EFED5E938321C
:10131800013342F10002C5E93832002195F87D30E9
:1013280085F8801023B1102085F87D10FFF7FCFDAB
:10133800238D43F40063238500230693A0E7B4F8C4
:101348004C30E3B108F1FF31012918D8218D41F45F
:101358008051218594F88810994206D294F8343047
:1013680043F0100384F8343090E7E16D00298DD004
:1013780094F8891019B12020FFF7DEFD86E70132C5
:10138800B8F1030F85F882201AD008F1FF32012A3C
:101398000BD8002B3FF47AAFB946D5E93A3201337E
:1013A80042F10002C5E93A3272E7002B3FF46EAF12
:1013B800D5E93A32013342F10002C5E93A3265E72C
:1013C800238D01203B4943F4805385F87C00238515
:1013D800FFF7AAFDECE70BB105F038FC94F88A306A
:1013E8004FF000090133CDF8189084F88A30238D26
:1013F80043F4806323854BE7032200234FF0010A5F
:101408000392FB220093CDE9043ACDE901E20B46B1
:1014180002466146042005F09DFAE36D002B4DD18C
:10142800B4F84C30B3FA83F35B0903EA161384F873
:101438007D30079B002B43D1628C94F88A301107CA
:1014480003D594F87420002A3AD1012B38D8A36F19
:1014580001209847A0B394F834608EBBD4F830A02C
:1014680094F854309AF88B209AF8681003EB8203AA
:10147800FF2B03D19AF869308B4202D0FF2004F089
:1014880009FE0022D4F830B08DF82920ADF82A20C2
:101498009BF88020052A00F24081DFE812F06800FE
:1014A8001C011F011F013101310100BF940F0020F1
:1014B80048EA0200DC0F002004229EE70123B4E77B
:1014C80005F06EF8B9F1000F4CD101230793A04C39
:1014D800238D5A0606D44020FFF72EFD238D43F0B6
:1014E80040032385069B6BB1B4F80720B4F8053098
:1014F8001343B5F87E2013431EBFB4F809300133F7
:10150800A4F80930002F00F01C81B4F8053001332D
:10151800A4F80530002384F88A308E4802F0BAF81F
:101528000B9830B108F0DFFA00220272294601F068
:1015380083FC0C9B33B100221A720C2229460C98AA
:1015480001F048FC079B002B7FF471AE238D1B062E
:101558003FF56FAE8020FFF7EFFC238D43F080034B
:10156800238566E641460CA8FFF7A4FDADE794F88D
:101578008B200DF12A010DA8ABF85820ADF82A20D0
:1015880000F0BAFE38B10D9828B104228BF88020FB
:10159800BDF82A2016E09BF8C320002A40F0958069
:1015A8000DF129020DF12A01D4F8840008F0B1F9EF
:1015B800002800F08A80BDF82A20002A76D101216F
:1015C8008BF880106066A4F87020002A00F0A880CC
:1015D80003309BF88130E06608939BF882309BF8D3
:1015E80080B00993BBF1020F09D0ABF10402012AC4
:1015F80000F2988003784FF0030B022B0ED0D4F83A
:10160800840008F0DEF9002840F08F80BBF1030F5A
:1016180004D000F08BFE80F00106F6B2616E089AE5
:101628000B78D000099A03F0F30300F00800034395
:10163800900000F00400034323F0100343EA06136C
:1016480006F0010623F0030384F87C60404E4BEA61
:1016580003020A700222B4F870304B70A4F86820B4
:101668009AF88A20002A62D0002B60D0A06D04F07E
:10167800F7FE0022A16D606E05F090F818B9616E52
:10168800A06D05F0CFF99AF86910012004F07EFFEB
:10169800012386F88C3086F83C30B9F1000F3FF40E
:1016A80016AF41460CA8FFF705FD10E79DF8291075
:1016B80019B903220180817068E7017801F00301FC
:1016C80001290CBF032102217AE70022ADF82A2064
:1016D80001228BF880202048002273E7BBF85820AD
:1016E8000DF12A01D4F88400ADF82A200DF1290261
:1016F80008F00FF900287FF44BAF40F20D5179E55F
:101708000DF12A010DA800F0F7FD08B10D9810B9E8
:1017180040F21C516EE5052238E740F2265169E592
:10172800104656E74FF0010B69E7012676E7706E21
:1017380004F096FE05F052FA0021706E0AF091FE50
:10174800A1E7B4F807300133A4F80730E5E600BF95
:10175800940F0020C00F002012100020064B10B577
:1017680093F83C2002F0FF0422B91C7602F01AF824
:10177800204610BD0C24FBE7940F0020094B0A4AB1
:1017880010B51A60FFF7EAFF20B14FF4A4712720C3
:10179800FEF718FF054C00F017FD206500F018FD56
:1017A800A06510BD8418002094190000940F002033
:1017B800F7B56A4C089FCDE9000194F83C1001F098
:1017C800FF0511B90AB103B127B94FF408712720F1
:1017D800FEF7F8FE04F12C0CA36784F834509DF84A
:1017E800243084F88A5084F8355084F88C50658405
:1017F800258584F87C5084F87D5084F8745065669B
:10180800E566A4F870502564A564A4F84C5084F8E3
:1018180089306262A763DDE900018CE80300256B6B
:1018280004F064FC05F0DAF995F9700004F0BCFCEA
:101838006E6AE86904F0BEFC304604F003FE95F8D1
:101848009B0004F0C1FC0AF034F895F8692000F117
:101858006501012004F036FD414B186804F0F8FDDD
:101868002B69C4F884306B692366236B93F8852051
:1018780093F86860A2F12901012903D993F8861029
:10188800292951D193F85E322BB1012E03D0012BB7
:101898000CBF0126022605F130073146384609F00B
:1018A800DFFC314609F0D9F9AB8F95F8691083420E
:1018B80028BF0346384684F88B3009F0BAFC95F8FF
:1018C8008B7095F86910B5F8446009F0C6F90FB93E
:1018D800043080B2864228BF0646F3B284F88830C6
:1018E80084F8543095F88B3023B105F178012846F7
:1018F800FFF79EFB0120FFF761FB236BD3F8B001D4
:1019080004F0CAFD002323606360A360B5F87E304D
:1019180063802B88238095F89B302371EB6E0BB185
:1019280001221A6003B0F0BD243A012A0DD82729F4
:101938000DD093F8263113F0010202D19B07AAD5E6
:101948000222012E18BF1646A5E72729A3D193F82E
:10195800262193F861301340EDE700BF940F002073
:1019680084180020014B93F88C007047940F0020D6
:10197800024B93F82900C0F3C0007047940F002071
:10198800014B93F88A007047940F002091100000D3
:10199800DD11000025110000B10F0000304BF0B53B
:1019A8005A8885B0B0F85C700C46B0F85A60974217
:1019B8009D8828BF1746964228BF16461B2E2ED054
:1019C800B5F5A47F2DD040F6480301A99D4228BF54
:1019D8001D4608F050FABDF80A30BB4228BF3B4606
:1019E800E380BDF80C30AB4228BF2B462381BDF8FD
:1019F8000630B34228BF33466380BDF80830AB4297
:101A080028BF2B46A380FF232370E3881B3B9BB290
:101A1800E02B08D940F2E7613920FEF7D3FD1B2FF0
:101A2800CED105B0F0BD63881B3B9BB2E02B02D939
:101A380040F2E961F0E72389A3F5A4739BB2B3F5FB
:101A4800E06F02D940F2EB61E6E7A388A3F5A4733F
:101A58009BB2B3F5E06FE4D940F2ED61DCE700BF7B
:101A68002410002010B501210020FFF7FBF80446E0
:101A780070B90121FFF7BAF8044620B94FF459713B
:101A88003920FEF79FFD034B93F906100AF0C8F9B9
:101A9800204610BD24100020024B987DC04300F062
:101AA800010070474C140020044B987DC0F340009F
:101AB80080F0010000F00100704700BF4C140020C6
:101AC80008B509F041F800F0D1FD00F0A1FB09F0DC
:101AD8000FFB01F04DFE03F0D7FF0022084B1B213E
:101AE8004FF4A4701A60074B98801A8059800648F2
:101AF800064B186099805A745A829A829A7508BD62
:101B0800881800202410002003021B004C14002019
:101B1800044B41F64C52C3E902221B221A74FFF708
:101B2800CFBF00BF4C14002073B5234D0446AB68EB
:101B38000363224B83610AF004F8064600F058FB61
:101B48008306297C53BF1B236B88AA881A46A4F8EE
:101B58005A301B4BA4F85C201B6884F83810668741
:101B68001BB194F9701020889847164E20463146CC
:101B780009F082F801236A8804F110006978E38586
:101B88000332AB88019192B216F8121C033300910C
:101B98009BB204F11401FFF7D7F8236923B940F287
:101BA800BE613920FEF70EFD636913B940F2BF61CB
:101BB800F7E7002002B070BD4C14002000093D007A
:101BC8008C1800205E140020024B1B6803B11847D4
:101BD8000C20704788180020034B5A8802801B7815
:101BE80083700020704700BF4C14002037B58378FD
:101BF80005461A2B08D8042B04D9144A22FA03F3F1
:101C0800DB0705D412241AE0292B01D03B2BF9D18C
:101C18002888B0F5706FF5D2694609F057F888B989
:101C2800019B93F8182102F0FF046AB9AA7883F897
:101C38001921FF2283F81821684608F055FA204632
:101C480003B030BD0224FAE70C24F8E7200038047A
:101C58000188A1F11B039BB2E02B0CD8428844F207
:101C68004810A2F5A4739BB2834204D8034B00200A
:101C780059809A8070471220704700BF24100020B6
:101C8800034B5A889B88028043800020704700BF1E
:101C98002410002038B50278447802F0010302F0DD
:101CA800020254EA030101D1112038BDBAB985787E
:101CB800002DF9D0002B18BF002400E01D46204657
:101CC80008F0ACF80028EFD0284608F0A7F800285C
:101CD800EAD0054B00209C74DD749882E5E7002B60
:101CE800ECD000242546EAE74C14002013B5008800
:101CF800694609F007F8044620B9019890F82A3196
:101D08001BB13A24204602B010BD90F8CE3003F043
:101D1800FF04002BF5D190F8C5309B0706D1FF23AF
:101D280080F82A31684608F0DFF9EBE70249C63047
:101D380009F006FAE6E700BF11B80000F7B5077822
:101D480005460C46EF2F0FD890F901204378002A5A
:101D58000ADB8278900707D113F010001DD199068D
:101D680003F0030202D51AB1122442E0032AFBD081
:101D78001E07F9D42979EA78EE7942EA01226979CD
:101D880042EA0142A97941EA06212E7A41EA06414E
:101D98008A42E9D81F2A0FD8E6E713F0600FE3D18B
:101DA80003F00702052A05D003F00F010D22CA40EF
:101DB800D107D9D51A07DDD56A7A013A062AD3D8C8
:101DC800AA7A032AD0D813F0040102D1023A012AD0
:101DD80003D8EA7A012AC7D811B9AA7C032AC3D83A
:101DE8002A7D48B1012ABFD12A7E012ABCD830B940
:101DF8001124204603B0F0BD022AF5D1B4E7DB0771
:101E080012D46B782A7D03F01803082B11D1022A0B
:101E1800EED101213846FEF725FF064678B109F0D4
:101E2800B3FFB8B10C24E4E700F0A2F90028E8D128
:101E3800DEE7022AEDD02B7F002BEAD0D8E701217C
:101E48003846FEF7D3FE064640B3154B93F9061005
:101E580009F0E6FF30460AF0D3F829462070E87406
:101E680030460AF023F8EB7E0446002BC1D0002848
:101E7800BFD10246B16A684607F0E1FE2246B06A61
:101E8800012107F027FFB16A6846042207F0D7FE50
:101E980022462146B06A07F01DFFAAE70724A8E7F3
:101EA8002410002030B502798BB00346042A4FD89D
:101EB8004088B0F5804F4BD8264900248D5C1144EA
:101EC800ADF800404A798DF8084042F010028DF8CC
:101ED800244042EA45028D7AC97B42EA850242EAF9
:101EE800C102694602F01F028DF80020BDF80020EB
:101EF800ADF809201A888DF80E00000A8DF80B201D
:101F0800120A8DF80D408DF80C208DF80F008DF811
:101F180010405A7BD3F807008DF811205A790590A4
:101F280002A88DF812209A798DF81320B3F80B20A7
:101F38009B7BADF818208DF81A307F238DF81B3065
:101F48004FF00113CDE90734FFF7F8FE0BB030BDB1
:101F58001220FBE74DEA0200F7B50646FFF782FDBF
:101F680004460AF058F833780546012B61D120461B
:101F780009F089FF00287BD020460AF04CF818B1F8
:101F880015B9122003B0F0BD204609F0FDFE08B1D6
:101F98000C20F7E7204609F034FF07460028F7D160
:101FA800204602F0A3FC0028EBD0ED0142F21073AA
:101FB80039462046ADB25D430AF019F820460AF0CA
:101FC80022F8014658B92A46204601F0F3FE08B91E
:101FD8000020D7E741F66D413920FEF7F3FA39467C
:101FE8000DF10600FEF7CAFD064608B90D20C9E73F
:101FF800394608F096FEBDF8063031462046338053
:102008000AF00DF801213046FFF78EFD2A463146C9
:10201800204601F0CFFE024610B141F69041DBE7C1
:10202800144B9B68002BD3D006F58D71304698472A
:10203800CEE7002BA5D1204609F025FFC0B12046E8
:1020480009F0A2FE0028C3D0204609F04AFD054643
:10205800204609F049FD0146002899D1002DB7D046
:102068002888FEF715FE0028B2D041F6B241B3E742
:10207800422087E7241000200278034672B1427894
:1020880062B142881A2A09D982881A2A06D90068B0
:10209800034A106000209B88938070471220704785
:1020A8004C14002002680020014B9A60704700BF62
:1020B8004C1400200378A3F10A02112A9BBF024A9C
:1020C80000201220137470474C14002008B5052016
:1020D80000F082F803F098FC014B024A9A6008BDB0
:1020E80024100020A519000008B50122084B1A7019
:1020F80002F0ECFB0AF04AF908F024FDFFF73EFB7A
:10210800002007F069FDBDE8084000F09DBD00BF54
:102118003010002010B5064C0649201D08F0DCFAE6
:1021280004F108000449BDE8104008F0D5BA00BF22
:1021380030100020680500207005002010B5084CFC
:102148000849201D08F0C8FA04F10800064908F0FB
:10215800C3FA04F10C000549BDE8104008F0BCBA08
:102168003010002078050020800500208805002018
:10217800014B1878704700BF3010002010B5064C8E
:1021880000F03EFD606808F09FFAFFF7C1FC00F020
:1021980019FF0123237410BD30100020014B187C57
:1021A800704700BF3010002010B5064CA06808F03A
:1021B8008BFAE06808F088FAFFF782FC00232374A2
:1021C80010BD00BF301000200048704741100020AB
:1021D8000048704743110020C208044900F0070076
:1021E80001238340885C03438B54704730050020EB
:1021F800014BD3E90001704730050020034B1868F4
:10220800C0F30020400040F0010070473005002076
:1022180008B505F0A3FA0023074A32F823108142D3
:1022280005D302EB83029378044A137008BD013387
:102238000C2BF2D10023F7E762EA020045120020D6
:1022480010B54468238884F86711A4F8683194F8B5
:102258006830012B06D0022B04D040F21131062041
:10226800FEF7B0F984F86A3194F86930012B01D08F
:10227800022BF2D184F86B3104F5AF70034908F0F2
:102288005FFF002384F8243110BD00BF6DA7000054
:1022980040680749038800F25110A0F8093010F887
:1022A800F13CC37210F8F03C037308F043BF00BF61
:1022B80083A70000024B002283F822209A847047EB
:1022C80046120020044B93F82220012A1ABF03600B
:1022D80001200020704700BF46120020054B02462F
:1022E80093F8221001291BBF01209A84002083F84B
:1022F8002200704746120020054B024693F8220040
:1023080020B1136009B19B8C0B800120704700BF7E
:1023180046120020044B002293F822009A8410B140
:10232800012083F82220704746120020034B93F8BF
:102338002200B0FA80F04009704700BF4612002022
:1023480050B90A4A0120134603F8010B0868C2F87D
:1023580001008A889A807047012805D1034B0A68D2
:10236800D8719A608A889A81704700BF6C120020E1
:1023780050B90B4B187888B1D3F80120B3F8053061
:102388000A6001208B807047012806D1044BD87958
:1023980020B19A689B890A60F3E70020704700BF64
:1023A8006C12002010B9044B18787047012806BF3A
:1023B800014BD879002070476C120020F7B58A8845
:1023C80000238DF80600ADF8042008680B4A8DF844
:1023D80007300146147802F5A872019DD8B28442EC
:1023E80001D8082007E052F8087F01335668AE424A
:1023F80008BF8F42F2D103B0F0BD00BF80120020A9
:10240800084B0146002230B55C7803F20113D0B2C4
:10241800844201D8082004E013F8015F01328D429C
:10242800F5D130BD80120020F8B52D4C6378221804
:10243800013B92F80251DBB28342637030D01A013B
:102448000101961C8F1C2644274406F1100C56F8EF
:1024580004EB664547F804EBF9D182328231224415
:10246800214402F1100652F8047BB24241F8047B81
:10247800F9D1E118221891F8026182F80261062662
:102488007343704303F5857300F58570E618E358C8
:1024980027182350B388BB8091F83A3182F83A3133
:1024A8002846FFF7ADFF082818D12378013BDBB297
:1024B8009D42237012D02B3305F12B0204EBC3038A
:1024C80004EBC20293E8030082E803002078FFF7D8
:1024D80097FF08281CBF241884F80251F8BD00BFD4
:1024E80080120020F0B5254D89B095F8984105F285
:1024F80099116846224606F04DFF2146684608F0C5
:1025080042FB0446B8B300EB400102A8C9B2FEF78B
:1025180099F9631E95F8A1610124DBB295F8981129
:1025280005E0721CB2FBF1F001FB1022D6B206F1F5
:1025380020020DEB020010F8202C002AF1D103EB49
:10254800430100F8204C06EB460220312A44694436
:1025580011F8187C82F8A27111F8177C11F8161C72
:1025680082F8A37182F8A411013BAA19DBB282F8A0
:102578009941FF2BD2D109B0F0BD00BF80120020D5
:1025880070B5064688B00C46002A4ED0294A92F803
:10259800A131D01890F8991119B9FF212820FEF718
:1025A80011F803EB43010133114491F8A251E5708E
:1025B80091F8A35191F8A41125716171002180F857
:1025C800991192F89811B3FBF1F001FB103382F8DE
:1025D800A13192F8C23123B9174902F5DD7008F02C
:1025E800ACFD65790D220021684605F03F0545F0F0
:1025F800400565710AF0EBFBE37804AA69468DF89B
:102608000F30304623798DF80D508DF80E300423A5
:102618000AF047FB9DF81F3023709DF81E30637049
:102628009DF81D30A37008B070BD03216018FEF737
:1026380009F9D6E780120020ED240000044B5A78EF
:10264800824286BF1B1893F84A010020704700BFDA
:1026580080120020044B5A78824286BF1B1893F8D8
:1026680042010020704700BF80120020064B002264
:102678004FF461711A8083F8C32183F8C421A3F849
:10268800C61183F8C2217047801200202DE9F04757
:102698008246894617469846FFF790FE0828054661
:1026A800064603D0FFF7ACFE082860D1324C6378A9
:1026B800072B5ED8082D15D12678731C072E23709A
:1026C80003D96C212820FDF77DFF06F12B02D9F8EC
:1026D800000004EBC20344F83200B9F8042083F880
:1026E80006A09A80657807F110026B1C29016370B7
:1026F8004B1C234412F8010DBA4203F8010FF9D11B
:10270800813108F11003214413F8012D984501F88F
:10271800012FF9D125441021404608F064FA102110
:1027280085F84201384608F05EFA85F80261667855
:10273800002385F84A013146104885F83A3108F0F7
:1027480022FA0128054607D831460D4808F01BFA39
:10275800002818BF0135EDB284F8985100252846A5
:1027680084F8A151FFF7BEFE2846BDE8F087122085
:10277800FBE70720F9E700BF80120020C213002002
:10278800CA130020064B10B55878013840B200280B
:1027980000DA10BDC4B22046FFF746FE601EF5E71A
:1027A80080120020014B83F8C3017047801200207B
:1027B800014B93F8C301704780120020431E4AF270
:1027C800B7129BB293429DBF024BA3F8C6010120EA
:1027D8000020704780120020014BB3F8C6017047F3
:1027E800801200200A4B30B55C7884420ED9184418
:1027F80090F802012B3003EBC004A5790D7053F853
:10280800300010600120A388938030BD0020FCE7D1
:10281800801200200246074810B590F8C34124B141
:10282800417821B1023003F051F9204610BD0C4621
:10283800FBE700BF801200202DE9F74F2F4C9A4686
:10284800804689466378834256D9231893F84251C3
:1028580085F00105F9B193F84A31E3B945F002076B
:102868000135BAF1000F18D1FA070AD5062104EB91
:102878000810524601FB0841823001F58571FFF7C7
:102888007FFEBB0734D504EB081052464946023098
:10289800FFF776FE2CE02F46E3E794F8A1614FF0AE
:1028A800010B002DE0D0A31993F89911019399B960
:1028B8000092DAB100F056FB019B06EB4601009A44
:1028C8004FEA102C83F899B1214481F8A201000C39
:1028D80081F8A3C181F8A401013694F89831013D2B
:1028E800B6FBF3F103FB1166F6B2DAE747F004072B
:1028F800384603B0BDE8F08F0027F9E780120020C2
:10290800074B5A78824209D91A1892F842212AB9F3
:10291800062202FB003000F58570704700207047E2
:1029280080120020064B5A78824281BF1B1893F808
:102938003A01B0FA80F0400998BF0020704700BF04
:1029480080120020F8B50E46074606211546304687
:1029580008F049F9044670B10C4B0022587803F28C
:102968003913D1B2884202D801242046F8BD013279
:1029780003F8015FF5E73146384608F020F90828E2
:10298800F3D0024B034483F83A51EDE7801200205C
:10299800034B80F870101B680BB10088184770470C
:1029A800901800200B2808B504D940F20D112920F1
:1029B800FDF708FE014B33F8100008BD92EA02004B
:1029C80030B5002442F210758487B0F840404C437B
:1029D800B4FBF2F4A0F84040541E05FB0343B3FBDC
:1029E800F2F3C387084BB3FBF2F30133A0F844308A
:1029F800038F05FB0344036B5943B4FBF2F4B1FBAB
:102A0800F2F14463016330BD005A6202034608468E
:102A180071B13F2B0BD8074AD35C03F07F02914278
:102A280005D08CBF0120002000EAD3107047012098
:102A3800704700BFAAEA02002DE9F7430E4669462F
:102A48001546994608F042F9044620B9019F35B960
:102A5800012387F88C30012003B0BDE8F083D7F854
:102A680010802946404606F0FEFE01460028F3D0B5
:102A7800134B5B88AB4221D3404607F030F897F8F8
:102A88008C304946A0F80140002B2A4618BF022680
:102A980000F8036B06F07EFC2946404606F01EFF50
:102AA80018B98B212B20FDF78DFD684607F01CFB1C
:102AB800019BA3F8A24187F88C40CCE72046CBE7DE
:102AC8004C140020FF230B7002234B7083238B7060
:102AD800014B1B78CB707047641400202DE9F84F28
:102AE800D0F804800C46D8F81460304606F0E9FFA8
:102AF800054620B940F253111020FDF763FD014649
:102B0800304606F0ECFFB5F800B082461FFA8BF7A6
:102B180017B940F25711EFE7224B00F103091B6880
:102B2800D3B998F8003098F801202370637802F040
:102B38000F02A4F802B023F00F03134323F0C003DD
:102B480063709AF8003003F00303012B0FD0022BB7
:102B58000DD040F27511CFE73A464946B8F8000063
:102B6800984705460028DCD12846BDE8F88F6278EA
:102B7800304663F30512627006F0B7FF054610B9D8
:102B880040F27F11B8E7FB2F02D94FF4C771B3E7C2
:102B98003A464946201D06F0FDFB304606F000FF88
:102BA800E2E700BF9418002038B5134C102200212A
:102BB800201D0AF00CF90125257404F108031022E0
:102BC800002104F11400C4E901330AF000F984F883
:102BD800205004F11803094AC4E90533002363624D
:102BE800A36284F82C30C4F82D30C4F8313084F84E
:102BF80035301360A36338BD641400209418002096
:102C080010B5084C2378FF2B04D04FF4CC7110205A
:102C1800FDF7D8FC06F02AFB2070BDE81040FFF74E
:102C2800C3BF00BF3D05002010B5034C207806F057
:102C380037FBFF23237010BD3D050020014B18789A
:102C480006F03EBB3D050020014B024A1A60704762
:102C580098180020E52A00002DE9F341DFF8688183
:102C6800054608F11407D8F80830D8F81840227A31
:102C7800012A22D1D8F8382052B1137A1BB9BF21C2
:102C88001020FDF79FFCD8F83840C4B9002083E035
:102C98001A7A012AFAD01C464C4AEFF3108172B610
:102CA80050680068506001B962B6A34208BFC8F80E
:102CB8003840237A1BB9EE21E2E73A46EDE7267A57
:102CC800F6B205232372731E0B2B6ED8DFE803F0D0
:102CD8006A062235676D3E6D6D6D6D5B636813B96D
:102CE80040F20B21CCE72046294698470420EFF311
:102CF800108272B6237A052BD9B24FF0000359D14E
:102D08002372D8F83810A14201D1C8F83830B2BBC4
:102D180062B634E0636813B94FF40571B0E7294629
:102D2800204698470346ADF80400C0B2C3F3072312
:102D3800012B2FD0022BDAD11AE0636813B94FF4B4
:102D480007719DE7204698470020D0E763680BB9D4
:102D5800FE2195E70B222A7001221988AA706A7150
:102D680000221869A5F80310AA7106F019FE0420BC
:102D7800D8F83830A34202D10023C8F838300028E8
:102D88003FF471AF08E0124B294620461B6898476C
:102D9800034668B9267298B102B0BDE8F08140F2E6
:102DA80053216DE740F256216AE740F2592167E75F
:102DB8000220DDE711B940F27A2161E71846A6E75B
:102DC800002B7FF450AF61E76414002068140020E2
:102DD80098180020134610B5027A22B140F201314A
:102DE8001020FDF7EFFB0A4601460248BDE81040F7
:102DF80008F080B968140020044890F82C301BB9FA
:102E08000349243008F093B9704700BF64140020C8
:102E1800EFB000000346064890F83C203AB190F81D
:102E2800352022B9034900F82D3B08F080B97047D6
:102E380064140020CD2A00000A4610B5037A23B195
:102E480040F209311020FDF7BDFB01460723024877
:102E5800BDE8104008F04EB9781400201346027AF5
:102E68000AB1037270470A460146014808F042B9A0
:102E7800681400201B234FF01B1283840384826193
:102E88008382C260038539B94FF4A473034AC384AB
:102E98004384C261C3820261704700BF4801480190
:102EA80003460846F0B4B3F85420B3F84840B3F8E2
:102EB80056109442B3F84460DF8F28BF1446B3F825
:102EC8004C20B3F842508A42DC8728BF0A46B3F840
:102ED80046109142A3F8422038BF1146A64238BF97
:102EE8002646A742A3F84610A3F844601FD1AA1AA1
:102EF80018BF0122B3F84A50B3F85040B3F85270E3
:102F0800A5429E8FB3F8401028BF2546B3F84E401F
:102F1800BC429D8728BF3C46AE42A3F8404002D140
:102F2800A14200D12AB10449F0BC08F009B9012234
:102F3800E0E7F0BC704700BF4FB100000B8BA2F870
:102F480009001046A2F80B304B8BA2F80D308B8B82
:102F5800A2F80F30CB8B0249A2F8113008F0EAB87A
:102F68009FB10000094AD2E90003434083EAB01147
:102F780081EA43214FEAF34311605360044B5843FD
:102F88004FEAF06000EB8000704700BFA4140020F7
:102F9800BB79379E094AD2E90003434083EAB0115E
:102FA80081EA43214FEAF34311605360044B5843CD
:102FB8004FEAF06000EB8000704700BF400500203A
:102FC800BB79379E10B50A4C08210948FDF73AFC31
:102FD800D4E900321343F7D0064CFFF7DBFF20603B
:102FE800FFF7D8FF236860601843F6D010BD00BF14
:102FF80040050020A4140020174B184A9A60184A6C
:103008005A60184A1A60184A9A62184ADA62184AC4
:10301800DA60184A9A61184A1A63184A1A62184AF2
:10302800DA64184A9A64184A5A62184B184A9A601D
:10303800184A5A62184ADA62184A1A61184A5A61D2
:10304800184A9A61184A1A63184A9A64184ADA643C
:10305800184A9A63704700BF9C18002055B40000B6
:1030680085B40000F1B4000055B60000A9B6000010
:10307800B1330000BFB60000093600009D340000DF
:103088008DB70000A9B70000E93400009C190020A2
:1030980071B400005FB70000E1B6000085B600001B
:1030A80005B700003D3400002FB80000D7B7000076
:1030B800C9B7000045B70000044B054A5A65054BDF
:1030C800054A1A65054A5A65704700BF9C180020D2
:1030D8009BB500009C19002081B5000001B60000D6
:1030E800054B064A9A65064A1A66064B064A9A65C9
:1030F800064ADA65704700BF9C18002009A900003D
:10310800ABA900009C19002055A800002DAB0000B9
:10311800023A08B5232A00F29A80DFE802F01298F2
:103128001E9B9B2E9830989B3541459898499B9BB0
:103138005D5D747498989898989898989898987BE2
:10314800889102784368012A02D193F8103101E08E
:1031580093F8193102204B700EE04268D2F8BE3164
:10316800C1F80130D2F8C231C1F8053043680D20EA
:10317800D3F80431C1F8093008BD4368E5E700F029
:1031880005FA0028F8D148E0112306204B7059238E
:103198008B700023CB701F230B7130234B71EBE72F
:1031A800436893F80A31D5E7084600F0DDF9E8E707
:1031B8000278436852B993F810213AB193F80D2177
:1031C8004A7093F80C3103208B70D5E793F80B21E4
:1031D8004A7093F80A31F6E743680920B3F8542097
:1031E8004A70120A8A70B3F81221CA70120A0A7158
:1031F800B3F850204A71120A8A71B3F81031CB71B2
:103208001B0A0B72B8E7436893F826214A7093F8B3
:103218002731D8E7104B1B6823B940F20D515120D4
:10322800FDF7D0F90246232098470420A4E70A4B6B
:103238001B68002BF1D002462420984705209BE705
:10324800054B1B68002BE8D002462520F5E74FF414
:10325800A161E4E701208FE79C1A00203F289ABF6C
:10326800024B53F820000020704700BF9C18002034
:103278003F289ABF024B53F820000020704700BF38
:103288009C190020F7B5456804464FF6FF772E696C
:103298000DF102010DF101023046ADF8027006F0A1
:1032A80038FB01A9304606F056FB40B1019806F0FC
:1032B8001AFC616800220272FFF7BEFDE8E70449C4
:1032C80005F19E0003B0BDE8F04007F033BF00BF32
:1032D800E9B30000F0B5044685B00D46FF2600F8B6
:1032E800A56C10F8A63CF3B1174F3B781BB15F21D2
:1032F8001F20FDF767F90C21381DFDF7A3FA3E7072
:10330800002304F8A53C07232A4602F8033BD4F817
:103318000930C5F80330D4F80D305360D4F81130B3
:10332800936005B0F0BD01A80C21FDF78BFAA4F558
:10333800B473039A1A6001AB03CB44F8AE0C44F89B
:10334800AA1C04F8A66CDBE7AC14002010B5054CE9
:1033580023782BB90C21201DFDF774FAFF23237065
:1033680010BD00BFAC140020024690F8C631BBB9AE
:1033780090F8C73103F0FF010BB100207047094BEB
:1033880018780028F9D01970D9680433C2F80411E4
:1033980003CBC2F8BE01C2F8C211FF2382F8C631BE
:1033A80001207047AC140020426838B592F8863086
:1033B80004460D463BB1132B05D0113B0F2B8CBF98
:1033C8000120082038BD92F8C43013B9204607F010
:1033D800C4FF6268D5F80B30C2F8B631D5F80F30A3
:1033E800C2F8BA316368D5F81320C3F800211A88E7
:1033F800A3F87522D5F80120C3F87722D5F805205F
:10340800C3F87B226368B5F80920A3F87F226368B4
:10341800002583F8C6516068054900F51B7007F060
:1034280086FE63681622284683F88620CAE700BF0E
:10343800DD32000038B54368044693F88620202A18
:1034480004D04FF410711F20FDF7BCF8002293F848
:10345800C4101D8803F5C97083F8C32069B10B49EE
:1034680083F8C420A3F89C5183F89B2107F05FFEE2
:103478006368002283F8862038BD012283F89B11F7
:10348800A3F89C51024983F89E21EFE741B600005A
:1034980033B6000038B54568AB6F13F0010419D195
:1034A800D1F801200C4BD1F8051013400B4AC5F890
:1034B800D430C3F307630A4043F00803C5F8D820A3
:1034C80085F8D73007F049FFAB6F204643F001037A
:1034D800AB6738BD0120FCE72FC904F76FDB00801C
:1034E800406810B590F88530042B28D1D1F8013008
:1034F8004A1CD1F80540C0F8D430C3F30763C0F8BC
:10350800D84043F0080380F8D730002380F8BE3055
:1035180080F8853090F8743103F0FF040BB1002077
:1035280010BD038800F5B67044724381D1F80130AC
:103538000449C3605368036107F0F9FDEFE7012010
:10354800EEE700BF23B70000406890F8743143B934
:10355800038800F5B670034943811A23437207F0C4
:10356800E6BD704723B7000010B50446FEF740FEDD
:10357800044A054B024009200B40C4F80120C4F856
:10358800053010BD2FC904F76FDB008037B50C4636
:103598004568FEF72DFE0A4B0A4A03400A4095F893
:1035A800D41000930B4001928DF800306B4603CB8A
:1035B800C4F801000920C4F8051003B030BD00BFED
:1035C8002FC904F76FDB008038B5DB04154604D536
:1035D800C37C13B10023036338BD046B0134046357
:1035E80008F002F9436B9C42F6D3002303490363B6
:1035F8002846BDE8384007F0A3BD00BF7FB70000EC
:1036080038B54468054694F88530012B02D0A36F7D
:1036180098073AD494F8C5309A0713D44A78D8074B
:1036280084F8CF204A88A4F8D0208A88A4F8D22029
:1036380043F0020284F8C5200FD5154904F1C600ED
:1036480007F07EFD94F8C530D90711D4A36F9A0707
:1036580008D558214020FCF7B5FF94F82A31002BF3
:10366800EBD1EFE743F002032846A36707F075FEA6
:1036780094F88530012B4FF0000301D0002038BDAD
:1036880084F8853084F8BE30F8E70120F7E700BFFA
:1036980011B8000070B54568044602F0D3F9054B2F
:1036A800014685F883001B681BB12046BDE87040C1
:1036B800184770BDA41A0020024B1B6803B11847B5
:1036C800704700BFA01A0020F0B51F4D00242B78CA
:1036D80014709BB1013B6D68DBB21E1B012E0FDC21
:1036E80005EBC40655F8347076688E4208BF8742E9
:1036F80027D0B84271EB060612D214700020F0BD34
:103708001E197710C6F3470655F837C005EBC70EE4
:103718008445DEF804708F412CBF33463446DCE71D
:1037280005EBC30455F8335064688C4208BF8542E2
:1037380006D0A84271EB040428BF01331370DDE7FB
:103748001C4601201470DAE7CC14002010F00702A0
:1037580008B503D063214820FCF734FF18B1034BA8
:10376800197258601A70C80008BD00BFCC14002038
:10377800014B00221A707047CC140020FF23084A1E
:103788000B700D234B7082238B701368C1F80330C4
:103798005368C1F807309368C1F80B30704700BF11
:1037A800E214002016220021014809F010BB00BFD6
:1037B800E214002082B002AB03E903000D48437D08
:1037C800B3B1530614D50A880C30B1F87E3020F80E
:1037D8000C2CD1F8402220F80A3C40F8082CD1F8EB
:1037E8004422054940F8042C022202B0FFF736BBF8
:1037F80002B07047E214002085370000094B53F8E7
:10380800203003F5224370B5B13316464FF47A726F
:103818000C46B3FBF2F5344402F0B0FF2C442044CC
:1038280070BD00BFB0EB02002DE9F04F8BB004462D
:1038380098460F46039290F8699006F091FF8246E9
:1038480094F87300FFF7AEF8824408F032F894F861
:10385800863000F13C061FFA8AFA0293039B83BB69
:1038680094F88430032B2CD1029B0D2B29D1B4F86A
:103878005C32BB4225D1D4F8E0312046B4F8B421FB
:10388800C4F8D031A369C4F8D431B4F8523213441F
:10389800C4F8D83102F088F8D4E99823A262B4F8C1
:1038A8005E22A361A285D4F86822226241F64B52B7
:1038B80093428CBF0023012384F87230022384F8DA
:1038C8008430B4F8505204F50873B4F87EE07D1BD8
:1038D8000493A7EB0E0E2DB20FFA8EFE002D10DA10
:1038E8007546D4E98E23C4E99223012294F88430E2
:1038F800032B00F26F81DFE813F00600FE0055008D
:1039080020014246F2E70121002007F0CAF981466A
:10391800A06A5146484403F0D5FE5146C4F8DC017C
:10392800A06903F0CFFE07A9C4F8E00108A802F0D7
:1039380047FE079B0093DDE90823D4E9920108F0CC
:1039480005FE8346204607F0CCFFA26AD4F854321D
:1039580094F86900D51802F019FFD4F8DC1100F5C5
:103968002240203D4FF47A73B13032466D1A30311F
:10397800AD1BB0FBF3F04D44A38DA5EB0B0503EB9A
:1039880041012D1A94F86900FFF738FFD4F8543232
:10399800C4F8E401EB1ACC2B59D840F2C7413020C7
:1039A800FCF710FEA36A5146D4F8D401184403F07A
:1039B80089FE5146C4F8DC01A06903F083FEC4F80F
:1039C800E001204607F08DFFA36AD4F8D4511D44C6
:1039D800B4F8B431002B40F08A80B8F1000F00F041
:1039E800868094F8690002F0D1FED4F8DC11D4F88E
:1039F800403200F522406D1A94F86920B130203D1C
:103A08001D448F4B53F822204FF47A7302F2E732A9
:103A1800D4E98E9AB2FBF3F2A5EB0905B0FBF3F0FB
:103A28001544AD1B2D1AD4F8D821D4F8D03194F808
:103A3800690002FB0313A18D3246303301EB4301C9
:103A4800FFF7DCFE0123C4F8E40184F88430A3699D
:103A5800D4F8E021A93B9B1A9E1B0023864284F8D8
:103A68002032D4E9923228BF064604F130005B19AF
:103A7800C4F8B06142F10002C4E98C3207F0D7FB08
:103A880004233044A4F8507284F82932C4F824027C
:103A9800D4E98C23C4E99223B4F8A031DB1B1BB210
:103AA800002BD4BF00220122520084F82822029A57
:103AB8000D2A00F09280B8F1000F40F0918094F840
:103AC8008430002B00F0A880A16904F50870D4F8B0
:103AD800E031C91A07F093F880B2002800F09C8002
:103AE800149B03B1188001200BB0BDE8F08FD4F807
:103AF800DC116D1A97E7D4F8E021A369B4F8B4C1D2
:103B08009B1AD4F8D811F444D4F8D0015D43D4F802
:103B1800DC31ACEB010C30330CF1FF3C00FB013322
:103B2800A18D94F8690002FB0C33324601EB430186
:103B3800FFF764FEC4F8E40189E7D4F8E0A1A369BB
:103B4800A3EB0A035D4394F88530292B03D094F83E
:103B58008630292B09D1B4F85C32FB1A1B0404D433
:103B680094F85F32002B18BF9946B4F8B4C142B339
:103B7800BCF1000F25D1D4E99023D4E98E019042FD
:103B880071EB030302D340F21B5108E794F8691064
:103B98004FF47A7B2A4B203A53F82130D4E98E012E
:103BA800CDE9040103F2E73103F522430498B13368
:103BB800121AB1FBFBF1B3FBFBF30A44D21A921BB6
:103BC80015440CEB0E01324648460AFB01F1303130
:103BD8004900ADE740F23351E1E6B8F1000F1BD0E0
:103BE800B4F8C80110B3B4F8CA1194F8CC214D1C2C
:103BF800A4F8CA1101FB022290420DDD002B0BDD57
:103C08000023A4F8CA5184F82832FFF7ABF900F072
:103C18000700013084F8CC0104F5087104F5FC7044
:103C280004F08EFD20B940F27D51B8E60146DCE78C
:103C3800039B83F0010384F8F031002054E700BFB0
:103C4800B0EB02002DE9F8430E46044618B9D52119
:103C58003020FCF7B7FC052900F2A780DFE801F067
:103C68000376413DA52E08F026FDC4E9460120460D
:103C780000F05EFFD4F80C01A43808F061FC20467F
:103C880008F0C9F9054600BB0146204608F000F9CE
:103C980000F1AE06D4F80C01B04209D2301A032163
:103CA800192838BF192008F0D8FC60B108F04AFC80
:103CB800C4F80C61204608F0BEF945B12046BDE8BD
:103CC800F84308F0B9B90125F2E70025F2E7D4E98D
:103CD8004623C4E94023BDE8F883BDE8F84302F071
:103CE8007BBC08F0E0F804238146884684F811314B
:103CF80008F024FC07220F46A9FB023102FB081139
:103D0800D4E940525B1941EB0205D4F8E8203AB1F6
:103D180059EA080204D0984277EB050228BF012629
:103D280084F81061D4E94826121A66EB070694F85D
:103D3800301139B9012A76F100010BDA204600F07A
:103D4800FFFE03E0012A76F10006F7DB002384F882
:103D58002831C0E7984277EB05010FD259EA0808E5
:103D68000CD01B1A65EB07019A4276EB010005DBC4
:103D7800012B71F10000A4BF1A460E460C4901231D
:103D880004F1C000914284F829314FF0000384F80F
:103D98000831B341B8BF0A4604F5847104F060FDE8
:103DA800002898D140F2BA6152E7F12150E700BFEC
:103DB8000040420F2DE9F84304460E46154690F898
:103DC800283103F0FF07002B40F0948000F1C00871
:103DD80039467822404608F0FAFF224646494046CE
:103DE80008F0E6FCC4F8E860FF2384F8283166B1DF
:103DF800FFF7D0F800F0070032464049013086F856
:103E0800CC0106F5FC7008F0D3FC40F202434FF0F9
:103E18000009A4F8103184F8089103F0A9FC00F116
:103E28004906204608F0F7F80146B6B2C0B306F0D6
:103E380097FC00F5CD61284689B203F043FC28447D
:103E4800AE3DC4F80C0108F079FB3018A4F81E90B8
:103E580041F10001C4E94601012084F8EC0008F0B2
:103E680085F92D1AC4F8F0504FF0FF356FF0004176
:103E78004046D4E94623C4E94851002504F5847135
:103E8800C4E93E23C4E9402384F8295142F2107260
:103E980004F0E6FC38BB40F2BB113020FCF792FB83
:103EA8002046DFF85C9007F0F3FFAE30C4F80C0151
:103EB800B9F8000048B1E08B38B1FFF76BF8B9F8F2
:103EC8000030B0FBF3F202FB1300064408F036FBA7
:103ED800361841F10001C4E94661002DC4D0AD197E
:103EE80041F10001C4E72946204608F0A7F8384602
:103EF800BDE8F8830C27FAE74D3C000005B900003F
:103F0800F8140020F0B5002385B0CDE90033012373
:103F18008DF806306846FCF7DFFE70B10123114EBC
:103F2800B3700023CDE9023302A8FCF7D5FE04469E
:103F380038B10023B37005B0F0BD009807F0D4FD88
:103F4800E8E7029D95F88430002BEDD005F5FC7765
:103F5800384604F055FC384608F050FC85F8844093
:103F6800E2E700BFF8140020044B0022DA709A70D0
:103F780042F210721A80FFF7C5BF00BFF814002084
:103F8800014BD870704700BFF814002008B502F044
:103F98005DF8044B5A6882422ABF9878002080F066
:103FA800010008BDF8140020F7B5044606297AD8A0
:103FB800DFE801F0042715252B3074003B4B9B7874
:103FC80003F0FF025BB900920123B0F8A411FFF7D8
:103FD8002BFC38B140F2D6613020FCF7F3FA042309
:103FE80084F8843002F0D6F904F096FB0023B4F884
:103FF8007E20A4F85232A4F8EE2184F8F13103B0FF
:10400800F0BD032380F88430F9E708F020FAC4E90A
:104018009001F4E790F8690007F053FC7730D4F882
:10402800E0319528A569214F8CBF0020C0F196008A
:10403800C218954288BFED1AFB7894BF00252D1A47
:104048001BB9236B9D4228BF1D46D4F8B06104F10B
:10405800300007F0ECF80644022008F0D4FA0221F8
:10406800AD1B25EAE575854228BF0546284608F0B8
:10407800F4FA10B12E4408F065FA01234FF4807267
:104088003146204607F030F9D4F8B0317860A0699D
:10409800184403B0BDE8F04008F052BA03B0BDE8D8
:1040A800F04007F01EBC40F2A47195E7F814002018
:1040B800014B1880704700BFF81400200346074AD8
:1040C8001068D3F84920C0F80320B3F84D20A0F8B1
:1040D800072093F8481006F042BF00BF00150020E3
:1040E80070B504460E461346807D6588324615F045
:1040F800040118BF04F15701FEF79EFB410705466E
:1041080021D4C2070BD50123A07D84F84830FEF7DF
:10411800F7FB0368C4F849308388A4F84D30AB072F
:1041280001D4012070BD094B01211868D4F857301B
:1041380084F85610C0F80930B4F85B30A0F80D3098
:1041480006F016FFEDE70020ECE700BF00150020A1
:1041580038B5C38C04460F4D0133C3F30E03C38433
:104168002B7C2BB102F0F8F901F008FD00232B7429
:1041780000232B7194F869302BB101212046BDE84A
:10418800384007F07FBD637C13B1E28C9A42F4D2C9
:104198000021F3E70015002010B5074C2379012B07
:1041A80005D1237C1BB102F0D7F901F0E7FCA06927
:1041B800BDE81040FFF7CCBF0015002070B5254CB6
:1041C8002379012B04D04FF448612D20FCF7FAF92C
:1041D80098B90125237C1BB102F0BEF901F0CEFC91
:1041E800002D36D0A06907F09AFC68B302F07EF87B
:1041F800E369BDE870409B6818472168A26911F817
:10420800095B02F1490392F84820E80906F09DFC91
:104218000028DED00021206806F0CFFE0028D8D084
:104228002379A069012B02D040F65A41CDE72379C2
:1042380005F00F01E26903F180435269013B52F82E
:10424800233098470546C5E7A069BDE87040FFF7E9
:104258007FBF70BD001500200346074A906903B967
:1042680009B9FFF775BF1379D26903F18043126961
:10427800023B52F8233018470015002003292DE986
:10428800F043054685B0174607D14388980723D4DD
:104298000024204605B0BDE8F083428890F86830D5
:1042A800D107DBB2F4D5002BF2D14FF00108DFF8CB
:1042B800D49099F81060C6B106F08BFC08283870C5
:1042C80016D002AA0DF10701FEF78CFA38B940F6AC
:1042D800F5612D20FCF776F94FF00208E7E702A90F
:1042E8009DF8070007F0CDFA06463B78082B08D161
:1042F800D9F8001011F8030BC0F3801007F0C1FAC9
:104308000646D9F8001005F1500395F84F2011F82A
:10431800030BC0F3801006F018FCD9F8001004460F
:1043280011F8030BC0F3801006F049FC8146FEF734
:10433800F9FA40B1B9F1080F1BD04846FEF77EF9EB
:1043480080F00103D8B23A78082A14D01CB9AC7DA1
:10435800A21A544254416A8853079AD4002897D124
:1043680076B9EC7C444518BF002C0CBF012400240E
:104378008FE70020E7E780F001022240D4B2EAE7A5
:10438800344686E7001500202DE9F04F85B0082354
:10439800052104460DF107028DF80730FFF76EFF7F
:1043A800064620B90026304605B0BDE8F08F734FA9
:1043B800396807F112037A7C11F8030BC0F38010F7
:1043C80006F0C3FB80460028ECD13B6840F2E24986
:1043D800A169184691F88D2010F8035B02EA55127E
:1043E8001D4602F0010281F88D20D3F80320C1F8A0
:1043F80003208288A1F8072015F81F1BA269C1F3C2
:104408008011917002A9D3F81F00029028790871D1
:10441800D3F80F00D061587D1D7D000440EA0520C7
:10442800DD7C28435062B3F8190082F8728009FBDA
:1044380000F090619D7DC5EB451005EB800505EB0F
:1044480085056D009585B3F8170009FB00F09062AB
:10445800B3F81B001084B3F81D00508493F824307F
:1044680003F01F005B0982F8990082F87330A56990
:1044780094F912A005F18D0006F0CEFC40F201136C
:10448800A5F868304FF0FF0B85F86AB0414605F192
:104498003000FEF7EFFC51462846FEF779FAA3698B
:1044A80084F8738004F17E011A8884F891B0A4F826
:1044B80074204FF6FF729DF80700A4F892209A69BD
:1044C800B2FBF9F2A4F88A201A8CA4F88C205A8C32
:1044D800A4F88E2093F8732084F89020627D5AB354
:1044E80094F84820012A27D194F84E2002F0C002FF
:1044F800402A21D1D4F84920C4F87E20B4F84D20B0
:104508008A8008289A7803F1030504F1840184F865
:10451800772004F17802D3F8033027D0C4F8843028
:10452800AB888B8004F17701FEF75CF940B94FF452
:104538003E612D20FCF746F80022C4F87E20DFE714
:1045480094F8773043F0020384F8773004F16A0076
:104558000B4906F0ECFD0B4B0022A0691B683A7171
:10456800002B3FF420AF214698471CE7A367AB8890
:1045780093800023C4F884308B80E7E7001500207F
:10458800B5BD0000AC1A0020032937B5044604D095
:10459800052957D0012003B030BD08230DF10702CB
:1045A8008DF80730FFF76AFE0028F3D0237C2A4DE8
:1045B80003B39DF8070094F8B630DBB923780828D0
:1045C80004F1B90284F8B7302DD004F1B801FEF730
:1045D80009F920B940F66E712D20FBF7F3FF94F826
:1045E800B83043F0020384F8B8301C4904F1AE0037
:1045F80006F09DFD2B68042220461A7006225A7088
:10460800FFF75CFD616B94F83820286806F0C6FC5B
:10461800032328682B7101F023FF0021286807F085
:1046280020FF0020B7E72868034613F8031BC1F3EF
:10463800801184F8B810D0F80310C4F8B9109B881A
:104648009380D2E7064B1B68002BEAD0984780F08E
:104658000100C0B29FE700BF001500209DBD00000B
:10466800A81A0020F8B504460F4619B300F1200532
:10467800284607F058FDA0B963881A072ED52846A2
:1046880007F066FD0646284607F04DFD301AC0B211
:1046980007F06CFD494A936803442846936007F085
:1046A80021FD284607F023FD01F08EFD2179252004
:1046B80001F0F0FC414E002394F856203068037056
:1046C80043706388103B0D2B68D8DFE803F06367FD
:1046D8005F0C674467676767676767442046BDE89C
:1046E800F840FFF735BD06234370202303702046AA
:1046F800FFF7E4FC638823F008039BB2152B05D071
:1047080094F83020E16A306806F039FC306801F02E
:10471800A7FE0021306807F0A4FE022321790020BB
:10472800337101F05FFD054607B9F06063881B0728
:1047380004D507F018FD0544C4F8F4506388103B0D
:104748000D2B36D8DFE803F038352F2F352F3535C8
:1047580035353535352F0C2321214370034603F8B1
:10476800091B52B1D4F857200121C0F80920B4F828
:104778005B209A8006F0FCFBB9E7226DC0F809209F
:10478800B4F854209A8094F84F10F3E70623037086
:104798004370ACE7022303700623F9E740F259613E
:1047A8002D20FBF70FFF21790120BDE8F84001F02B
:1047B800EDBE40F6F341F3E7F8BD00BF0015002059
:1047C80038B543880446102B04D10121BDE8384090
:1047D800FFF748BF0B4D2B7C23B101F0A9F940200E
:1047E80001F0AEFE286801F03BFE608810F004007E
:1047F80002D1217901F0CAFE002001F07FFE0123D9
:104808002B7138BD00150020024B01219869FFF774
:1048180029BF00BF0015002010B5124C237C1BB126
:1048280001F09AFE01F0AAF9A06907F078F938B109
:104838002379012B09D040F684312D20FBF7C2FEE5
:10484800A069BDE81040FFF783BC2379E26903F152
:104858008043A069D268013BBDE8104052F823307C
:10486800184700BF00150020074810B5037903F06A
:10487800FF0433B914222146043008F0A8FA204670
:1048880010BD0C24FBE700BF0015002010B5002365
:10489800094C2371FDF798FC2060FFF7E5FF20B174
:1048A8004FF442712D20FBF78DFEE36913B940F2F6
:1048B8000B31F7E710BD00BF00150020014B024A7D
:1048C800DA617047001500208C4B0000034B044A46
:1048D8001A60044B044A1A60704700BFA81A0020E7
:1048E80091430000AC1A00203DBC0000F8B5057DDE
:1048F8000446AF1EFFB2002D3AD0012F2DD800F18B
:10490800500190F84F0006F05AF90828064624D0BE
:10491800FDF7A0FE10BB023D18BF0125012F84F84A
:104928004850A6758CBF002701276775FDF754FF0F
:10493800054607F003FE0022144B84F85620E5FBD9
:104948000301C4E9100111462046FFF7C9FB70B9FD
:1049580040F2A3412D20FBF735FE0826022D09D190
:1049680004F149010020FDF703FD60B90020F8BDFE
:104978000826F5E704F149010120FDF7F9FC0028B4
:10498800F4D00125CAE70025C8E700BF40420F0060
:10499800F0B5444E85B00446327902F0FF0312B9EF
:1049A8000278FF2A04D140F6DC112D20FBF70AFE1D
:1049B800B36080F869303C4B684604F120050093E9
:1049C8003A4B01933A4B0293F3695B68039301F006
:1049D8003FFD01F08BFB01F0BFFD01F0CFF835483A
:1049E80001F0E8FB344801F02DFD284607F07AFB7A
:1049F800284607F07CFB01F0E7FB2179252001F030
:104A080049FB94F9120001F0CFFB04F12C01A06AD4
:104A180005F07EF9074604F13401A06A05F09FF914
:104A28000546DFB1237FCBB1B4F92650ED43ED0F36
:104A3800637D13B963885B0709D56FF00043D4E938
:104A480010129A4208BFB1F1FF3F0DD19DB93068ED
:104A58000330FDF7DFFE307405B0F0BD002DE7D060
:104A6800657F002DE0D1E3E707F068FDD4E9102366
:104A780090429941EAD3012229462046FFF730FBAC
:104A880050B1FDF7A9FE054607F058FD0B4BE5FBB5
:104A98000301C4E91001DAE7002DD8D040F61A2145
:104AA80083E700BF0015002021480000C541000031
:104AB80061420000D6BE898E5555550040420F0010
:104AC80073B50446FFF764FF00212046FFF7CAFDCF
:104AD800236E0BB101221A606388DB0721D50023FE
:104AE800114EA569CDE90033FF2373746846FCF7BE
:104AF800F3F8B0B9009CA542F8D005F10A036A7A28
:104B080004F10A01607A06F020F80028EED0A378B4
:104B18007374D4F80330C6F81230044BB4F8072085
:104B28009A8002B070BD00BF001500201215002049
:104B3800024B9861DB691B68184700BF001500200D
:104B480043881B0710B504460ED583693C220849E3
:104B58006A3042721B884381FF2380F827304FF662
:104B6800FF73038506F0E3FAFF2384F8693010BD6C
:104B7800B5BD000001BE0000C947000007BE000027
:104B880091450000C94A0000A141000011480000F9
:104B98007C4B0000804B0000884B00000138022845
:104BA80008B503D9C4212F20FBF70CFD13290A4BA4
:104BB80005D811290CD8102907D0D221F3E71529D7
:104BC800FBD103EB4003D88801E033F8100008BD9F
:104BD80003EB40039889FAE72EEB02000C4A0346E0
:104BE800117889B9906833B9B0F85810828F91421A
:104BF8000AD8FFF7CBB993891B0707D590F8870028
:104C0800073818BF012070470020704701207047FF
:104C1800201500202D4A38B50346948990681C4316
:104C2800402B948104D10421BDE83840FFF7BCB97A
:104C3800802B01D10521F7E703F00304032C04D1ED
:104C480040F62E313120FBF7BDFCDD0706D50C6898
:104C580011612478062C0FD00B2C19D09C0706D58F
:104C680009680978052911751DD00B2927D09B06DD
:104C780044BF0823137038BD90F886401C2CEDD132
:104C880000240025C0E93845012480F88A40E5E77A
:104C980090F88640122C01BF002480F88A40012435
:104CA80080F8C440DAE790F886101829DFD100248C
:104CB80000250121C0E93A4580F88B10D7E790F824
:104CC80086101129D3D10021F6E700BF2015002056
:104CD80073B5044640680D46836F13F0300F4AD110
:104CE800B1F805101A2904D9B5F80730B3F5A47F2F
:104CF80006D22978204602B0BDE8704006F05FBBB6
:104D0800B5F801201A2AF4D9B5F80360B6F5A47FDE
:104D1800EFD33030009606F09CFA184B9A89920728
:104D28000DD51B7D142B0AD16268936F43F01003D5
:104D38009367204606F011FB002002B070BD63683F
:104D480093F88520212AEFD093F81B31002BEBD163
:104D5800636893F81A31002BE6D16268936F1146A5
:104D680002F59F7243F0200331F8300B42F8C63C3D
:104D7800FEF7E4F8DDE70120DFE700BF201500209B
:104D880013B5044601A8FDF79DFA20B940F617119E
:104D98003120FBF717FC22220021019808F017F8B0
:104DA80001992246064801F8034FFEF7B1F9FDF7CD
:104DB80095FA10B940F61E11EAE702B010BD00BF1F
:104DC80024150020254B70B59C6894F85E5294F821
:104DD8005F62002D3ED194F86810002E3CD194F803
:104DE800693084F8681084F86930FF2384F86A30E1
:104DF8001B4B1B680BB12046984794F82431012BB4
:104E080001D0354303D000211648FDF719FA04F103
:104E18003006304606F00BFA04F2351105462046F6
:104E2800FEF73EF820460621FFF7BEF8304606F0AA
:104E3800FEF9854204460BD207F041FC0146601B8F
:104E4800192838BF192007F008FC10B107F07AFBC1
:104E5800012070BD2946C0E73346C2E7201500206F
:104E6800BC1A0020241500202DE9F8436A4D064697
:104E7800AC68002840F08C80AB891A072DD594F8CF
:104E88000E31FE2B04D140F2F7513120FBF79AFB8B
:104E9800FE2384F80E3194F886301E2B06D184F850
:104EA800C300281D06F063FA84F8866094F88530FC
:104EB800242B0AD194F88630A3F12402062A2AD991
:104EC800322B28D0252384F8853094F88730072B97
:104ED80002BF02236B7584F80E31AB89DB071CD443
:104EE800AB895F077CD4990740F18480287D012233
:104EF800AB680D2883F80F2179D0112800F0858040
:104F0800072800F08480FEF7B3F9034600286FD124
:104F180040F2EA51B9E73223D5E7D5F80880296984
:104F280098F88630D1F80090113B99F800700F2B53
:104F380009D8BB1EDBB2092B6BD840F2333222FAF8
:104F480003F3D80765D509793846FDF75FFD20B921
:104F58003946324806F033FA3AE0012F01D9162FC4
:104F680022D198F8850006F017FA40B198F88530F4
:104F7800242B04D0252B07D1322388F885303846D6
:104F8800FEF76CF903461CE0162F14BF02262026F4
:104F98002B781B0705D594F88630113B0F2B98BF4B
:104FA80008263046BDE8F883112F15D005D8072FFD
:104FB80014D00D2FE3D11A4B05E0142FDFD1194B74
:104FC8001B68002BC4D02A694946144812799847AF
:104FD800002885D00646DBE7134BF4E7134BF2E7CE
:104FE80094F88720062A04BF01226A757BE7104BD4
:104FF8000A489847AB89DA06CAD594F886300A2B4E
:10500800C6D10B2384F88630C2E70A4BF0E70A4B77
:10501800EEE70826BCE700BF201500202415002075
:10502800FFC20000B01A002047C30000455000002E
:105038004DC200006BC200009BC2000070B54D78E5
:105048000446A5F10E03DBB2152B0DD8012140F261
:10505800512201FA03F6164208D14268152B92F83C
:10506800852027D0082B07D0002070BD024628468F
:10507800BDE8704007F07EB8252A01D0322AF3D166
:10508800204606F061F9636893F88620262AEBD05B
:1050980093F8D5201A21204622F0010283F8D52062
:1050A800626892F8D53023F0080382F8D530FDF70E
:1050B800C7F8D9E72C2AD7D1024B1B68002BD3D0CD
:1050C8009847D1E7B81A00202DE9F041A0F10E0465
:1050D80000291346E4B208BF1F21172C0AD801265D
:1050E80040F25127A6403E4207D116F4600F23D163
:1050F800082C07D00020BDE8F0810021BDE8F04170
:1051080007F038B8546894F88520252A08D118463D
:10511800FDF796F8002384F8853084F8BE30E9E777
:10512800322AE7D194F88620A2F124010629F1D980
:10513800322AEFD02A21EAE7054A1468002CD9D090
:105148000A46014618462346BDE8F041184700BF05
:10515800B41A00202DE9F84FB54F0E468046B9899C
:10516800BC688D0504F1780A54BFB4F8B420002354
:10517800504653BF0132A4F8B43084F8AF31A4F8D4
:10518800B42007F0A7F830B10B4604F59672214613
:105198005046FEF719FABB8903F4C0632BB194F8A3
:1051A8008930002B46D0032B4BD094F88920BB893B
:1051B800012A04D1180544BF022284F88920B8F1D5
:1051C800000F40F09480590657BFB4F8C8214246F2
:1051D800013292B2A4F8C82103F00A020A2A0CD1BB
:1051E8003A7D022A09D123F008033046BB81FFF734
:1051F8003BFE30430823C6B2BB813046FFF734FE7E
:10520800BD68304395F80E31C6B2FE2B3CD1DEBBEB
:1052180095F88730063B012B36D995F81831ABB194
:1052280095F8193101220221A5F8B86085F81031E6
:1052380028462EE1012184F889102046FEF7B4FEA5
:10524800B3E70223012184F88930F6E795F886B0A0
:10525800ABF1100B5FFA8BFBBBF1100F40F2EC8047
:10526800AB6FDA0702D532460921E1E7980740F12A
:10527800928032460C21284606F0CBFF95F8C530BF
:1052880043F0010385F8C530B4F8A83194F8AC515F
:105298000133A4F8A831002D00F0F281FCF768FB77
:1052A80010B10023A4F8A83194F88910012940F21C
:1052B8001C8294F88730072B40F0FA81B4F8B43098
:1052C800022B40F21282B4F8B6500135ADB2B4F8F0
:1052D8007E302B44A4F8A03194F8AD31002B00F0B7
:1052E80008820123B4F87E201344A4F8A431BB89B2
:1052F800BD685B0657BFB5F8B4310023B5F8A621E1
:105308009B1858BF9BB2A5F8B43195F8183123B94A
:1053180095F88730063B012B06D8B5F8B830B5F8B4
:10532800A6211344A5F8B83095F8BE1031B1B5F8E8
:10533800BA30B5F8A6211344A5F8BA3095F9C220B9
:10534800002AC1BFB5F8C030B5F8A6011B18A5F8EA
:10535800C03095F8A73063B9B8F1000F40F05B8210
:105368007B7D022B40F00C8295F81031062B18BF7C
:10537800162395F8A62022B92E4885F8A730FDF700
:1053880081FF284607F009F8002384F8AB31BDE80F
:10539800F84FFCF7BFBF590702D53246132147E73C
:1053A8001A0706D595F80831324685F810310721D5
:1053B8003EE713F0300F35D095F81B31002B5BD149
:1053C80095F81A31CBB195F8863005F58D7105F24F
:1053D8005E22292B24D095F88530A3F12900434279
:1053E8004341284605F027FFAB6F23F0200343F025
:1053F8001003AB67002385F81A31AB6FDA063BD58B
:1054080005F235112846FDF74BFDB5F8523000225C
:105418001521A5F81031B5F85630A5F8123107E76F
:105428000123DEE75B0627D50022242100E700BF21
:105438002015002024150020D7F8089099F8863008
:10544800182B32D013D8112B20D0162B24D095F836
:105458008530002B67D195F88630103B102B6AD920
:1054680095F8B230002B66D001221221E0E6202BFD
:10547800EDD1324606210BE0B86890F88630262B2D
:1054880041D0352BE3D10022112102E032460B2115
:10549800484606F0BEFEF7E64846FDF765FF0028D9
:1054A8003FF4F2AE00220421F2E799F85832012BBA
:1054B80007D132460521484606F0ABFE89F8586206
:1054C800E2E699F85832022BD9B27FF4DDAE99F8AA
:1054D800C43053B10623324689F81031484606F0E5
:1054E80098FE002389F85832EAE703210622B148DA
:1054F80005F04CFF99F8D430324613F0040F0CBF76
:105508000D211121EAE790F82431022B02D1002263
:105518001721BEE790F82431012B98D190F8253156
:10552800002BF4D093E7092B05D195F80931012216
:1055380085F810313BE7BBF1100F7FF6A5AEBD68CB
:1055480095F88590B9F1000F7FF49EAE95F82B3150
:105558003BB101220E21284606F05BFE85F82B910F
:10556800AEE795F82A3183B195F8C59019F0030B89
:105578000BD149F0010901220C21284606F049FE09
:1055880085F8C59085F82AB19AE795F81A3133B3AA
:1055980095F81B311BBB95F8863005F58D7105F222
:1055A8005E22292B19D095F88530A3F129004342B2
:1055B8004341284605F03FFE002385F81A310122B1
:1055C8001421284606F025FEB5F85230A5F810310A
:1055D800B5F85630A5F8123156E60123E9E795F8F3
:1055E8002431012B3FD195F82531002B3BD195F87B
:1055F8008630A3F12402062A35D9322B33D095F808
:105608006800012806D0022804D040F21131062093
:10561800FAF7D8FF95F86910012901D00229F4D1C9
:10562800022895F826210BD0012A14BF0022012256
:1056380042B90A3B042B7FF627AE01221621F7E573
:10564800022AF2E7022995F827210AD0012A14BF75
:1056580000220122002AECD000215648FCF7F0FD78
:1056680012E6022AF3E7544B1B68002B3FF40CAEFA
:1056780050489847FE2801463FF406AE0122D7E578
:10568800FCF770F908B1A4F8A851FCF779F90028DB
:105698003FF40AAE94F8AF310133DBB2022B84F841
:1056A800AF3182BF0023A4F8A83184F8AF31FBE5FD
:1056B80094F8B2301BB194F885300F2B15D1B4F89B
:1056C800B6505046B4F8B430ED1A033D06F002FE69
:1056D80068B1D4F8AC30D4F8A820033B9B1A9D429B
:1056E800A8BF1D46012D3FF7F1AD0125EFE52B467B
:1056F800F5E7012D7FF6F5AD94F8863013B10B2B45
:105708007FF4EFAD94F88530002B7FF4EAAD94F880
:105718008730002B7FF4E5AD02297FF4E2AD94F8E1
:10572800AF31002B7FF4DDAD2069B4F82E9004F082
:1057380041F900283FF4D5AD94F80E31FE2B7FF4E3
:10574800D0ADB4F8A231012B7FF6CBADB4F8A821C7
:10575800238C9A42BFF4C5AD013D9B1AADB29BB2F2
:10576800B5FBF9F59D4228BF1D4605FB09F3003D31
:1057780003F1010318BF01259BB284F8AA51B1E5D2
:10578800012B09D195F88830002B7FF4F2AD002168
:105798002846FEF709FCF7E586B1F00639D431074B
:1057A80039D4B20639D4B30739D140F6AF21312004
:1057B8002EE700BF24150020C01A002039B1B5F823
:1057C800BA10B5F8BC30994201D32223D1E5002A9A
:1057D80005DDB5F8C020B5F8BC309A42F5D2B5F869
:1057E800B820B5F8B6309A420AD295F88920B5F8AB
:1057F800B43052B1B5F8B6209A42C8D80823B8E5F3
:1058080095F81831002BE0D1EFE7052BBFD93E23DF
:10581800AFE51E23ADE53D23ABE52323A9E52A2308
:10582800A7E500BF73B55B4B0025012204469860CD
:105838001A719D811D705D75FF2380F8AB31B0F83A
:10584800A231D3B190F80E31FE2B16D190F8183151
:105858009BB190F88730063B93420ED990F81931E6
:105868000221A0F8B85080F8103106F0D2FC0220CE
:1058780084F8AA51FFF784FA03E094F80E01FE2891
:10588800F8D1B4F8A61104F17806E38D0139B4F81B
:10589800A821304689B2B1FBF3F31344A4F8A83128
:1058A800B4F8B4300B44A4F8B43006F013FD20B1BA
:1058B800D4F8A8300B44C4F8A830B4F8A2310025B5
:1058C800012B9CBF0133A4F8A23109B184F8AF5170
:1058D80094F8863084F8AA51A3F10A02012A29D83B
:1058E800B4F87E30B4F85C229B1A19043BD404F255
:1058F8005E2104F18D0005F08FFA84F88650FF23AD
:1059080084F8BF30B4F8A6212146304605F0CBFA1A
:1059180094F886302049113B204A0F2B8CBF002376
:10592800012301931E4B00931E4B03C9FBF740FF55
:1059380002B070BD292B16D1B4F85C22B4F87E30C1
:105948009B1A1A040FD484F88650FFF73BFA0146D5
:1059580030B984F8240102B0BDE87040FFF7FABB03
:1059680084F82451CEE794F8853003F0FD03292B01
:10597800C8D1B4F87E30B4F85C229B1A1B04C1D499
:10598800002384F88530FFF71DFA01460028B9D1B5
:10599800E1E700BF20150020241500201D4C000061
:1059A8005D510000E54B0000D0F8643282699342F3
:1059B80010B5044604D1D0F86812026A914215D095
:1059C800228804F5C0700F49A4F88A2140F2E24207
:1059D800B3FBF2F3A4F88C31B4F86832A4F88E3132
:1059E800B4F86A32A4F8903105F0AAFB02212046E7
:1059F80005F097F9002384F88630032384F889306A
:105A080010BD00BFD1B4000008B5FDF755FB024B2F
:105A1800024A1A6008BD00BFB01A0020D94C000025
:105A2800074B93F900301844142804DC10F17F0F59
:105A380003DB40B27047142070476FF07E00704758
:105A4800381500207F2307B50DF107008DF80730C2
:105A580000F090FD03469DF9070053B1094B5B78B0
:105A68005B425BB21844142806DC10F17F0F05DB9B
:105A780040B203B05DF804FB1420FAE76FF07E0033
:105A8800F7E700BF38150020024B00221A705A7041
:105A9800704700BF38150020064BD3F8000138B115
:105AA800D3F8040120B1D3F80801B0FA80F0400916
:105AB800704700BF00A00450034B00221A705A70B0
:105AC80010229A70704700BF3C150020F8B50646B2
:105AD800022014460D4600F0CDF8114B114A01275B
:105AE8005C60191D9A6002F1807203342D011F70E9
:105AF800DC601D83C3E904260022243303F80A2C42
:105B08000D2203F8092C084AC2F83015074903C9C1
:105B180083E80300C2F80875C2F83835F8BD00BF3D
:105B28003C1500200300000B00A0045040EB0200CD
:105B380008B5022000F09EF80D4B01221A700022D1
:105B48000C4BC3F80021C3F80421C3F808210A4A02
:105B5800C3F8802003F56433C3F88C20A3F57C33A5
:105B6800C3F88C21A3F500530822C3F8042508BD07
:105B78003C15002000A0045003000080154A08B519
:105B88001378FBB100231449C1F8803001F5643162
:105B9800C1F88C30A1F57C31C1F88C3108210F4B4C
:105BA800C3F80815FFF778FF88B101235370938E67
:105BB800FF2B03D9BC213B20FAF704FDDBB293701D
:105BC800002313700020BDE8084000F053B81023EC
:105BD8005070F4E73C15002000A004500020045049
:105BE800094B1A7862B1094BD3F8002152B1D3F8A6
:105BF800040140B1D3F80801B0FA80F040097047B9
:105C080058787047022070473C15002000A00450C7
:105C1800064A08B513782BB1FFF73EFF20B192F87A
:105C2800340008BD9078FCE71020FAE73C15002006
:105C380038B5084C0025D4F80035032B04BF0123E0
:105C48006360C4F80055C4F8005500F0C7FFC4F8F5
:105C5800805038BD00A00450054B4FF48062C3F853
:105C68008820BFF34F8FBFF36F8FFFF7E1BF00BFEF
:105C780000E100E010B50446FFF7DAFF012C06D07A
:105C8800022C09D03CB18C213D20FAF79BFC074B34
:105C98000222C3F8002510BD044B0322C3F80025D7
:105CA80002F10042C3F88020F5E700BF00A00450CD
:105CB800024BD3F8A00300F00100704700C0FF00BA
:105CC800084BD3F8A423D3F8A833511C9BB203D1B3
:105CD8004FF6FF718B4203D002608380012070472A
:105CE8000020704700C0FF000B4B30B5D3F890532D
:105CF800D3F89443D3F89813D3F89C2305EA040304
:105D08000B401340013317BF0560002044608160D9
:105D18001CBFC260012030BD00C0FF000B4B30B576
:105D2800D3F88053D3F88443D3F88813D3F88C235B
:105D380005EA04030B401340013317BF0560002038
:105D4800446081601CBFC260012030BD00C0FF00FC
:105D5800064B0022C3F80022C3F81822C3F82022F9
:105D6800C3F80C22C3F81422704700BF00A00850E3
:105D780070B5144D0346084695F8256026B940F6D7
:105D880034213E20FAF71EFC6BB9012E2C6A95F8D7
:105D9800241005D100F092FD2044AB69C01A70BDF3
:105DA80006F065FBF8E7012B0AD1012E2C6A95F85D
:105DB800241002D100F072FDEEE706F063FBEBE77A
:105DC8000020EAE7781500200B4B93F8310088B1E2
:105DD80093F830307BB1094BD3F8002442F001022C
:105DE800C3F80024D3F8200500F0F600023818BFE5
:105DF80001207047012070477815002000A0085046
:105E080008B50128084B1873084B06D0022808D09B
:105E180040F641713E20FAF7D5FB0322C3F800256E
:105E280008BD0422FAE700BF7815002000A008503A
:105E380008B570B9104B28311846D9600F4900F0E1
:105E48006FFF0130012816D940F6BE013E20FAF74F
:105E5800B9FB01280CD1084B29311846D9600749EC
:105E680000F064FF0130012805D940F6C801EDE7CC
:105E780040F6CC01EAE708BD4805002048EB0200DF
:105E880008B50C4B5B78012B09D100F055FF0130A8
:105E980001280ED940F684213E20FAF793FB022B05
:105EA80007D100F04FFF0130012802D940F68A21BE
:105EB800F2E708BD781500200A4B40F409000A4AA9
:105EC8001B8A40F04000B3F5166F36BFA3F63813AF
:105ED800A3F5166343F48073C2F80837C2F8400587
:105EE800704700BF7815002000A0085037B50C4651
:105EF8000546FFF785FF20462146FFF7DDFF104ADC
:105F080001AB284692F90D2000F0A6FE9DF8050089
:105F180000F01EFF20B140F2B1713E20FAF752FBAB
:105F28009DF9040000F056FC064B40F20312C3F83A
:105F3800442E40F25B62C3F8482E03B030BD00BF68
:105F48007815002000A008502DE9F04106460C46BF
:105F5800174606F0FFFA0028FBD02F4D4EBB012351
:105F68006B7095F830301BB9A97B3846FFF7BEFF38
:105F78002A4B4FF47A7253F8273003F5FA73B3FBC0
:105F8800F2F3274AE41A274BC3F80021A96901272D
:105F9800234B214485F83070234DC5F84015C5F8CA
:105FA800C031FFF711FF044660BB00242046BDE85E
:105FB800F081012E21D102236B7095F83030B3B9EE
:105FC80095F80E803846FFF71BFF4046FFF774FF31
:105FD800144BD3F8002442F01002C3F8002440F216
:105FE8000312C3F8442E40F25B62C3F8482E0D4BEF
:105FF800293C0B4AC3F80421C8E74FF41B613E2033
:10600800FAF7E0FAEF64D5F84C358B42CDDA304632
:10601800FFF70EFFCAE700BF78150020BCEB0200AF
:106028000B00008000A008500050085048220021B2
:10603800014806F0CCBE00BF78150020024B03448F
:10604800187D00F51660704748EB0200024B186A8D
:106058009B69C01A704700BF781500200A4B93F857
:106068002420D3E90630C01A084B03EB8203DB6B0C
:10607800C01A074B53F822304FF47A7203F2F31325
:10608800B3FBF2F3C01A70477815002048EB020002
:10609800B0EB0200FF2808B504D940F20D313E20CC
:1060A800FAF790FA012904D0022919D040F27D317B
:1060B800F5E7002343F4801340F000700A4A43F4E4
:1060C800847340F44030C2F8203EC2F8280ED2F85B
:1060D800203503F0F703032B05D140F29731DEE7B3
:1060E8004FF08073E6E708BD00A00850F8B5254ECC
:1060F8004FF48067C6F89070BFF34F8FBFF36F8F70
:1061080006F022FA0446204D06F0D5FA0121001BBC
:106118001E4CA861C4F8A410FFF71AFE0323C4F8A4
:10612800401E2973C4F800354FF40023C4F8003426
:10613800174B187C00F01EFE03F002F9154B164AA7
:10614800C4F83833154BC3F8C820013AC3F8C42043
:1061580040F6FE72124BC4F81433124BC3F80425F0
:106168000023AB842B862B624FF48073C6F89071A2
:10617800C4F88834AB6C376103B19847BDE8F84080
:1061880000F0C2BD00E100E07815002000A0085032
:1061980048050020030000800600008000500850D9
:1061A8000100008000200850014B5873704700BF61
:1061B80078150020020E034B0002C3F8342EC3F8F2
:1061C8002C0E704700A00850044B054A03449073F6
:1061D8001B7D03F516631382704700BF48EB02006E
:1061E80078150020F8B5334C06460F4694F8313040
:1061F80023B940F606113E20FAF7E4F901232E4AA6
:1062080084F83030D2F8003443F00103C2F8003487
:1062180006F0A0F90028FBD02EBB0123A17B38464D
:106228006370FFF763FE6378012B02D040F61F11FD
:10623800E1E7224AD36402F5A04213601F4B3046BF
:10624800D3F84C552946FFF7F3FDA369ED1A76BB41
:106258001B4B4FF47A7253F8273003F5FA73B3FBEC
:10626800F2F35819F8BD012EE8D10223A57B384670
:106278006370FFF7C5FD2846FFF71EFE0E4BD3F8E7
:10628800002442F01002C3F8002440F20312C3F8BD
:10629800442E40F25B62C3F8482E6278022A02D08C
:1062A80040F62811A7E7054AD6645E60C6E705F1FF
:1062B8002900D7E77815002000A0085000500850A2
:1062C800BCEB020008B5FFF73FFE58B9064B0122A8
:1062D800C3F8400503F5A04302201A61BDE8084051
:1062E800FCF798BD08BD00BF0050085037B5254BD6
:1062F8004FF48061244A4FF0FF30D3F88844C3F844
:106308009004C2F890114FF40022204904F48074DC
:10631800C3F8002400221E4D2A86C1F84025C3F880
:106328000821C3F80021C3F80421D3F82015C9B205
:10633800D1B18DF80700C3F8202201221A619DF817
:10634800072012B1D3F820223AB19DF807305BB983
:1063580040F672213E20FAF735F99DF80720013AF8
:10636800D2B28DF80720EAE7FFF78AFD0022054B35
:10637800C3F820222A801CB14FF48072C3F8882405
:1063880003B030BD00A0085000E100E00050085004
:106398007815002070B50024254D264EC5F84845CF
:1063A800C5F84445C5F84045C5F84C45FFF79EFF7C
:1063B80000F0B0FCC5F8C441C6F80841C6F8004171
:1063C800C6F80441C5F8C840C5F8C440C6F8044139
:1063D800C6F8004102F0CCFF174B40F6FE72C6F833
:1063E8003843C6F81443C5F8C041C3F808254FF42C
:1063F8008062124B1C71C3E90744114BC5F848452C
:10640800C5F84445C5F84045C5F84C45C5F8484168
:10641800C5F84441C5F84041C5F84C41C3F890203F
:10642800BFF34F8FBFF36F8FC3F8902170BD00BFCC
:106438000050085000A0085000200850781500208F
:1064480000E100E0014BC3F84C0E704700A0085073
:1064580010B50FC8014C84E80F0010BDC41500200A
:106468000A490B4B10B50124C1F8D00ED86283F845
:106478003140FFF7A9FC40B9064BC3F8400503209B
:106488000C61BDE81040FCF7C5BC10BD00A0085069
:106498007815002000500850144B9A6910441A6A65
:1064A800824210B5124C09D30220FCF7B3FC00233A
:1064B8000122C4F840350F4B1A610DE001229860A3
:1064C8001A716264D4F844350533834205D3094B05
:1064D800D3F80C120029EFD010BD0023C4F84431C2
:1064E800054BC4F84405C4F8C431F5E77815002015
:1064F8000050085000A008500900008010B50E4C4C
:106508000346022294F825002271012894F82410E9
:10651800227B4FF096000BD100F0DEF9074A0023EA
:10652800A060C2F84431236A0344C2F8443510BD60
:1065380000F0ECF9F2E700BF781500200050085091
:10654800044BC3F8940ED3F8002442F04002C3F879
:106558000024704700A00850054BD3F8002422F00F
:106568004002C3F800240022C3F8942E704700BFED
:1065780000A00850044BD3F8183703F07F035B42A0
:1065880003700120704700BF00A008500028034B8B
:1065980014BF0222012299701A70704778150020E2
:1065A800054B0022C3F84025044AD2F82035DBB257
:1065B8000BB10123136170470050085000A0085028
:1065C800044B30B5D3E90E451B6CC0E900450B60A0
:1065D80030BD00BF78150020F8B505F0AFFF634C5B
:1065E800634D0123C4E90E01EB64D5F84C352364EF
:1065F800FFF746FC5F4B0022C3F80821C3F80021CF
:10660800C3F80421C3F80421C3F80021D3F8001407
:1066180021F01D01C3F8001484F83120227922B139
:10662800D5F84421003A18BF0122617801290AD11E
:10663800D3F81852002D3ED14E4BD3F82032ABB1CF
:1066480045F0100512E0022933D14A4BD3F818520D
:10665800D3F80C3E003D18BF0125D8074FEA450581
:1066680058BF45F0040502B345F00105FFF770FB7C
:10667800E906637803D5012B08BF45F020053C4A9D
:106688002678D2F848152162D2F8442584F82530B6
:10669800237BE26184F824307EB9667026712686F1
:1066A800EA071ED5E36C98472EE015F00B0FDDD1F5
:1066B800C2E70025C0E70825D8E715F0110735D14E
:1066C800013EA2784FF0960118BF01263046FFF729
:1066D8004FFBA27801463046278084F83070FFF7D8
:1066E800F1FD15F0020024D0224B0021D3F81C0E36
:1066F800236D00F0010045EA8000C0F3800080F0BF
:10670800010000F0010098476378022B0DD123792E
:106718005BB1022B164A1AD1236AA1680B44C2F84E
:106728004435134B144AC3F8C421F8BDFFF7DEFD06
:10673800B6E715F0280F05F0200104D0B1FA81F171
:10674800636D4909DFE7EB06DED5A36DABE7012BE7
:1067580004D040F61A613E20F9F734FFA368216A95
:106768008B42DCD840F61B61F5E700BF78150020A6
:106778000050085000A0085009000080024B03EBAD
:106788008003D86B704700BF48EB0200024B03EB55
:106798008003986C704700BF48EB0200F8B50D46BF
:1067A800012347780146437004462846164600F000
:1067B80039F9074AD2F80431002BFBD0677016B9B3
:1067C800EB78A370AB707B1E58425841F8BD00BFF0
:1067D80000A004502E3008B5362854D8DFE800F061
:1067E8005053535353534D5353535353535353537A
:1067F80053534B5353535353585358534953475375
:1068080045534353413F3D3B39373533312F2D2BCA
:1068180029272523215A1C003F231F4AC2F8103775
:1068280008BD3323F9E72D23F7E72823F5E72323CA
:10683800F3E71F23F1E71B23EFE71823EDE7152301
:10684800EBE71323E9E71123E7E70F23E5E70D2338
:10685800E3E70B23E1E70A23DFE70923DDE7082362
:10686800DBE70723D9E70623D7E70523D5E7042382
:10687800D3E70323D1E70123CFE74FF49873CCE79D
:106888004FF48873C9E740F20D113F20F9F79AFEDB
:106898000223C2E73923C0E700A008504FF47A73F7
:1068A800054A584332F9112000F2E7301044B0FB92
:1068B800F3F00238704700BFA8EB02004FF47A7378
:1068C800044A00FB033032F911201044B0FBF3F006
:1068D800704700BFA8EB020038B51D460A4B33F9D4
:1068E800114003EB820305359B681C444FF47A730F
:1068F80004F6B73403FB00441046B4FBF3F4254414
:10690800FFF73CFF284438BDA8EB020070B50646E7
:1069180008461546FFF73AFF094B03EB85039C68C9
:106928004FF47A7304F6B73403FB0644241A284656
:10693800B4FBF3F4FFF722FF0530204470BD00BF1D
:10694800A8EB0200024B00221A705A709A70704726
:10695800D41500202DE9F843064601200F461546B8
:106968009846DDF82490FFF785F99DF82C3006F05D
:106978000302284C42EA03429DF8343042EA03629B
:106988000023C4F80425244AC4F88030C2F88430AF
:10699800A2F57C32C2F884310222204BC3F80825C4
:1069A800BDF828301E4A9380FB6893FA83FCBB68C5
:1069B80018BA7B6819BA3B68C4F810C51BBAC4F882
:1069C8001405C4F81815290AC4F81C352D069DF8B5
:1069D800207041EA0861D9F804302DBA003F21F04F
:1069E8000041D9F800001BBA18BF0127022EC4F8CD
:1069F800203500BA41EAC7714FF00103C4F82405F5
:106A080009BAC4F82815C4F82C55537008BF137078
:106A1800BDE8F88300A0045000300850002004505E
:106A2800D41500202B4B5A782DE9F04704460D4623
:106A380022B940F241116C20F9F7C4FD264A03F14E
:106A4800080E4F7803F1100603F1380CDFF88C902C
:106A58004FF00E08DF809F8403F1480A04379D61D8
:106A6800C3F81C9083F82780A3F85C7092E80300B1
:106A7800C3E914498EE80300D2E9020186E803005D
:106A8800E91C0026196283F82660D2E90401C3E9EB
:106A98000A668CE80300611C196411495964D2E93B
:106AA8000601E21C8AE803009A65012183F85E600A
:106AB80083F85F80C3E91866AA78A270094AC2F809
:106AC80030E5C2F838C599701970C2F804611160D0
:106AD800BDE8F087D4150020D0EB02000100000DBE
:106AE8000100000C00A00450334B5A782DE9F04106
:106AF80005460E4622B940F261116C20F9F762FD95
:106B08002E4A03F1380C03F1480403F10807DFF8B3
:106B1800B080DFF8B0E0C3F844801E65C3F854E0E5
:106B280092E80300C3E9085E8CE80300711C19644D
:106B3800D2E9080184E80300F11C00249965224980
:106B48005C6683F82E40C3E91714D2E9040187E88C
:106B58000300691CC3E90418D2E90601EA1C03F121
:106B680018089A629A889A850E2288E8030083F8A2
:106B78002F200121C3E90C44B278AA70134AC2F845
:106B880030C5C2F8387599701B780BB9A321B4E7E2
:106B98000F4BC2F80441C2F80841C2F880300D4AD0
:106BA800C2F88430A2F57C32C2F8843102220A4B42
:106BB800C3F80425BDE8F081D4150020D0EB02000D
:106BC8000100000C0100000DE803000E00A00450B5
:106BD8000100008000300850002004500C4B1A7847
:106BE8008AB100220B490220C1F8802001F56431E6
:106BF800C1F88420A1F57C31C1F88421A1F50051A8
:106C0800C1F808051A7000225A709A70704700BFC0
:106C1800D415002000A0045008B50B4BD3F8082168
:106C280022B10420FCF7F6F8022008BDD3F80421AD
:106C380022B90520FCF7EEF80320F6E7D3F80004A4
:106C4800003818BF0120F0E700A00450014B0122D2
:106C58005A60704700A004502DE9F04F264C85B0CB
:106C6800054698460E46174600F0C2F82378814636
:106C7800AB4211D16378B3420ED194F90230BB42D2
:106C88000AD1E378834207D1A388A8F8003094F9A1
:106C9800060005B0BDE8F08F012D06D0022D10D0FA
:106CA80040F28F410620F9F78DFC00200DF10F030B
:106CB8003A46314600F0A2F8824620B14121A92087
:106CC800F1E70120F2E730469DF90FB0FFF7B6F97A
:106CD800A91E0346CDF800A04A4258464A414146FB
:106CE80000F03CF8B8F80030A071A38025706670F9
:106CF800A77084F80390CAE75E050020014B1B6863
:106D08001B68184790050020014B1B685B681847F3
:106D180090050020014B1B689B68184790050020D0
:106D2800014B1B681B69184790050020014B1B6825
:106D38005B69184790050020014B1B689B69184741
:106D480090050020014B1B68DB691847900500205F
:106D5800014B1B689B6A18479005002030B4044C0F
:106D68009DF8085024680295E468A44630BC604742
:106D78009005002000220D49134610B540FA02F490
:106D8800E40744BFCA545C1C02F1010248BFE3B2E5
:106D9800042AF3D1054AFF24D118032B01D9107115
:106DA80010BD013301F8014BDBB2F6E7D01A002021
:106DB800CDC40000D3C40000D5C40000FBC400004B
:106DC800D9C4000005C50000DFC400000FC50000DD
:106DD800E5C400001BC50000F1C40000F5C40000B4
:106DE800E7C40000EDC400000BC5000015C5000095
:106DF800014B187D704700BF48160020042810B5C5
:106E080011D883B104280CBF10242824A1420AD227
:106E1800064C54F8200018B141568A42A8BF0A46C9
:106E280000201A7010BD6FF01500FBE7481600200F
:106E38000728034611DC10F12D0F10DB094A101842
:106E480090F82E0002EBC00292F93C209A4207D03B
:106E5800002918BF0130C0B270471B2070470020BE
:106E6800704700BFF8EB0200072808B507DCFFF7FA
:106E7800DFFF044B03EBC00393F93C0008BD082077
:106E8800FCE700BFF8EB020010F0FF0008B5074B65
:106E980005D0012807D04D21B52002F091F8012234
:106EA8009A601A6008BD5862FCE700BF00E0105005
:106EB80010F0FF0008B5124B05D001281AD07C212C
:106EC800B52002F07DF801225A60DA600D4AC3F855
:106ED80000011070D3F80824D2070AD4D3F8682424
:106EE80012F0010202BFC3F81021C3F81821C3F839
:106EF800142108BD00229862C3F81C21EAE700BFEC
:106F080000E010505D160020014B01221A707047F6
:106F18005D16002008B50B4B28B101280BD0C22103
:106F2800B52002F04DF8D3F8103113B9064B187894
:106F380008BD0120FCE7D3F81C01003818BF012068
:106F4800F6E700BF00E010505D160020024BD3F8B2
:106F5800080400F00100704700E01050024BD3F81D
:106F6800480400F00100704700E01050024BD3F8CD
:106F78004004C0B2704700BF00E010500749024605
:106F8800D1F84C04D1F84C1410F4803005D0D0B2AC
:106F980001F003031B1A58425841704700E0105093
:106FA80038B51A4BD3F80C34DA0304D440F27D1107
:106FB8006D2002F005F8164A0124164B106A536634
:106FC80020F03F0094645464136CDB03FCD4136A10
:106FD800116C03F03F03C1F30A01C1F5806181EA36
:106FE800E1750B29A5EBE17509DD3F2B04D00133D1
:106FF80003431362172DE6DC0023936438BD0B317D
:10700800F8DA002BF8D0013BF2E700BF00E010509F
:10701800000812500100008038B50B4C23781BB1D2
:1070280000232370FFF7BCFFEFF3108572B6637877
:1070380003F0FF000BB9FFF73BFF05B962B6034B3E
:1070480000225A6638BD00BF6016002000081250A2
:1070580070B5174D012204460E462B18DA7005F05C
:107068005AFAA0B934B1012C0FD040F229116D2081
:1070780001F0A6FF11232A19012105EB840451719F
:107088000C4AA660C2F8043370BD8023F3E7002ED3
:10709800FAD034B90220B047002305EB8405AB6071
:1070A800F2E7012C01D12046F5E74FF4A271DEE7A3
:1070B8006016002000E01050044B0022191803EB62
:1070C80080034A719A60CA70704700BF601600203A
:1070D800014B1882704700BF60160020014B588A88
:1070E800704700BF60160020014B188A704700BF28
:1070F8006016002010B5EFF3108472B6064B0344F7
:107108005A780132D2B25A705B78012B01D1FFF75D
:10711800BBFE04B962B610BD60160020034610B568
:10712800EFF3108472B611490B445A7822B940F231
:107138005B216D2001F044FF5A78013AD2B25A70AF
:107148005B7883B90B7D43B1094BD3F80C34DB036F
:1071580006D44B7803F0FF002BB9FFF7A9FE02E035
:10716800487D02F0ADF804B962B610BD6016002083
:1071780000E0105010B505F0D1F90C4C05F0CBF932
:1071880060B1A37D3BB90A4B01229A610423E375E0
:107198000023237610BD05F0C4F9F9E70323012283
:1071A800E375034BC3F80423F2E700BF6016002021
:1071B80000E01050014B01221A62704700E01050A5
:1071C800044B587E28B1044BD3F81001B0FA80F074
:1071D800400970476016002000E0105038B50C4B8D
:1071E8005D7E5DB901245C7605F098F9094B1022A3
:1071F800C3F81051C3F80423DC6138BDFFF7E0FF82
:107208000028FAD040F297216D2001F0D9FE00BF86
:107218006016002000E01050024BD87D003818BFDF
:10722800012070476016002038B5174C237D23B91C
:1072380040F20A316D2001F0C3FE01232370A37DC3
:10724800C3B9A37EB3B1227E013B9A4212DA05F09C
:1072580062F9054601F0CEFFA37E012B82BF237E93
:107268000133237655B1E369C31A0133022B09D9D7
:1072780035B1E061BDE83840FFF77CBF236AF3E72A
:107288002062F7E738BD00BF6016002037B5184CFC
:10729800A37D63B9606A00F00300FFF76FFE30B1A9
:1072A800EFF3108372B6E27D1AB103B962B603B088
:1072B80030BD0122E27503B962B608230D4DC5F849
:1072C80008334FF42073ADF80630BDF806309BB292
:1072D8005A1E92B2ADF80620002BF6D1C5F80C3133
:1072E80084F82830FFF746FF0823C5F80433DEE7A3
:1072F8006016002000E010502DE9F74F524C237D16
:10730800002B00F09D800323ADF804304F4BD3F8D9
:107318000051D3F81C21003D18BF012522B10122DC
:1073280045F080058DF80520D3F80881D3F814219D
:1073380012B9D3F8183173B1444B0026C3F814615D
:10734800C3F81861C3F81061637E0BB105F0E9F862
:10735800667605F059FA3D4BD3F810316BB3637E6E
:107368001BB105F0DEF800236376637913B10223BD
:107378008DF8043045F01005354E0DF1040A334BF5
:107388004FF00009F71EC3F808531AF8010B032839
:107398000AD03B7843B14FF0000B336887F800B050
:1073A80013B19847C6F800B009F101030436013754
:1073B8004FF00109022BE8D101E0002DDCD1B8F132
:1073C800000F08D0214B0022C3F808210422C3F87B
:1073D8000823FFF75BFF94F82860EA071B4BF6B217
:1073E800D3F80C7108D5E27D032A05D1A27D82B9B4
:1073F8000422E27501229A61A7B1144B0022C3F856
:107408000C21E37D042B09D040F26D316D2001F091
:10741800D7FD05F086F80223E375EDE70223E3754F
:1074280005F07FF866B1002384F82830E37D022B4D
:1074380001D1FFF79FFE03B0BDE8F04F05F071B82A
:1074480003B0BDE8F08F00BF6016002000E01050C8
:107458006816002010B5054C606A00F00300FFF7BD
:107468008DFD0028F8D0002010BD00BF6016002058
:10747800F8B5054650B10278022A07D8437842B9D0
:10748800013B1F2B02D88378212B07D96FF01500F9
:107498008CE0002BFAD18378002BF7D1654B4FF4A1
:1074A8008042C3F8A020BFF34F8FBFF36F8F624EA7
:1074B800C3F8A021FD23614CC6F808330023C6F8A1
:1074C8001C31C6F80031C6F80831C6F80C316370B3
:1074D800A370AB886382FFF739FD10B10123E37015
:1074E8006370D6F80C0440F2563310F480302382CF
:1074F8001BD0FFF709FD524801F0B8FE4E4E60233D
:1075080060750022C6F804332B78A978012B6276BF
:107518006262A375A176227620D0022B17D0F3B130
:1075280040F222516D2001F04BFDC6F81001FFF723
:10753800ABFC414AD2F81031002BFBD0FFF730FDED
:107548000020FFF7B5FC3F4B00225A66D3E704F052
:10755800E5FFD6F80C34D903FBD502236362FFF7A5
:10756800FDFC48B3FFF702FD636A03F0030398428A
:1075780022D1AB79DBB9FFF76DFFA37E63B12B781E
:1075880053B904F0C8FF054601F034FE6FF000431C
:10759800002D4CD0C4E9070301234FF4804200209A
:1075A8002375244BE075C3F8A0211A62F8BD224B5D
:1075B8000422C3F80423E0E71F4B012200215A618B
:1075C800C3F8081194F82410C3F840141A6104226F
:1075D800C3F80423AA79002ACFD1D3F80423520789
:1075E80002D440F2D5419DE7174A1769116907F09F
:1075F800100741F010011161D3F808310BB905F0FB
:107608005CFB0D4ED6F8083173B1FFF723FF27B99D
:107618000D4A136923F0100313610423C6F80833D5
:107628000023C6F80831A8E705F045FBEAE7C4E9F6
:107638000730B1E700E100E000E0105060160020DC
:10764800217000000008125000ED00E038B50E4B24
:1076580004460D461A791AB183216F2001F0B0FC57
:1076680001280DD803445A790AB1002038BD0122F7
:107678005A71FFF73FFD29462046FFF7E9FCF4E77A
:107688006FF01500F2E700BF8C16002070B50C4DA6
:1076980004462E791EB19A216F2001F091FC012831
:1076A8000BD805446B790BB9002070BDFFF704FDBA
:1076B80020466E71FFF732FDF6E76FF01500F4E72C
:1076C8008C16002010B501B3F0B14FF0FF33104A0B
:1076D8001C46E0FB0134944203D9DB216F2001F002
:1076E8006FFC1A0DC3F30F100A4B42EA04324FF233
:1076F8002444B2FBF4F100EB024003FB1100B0FBA1
:10770800F4F040EA0140013010BD0846FCE700BF34
:107718003F420F00000024F4014B9B68184700BF4C
:107728008C160020014BDB68184700BF8C16002020
:10773800014B1B69184700BF8C16002008B5064B83
:107748001B7923B140F237116F2001F039FCBDE8F5
:107758000840FFF769BD00BF8C160020034B1A795B
:107768000AB9FFF7BBBC988D704700BF8C16002084
:10777800034B1A790AB9FFF7B7BC988A704700BF5C
:107788008C160020024B1B790BB9FFF77FBD7047A1
:107798008C160020014B9B69184700BF8C160020EF
:1077A80038B51D4C237933B3FFF7C2FF50B91B4DD1
:1077B800C5F81001FFF7B0FFD5F81031002BFBD04A
:1077C800FFF7B0FF154B6022C3F80423636A98479C
:1077D800002806DB94F82E3023B10123002084F81A
:1077E800303038BDFFF7D6FF0028F6DA40F28D11A9
:1077F8006F2001F0E5FB0A4BA3610A4BE3610A4BDA
:1078080023620A4BA3600A4BE3600A4B2361FFF72C
:107818002FFE0028E1D0E4E78C16002000E010508D
:107828005D74000037C500002172000025C5000006
:107838002BC5000031C5000038B5084B04461D793A
:1078480025B140F2E1116F2001F0BAFB00F05CFEB7
:107858002046FFF73DFC284638BD00BF8C160020A7
:1078680008B5074800F03EFE054800F019F801F099
:1078780075F901F097F800F035FA012008BD00BF4E
:10788800C016002008B5054B1A781AB12721032025
:1078980001F096FB5860197008BD00BFC81600209B
:1078A800024B986000221A705A607047C816002070
:1078B800F7B51E4C2378012BDAB204D0022A2ED059
:1078C800012003B0F0BD0DF10701606800F026FA51
:1078D80065686B7DDB071CD5AB7F042B19D000F0E6
:1078E80095FE0646A8B100F097FE2B69D5E900275A
:1078F8009A18B36847F100070A332CBF0125002501
:107908001B1845EB01059342BD4102D3606800F0A6
:10791800D3FA0023636023709DF80700D1E70DF1C7
:107928000701606800F004FAF3E700BFC8160020FA
:1079380073B505460C4600F069FE0646AB7F012B81
:107948001AD021462B4604F1180251F8040B914233
:1079580043F8040BF9D101230DF107012846AB7751
:1079680000F0DCF916B1012002B070BD034B042110
:10797800986805F002F9F6E70020F5E7C816002038
:10798800024B0621986805F0F8B800BFC816002019
:10799800042300F118028377002303764376837665
:1079A800C376044B196811B91A605A607047596850
:1079B8000A60FAE7D41600202DE9F843174E002490
:1079C80007468846B368204633B928B3144B18785D
:1079D800BDE8F84301F074BC53E9061553F8082CC8
:1079E800D3F80090521845F10005BA4275EB080526
:1079F80010D24CB1226812682260A3F11800FFF778
:107A0800C7FF01204B46DFE7B268002AF5D01268AD
:107A1800B260F2E71C46F5E7BDE8F883D41600200B
:107A28009405002000232DE9F04713600646324BE9
:107A3800986800285DD0A0F1180550E9063CB342CB
:107A48007CEB01040AD250F8084CE3184CF1000C06
:107A58009E4271EB0C043CBF33468C4650F8104CE8
:107A680000270A3447F10000E3184CEB000C2846C5
:107A7800D5F81890B9F1000F3BD059E906E89E45B2
:107A880078EB0C0435D290F814A019F8044CA245F0
:107A980026D08CBF01240024F4B105F11803B645A3
:107AA800136078EB01030CD259F8083C13EB0E0372
:107AB80048F100089E429E4671EB08033CBFB6465B
:107AC800884659F8103CA9F118000A3347F1000C10
:107AD80013EB0E0348EB0C0CAD6955B1183DC7E725
:107AE800B9F80440B0F81CA0A4EB0A04C4F3C034ED
:107AF800D2E7BDE8F08700BFD41600202DE9F04F8B
:107B080085B082834F4A04460091D2F808C094F8A1
:107B18001580D0E90030BCF1000F40D0ACF118015D
:107B2800002708F00109D1E90026934270EB060509
:107B38006ED3B9F1000F2CD0277D0D7DAF4228D32D
:107B48008D68AD1846F1000615F10A0A46F1000ED7
:107B5800534570EB0E0219D22269D21840F1000782
:107B680092457EEB070B01D252467746AA42B741AF
:107B78000FD220460024FFF70BFF334B187801F093
:107B88009FFB009B1C7005B0BDE8F08F1A460746A6
:107B9800ECE78A690F4622B1A2F11801C3E76246F1
:107BA800674618F0010F38D0A168C91840F1000BDA
:107BB800019192B3019DD2E9001615F10A0E4BF11D
:107BC8000005714576EB050527D294F814E0157D7C
:107BD800AE4519D395686D1846F1000615F10A09E6
:107BE80046F100084B4570EB080113D22169C9180A
:107BF80040F1000E894578EB0E0A01D24946C64687
:107C0800A9427EEB060EB4D3926932B1183AD1E795
:107C18000A46C6E719468646F2E704F118035FB13B
:107C2800BA69A261BB6103AA00200021FFF7FAFE2E
:107C3800231A5C425C41A4E7024AC4F818C0936066
:107C4800F1E700BFD416002094050020F8B5244CB5
:107C58000023E360EFF3108272B621686360E1608D
:107C6800236002B962B60026E36803B9F8BD9A79C1
:107C7800A3F11800032A07D11A6801219E7153F84D
:107C88000C3CE2609847EFE7196851B1A1F118037D
:107C9800074600229D7F042D09D09B7F032B02D12C
:107CA800B2B9E16017E063219F2001F089F9B0F8CB
:107CB8001CC09D8BA5EB0C052D049D6944BF07F1E5
:107CC80018021846002DEBD01F46A5F11803E1E76E
:107CD80013681B681360C36802218677D2E700BF68
:107CE800D416002010B50A4C2378FF2B04D04FF48B
:107CF80083719F2001F064F9064801F0B7FA064B3A
:107D0800002220709A601A605A601A8210BD00BF63
:107D180094050020557C0000D4160020034B1A8AD5
:107D280010B4541C1C8210BCFFF7E8BED416002007
:107D380037B504460D4601AA00210020FFF772FE60
:107D4800231A04F11801584258412870044804F0D5
:107D58003AFF10B100230120A37703B030BD00BF64
:107D6800DC16002038B5114B044600F118011A68DA
:107D7800B2B11A6800209AB191420ED108B1A56932
:107D880005601D68A94204BF12681A605A689142CA
:107D980000D158600023A37707E010461268EAE78D
:107DA800034804F010FF0028F4D138BDD416002091
:107DB800E016002037B505460C46FFF7FDFD01AA81
:107DC80028462146FFF72EFE28B100F11803034A82
:107DD800536103B030BD0346F9E700BFD416002055
:107DE80010B5064C616904F1080004F0ECFE18B106
:107DF800606900231838636110BD00BFD4160020E5
:107E08009C46144BF0B59D68FDB115F8043C183D2F
:107E1800834218D812F10A04D5E900364CF1000162
:107E2800A34276EB01070BD22F69FF1846F1000633
:107E3800A7428E4107D3B4F10A0041F1FF31F0BDEA
:107E48001C463146F7E7AD69DEE74FF0FF300146E3
:107E5800F5E700BFD416002008B5837F022B1CD19C
:107E6800437D13F0020302D00023837708BD032269
:107E7800037643768376C3760D4B827700F118023A
:107E8800196839B91A605A600A4B1878BDE8084071
:107E980001F016BA59680A60F5E7837F012BE5D02F
:107EA800837F042BE2D04FF4FA719F2001F088F809
:107EB800D41600209405002010B500F118010446DE
:107EC800084804F080FE20B94FF4FF719F2001F0AC
:107ED80077F82046FFF75CFD034BBDE810401878A3
:107EE80001F0EEB9DC160020940500202DE9F74FCB
:107EF800D0F810E0BEF1000F04D040F21D219F2001
:107F080001F05EF8836890F814800193D0E90014BA
:107F1800EFF3108972B6274BB3F810C09B686BB1AA
:107F2800019D183B0A35D3E900264EF1000A6D1869
:107F380044EB0A0A95427AEB060707D2B9F1000F1B
:107F480035D0C0E9001403B0BDE8F08F8A4276EB63
:107F580004070CD31F69BF1846F1000BAF427BEB37
:107F68000A0B34BF0125002575B99B69D7E712F1C3
:107F78000A0A9D6846F1000715EB0A0547F1000754
:107F8800A94274EB0707ECE71D7DA84509D0ECD999
:107F980012F10A019D6846F10004691844F10004D1
:107FA800E3E79D8BA5EB0C052D04DED5F0E762B663
:107FB800C7E700BFD4160020034B187800F0FD0077
:107FC800431E584258417047F0160020024B0521C5
:107FD800586804F0D2BD00BFF016002038B5FFF78E
:107FE800FFFE002580B1094CC4E90205256100F0B7
:107FF800F7FCA068022329468377C3689847D4E929
:10800800060104F0BCFB012038BD00BFF0160020BB
:10801800064B986810B520B94FF42471B02000F0D1
:10802800CFFFC3680521BDE810401847F0160020AF
:108038002DE9F74F2F4C814694F82430266A002BFF
:108048003AD1FFF7B9FF804618B1E38C9E4238BF9A
:108058001E4600F0C1FD83190F46054641F1000197
:108068001846CDE90013FFF7A5FE40B3019B009920
:10807800D0E900AB534571EB0B0205D2BAEB06050C
:10808800534659466BF1000728461B4AC4E9063196
:1080980000233946C4E90A57236300F071FD5046AE
:1080A800594604F0ADFBB8F1000F02D0E38C9E42B4
:1080B8001DD00223114A13E04FF00008C9E794F8D5
:1080C800243033B12378023B012B02D8636B0120A3
:1080D8009847002584F8245004F093FB2B46084A5F
:1080E80084F83830C9F8002003B0BDE8F08F0123C8
:1080F800E0E700BFF0160020D57F000039820000BD
:108108008BC700002DE9F04780460F469146444C46
:10811800002B6FD04FF0000AD3E90065C4F830A0F7
:10812800864275EB01033CBF0D460646294630469C
:10813800C4E9066504F064FBE38CB6EB080803F1B8
:10814800640365EB070743455346BB410FDA94F8D0
:1081580024304BB12378023B012B02D8636B0120FA
:108168009847002384F82430FFF726FF8246236AC5
:1081780003F5E173984577F100071CDABAF1000FAF
:1081880010D0E08C274A301A65F10001C4E90A01D1
:1081980000F0F6FC0623244A84F83830C9F8002099
:1081A800BDE8F0871F4A30462946C4E90A6500F051
:1081B800E7FC0523EFE704F026FBFFF7B3FAE08CB2
:1081C800236ABAF1000F0BD0984209D9301A154A20
:1081D80065F10001C4E90A0100F0D2FC0123DAE7E5
:1081E800F01A104A65F10001C4E90A0100F0C8FC60
:1081F8000223D0E794F8243033B12378023B012BD3
:1082080002D8636B01209847002584F8245004F0B5
:10821800FAFAFFF787FA04F0F4FA2B46034ABBE7A9
:10822800F0160020D57F0000398200008BC70000BF
:10823800023970B50546032900F20D81DFE801F027
:1082480006020840854B002283F83920002024E0EC
:10825800824C94F83830042B09D8022B28D8013BDB
:10826800012B1BD940F27911B02000F0A9FE053B83
:10827800012BF7D8FFF71CFB0028E7D000F09CFC87
:1082880000F0AAFC06460C46FFF794FD2A46034672
:1082980021463046FFF736FF022070BDFFF708FB86
:1082A8000028D3D000F088FC2846FFF7C1FEF3E78A
:1082B800FFF7FEFA0028C9D0012384F83930C5E752
:1082C800664C94F83830013B052B00F2C180DFE89A
:1082D80003F0032956788097FFF76EFE10B194F8E3
:1082E800240010B140F28311BEE7636B9847012365
:1082F80084F8243000F070FCA36A594AC01A236B32
:108308009842ACBF2063236304F118000BC8C01A5D
:1083180061F10001C4E90A0100F032FC022384F88B
:10832800383093E704F06EFAFFF7F6F900F054FCE2
:10833800A36AC21A236B9A42B8BF1A462263FFF790
:108348003BFED4E9063168B194F8240050B9E28CB8
:10835800981A434A61F10001C4E90A0100F010FCCF
:108368000323DCE7323B41F1FF31981841EBE2711E
:108378003B4AC4E90A0100F003FC0423CFE7FFF7F6
:108388001BFE10B194F8245015B14FF4DA716BE765
:1083980000F022FCA36AC01A236B9842ACBF20638A
:1083A80023632846636B98470123D4E9060184F8C0
:1083B80024303238236B41F1FF31C01841EBE371AF
:1083C800D6E700F03DFB78B194F83930002B7FF404
:1083D80057AFFFF703FE00283FF452AF002384F89D
:1083E8003830204B2B6057E700200021FFF7E2FCD4
:1083F80008B1FFF761FD04F006FAFFF793F953E7B8
:10840800FFF7DAFD10B194F8245015B14FF4FD715F
:108418002AE700F0E1FBA36AC01A236B9842ACBFBD
:10842800206323632846636B984701230C4A84F82A
:108438002430236BD4E90601323841F1FF31C018EA
:1084480041EBE371C4E90A0100F09AFB052366E7F2
:108458004FF4047108E740F2152105E7F0160020F3
:10846800D57F00007184000002392DE9F0410646ED
:1084780004292FD8DFE801F0030A0C2E0F00184A50
:108488001378003B18BF012382F8243000201FE036
:10849800FFF70EFAFAE7DFF8488000F0B1FA00F0CB
:1084A8009BFB0C460546FFF785FC0746D8F80800F5
:1084B800FFF7D2FC002300222846C8F80830002322
:1084C8002146C8E906233B463246FFF71BFE022039
:1084D800BDE8F08140F23B21B02000F071FD00BF03
:1084E800F0160020064A002310B5064C02606060B2
:1084F80084F838302370FFF73BF93230206210BD22
:108508008BC70000F016002008B5074B5A681168A1
:10851800064A914204D040F27521B02000F050FD87
:108528003230186208BD00BFF01600208BC700006B
:1085380010B5EFF3108472B6034B0421586804F0A9
:108548001CFB04B962B610BDF016002008B5094B33
:108558009A6822B940F29621B02000F031FDD3E9A3
:108568000621BDE808408018034A41F1000100F0E7
:1085780007BB00BFF01600201980000008B5064BA5
:108588009B6823B94FF42771B02000F019FDBDE8AE
:10859800084000F011BB00BFF016002008B5054BDD
:1085A8009A6822B940F2A221B02000F009FDD860F3
:1085B80008BD00BFF016002008B5054B9A6822B91F
:1085C8004FF42A71B02000F0FBFC186108BD00BF11
:1085D800F0160020054B1B6910B523B940F2AE21F7
:1085E800B02000F0EDFCBDE810401847F016002060
:1085F800054BDB6810B523B94FF42D71B02000F09E
:10860800DFFCBDE810401847F0160020014B9868C1
:10861800704700BFF016002008B5054B9A6822B9CC
:1086280040F2BF21B02000F0CBFCD3E9060108BD21
:10863800F016002008B5FFF7BFFC08B1014BD88C35
:1086480008BD00BFF01600200028ADBF00F1604053
:1086580000F00F00044B00F56140B4BF185C90F8BF
:1086680000034009704700BF14ED00E02DE9F04118
:1086780005460E46E1B9114F3B681BB186214520DE
:1086880000F09EFC38600E48FFF788FF0D48FFF7A2
:1086980093FF04F010F86B7D04465B0708D503F0E0
:1086A80053FF0A34241A7C6000F0A8FA0028FBD093
:1086B8002B6A3146686ABDE8F04118473017002038
:1086C800F1860000D1860000064B1B6810B51BB967
:1086D8007221452000F074FC1A6A0421586ABDE82A
:1086E8001040104730170020064B1B6810B51BB907
:1086F8006C21452000F064FC1A6A0321586ABDE821
:108708001040104730170020024B00221A601A81CF
:10871800704700BF3017002008B5074B1A681AB910
:10872800B921452000F04CFC0449D16000221A60B0
:10873800BDE80840FFF724B930170020758600000F
:1087480030B587B00C46182200210546684604F06B
:108758003EFB637A4FF000026168C3F38003029125
:1087680083F0010363F38202237A8DF81430224BDD
:108778008DF81520039323785BBB9DF81500D4E989
:1087880004324007CDE9003207D50A3B01F10A015E
:1087980042F1FF320291CDE90032637A69469DF8D1
:1087A8001520C3F3400322F003025B0043F00103EA
:1087B80013438DF81530114B5868C0F30800B8B151
:1087C8001038FFF741FF98B92846FFF7B1F807B00E
:1087D80030BD2369049303F0B1FE9DF815305B07A3
:1087E80044BF029B0A33CDE9000148BF0293D4E796
:1087F800284603F0B1FEEAE77586000000ED00E0C8
:1088080008B50A4B02465868C0F3080040B1103852
:10881800FFF71AFF20B91046BDE8084003F0E2BE92
:108828001046BDE8084003F0AEBE00BF00ED00E012
:1088380008B50A4B1B6823B94FF4EE71452000F0C8
:10884800BFFB5B7D5B0703D4BDE8084003F033BF83
:1088580003F031FF0A3041F1000108BD3017002054
:1088680070B50B7886B023B140F21F21452000F087
:10887800A7FB4C7A4FF000060593C4F380034D68BC
:1088880083F00103029563F382060B7A8DF81430A6
:108898000F4B8DF8156076070393D1E90431CDE9C4
:1088A800003107D50A3B05F10A0541F1FF31029570
:1088B800CDE900319DF81530C4F3400469460492AF
:1088C80064F341038DF8153003F046FE06B070BD21
:1088D800758600007FB503F031FE002305930B4B2E
:1088E800039340F21E2302934FF0FF33CDE90001BA
:1088F800694607480493FFF71BF818B9B0214320CD
:1089080000F05EFB07B05DF804FB00BF4189000082
:108918006817002010B5074C94F820304BB9FEF7C3
:1089280007FF30B9012384F82030BDE81040FFF775
:10893800D1BF10BD6817002008B505292DD8DFE87C
:1089480001F0032E282C2C0D03F0F4FD144803F03D
:10895800B4FE1E38BDE8084003F0F2BDFEF7E8FE9D
:1089680038B10F4B002283F82020BDE80840FFF7FC
:1089780007B803F0E1FD08B903F0DCFD00214FF46E
:10898800007003F06AFE0028E0D1CE21432000F0F9
:1089980017FBBDE80840FFF79DBFDA21F6E708BDE1
:1089A800681700204FF000430B4A0021C2F88030BE
:1089B800A2F58022C2F88031012302F57832C2F88C
:1089C8000435A2F58022C2F804352022034B18464C
:1089D80083F8201004F0FBB900400C506817002001
:1089E80008B515F0A7FF054AD2F8583743F0010338
:1089F800C2F85837BDE80840FFF78CBF00200E507A
:108A080008B515F0A7FF0B4AD2F8583723F0010331
:108A1800C2F858370122084B5A604FF0FF32C3F8AA
:108A280008232022054BC3F89021BDE8084000F038
:108A3800C3B800BF00200E500050085000E100E00D
:108A480008B5FEF775FEB0B90D4BD3F800314BB938
:108A58000C4A536A0133312B53620BD981214320CD
:108A680000F0AEFA03F068FD08B18521F7E703F0DE
:108A78005FFD012008BD034B00225A62F9E700BFE1
:108A880000E010506817002040F20251014808B574
:108A980000F08CFAF25D03001848202208B5C0F8EF
:108AA8009020BFF34F8FBFF36F8F154BC0F8902105
:108AB800D3F8041521F00301C3F80415D3F80815F9
:108AC80041F00301C3F8081592FAA2F1B1FA81F155
:108AD800092904DD40F29F310A4800F067FAC3F81B
:108AE800101501215960D9604FF00041C3F880107A
:108AF8004FF0FF31C3F80813026108BD00E100E040
:108B080000500850F25D0300124B4FF4E062C3F8C6
:108B180038230022C3F8AC25C3F8BC25C3F8CC25FC
:108B2800C3F82021C3F82421C3F8282120220A4BA6
:108B3800C3F89C21C3F89C20BFF34F8FBFF36F8FFE
:108B4800C3F89020BFF34F8FBFF36F8FC3F8902106
:108B5800704700BF00200E5000E100E008B5FFF7A5
:108B6800D3FF054B4FF4A062C3F834232022034BF4
:108B7800C3F89C21DA6108BD00200E5000E100E036
:108B88000B4B10B51C681CB14B21042000F018FADF
:108B9800B1F5801F1A6001D3FFF776FF054B01225C
:108BA800C3F8A005C3F8A415C3F8AC2510BD00BFD1
:108BB8009017002000200E50054A136833B1002397
:108BC8000449C1F8AC35C1F820311360704700BFC3
:108BD8009017002000200E5030B54FF0FF30064CA3
:108BE8006FF04041D4E90023904271EB0305F9D3BB
:108BF8001046C3F3130130BD40270E5008B5FFF7E8
:108C0800EBFF044BD3E90223904299412CBF01208A
:108C1800002008BD9017002008B5FFF73DFF024B64
:108C280001221A6008BD00BF0050085010B5FFF7B8
:108C380033FF0F4C0023C4F8BC35C4F82431FFF7C8
:108C4800CBFF0A3041F10001B1F5801F01D1FFF7D8
:108C58001BFF4FF00043C4F8B005C4F8B415C4F8BE
:108C6800A4310123C4F8BC35024BC3E9020110BD8D
:108C780000200E5090170020144BD3F8342312F420
:108C8800A06F10B503D1FA21042000F099F9D3F8A8
:108C9800202162B100220E49C3F8AC25C3F8202177
:108CA8000B6813B94FF48171EEE70A609847074BD8
:108CB800D3F828214AB10022C3F8CC25C3F82821CB
:108CC800034BBDE810401B69184710BD00200E502B
:108CD80090170020034610B3007888B91A79012A42
:108CE8001ED85A79012A1BD89A680E49643A8A42D2
:108CF80016D8D8680C4B98422CBF0020012070472A
:108D080001280CD11A79012A09D85A79012A06D8DA
:108D1800DA680449643A8A4201D89868EAE7002088
:108D2800704700BF3C8601000040420F70B5044602
:108D380003F004FC40F2F966656AD4E9063296331A
:108D480042F100025B1905F5DF6542F10002B5FB4F
:108D5800F6F55B1942F1000283428A410ED294F87B
:108D68002A30052B03D0B3216A2000F029F90A2103
:108D7800236A94F858009847B621F5E7044C23680D
:108D880013B1984700232360BDE87040FFF7C4BCC7
:108D9800A417002070B504460D4639B9012380F8A0
:108DA8005930FFF7C3FF0226304670BD0E78032EF8
:108DB80070D801A353F826F0AF8D0000D18D0000C4
:108DC8003B8E0000F38D00004868C72801D80026B4
:108DD800EAE7042103F041FC0028F8D003F0B2FBD5
:108DE8006968204603F034FDDEE790F8286006BB8A
:108DF8004D682846FFF76EFF00284BD02B78D3B973
:108E0800012121702B796A79003B18BF0123002AC0
:108E180014BF0422022243F004032272AA68A53276
:108E28006260EA6863720323226184F82A3084F856
:108E380029102046B5E794F82A30052B04D040F2D3
:108E480093116A2000F0BCF8267004F130002B79E9
:108E58006A79003B18BF0123002A14BF04220222AA
:108E680043F004032272EA686372A532A96862605B
:108E7800D4E906325B1842EBE1722146C4E90432B8
:108E8800042384F82A30FFF75BFC0028D1D140F294
:108E98009511D6E7012384F85930CAE72DE9F8433C
:108EA8008846074658B300F02FF84FF000090446EB
:108EB8005FFA89F6B44203D86FF00B00BDE8F88377
:108EC800304609F1010900F025F890F82A50002DE4
:108ED800EED1304600F01EF80A490446058580F8B0
:108EE8002A50024680F85860303003F061FC0123B4
:108EF8002762284684F82A3088F80060DEE76FF099
:108F08001500DBE767C80000014B1879704700BF00
:108F1800A8170020044B1A79824283BF1B6860227D
:108F280002FB003000207047A81700200A4610F006
:108F3800030110B50AD1074C2271206008B900203E
:108F480010BD60235A4303F042FFF8E76FF00D00AD
:108F5800F6E700BFA8170020BFF34F8F0549064B5F
:108F6800CA6802F4E0621343CB60BFF34F8F00BFBF
:108F7800FDE700BF00ED00E00400FA05094B0122FF
:108F88005A604FF0FF32C3F808234FF40062064BD3
:108F9800C3F88820BFF34F8FBFF36F8FC3F88821C2
:108FA800704700BF00B0045000E100E008B572B699
:108FB800024B5B6803B19847FFF7CEFFB01700205C
:108FC8001FB572B6144B5C6894B9FFF7C5FFB2FBC6
:108FD800F6F22B465D1C002AF9D1DBB203F110052D
:108FE8006D4405F80C2C0A2233B901A8A047ECE718
:108FF800024600230A26EDE7013BDBB203F1100528
:109008000DEB0506B0FBF2F502FB1500303006F853
:109018000C0C2846E8E700BFB0170020F8B5234F2E
:1090280005460C4616463B78002B3CD103F072FAF5
:109038007E601F4B01263C814FF48062C3F8A46018
:109048001C4BC3F89020BFF34F8FBFF36F8FC3F84B
:109058009021FFF793FF184B002D14BF28461846A0
:10906800FEF79EFB0546E0B9FFF74EFBFEF78AFBCD
:1090780003F0D2FCFEF7F4FB18B9B8211120FFF772
:109088009FFF002C0BDB04F01F036409A4009E4023
:1090980004F1604404F56144C4F88061266001234A
:1090A8003B702846F8BD4FF0FF35FAE7B0170020AF
:1090B80000A0085000E100E010ED0200074BB3F9F2
:1090C8000830002B09DB5A09012103F01F039940DE
:1090D80002F14003024A42F823107047B0170020FB
:1090E80000E100E0014B1878704700BFB01700207E
:1090F8002DE9F84F0746894693469846374CDFF8DE
:10910800E0A0384D2E780136F6B2D5E84F3F01334E
:10911800DBB2C5E8403F0028F7D101216160C4F8FF
:109128000001C4F80401EFF3108072B62E4BC5F8A5
:109138000490AB60C5E905B33B68C4F810357B689B
:10914800C4F81435BB68C4F81835FB68C4F81C3576
:10915800264BC4F830351033C4F83835216000B9CF
:1091680062B6D4F800312BB9D4F8043113B92B788E
:109178009E421CD0B8F1000F09D00A9B3BB1D4F82D
:1091880040350A9AC8F80030D4F83C351360D4F852
:109198000431002BB5D12978B142B2D1C4F80031DD
:1091A800C4F804310323C4F80833BDE8F88FDAF8AB
:1091B8001030DB06D5D503234FF40061C4F804331F
:1091C8000B4BC3F88811D4F80031002BC9D1D4F85F
:1091D8000431002BC5D103F06EFDC2E700B0045086
:1091E80000ED00E0BC1700201000000BC0170020A5
:1091F80000E100E01A4B4FF4000270B5C3F8982064
:10920800BFF34F8FBFF36F8F164C0021164DC4F874
:109218000011C3F898212E692B6906F0100643F057
:1092280010032B610123C4F804332360D4F8003100
:109238009BB11EB92B6923F010032B610123D4F8CD
:1092480008054FF400026360C4F808330023C4F82B
:109258000031034BC3F8982170BD03F02CFDE5E7FE
:1092680000E100E000700D5000ED00E038B50B495A
:10927800042301EBC302157905F0FF042DB1013B6E
:10928800F7D240216920FFF79BFE41F83300012106
:109298005471D8B29471117138BD00BFE017002025
:1092A800042808B503D947216920FFF789FE034B35
:1092B800002203EBC0031A7108BD00BFE0170020AD
:1092C800042808B503D950216920FFF779FE094B16
:1092D80003EBC0000379012B01D05121F4E7437956
:1092E80082790133DBB29A4218BF4371BDE8084066
:1092F800FFF7E4BEE017002038B505240F4D95F8B8
:10930800281005EBC1031A79012A09D158799A79ED
:10931800904205D05A79D2B29A7155F831309847AF
:1093280095F82830013C0133DBB2052B28BF002318
:1093380014F0FF0485F82830E1D138BDE01700208B
:10934800094B0A4AC3F800230132C3F80C2301323F
:10935800C3F818230132C3F820230132C3F81C23B1
:109368000132C3F81021704700A0085004000080A3
:10937800074B0022C3F80023C3F80C23C3F81823B3
:10938800C3F82023C3F81C23C3F81021704700BF7B
:1093980000A00850844641EA000313F0030359D1A2
:1093A800403A33D3F0B4F0C9F0C0F0C9F0C0F0C906
:1093B800F0C0F0C9F0C0403AF5D2F0BC26E0403A1F
:1093C80024D300BF0B6803604B6843608B688360DD
:1093D800CB68C3600B6903614B6943618B69836127
:1093E800CB69C3610B6A03624B6A43628B6A83620F
:1093F800CB6AC3620B6B03634B6B43638B6B8363F7
:10940800CB6BC36340304031403ADBD230320BD3B0
:109418000B6803604B6843608B688360CB68C360EC
:1094280010301031103AF3D20C3205D351F8043B06
:1094380040F8043B043AF9D2043208D0D2071CBFE2
:1094480011F8013B00F8013B01D30B88038060460B
:10945800704700BF082A13D38B07B0D010F003035E
:10946800ADD0C3F10403D21ADB071CBF11F8013BCE
:1094780000F8013BA3D331F8023B20F8023B9EE7FA
:10948800043AD9D3013A11F8013B00F8013BF9D26B
:109498000B7803704B7843708B7883706046704705
:1094A80019CE000025CE000029CE000031CE0000E4
:1094B80035CE000053B94AB9002908BF00281CBF9F
:1094C8004FF0FF314FF0FF3000F00CB8ADF1080C51
:1094D8006DE904CE03F0C6FCDDF804E0DDE9022303
:1094E80004B07047704700BF08B5F7F7B9F9F8F747
:1094F8005BFEF7F7A3F8002008BDF8F7E7BD01F019
:10950800DEB801F0DFB801F0D7B803460222002028
:109518001A70052258709A70FC22D8705A7151221C
:1095280018719A717A22DA716FF016021A7258223B
:109538005A722C229A726F22DA72704700F0A6BE15
:1095480070B50446FCF7B4FB012805461AD1601C27
:10955800FCF7B6FBB0B1A3790020E61D63F03F032A
:10956800A371F8F71FFF38B110220021304603F02D
:109578002EFC0020257070BD3046FCF7B5FB002896
:10958800F2D0F6E70025F4E710B5044610220021D2
:1095980003F01DFC04F1100310220021184603F00B
:1095A80016FCFCF7BBFB0020F8F7FCFE20B12046B8
:1095B800FCF79AFB002010BDFCF77AFB0028F6D0D8
:1095C800F8E710B50446FFF715FEB0F5007F09DA95
:1095D80010F5007F08DD031EB8BF03339B10002081
:1095E800237010BD7F23FAE76FF07E03F7E78178D9
:1095F800008801F017B837B505460C4600880DF10C
:10960800060100F044FF2B882380BDF806306380F4
:1096180003B030BDF7B504462046F9F71DFB022814
:1096280005462ED004282CD12378072B18D13E20AC
:10963800F7F72AF978B9E37801A92279684643EA65
:109648000223ADF8003000F0A2FF0028E4D0532137
:109658000820F6F7B7FF0520F7F75AF90028EAD0EF
:10966800204600F013F82678A7783046F7F70CF96B
:109678000028D1D03E2E04D13846F7F749F9002802
:10968800CAD0284603B0F0BD01F00CBD10B5037870
:109698000446192B12D89BB1013B182B10D8DFE8D0
:1096A80003F014190F444A50565C606272780F0F29
:1096B8000F1D666C7C82888E949AA000FF2B33D095
:1096C8004FF4EF71C720F6F77DFF0C2303700823D2
:1096D800637029E01A2303700123F9E72920F7F7BB
:1096E80017F930B13E232370222363702923A37016
:1096F8001AE00A20F7F70CF93E23237018B11F234C
:1097080063700A23F3E70123A37013236370E379DB
:1097180003F00103E371D4F81A30C4F80E30E38B78
:10972800638294F82030237510BD3E230370042310
:1097380043701423DBE73E2303700C234370042398
:10974800D5E73E2303700A2343700323CFE73E2364
:1097580003700D2343700523C9E7052323700423F1
:10976800B6E70823FAE7302303700323B0E73E2364
:1097780003700B2343700723B9E73E2303700623C6
:1097880043700C23B3E71323037083789B000133E2
:109798009EE75723037002239AE73E2303700623AC
:1097A80043701223A3E73E23037009234370132356
:1097B8009DE73E23037005234370202397E73E234C
:1097C800037009234370212391E7FF2303700B23C0
:1097D8004370A2238BE7FF23037005234370A32361
:1097E80085E7FF2303700D23437080237FE708B5C7
:1097F80010B96FF0150008BDFFF746FF0028F8D034
:109808000020F8E710B50C4648B141B1FFF702FF58
:10981800002820700CBF6FF02200002010BD6FF0F0
:109828001500FBE7F8B5941C0E46054617460C4490
:109838006343B3F5004FA8BF4FF0FF3310F00301A7
:109848009CB203D0B0211420F6F7BCFEB4F5004F4B
:1098580001D9B121F7E71422043003F0B8FAEF7404
:109868006C802E80F8BD38B50388C4888B42058982
:10987800C4F30E0203D2D1211420F6F7A3FE84EA22
:109888000503C3F30E030BB9AC4206D102F118036A
:109898000122C1528274184438BD1846FCE70231CF
:1098A80001444A43B2F5004FA8BF4FF0FF3290B2CF
:1098B8001B3020F00300B0F5004F34BF00B24FF06A
:1098C800FF30704740881B3020F00300B0F5004F90
:1098D80034BF00B24FF0FF3080B2704738B503880C
:1098E8008B4203D2F7211420F6F76CFE857C65B114
:1098F800C388C3F30E031833C25A8A4207D3C1522E
:10990800811DF7F715F800238374284638BD002514
:10991800FBE703461830F0B59E88DD88B4B2C6F37D
:109928000E06A54214D05F89DD7C845B3D44E41BB0
:109938000235A4B2354428440D88A54284BF0C8062
:1099480025465989B1FA81F149091170DD81F0BDC7
:1099580000252846FAE7F8B582880026C389044618
:109968000D4692B20E60CBB14189C2F30E020B4490
:1099780018329BB28718825A4381934204D94FF414
:10998800A2711420F6F71EFE04D1011DF6F7D0FFD0
:1099980046812F6000230120E381F8BD1846FCE7CB
:1099A8008388014602899BB29A4202D00831F6F7B1
:1099B800BFBF70478388C0889BB2C31A58425841BA
:1099C8007047828873B595B2C488C2F30E02AC4260
:1099D80002F1180212D04189C689835A314499424A
:1099E8000EDB0DF10601ADF80650F6F7A1FFBDF844
:1099F8000600001B18BF012002B070BD0020FBE765
:109A08000120F9E770B5C488034606891830C4F305
:109A18000E0584EA0602C2F30E020AB9B4420FD157
:109A28009C891A880CB1465B921B914207DCDA7C50
:109A38002C440232224410440A461A8270BD002285
:109A48001046FAE7F8B5038A002B38D08B4236D394
:109A5800C48800F118038589C4F30E041E1995B94A
:109A68001D55757085891E5B0D443144ADB28581E5
:109A78001953D2B1811DF6F75BFF002383810023C0
:109A880003820120F8BD1E5BAE4204D04FF4F6718C
:109A98001420F6F797FDC57C2644878A023535449D
:109AA8005E195F53857DB570DCE7C27C25440232C0
:109AB8002A4499189B5A83828B788375DFE70020A4
:109AC800E0E78388C2889BB29A4206D0428922B9CD
:109AD800C3F30E0318331844704700207047C37C43
:109AE8000233C81870470230704738B58388C28877
:109AF8009BB29A4207D045892DB9011DF6F718FF88
:109B0800C581012038BD0020FCE703881380C38885
:109B1800C3F30E031833034480890B60704703684E
:109B2800002223B9C0E90132031D03607047596858
:109B38001B680A44F5E70729034670B504D84FF4B3
:109B4800EC711520F6F73EFD0068C0B14468064682
:109B58001A688C4210D0106860B901F10805AC424F
:109B68000DD3546850501868651A54180068656019
:109B7800505002E01346E9E7146830461C6070BD97
:109B88000023C1E9003203680B600160704730B5FB
:109B980090B18478B1FBF4F304FB131300EB430298
:109BA80052898A4201D1D8B230BDC27822B900F1B7
:109BB8000803D0B2844201D8FF20F5E733F8025FEA
:109BC80001328D42F5D1EFE78278038805324B43A5
:109BD80003EB42031844704737B500240546CDE926
:109BE80000448DF806006846ADF80440F7F774F8AD
:109BF800BDF8044008B103B030BD29462046F7F748
:109C080047F80028EFD040F235211720F6F7DAFCA4
:109C180070B51E460D460921FFF741FE044632463F
:109C280009212846FFF73BFE40EA04031B0454BF02
:109C380000194FF0FF3070BD01230370704710B555
:109C4800FF238B70C2F3800301245B00DBB2CA18C8
:109C5800127D032A08BF0133CA18147503F10C04D6
:109C6800002201EB830321F814205B688A700360EB
:109C7800828010BDF8B50C46054611461E4684F094
:109C880001046400E4B2FF23837003191B7D012BD8
:109C980005D00134E4B203191B7D012B0AD105EB71
:109CA80044073B8B3A8C9819904205DD00232C44DD
:109CB8003B8323750020F8BD05EB840432466068B9
:109CC8001844FFF767FB3B8B1E443E830023AB70B1
:109CD8000120F0E781F00101490010B5C9B2FF2366
:109CE800837043181C7D012C07D10C3120F81120FA
:109CF80002221A750023837010BD0131C9B24318BE
:109D08001C7D012CF1D04FF499710920F6F75AFC0B
:109D1800024630B5837803F0FF00F3B9137D022BB8
:109D280019D0537D022B15D10346012089B1002497
:109D3800D5180C332C7522F81340131803241C75FE
:109D480002EB80035B680B6000F10C0332F8133000
:109D58008B80012030BD0123E8E70020FAE70346A5
:109D680030B5827802F0FF00E2B99A7D022A17D056
:109D7800DC7D022C13D1032281B11D1900200C3483
:109D8800287523F8140098180324047503EB82003F
:109D98000C32406833F8123008608B80012030BDE7
:109DA8000324E9E70020FAE7037D012B01D1008BAA
:109DB8007047437D012B0CBF408B00207047837D8B
:109DC800012B01D1808B7047C37D012B0CBFC08B49
:109DD80000207047027D022A01D1008B7047437D25
:109DE800022B01D1408B7047032AF6D0032BF9D000
:109DF80000207047827D022A01D1808B7047C37D85
:109E0800022B01D1C08B7047032AF6D0032BF9D05F
:109E180000207047F7F74EB8F7F794B810B5044626
:109E280038B1F8F7EBF924EA0000B0FA80F04009FD
:109E380010BD0120FCE7002307B5CDE9003301235D
:109E48008DF806306846F6F747FF08B1002004E0B1
:109E5800009801F099FF0028F4D003B05DF804FBE6
:109E68001FB5002240F6881303A90092FCF776FF7D
:109E780005B05DF804FB2DE9F0410F46B0F85A60D3
:109E8800B0F85C5001F05DFE0221044600F0E5FEEA
:109E980080460221204600F0E0FE464540F6480391
:109EA80028BF4646B6B21B2E38BF1B26FB2E28BF3E
:109EB800FB26854228BF05467E80ADB21B2D38BFE4
:109EC8001B25FB2D28BFFB25B4F5A47F38BF4FF415
:109ED800A474FD809C4228BF1C46BC803C81BDE820
:109EE800F0812DE9F04186B00546008801A900F00F
:109EF800EDFE044600286FD1029A92F84631D91E29
:109F08004B424B418DF80230936F98064ABF9DF83B
:109F18000230234683F001038DF8033092F8D430E1
:109F28009B0603D49DF80330002B5BD0EB881B3BCA
:109F38009BB2E02B58D8298944F24810A1F5A473A4
:109F48009BB2834250D86B881B3B9BB2E02B4BD80B
:109F5800AA88A2F5A4739BB2834245D840F6480765
:109F6800B94243D8BA4241D8029E4FF0FF0886F85A
:109F78001B819DF802309BBB03A93046FFF77BFF8E
:109F88006A88BDF81230BDF814109342E88828BFDB
:109F98001346B942AA88A6F8203128BF3946BDF829
:109FA8000E30834228BF03462889A6F81C31BDF825
:109FB8001030BB4228BF3B46834228BF03468A4233
:109FC800A6F81E31134628BF0B46A6F8223186F89C
:109FD8001A81002386F81B31204606B0BDE8F081BF
:109FE8003A24F6E71A24F7E71224F5E71124F3E7F1
:109FF80010B5FFF720FF60B1F7F734FD044602F013
:10A0080006F840B9204601F0FEFF80F00100C0B21A
:10A0180010BD0120FCE70020FAE72DE9F04385B0E8
:10A0280006468846008802A900F050FE054640BB57
:10A03800039C94F8593103F0FF051BB1B8F10205F0
:10A0480018BF012594F88630262B94F8D53043EABA
:10A05800D3030CBF85F001094FF00009DB0702D4D8
:10A06800B9F1000F3BD0B77817B9F8F7C7F807462A
:10A07800F078B0BBF8F7C2F83FB9B9F1000F29D1B1
:10A088000925284605B0BDE8F0830028F5D0FF2350
:10A0980084F825310DBB94F8243103F0FF05E3B9AA
:10A0A80084F8270101A984F82481204684F82671C0
:10A0B800B3788DF80430F3788DF8053033797279F8
:10A0C80043EA0223ADF8063000F0D6FD002384F8F9
:10A0D8002531D6E700200746D9E73A25F6E71A25BD
:10A0E800CFE7002FD3D1C8E7406890F8AA3123B151
:10A0F800002380F8AA3101F039BD704710B5037804
:10A108000446012B01D9122010BDFFF794FE58B95F
:10A11800207810F0FD000DD104F11703E21D611C39
:10A12800BDE81040F8F7B2BAF8F742FB0028EFD0C4
:10A138000C20E9E7A37903F0C003C02BE3D1012089
:10A14800EAE710B503780446012B0DD8FFF773FE34
:10A1580060B9214611F8010B00F0FD00003818BF66
:10A16800012000F01DFD38B9122010BDF8F720FBC2
:10A178000028EED00C20F8E70020F6E708B50088A4
:10A18800F8F71CFB00280CBF3020002008BD38B5AC
:10A198000546FFF750FE044638B92878003818BF3E
:10A1A8000120F8F7FFFA204638BD0C20FCE708B577
:10A1B800FFF741FE18B9F8F7E5FA002008BDF8F7EF
:10A1C800F7FA0028F7D00C20F8E7082303700020DE
:10A1D8007047112243F21F030270C2705922A0F87F
:10A1E80001308280C38000207047082108B5F6F747
:10A1F80029FB002008BD73B5064600880C46088078
:10A20800694680B200F062FD054640B9B3784BB9A3
:10A21800019B93F97000A070FBF702FCA070284620
:10A2280002B070BD7F20FFF71BFEF4E710B50446AF
:10A238006FF07F00FFF714FEFBF7F2FB20707F2022
:10A24800FFF70EFEFBF7ECFB6070002010BD10B5A9
:10A258000446F7F707FC01F0D3FEFBF7E1FB20709B
:10A26800002010BD0A4600F1100108B5072302F0CE
:10A2780018FD002008BD10B5014604460020F8F777
:10A2880077F808B92060A080002010BD10B50446FA
:10A29800F7F784FF28B900202146F8F751F8002085
:10A2A80010BDFFF7A5FE0028F5D10C20F8E710B582
:10A2B8000446FFF79DFE28B101202146F8F740F833
:10A2C800002010BD0C20FCE737B500880C460D4671
:10A2D800694624F8020B80B200F0F8FC70B9019BC3
:10A2E80003F18E0283F8BF00116821601179217192
:10A2F80093F8BF100029F5D103B030BD0023C5F88D
:10A3080002302371F8E7FFF7ECBD1FB502880A8019
:10A3180044F2902183888B4215D840F64801ADF865
:10A328000420428801A88B42ADF8062028BF0B46BE
:10A33800ADF80A20ADF80830ADF80C30FFF7D1FDC4
:10A3480005B05DF804FB1220FAE737B508800D4622
:10A35800694600F0BBFC044618B929460198FFF786
:10A368008AFD204603B030BD03464821002008225C
:10A3780010B56FF00404587099701C70DA701C7175
:10A3880058719971DA7110BD10B50446FFF753FD85
:10A3980078B92146E27911F8010B00F0FD00003888
:10A3A80018BF0120F8F7CEFA80F001004000C0B2D3
:10A3B80010BDF8F7FDF90028EBD00C20F8E713B52D
:10A3C80000880C460880694680B200F07FFCC8B956
:10A3D800019B83F86A0093F86820012A06D0022AB4
:10A3E80004D040F211310620F6F7ECF8A27093F889
:10A3F8006920012A01D0022AF3D1E27093F86A2079
:10A40800002AE6D102B010BD10B583880446022B9D
:10A4180010D8C078FFF702FD08B9112010BDA07848
:10A42800FFF7FCFC0028F8D020460121BDE81040C9
:10A43800FFF7F3BD1220F1E737B58378C17803F051
:10A448000104027903F0020351EA04051DD052EA1F
:10A4580003051AD0002C18BF0021002B037818BF61
:10A4680000228DF802108DF80320427843EA022377
:10A47800ADF8003043798279684643EA0223ADF8A3
:10A488000430FFF7C1FF03B030BD1120FBE713B55F
:10A498000C46694600F01AFC20B9019BB3F87E30DF
:10A4A8000133238002B010BD07B50088694600F06B
:10A4B80029FC30B9019B93F82B2112B9FF2283F8AC
:10A4C8002B2103B05DF804FB10B50446F7F790FEA6
:10A4D80020600020616010BD37B50446F7F7C2FA66
:10A4E800054623781F2B18D8816A04226846FFF78F
:10A4F800A6FB22460021A86A12F8013BFFF7BAFB27
:10A5080068B1AC6A2046FFF75AFC00210246204693
:10A51800FFF7E0FB002003B030BD1220FBE7072067
:10A52800F9E737B50446F7F79DFA054623781F2B58
:10A5380018D8816A00226846FFF781FB224601216C
:10A54800A86A12F8013BFFF795FB68B1AC6A204690
:10A55800FFF72AFC012102462046FFF7BBFB00203B
:10A5680003B030BD1220FBE70720F9E710B5044619
:10A5780034F8020B0880002180B2F6F773FB20B193
:10A588002146BDE8104001F017BF022010BD008829
:10A5980008B50880002180B2F6F764FB20B10021DD
:10A5A800BDE8084001F008BF022008BD13B50088C7
:10A5B8000C460880694680B200F088FB18B9019BF8
:10A5C800B3F8B030638002B010BD37B503880446D5
:10A5D8000B8098B2638813B9122003B030BD694666
:10A5E80000F074FB0028F8D1658842F21072019BD4
:10A5F800A9B29C695143DA8D62431C8C04FB022288
:10A608009142E9D39A699C699442FBD10022A3F84C
:10A61800B050C3F8A820621E0A44B2FBF4F2C3F893
:10A62800AC20DAE710B50C460021F6F71BFB90B119
:10A63800022C12D804F00102C4F3400480F8AD21C2
:10A6480080F8AC4112B190F8AA310BB9002010BDC6
:10A6580001F08CFAFAE70220F9E71220F7E710B5C3
:10A6680004460078FF280AD00121F6F7FBFA58B112
:10A678006378A27843EA0223C383002010BDB4F8AC
:10A688000100F9F715FDF8E74220F7E708B500786B
:10A69800003818BF0120F9F773FC002008BD10B579
:10A6A8000446F7F7DFF96178C1F3400201F00101D0
:10A6B80001F0C7FC002010BD0620F7F78DBD08206B
:10A6C800F7F78ABD01F0A3BE10B5044604B910BD62
:10A6D800236898476468F9E703680BB90160704715
:10A6E8001A465B6813B18A42FAD170478A4218BF8A
:10A6F8005160704708B5FAF7E1F8F9F735FCBDE89D
:10A708000840FAF7C3B808B50020FFF765FAF6F76E
:10A718006DFBF7F7CFFDF7F721F820B140F22111D3
:10A728009320F5F74FFF08BD08B5F9F7EBFBFAF7EB
:10A738009BF820B140F241119320F5F743FF012027
:10A74800BDE80840FFF748BA08B5FFF7EDFF01F08C
:10A758001BFE20B14FF4AB719320F5F733FF08BD12
:10A76800FCF7FCBF0B46122203F8032BD0F8092094
:10A77800C1F80320427B1A71704737B504460D466D
:10A78800F7F78AF918B36FF4A8730221E018038861
:10A798006846ADF8003034F8ED3CADF8023034F8D6
:10A7A800EB3CADF80430FFF738FC18B14221AE207D
:10A7B800F5F708FFADF800009DF80030002063F3BE
:10A7C80007009DF8013063F30F2003B030BD182354
:10A7D8002B70D4F80930C5F803300423ADF80030E5
:10A7E800EAE738B5436804460D4693F82421012A60
:10A7F80012D11E21F7F724FD63688DB1182283F862
:10A808000921092283F8852093F8BE30E3B940F284
:10A81800DA21AE20F5F7D6FE002283F82421EBE7F3
:10A8280093F88620A2F12401062901D9322A05D1FC
:10A838000022204683F8862000F099FD2046182142
:10A84800BDE8384000F0BBBD002038BD08B54368FE
:10A8580093F885201AB18521AE20F5F7B3FE24229E
:10A8680083F8852008BD034610F0010002BFC3F33A
:10A8780040035B00D8B270472DE9F84F07461046F1
:10A888001E4642EA0104FFF7EEFF83460846924659
:10A898004BEA0404FFF7E7FF88460A9D0443814614
:10A8A800E4B2003C18BF0124F7F7A8FC10EA0A0A32
:10A8B80018BFDA46F7F7A2FC97F8683010EA0801E3
:10A8C80018BF4946534508BF4FF0000A85F800A055
:10A8D80097F869308B4208BF002169705AEA010174
:10A8E8000BD1B7F87E30013EF61A47F6FD73B6B2C3
:10A8F8009E428CBF002404F001042046BDE8F88F76
:10A9080070B54468064694F88650A5F12403062BD2
:10A9180045D9322D43D0002D3FD194F88530292BCD
:10A928003DD04B7813F007032DD08A7812F0070238
:10A9380029D084F8612084F8603094F82531D3B99F
:10A9480094F82431012B16D094F8602094F86930DB
:10A958009A421ED194F8612094F868309A4218D12E
:10A968000223B4F8642084F82431B4F86630A4F8DB
:10A978002621A4F828312623304684F8863000F0B2
:10A98800ECFC284670BD30460978BDE8704000F000
:10A9980016BD3046F7F77CFCEDE70125F1E72025E9
:10A9A800EFE72DE9F04F456887B0044695F885B084
:10A9B800ABF12503D3F1000848EB0308052A6FD152
:10A9C80095F88630272B71D186358A784F7802F032
:10A9D800070A039207F007090AF1FF3009F1FF336C
:10A9E80000EA0A0003EA0903034364D1B1F80360EB
:10A9F800F7F704FC039A174307F0070787435AD170
:10AA08005046FFF730FF6768A8B197F8683098425A
:10AA180011D097F826211AEA020F4CD0BBF1250F66
:10AA280009D097F861201AEA020F04D1022870D1E0
:10AA3800013B012B71D84846FFF715FF40B197F845
:10AA48006930834204D097F8273119EA030F32D0CE
:10AA580005AB38465246494600933346FFF70CFF8C
:10AA68006368074668BB93F82421012A26D101466A
:10AA78002046F7F7E5FB2F70636803F186029542DD
:10AA880002D1002283F88620636803F1860295428A
:10AA980039D1204600F06BFC002007B0BDE8F08FEC
:10AAA800414607B0BDE8F04FFFF79BBEBBF1250F4D
:10AAB8002DD1853589E741462046F2E783F8240100
:10AAC800DAE7B3F87E20A3F85C62013EB61A47F6CF
:10AAD800FD72B6B2964206D92822204683F8A720EE
:10AAE800F8F7D0FBD0E793F886200D2A02D00A3A6F
:10AAF800012A01D82A22F0E7BDF81420A3F85E2223
:10AB080029232B70C0E7002283F8BE20C4E7022067
:10AB1800C3E7012B8FD0022BCDD04FF4E471062070
:10AB2800F5F750FD08B5436893F88620262A05D026
:10AB380022B140F24541AE20F5F744FD272283F8C3
:10AB4800862008BDF7F7B6BB704730B542401C7881
:10AB580008785D7860404C786C409D7820448C780B
:10AB68006C40DD782044CC786C401D795B792044BA
:10AB78000C7949796C404B40204418441044B0FA91
:10AB880080F0400930BD024600200139C9B2FF29D2
:10AB980000D17047535C83F001030344D8B2F4E753
:10ABA80008B5F7F70BFC082807D0F7F729FC0828A1
:10ABB80003D0F7F739FC012008BD0020FCE708B5F1
:10ABC800F7F7FCFB082803D0BDE80840F7F718BCE6
:10ABD80008BD08B501F028FC18B1BDE80840FBF72E
:10ABE80017B8082008BD01440023884203D1B3FAEE
:10ABF80083F04009704710F8012B1343F5E7F8B5C7
:10AC080005460C46D0E9047601F0D8FD18B9542160
:10AC18002920F5F7D7FCE4B1D5E90423D21B63EB6F
:10AC28000603012A73F100014FF0000113DB6FF0F6
:10AC380001009042994101DA5E21E9E7631E13445D
:10AC4800B3FBF4F35C43E41946F10006C5E9044696
:10AC58001C462046F8BD0C46FBE7022905D13C28D6
:10AC680008D980100F3880B27047702802D9C010F8
:10AC78000E38F8E70020704738B50D460446F7F758
:10AC8800BDFA2B78002B08BF034684F864306B7834
:10AC9800002B08BF034684F865306B88A4F866303B
:10ACA80038BD012908B5034605D002290BD0D821A3
:10ACB8002920F5F787FC40F6C41040F2E242002B49
:10ACC80008BF104608BD40F6C410FBE710B50C4697
:10ACD8000021F5F7C7FF606018B101230020237039
:10ACE80010BD0220FCE7436893F88400C0B293F8D3
:10ACF800A6302BB900F0FB00003818BF01207047C0
:10AD08000020704710B50C46FFF7E0FF38B9204621
:10AD1800FFF7E9FF80F001004000C0B210BD02203B
:10AD2800FCE770B504460D4641BB4FF4227202F0B1
:10AD38004EF8012384F8DA5084F88D306FF036032A
:10AD480084F8D530042384F8D6306FF03B0384F8B8
:10AD5800D7306F2384F8D8306FF03C0384F8D930AB
:10AD68006FF07F0384F8DB302B2384F8D430FE2384
:10AD780084F80E317F2384F8833070BD012911D106
:10AD88000023A0F8B43180F8AB3140F6B8338269BB
:10AD9800A0F8B0301146438C04F17800BDE870404B
:10ADA800F7F70EBE0229E8D1B0F86A32D0F864226B
:10ADB8008169F1E7C2B292FAA2F2030A93FAA3F305
:10ADC8001B0E100E40EA03207047013105300022A7
:10ADD800C9B270B510F8013F8B4216D310F8054C74
:10ADE8000023012505FA03F626421CBF01F1FF31B5
:10ADF800C9B269B10133082BF4D10132D2B2052AA4
:10AE0800E8D19B214620F5F7DDFBC91AC9B2F4E762
:10AE180003EBC200C0B270BD0B6870B5C0F801305A
:10AE280004460B790546461D03F01F0343710023B2
:10AE3800C37215F8010F00F076FA6871B542E37A2B
:10AE48001844E072F5D170BD81EA114170B58CB239
:10AE58000546C17A032682EA0400FFF7ABFF013EEC
:10AE680000EB001016F0FF0604EB000290B2F4D1DC
:10AE780044402522B4FBF2F302FB1343C3F3C4029C
:10AE8800D8B203F007032A445678012202FA03F3E2
:10AE98001E4207D161432846C1F30741BDE870400F
:10AEA800FFF793BF70BDF8B590F8205004466B1EAD
:10AEB800242B03D9E1214620F5F784FBDAB1407D44
:10AEC800002843D194F8223094F8211002FB013273
:10AED8002523B2FBF3F103FB1123DBB204EBD3020E
:10AEE80003F0070684F82230917D0122B240114216
:10AEF80002D084F82330F8BDB3FBF5F205FB12331A
:10AF080004F11A01013303F0FF0311F8012F9A42EB
:10AF180019D311F8055C0022012606FA02F72F4220
:10AF280008D0013B13F0FF0304D102EBC00284F800
:10AF38002320E0E70132082AEFD10130C0B205280A
:10AF4800E3D1D721B7E79B1ADBB2F6E7E28804F131
:10AF58001500C969FFF778FF84F82300CBE7037869
:10AF6800890123F0400301F040010B43037070474F
:10AF7800037803F07F0343EAC113037070471F2A65
:10AF880038B50546144603D9C2212A20F5F71AFB1D
:10AF980006340930FEF7FEF96C7038BD1F2A38B543
:10AFA8000546144603D9E4212A20F5F70BFB06349D
:10AFB8000930FEF7EFF96C7038BD0378024603F0EC
:10AFC8000F03032B3ED0052B42D1C37F90F82000FE
:10AFD800034392F82100034392F82200034392F8B6
:10AFE800230000F01F00184333D05378222B2FD1B1
:10AFF800B2F81930B1B1B3F5506F13D940F6075113
:10B008008B4225D8B2F81B30B3F5FA7F20D2B2F8BC
:10B018001D0040F676430A3880B298428CBF002063
:10B0280001207047991F40F67A4089B281420FD8B3
:10B03800917D481E07280BD8994209D2B2F81710FB
:10B048009942DEE74078A0F10C0358425841704716
:10B05800002070478388A1B1B3F5506F11D940F62D
:10B06800075293421CD8C388B3F5FA7F18D20089D7
:10B0780040F676430A3880B298428CBF00200120FF
:10B0880070479A1F40F67A4192B28A4208D84278AD
:10B09800511E072904D89A4202D242889A42E1E70F
:10B0A8000020704743780246C3F30111012910B507
:10B0B8000ED0022915D00478022103F00F00131DC9
:10B0C800528844EA0020F7F7B7FC38B1012010BDD8
:10B0D800047803F00F00131D5288F2E7F7F78CFE8F
:10B0E800F4E70020F3E702230B7001238B7070470D
:10B0F800F7F75ABD10B521B94FF42A711020F5F7AA
:10B1080061FA4A600B72EFF3108472B6031D0B608C
:10B1180042681AB1127A012A08BF036003681960ED
:10B12800016004B962B6BDE81040F7F787BD022296
:10B13800F7F750BE0322F7F74DBE0422F7F74ABED1
:10B148000222F7F78BBE11230B706FF49A73184421
:10B158000388A1F80330838FA1F80530B0F8403098
:10B16800A1F80730C38FA1F80930B0F84230A1F830
:10B178000B307047012908B503D10E30C00080B2EA
:10B1880008BD022902D10F308000F8E740F24521BE
:10B198000620F5F717FA30B587B004460D46F6F7DE
:10B1A80083FC90B3A4F59F74694624882046FFF772
:10B1B800CCF820B140F20D112C20F5F703FABDF8B8
:10B1C800063003A8ADF80C40ADF80E30BDF80830D5
:10B1D800ADF81030BDF80230ADF81230BDF80430CB
:10B1E800ADF81430FFF78FF810B14FF48B71E3E727
:10B1F800ADF80C009DF80C30002063F307009DF8B3
:10B208000D3063F30F2007B030BD2B46172203F82B
:10B21800032BD4F80920C5F80320D4F80D205A6070
:10B22800B4F811201A810423ADF80C30E2E7406825
:10B238007047C08A70478A880B8910B5CC884988BE
:10B24800A0F85440A0F85010A0F85220A0F85630AA
:10B2580010BD8383BDF8003001834283C3837047E8
:10B2680038B5C58B0446438C007A9D4228BF1D46DD
:10B27800FFF780FF6389AB4228BF2B46984238BF4F
:10B28800184680B238BD2DE9F041984607460E466B
:10B29800808919461446FFF76DFF05464146384632
:10B2A800FFF7DEFF85429DF8181028BF0546B88ACB
:10B2B800FFF760FFFB8AADB2834228BF0346A01D9B
:10B2C8009BB230442B441844BDE8F08107B590F890
:10B2D8006930002296213030009390F83830FFF71B
:10B2E800D2FF03B05DF804FB38B514460D46194685
:10B2F8009634FFF7EBFF2044A84294BF281A002099
:10B3080038BD38B50D4611460446FFF7DFFF28441F
:10B31800606338BD01F19C0383423DBF9C38401AED
:10B3280040080020704700F05503400800F0550021
:10B33800034403F033009B0803F03303034403F092
:10B348000F0000EB131070474368002283F8852034
:10B3580083F8BE20A3F8BA20704743680022A3F8F8
:10B36800C02093F8C220013283F8C2207047426897
:10B3780008B592F8C230013B5BB2002B82F8C230AC
:10B3880003DA52214A20F5F71DF908BD436883F80E
:10B398000B1183F80A217047A0F10A03042B0CD97A
:10B3A800A0F14703012B08D9A0F12403322818BFC4
:10B3B800062B94BF01200020704701207047426887
:10B3C800936F10B513F0080408D143F0080382F80E
:10B3D80008119367FFF7C1FF204610BD0120FCE765
:10B3E80030F8023CF7B505460E4630F89E7C73B13E
:10B3F80001226846ADF801708DF80020ADF80330E1
:10B40800F6F7E2FB18B195216320F5F7DBF808237E
:10B418000024A6F803703370B4706B7A55F88A0C60
:10B428007371FEF7C7FA08B9BA21EDE72146384625
:10B43800F5F72EFC4FF40173204603F004021B0AB3
:10B4480062F3070063F30F2003B0F0BD43680020E8
:10B4580093F88720063A012A81BF4A7883F8882022
:10B46800062283F887207047426892F88730063BA7
:10B47800012B84BF072382F887307047426870B574
:10B4880092F88650F5B9CB88B2F87E60A2F85C32A3
:10B49800013B9B1B47F6FD769BB2B34206D9282396
:10B4A80082F8A730F7F7EEFE284670BDD1F80130D4
:10B4B800C2F85E324B7982F862320A22436883F816
:10B4C8008620F1E70125EFE70B46062203F8032B58
:10B4D800D0F80920C1F80320D0F80D205A60427C2A
:10B4E8001A720023CB707047436870B593F8865082
:10B4F80006460C46002D3DD129462046FFF7AAFDF9
:10B5080028B921783046BDE87040FFF758BF726807
:10B518006389B2F87E10A2F85C32013B5B1A47F6E9
:10B52800FD719BB28B4207D92823304682F8A73099
:10B53800F7F7A8FE284670BDA38840F2E2414B43C6
:10B54800C2F864326378C3EB431003EB800303EB68
:10B5580083035B00A2F85E3263884B43C2F8603213
:10B56800E388A2F868322389A2F86A320D2382F8A8
:10B578008630DFE70125DDE708B5436893F88520C5
:10B588001AB12621A320F5F71DF8212283F885207A
:10B5980008BD73B5456806460C4695F88530213BCD
:10B5A800022B27D8B1F805101A291CD9B4F807308E
:10B5B800B3F5A47F17D3B4F801201A2A13D9B4F825
:10B5C8000300B0F5A47F0ED3009005F13000FFF71B
:10B5D80040FE7168284601F23511F7F761FC062133
:10B5E8007068F8F7E1FC002085F8BE0085F8850052
:10B5F80002B070BD0120FBE74268936FD90610B511
:10B60800044603D4B421A320F4F7DCFF990601D53E
:10B61800B521F8E723F010039367FFF7A8FE6068E9
:10B628000621BDE81040F8F7BFBC09230B70D0F81D
:10B638000930C1F8023070470B460A2203F8022B82
:10B64800B0F809204A80C27A9A70704738B54368C2
:10B65800054693F8864034B1113C0F2C8CBF012469
:10B668000824204638BD93F88B30002BF9D0FFF71B
:10B6780074FE6B68112283F88620F2E708B54368E8
:10B6880093F88620162A04D04FF4FE711F20F4F791
:10B6980099FF012283F8C320182283F8862008BD69
:10B6A800436893F88620122A05BF1322002002203F
:10B6B80083F886207047436810B593F886300446AF
:10B6C8001C2B07D1FFF753FE63682022002083F864
:10B6D800862010BD0220FCE708B5436893F8862051
:10B6E800112A04D040F227211F20F4F76BFF012212
:10B6F80083F8C320122283F8862008BD08B5436862
:10B7080093F88620182A04D040F22F211F20F4F73E
:10B7180059FF1C2283F8862008BD0B46052203F832
:10B72800032BD0F80920C1F80320D0F80D205A6067
:10B73800B0F811201A81C27C9A72704708B5436824
:10B7480093F885201AB1CD211C20F4F73BFF042281
:10B7580083F8852008BD426808B5936FD90703D4DC
:10B76800DB211C20F4F72EFF23F001039367BDE8CB
:10B778000840FFF7FCBD0C23A0F596700B700388FA
:10B788004B8070474368002093F885200F2A01BF3B
:10B79800002283F8B22083F8BE2083F88520704702
:10B7A80038B54568AB6F13F0040407D1FFF7D5FD32
:10B7B800AB6F204643F00403AB6738BD0120FCE7BC
:10B7C8004268936F23F004039367FFF7D0BD08B571
:10B7D800436893F885201AB172214B20F4F7F2FEE2
:10B7E8000F2283F8852008BD10B5D0E90C42A2428B
:10B7F80006D30B8C121BC98D05334B43934202D3DE
:10B80800012380F83A3010BD01230B7000238B70A0
:10B8180030F8C63CA1F80330437A4B714389CB809A
:10B8280083890B81704710B5446894F8C5309A072E
:10B838000ED494F885301BB177214020F4F7C2FE6E
:10B848000122A4F8BA3084F8852084F8BE2010BDFF
:10B85800A36F9B0705D5FFF78AFDA36F23F00203AB
:10B86800A367002384F82A31F1E710B50B79012882
:10B878004C790A6843EA0421104608BF41F4803134
:10B8880010BD07B5FFF7F1FF0DF10702F7F71CFF31
:10B8980003B05DF804FB002307B501A80193FBF78B
:10B8A8002DFA019810F0030018BF012003B05DF8CD
:10B8B80004FB08B5FFF7EFFF002814BF1420002091
:10B8C80008BD10B5FAF762FF0446FFF7F2FF4FF420
:10B8D8007A7204F54443BC304933B3FBF2F318449D
:10B8E80010BD10B5044690F86900FFF7EAFF012281
:10B8F80001462046BDE81040FFF703BD7FB504466A
:10B9080018B9A7213020F4F75DFE052900F2BF80A1
:10B91800DFE801F003B72C27BDB290F8F031B0F89A
:10B928007E20ABB1B0F8EE31934208BFB0F8A43135
:10B938009A1AA0F8A621A4F87E302046D4E98C23D0
:10B94800C4E98E23F9F76EFF94F8AB3104B070BDEB
:10B95800B0F8EC319B1AA0F8A631B0F8EC319BB2E4
:10B96800E9E704B0BDE87040FAF736BE00F0E6FD3E
:10B97800D4E98E23801A61EB0301012871F10003D9
:10B9880002DA4FF4C161BDE76FF0010383424FF063
:10B9980000038B4102DA40F20961B3E7A3690BB1F6
:10B9A800B0FBF3F394F88610B4F8EE210D2932D1E8
:10B9B8000132A4F8EE21B4F8523202AEB4F87E5047
:10B9C8000133A4F85232B4F8B6301D44B4F8B43098
:10B9D800013DED1AADB2B4F8EE116B1A180435D466
:10B9E8000023204600961A46F7F71EFF0128ADD11E
:10B9F800B4F8EE21B4F8A011BDF808301344521A77
:10BA080012049BB204D5EA1A12F4004F18BF0B4671
:10BA1800A4F8EE31DFE7B4F87E100B449BB2D11ADC
:10BA28000D044BBF013301329BB293B2A4F8EE313F
:10BA380094F8F131002BBED1B4F8A431B4F8EE215A
:10BA4800934204BF0133A4F8EE31B4E794F8893087
:10BA580030460394002B14BF08233E2384F8A730F4
:10BA680001238DF80830F7F70DFC204600F095FC0F
:10BA7800002384F8843069E704B0BDE87040FEF71D
:10BA8800CBB990F88430042BF2D0C8213AE7CD2105
:10BA980038E7002313B51A4680F88430A0F85032EE
:10BAA800194600930446F7F7BFFE20B140F2E911AA
:10BAB8003020F4F787FD0123C4F8D801C4F8D00179
:10BAC80084F88430A4F8EE01A4F8EC0184F8F101BC
:10BAD800B4F87E30A4F85202013BA4F87E3002B0DC
:10BAE80010BDD0F8E800704738B5044690F8283102
:10BAF8009BB1FF2380F83031012100F09FFA94F8C0
:10BB0800283153B104F1C0052846FCF779FE2846D0
:10BB180000F074FE002384F82831002038BD08B5F1
:10BB280090F8302142B990F8EC2042B1D0E93C318C
:10BB3800994202D9F9F704F80022104608BD0122FB
:10BB4800FBE710B50446FFF7B4FE00F5C271A26921
:10BB5800236B9A4228BF1A461046FFF7DBFB40F6D4
:10BB68004803984228BF184680B210BD7FB50446E6
:10BB780090F8AB3103F0FF05002B59D190F88430D1
:10BB8800032B55D100F0DAFCD4E98E23801A61EB3F
:10BB98000301012871F100034ADB6FF001038342BE
:10BBA80075EB010104DA40F2B1513020F4F70AFDD7
:10BBB800A269B4F87E300AB1B0FBF2F20133134443
:10BBC8009BB2A4F8EC31B4F8A431B4F8EC219B1A78
:10BBD8001BB2002B2CDD04F5FC70FCF711FE38B30A
:10BBE800FF2384F8F131B4F8B6300DF10E06B4F83D
:10BBF8007E501D44B4F8B430013DED1AADB2B4F82E
:10BC0800EC31EB1A1B0413D4B4F8EC110023012215
:10BC1800204689B20096F7F707FE012808D1B4F844
:10BC2800EC31BDF80E2013449BB2A4F8EC31E6E7E2
:10BC380004B070BD2DE970430C461546EAB9FAF711
:10BC480005FA84F8EC500646D4E9468984F8285168
:10BC58000121D4F8E800FFF764F8D4F8E800C0E957
:10BC68008E89C0F85462C0E99289FFF712FFFAF78B
:10BC780091FBBDE87043FCF74FBD40F2CB7130201B
:10BC8800F4F7A0FC70B5044621B1012978D040F240
:10BC9800DB7172E000F007F994F8293105460E4689
:10BCA800DBB150EA010318D0D4E93E32D4E94601A9
:10BCB800C01A334661EB02012A4601F03FF805FB42
:10BCC80001F300FB0633A5FB00021344D4E93E212F
:10BCD800121843EB0103C4E93E23E08B30B1F7F7B8
:10BCE80041F9E38BB0FBF3F202FB1300D4E93E32D7
:10BCF800ED184FF0000346EB02062D1840F2024201
:10BD080084F8083146F1000684F82931A4F8102196
:10BD1800C4E93E56C4E9465694F8303103F0FF01B1
:10BD2800DBB96FF00043D4E948029A4208BFB0F18A
:10BD3800FF3F18D02046D4E9465600F0A9F8AE30A7
:10BD4800D4E948325B1B62EB06021B1A62F100025F
:10BD5800002A08DA2046F8F7F3FEFAF71BFBBDE8DD
:10BD68007040FCF7D9BC04F5847104F1C000FCF7FD
:10BD7800E7FC0028F1D14FF4E1613020F4F722FC10
:10BD8800002380F8EC30E8E790F82801003818BF65
:10BD9800012070470B46142203F8032BD0F8092022
:10BDA800C1F80320D0F80D205A60704738B510222A
:10BDB8000B460C4603F8032B00F10902293052F810
:10BDC800041B824243F8041BF9D1127800211A702F
:10BDD8000123A588A3712846F4F744FF58B1E378F6
:10BDE8004BB100212846F4F753FF20B140F233212C
:10BDF8002D20F4F7E7FB38BD0121F8F733BCFFF736
:10BE0800FBBF90F872300BB10120704790F8AA2060
:10BE180002F0FF03002AF7D190F89C2018467047DB
:10BE280037B50D464FF49C720021044600F0CFFF51
:10BE3800FF2323701323638042F21073E383F5F723
:10BE48000BF800220146A0626846FDF7F8FEA06ADA
:10BE580000220121FDF73EFFA16A68460422FDF792
:10BE6800EEFE0022A06A1146FDF734FF04F120001F
:10BE7800A57403B0BDE8304000F01AB9FF23886A02
:10BE88000B70FDF7D9BE0078FF3818BF0120704746
:10BE980010B50446203000F05BF928226188F8F7D5
:10BEA8007DFE6D3010BDD0E9020170472DE9F04FDD
:10BEB80007468FB00C46064606AD0DF110080FCFA9
:10BEC8000FC597E80F0085E80F00404600F0F0F82E
:10BED800677894F8149007F07F0594F80AA0B9F1F0
:10BEE800010F94F800B02F4607D0B9F1020F04D023
:10BEF80040F227310620F4F765FB617A404600F0EE
:10BF0800DEF8237D227F4046022B02F101020CBF9E
:10BF1800617D0121D2B204BF0131C9B200F0D1F86C
:10BF280015F0080360D14046019300F011F928226A
:10BF38003946F8F733FE40F2712100F29922E5788C
:10BF48002079019B45EA00256079B2FBF1F245EAC8
:10BF580000454A434D43AA420AD9E079A57945EA02
:10BF68000025207A45EA00454D43954228BF1546ED
:10BF7800227E0393531EA17CB06A5A4202915A4111
:10BF88000192FDF727FFB06AFDF734FF039B019A82
:10BF98000299ADF81A7006AF8DF818B008953546B5
:10BFA8008DF828208DF82B108DF82CA08DF81C907A
:10BFB80009930FCF0FC597E80F0085E80F0098E8A1
:10BFC800030030620020B184E37A03F0FD03003BF4
:10BFD80018BF012386F84F30E3683365238AA6F833
:10BFE80054300FB0BDE8F08F00252B46C0E74FF462
:10BFF8000043C38443881D2B08BF00214174704748
:10C0080090F912007047408800F00100704780786E
:10C01800C0F3400070478078C0F3C000704790F8C4
:10C02800483081614B72D0F84930C1F80A30B0F815
:10C038004D30CB8170477047F8F78AB880F86810A0
:10C0480070470177427770478278034612F0010003
:10C0580002D0D978C90710D5900702D5D9788907B1
:10C068000AD512F0040008D0D878C0F3800080F018
:10C0780001008000C0B2704702207047C0F3400240
:10C08800C0F3800300F001001344184470470228ED
:10C0980008B507D0042807D0012807D039212E2059
:10C0A800F4F790FA262008BD2720FCE72520FAE7B8
:10C0B8000023C0F802300123437003707047817079
:10C0C800704710B54270144601708078FFF7D6FFAC
:10C0D800484304FB00F2FE2A03DD5C212E20F4F71E
:10C0E80071FA10BD0023C37043710371704710B516
:10C0F8000446FFF7A9FF637962780133DBB29A42FD
:10C1080063710CD1E3780022A17803436271DBB23A
:10C118009942E37001BF2379E27001332371BDE8CE
:10C128001040FFF7B4BF38B504468078FFF7A6FF84
:10C138000146E078FFF7A2FF2378227965789B1AF9
:10C148006B4359436379C91A00FB1510C0B238BD57
:10C15800014608B58078FFF791FF4A780B7853437A
:10C168005843C0B208BD40F2EE20704740F25A333F
:10C178005843704738B50E38536814460D4693F83F
:10C188008520092840D8DFE800F0053F3F3F0F3FF2
:10C19800183F3F27042A05D12046FFF7D5F8204647
:10C1A800F7F7D2F9002038BD0F2AFBD1002220462C
:10C1B8001146BDE83840FFF7E5BA212AF2D12046FA
:10C1C800FFF7C2F8002DEDD0626892F8D43023F062
:10C1D800200382F8D430E5E793F88620272AE1D1B6
:10C1E8000025204683F88650FFF7C1F8636893F866
:10C1F8002431012B03D129462046F6F721F863683C
:10C20800002283F82421CDE740F26E213120F4F793
:10C21800D9F908B590F80E31FE2B04D040F6241158
:10C228003120F4F7CFF9002380F80E1180F80F3190
:10C2380012B9A0F8C02008BDA0F8BA30012380F8D0
:10C24800BE30F8E708B5436893F88620182A04D06A
:10C2580040F27A513120F4F7B5F91E2283F886208E
:10C2680008BD08B5436893F88620352A06D1002210
:10C2780083F88620BDE80840FFF779B8182A03D16B
:10C288001E2283F8862008BD40F28F513120F4F732
:10C2980099F908B5436893F88520092A0BD193F8D2
:10C2A800091193F81021914205D1002283F88520C5
:10C2B80083F8BE2008BD9A6F110706D522F0080240
:10C2C8009A67BDE80840FFF752B840F27451312030
:10C2D800F4F778F9C37C63B9837BA3F11002032ACE
:10C2E80007D990F84C0028B1202B8CBF00200120E2
:10C2F80070470120704702464068497890F88530B9
:10C30800212B14D00BD8042B13D00F2B13D090F85B
:10C318008630272B0CBF1720FE20F8F7D5BE2C2B14
:10C328000BD0322B01D0252BF1D11620F5E71420A4
:10C33800F3E70E20F1E71220EFE72320EDE70246AE
:10C3480040680B4690F8D41041F0040180F8D410EE
:10C3580099785878F8F7B8BE38B50C460546D1E94B
:10C368000401F4F72FFD94F884303BB104F5FC7414
:10C378002046FCF745FA204600F040FA28460221FC
:10C38800BDE83840F4F784BC0020704708B5F6F7DC
:10C3980033FEBDE80840F6F7D9BF002280F88520B3
:10C3A80080F8862080F8892090F8AB3113B10221FB
:10C3B800F7F7FABD0321FBE738B50446084694F8B9
:10C3C800583213B10C25284638BD94F88630162B00
:10C3D80001D0182BF6D194F8743203F0FF05002B26
:10C3E800F0D190B194F8C63123B940F60431312028
:10C3F800F4F7E8F8052304F1F00204F5DB7100F026
:10C4080050FC012384F85832DDE70223FAE7F6F7F7
:10C4180067BE08B5F9F70AFEF9F71EFCF9F74CFBF9
:10C42800BDE80840FAF78EBA10B5C824F9F7D8FB6A
:10C43800022808D1013C14F0FF04F7D10620F6F7D2
:10C44800E9FC204610BD431E58425841FAE710B592
:10C45800F9F704FE044600F02EF9201841F1000116
:10C4680010BD19B943780BB1C3788370704710B504
:10C4780004460846FAF78AF94FF47A73B0FBF3F0EA
:10C48800201A10BD10B504460846FAF77FF94FF494
:10C498007A7200F2E733023CB3FBF2F3E01A10BD04
:10C4A80000F038B8801A00F3070038B50D46144676
:10C4B80059B240B2FAF7D8FC0023287020446B70B8
:10C4C80040B238BD002303607047704700207047B2
:10C4D8004FF0FF3070474FF0FF30704770474FF014
:10C4E800FF3070470020704700207047002303701A
:10C4F80070479DF800300022FFF7D4BF4FF0FF309F
:10C508007047002070474FF0FF3070474FF0FF3002
:10C518007047704770470020FAF7FCBC0020FAF714
:10C52800E9BD0020FAF7FABD0020FAF7F3BC70471E
:10C53800FAF740BEFAF752BEFAF742BEFCF74CBB18
:10C54800FCF704B8FCF71AB8FCF770BB00F05EB94A
:10C55800FCF762BBFCF752BB10B5837F8BB903466F
:10C5680001F1180251F8044B914243F8044BF9D1F8
:10C57800012484772146FBF785F9FBF7D9FF20468C
:10C5880010BD0020FCE710B504460221FBF77AF93C
:10C59800FBF7CEFFA07FB0FA80F0400910BD38B598
:10C5A8000446A37F03B938BDA37F032B02D0A37F22
:10C5B800042B0ED1EFF3108572B62046FBF7D2FBA1
:10C5C80005B962B6A37F002BEDD0FF210320FCF74D
:10C5D800F7FCA37F012B02D14FF48271F6E700F03C
:10C5E8006AFBDEE713B50DF10701FBF7A1FB044673
:10C5F800FCF70CF820B940F221110320FCF7E0FC0D
:10C60800204602B010BDF8B50746FBF7FFFF044609
:10C6180020B940F229110320FCF7D2FCFBF7FCFFFC
:10C62800A46800252418384641F1000622463346FE
:10C63800FBF7E6FBA04271EB060309D3001B6FF082
:10C64800010361EB0601834275EB010102D3F8BDDA
:10C658002846FCE74FF0FF30F9E72DE9F0410446A2
:10C668000F46FBF7D3FF064620B94FF4A37103200A
:10C67800FCF7A6FC8568002362195B4113B1002012
:10C68800BDE8F081FBF7C8FF2A18384641F10003DE
:10C6980014EB020843F10005FBF7B2FB4045A94142
:10C6A800EDD3FCF799FA00F06AF8B3680120377502
:10C6B8002344B360E4E7FBF7AFBF8068704708B571
:10C6C800FBF7A4FF20B94FF4CB710320FCF778FCEB
:10C6D800007D08BDF8B50369044623B140F29D11F9
:10C6E8000320FCF76DFCFCF777FA05460E46FBF7CE
:10C6F8001FF870B36435D4E9003246F10001AB424B
:10C7080072EB010001D22B460A46C4E90032EFF36E
:10C71800108572B6FBF77AFF064698B1FBF77CFFE7
:10C72800B3680B332CBF012200221B18D4E9006028
:10C7380042EB0101B34271EB00023CBF33460146B4
:10C74800C4E9003105B962B62046BDE8F840FBF7F8
:10C75800CDBBFBF70DF80746FBF76CFFB84238BFB7
:10C768003846963546F100024319D4E9000142F1F2
:10C778000002834272EB0105C7D20346C4E7FBF708
:10C788001BB9032910B5044606D801290ED84FF461
:10C798009E71B020FCF714FC0429F8D1FBF788F847
:10C7A80020B12046FBF744FC022010BD0020FCE726
:10C7B800C0E908122022002100F009BB10B5037857
:10C7C80086B0044623B14FF4AB714520FCF7F8FB63
:10C7D8000593CDE90333D0E90423CDE90023436869
:10C7E8000293037A68468DF81430FFF773FF01202F
:10C7F800DDE90023C4E9042306B010BDFFF7CFBE6E
:10C808007047704770477047FCF784B810B5029CB2
:10C81800241841F10001A01A61EB0301B0F1004FA7
:10C8280071F1000103DBA9210420FCF7C9FB10BD4D
:10C8380008B500230B8581F82A300B6A092198472F
:10C8480028B103781BB1E9216A20FCF7B9FB08BDC0
:10C85800436A19444162A1F19600FFF771BEF8B529
:10C86800044620B940F2AD116A20FCF7A9FB90F804
:10C878005850052900F2C780DFE801F003804365BE
:10C888006F7990F82A30033B012B02D94FF4DC7101
:10C89800EAE7052380F82A30002380F85930037826
:10C8A800EBB12378012B24D1FBF7C2FF636894F81E
:10C8B80028606362C4E90601F6B9FFF749FE31460C
:10C8C8002046FFF7C5FF236A3146284698470146A8
:10C8D8002046FCF75FFA022840F09880F8BDFFF781
:10C8E8002DFE07460E46FBF7A3FF87428E41F6D37F
:10C8F800D7E7D4E90401D9E72046BDE8F840FCF7BA
:10C9080015BA90F82A30DA1E012A02D940F2ED1140
:10C91800AAE790F828202AB121462846BDE8F84021
:10C92800FFF786BF042B036A18BF012180F82A107D
:10C938000521284698470028D0D00378002BCDD071
:10C948004FF4007190E790F82A30052B02D040F29E
:10C95800062189E7036A0221B7E790F82A30052BF8
:10C9680002D04FF403717FE7036A0121ADE790F825
:10C978002A30052BC0D040F2122175E790F82A30F2
:10C98800052B07D090F829200AB1032B02D040F2DA
:10C99800172169E794F82820002ABDD194F8593066
:10C9A80083B102230821284684F8592084F82A30C4
:10C9B800236A9847002891D00378002B8ED040F244
:10C9C800232151E794F8292062B1214604F130006F
:10C9D80084F82930FBF7B4FE00287FF47FAF4FF4CA
:10C9E8000A7141E702230721284684F82A30236A7E
:10C9F800984700283FF472AF0378002B3FF46EAFDE
:10CA080040F22F2130E74FF40D712DE70128236AFA
:10CA18000CBF0421032158E770B50024FCF774FA11
:10CA280005462646E0B2854200D870BDFCF772FA8A
:10CA38000134068580F82A60F4E7F8B504460D4607
:10CA48000027FCF761FA0646F8B2864204D8082D9A
:10CA58000CD96FF0150008E0FCF75CFA90F82A3062
:10CA68000137002BF0D04FF0FF30F8BD2CB129462C
:10CA78002046BDE8F840FCF759BA21462046F8E7B9
:10CA880010B50446FCF746FA014688B190F82830FC
:10CA98008BB990F82A3073B1013B012B04D820469A
:10CAA800FFF7C6FE002010BD012380F82830F9E703
:10CAB8006FF00100F7E76FF02200F4E770B50D465C
:10CAC800FCF728FA044600284CD090F82A60731E18
:10CAD800012B4DD8002D48D02846FCF7FBF800283C
:10CAE80043D02B780BBB012323702B796A79003B49
:10CAF80018BF0123002A14BF0422022243F00403B2
:10CB08002272AA68A5326260EA686372032322610E
:10CB1800214604F1300084F82A30FBF711FE50BB9F
:10CB280040F2C1216A20FCF74BFA022E20D10023E3
:10CB380023702B796A79003B18BF0123002A18BF9C
:10CB4800042643F004032672EA686372A532A968D2
:10CB58006260D4E906325B1842EBE172C4E9043240
:10CB68000423D5E76FF0010070BD6FF01500FBE7F7
:10CB78006FF02200F8E70020F6E7F8B503790446DD
:10CB88001BB11B219D20FCF71BFA4679017126B9C0
:10CB980001234371217909B96171F8BD27682046DD
:10CBA8002671B84702280546F4D103212046B84724
:10CBB80008B12F21E6E72368294620469847002830
:10CBC800E8D03021DEE703460068884204D109B185
:10CBD8000A681A600846704728B97047884202D127
:10CBE8000A681A60F6E7034600680028F6D170471D
:10CBF80001F11003013813F8012D8B4200F8012FC1
:10CC0800F9D170472DE9F04713F0010F8EB00446B3
:10CC18000D4617469A46DDE9168924D006A8FFF77F
:10CC2800E7FFA30735D002AA04F1100520680834ED
:10CC380054F8041C1346AC4203C31A46F6D106AD99
:10CC480002AC1AF0020F4346CDF8009023D02946D3
:10CC580020460AAAFCF74CFA0AA93846FFF7C8FF8B
:10CC68000EB0BDE8F08713F0040F0DD106AB0E46E9
:10CC780001F1100C1D463068083656F8041C1A4697
:10CC8800664503C21346F6D1214602A8FFF7B0FF56
:10CC9800D6E706ADD5E73A4629462046FCF728FAF6
:10CCA800DEE713B50024CDE90044FFF7ABFF02B07F
:10CCB80010BDFCF721BB20BF704720BF70479142D1
:10CCC800F8B503D373219620FCF77AF9B2FA82F308
:10CCD8003BB1C3F1200499409A4020FA04F49840EB
:10CCE80021434FEA124C93B2040C87B2B1FBFCF516
:10CCF8000CFB151E05FB03F64FEA0E4E0EEB10401B
:10CD0800864205D9361A964294BF01260226AD1BE3
:10CD180004EB0141280405FB1211B1FBFCF40CFBE8
:10CD28001411634307EB0147BB4205D9DB1B934250
:10CD380094BF01230223E41A2043F8BD2DE9F041F2
:10CD48001D4607460C46164652EA050303D1A6219E
:10CD58009620FCF735F985B9914204D2FFF7AFFF69
:10CD68002946BDE8F08108462946FFF7A8FF054691
:10CD78003246384606FB1541F0E7B5FA85F8012337
:10CD8800400803FA08F3C8F11F0840EAC470A3FB7F
:10CD98000212610803FB0522FFF791FF30FA08F041
:10CDA8004FF0000102D0013861EB010100FB05F3EF
:10CDB800A0FB062C06FB0133BF1A634464EB030493
:10CDC800B742AC41CDD3013041F10001C9E7F0B51C
:10CDD800C9B20446A30726460ED14FF0013522F00A
:10CDE80003034D43E718BC420CD1334402F003025D
:10CDF8001A44934209D1F0BD002AFCD0013A04F844
:10CE0800011BE7E744F8045BEDE703F8011BF0E7D3
:10CE180000280CBF6FF015000020704700207047F5
:10CE280007230370002070470020704700207047D8
:10CE380010F8012B11F8013B012A28BF9A42F7D0BC
:10CE4800D01A7047034611F8012B03F8012B002A6A
:10CE5800F9D17047034613F8012B002AFBD1181AA1
:10CE6800013870472DE9F04786468C460846089EEB
:10CE7800154674461946002B40F0C1808542B2FA27
:10CE880082F245D94AB1C2F1200300FA02FC95406A
:10CE980094402EFA03F343EA0C0C4FEA154EA8B25D
:10CEA800230CBCFBFEF80EFB18CC08FB00F943EA88
:10CEB8000C43994528D9EB1808F1FF3704D2994556
:10CEC80002D9A8F102072B44A3EB0903A4B2B3FBD0
:10CED800FEFC0EFB1C330CFB00F044EA0344A042AA
:10CEE80014D92C190CF1FF3304D2A04202D9ACF1A9
:10CEF80002032C44241A43EA07401EB1D4400023FD
:10CF080034607360BDE8F0874746DDE76346F1E7C4
:10CF180092BB431B01214FEA154EAFB2200CB3FB65
:10CF2800FEFC0EFB1C330CFB07F840EA0343984554
:10CF380061D9EB180CF1FF3004D2984502D9ACF155
:10CF480002002B44A3EB0803A4B2B3FBFEFC0EFBC8
:10CF58001C330CFB07F744EA0344A7424DD92C19AC
:10CF68000CF1FF3304D2A74202D9ACF102032C44DE
:10CF7800E41B43EA0040C0E7C2F120039540944017
:10CF880020FA03F12EFA03F34FEA154E9040AFB2A0
:10CF98000343B1FBFEFC0EFB1C10190C0CFB07F83D
:10CFA80041EA0041884522D969180CF1FF3004D2C2
:10CFB800884502D9ACF102002944A1EB08019BB2D3
:10CFC800B1FBFEFC0EFB1C110CFB07F743EA014307
:10CFD8009F420ED9EB180CF1FF3104D29F4202D9BF
:10CFE800ACF102012B44DB1B41EA004193E76046A8
:10CFF800E3E76146F7E76046A4E76346B8E783429C
:10D0080006D916B9002108467CE7C6E900E0F9E729
:10D01800B3FA83F78FB9834201D3724508D8BEEBC0
:10D02800020460EB030301209C461EB9002169E756
:10D038003846FAE7C6E9004CF8E7C7F1200CBB40D0
:10D048000EFA07F522FA0CF42EFA0CF1BA401C433A
:10D0580020FA0CF3B8404FEA144901431FFA84FE42
:10D06800B3FBF9F809FB18300B0C08FB0EFA43EA7E
:10D0780000439A4540D9E31808F1FF3004D29A4595
:10D0880002D9A8F102002344A3EB0A0389B2B3FB37
:10D09800F9F809FB183308FB0EFE41EA03418E45F7
:10D0A8002CD9611808F1FF3304D28E4502D9A8F1B2
:10D0B8000203214443EA0040A1EB0E01A0FB0298C1
:10D0C8004145CE46434602D306D14D4504D20138E8
:10D0D800B9EB020E68EB0403002EA7D0B5EB0E02E5
:10D0E80061EB030101FA0CFC22FA07F3F9404CEA60
:10D0F8000303C6E9003199E74046C5E74346D9E747
:10D108000022F0B585B0114640F6034002AF06F0A4
:10D1180015FE044600285BD106F0C4FB214641F207
:10D1280003003A1D06F00AFE0446002850D17A682A
:10D13800294DD16805F17803D1F80100D1F805101F
:10D1480003C3104605F076F9214641F201003A1D65
:10D1580006F0F4FD044600283AD17868C3685A7886
:10D1680085F870205A88A5F872201A7985F87120F8
:10D17800B3F80720A5F87420B3F80530A5F8763081
:10D1880005F058F9214641F202003A1D06F0D6FD95
:10D198000446E8B9D7F804C005F18006DCF80C208D
:10D1A800531C4132344618685968083303C4934203
:10D1B8002646F7D1604605F03DF995F87C305A06C9
:10D1C80010D40121054A06481CF036FA6FF0120403
:10D1D80020460C37BD46F0BDA00500209519030078
:10D1E800ECE70200002142F203003A1D06F0A6FD1A
:10D1F80004460028ECD17A68A94BD168D1F801001F
:10D20800D1F8051003C3104605F014F9214642F27F
:10D2180002003A1D06F092FD04460028D8D17E6827
:10D22800F468B4F801309AB292B1E27882B1A5F804
:10D238000431E378032B06D0032202210092994897
:10D24800994A1BF031FEE278984811461EF0ACFD71
:10D25800304605F0EFF81F2395F87C60A5F82031DB
:10D2680016F0200619D14FF0FF304FF0FF3106F0CD
:10D2780039FB0446002800F0BE8102210C3005F07D
:10D288001BFA0123214603704670324640F66D4072
:10D2980006F054FD044600289AD195F89C301B07E7
:10D2A80012D5002142F21C003A1D06F047FD044643
:10D2B80000288DD17868C368D3F80120D3F80530E9
:10D2C800C5E9382305F0B6F895F8D8309E0623D579
:10D2D8003846B91C06F0DAFD044600287FF478AF1A
:10D2E8004FF0FF304FF0FF3106F0FCFA06460028F9
:10D2F80000F0818104210C3005F0DEF93B882246DC
:10D3080003807B883146438042F2240006F016FDF4
:10D31800044600287FF45CAF95F8D8305C0610D539
:10D32800002142F22A003A1D06F008FD04460028B2
:10D338007FF44EAF7868C3685B7885F8223105F0D2
:10D3480079F84FF0FF304FF0FF3106F0CBFA044682
:10D35800002800F0508108210C3005F0ADF995F84F
:10D36800D81040F2022311F0400F08BF03230246F1
:10D3780088074CBF43F02C0043F00C008B0695F84F
:10D38800D93048BF40F0400013F0090F18BF40F4EF
:10D398000060CE0748BF40F0100000211CF07BF968
:10D3A8002146002242F2010006F0C8FC044600288B
:10D3B8007FF40EAF95F87C30B5F8041198065DD46B
:10D3C800C9B941F205003A1D06F0B8FC0446002828
:10D3D8007FF4FEAEB5F804317C684BB9E368B3F866
:10D3E8000120A5F804219A88304811461EF0DCFC7B
:10D3F800204605F01FF84FF0FF304FF0FF3106F0E0
:10D4080071FA0446002800F0F68008210C3005F077
:10D4180053F995F8D8300246D90739D44FF000515E
:10D4280023481CF038F92146002240F6014006F056
:10D4380085FC044600287FF4CBAE01463A1D4FF622
:10D44800014006F07BFC002838D01A4A0221154812
:10D458001CF0F2F8EB79002B40F0BD801CF0DDFAEF
:10D46800044600287FF4B4AE09F022FB04460028E5
:10D478007FF4AEAE06F0D4FB0446A9E60029BAD183
:10D4880001210D4A07481CF0D7F86FF004049FE605
:10D4980001A1D1E90001C4E79088000200800020C2
:10D4A80078060020ECE70200B9190300A80600205E
:10D4B80010880002221A0300FF1903007B686E46D9
:10D4C800DC688AB0B4F80130042B96BF574A584933
:10D4D80052F8231002AAD3614FF4007355481384FD
:10D4E800554BC2E9050142F8103F4FF41351534818
:10D4F8001CF0B1F8B4F80120B546022AB4F803309C
:10D5080049D1052B47D84E4A52F823106E468AB0A7
:10D5180002AAD3614FF400734A481384464BC2E908
:10D52800050142F8103F4FF4135144481CF093F89A
:10D53800B546637994F806C0032B98BF424AB4F8FD
:10D548000760D4F809006C468CB094BF52F82310D9
:10D55800374902AAC2E9073C4FF40073DFF8ECE050
:10D5680093853B4BC2E905E1C2E909604FF4735169
:10D5780042F8103F31481CF06EF8A546786804F070
:10D5880059FF00214FF602403A1D06F0D7FB04462A
:10D5980018B1304A5AE72649B8E77868C368B3F83B
:10D5A8000130A5F8C13004F045FF95F8C1305A079D
:10D5B8007FF550AF21464FF603403A1D06F0BEFBFB
:10D5C80008B1254A42E77868C3685B7885F8C030B7
:10D5D80004F030FF3EE72E78002E7FF43FAF95F839
:10D5E800C1309B061FD54FF0FF304FF0FF3106F0DA
:10D5F80079F9044610B96FF06804E9E506210C30A2
:10D6080005F05AF8D5F8013021460360134B32462D
:10D618009B8883804FF6064006F090FB044600285E
:10D628003FF41CAFD4E56FF08504D1E55CEF020050
:10D638009E170300461A030004000001ECE70200ED
:10D6480044EF02005F1A030034EF0200771A030068
:10D6580007000001A41A0300CD1A0300A105002049
:10D6680008B5094BD3E8AF3F43B1FAF767F804A10F
:10D67800D1E90001BDE8084011F016B908BD00BFA6
:10D68800389C1C0000000000A83B0020000000009F
:10D6980037B50024164D6FF009034FF48062284611
:10D6A8001449009414F034F91349284614F088FCFE
:10D6B8001249134813F056FF224604211C2004F097
:10D6C800FDF801220F4BD3E8EF1FC3E8E02F002835
:10D6D800F9D105A1D1E9000111F0E6F8204603B01F
:10D6E80030BD00BFAFF30080389C1C000000000074
:10D6F80068330020986900200248030075E801009B
:10D70800103C0020A83B002070B4174E0C46B042D5
:10D71800154608D00136B0420FD0023EB04210D0B4
:10D7280070BC18F07DBD0AA3D3E90023C5E9002326
:10D738000E4B0020236070BC704707A3D3E9002379
:10D74800F4E707A3D3E90023F0E700BFAFF30080B5
:10D7580002C0FF7F0000000003C0FF7F0000000040
:10D7680001C0FF7F0000000002C0FF7F03004E8061
:10D7780010B5064A064802211AF021FBBDE8104000
:10D7880040F21B620023034814F06ABA7CF70200D7
:10D79800C4E80200A01B002008B5302016F096FC53
:10D7A80038B100238385011DBDE8084003481AF0FD
:10D7B8000BBBBDE80840FFF7DBBF00BF20DD020060
:10D7C80070B503788AB004460E4607AD032B20D8FF
:10D7D800DFE803F002191B1D11492846FFF732FB49
:10D7E800059563781E210493A37830460393E37864
:10D7F8000C4A02932379019363790093A37919F072
:10D80800DBFF0AB070BD0849E7E70849E5E70849C2
:10D81800E3E70A212846074A19F0CEFFE0E700BFF0
:10D82800A5F70200C7F70200ACF70200B3F7020041
:10D83800BDF70200CA370300F0B5144689B000AF3F
:10D848000D461CF0DFF93946FFF7BAFFACB96C4654
:10D858008AB06A46144BD561C2E905374FF40073A4
:10D868001384124B4FF41351114842F8103F1AF029
:10D87800A8FAA5462437BD46F0BD6E468CB06B4667
:10D888000C4AC3E90754C3E905270B4A4FF4625110
:10D898005A620A4A06489A621A46094B42F8103FE9
:10D8A8001AF08FFAB546E5E7EAF70200040000012E
:10D8B800C4E8020008F80200F14E03000002030564
:10D8C8000600000290B589B000AF0C461CF09AF92A
:10D8D8003946FFF775FF8AB06A46094BD461C2E939
:10D8E8000537084B4FF443511362074B07485362FF
:10D8F800074B42F8103F1AF064FA2437BD4690BD32
:10D908002FF80200F14E030000020204C4E80200EE
:10D918000500000290B589B000AF0C461CF072F902
:10D928003946FFF74DFF8AB06A46094BD461C2E910
:10D9380005374FF400731384064B4FF41351064810
:10D9480042F8103F1AF03DFA2437BD4690BD00BF9B
:10D9580055F8020004000001C4E8020090B589B03F
:10D9680000AF0C461CF04EF93946FFF729FF8AB084
:10D978006A46094BD461C2E905374FF40073138432
:10D98800064B4FF41351064842F8103F1AF019FAA3
:10D998002437BD4690BD00BF77F80200040000019F
:10D9A800C4E80200B0B588B000AF0C461CF02AF9F4
:10D9B8003946FFF705FF6D468AB06A46124BD461B7
:10D9C800C2E90537114B124C1362124B12485362CD
:10D9D800124B4FF4435142F8103F1AF0F2F9206805
:10D9E800AD4618B108F038F9002323600C4C2068C4
:10D9F80030B108F031F90023012023601DF026FF23
:10DA08002037BD46B0BD00BF8CF80200F14E0300C0
:10DA18000838002000020204C4E8020005000002E1
:10DA28000C380020B0B588B000AF0C46054608F0A9
:10DA3800EBF8124B186028461CF0E4F83946FFF75B
:10DA4800BFFE6D468AB06A460D4BD461C2E9053700
:10DA58004FF400730B4C13840B4B204642F8103FD5
:10DA68004FF413511AF0ADF90321AD462046074A89
:10DA78001AF0A5F92037BD46B0BD00BF0838002010
:10DA880077F80200C4E8020004000001AFF80200C1
:10DA9800B0B588B0044600AFB1B16C468AB06A46EA
:10DAA800194B1A48C2E90531194B4FF41151D3618A
:10DAB80040F201331384174B42F8103F1AF081F9F2
:10DAC800A5462037BD46B0BD1CF09CF83946FFF787
:10DAD80077FE6D4688B06A460F4B4FF4E651C2E9AF
:10DAE80005374FF4007393830C4B084842F8103FF6
:10DAF8001AF067F92046AD4608F086F8084B18601A
:10DB080001201DF0A0FEDCE7DEF80200C4E80200F8
:10DB1800F14E030004000001FFF8020003000001B9
:10DB28000C38002080B588B000AF1CF06BF839467F
:10DB3800FFF746FE88B06A46084B4FF4E651C2E943
:10DB480005374FF400739383054B064842F8103F9E
:10DB58001AF037F92037BD4680BD00BF0CF9020026
:10DB680003000001C4E802002DE9F047002405463F
:10DB780088B000AF8846164621461A22381D3C60F8
:10DB88001FF05BFF28461CF03DF83946FFF718FEEA
:10DB98006D4688B06A46264B4FF4E651C2E9053710
:10DBA8004FF400739383234B234842F8103F1AF035
:10DBB80008F9AD46DFF88490DFF884A0B44209D0B4
:10DBC800302016F083FA054640B902211D4A1A484A
:10DBD8001AF0F5F82037BD46BDE8F087321B272A32
:10DBE8008CBF272292B2031D828508EB04011846D8
:10DBF8001FF0FCFEAA8D03461444A4B2A6420AD123
:10DC080008EB060111F8011C0D2904D10A20A918F6
:10DC180001320871AA8519464846AA8D1AF0DDF81E
:10DC28000028CBD0294650461EF0A5F8C6E700BF0D
:10DC380022F9020003000001C4E8020020DD02000E
:10DC4800A40D002039F9020010B50B78052B00F25D
:10DC58009580DFE803F003802C6172468B68002B07
:10DC680000F08C804868002800F08880444A1368D7
:10DC7800DBB1181F00231360424A13601EF03DFAFF
:10DC880000220023404813F05FF8002876D0828DE8
:10DC9800011D3E481AF0A1F800286FD03C4A022125
:10DCA800BDE810403B481AF08AB80438E6E74A68ED
:10DCB800CB68108D034438489BB213850278002A3C
:10DCC8005CD14A68134413F8013C0A2B01D00D2B90
:10DCD80054D1012303702D48BDE8104083685B6967
:10DCE800184700242C4B30201C7016F0EFF930B187
:10DCF8008485011DBDE8104024481AF065B8274AFC
:10DD0800244802211AF05BF8BDE8104040F21B627B
:10DD18000023234813F0A4BF302016F0D7F901469A
:10DD280048B10023838519482822BDE8104083683C
:10DD380004311B691847194AB1E74B68191F1B8D35
:10DD480023B1BDE8104017481EF015B80846BDE8D5
:10DD580010401EF0D2B90A4A13680BB94B68136019
:10DD680008488B6801680B44116803600A8D0748EE
:10DD7800D21A1944BDE810401AF02FB810BD00BFE0
:10DD8800F4370020F0370020A40D002020DD020029
:10DD980064F90200C4E80200CC4300207CF70200CA
:10DDA800A01B0020880D00202DE9F0438DB04FF016
:10DDB800FF324FF0FF33284813F0D6F83022002105
:10DDC80068461FF03AFE254FDFF89480DFF89490FC
:10DDD8004FF0FF334FF0FF32384612F0B5FFBDF871
:10DDE8002C40838DC4F128049C42054628BF1C465C
:10DDF80000261CB928461EF080F9E9E7BDF82C007A
:10DE0800311D04302246294468441FF0EFFDBDF857
:10DE18002C202644224492B2272AADF82C2008D878
:10DE280002F130036B4413F82D3C0A2B01D00D2B63
:10DE38000CD1002001A903F0F9F820B142460221D3
:10DE4800484619F0BCFF0023ADF82C30AC8DA41B5C
:10DE5800282C28BF2824CCE7200D0020880D00207E
:10DE680082F90200C4E8020008B505480321054A02
:10DE780019F0A5FFBDE80840034813F09BBC00BF9C
:10DE8800C4E80200AAF90200F8370020F8B51E4CD1
:10DE98000546206800AF002833D00D40EA0716D5A4
:10DEA8001BF0DFFE6E4688B023686A46174918489B
:10DEB800C2E9051303234FF4C65142F8103F19F085
:10DEC80080FFB546206807F0C7FE00232360AB0734
:10DED80017D520681BF0CDFE6D4688B023686A46CA
:10DEE8000C490B48C2E9051303234FF4C65142F805
:10DEF800103F19F066FFAD46206807F0ADFE00231D
:10DF08002360BD46F8BD00BF08380020F2F90200C2
:10DF1800C4E8020009FA020030B50F4D89B003AC1D
:10DF28000FCD0FC42B680222236001240B4B0C4930
:10DF3800009403A806F090FF034630B1094A214631
:10DF480009481AF0A7FF09B030BD0321074A06485F
:10DF580019F035FFF7E700BFD0E9020068ED0200CD
:10DF680070ED020021FA0200C4E8020046FA02003D
:10DF7800F8B553480FF0D8FD034620B10121514AA6
:10DF880051481AF087FF0FF09DFD034620B101218B
:10DF98004E4A4D481AF07EFF4D4E30461DF08CFE1D
:10DFA800A8B1302016F092F8044680B100254949FE
:10DFB8008585494813F01CFDB3681B684BB920469A
:10DFC8001EF09BF80121454A3F4819F0F8FE19F068
:10DFD8000CFF2A463046424998470028EFD13020A6
:10DFE80016F074F8054680B3031D18463D49FEF740
:10DFF80029FF25220146AA85304619F0EEFE07467C
:10E0080060B120461EF079F828461EF076F8012106
:10E018003B46354A2C481AF03DFFD8E73046211DCB
:10E0280019F0D2FE034658B9304808F00FFD0346F0
:10E0380078B12F4A012124481AF02CFF0020F8BD9E
:10E0480001212C4A20481AF025FF20461EF055F8D9
:10E05800BDE7294808F014FD034608B1274AE9E757
:10E0680006F074F80028B2D10321254A164819F0A1
:10E07800A6FE244812F0F4FE1AF0BCFF224802F073
:10E08800C9FF044610B1214A0346D3E72049214875
:10E0980013F068FA1F4813F08DFB1F4D013404F08C
:10E0A800010100200FF0D2FD002147F6122014F0E4
:10E0B80035FF0F222946002002F0B8FFEEE700BF27
:10E0C80095DE000067FA0200C4E8020085FA020043
:10E0D80020DD0200A1D70000A01B0020A0FA02004A
:10E0E80051DC0000C0FA0200E6FA0200F407002042
:10E0F80036FB02000FFB0200E40700206CFB020065
:10E10800A7FB0200200D0020D8070020BDFB02005D
:10E1180021DF0000F8370020E9FB020010F00302BD
:10E12800F0B542D121F00304264D274E274F044471
:10E13800A04218D101F00303E018002384423CD127
:10E1480020484A405843204B4FEA70405843204BE0
:10E15800504080EA104058431E4B80EA50305843E4
:10E1680080EA1040F0BD50F8043B6B434FEA73431C
:10E17800734353404FEAF34303EB8303DA19D7E7BA
:10E188001B68043C73434FEA73437B4353404FEA95
:10E19800F34303EB830303EB0C02032CA5EB04030B
:10E1A800EED821F003040444C4E70C460022054ECF
:10E1B800054FDFF818C04518EFE714F8015B45EA8A
:10E1C8000323BBE7512D9ECC9335871B646B54E624
:10E1D8006BCAEB8535AEB2C2F8B50F4600293BD005
:10E1E80006680122304619F043FE014604463046CF
:10E1F80019F006FEC3070DD4AF23184A1849194869
:10E208001AF042F8394618481AF03EF8AF21134878
:10E218001AF031F82146304619F008FE251829462B
:10E228000022304619F0ECFD2D1AAC420BD0B72372
:10E238000A4A0E490B481AF027F839460C481AF0D2
:10E2480023F8B721E3E72146304619F0F5FD2146CA
:10E25800BDE8F84019F02ABFF8BD00BF32FC020043
:10E2680055FC020066FC020083FC0200BBFC0200B5
:10E27800E1FC0200B2F5802F2DE9F04110D2042A0A
:10E2880028D8454940F21A23444A454819F0FCFF6A
:10E29800444819F0F9FF40F21A21404819F0EBFF01
:10E2A8000823D21ACC1D114424F0070421F00701D9
:10E2B800091B17294FEAD1060ED83B4940F2232300
:10E2C800364A374819F0E0FF364819F0DDFF40F2CA
:10E2D8002321E2E70423E4E70025046031462046D1
:10E2E800A660E56019F0CEFDB6F5004F2CBF0823F7
:10E2F8000423421D92000833D11DDB0803EBD10330
:10E30800B3424FEAD10739D801302946A2F11002A9
:10E3180004F11000B8BF2A461FF08FFB3A46294681
:10E32800204619F0A1FD2B462A462946204619F019
:10E3380072FDA6EB070820462946012219F07CFD4C
:10E348004246394619F090FD3B462A463946204652
:10E3580019F061FD3146204619F086FD43462A46EC
:10E368003146204619F057FD31462046012219F062
:10E3780063FD3946BDE8F04119F056BE0B494FF42C
:10E388000E73064A064819F07FFF064819F07CFF0D
:10E398004FF40E7181E700BF1DFD020032FC020040
:10E3A80066FC02003EFD020057FD020080FD0200EF
:10E3B8002DE9F04F97B000AF89460446D7F880B0F2
:10E3C800FA623B6258B9A94940F29933A84AA94868
:10E3D80019F05AFF40F29931A54819F04CFFCBF3D8
:10E3E800C00390F802A07B6141B9457800780AEB38
:10E3F800800020444D4517D8A0EB0409E378FB6161
:10E40800BAF1000F02D01BF0010F16D1FB6953BB04
:10E41800FB6A1BB1494620463A6A98474D4628464A
:10E428005C37BD46BDE8F08F461C3046FEF712FD4E
:10E438000130304409F10109DCE7626823787A6227
:10E44800FA6A9900B96104EB8301002A40F002815D
:10E458000E464FF000084D4601EB0A094E454CD1D7
:10E4680001EB0A0610E01BF0020FD1D023789A00C6
:10E47800BA61626804EB83017A62FA6A002A77D18A
:10E488004D46904601EB0A061BF0050F0CBF022310
:10E498000123FB62FB6906EB430A0BF00203BB6234
:10E4A8005645BCD016F8021B16F8013C54F82390C8
:10E4B800714B994502D3714B994536D37B69002B33
:10E4C80040D0786A19F0A3FE00283BD0E9468AB00C
:10E4D8006A466B4B53617B6AC2E906314FF400739D
:10E4E8001384684B42F8103F00234FF412516648DA
:10E4F80001F094FE023DCD46D2E716F8013BF962E1
:10E5080054F82300FEF7A6FCD7F88430F96A0130E6
:10E518004BB1D7F8883098453EBFD7F8843023F8F8
:10E52800180008F10108054498E77B6923B1786A67
:10E5380019F06DFE0028C9D11BF0010F05D1FB6A47
:10E54800ED1AADE7BB6A002BAAD04846FEF782FC5D
:10E55800D7F8843053B1D7F8883098453FBFD7F8FB
:10E568008420431C22F8183008F10108054497E775
:10E57800BAF1000F74D01BF0040674D0D046002600
:10E5880007F1480052463B61B9621FF02FFAB96A99
:10E598003B6901EB0A02BA62FA69F9695200FA604A
:10E5A800BA6A02EB41023A610BF00202BA60BA6A37
:10E5B80039698A426AD162781BF0020F18BF0021BC
:10E5C8007A6208BF4FEA5801B2181BF0010FD2B2A5
:10E5D80040F0E5801BF0040F14BF404600207B612B
:10E5E8006270A070E17020463A6AB969FB6A984780
:10E5F800051EFFF614AF7B69414623707B6A3A6AB1
:10E608006370FB6984F802A0E37007F14800FB6AB5
:10E618009847B0F10008C0F2F680BB69A9EB0A017F
:10E62800C91AFB683A6AC91AD7E90A039847002841
:10E63800C0F2EB804FF0000BA84408EB000507F18F
:10E64800380AB345C0F0AD8000213A6A0846FB6A33
:10E658009847E4E656464FF0000807F1380091E77E
:10E668005646D04695E7B04693E700BF40FE020005
:10E67800ABFD020066FC0200A0DB0200305E030076
:10E688005BFE02000400000144E80200BA6A12F8C6
:10E69800021B12F8015CBA6254F825005C4A9042E9
:10E6A80002D35C4A904218D37A693AB1786A7B609F
:10E6B80019F0ADFD7B6800287FF479AFBA68002AAD
:10E6C8004CD00F2E40D9544940F24D43534A544838
:10E6D80019F0DAFD40F24D417EE67A693AB1786A7E
:10E6E8007B6019F094FD7B6800287FF460AF1BF015
:10E6F800010F0BD00F2E27D9474940F24343474A11
:10E70800474819F0C1FD40F2434165E61BF0040F8C
:10E718003FF44DAFB8F10F0F09D9424940F24643D3
:10E728003E4A3F4819F0B0FD40F2464154E608F130
:10E73800280207F1300008F1010102EB000808F88F
:10E74800105C5FFA81F832E706F1280207F1300021
:10E75800711C161806F8205CCEB228E7B8F10F0F26
:10E7680009D930494FF48A632C4A2D4819F08CFD99
:10E778004FF48A6130E608F1280207F1300C08F1FD
:10E788000100944407F1580208F1020852FA80F097
:10E798000CF8101C5FFA88F800F8105C07E70020F6
:10E7A8001DE71BF80A3054F8239087F83730D7F85C
:10E7B80084302BB3D7F888309B4521D2D7F88430E2
:10E7C80033F81B8001213A6AFB6A07F13700984742
:10E7D80000281ADB0544B8F1000F06D14846FEF7B9
:10E7E80039FB00F101081FFA88F8414648463A6AA1
:10E7F800FB6A9847002808DB05440BF1010B20E76A
:10E808004FF00008DEE7454609E6054607E600BF83
:10E81800A0DB0200305E0300FEFE0200ABFD02003A
:10E8280066FC02001DFF0200014B1B68184700BF71
:10E838000C080020014B1860704700BF0C0800202E
:10E8480030B585B004460D461022002168461FF0F9
:10E85800F4F802238DF80230044B2A462146684614
:10E86800019319F03BF805B030BD00BF31E8000056
:10E8780080B505460E461746984614F0E3FB034656
:10E888001FF080F9DFF83C90044649F80030424612
:10E8980039463046A8470C4B1B7873B90B4940F2F0
:10E8A80046330B4A0B4819F0EFFC0B4819F0ECFC07
:10E8B80040F24631064819F0DEFC54F8090002F02F
:10E8C8007FFF00BF080000008148002079FF020098
:10E8D8004EFF020066FC02008CFF020038B50D46B0
:10E8E8000446202200211FF0A8F80022EB68E3610B
:10E8F800AB68A3612B6823626B68A26263622A69B2
:10E9080023B1591E194208BF42F0010222610122B7
:10E91800002104F12C001DF047FA48B105490648CA
:10E928002F23064A19F0B0FC2F21044819F0A3FC44
:10E9380038BD00BFA036030066FC0200AEFF02002F
:10E948002DE9F04F002789B0CDE90123436A044639
:10E958008B428846BA460597079754D300F11406A8
:10E96800EFF31185402383F31288BFF36F8F30468E
:10E97800A94614F045FE58B988234D4A4D494E48DA
:10E9880019F082FC31464D4819F07EFC882163E07D
:10E99800304614F059FE079A2AB13946204619F034
:10E9A8005DFD0023079306A9204619F07AFC069915
:10E9B8008346414530D32268236A204613F8221043
:10E9C80003EB820A21F0030103F822102168424672
:10E9D80019F08BFCE3682060984218D04FF0000BC8
:10E9E800304614F01BFE50B389F31188BFF36F8FC4
:10E9F800059929B1A2690AB12046904700230593D9
:10EA0800BBF1000FACD1504609B0BDE8F08F2369C7
:10EA180043F008032361E1E718B1204619F07FFCB1
:10EA2800DEE7DDE90132134339D003911DF031FAF5
:10EA38000399A0BB9DBB304614F0F0FD78B94FF4A4
:10EA48009A731B4A1E491C4819F01EFC31461D4882
:10EA580019F01AFC4FF49A71154819F00CFC85F35B
:10EA68001188BFF36F8F04F12C00DDE9012312F048
:10EA78007BFA8346EFF31189402383F31288BFF3AF
:10EA88006F8F304614F0BCFD00283FF475AFBBFA19
:10EA98008BFB304614F0D8FD4FEA5B1BA0E72046FD
:10EAA80007AB05AA276819F059FC834698E700BF09
:10EAB800D4FF02000100030066FC020016000300F8
:10EAC8002C000300430003002DE9F0410446C3690C
:10EAD80008460E46984704F114050746EFF31188D7
:10EAE800402383F31288BFF36F8F284614F088FD04
:10EAF80068B988231A4A1B491B4819F0C5FB2946DF
:10EB08001A4819F0C1FB8821154819F0B4FB2846AA
:10EB180014F09AFD33783A4643F001033370616884
:10EB2800204619F0E2FB6060204619F0B2FC284646
:10EB380014F074FD68B94FF49A73094A0C490A48ED
:10EB480019F0A2FB29460B4819F09EFB4FF49A7165
:10EB5800DAE788F31188BFF36F8FBDE8F08100BF53
:10EB6800D4FF02000100030066FC02001600030047
:10EB78002C000300430003002DE9F047044600275A
:10EB880000F11406EFF31188402383F31288BFF3D2
:10EB98006F8F304614F034FD054668B988233A4A29
:10EBA8003A493B4819F070FB31463A4819F06CFB7A
:10EBB8008821354819F05FFB304614F045FD23697C
:10EBC800A16813F0080F02D16368994200D9636AFB
:10EBD8005B1A002B41D0206A10F8213000EB810924
:10EBE80013F003023CD0022A04D150F821205FEA36
:10EBF800920A05D1DA0720D44846E3699847824645
:10EC0800A1685246204619F070FB5146A060204684
:10EC180019F079FB2F46304614F000FD10BB4FF475
:10EC28009A73194A1C491A4819F02EFB31461B4899
:10EC380019F02AFB4FF49A71BBE743F0020300F87E
:10EC48002130E3694846A568984729460246204688
:10EC580019F04BFB0025A060DDE71D46A946DAE761
:10EC68001546FBE788F31188BFF36F8F002D89D114
:10EC780037B1B9F1000F03D104F12C0012F0F0F80C
:10EC88004846BDE8F08700BFD4FF0200010003003A
:10EC980066FC0200160003002C000300430003007A
:10ECA8002DE9F0410446C36908460D46984704F12A
:10ECB80014060746EFF31188402383F31288BFF345
:10ECC8006F8F304614F09CFC68B98823274A28497E
:10ECD800284819F0D9FA3146274819F0D5FA882179
:10ECE800224819F0C8FA304614F0AEFC2B786FF3BE
:10ECF80000032B7023699B0705D5E268236A03EBA1
:10ED080082039D4222D12B786FF341032B70D4E903
:10ED18000231994204D13A46204619F0E6FAA06039
:10ED28003946204619F0EFFA304614F077FC90B9CE
:10ED38004FF49A730D4A11490E4819F0A5FA314655
:10ED48000F4819F0A1FA4FF49A71C9E72B6867F3D5
:10ED58009F032B60E8E788F31188BFF36F8F04F1F6
:10ED68002C00BDE8F04112F07BB800BFD4FF0200D0
:10ED78000100030066FC0200160003002C000300DB
:10ED88004300030070B5044600F11405EFF3118643
:10ED9800402383F31288BFF36F8F284614F030FCAA
:10EDA80068B988231A4A1B491B4819F06DFA294685
:10EDB8001A4819F069FA8821154819F05CFA2846AA
:10EDC80014F042FC2369A06813F0080F02D16368AD
:10EDD800984213D9646A241A284614F01FFC78B99B
:10EDE8004FF49A730A4A0E490B4819F04DFA29460E
:10EDF8000C4819F049FA4FF49A71DDE71C1AEBE751
:10EE080086F31188BFF36F8F201E18BF012070BDD5
:10EE1800D4FF02000100030066FC02001600030094
:10EE28002C000300430003002DE9F84F0446A38B90
:10EE380008461907154612D4022803F0070165D1C0
:10EE4800204619F0ACFB88B10138042800F237815C
:10EE5800DFE810F05C0035018200D40004010128CD
:10EE68000CBF43F0100143F02001A1831434204665
:10EE780014F0D4FB002840F09D819A494FF49A730E
:10EE8800994A9A4819F000FA2146B1E003F00702BE
:10EE9800501F01281ED80020062A2768C4E9000050
:10EEA80014D13A4603E0E08B0130E0831268002A6F
:10EEB800F9D123F0070343F002022046A28319F098
:10EEC8006EFB90B342F02002A2832EE023F00703EA
:10EED8009AB2F2E7042A33D123F007039AB2204604
:10EEE800A28319F05CFB10B142F02002A283A38B2D
:10EEF80003F00709894540F0EC80A18BCA0640F170
:10EF0800508121F01003A38301F00701D4F8188081
:10EF1800A38BB8F1000FB9DA0022276823F00703A2
:10EF2800C4E9002243F00103A383A38B03F007097C
:10EF3800894540F0CF80002FDFD00026B24644E05C
:10EF48006B4940F21B136B4A684819F09DF940F26F
:10EF58001B11684819F08FF949B167494FF4AB7331
:10EF6800644A624819F090F94FF4AB71F1E72368ED
:10EF78004BB9624940F257135E4A5C4819F084F96C
:10EF880040F25711E5E723691E684EB95C494FF412
:10EF9800AD73584A554819F077F94FF4AD71D8E771
:10EFA8000F4688464FF00609A38B23F0070343F06A
:10EFB80006039BB2A383A268002A40F08D80002F2D
:10EFC80040F08D80002E98D0BA4643F0080304F133
:10EFD800140B5846A38314F021FB002840F09A80B4
:10EFE80040494FF49A73404A404819F04DF9594640
:10EFF800444819F049F94FF49A71ADE0022909D053
:10F00800414940F25D133B4A384819F03DF940F256
:10F018005D119EE7E78B4FB13C494FF4AF73354A1A
:10F02800324819F031F94FF4AF7192E723695E68FD
:10F038004EB9334940F261132E4A2C4819F024F98D
:10F0480040F2611185E7A38BB84623F0070343F02C
:10F0580004039BB24FF00409A383ACE7012909D04C
:10F068002B494FF4B273234A204819F00DF94FF495
:10F07800B2716EE723684BB9204940F265131D4A07
:10F088001A4819F001F940F2651162E723699E6890
:10F098004EB91B494FF4B473164A144819F0F4F8E2
:10F0A8004FF4B47155E70027A38BB84623F0070344
:10F0B80043F005039BB24FF00509A3837BE70C4996
:10F0C80040F26B130B4A094819F0DEF840F26B1155
:10F0D8003FE7002700266EE74FF0010A75E79246E2
:10F0E80073E700BF2C000300D4FF020066FC020097
:10F0F800B24C03006300030088000300940003007F
:10F10800B700030043000300CE000300E40003003F
:10F11800F300030085F31188BFF36F8FBAF1000F76
:10F128001CD177BB16B120462549B047EFF31185AE
:10F13800402383F31288BFF36F8F584614F060FAA8
:10F1480038BB88231F4A2049204819F09DF85946A2
:10F158001F4819F099F888211A48FBE6A168002988
:10F16800DFD00D680029DCD043464A462046D1F856
:10F1780004A0D0471DB12B6829461D46F2E72B464F
:10F18800FAE7394643464A4620463F6819F033FABB
:10F19800C7E7584614F058FAA38B23F00803A38353
:10F1A800ABE68B067FF562AE21F02003A38301F066
:10F1B800070145E685F31188BFF36F8FBDE8F88F27
:10F1C800DDF10000D4FF02000100030066FC02002C
:10F1D80016000300F8B504460D4600F11406EFF3D7
:10F1E8001187402383F31288BFF36F8F304614F0E2
:10F1F80007FA68B988230C4A0C490D4819F044F8F5
:10F2080031460C4819F040F88821074819F033F8BE
:10F21800304614F019FAA5613A462046BDE8F84090
:10F228000121FFF701BE00BFD4FF02000100030067
:10F2380066FC0200160003002DE9F04704460F465D
:10F2480019F0C9F9051E68DB04F11409EFF3118AF6
:10F25800402383F31288BFF36F8F484614F0D0F928
:10F26800804660B98823384A3849394819F00CF87B
:10F278004946384819F008F88821334842E048469A
:10F2880014F0E2F94FF6FF72E38BA68B934206F077
:10F29800070645D0022E15D135460133E38348468B
:10F2A80014F0BCF9002841D14FF49A73264A2A4930
:10F2B800274818F0E9FF4946284818F0E5FF4FF4B9
:10F2C8009A71DAE7062E13D8DFE806F0092D121234
:10F2D800090409006FF085054FF00008DFE70023F7
:10F2E8003B60636883B9C4E9007786B13546F3E7C4
:10F2F8001B4917484FF4E4731A4A18F0C5FF4FF436
:10F30800E471184818F0B7FF1F606760EDE75246D0
:10F3180002212046FFF788FD35462846BDE8F087DC
:10F328006FF00A05D8E76FF00405D5E78AF311886E
:10F33800BFF36F8FB8F1000FEFD000233246394684
:10F34800204619F058F9E8E7D4FF0200010003004D
:10F3580066FC0200160003002C00030043000300B3
:10F36800F30003006300030008B54268034602F097
:10F378000302022A81600AD0032A4FF0000103D059
:10F38800012A0AD1596006E01868596008BD186852
:10F3980000225A6058B90020F8E706490648452374
:10F3A800064A18F071FF4521044818F064FF14F06C
:10F3B80097FDF0E7B24C030066FC02000901030068
:10F3C8002DE9F04F9DB0044602AF58B9A84A012173
:10F3D800A84819F090F96FF0150A50466C37BD46E9
:10F3E800BDE8F08F00F1240840461CF0A4FCA06B97
:10F3F8008368DB6898470246E06308B99E4AE6E7F7
:10F40800102119F082FA20641368013B1F2B01D9DF
:10F418009A4ADCE7A26900EB80039A4205D20121EF
:10F42800974A944819F036FDD5E7E369012B01D8CE
:10F43800944ACCE700220023C7E9042300254FF0B3
:10F44800FF324FF0FF33404611F0F4F9AB46A946BE
:10F4580007F14806E36999450AD3E06958455ED142
:10F46800002D5CD1404619F05AFA6FF0850AB4E7CE
:10F47800226CA1695000884294BF4B46A9F1010350
:10F48800A1EB420207F13801C7E904232046CDE980
:10F49800006119F013F98246002850D197F84930D5
:10F4A80084F820307B6D03F47023B3F5803F33D2AA
:10F4B8003146204607F1380219F04DF960B37B6DEB
:10F4C8000BF1010B03F47F42B2F5844F0ED1DBB28E
:10F4D800012B0AD001216C4A664819F00CF9404604
:10F4E80019F01DFA6FF07A0A77E70546204607F10A
:10F4F800100119F0D8F807F13803CDE90063204668
:10F50800D7E9042319F04DF9B0F1000A17DB97F891
:10F51800493084F82030A0D009F101099AE78145E3
:10F52800216CD7E904234DD1521A07F1280520464A
:10F53800009563F1000319F0ACF8824618B1404613
:10F5480019F0EDF949E7284694F8201019F0DEF88B
:10F5580020B9204607F1100119F0A5F8D7E904569B
:10F5680007F1380307F1480901932A463346204634
:10F57800CDF8009019F0A2F882460028DFD17B6D03
:10F5880003F47023B3F5803F3DD2484619F0CFF815
:10F59800002838D07B6D03F47F42B2F5844F02D146
:10F5A800DBB2012B96D104F1200300932A4633469F
:10F5B800204619F034F910F1020F82462CD10023AD
:10F5C80084F820300025A946236C3A695B00D61AD6
:10F5D8007B6963F1000BC7E9046BC7F808B0C7F88B
:10F5E8000CB0C7F804B0BB68B54273EB0B0316D375
:10F5F800D7E90423C4E90223FB68C4F810906361C7
:10F6080007F1180554E02A463346204619F0DAF97E
:10F6180082460028C7D092E70028D3D08FE707F1A9
:10F628005803009332465B46204619F032F882466A
:10F63800002884D194F8201007F1580019F066F8D2
:10F6480078B1B7F85A105546082908D9E06B19F06F
:10F658005CF93B6E18444519A9467B68FB60C7E90D
:10F66800046B236CF31A1E466BF1000BBBE700BF5B
:10F678002F0103007CE802004E0103007001030023
:10F688008D010300B9010300FA010300D4E9023235
:10F69800D4E904018A4208BF834203D1798B002947
:10F6A80040F0DD80216C5B1A62F10002C4E902328D
:10F6B800D4E90223D4E90401824273EB01010ED399
:10F6C8002046009518F0E5FF824600287FF437AF02
:10F6D800284694F8201019F019F80028D6D1226C81
:10F6E800A3695200E1689B1A61F10001C7E904317E
:10F6F800204607F1100118F0D6FF07F138030193EF
:10F7080007F1480300932046D7E9042319F049F884
:10F71800B0F1000AFFF613AFD4E90226BAF1010FDF
:10F72800256C30D197F84930AD1884F8203046F16F
:10F73800000607F15809226CA369C7E90456A3EB30
:10F7480042039D4263D30321504A514818F0D3FF26
:10F75800D4E90223204619F035F9824600287FF4BF
:10F76800EEAE216CA26901EB4101521AE16812EB7D
:10F778000A022046C4E904A1A26019F008FA8246E8
:10F7880000287FF4DCAE236CA269A16803EB430375
:10F79800D21A914258D0404619F0C1F8012384F892
:10F7A8002130D4E90623032100923948394A19F057
:10F7B8007BFBD4E90232E9468AB002AD00264FF05D
:10F7C800060AA8463449C5E90626C5E90836696126
:10F7D80048F810AF4FF44351334642462C4800F0E6
:10F7E8001DFDD4E90432CD468AB02C49C5E907632A
:10F7F800C5E905126E62C5F810A04FF443513346AF
:10F808004246234800F00AFDB246CD46E5E52A46C1
:10F8180033462046CDF8009018F03BFF824600287A
:10F828007FF48DAE484697F8591018F06FFF28B14D
:10F83800B7F85A2012B9FA6D013213D0236C5B194C
:10F848001D4646F1000676E7204619F017F982466C
:10F85800404619F064F8BAF1000F9FD0BDE56FF08B
:10F868001C0AF5E703210E4A094818F044FFE2682C
:10F87800204607F11001C7E904A218F014FFD7E9E0
:10F888000423204619F09EF879E700BF59020300C7
:10F898007CE80200170203002E0203004402030062
:10F8A800800203002DE9F04F894617461E4604469C
:10F8B80085B038B901214F4A4F4818F01CFF6FF046
:10F8C800150509E090F8213053B901214B4A4A48FF
:10F8D80018F011FF6FF00C05284605B0BDE8F08F51
:10F8E8003146C06B19F011F8236CA26903EB830150
:10F8F800521A96428246E2D8B6F5803FDFD2002EF1
:10F9080043D1002818BF9A4604F124084FF0FF326B
:10F918004FF0FF33404610F08DFF4FF0000BE369C6
:10F928005B4564D0D4E90221002A39D0D4E90453D4
:10F938001AEB050043F100038242994130D3236C4E
:10F948009A422BD01022002168461EF076F894F8CF
:10F958002030082ECDF80490ADF802608DF8013003
:10F968002AD8731E072B04D83246394602A81EF03F
:10F978003DF8684618F0C1FE6946204619F009F8B6
:10F98800002814BF0546354622E0002F97D00028EE
:10F99800BAD0082E94BF9A469A44B5E7002ED1D023
:10F9A800204619F084F80546B0B10346144A0121EF
:10F9B800114819F06FFA0BE06846029518F09DFEA1
:10F9C80032463946204619F0C8F805460028D3D0F3
:10F9D800404618F0A4FF7FE7204619F0D8F80546FE
:10F9E80010B1084A0346E2E70BF1010B97E76FF005
:10F9F8001B05EDE72F0103007CE802003A01030034
:10FA080095020300BF0203002DE9F04F1546984602
:10FA1800002200238BB00E460446CDE9042348B9E2
:10FA280030480121304A18F066FE6FF015000BB01F
:10FA3800BDE8F08F90F821303BB92A4801212B4AC4
:10FA480018F059FE6FF00C00F1E74FF00009D0E90B
:10FA580002230DF1100A0DF1180BCDE902BAD4E911
:10FA68000201CDE9000131462046CDE9042318F012
:10FA7800F1FE0028DBDB10D051462046059F09F136
:10FA8800010918F09EFE0028D1D1DDE9042314995C
:10FA98004945E2D2079AB24202D06FF00100C6E7A8
:10FAA800BDF81A60002EF8D0082E0AD83DB1B0452E
:10FAB8004246284628BF324608A91DF097FF30461F
:10FAC800B5E7089A002DFAD002443B462046464541
:10FAD80094BF0196CDF80480009518F0CAFD00285F
:10FAE800EDD0A4E77CE802002F0103003A010300EF
:10FAF80030B5002289B00F490F481CF093FA002254
:10FB080000230024CDE906230E230C4DCDE9033450
:10FB18004FF400622846CDE90144094B0949009495
:10FB280012F020FB0849284612F04AFA204609B08C
:10FB380030BD00BF9DFC0000A0200020D01B00208D
:10FB4800DDFF0000884C0020EF0203002DE9F0479C
:10FB5800044607464FF00109DFF8508014B93846CB
:10FB6800BDE8F08794FAA4F5B5FA85F509FA05F326
:10FB78002E0108EB05156FEA030A24EA03042B7B20
:10FB8800002BEBD058F806301B694BB94644736814
:10FB980004222846196807EA0A0719F002F9DDE77E
:10FBA800284698470028D9D1F0E700BFECE80200C2
:10FBB8002DE9F047DFF8BC902F4C8046A9EB0403F1
:10FBC8008F2B0F460BD92D494FF4A6732C4A2D487D
:10FBD80018F05AFB4FF4A671294818F04CFB2A4834
:10FBE80019F0D1F8064678B300252846BDE8F08715
:10FBF800237B83B12368DB680BB120469847636891
:10FC080083F806A023681B69B3B9636804222046F9
:10FC1800196819F0C6F8013610344C4518D91B4933
:10FC28004FF4AC73164A174818F02EFB184818F012
:10FC38002BFB4FF4AC71CFE7204698470028E4D05F
:10FC48000AFA06F31D43E6E705464FF0010AE4E722
:10FC5800CED3B8F1000FC8D0002DC5D02846FFF785
:10FC680075FF0546002FF7D0002140F2391013F038
:10FC780055F9F1E7FCE80200ECE802002403030070
:10FC8800F702030066FC0200243800205403030036
:10FC980075030300014811F0E3B800BF380D0020D8
:10FCA800014B53F82000704794ED020008B5034655
:10FCB80008462BB1044A136000F058FD002008BD27
:10FCC8006FF01500FBE700BF1008002010B5044CCA
:10FCD800237813B9034811F0C3F80123237010BD2A
:10FCE800CD430020380D002010B50446094819F00E
:10FCF8004AF83CB1084BD3E8EF1F0139C3E8E21FCB
:10FD0800002AF8D105481CF099F9BDE810400448CC
:10FD180011F0A6B81C38002020380020A0200020B0
:10FD2800380D002000200146034BD3E8EF0FC3E84D
:10FD3800E21F002AF9D170471C38002070B5FFF780
:10FD4800F1FF05460F4C104EB44219D90F494FF434
:10FD580003730F4A0F4818F097FA0F4818F094FAEF
:10FD68004FF403710A4818F086FA63685B792BB17F
:10FD780023685B6813B12946204698471034E3E7A7
:10FD8800F3D370BDECE80200FCE802005403030062
:10FD9800F702030066FC02007503030010B5044C6B
:10FDA80004492046FEF79AFD034B1C6010BD00BFB6
:10FDB800980B002080ED0200103800200023154A1F
:10FDC80010B51370144A15491360154A1548136085
:10FDD800FFF76CFFFFF7E2FF134B144918468B42FD
:10FDE80015D9134940F22713124A134818F04CFA50
:10FDF800124818F049FA40F227110E4818F03BFA59
:10FE08001A1A5C681211013222711033E7E7F7D32E
:10FE180010BD00BFCE4300201C38002040420F0018
:10FE2800203800208B8D0200ECE80200FCE802007C
:10FE380054030300F702030066FC02007503030085
:10FE48000146002200230148FEF77ABD980B0020E6
:10FE58000148FEF791BE00BF980B0020024B0146F7
:10FE68001868FEF71DBF00BF103800200148FEF7D4
:10FE780089BF00BF980B002070B52F4B1878002859
:10FE880059D0FFF7E5FF0546002844D12B4B2C4CF1
:10FE98001B68002B19DD1CF07DF84FF47A75A0FB68
:10FEA800050647F61222002305FB0161F9F702FB5C
:10FEB800D4E90032C01A40F2E93361EB02019842FA
:10FEC80071F1000101D3FFF739FFD4E9003213F5CE
:10FED8007A7342F10002C4E90032BDE87040FFF7CE
:10FEE800C5BF63685B7923B12368294620461B6830
:10FEF80098471034B44211D912494FF40073124A8A
:10FF0800124818F0C1F9124818F0BEF94FF4007100
:10FF18000D4818F0B0F90F4C0F4EEBE7E1D3284627
:10FF2800FFF79CFF0D4BD3E8EF1F0139C3E8E21F31
:10FF3800002AABD0F7E770BDCD4300201C38002065
:10FF48009820002054030300F702030066FC020017
:10FF580075030300ECE80200FCE8020020380020EA
:10FF680070B5154D297829BB0120FFF721FE134CE8
:10FF7800134EB44217D9134940F2C513124A134815
:10FF880018F082F9124818F07FF940F2C5110E48AE
:10FF980018F071F963685B791BB1236820469B6888
:10FFA80098471034E5E7F5D3FFF766FF0028FBD143
:10FFB80001232B7070BD00BFCE430020ECE8020087
:10FFC800FCE8020054030300F702030066FC020089
:10FFD800750303002DE9F047384B394FFB1A1B090D
:10FFE8000AD1384940F2A933374A384818F04CF951
:08FFF80040F2A931344819E080
:020000021000EC
:1000000000210846FFF7D8FD0446A8B140F21B685E
:100010004FF00009304B1B789BB9304940F2463312
:100020002F4A2C4818F034F92E4818F031F940F2D4
:1000300046312B4818F023F94FF0FF384FF0FF39C5
:10004000E8E71DF0A3FD284B284A1B58136033B185
:10005000274B1B68092B02DD264810F005FF002501
:10006000DFF890A044B12046FFF774FD044618B9AC
:100070004FF0FF384FF0FF39FFF702FF064628B96F
:1000800035B942464B46504610F072FF3546E9E717
:100090000C4D08E0F5D22B689B691BB10022284665
:1000A000114698471035BD42F4D9134940F29D33AB
:1000B000074A084818F0ECF8104818F0E9F840F240
:1000C0009D319BE7ECE80200FCE80200940303008A
:1000D000F702030066FC02008148002079FF02005D
:1000E0004EFF02008CFF02000800000018380020BC
:1000F00020380020380D002054030300750303004E
:1001000013B52C4818F043FE2B4B1B78002B35D031
:10011000EFF31184402383F31288BFF36F8F2748D6
:1001200013F072FA68B98823254A2649264818F040
:10013000AFF82249254818F0ABF88821204818F07C
:100140009EF81E4813F084FAFFF79AFE1B4813F03E
:1001500069FA68B94FF49A73194A1D491A4818F098
:1001600097F816491B4818F093F84FF49A71E5E791
:1001700084F31188BFF36F8F02B010BD164B1B685C
:10018000002BF9D050B9002200231448CDE90023F8
:1001900047F61222002313F0E1FDEDE70928EBD129
:1001A0000E481BF04FFF0E4802B0BDE8104010F0A3
:1001B0005BBE00BF20380020CE4300201438002052
:1001C000D4FF02000100030066FC020016000300D9
:1001D0002C0003004300030018380020A02000205A
:1001E000380D002010B5064B04461B689847214681
:1001F000A0600448FEF76CFCBDE81040FFF780BF2C
:1002000010080020980B0020044A054B9B1AB1EB04
:10021000D30F34BF52F8310000207047ACE7020022
:10022000ECE802002DE9F04F8FB0C1F34A2804AF8B
:100230000D469146B8607B600C0DB8F1000F68D098
:1002400000264FF0040B4FF00A0A07F11403C7F819
:100250000C80C7E907667E620193CDF808B0CDF83F
:1002600000A007F11C0332464846F968FEF7A4F8DF
:10027000B0F5006F03461CD36C468AB0D9F8041061
:1002800004AB2C481A46C3E9050140F2FF71D9615D
:100290004FF400711984284B42F8103F4FF412516B
:1002A00033462648FFF7BEFFA5462C37BD46BDE8BE
:1002B000F08FC0F30A0804F11700184420F007007B
:1002C00080083B60FFF7C0FD68F35325044640B348
:1002D0003B6800F11001C7E9083607F11403F96122
:1002E000CDE900A3CDF808B04846154AF96807F1F2
:1002F0001C03FEF761F8002813DA124912484FF484
:10030000A373124A17F0C4FF4FF4A3710F4817F0FC
:10031000B6FF04F1170020F007008008FFF794FDF6
:10032000044668F353252A4620467B68B96818F0CE
:100330005CFDBAE7BD0303000400000184E802008D
:10034000BD8D02002804030066FC0200FC030300CC
:10035000406820B1034BC01A40F3CF0070474FF004
:10036000FF307047ACE702000EB403B503AB53F89F
:10037000042B01460448019301F012FE02B05DF81F
:1003800004EB03B0704700BFA9030100CA0605D4FF
:100390008B064CBF02490349FFF7E6BF704700BF19
:1003A000F04E0300E3FA020038B54B6805461A68C0
:1003B000CB680C469A4202D1084618F093FD636858
:1003C000D3E8EF2F511CC3E8E01F0028F8D1A36841
:1003D0009D5463681A68E3689A4209D9054906483A
:1003E0007223064A17F054FF7221044817F047FFA2
:1003F000002038BD6004030066FC020031040300E5
:100400002DE9F04F89B09B46149B9DF84CA00693B4
:10041000159B04460593169B0D469046179E049324
:10042000BAF1000F00F0AD80BAF1040F0BD9A34967
:1004300040F24D23A24AA34817F02AFF40F24D2173
:100440009F4817F01CFF06F48073079318F0ABFC6D
:1004500006F00209024600283FD020469A49FFF7DD
:1004600083FF0746B9F1000F08D016F0440F36D1CC
:100470002A4620469549FFF777FF074406F0010317
:1004800053B1934B204653F82A20924B9249002AAD
:1004900008BF1A46FFF768FF06F48073002B4AD0A6
:1004A00006F00803002B64D1B8F1000F67D0424674
:1004B00020468A49FFF758FF0546069B3D44002B1E
:1004C0006ED1049B002B40F08380F30700F1F08095
:1004D00031462046FFF75AFFE4E00746C2E7804B6B
:1004E00018680028C9D07F4B4FF47A791B684FF009
:1004F0003C0CB5FBF3F5B5FBF0F14FF4616300FB89
:10050000115509FB05F5B1FBF3F2B5FBF0FE03FB5A
:10051000121100FB1E55B1FBFCF309FB05F5B5FB01
:10052000F0F50CFB131120460091CDE901E56E4971
:10053000FFF71AFFA1E706F00803EBB16B4B20466B
:1005400053F82A206A49FFF70FFF0546B8F1000F5C
:1005500005D0424620466149FFF706FF0544BBF13E
:10056000000FAAD05A4620466249FFF7FDFE054417
:10057000A3E74FF0000BE1E706F00805E6E7454684
:100580009BE7BBF1010F069B06D1DBB9049B002B57
:1005900000F0888000251BE0002BF7D0564812E0C1
:1005A00056482246069B564917F004FE00280CDAEE
:1005B000544940F2A723424A424817F069FE40F2EC
:1005C000A7213DE74D485546EBE7049B002B65D03E
:1005D000DFF83481DFF83491049F3146102F204634
:1005E00028BF10274FF0000BFFF7D0FE5D4542DC1F
:1005F000059B494620461A78FFF7B6FE4FF0010BDF
:100600001BF0070F03D141462046FFF7ADFE5F45C3
:1006100038D9059B4946204613F80B20FFF7A4FE66
:100620000BF1010BBBF1100FEAD14FF0000B20468C
:100630003749FFF799FE5A46059B20469A5CA2F17E
:1006400020015F2928BF2E223249FFF78DFE0BF1D2
:10065000010BBBF1100F1AD01BF0070F03D141465D
:100660002046FFF781FE5F455A46E5D841462046C1
:10067000FFF77AFEEBE741462046FFF775FE0BF1E8
:10068000010BB3E720462449FFF76EFEC8E7059B40
:100690003B440593049BDB1B04939DD1BAF1000FEF
:1006A0007FF413AF204609B0BDE8F04F18F01ABC34
:1006B0002046084A0849FFF757FE09E7950403005A
:1006C0003104030066FC0200A0040300A40403003C
:1006D000A4ED020090040300DD170300C904030029
:1006E0002C38002028380020AD040300B8ED0200AB
:1006F000CD040300D3040300FF8E0200A903010010
:10070000A11F0100D8040300E9040300E104030071
:10071000EB040300ED040300E704030042F20F734F
:1007200073B58B4228BF0B46056804460521684611
:100730000D4A17F045F80646636828460B225B68A9
:100740000A4918F0C1FB63683246694628465B686F
:1007500018F0BAFB63681B2228465B68044918F04E
:10076000B3FB02B070BD00BF74F802000C050300BB
:10077000F004030000210123064A904206D8064AED
:1007800001B901231360054B18607047012140082F
:100790005B00F2E740420F00283800202C38002090
:1007A0000122014B1A707047CF430020014B0020FB
:1007B00019607047443800200148FFF7AFBF00BF01
:1007C000E8ED020010B5064B0C461868FFF76CFA0E
:1007D0002146BDE8104003460F220248184700BFDB
:1007E00044380020E8ED02000122F8B5084B094D1D
:1007F000094E1A70D5E900470CB92C60F8BD2146A6
:1008000030463A4600F01EF8241A0644F4E700BFCA
:10081000D043002038380020D143002010B9074BC6
:1008200018707047064B1B781BB141F288301BF0E3
:1008300043BA9D20002112F075BB00BFCF430020BA
:10084000D04300202DE9F04780460E460424DFF80F
:1008500074901D4F99F80050A5B91BF020FA32464C
:100860008246414628460FF04BFB054650461BF09A
:100870001EFAE5B101233B7099F8003073B9304698
:10088000BDE8F0873246414600200FF039FB0546AF
:10089000EFE72046651EFFF7C1FF2C4600200FF052
:1008A00073FB0028EBD03B78002BF2D1E7E73B78D5
:1008B000002BE4D0013C2046FFF7B0FF3B78002B33
:1008C000C8D1DCE7D0430020CF430020014B0360B8
:1008D00000207047F8ED020070B5104B0D461C6803
:1008E000B4B10F4B196800238B4202DB6FF001009B
:1008F00070BD224612F8106B864202D014460133B6
:10090000F2E7E0681BF0DCF928B100202C60EFE78B
:100910006FF00C00ECE76FF01200E9E7140800201C
:10092000F8ED020010B5436888B0029383680C4666
:10093000CDE9033200230A68C068CDE906230549E2
:1009400001AA05931AF05BFC079808B9059B236080
:1009500008B010BD878F02002DE9F0410C4B054611
:100960001C680E4617467CB100F09AF96368204671
:10097000D3F8108032463B462946C047044600F073
:1009800099F92046BDE8F0816FF00104F9E700BF56
:100990004838002000230360044B5A6812B9C3E9A9
:1009A0000000704710605860704700BF4C3800204E
:1009B000014B1860704700BF48380020002330B555
:1009C00085B0CDE902330546019000F069F9094B85
:1009D0001C6844B9284600F0EBF8044600F06AF9B8
:1009E000204605B030BD636820461B6801A99847C2
:1009F0002468EEE74C3800201FB5CDE901010392D1
:100A000000F04EF9074B1C6824B900F053F920465A
:100A100004B010BD636820461B6801A9984724688C
:100A2000F2E700BF4C3800200022024BC3E900224D
:100A3000704700BF4C3800200022024BC3E900225F
:100A4000FFF7F2BF543800202DE9F74307460C4664
:100A500009B100230B600026254DDFF898904D4525
:100A600024D925499D23254A254817F011FC2548FE
:100A700017F00EFC9D21214817F001FCD5F80080ED
:100A80003846414601AA18F0C0FA50B116B954B917
:100A90002E4606E000224046316818F0B6FA0028DB
:100AA000F5D11835DBE7019B2360F1E7E6D3164B60
:100AB0001D68C5B155F8188C3846414601AA183D45
:100AC00018F0A3FA50B116B954B92E4606E0002228
:100AD0004046316818F099FA0028F5D1AD69E8E789
:100AE000019B2360F1E7304603B0BDE8F08300BF0F
:100AF00040E90200D0E902007A050300480503003E
:100B000066FC020075030300543800202DE9F0470D
:100B100084B002AFD7F8289004460D461646984692
:100B20007860B9F1000F07D0D9F8001031BBD9F8BF
:100B300004A0BAF1000F28D12046391DFFF784FF29
:100B400008B3D0F80C904346324629467868C84727
:100B5000C8B16D468AB002AA124BD061C2E9053411
:100B60004FF400731384104B42F8103F00234FF4EE
:100B700011510E48FFF756FBAD4604E03A1D18F040
:100B800044FA0028D3D1002007E0D9F808303246D3
:100B90000093294643467868D0470837BD46BDE8EC
:100BA000F08700BFA205030004000001CCE80200AA
:100BB0002DE9F04780464FF000470026DFF8C4904B
:100BC000DFF8C4A03D46314C4C4530D930494FF494
:100BD0008973304A304817F05BFB304817F058FBF8
:100BE0004FF489712B4817F04AFB2F46EAE7B8F11A
:100BF000000F03D122694AB91834E5E700224146C3
:100C0000206818F002FA0028F4D1F5E76368BB42C7
:100C100005DDAF4209D09D42A8BF1D46ECE7EBD1F0
:100C20009047002E08BF0646E6E71D46E4E7DED300
:100C3000DAF8004004B3183CB8F1000F03D1226980
:100C40004AB9A469F6E700224146206818F0DDF9A8
:100C50000028F4D1F5E76368BB4205DDBD4209D049
:100C60009D42A8BF1D46ECE7EBD19047002E08BF80
:100C70000646E6E71D46E4E7AF42B6D13046BDE89A
:100C8000F08700BFD0E902005438002040E902009C
:100C90007A0503004805030066FC020075030300A3
:100CA0004FF0FF324FF0FF3301480FF0C7BD00BFD8
:100CB0000C0D002001480FF091BE00BF0C0D00206C
:100CC00038B5094DFFF7ECFF2B783BB9FFF7B4FEC1
:100CD00000F032F9044610B901232B700024FFF70D
:100CE000E9FF204638BD00BFE14300202DE9F04F69
:100CF0009BB004468846CDE90223002900F0BD8060
:100D00004A2140461CF0D7FE029B009093B3039B00
:100D1000B3FA83F56D094FF0000A40460099FDF7DC
:100D200001FA4FF0FF36D14620F0404020F01F007E
:100D300040F00043019304F1080B019B584603EB7C
:100D40004A073946492307AA17F0F7FF831C13D136
:100D5000B6F1FF3F08BF564694F85C300AF1010A2D
:100D60005345EADA4B452AD3002D75D000201BB03D
:100D7000BDE8F08F0125CEE70028F8DB49280BDD20
:100D80003F4940484FF4E0733F4A17F081FA4FF46F
:100D9000E0713D4817F073FA002200F168036B44DC
:100DA00003F84C2C009B984206D11A46404607A9EE
:100DB0001CF04FFE002848D009F10109CCE7B9F139
:100DC0000F0F07D931480121314A18F05EF86FF052
:100DD0001B00CCE784F85C90002DC7D1019B43EA4F
:100DE00049070125DDE90223584607F18041FEF756
:100DF0005DFD0028BBDB002DB8D000230693636D9A
:100E0000002B2FDA636D47F001050593294608236F
:100E1000584605AAFEF74AFD0028A8DBA36D5846F0
:100E20000593616D082305AA0695FEF73FFD00288E
:100E30009DDB636D4246C4E9155339465846009B15
:100E4000FEF734FD00EAE07091E7002DCAD0394684
:100E5000204618F072F98AE7019F760006F01E0618
:100E60003743BEE702210B4A084818F00EF8204627
:100E700018F009F90028C5DA79E76FF0150076E770
:100E8000FD05030066FC0200C7050300CCE8020074
:100E900011060300310603002DE9F04F00F10805AB
:100EA0009BB00746894608234FF00041284607AA11
:100EB00017F043FF002826DB0020089E1EB326F013
:100EC000010A492307AA5146284617F036FF0AF1BE
:100ED000804B59460446284617F03CFF08238046BD
:100EE0003146284605AA17F028FF00280BDB002C06
:100EF000069E02DDB8F1000F08DC5146384618F0B6
:100F00001CF90028DADA1BB0BDE8F08F04F16803A1
:100F10000DEB03040023414604F84C3C054ACDF890
:100F2000009003AB07A8CDE9035BFFF7EFFD0028B6
:100F3000C4D0E8E77B9002007FB501236946032017
:100F40000193FFF7C9FC044668BB032002AA01A96C
:100F500018F03BF8044610B110F10C0F23D1009BA0
:100F600003999A68134DB2FBF1F2C5E908125A6869
:100F7000DB68AA602B652B64C3B105F10800FEF79E
:100F800023FA044678B985F85C00284618F07BF807
:100F9000044640B9084E28466E60FFF7FBFC284621
:100FA0006E60FFF705FD204604B070BD6FF01204BF
:100FB000F9E700BFD82000201808002008B5054830
:100FC00017F050F9044817F04DF9044817F04AF9A2
:100FD000002008BD6506030099060300CC06030047
:100FE000034B9B681BB1481E18BF01201847704770
:100FF0005C38002010B51C46034B11461B680BB132
:1010000022469847204610BD5C380020024B5B68A2
:1010100003B11847704700BF5C38002030B1044B63
:1010200002681A6042685A6082689A6000207047BD
:101030005C38002070B50E461546044686B0002187
:10104000182268461CF0FDFC0B490C4BCDE901163B
:10105000ADF80C5004932CB96946204608F04AFEBE
:1010600006B070BD0122204608F06AFB0028F3D1CB
:101070006FF01500F4E700BF64EE02000D100100F0
:1010800008B50348034A0021121A18F01BF908BDDD
:10109000480F002084480020074808B5074A08493F
:1010A000121A18F011F9BDE808400648064A074927
:1010B000121A18F009B900BF20050020480F0020BF
:1010C000385E03001805002020050020305E030074
:1010D0002DE9F04706460C4600AF002936D0D1E98D
:1010E0000012E9468AB06D46A3684FF0050AA8468B
:1010F0001F48C5E90723C5E9050148F810AF0023DB
:1011000042464FF421511B48FFF78CF8D4E90312F3
:10111000CD466369AD461848C5E90723C5E9050111
:10112000C5F810A0002342464FF421511148FFF7A3
:1011300079F8CD46E3690121104A0E4817F0AEFE5A
:10114000A36901210E4A0B4817F0A8FE012E07D112
:10115000EFF305830B4A31460648103B17F09EFE1D
:10116000214630460EF070FFBD46BDE8F08700BF57
:1011700056070300BCE8020085070300B40703001C
:10118000C3070300F107030030BFFFF7FDBF00BF37
:101190002DE9F04105460B4EDFF82C80324606EB78
:1011A0000807CC1B204609491CF024FCA019424624
:1011B0000021083C1CF045FCC5F8B84007F10800C8
:1011C000BDE8F0810000000008000000D0E9020046
:1011D000054B5A699B689A421FBF044A536843F003
:1011E00080535360704700BF683C002000ED00E072
:1011F00070B5344C06460D463348344918F071F842
:10120000A36AD9064DD53048314918F06AF8112043
:10121000A36A1A0704D52C482E4918F062F8122048
:10122000284CA36A9B0712D52B49274818F059F878
:10123000636BA26A110609D50121284A224817F0DA
:101240002DFE1EB1A36A23F08003A36213201D4C60
:10125000A36ADA0704D51C48214918F042F8142083
:10126000A36A9B0604D518481E4918F03AF81520C1
:10127000144B9A6AD60602D49A6A940713D59B6ACD
:10128000D90610D5184940F22D13184A184816F0FF
:10129000FFFF184816F0FCFF40F22D11134816F01E
:1012A000EEFF1020B4E7074B9A6A920642BF5A6AD3
:1012B00022F400525A629A6A42F0FF029A620023B4
:1012C0002B7070BD00ED00E0BCE8020004080300D4
:1012D0001A0803004D0803006008030078080300A3
:1012E0008E080300AD0803000E090300DC080300AC
:1012F00066FC02005809030010B5244C2449254817
:1013000017F0EFFFA36A99013ED52248224917F052
:10131000E8FF1E20A36ADA0104D51E481F4917F012
:10132000E0FF1F20194CA36ADB0204D519481C49B1
:1013300017F0D7FF0220A36A1C0304D515481949EA
:1013400017F0CFFF2120114CA36A590304D511488F
:10135000154917F0C6FF2220A36A9A0304D50D4849
:10136000124917F0BEFF2320084CA36ADB0304D503
:1013700008480F4917F0B5FF2420A36A6FEA03431A
:101380006FEA1343A36210BD1D20C3E700ED00E028
:10139000BC090300BCE80200D4090300E70903000C
:1013A000010A03002B0A0300490A03006E0A030026
:1013B000880A030070B5294C06460D46284829497D
:1013C00017F08FFFA36AD9043CD52548264917F0AA
:1013D00088FF1720A36A1A0504D52148234917F06E
:1013E00080FF18201D4CA36A9B0512D51C4820497C
:1013F00017F077FFA36BA26A100409D501211D4ADB
:10140000174817F04BFD1EB1A36A23F40043A362F3
:101410001920124CA36A590504D51148164917F032
:1014200060FF1A20A36ADA050ED50D48134917F09C
:1014300058FF1B20094A936A43F47F4393620023B9
:101440002B7070BD1620C5E7A36A9B04F2D5044833
:101450000B4917F046FF1C20ECE700BF00ED00E051
:10146000BCE80200B30A0300C90A03004D080300E8
:10147000DA0A0300F30A0300080B0300230B03003E
:10148000AD080300F0B58BB0784B044658680026D1
:1014900000AFC0F3080386F31188BFF36F8F02F02B
:1014A0007F45B5F17F4F07D102F00C05082D12D111
:1014B0006F49704817F015FF6F4940F214436F4AA7
:1014C0006F4816F0E5FE6F4816F0E2FE40F2144158
:1014D0006A4816F0D4FE15074CBF0C460126002CB6
:1014E000EAD00022FA71DA1E092A00F29D80DFE8B4
:1014F00002F0059396769B9B9B9B9B9962495D4866
:1015000017F0EFFE0023594DFB71EB6A9A0705D5E2
:101510005E49584817F0E5FE002329E0EB6A002BEE
:1015200001DA5B49F5E7EB6A5B0068D55949514838
:1015300017F0D7FE6B69A26943F480736B61BFF348
:101540004F8FBFF36F8F6B6932F8022C23F48073D7
:101550006B61BFF34F8FBFF36F8F4DF602739A42EB
:1015600027D1236801214C4A424817F097FC236891
:10157000FA79DAB907F1080504F1200C2A46206847
:101580006168083403C264451546F7D17A6A002EB3
:1015900066D0C2F3080121B96FEA52226FEA4222F3
:1015A0007A62184607F10801FFF792FD2C37BD4615
:1015B000F0BDAB6ADBB22BB10120F91DFFF718FEBD
:1015C0000346D5E7AB6A13F47F4F04D00120F91D21
:1015D000FFF7F0FEF4E7AB6AB3F5803F02D3FFF705
:1015E0008BFEEDE72D4940F2ED23244A244816F006
:1015F0004FFE2B4816F04CFE40F2ED2168E72749DC
:101600004FF43C731D4A1E4816F042FE254816F062
:101610003FFE4FF43C715BE70020F91DCEE7002050
:10162000F91DD5E7204974E7204A6D4610F4F87F8C
:101630008AB01F4918BF11466A46103BD3614FF468
:1016400000731C4813841C4BC2E9050142F8103F8B
:1016500000234FF411510748FEF7E4FDAD465BE768
:1016600022F4FF7222F001029AE700BF00ED00E0D1
:10167000690B0300BCE80200940B0300DC080300C4
:1016800066FC0200A70B0300E50B0300FC0B030044
:101690001D0C03002B0C03004A0C0300B24C03008A
:1016A000660C03008A0C0300BA0C0300500B030005
:1016B0003B0B0300DE0C030004000001064B5A69DB
:1016C00042F010025A615A6942F480625A615A69C2
:1016D00022F008025A61704700ED00E0EFF3088045
:1016E000EFF3098101B57246FFF7CCFE01BD00BFE3
:1016F000002080F31488BFF36F8F002080F30A88E6
:1017000080F30B88104880F3088800200F49087088
:101710000DF000FB00200E490860BFF34F8F00F072
:101720002DF8402080F311880A484FF400614018DA
:1017300080F30988EFF314800221084380F31488B2
:10174000BFF36F8F00F002F9D88400208148002099
:1017500094ED00E0986D0020002318460649D1F86A
:101760009020C2F30722934200DB7047C1F8983003
:10177000C1F8A0000133F6E700ED00E010B572B645
:10178000002484F31388FFF7E7FF23464FF0FF3070
:101790000C4A03F120010133102B42F82100F8D14B
:1017A00000234FF0FF30074A03F160010133102B93
:1017B00042F82100F8D162B6BFF34F8FBFF36F8FAD
:1017C00010BD00BF00E100E0084B9B6883420BD1D5
:1017D000EFF3058343B1064B5A6842F080525A60DA
:1017E0005A6A22F400425A6211F036BC683C00206A
:1017F00000ED00E016498A684FF030001044EFF326
:10180000098C80E8F01F402080F31288BFF36F8FAF
:10181000104F4FF000664A698A603E60D2F8B80007
:101820000D4C2060D2F8BC000023C2F8BC3080F31D
:10183000118802F1300090E8F01F8CF3098802F162
:10184000000004B517F055FDBDE8044070470000E6
:10185000683C002004ED00E0683800201EF0040F12
:101860000CBFEFF30880EFF30980816911F8021CC7
:101870000229FFD001B5724617F028FD01BD00BF57
:1018800000B2002807DB01234109034A00F01F00D2
:10189000834042F82130704700E100E000B20028A8
:1018A0000CDB01220649430900F01F00824020336F
:1018B00041F82320BFF34F8FBFF36F8F704700BFF6
:1018C00000E100E038B5D30704460D4612D48B1C66
:1018D000072B10D96B23114A1149124816F0D8FC76
:1018E000294611480623224616F0D2FC6B210B48EC
:1018F00016F0C5FC002320B20028ACBF00F1604008
:101900000A4A4FEA4313DBB2ABBF00F5614000F077
:101910000F0080F80033135438BD00BFF10C0300F2
:10192000280D030066FC0200430D030014ED00E0E7
:10193000044B054A23F07F039360BFF34F8FBFF33F
:101940006F8F70470000000000ED00E008B5FFF762
:10195000EFFF074AD2F8883023F47003C2F88830CA
:10196000FFF78EFBFFF798FB00F048F80EF0CCFC79
:1019700000ED00E042F8203C009B0B4942F81C3C83
:10198000019B21F0010142F8183C029B42F8081C1F
:1019900042F8143C4FF0807342F8043C0023203A94
:1019A0000265C0F8BC30704779E8000000B50E4B06
:1019B00015469860D0F8B8200C4B0E461A60D0F847
:1019C000A83083F30B882C4686F309880020044B4B
:1019D00098472046002100220023024C20470000A7
:1019E0000393020079E80000683C0020683800207A
:1019F0001022014B1A61704700ED00E000234021E6
:101A00000448C2180133B3F5917F82F80013F8D16E
:101A1000704700BF00E100E008B5EFF30583064A18
:101A2000103B02EBC30152F8330049688847BDE818
:101A30000840FFF7CDBB00BF74DD02001FB5094CA5
:101A4000094A23460121094800F012F900230393B3
:101A5000074B0121E41A01A80193029400F02CF92C
:101A600004B010BD00FC072000000020B4EE02000E
:101A7000480F002010B50C7A0B6804F01F0223F009
:101A80001F031A43CB68640923F01F03054943EA87
:101A9000440343F00103C1F89800C1F89C20C1F849
:101AA000A03010BD00ED00E010B50A4BD3F8903027
:101AB000C3F30723013B984208D901210346064A94
:101AC000064817F0EBF96FF0150010BDFFF7D2FFD5
:101AD000FBE700BF00ED00E0870D03009CE802007B
:101AE0002DE9F04F8946144606464FF00008514D47
:101AF00085B0C84527DAD6F804A0BAF1000F44D063
:101B0000BAF11F0F17D91AF01F0F14D1D6F800B071
:101B10001BF01F0F0FD1584617F016FC07460AEBB3
:101B20000B00013817F010FC874210D06FF015073A
:101B3000414A3B4601E04346404A0121404817F0F4
:101B4000ADF96FF01504204605B0BDE8F08F17F130
:101B5000160FEDD0BC42EBDDC5F89870D5F89C109F
:101B6000C5F89870D5F8A03021F01F0143F01F0B85
:101B7000D6E900321A44994202F1FF3A1DD1D34509
:101B800007D13146F8B217F0E8FB08F101080C362E
:101B9000AFE73146C5F89870D5F89C3022F01F02A7
:101BA00003F01F031343C5F89C30E0B217F0D5FBD8
:101BB00010F1160FC5D0441CE7E7C5F89870D5F8AA
:101BC000A020013B23F01F0302F01F021343D34563
:101BD0003146E0B2C5F8A030E8D017F0BEFB10F1F6
:101BE000160FAED0C5F89870D5F89C209DF8083037
:101BF0000BF1FF3B62F304038DF80830D5F8A030F9
:101C00009DF808205B0863F347128DF80820D6E999
:101C100000321344009323F01F035B44A3EB0A0339
:101C2000013023F01F036946C0B20393FFF73CFF66
:101C3000BEE700BF00ED00E0D00D0300AD0D0300D6
:101C40009CE802000522044BC3F89420BFF34F8F99
:101C5000BFF36F8F704700BF00ED00E0BFF35F8FF1
:101C60000022024BC3F89420704700BF00ED00E053
:101C700038B50C4D0C462A78FFF732FF2870163025
:101C80000FD14FF4C473084A0849094816F000FB05
:101C90002146084816F0FCFA4FF4C471024816F0C9
:101CA000EEFA38BDE2430020F30D0300B24C03000E
:101CB00066FC0200220E03002DE9F74F314E8946E3
:101CC00005464FF00008B3462F4FC84502DB03B06E
:101CD000BDE8F08FD5F804A0BAF1000F4CD0296808
:101CE0000846019117F030FB019904460AEB010008
:101CF000013817F029FB84424FF01402234B15D012
:101D000002FB08F36FF015024BF803204FF4CC737D
:101D10001F4A2049204816F0BBFA49461F4816F0D2
:101D2000B7FA4FF4CC711A4816F0A9FA14F1160F4D
:101D30003460EBD01978A142E8DD02FB08B0C7F8A7
:101D40009840C7F89840D7F89C4000F10801007B04
:101D500064F304000871D7F8A0000C79400860F320
:101D600047140C71D7F89C1021F01F017160D7F84F
:101D7000A01021F01F01316108F1010814360C3563
:101D8000A3E700BF6C38002000ED00E0E243002034
:101D9000F30D0300B24C030066FC02004E0E03007C
:101DA0002DE9F041694C6A4ED4F890303568C3F3A0
:101DB00007239D4286B013D940F20123654A664944
:101DC000664816F065FAD4F8902029466448C2F3B4
:101DD000072216F05DFA40F201215E4816F04FFA34
:101DE0000020FFF73BFF5F4BC4F8C03085421BD19A
:101DF0005D4C01A82570FEF769FD002506464FF0F1
:101E000002085A4FAE4216D1002023784F49D1F82C
:101E10009020C2F307229342C0F292800020FFF785
:101E200011FF06B0BDE8F081716801EB0011FFF70A
:101E300021FE0130DAE7019A290102EB0513D3F8FC
:101E40000CC00CEA0700B0F5800F47D007D8B0F5FA
:101E5000801F17D0B0F5001F23D00135D2E7B0F1B5
:101E6000006F5CD0B0F1805FF7D158689B68525822
:101E7000013B20F01F010B44CDE9020223F01F03B8
:101E800001220BE0586852589B68CDE902022122DA
:101E9000013B20F01F010B4423F01F038DF810209D
:101EA00029E0586852589B68CDE902024122013B63
:101EB00020F01F010B4423F01F031CF0010F8DF8CD
:101EC0001020059318D02A498323224A234816F06C
:101ED000DFF9284816F0DCF983217EE7586852586C
:101EE0009B6820F01F01013BCDE902020B4423F067
:101EF0001F038DF810800593207802A9FFF7D4FD09
:101F0000002819DA144940F22B23124A134816F01C
:101F1000BFF9194816F0BCF940F22B215DE758686B
:101F20009B685258013B20F01F010B44CDE902028F
:101F300023F01F036122B1E72378013323708CE77C
:101F4000C1F89830C1F8A000013360E700ED00E06F
:101F5000C0EE0200F30D0300B24C030066FC020069
:101F60007D0E0300AAFF4400E24300200000F0FFC2
:101F7000B10E0300D70E0300060F0300054C08B591
:101F8000054906481B23224616F082F91B212046EC
:101F900016F075F93F0F0300B24C030066FC020017
:101FA000F0B587B007460E46144600211022684659
:101FB0001D461BF046FD02238DF80230054B2A46D4
:101FC00021466846CDE90476019315F08BFC07B0F5
:101FD000F0BD00BF8D93020008B5024815F0D0FB9C
:101FE000FEE700BF6D0F030008B5024B1B68984762
:101FF000002008BD80380020034B044A1860937805
:1020000043F0020393707047803800205C08002082
:1020100008B50549054A21F007010548521AFCF7A1
:102020002DF9002008BD00BFE3AC002000FC072014
:102030008438002070B541690446867A0A4D59B14A
:10204000437ADB0706D4342303FB0653DB6A1B68A1
:102050009B689847002363613420214606FB0050AB
:10206000BDE8704019F096BEDC0D00203422024B12
:1020700002FB0030704700BFDC0D00203421827A63
:10208000064B01FB02331A6B93F82430801A1B3382
:1020900023F00303B0FBF3F0704700BFDC0D00201A
:1020A00038B53424827A064B04FB0233DB6AD3E969
:1020B00001240C601568FFF7E1FF04FB005038BDF8
:1020C000DC0D002008B543684BB1074907485A2387
:1020D000074A16F0DDF85A21054816F0D0F80382B9
:1020E0004369C36008BD00BF970F030066FC020090
:1020F000720F03002DE9FF470546684617461C4648
:10210000039119F04DFFDDE9008955B95D4940F2B1
:1021100001135D4A5D4816F0BBF840F201115A48C0
:1021200018E005F11C06EFF3118A402383F31288AF
:10213000BFF36F8F304611F067FA68B98823544AAD
:102140005449524816F0A4F83146534816F0A0F806
:1021500088214F4816F093F8304611F079FA6B8CCD
:10216000002B5CD02A8C9A4239D9002200232846C1
:102170000EF0EEFD0446002831D0304611F052FA40
:1021800068B94FF49A73424A4449404816F080F8BF
:102190003146434816F07CF84FF49A71D9E78AF338
:1021A0001188BFF36F8F039D002D5BD042464B46D5
:1021B000684619F01AFF3421A27A3A4B204601FBF7
:1021C0000233DB6A03A91B681E68DDE90023B04700
:1021D0006061002839D12046FFF72CFF30E06C8C7D
:1021E0003046631E6B8411F01DFA0028C9D08AF3B3
:1021F0001188BFF36F8F95F824302A8C1B33121B84
:102200002C6B23F0030302FB0344264B264AEB1AF4
:102210009B105343A37295F82430E372C3E7304612
:1022200011F000FA0028ACD08AF31188BFF36F8F49
:1022300023463A4628460EF08BFD04460028B2D1CC
:102240000024204604B0BDE8F087039B9D420AD9D4
:1022500016494FF4AB730C4A0C4816F019F84FF4BA
:10226000AB715CE76561012300212381039BE27A66
:102270006160638204F118001BF0E3FB2046FFF766
:1022800021FFDEE78A2C0300720F030066FC0200C8
:10229000D4FF020001000300160003002C0003001D
:1022A00043000300DC0D0020C54EECC4B10F030059
:1022B00070B50C46054658B9284940F29D13284A86
:1022C000284815F0E5FF40F29D11254815F0D7FF8D
:1022D00049B925494FF4CF73214A224815F0D8FF58
:1022E0004FF4CF71F1E7EFF31186402383F31288A7
:1022F000BFF36F8F1D4811F087F960B988231C4A1E
:102300001C49184815F0C4FF18491B4815F0C0FFB8
:1023100088211748DAE7154811F09AF9002323605D
:102320006B689BB9C5E90044104811F07BF980B98E
:102330004FF49A730E4A11490A4815F0A9FF0B4948
:102340000F4815F0A5FF4FF49A71E2E71C606C602E
:10235000EAE786F31188BFF36F8F70BD2C1E030070
:10236000720F030066FC020017160300903800206D
:10237000D4FF020001000300160003002C0003003C
:102380004300030070B5044658B9234923484FF46D
:10239000D573234A15F07CFF4FF4D571204815F012
:1023A0006EFFEFF31186402383F31288BFF36F8F24
:1023B0001C4811F029F960B988231B4A1B491748AA
:1023C00015F066FF17491A4815F062FF8821164874
:1023D000E5E7144811F03CF925682DB162682B68D7
:1023E0009542236008BF63600E4811F01BF968B97D
:1023F0004FF49A730C4A0F49084815F049FF0949F0
:102400000D4815F045FF4FF49A71E0E786F3118807
:10241000BFF36F8F284670BD2C1E030066FC0200C0
:10242000720F030090380020D4FF02000100030067
:10243000160003002C00030043000300F8B5054616
:1024400098B13427184E2C46237A6D68CBB940F2E8
:10245000C113164A1649174815F01AFF21461648A7
:1024600015F016FF40F2C11108E0144940F2BB1309
:102470000E4A104815F00CFF40F2BB110B4815F046
:10248000FEFE013BDBB2237253B9E3606360A37AC3
:10249000204607FB03639B6A1BB19847002DD2D1EE
:1024A000F8BDFFF7C7FDF9E7DC0D0020720F030050
:1024B000C20F030066FC0200CB0F030017160300D7
:1024C00008B558B9074908484FF4F373074A15F09F
:1024D000DFFE4FF4F371054815F0D1FE027A0132A8
:1024E000027208BD1716030066FC0200720F03009B
:1024F00008B5034658B90849084840F23123084A4C
:1025000015F0C6FE40F23121054815F0B8FE184618
:102510005B68002BFBD108BD1716030066FC0200A8
:10252000720F030070B50D46044658B90F494FF4B9
:102530000F730F4A0F4815F0ABFE4FF40F710C48A4
:1025400015F09DFE49B90C4940F23D23084A09485F
:1025500015F09EFE40F23D21F1E746681EB10846A7
:10256000FFF7C6FF4660656070BD00BFD312030071
:10257000720F030066FC0200E00F030038B5054649
:102580000C4659B90C490D484FF412730C4A15F01A
:102590007FFE4FF412710A4815F071FE20B9BDE8B4
:1025A00038400846FFF78CBFFFF7A2FF2146FFF730
:1025B000B9FF284638BD00BFE00F030066FC0200EB
:1025C000720F030008B548B90B492B230B4A0C487E
:1025D00015F05EFE2B21094815F051FE83883BB1B2
:1025E00008492C23054A064815F052FE2C21F2E733
:1025F00083680B44036008BD17160300ED0F03004A
:1026000066FC02001910030008B5034600689A68CA
:10261000821A91420BD90949094840F25513094AD7
:1026200015F036FE40F25511064815F028FE9A883E
:10263000401A11441860998008BD00BF381003008B
:1026400066FC0200ED0F030008B5828803468A424B
:102650000BD20949094840F2C313094A15F018FE84
:1026600040F2C311064815F00AFE521A8280006833
:102670000844186008BD00BF2810030066FC020073
:10268000ED0F030008B503469A8800688A420BD212
:102690000849094840F2CF13084A15F0F9FD40F205
:1026A000CF11064815F0EBFD521A01449A801960CB
:1026B00008BD00BF2810030066FC0200ED0F0300F8
:1026C000F8B5858803680E4604465F1916F090FE3B
:1026D000B04209D2064907483E23074A15F0D8FD03
:1026E0003E21054815F0CBFD3544A5803846F8BDA0
:1026F0005C10030066FC0200ED0F030008B5244ADD
:10270000244B1A6009F0FAFB4FF47A612248D0F8A2
:102710002436C3F30802C3F309434B4382F48072A7
:102720001E49883201FB02334FF4FA215B00B3FBF0
:10273000F1F201FB12331A49B3F57A3F28BF013297
:10274000C1F80429D0F820364FF47A60C3F30802A8
:10275000C3F30943434342F21C5082F4807202F2F5
:10276000172200FB02334FF47A701B0AB3FBF0F21E
:1027700000FB12330020B3F5FA7F4FF0010328BFAE
:102780000132C1F81C27C1F80009C1F8003608BDA4
:102790000020A107200B002000C0FF00F82A0080C5
:1027A0000000125048B1054B054A1B68B3FBF2F319
:1027B0005843044B43F0010318477047200B002097
:1027C00040420F0050ED02000E4B402928BF40212F
:1027D00070B51D460C4C4618B04203F1020304D1FB
:1027E000002305F81130074870BD02781209A25C79
:1027F00003F8022C10F8012B02F00F02A25C03F880
:10280000012CE9E701440020AD10030030B5037846
:102810008BB0044607AD032B21D8DFE803F0021A82
:102820001C1E12492846FAF711FB059563781E21F4
:102830000493A3780E4A0393E3780E480293237916
:10284000019363790093A37914F0BAFF09480BB0A0
:1028500030BD0949E6E70949E4E70949E2E70A2109
:102860002846084A14F0ACFFDFE700BFA5F70200D6
:10287000C7F70200E3430020ACF70200B3F7020001
:10288000BDF70200CA3703002DE9F341044617469D
:1028900098461F4DD5E8AF3FDA071DD538B901215D
:1028A0001C4A1D4816F0F1FA6FF0010015E001A96D
:1028B00016F0CFFB1949024620461BF0DAF8002833
:1028C000F2D1D5E8AF3FC3F3C0061B0708D50221FC
:1028D000134A114816F0D9FA002002B0BDE8F08181
:1028E000A5F1D404072221464046B84706280AD855
:1028F00001210C4A084816F0C8FA45F8D46CE67174
:10290000C4F80360E8E70723B0FBF3F0E071E3E706
:1029100074060020C51003002CE80200BAF702007C
:10292000E61003000A1103002DE9F04188B0DDF83C
:1029300038809C795D791E79DF7893F802C093F82E
:1029400001E01B78B8F1000F0ED0CDE90638CDE9D3
:1029500004CE1346CDE90267CDE90045084A14F0DC
:102960002FFF08B0BDE8F081CDE905E3CDE9037C98
:102970001346CDE90156034A009414F021FFF0E715
:102980002F1103005311030010B5FEF799F9044607
:1029900028B101210346034A034816F07FFA204676
:1029A00010BD00BF741103002CE8020070B504468E
:1029B0001E4615468CB0A2B129B10A4602A80421D0
:1029C00015F078FD02A900912B462246242103A888
:1029D000FFF7AAFF3146109A03A8FDF7BDFF0CB020
:1029E00070BD03462421044A03A814F0E9FE002820
:1029F000F0DA6FF01500F2E79911030007B50B4B01
:102A00000B48DA79C2EBC202009200221146FFF7AE
:102A1000CDFF034638B10121064A074803B05DF8EF
:102A200004EB16F03BBA03B05DF804FBA0050020F0
:102A3000BAF702009F1103002CE8020030B50446EB
:102A400015468DB092B129B10A4602A8042115F0AD
:102A500031FD02A900912B462246242103A8FFF74D
:102A600063FF03A816F0CDFA0DB030BD0346242154
:102A7000044A03A814F0A4FE0028F2DA6FF015004F
:102A8000F2E700BF9911030007B5009313460A4609
:102A900001460348FFF78AFF03B05DF804FB00BF5F
:102AA000BE3403000A4601460148FFF7C7BF00BF16
:102AB000BE34030007B5009313460A460146034897
:102AC000FFF774FF03B05DF804FB00BFB8340300E8
:102AD00007B5009313460A4601460348FFF766FF11
:102AE00003B05DF804FB00BF2533030007B50022E7
:102AF0000346009103481146FFF758FF03B05DF805
:102B000004FB00BFB034030008B502480EF056FEC7
:102B1000002008BDD4090020F8B5194DD5E8AF3F15
:102B200013F0010F2E4628D015F8CD3CA5F1D4079F
:102B30008BB902F013F8044630B10121114A124852
:102B400016F0A3F92046F8BDFB7923B902F016F878
:102B500004460028F1D1D5E8AF3F5A0701D400F070
:102B6000B1FFD6E8EF3F23F40062C6E8E12F002969
:102B7000F7D11B0501D5FFF7C7FF0024E2E700BF2F
:102B800074060020BA1103002CE8020007B5009378
:102B900013460A4601460348FFF708FF03B05DF8F5
:102BA00004FB00BFEE3A03000A4601460148FFF766
:102BB00045BF00BFEE3A030030B500240A4D0B4B71
:102BC00087B028460393CDE904440EF08BFE03AB97
:102BD0002846009340F638020A2305490EF09CFE71
:102BE000204607B030BD00BF38210020ED110300A2
:102BF00088540020014601480EF02ABF38210020E9
:102C00000146014819F039B938210020037830B560
:102C1000012B13D0022B27D07BB90A46184B03F1A6
:102C2000100453F8045BA34242F8045BF9D11B780B
:102C3000137043884B731B0A8B7330BD0A46104BCD
:102C400003F1100453F8045BA34242F8045BF9D18A
:102C50001B7813704368C3F307224B731B0CCB73B1
:102C60001B0A8A730B74E8E700F1100350F8042B79
:102C7000984241F8042BF9D103780B70DDE700BFCF
:102C8000F611030010B516F090FC19F006F90B4C84
:102C900018B1D4E8AF3F63B910BD0FF01FFFD4E8FF
:102CA000AF3F1BB9BDE810400FF08ABF0A2098471C
:102CB000F8E70A20BDE81040184700BF943800200C
:102CC000811EC9B21E2938B5044604D81A4820FA14
:102CD00001F1C9070CD419497A23194A194815F08A
:102CE000D7FA194815F0D4FA7A21154815F0C7FA21
:102CF000164816F057FB0546D0B1082C1AD00CD850
:102D0000022C10D0042C15D011490E485223114A20
:102D100015F0BEFA52210F48E8E7102C01D0202C04
:102D2000F2D1052100E0042105F10C0016F074FB3E
:102D3000284638BD0221F7E7410000403612030063
:102D40000712030066FC02007B120300E00E002065
:102D5000B24C03009B120300034BD3E8EF2FC3E8F0
:102D6000E10F0029F9D17047943800200F2810B5E1
:102D70000CD80D280CD90A4816F014FB044618B1DB
:102D800004210C3016F048FB204610BD1328F2D069
:102D900009B10448F0E70220BDE81040FFF790BFFA
:102DA000140F0020440E002038B50B6805460C4671
:102DB0004BB90E490E48FA230E4A15F069FAFA216A
:102DC0000C4815F05CFA4A68DA600B684A895A8246
:102DD0000868FFF733FB2046102200211AF031FE6D
:102DE0002846BDE8384016F0E0BB00BFCD12030016
:102DF00066FC0200071203002DE9F84305460C4665
:102E00001F4616464AB92649D623264A264815F0B3
:102E10003FFAD621234815F032FA38B92349D7238F
:102E2000204A214815F034FAD721F3E701F10C09C3
:102E3000484616F0D9FA38B91D49DB23194A1A4811
:102E400015F026FADB21E5E7204616F0C6FB8046A2
:102E500038B11849DD23134A134815F019FADD215A
:102E6000D8E705F10C01484616F0A0FA484616F0DE
:102E7000BBFA012310FA86F068826B72314648462D
:102E80002E82FFF7E1FBE36828467B60638AC4F883
:102E90000C807B81A4F812803C60BDE8F88300BF01
:102EA000581003000712030066FC0200DA12030048
:102EB000DF120300FC120300C36802211B78024AE0
:102EC000024816F0CABB00BF24130300ECE702005F
:102ED00070B5C6683378B6F8014083B90F21204633
:102EE00003F026F8F378054650B90A4A118831B93B
:102EF0006FEA04506FEA10501080074A137070BDDB
:102F00000373012102F02AFF2846BDE8704002F059
:102F1000A7BE00BFAC4300208244002070B5C36848
:102F20001D78BDB9B3F801600F21304603F000F8F9
:102F3000044638B93346BDE870400121064A0748C7
:102F400016F08BBB294602F009FF2046BDE8704011
:102F500002F086BE70BD00BF4C130300ECE7020018
:102F600010B5C3680121B3F80140204602F0E0FF2C
:102F700038B92346BDE810400121044A044816F040
:102F80006CBBBDE8104002F06BBE00BF72130300C3
:102F9000ECE7020010B5C36801211C88204602F04E
:102FA000C7FF38B92346BDE810400121034A044851
:102FB00016F053BBBDE8104002F052BE721303007E
:102FC000ECE70200012110B50C30FFF75BFBBDE818
:102FD000104003780121024A024816F03EBB00BFB0
:102FE00096130300ECE70200014610B50848FFF70E
:102FF0005FF90849084818F040FF031E06DABDE8EB
:1030000010400121054A064816F027BB10BD00BF3D
:10301000EC060020F409002008230020B813030068
:10302000ECE7020010B50024084B86B0039303AB15
:1030300000934FF462724FF0FF3305490548CDE924
:1030400004440EF069FC204606B010BDD513030001
:10305000C05C00202022002010B5084C014606224A
:1030600094F86F0003F00CFC38B994F86F00052257
:10307000BDE81040024903F003BC10BDA0050020CC
:10308000931003000121024A024816F0D9BA00BF8A
:10309000E5130300ECE702000B46B0B50D8A00AF64
:1030A00004462946D868FFF78FFB8AB06A46094B69
:1030B000C2E90750C2E9053440F202439384064B4B
:1030C0004FF43251054842F8103F16F0C8FABD4699
:1030D000B0BD00BFFF13030005000001ECE70200D4
:1030E00070B5C5680121B5F80160304602F020FFD7
:1030F000044638B93346BDE8704001210B4A0C48FC
:1031000016F0ABBA2B783BB9D5F80330C0F899303C
:10311000D5F80730C0F89D30201D4FF4803116F0EF
:1031200091FA2046BDE8704002F09ABD7213030088
:10313000ECE7020037B50446084602EBC3039A42A7
:1031400002D16FF05E0010E0114611F8085BA54255
:1031500011D1038A5178994209D908480121084AB6
:10316000009415F0A5FE6FF0150003B030BD536854
:1031700098470020F9E70A46E1E700BFECE70200C4
:10318000211403002DE9F8430C460FF0A7FCE16879
:10319000238A0A78022A71D0042A0BD0134601210F
:1031A0003B4A3C4816F059FA2046FFF747F96FF0C2
:1031B00015040AE0022B0DD8374A3648012116F0D3
:1031C0004CFA2046FFF73AF900240FF0F9FC2046AC
:1031D000BDE8F88348783E280AD1032B01D12F4A55
:1031E000EBE7CB78012B01D00A2B47D1032604E073
:1031F00016F014FA0646F0073ED504F10C052846F1
:1032000016F0F2F8012107462846B4F81090FFF7AF
:103210001BFA02212846FFF735FA804600783E283F
:1032200016D1E3681B78012B2CD00A2B2AD002255B
:1032300041F27B131A4A1B491B4815F029F8002359
:1032400083F31188BFF36F8F0323184602DF04E076
:1032500016F0E4F9C1070546EAD5144A06232146CB
:1032600098F8000016F032FAAA070DD56369A4F8A1
:10327000109013FA87F7E760B307A5D52046FFF74C
:10328000B3FEA1E70325E8E72046FFF7D7F8F3E709
:10329000CC140300ECE70200431403005F140300A6
:1032A0007F140300B314030066FC020070EF0200F9
:1032B00010B5012104460C30FFF7E4F92146BDE8C2
:1032C00010400223014A007816F000BAA0EF020075
:1032D00073B53E48FFF756F80446002873D000F156
:1032E0000C05284616F070F80228034603D004287F
:1032F00047D0374A03E0238A032B05D8354A0121FA
:10330000354816F0AAF913E004212846FFF7BAF968
:10331000FF23428806882376238AC6F30B009A424D
:10332000608309D0012100922B482C4A15F0C0FD82
:103330002046FFF783F812E00F2102F0F9FD054661
:1033400010B9638B264ADAE702F018FE2146207690
:10335000320B284602F0E2FB284602F081FC214BAA
:10336000D3F84C317BB32049204818F086FD031E6A
:1033700029DA01211E4A184802B0BDE8704016F053
:103380006CB928460221FFF77DF9054600783E28F2
:1033900012D016F043F910F002060DD140F6B243F8
:1033A000144A1549154814F073FF86F31188BFF3CA
:1033B0006F8F0323184602DF06232146104A287820
:1033C00016F084F9B4E702B070BD00BFEC0600202F
:1033D00075150300E0140300ECE70200011503007B
:1033E00025150300A0050020F40900200823002073
:1033F000B81303007F1403004715030066FC0200A6
:10340000B0EF020010B5012104460C30FFF73AF985
:103410002146BDE810400823014A007816F056B94D
:10342000E0EF0200F8B50121044600AF0C30FFF7D1
:1034300029F90678002321463046104AFFF77AFE24
:103440005F3018D1258AE0682946FFF7BDF96C4640
:103450008AB06A460A4BC2E90750C2E9053640F213
:1034600002439384074B4FF43251074842F8103F10
:1034700016F0F5F8A546BD46F8BD00BF20F00200E5
:103480008915030005000001ECE702002DE9F34770
:103490000023074688461646DFF81491D9E8EF4F17
:1034A000C9E8E23F002AF9D144B93B460121414A2B
:1034B000414802B0BDE8F04716F0CFB82046FEF70D
:1034C000DDFD4FF00C0A3D4D0AFB00504388BB4226
:1034D00020D02046FEF7D2FD0AFB00504388012190
:1034E0000093374A3B46344815F0E2FCD9E8EF3FF9
:1034F000C9E8E24F002AF9D1002B56D031493248B1
:1035000040F60623314A14F0C3FE40F606212F4848
:1035100014F0B5FEA64208D02046FEF7D3FD328A4D
:10352000F16804F10C0015F06BFF2046FEF7A6FDD4
:103530000C2606FB00504368ABB1B8F1000F12D166
:103540002046FEF79BFD012106FB00504268D2E9B0
:103550000003127A03F01F06B1405B09FAB100EBD9
:10356000830016F06FF82046FEF788FD0C2606FB58
:10357000005083686BB12046FEF780FD704305F86C
:1035800000802046FEF77AFD06FB0055A8680DF086
:103590006BFC204602B0BDE8F047FEF74FBFC943C1
:1035A00000EB830016F05EF8DDE702B0BDE8F087BF
:1035B000E8060020BB150300ECE702009838002065
:1035C000E31503001616030066FC02007F140300D7
:1035D00073B5C5680121B5F80160304602F0A8FC5A
:1035E000044640B9334601213B4A3C4802B0BDE89D
:1035F000704016F032B82B78061D1A2B19D1C378FB
:10360000012B50D14FF48041304616F01BF8420494
:103610000FD4D4F88C3069460093D4F89430204607
:10362000019303F0F9FC204602B0BDE8704002F0BF
:1036300017BB2B78BBBB40F2E242B5F803302849F8
:103640005343C4F88830B5F80520A4F89020B5F8A5
:103650000720A4F89220A3F5EA520C3A8A4204D932
:103660000221204A1D4815F0F8FFB4F89030B3F558
:10367000FA7F04D302211C4A184815F0EEFF40F6E9
:103680007641B4F89230A3F10A0292B28A4204D988
:103690000221164A114815F0E0FF6FF480513046C0
:1036A00015F0E0FF13E0D6E8AF3FDB04F5D52B784B
:1036B000202BF2D194F89830002BEED0013B84F807
:1036C00098300B4A002304F140000EF045FA2046E2
:1036D00002F018FFA7E700BF72130300ECE7020037
:1036E00095F03C001B160300421603006916030008
:1036F0005A620200B0B53C28044600AF1AD101F06E
:10370000ABFB6FF48071103015F0ACFF0020FFF7B9
:10371000A3FC054630B90121114A124815F090FF6B
:10372000BD46B0BD0473002102F018FB284602F02C
:1037300097FAF5E76D468AB06A460B4B4FF4125183
:10374000C2E90530094B0748D36140F201331384C5
:10375000074B42F8103F15F082FFAD46E0E700BF8F
:1037600095160300ECE70200B6160300F14E0300C5
:10377000040000012DE9F04F83B00123D0F80C8044
:10378000018A98F8004000AF03EB84038B4277D99D
:103790006D468AB06A46C2E9073105233B484FF4BB
:1037A0002151C2E905043A4842F8103F15F057FF8D
:1037B000AD460C37BD46BDE8F08F4B465A46012159
:1037C000334815F04AFF013598F800309D42F0DA91
:1037D00008EB8503B3F801900F214846B3F8036066
:1037E00002F0A6FB04460028E7D000F1C0091EB98C
:1037F000204602F035FAE6E7636983B90121254ADC
:10380000234815F01DFF244940F29F23234A2448F2
:1038100014F03EFD40F29F21204814F030FDA169D4
:103820001A688B422046626108BFA2617B6002F089
:1038300001F90DF019FB7B68C3F800A0226A82B978
:10384000C4E90733D9E8AF3F013EB6B263B91549C1
:103850004FF42A73114A124814F01AFD4FF42A71DA
:10386000DAE713602362EDE7D9E8EF3F013BC9E8EF
:10387000E23F002AF8D10021204602F0E7F8B6E73F
:103880000025DFF824B0AA469EE700BFD216030049
:10389000ECE7020019170300B24C03007F14030089
:1038A00066FC020030170300FD160300054BD3E849
:1038B000AF2F02F00B02D3E8EF1FC3E8E02F002880
:1038C000F9D170477406002010B5C1E900239DF8B6
:1038D00008300C460B72FEF7D1FB0C22024B02FBA8
:1038E00000335C6010BD00BF98380020F8B5024678
:1038F0000B46104815F056FD0446C0B104210C30AB
:10390000FEF760FE2046FEF7B9FB0C2700260A4DA5
:1039100007FB005046802046FEF7B0FB07FB005037
:1039200086602046FEF7AAFB07FB00556E60204626
:10393000F8BD00BFAC0E00209838002029289ABF9F
:10394000014B185C09207047A71B030070B5C368C2
:103950000F21B3F801601D78304602F0E9FA044601
:1039600038B93346BDE870400121174A174815F0B1
:1039700074BE65B12846FFF7E1FF2946024620469E
:1039800002F0C0FE2046BDE8704002F069B98678BA
:10399000012EEFD107F0C4FD204615F027FE0028C8
:1039A000E8D10520FFF7CAFF05210246204602F0B4
:1039B000A9FE3146064A054815F042FE052120467B
:1039C00002F064FBDEE700BF4C130300ECE70200EB
:1039D000491703002DE9F041C6680F21B6F80170C0
:1039E0003578384602F0A4FA044638B93B46BDE8BB
:1039F000F04101211F4A204815F02FBE45B128464D
:103A0000FFF79CFF29460246204602F07BFE08E0B5
:103A1000F278C37A934209D10221184A164815F068
:103A20001CFE2046BDE8F04102F01AB98378C2724C
:103A3000012B05D00020FFF781FF00210246E3E7BC
:103A40000AB107F06DFD204615F0D0FD0028F1D138
:103A50000520FFF773FF05210246204602F052FEC3
:103A60000121074A044815F0EBFD0521204602F02C
:103A70000DFBD6E74C130300ECE702006F170300C1
:103A80004917030010B5044692B04822684606491B
:103A900019F0B0FF112C9DBF12AB03EB840454F856
:103AA000480C024812B010BDE4E902009E17030062
:103AB000034B0146D3F8700182689268104700BF3B
:103AC000A00500202DE9F84F042100AF454815F06E
:103AD000B9FD6D4688B06A46434B4FF4E6515361D9
:103AE000424B434893614FF400739383414B424CE4
:103AF00042F8103F15F0B3FDAD46E2793F4B404E22
:103B00002046012A88BF1E46FEF780FE8AB06A461C
:103B10003C4BD061C2E905363B4B4FF42351136255
:103B20003A4B334842F8103F15F099FDA346AD4695
:103B30000125374EDFF8DC80DFF8B490E3790BF134
:103B4000070B9D4238DB94F870506E462846FFF70D
:103B500099FF8CB06A46B4F87210B4F87630C2E9B6
:103B600007514FF400755362DFF8ACC02B4BC2E92C
:103B700005C015854FF4535142F8103F1C4815F00D
:103B80006EFDB54694F871603046FFF77BFF8AB052
:103B90006A46B4F874302249C2E90763214BC2E98E
:103BA000051095844FF43351114842F8103F15F039
:103BB00056FDBD46BDE8F88F5846FEF727FEEA469B
:103BC0008AB06A4640F20133C2E90565D0611384C8
:103BD0004FF41351484642F8108F15F040FD01355F
:103BE000D546ABE774060020AA170300BC170300F4
:103BF000ECE7020003000001A0050020A617030067
:103C0000F14E0300C017030000020103040000028C
:103C1000CF17030004000001E017030006000001B5
:103C20001E1803000500000108B50848C37933B920
:103C30000321074A074815F003FD002008BD0821AD
:103C4000D43015F0FFFCFFF73DFFF6E7A00500209C
:103C500045180300ECE70200004870470DFC020025
:103C600010B50B490B4818F008F9041E0FDA41F2A1
:103C70006A43094A09490A4814F00AFB21460948DF
:103C800014F006FB41F26A41034814F0F8FA10BD43
:103C9000E4090020202200207F140300D804030040
:103CA00066FC02007218030070B505460C4659B94F
:103CB0004FF0FF304FF0FF31FFF718FE044618B900
:103CC0006FF06805284670BD2046FEF7D7F90C2234
:103CD000184BA61802FB003330465D8015F084FBBC
:103CE00003280BD903213046FEF78EFC0580238A7A
:103CF0000121033B8370304615F05FFB40F63543EE
:103D00009D420FD12046FFF7D3FE05460028D9D0AB
:103D100003460121084A094815F09FFC2046FEF79A
:103D20008DFBCFE72146064818F029F80025FFF75C
:103D300097FFC7E79838002077180300ECE70200E8
:103D4000F40600202DE9F04786B0804691460C46E7
:103D500000AF71B94FF0FF304FF0FF31FFF7C6FDF4
:103D60000446C0B96FF0680528461837BD46BDE85F
:103D7000F087887AFEF77AF9394B83420BD03949BC
:103D800039484FF4E373394A14F082FA4FF4E3717F
:103D9000364814F074FA01220021384618F008F869
:103DA0002046FEF76BF90C23DFF8C4A003FB00A04C
:103DB00087602046FEF784FB01464046FFF774FF0C
:103DC000054618B12046FEF739FBCDE700233846FB
:103DD000284A0DF0CDF8064690B14FF4FD73234A02
:103DE0002549214814F054FA32464146234814F03C
:103DF0004FFA85F31188BFF36F8F0323184602DF54
:103E00002046FEF73BF90C2358431AF80060F6B140
:103E10006D468AB06A461A4BD661C2E90538194B1D
:103E20004FF43251136240F202439384164B174809
:103E300042F8103F093E15F012FC2046AD46F6B29E
:103E4000FEF7FCFA092E08D8114B9D578CE7B9F103
:103E5000000FB7D0C9F8004086E76FF0040583E78C
:103E6000AC0E0020B24C030066FC02007F1403007D
:103E700098380020B4C40400A03603009918030049
:103E8000DE180300F14E030005000001ECE702001C
:103E90009D1B030073B506460D4642F22F0000211C
:103EA00001AAFFF74FFF044638B10121144A154813
:103EB00015F0C6FB204602B070BD0198C368B3F888
:103EC00001203280B3F803302B80FEF7B7FA338835
:103ED000A3F11B02E02A04D902210B4A094815F07C
:103EE000BCFB44F248112B88A3F5A47292B28A421B
:103EF000E0D90221054A034815F0AFFBDAE700BF1D
:103F0000FD180300ECE702001D190300421903002D
:103F10002DE9F04784B00478054600AF5CB15F49F5
:103F20005F4840F299535F4A14F0B2F940F2995158
:103F30005C4814F0A4F95C4BB0F80190198849F47E
:103F40007042914205BF1C80584BA04693F80080F8
:103F500000F088FCEB782E1D012B08BF544B304637
:103F600008BF93F86F4015F01CFB314668B34FF063
:103F7000010A07F1080015F009FBD5F81130C7F860
:103F80000130B5F81530A7F80530EB78012B2FD0AC
:103F90003046FEF73BFC6C4688B06A46454B4FF412
:103FA000E251C2E905304FF400739383424B43481A
:103FB00042F8103F15F053FB1321A546484615F073
:103FC000C1FB1037BD46BDE8F087204615F0EAFC7E
:103FD0000346006895F804A0B8609A889B796868E1
:103FE000BA81BB73B288B3793860BA80BB71CCE751
:103FF00007F10800FFF730F804460028C8D0034650
:10400000B5F8012023F8702BBA7BB868B98920670E
:104010009A7140F2E2429980B5F81730534300227A
:10402000C4F88830B5F81930A4F89030B5F81B30D2
:10403000A4F89230EB782273012BE3701AD187F841
:1040400000A0BA88BB793868A4F87B2084F87D305A
:10405000C4F8770000F000FF237A1549C3EBC303CF
:104060005A18CB58C4F87E309388A4F882309379DC
:1040700084F884300721204601F070FEB8F1000F6B
:1040800005D00121204684F80C8001F067FE20460F
:1040900001F0ECFF204601F0E3FD92E76519030013
:1040A00066FC02007F140300AC4300208244002021
:1040B000A00500207919030003000001ECE70200CD
:1040C00000B5C36889B0187820B109B05DF804EB79
:1040D000FFF710BBB3F801208DF80000ADF8012008
:1040E000DA788DF80320B3F80B20ADF81720B3F879
:1040F0000D20ADF81920B3F80F20ADF81B205A7C25
:104100008DF81D20586801901A899B7AADF8082017
:104110008DF80A30084B68461A689B88CDF80B204A
:10412000ADF80F30CDF81120ADF81530FFF7F0FEE7
:1041300009B05DF804FB00BFA710030010B5F8F745
:10414000E3FF034B1B6813B1BDE81040184710BDD7
:10415000BC38002073B52D4D0646D5F8700117F018
:10416000AFFD48B901212A4A2A4815F069FA6FF0D3
:104170001204204602B070BD6FF0020105F1D400B8
:1041800015F070FA012115F05DFAC3073AD4FEF775
:10419000FBFB04460028ECD11F4B1E60012205F5F5
:1041A0009870114617F004FE05F5AA7017F0DAFDB5
:1041B0001A480DF097FB6FF0070340F69802184974
:1041C000164800940DF0A8FB164914480DF0FCFEAB
:1041D000D5F87001144983681B689847044630B1CC
:1041E00003460121114A0B4815F037FAC1E726B9F9
:1041F00002B0BDE87040F8F787BF05F1C4000DF0CC
:10420000DDFAB6E76FF07704B3E700BFA005002042
:10421000F61A0300ECE70200BC3800200823002057
:10422000486000200E1B030085310100171B0300AE
:10423000F0B5C56801212F8887B0BCB2204601F0D7
:1042400077FE064640B923460121274A274807B092
:10425000BDE8F04015F001BA02ACD5F80220D5F85F
:10426000063001946989009116F0C8FD48B34FF0FB
:10427000FF304FF0FF31FFF739FB054648B9012108
:104280001B4A1A4815F0DCF9304601F0E9FC07B08A
:10429000F0BD12210C30FEF713FA0346224623F834
:1042A000027B06AF144603CCBC421860596022461C
:1042B00003F10803F6D1294642F21A00FFF7F4FC95
:1042C000E2E74FF0FF304FF0FF31FFF70FFB0446FE
:1042D0000028D4D002210C30FEF7F2F921460780E5
:1042E00042F21B00EAE700BF72130300ECE7020092
:1042F000331B030073B5C368D9789A781E8842EAE5
:104300000122ADF8002059791A79B4B242EA0122AB
:10431000ADF80220D9799A79204642EA0122ADF817
:1043200004201A7A5B7A012142EA0323ADF80630B1
:1043300001F0FEFD054658B901211D4823461D4ADE
:1043400015F08BF90221204615F05AFA02B070BD23
:10435000694602F03BF938B91E21204615F050FAA3
:10436000284601F07DFCF1E74FF0FF304FF0FF31C0
:10437000FFF7BCFA04460028F2D00E210C30FEF7FD
:104380009FF900230680C0F80A30BDF800302146AE
:104390004380BDF802308380BDF80430C380BDF88F
:1043A0000630038142F22000FFF77EFCD8E700BF11
:1043B000ECE702007213030038B5042104460C3008
:1043C000FEF760F9034640885D7818B122461978F7
:1043D000FFF75CF835B104480CF046FDBDE8384005
:1043E000FFF73EBC38BD00BFD0060020B0B5044684
:1043F000032100AF0C30FEF745F9E3680578197822
:1044000040F63543B0F80100984215D16C468AB0A9
:104410006A460F4B0F48C2E905310F4B4FF412515A
:10442000D36140F2013313840C4B42F8103F15F076
:1044300016F9A546BD46B0BD10B12246FFF726F8D5
:10444000002DF7D006480CF00FFDFFF709FCF1E74F
:104450004A1B0300ECE70200F14E030004000001D8
:10446000D006002038B50EF039FB2F4DD5F8543169
:10447000002B56D00022002305F598700CF078FD33
:1044800000284ED10022002305F5AA700CF060FC34
:10449000044668B940F6C243244A2549254813F02A
:1044A000F7FE84F31188BFF36F8F0323184602DFF2
:1044B000D5F848315BB101211F4A204815F0C0F8FA
:1044C000D5F84801FDF7BAFF0023C5F8483120466A
:1044D000FDF7F6FFC5F848012046FFF7E9FA034665
:1044E000C8B10121164A154815F0B7F815480CF067
:1044F000BBFC2046FDF7C2FD0C22134B02FB003330
:10450000588818B122461F21FEF7C0FF2046FDF74C
:1045100095FFFFF7A5FBFFF7A3FBBDE838400EF0C2
:104520004FBB01F0EFFDF8E7A00500207F1403006A
:104530001716030066FC0200821B0300ECE7020072
:1045400077180300D006002098380020F8B50646FA
:104550000024094DEF79E3B29F4202D86FF00100C9
:1045600007E02946304615F067F90735631C08B1A6
:104570002046F8BD1C46EEE7A005002037B50446EE
:104580000D46B9B12846164915F056F990B9294695
:104590001448C4EBC404204415F058F9124815F02F
:1045A0005CF9430703D5FEF7AFFA14F091FF002042
:1045B00003B030BD684614F0DBFF0028F8D1684630
:1045C000FFF7C4FF0028F5DA064BC4EBC4006946C8
:1045D000184415F03BF9002DE0D001462846DBE7F2
:1045E0009A100300A00500207406002070B51A4E32
:1045F00006223146054619F02CFA38B34FF0FF3049
:104600004FF0FF31FFF772F9044608B3062229463E
:104610000C3014F0F5FE2146002242F20500FFF7AF
:1046200091FB044648B110F10D0F04D102210B4A51
:104630000B4815F009F9204670BD33462A6843F847
:104640006929AA88B280012283F868200024F2E751
:104650006FF06804EFE700BF09060020F61C0300B6
:10466000F4E7020038B505460C4659B9204940F236
:10467000DE33204A204813F00BFE40F2DE311D48A5
:1046800013F0FDFD086848B91C4940F2DF33194AB0
:10469000194813F0FDFD40F2DF31F0E74DB918493C
:1046A0004FF47873134A144813F0F2FD4FF4787105
:1046B000E5E7037A5A0709D5124940F2E2330D4A79
:1046C0000D4813F0E5FD40F2E231D8E74B686BB9D5
:1046D0000B7A13B92B7A5B0708D52A7803789A42AC
:1046E00004D0294615F025F900B1656038BD00BF3A
:1046F000331D0300051D030066FC02004B1D030073
:104700006E1D0300861D0300064BD3E8EFCF4CF46B
:10471000806CC3E8E2CF002AF7D1037A1943017213
:10472000704700BF74060020F7B50021044602223E
:10473000084602F0A5F8064648B120460121FFF7D9
:10474000E3FF304603B0BDE8F04001F089BA3B4DCD
:1047500001463B4800F07AFB95F823317BB13046A7
:1047600015F0BBF858B10221364A374815F06CF8FD
:104770000021364803B0BDE8F04000F067BB95F873
:10478000232195F822319A4218D10221304A2E482D
:1047900015F05AF8002242F229001146FFF7D2FA2A
:1047A00010B101212B4AE0E795F82331013385F858
:1047B0002331237A43F004032372D9E72246671C8E
:1047C000394612F82E0B15F04BF8064610B1224A66
:1047D00001210EE095F82331013385F82331237A46
:1047E00043F00403237295F8A7305B0708D4022135
:1047F0001A4A154815F028F8012015F06EF8B7E7A9
:104800003946684615F022F801234FF0FF304FF08B
:10481000FF318DF80730FFF769F8044660B10822D0
:1048200069460C3014F0ECFD3246214642F24E004F
:10483000FFF788FA0028DFD0094AC9E7A005002061
:1048400075990200BB1D0300F4E702000D990200F8
:10485000E01D0300111E0300311E0300511E030062
:104860007B1E0300084BD3E8EF2F22F48061C3E8DE
:10487000E01F0028F7D1530504D500220220034988
:1048800006F068BF704700BF74060020039A02005C
:104890001FB500230190CDE9023302208DF80C10E2
:1048A00001AA034906F056FF029805B05DF804FB23
:1048B00065460100034610B470B10A4991F82241DF
:1048C00091F823210CB1944208D2013281F82321BE
:1048D0001A7A42F004021A7210BC704710BCFFF73B
:1048E00023BF00BFA00500202DE9F041044660B3BE
:1048F000424D95F8222195F8233192B1013293422D
:104900001CDC00210222084601F0BAFF0646F0B185
:1049100020460221FFF7F8FE3046BDE8F04101F0E5
:104920009FB95BB93649374840F2E643364A13F03F
:10493000AFFC40F2E641344813F0A1FC013B85F89E
:104940002331237A23F004032372BDE8F08101466A
:104950002E4800F07BFA304614F0BFFF064688B1BF
:10496000012103462A4A2B4814F098FA95F823317E
:1049700013B1012014F0B1FFBDE8F0410021264839
:1049800000F064BA95F8233195F822219A420CD2AE
:10499000013B85F82331237A024623F004030220E9
:1049A0001E49237206F0D6FEE0E74FF0FF304FF0CD
:1049B000FF31FEF79BFF04F10108074668B10721AC
:1049C0000C30FDF77DFE414614F040FF324639467B
:1049D00042F22800FFF7B6F928B10121104A0D482C
:1049E00014F032FFC2E795F82331013B85F82331FB
:1049F000237A23F004032372B8E700BFA005002048
:104A0000961E030066FC0200051D03007599020056
:104A1000AF1E0300F4E702000D990200C5980200E2
:104A2000DC1E030070B5044611BB20B3254914F009
:104A300003FF00BB2046FFF789FD00283BDA2378FF
:104A400053B92148C279002A35D1214614F0FEFE1F
:104A50000123C371104670BD012B04D1A37903F06B
:104A6000C003C02B07D00121184A194814F0ECFEEE
:104A70006FF01500EFE7144DEB79012B1ED005F117
:104A8000D40014F0EAFEC30707D4002CF0D020466F
:104A90000C4914F0D1FE0028EAD1EE792146731CAE
:104AA0003046EB71FFF76AFD08B93046D3E7EB7982
:104AB000013BEB71CFE76FF07700CCE76FF00B00B5
:104AC000C9E700BF9A100300A0050020011F0300E2
:104AD000F4E702002DE9F341044640B91A4A0221E5
:104AE0001A4814F0B1FE002002B0BDE8F0810021A8
:104AF00041F2090001AAFFF725F9054608B1144A59
:104B0000EDE7019E0622D6F80C80124908F1010754
:104B1000384618F09EFF28B1062238460E4918F094
:104B200098FF18B93046FDF789FCDCE7D8F801306A
:104B30003046C4F80130BB882570A4F80530FDF775
:104B40007DFC0120D0E700BF2F1F0300F4E7020027
:104B5000481F0300A7100300A110030007B5684613
:104B6000FFF7B8FF044BD87118B169460020FFF772
:104B700005FD03B05DF804FBA0050020F0B5304D45
:104B800089B0EC79002C53D195F8C26016F001067B
:104B900010D12C4A02212C4814F056FEEC71162636
:104BA00000240127EB79E0B298422CD3002B3FD0B0
:104BB00000203BE06A4621464FF60940FFF7C2F865
:104BC00008B1224AE6E7DDF800C0DCF80C104B78AB
:104BD00023B96046FDF732FC1D4ADBE78B1C02AAB5
:104BE00001F11204174618685968083303C7A34235
:104BF0003A46F7D11868344638609B886046BB80D7
:104C0000FDF71CFCCAE708AB06FB003353F8182C71
:104C100033F8143C6946CDF80120ADF805308DF825
:104C20000070FFF7ABFC01340028BBD009B0F0BD29
:104C30000021084609B0BDE8F040FFF7F3BE00BF11
:104C4000A0050020661F0300F4E70200921F030086
:104C5000B21F03002DE9F0410D4617461C460646DB
:104C600050B14BB10A03037811D56D0708D5012166
:104C70002D4A2E4814F0E8FD6FF01500BDE8F081D4
:104C800014F0A4FE0028F9D101232370F6E7A90748
:104C90002ED027480FB1AA0608D4C3EBC302825C0A
:104CA000012A13D002B922700020E7E790F8D8203B
:104CB000510635D5C3EBC302825C012A06D002B986
:104CC0002270237843F002032370EDE74FF00108D0
:104CD000072111FB03810144304614F06FFE0028C8
:104CE000CCD184F80080002FDED0AB06DCD5E8E71D
:104CF0006A0712D50E49C3EBC3028E5C012E09D19F
:104D0000072212FB0363194414F058FE0028B5D1A2
:104D10002670EAE7002EE8D1FAE714F057FEB3E771
:104D20006FF08500AAE700BFDB1F0300F4E7020075
:104D3000A00500202DE9F74F8A4601904FF0FF3182
:104D40004FF0FF30FEF7D2FD044600284ED0202160
:104D50000C30FDF7B5FC4FF0000980464D4620228F
:104D6000002118F06EFEDAF8007008F1010BDAF895
:104D70000420914509D300222146019888F800506B
:104D800003B0BDE8F04FFEF7DDBF7A78A81C8118AC
:104D90001F2997F800C015D9BCF1090FC0F11F02F7
:104DA00001D1002A0CDC0121124A134814F06DF8DD
:104DB0002046FDF743FB6FF0150003B0BDE8F08F10
:104DC0004FF0080CD6B2711C0BF80510691CC9B263
:104DD0000BF801C0023679685BFA80F02E4418F0B7
:104DE00009FEF5B209F101090837C0E76FF0680064
:104DF000E3E700BF00200300ACE70200F7B5CDE910
:104E00000001694642F2080016461D469DF82070D2
:104E1000FFF790FF044648B95FB90B4BD3E8EF1F8B
:104E200041F00401C3E8E21F002AF7D1204603B095
:104E3000F0BD694642F20900CDE90065FFF77AFF4F
:104E40000028EAD00446F1E7C805002003460148DF
:104E5000184700BFB805002000487047B80500207B
:104E60002DE9F04FD0F810A089B0BAF10005044642
:104E7000A84818BF0125CDE9021214F0D4FD460759
:104E8000994640F19B81666870050DD56FF0150558
:104E9000002240F20110029B0399914240F0978159
:104EA000284609B0BDE8F08FD4F81080B8F1000FA3
:104EB00001D0B107EAD0984F2078FB798342E5D939
:104EC000C0EBC00007229549384418F0C2FD002805
:104ED000DCD0B20706D197F87030082B02D8A3684F
:104EE0009F2BD3D916F0300F6AD0B8F1000FCDD078
:104EF000F3066AD406F46036B6F5603FC6D02046A5
:104F000014F07BFD80460028C0D0854814F08BFD4E
:104F100010F4807F824E40F0548106F1AC0014F012
:104F200082FD10F4806F06F1AC0B01D0FFF79AFC04
:104F30000023CDE90533CDF81B30A3686268ADF8D6
:104F40001030E36812F4004FADF812300CBF0723A5
:104F50000623D10348BF03F00503920348BF03F0C3
:104F6000FB038DF81D30DBE8EF3F23F48073CBE8C3
:104F7000E23F002AF7D123782A463B7687F86F3044
:104F8000616868480DF11503FFF764FE05460028C7
:104F90007FF47EAF644BBAF1000F22D02269116812
:104FA0004BF8B31C9188998092799A71636898073D
:104FB00052D19A0502D4B9F1000F61D002231CE04E
:104FC000F00602D4B8F1000F94D1D4E902239A423A
:104FD0003FF65CAF1F2A7FF659AFB3F5804F89D9F2
:104FE00054E74E4A11684BF8B31C91889279998026
:104FF0009A7163689907DCD053468DF814304FF0EE
:10500000FF304FF0FF31FEF771FC0546002800F03D
:10501000DB800F2204A90C3014F0F2F9294600229B
:1050200042F20600FEF78EFE054600287FF430AF00
:10503000BAF1000F28D063689B0731D101213948AC
:1050400014F0F4FC0746002879D00121374A38488B
:1050500013F01BFF3D461BE713F0100F0CBF01239D
:1050600004238DF8143023691A68CDF816209A8825
:10507000ADF81A209B798DF81C304FF00008BEE780
:1050800003238DF81430F8E74A46DDE90201129B4C
:10509000CDF80080FFF7B2FE0028CCD00546F7E639
:1050A00097F8189007221D491F4887F86F9018F04D
:1050B000D0FCF8B948461F4901F064FB074610B917
:1050C0006FF00B05E4E6052100F048FE01211548CC
:1050D00014F0ACFC814678B3144A0121144813F053
:1050E000D4FE0021384600F039FE384600F0B8FD05
:1050F0004D46CDE648460C4901F08AFB00287FF476
:10510000C5AE387E084901F03DFB07460028D7D0E0
:105110000621D9E774060020A00500209A1003009C
:10512000C8050020B8050020C10500201920030093
:10513000ACE7020093100300384600F091FD63686D
:105140009F071FD0D6E8EF3F43F40073C6E8E23F65
:10515000002AF7D1B8F1000F1DD0D6E8EF3F43F495
:105160008063C6E8E23F002AF7D1636858071BD581
:10517000D6E8EF3F43F48053C6E8E23F002A3FF40D
:1051800087AEF5E7D6E8EF3F23F40073C6E8E23FC9
:10519000002ADFD0F6E7D6E8EF3F23F48063C6E8C5
:1051A000E23F002AE1D0F6E7D6E8EF3F23F4805350
:1051B000C6E8E23F002A3FF46BAEF5E76FF00A0560
:1051C00066E66FF0770563E66FF0680560E61988BC
:1051D000814204D1596811B10978C90702D401325A
:1051E000083359E6044905480CF006FC0023044A3C
:1051F00002480CF039FD53E681520100D005002031
:105200001C4E0E0010B5184814F038FC174814F066
:105210000AFC0346DA05C0F3002023D5134814F036
:1052200002FC830515D512490722124818F011FC1B
:1052300003461149087E93B90522104901F020FB6D
:10524000044630B10021017300F088FD204600F0D3
:1052500007FDBDE810400021034814F0E7BB06221B
:105260002131EBE710BD00BFB8050020C8050020C4
:105270009A100300C1050020A00500209310030030
:1052800010B5FFF7BFFF034630B1BDE81040022163
:10529000024A034813F002BE10BD00BF34200300D1
:1052A000ACE70200884208B501F1200310D998420A
:1052B00013D20E4940F2B3230D4A0E4812F0E8FF14
:1052C0000D4812F0E5FF40F2B321094812F0D7FF74
:1052D000EFD000F120029142EAE7013813F8012DE6
:1052E0008B4200F8012FF9D108BD00BF8C200300CC
:1052F0005A20030066FC0200E320030070B53D4B1A
:105300009AB01822002103A8029318F09AFB44F2E5
:10531000010309A8099314F0B4FB099B694604939F
:10532000354B02A8059317F09FF9034610B3334A93
:105330000121334813F0B2FD1F25324BD3E8EF1F94
:1053400021F00101C3E8E21F002AF7D12E4E0DF033
:10535000C5FB3468002C46D0002D2C4D18BF00250D
:10536000043C23680BB1284698476468002C3AD067
:10537000043CF6E701AB4122009809A917F046F872
:10538000034608B1224AD3E7224A0DF125030DF165
:10539000650153F8040B8B4242F8040BF9D101ABC1
:1053A00020221D49009817F011F8034608B11B4A46
:1053B000BEE700980FF086FB054610B1184A034679
:1053C000B6E714491148FFF76DFF16491648FFF775
:1053D00069FF164BD3E8EF1F41F01001C3E8E21F4D
:1053E000002AAAD0F6E70023C6E900330DF0E8FB57
:1053F0001AB070BD127100010000020915210300EE
:10540000DCE70200C0380020C8380020E344002058
:1054100033210300A34400208344002056210300CD
:105420007A210300C34400200345002074060020B5
:10543000042330B5A7B03D22002116A8159318F01B
:1054400000FB304B1822002107A8069318F0F9FA48
:1054500044F201030DA80D9314F013FB0D9B2022C1
:105460000893294B2949099306A804AB0FF07AFB4E
:105470000346E0B1264A0121264813F00FFD6FF0E4
:1054800004040DF02BFB244B1D6865B1002018604F
:10549000224BD3E8EF1F21F00201C3E8E21F002AEC
:1054A000F7D144B3A8470DF08BFB27B030BD1C4BA0
:1054B0000DF15502194603F1400053F8044B8342A5
:1054C00042F8044BF9D105AB029320230E48CDE9F5
:1054D000001315AA4123049917F078F8034608B180
:1054E000104AC8E704980FF0EDFA04460028C8D027
:1054F0000D4A0346BFE70DA80949FFF7D3FE0DA8E3
:10550000D0E700BF127100010000020983440020AF
:105510009A210300DCE70200C4380020C0380020D4
:10552000A3440020D0210300EC210300402208B551
:10553000034918F08EFAB0FA80F0400908BD00BFA8
:105540005422030010B51D4B9AB0182204460021C6
:1055500003A8029318F075FA4FF4804309A8099341
:1055600014F08FFA099B21460493154B0DF1250089
:10557000059304238DF82430FFF794FE04F12001F5
:105580000DF14500FFF78EFE412201AB09A902A8EB
:105590000FF0E8FA044602A817F0DEF82CB90198DB
:1055A0000FF090FA01201AB010BD064823460121E1
:1055B000054A13F073FC0020F5E700BF124100011B
:1055C00000000209DCE702000922030010B50028F0
:1055D00034D01D4A136823B1043B984231D05B6834
:1055E000F9E71A4BD3E8AF1F890707D518480221FE
:1055F000184A13F04AFC6FF00F0010BD1468011D2B
:1056000044605068116000B95160D3E8EF2F42F058
:105610000101C3E8E01F0028F7D1D30701D500201E
:10562000EBE70D4BD3E8EF1F21F01001C3E8E21FB9
:10563000002AF7D10948FDF7E3FAF0E76FF015000B
:10564000DBE76FF07700D8E7C8380020C0380020CB
:10565000DCE702002D22030074060020140A00205B
:10566000044BD3E8AF3F13F0100F034808BF0020EE
:10567000704700BF74060020E344002070B5054663
:10568000194803688B4228D0184BD3E8AF3FDA069D
:1056900026D5036813B16FF00F0070BD144AD2E82D
:1056A000AF3FDB07F7D4D2E8EF3F43F00204C2E894
:1056B000E64F002EF7D113F00204ECD10160294629
:1056C0000C48FFF7EFFD0C4805F12001FFF7EAFD5C
:1056D0000A48FDF795FA2046DFE76FF07700DCE730
:1056E0006FF07C00D9E700BFC438002074060020AA
:1056F000C0380020A3440020C3440020040A002036
:1057000010B50446FCF7BAFC044901EB0011204631
:10571000FDF74AFBBDE81040FEF7A2BAD0380020E2
:1057200070B50546134B1C6844B154F81C3C1C3C36
:1057300013B12846297B9847E469F5E70E4C0F4ED4
:10574000B44215D90E4940F2B5730E4A0E4812F014
:105750009FFD0E4812F09CFD40F2B571094812F011
:105760008EFD236813B12846297B98472034E7E74C
:10577000F7D370BD0439002054E7020094E702001B
:10578000CB2203009B22030066FC0200750303008A
:1057900008B50B4B1B7873B90A4940F246330A4AE5
:1057A0000A4812F075FD0A4812F072FD40F24631C7
:1057B000054812F064FD18F0E9F9064B185808BDC9
:1057C0008148002079FF02004EFF020066FC0200C3
:1057D0008CFF02000800000070B5044649B90E496C
:1057E0000E484E230E4A12F053FD4E210C4812F083
:1057F00046FD0022D1E901560A48C1E9012216F00E
:10580000BEFA3DB1314620462B46BDE870406FF0F0
:105810006D02184770BD00BFE622030066FC02005F
:105820009B220300C00D002010B50C468178012991
:105830000BD00C490C4840F2F2330C4A12F028FD10
:1058400040F2F231094812F01AFDA16904F1180082
:105850001160E26900211A60E27ABDE8104018F098
:10586000F0B800BFE922030066FC02009B2203009F
:1058700037B5051D04464FF48061284614F020F921
:1058800040053CD4D5E8AF3FD90326D5E37823B90A
:1058900002211C4A1C4814F011F9637B072B2ED1FE
:1058A0001A4B93F8D8309B0629D513F01DFF30B35F
:1058B0000DF1060101A8FEF7EDFA00BB2046BDF888
:1058C0000620BDF8041013F07CFF0346B8B1012197
:1058D0000F4A0D4814F0F2F811E00C4B93F8D83051
:1058E0001A07D3D5204613F051FF034620B10121FA
:1058F000084A054814F0E2F8637B072BC6D003B0D2
:1059000030BD00BF1C230300C4E70200A005002037
:1059100035230300FB22030070B505460022002357
:1059200016480BF025FB38BB154B1C6834B154F8F6
:10593000143C1C3C03B19847E469F7E7114C124E44
:10594000B44213D9114940F27B63114A114812F055
:105950009FFC114812F09CFC40F27B610C4812F055
:105960008EFCA36803B198472034E9E7F9D32846B1
:10597000BDE870400BF022BF70BD00BF500D00208D
:105980000439002054E7020094E70200CB22030010
:105990009B22030066FC0200750303002DE9F84317
:1059A0000446FFF7F5FE1E4BD3F8C830834211D1F1
:1059B00040270025DFF86C80EFF3118387F312880E
:1059C000BFF36F8FE16989B983F31188BFF36F8FDC
:1059D000BDE8F8831449154840F22713144A12F021
:1059E00057FC40F22711124812F049FC206A0A685D
:1059F000814208BF2262E26183F31188BFF36F8F97
:105A0000D1E901694046C1E9015516F0B8F91EB166
:105A1000002249462046B047FEF722F9CCE700BFF6
:105A2000E0350020C00D00205123030066FC020079
:105A30009B2203000448B0F8043100F58470002B69
:105A400008BF0020704700BFA005002070B58AB0D5
:105A500004460E46FFF79CFE144BD3F8C820824242
:105A600005D120460AB0BDE87040FFF797BF243447
:105A70002146184616F001FA051E0FDA40F25F13B0
:105A80000B4A0C490C4812F003FC29460B4812F053
:105A9000FFFB40F25F11064812F0F1FB1EB16946B0
:105AA00020460BF091FE0AB070BD00BFE03500202B
:105AB0009B220300D804030066FC02009723030026
:105AC00038B5002204468A4202D10024204638BD5F
:105AD000012004F1C803D3E8EF5F002D04D1C3E82F
:105AE000EC0FBCF1000FF6D102D0D0340244EAE74B
:105AF000002CEAD0C8220021204617F0A2FF04F1B2
:105B0000400004490BF078FF034904F124000BF036
:105B10002DFDDBE72D690100E39A0200F7B516467B
:105B20000D4601210446FFF791FF012E23D0022EDE
:105B300050D123693BB130480121304A13F0A5F917
:105B4000204613F0ECFF256121690B8A012B51D906
:105B5000CA681288043292B293424BD341D90121D0
:105B600000922548264A13F0A3F9204603B0BDE869
:105B7000F04013F0D4BF206940B9224A31461E4894
:105B800013F083F9204613F0CAFF01E02F8A2FB9E2
:105B9000284603B0BDE8F040FCF750BC0C3013F0D1
:105BA00027FC87420CD9184A3146134813F06DF987
:105BB00000222046216901F003FA00232361E7E770
:105BC00020692A8AE9680C3013F01AFC2846FCF791
:105BD00035FCB9E7334601210C4A074813F06EFF44
:105BE000D0E7002301222046236103B0BDE8F04046
:105BF00001F0E6B903B0F0BDC4E70200B223030030
:105C000032240300CF230300ED23030014240300F8
:105C100010B580B100F1C802D2E8AF3FBBB1591C4A
:105C2000D2E8EF4F9C4204D1C2E8EC1FBCF1000F58
:105C3000F6D1F1D110BD0749074840F2BA53074ADF
:105C400012F026FB40F2BA51044812F018FB184635
:105C5000F0E700BF5027030066FC02009B22030010
:105C600010B5044670B9214940F2E253204A214858
:105C700012F00EFB204812F00BFB40F2E2511C48E0
:105C800012F0FDFA24300BF0E7FCC834D4E8EF3F03
:105C90005A1EC4E8E12F0029F8D1002B0CDC17496B
:105CA00040F2F353124A134812F0F2FA144812F079
:105CB000EFFA40F2F351E2E7012B15D160B111493F
:105CC00040F2FC530A4A0B4812F0E2FA0E4812F076
:105CD000DFFA40F2FC51D2E70C480BF0C5F8BDE802
:105CE00010400B480BF06ABD10BD00BF50270300E9
:105CF0009B22030066FC02004D2403006C24030079
:105D00007424030092240300A6240300500D0020F5
:105D1000340A002010B50446FFF77AFF0CF0DEFECF
:105D20000C4B04F1BC01D3F824312BB90A4813F011
:105D3000B5FE0CF045FF06E0994208D10CF040FF9B
:105D40002046FFF78DFFBDE81040FDF789BF1B68B7
:105D5000EBE700BFA0050020C4060020F8B5467B95
:105D600004468E420D4600AF1BD1082E98BF554BFE
:105D70006C4688B094BF53F82630534B6A4653495B
:105D8000C2E905134FF400739383514B42F8103F5F
:105D900000234FF4E4514F48FAF744FAA546BD46B4
:105DA000F8BD41730EB9FFF733FF637B082B00F298
:105DB000858001A252F823F00D5E0100635E0100B0
:105DC0009F5D01009F5D01009F5D01009F5D0100DF
:105DD0009F5D0100DD5D01009F5D010000213E48E7
:105DE0000EF082F80023C4E90D33E378012BD6D1FD
:105DF000A3783A4A012B08BF032304F1400008BFEF
:105E000084F8983000230BF0A7FEC8E7082EC6D808
:105E1000DFE806F02005171C1C1C1720200004F1E9
:105E2000400528460BF026FF01212046FFF70EFE15
:105E3000204613F074FE0022002328460BF014FFC6
:105E4000ADE7237B13B12046FFF76AFC2046FFF73E
:105E500007FFA4E72B46224A02211E4813F02EFE1C
:105E60009DE7237B3E2B0FD16D4688B06A461D4BC4
:105E7000C2E90534032342F8103F00234FF4C45114
:105E80001448FAF7CFF9AD46174D05F584766169E8
:105E900011B9FDF7E5FE82E7A2690B68914208BFE0
:105EA000A36120466361FFF797FCB5F80431002B2E
:105EB00014BF304600200AF0D7FFE8E72B460B4A14
:105EC000CAE700BF34F00200DD240300E72403002A
:105ED00003000001C4E70200440A00205A620200E5
:105EE000F82403000F250300A00500203625030039
:105EF000F8B5074609480D461646FFF789FE0446E1
:105F000050B183781F4203D1BDE8F840FFF7A8BE27
:105F10003146A8472046F7E7F8BD00BFF023002030
:105F2000002201200149FFF7E3BF00BFD79A02001A
:105F300070B505460E480E46FFF76AFE0446A0B14E
:105F4000437B012B02D0073B012B0CD82388AB42AB
:105F500008D1A3781E4209D12B460221054A0648E2
:105F600013F0ACFD2046FFF77BFE0024204670BDF9
:105F7000F023002052250300C4E7020008B5114BAE
:105F800098420AD303F1D002904206D2D022C01A1E
:105F9000B0FBF2F302FB130373B10B4940F21A6337
:105FA0000A4A0B4812F074F90A4812F071F940F2EB
:105FB0001A61064812F063F9074B00115843C0B24A
:105FC00008BD00BFF0230020692503009B220300C9
:105FD00066FC0200E0260300C54EECC42DE9F84340
:105FE00005460F4616461C469046994615F055FF45
:105FF00058B11749174840F23663174A12F048F96A
:1060000040F23661144812F03AF934430BD0FFF7EE
:10601000BFFB124BD3F8C830834207D10221104A8C
:10602000104812F032FF4FF00008C1460E494246B8
:106030004B46002D14BF2846084613F0B3F904461A
:1060400018B1791D0C30FCF7BDFA2046BDE8F88385
:10605000FA26030066FC02009B220300E0350020C4
:1060600009270300C4E70200DC0D002010B5044638
:1060700005480BF0A3FB204600F0AAFE2046BDE831
:106080001040FFF74DBB00BF240A002010B5437B32
:106090000446023B062B29D8DFE803F00B0428282E
:1060A000281E0900017300212046FFF757FE00203B
:1060B00010BD8378012BFAD040F29F730D4A0E4930
:1060C0000E4812F0E5F8A1780D4812F0E1F840F220
:1060D0009F71084812F0D3F8008813F033FB0028B2
:1060E000E6D1637B072BE2D10821DDE76FF07F006B
:1060F000DEE700BF9B220300B24C030066FC0200F7
:10610000322703002DE9F04F002387B000AFFB607A
:106110007B619D4B5A8C3AB19C4DD5F824413CB9DA
:106120001C37BD46BDE8F08F1B68002BF4D1F7E7A4
:1061300054F8BC3903B1BC3B0026954913E0134623
:10614000B5F80421002A00F0CB81D5F81021C2B99E
:1061500004F1BC06002BE3D0D3F8BC201C46002A77
:10616000EDD0A2F1BC039C42EAD18A4940F2BD3392
:10617000894A8A4812F08CF840F2BD31864812F004
:106180007EF80A68002AE3D0D4F8A820002ADFD0DD
:10619000D4F8AC20002ADBD0D4F8B020002AD7D025
:1061A000637B072B41D12046904700283DD004F166
:1061B000C003D3E8AF3F022B37DC2046FFF728FDB2
:1061C00004460028ACD0637B072B40F08681204634
:1061D000D4F8A830B5F8041107F1100298478046AA
:1061E000002800F06881B5F804213B699A4208D381
:1061F0000146D4F8AC60204607F1140307F10C0205
:10620000B0473B69D7F80CA07B60B8F81030D7F8DE
:106210001490002B3BD1624940F291235E4A5F48C3
:1062200012F036F840F29121A8E704F1BC03B34222
:1062300009D15C4940F2DA33574A584812F028F83D
:1062400040F2DA319AE7D4F8BC20C6B9D5F8281163
:10625000C5F824218B4201D1C5F82821002320460E
:10626000C4F8BC30D4F8B03098470028ABD0637B7A
:10627000072B40F032812046FFF74CFDA3E7326048
:10628000D5F82821934208BFC5F82861E6E74046C3
:1062900013F0A3F948B142494FF426733E4A3F48F0
:1062A00011F0F6FF4FF4267168E7B5F804313E4867
:1062B000002B08BF0020002200230AF059FE60B125
:1062C00037494FF42A73344A344811F0E1FF374814
:1062D00011F0DEFF4FF42A7150E7002200232C4812
:1062E0000AF036FD064660B92D4940F2B3232A4A2A
:1062F0002A4811F0CDFF2E4811F0CAFF40F2B32119
:106300003CE7C0E901A97B68B5F804B15B4598F8A2
:10631000083098BFB7F804B0013B012B09D92549D3
:1063200040F2D3231C4A1D4811F0B2FF40F2D321A2
:1063300024E7404613F051F9814638B11E49AD2398
:10634000154A164811F0A4FFAD2117E701460022B7
:1063500000230D48FBF7CEFE824658B1FBF78EFEB8
:10636000164B414603EB00135A465046FCF744FDDA
:10637000804638BB12494FF43773074A074811F07B
:1063800087FF4FF43771F9E6780E0020A005002052
:10639000C00D0020492703009B22030066FC020079
:1063A000B24C030055270300A80600207027030005
:1063B0008527030095270300BD270300D038002060
:1063C000D72703007B68B5F8042194F8C4B0934242
:1063D0008CBF4FF001090BF1020384F8C49098BF01
:1063E0005FFA83FB04F1C009D9E8EF2F0132C9E855
:1063F000E12F0029F8D104F11403314618467B60DF
:1064000013F04CFB94F802A0BAF1010F57D108F138
:106410000C02042110467A60FCF7F6F821880BF094
:10642000FD0341EA03330380B8F810307A68043B77
:1064300043800221104612F0C0FF4046FDF738FBB2
:1064400000284AD07860D9E8EF2F013AC9E8E12F57
:106450000029F8D1314604F1140013F045FB7B68A4
:106460005146204A204813F029FB4046FBF7E6FF3F
:1064700020463146FFF7B0F9B5F804311B48002B30
:1064800008BF00200AF0F0FC6D4688B06A46184B41
:1064900053616FF00403C2E90634042342F8103F4D
:1064A0004FF4015110480023F9F7BCFE1321AD460B
:1064B0002046FFF7EBFD2046FFF7D2FB30E64FF416
:1064C00040730C4A0C490D4811F0E2FEA1780C48CB
:1064D00011F0DEFE4FF4407150E6FDF7C1FBEAE734
:1064E0009368FFDE77180300C4E70200A8060020C7
:1064F000082803009B220300B24C030066FC020044
:10650000EB27030040F2E2432DE9F041D0F8886028
:106510000446B6FBF3F6031DB6B2D3E8AF2F9204E0
:1065200013D5B0F88C20B2420FD8B0F88E20B2420A
:106530000BD3D0E92412914207D1D3E8EF1F21F405
:106540000051C3E8E21F002AF7D1194B1D6865B15D
:1065500055F80C7C1C3D37B131462046B4F89230DA
:10656000B4F89020B847ED69F1E7124DDFF84880A4
:10657000454519D9114940F2FB73114A114811F0F0
:1065800087FE114811F084FE40F2FB710C4811F0B7
:1065900076FE2F6937B131462046B4F89230B4F810
:1065A0009020B8472035E3E7F3D3BDE8F08100BF82
:1065B0000439002054E7020094E70200CB220300D4
:1065C0009B22030066FC0200750303002DE9F041E5
:1065D000074608460D4613F089F8064618B9002606
:1065E0003046BDE8F0811C4B1C6884B154F8103C67
:1065F0001C3C0BB9E469F8E729463846984700285F
:10660000EDD0284613F072F80028F3D1E7E7134CD9
:10661000DFF84C80444518D9124940F63C03124A31
:10662000124811F035FE124811F032FE40F63C01DE
:106630000D4811F024FE2946384698470028CED050
:10664000284613F053F820B9C9E7C9D2E368002BF4
:10665000F1D12034DEE700BF0439002054E7020006
:1066600094E70200CB2203009B22030066FC020099
:10667000750303002DE9F041C37804468BB900F19E
:106680007E06194B1D687DB11C3D04F170076B69D6
:106690001BB13A46314620469847ED6925B11C3D6D
:1066A000F5E700F17706ECE7104D114F04F17008A3
:1066B000BD4216D90F4940F6C4130F4A0F4811F0D6
:1066C000E7FD0F4811F0E4FD40F6C4110A4811F04F
:1066D000D6FD6B691BB142463146204698472035AE
:1066E000E6E7F6D3BDE8F0810439002054E7020064
:1066F00094E70200CB2203009B22030066FC020009
:1067000075030300F8B5437A05468372164613F005
:106710003AFB154B1C684CB154F8043C1C3C1BB1B3
:1067200032462846697A9847E469F4E70F4C104FDF
:10673000BC4216D90F494FF422630F4A0F4811F09B
:10674000A7FD0F4811F0A4FD4FF422610A4811F093
:1067500096FDA3691BB132462846697A98472034D2
:10676000E6E7F6D3F8BD00BF0439002054E7020085
:1067700094E70200CB2203009B22030066FC020088
:106780007503030038B505460C460F480121FFF795
:1067900097F9C0B1057223680367A388A0F8743025
:1067A000A37980F876300123437283728370074B9C
:1067B000C0F8A830064BC0F8AC30064BC0F8B0307B
:1067C000054BC0F88C3038BDF02300207D6C0100F3
:1067D00029580100B19A02001800280070B505463A
:1067E0000A480E46FFF714FA044620B18378012BBD
:1067F00004D0FFF735FA0024204670BD3246294602
:1068000013F0E4F90028F7D12046F2E7F023002046
:10681000B0B500AF0D46FFF7E1FF044610B32846C0
:10682000FBF7F4FF637B6D46082B98BF0E4A8AB0D6
:1068300094BF52F823300D4B6A46C2E907030C4B54
:106840000C4953620C4BC2E9051442F8103F002377
:106850004FF442510948F9F7E5FC2046AD46FFF7F1
:10686000FFF90120BD46B0BD34F00200DD24030075
:10687000010302042B28030005000002C4E7020004
:10688000F8B505460E480E461746FFF7C1F904460F
:1068900020B18378012B03D0FFF7E2F900240DE04B
:1068A00036B13246294613F091F908B92046F3E78C
:1068B000637BBB42FAD1237AAB42F7D12046F8BDC5
:1068C000F023002038B5044608460D4612F00EFFAE
:1068D00038B3154B93F8D830990707D4E37873B1E0
:1068E00029462046BDE8384000F096BB94F8993020
:1068F0009A07F3D5231DD3E8AF3F5B04EED42946B6
:10690000204613F089F958B92B88A4F88C306B888D
:10691000A4F88E30AB88A4F89430EB88A4F89630B5
:1069200038BD6FF01500FBE7A0050020F7B510F8A3
:10693000333C0446A0F140068BBB304613F0C6F949
:10694000394B1D684DB155F8183C1C3D1BB1304604
:1069500014F8341C9847ED69F4E7344D344FBD42C8
:1069600016D9344940F2C473334A344811F090FCCC
:10697000334811F08DFC40F2C4712F4811F07FFCB8
:106980006B681BB1304614F8341C98472035E6E795
:10699000F6D3304603B0BDE8F040FFF761B910F818
:1069A0003E3C012B3ED1A0F13C05D5E8EF3F23F45E
:1069B0000052C5E8E12F0029F7D199041FD5E36CF7
:1069C00069460093636D30460193FFF77BFF0346F2
:1069D00078B9D5E8EF3F23F48053C5E8E23F002AB9
:1069E000F7D14FF40061284603B0BDE8F04013F042
:1069F00067B8144A0221144813F060F8F1E74FF425
:106A00002813124A69463046CDE90023FFF75AFFA2
:106A1000034628B94FF48051284613F051F8E0E7B7
:106A20000B4AE7E703B0F0BD0439002054E7020049
:106A300094E70200CB2203009B22030066FC0200C5
:106A40007503030064280300C4E70200180028004F
:106A5000892803000B4B58B11A6862B902693AB928
:106A600002685AB942684AB982683AB942692AB991
:106A70001860002070476FF0770070476FF01500C6
:106A8000704700BF1439002008B568B1094B00F108
:106A90000C011A6822B9074813F000F8104608BD27
:106AA000914204D01268F5E76FF01500F7E76FF038
:106AB0007700F4E70C39002010B50C4815F052F9B6
:106AC0000B490A4815F05BF90A49084815F057F9CF
:106AD0000949064815F053F913F059FD04F0C6FDB5
:106AE000044608B913F0B7F9204610BDC00D0020C8
:106AF000E0380020EC380020F838002010B502689B
:106B0000D2F8B4305BB90D490D4840F2F1230D4A7B
:106B100011F0BEFB40F2F1210A4811F0B0FBD2F8AF
:106B2000B8401968A34200F14C0008BFC2F8B81081
:106B30008342C2F8B410E6D110BD00BF6D29030036
:106B400066FC02003C29030008B503460121034A04
:106B5000034812F0A3F9002008BD00BF87290300F5
:106B600004E8020080B500AF88B06A46074BC2E96E
:106B70000530032342F8103F00234FF4C25104486C
:106B8000F9F750FB6FF00B00BD4680BDAF29030045
:106B900004E80200044B1A680AB1FFF7E3BF034898
:106BA000586010460B6070471839002080F00200D2
:106BB00070B5044652EA030007D10022134620466E
:106BC000BDE870400431FFF709BA0E48007870B98B
:106BD0000D4940F246330D4A0D4811F059FB0D485E
:106BE00011F056FB40F24631084811F048FB16F010
:106BF000CDFF094D094ED5F8C85030588542DED139
:106C0000DBE700BF8148002079FF02004EFF020051
:106C100066FC02008CFF0200E03500200800000046
:106C200073B5054618462B680BB35B7B072B1ED14B
:106C3000002A14BF022301230E7A9E4209DD01219E
:106C40000C4A0D48009612F033F96FF0150002B0AF
:106C500070BDCB7A072BF8D9C8618A6105F1300085
:106C600015F08DF8284613F011F80020EFE76FF0CB
:106C70007F00ECE7D629030004E802002DE9F04785
:106C800080460E469146D0F8B44000AF4CB14C3C23
:106C9000236B6BB104F1300A504615F085F80546B8
:106CA00058B9FCF7DDFF00252846BD46BDE8F08752
:106CB0002046FFF723FFE46CE8E798F80D30072B38
:106CC0000BD03C4940F2D7333B4A3C4811F0E0FA44
:106CD00040F2D731384811F0D2FA12F07EFC80B180
:106CE0006C4688B06A46364BC2E90535032342F844
:106CF000103F00234FF4C2513248F9F793FAA546EA
:106D0000D1E72846FBF7DCFB236D0546B3B9A38C1E
:106D1000B0F81080403B9BB23F2B03D8238D9845A1
:106D200028BF9846042105F10C00FBF76DFCA0F884
:106D30000080A38C438008F104032365236D2A8A15
:106D4000B3420ED8934215D0A38C403B9BB23F2B4D
:106D50002CD92046FFF7D2FE236B13B1204612F048
:106D600095FF236D9E422CBF00269E1BC9F8003064
:106D7000266599E700220023504609F0E9FF854285
:106D800009D0114940F209430B4A0C4811F080FA2E
:106D900040F209419EE7FBF751FBA38CA3F14002AF
:106DA0003F2AD6D8094AAA61EB61D2E700221346EE
:106DB000F9E700BFF62903003C29030066FC020046
:106DC000172A030004E802002F2A0300099E02008C
:106DD0002DE9F34104464FF000083D4D3D4FBD42C3
:106DE00071D93D4940F2A7133C4A3D4811F050FA91
:106DF0003C4811F04DFA40F2A71110E029884B1ED3
:106E00003E2B0FD94FF4D573344A3749344811F02B
:106E10003FFA2988354811F03BFA4FF4D5712F48D5
:106E200011F02DFA204612F0E6FF0646019068B1F7
:106E30004FF4D773294A2E49294811F029FA298895
:106E40002C4811F025FA4FF4D771E8E720466B681B
:106E500001A99847002831DB019B2A889A829A84ED
:106E600003F11002D2E8EF1FC2E8E06F0028F9D169
:106E7000DE641E659E60A16B03F1080201BBC4E9DC
:106E80000D221C60C3F80C8003F1300014F06AFF7F
:106E9000019843681B6803B19847019B1033D3E8FE
:106EA000EF1F41F00101C3E8E21F002AF7D101986A
:106EB0004368DB6913B100F11001984708358EE78C
:106EC0000A60A263DDE799D302B0BDE8F08100BF9C
:106ED0003CE7020054E70200D82A03003C290300E3
:106EE00066FC0200750303003F2A03006E2A0300BC
:106EF000992A0300AD2A030073B50D460646042106
:106F000005F10C00FBF7BEFB2B8A428804469A422F
:106F100007D000921C4A01211C4811F0C9FF02B0A1
:106F200070BD43783BB90121194A184802B0BDE849
:106F3000704011F0AABF0378012BF0D0132B06D1BB
:106F4000022AECD0022300931346124AE3E70221FF
:106F5000114A0E4811F0A2FF617802220120356823
:106F600012F02EFF04460028D9D002210C30FBF786
:106F7000A7FB0023214603704370284602B0BDE8FA
:106F8000704012F04EBF00BFFF2A030004E8020069
:106F9000202B0300412B03006C2B030008B50B8A48
:106FA000032B06D80121044A044811F06EFF00208B
:106FB00008BDFFF7A1FFFAE7942B030004E80200E5
:106FC00038B50B8A0546032B0C4609D801210F4A18
:106FD0000F4811F05AFF2046BDE83840FBF72EBAA3
:106FE000042104F10C00FBF74DFB4188284612F008
:106FF00029FF30B9074A0B460548022111F04EFF20
:10700000E9E7436821465B699847E4E7B22B030050
:1070100004E80200CF2B030070B5124B0C46197820
:1070200005460131C9B2012938BF012108221220C9
:10703000197012F0C5FE064688B108210C30FBF726
:107040003FFB22883146028062884280A28882808B
:10705000E288C2802846BDE8704012F0E2BE6FF0C0
:107060000B0070BD2345002023281FD81A2804D800
:10707000431E182B0ED906207047A0F11B03082BC6
:107080001ED8DFE803F0051D1B231D19251D050073
:107090000320704701230F4A83401A40C2B90E4AA9
:1070A0001A40002A14BF01200620704700F07F0319
:1070B000522B05D1002070470120704705207047F2
:1070C00010F0400F0CBF06200020704704207047CE
:1070D00002207047AAAA8A025455450138B50446D1
:1070E000EFF31185402383F31288BFF36F8F244899
:1070F0000CF08AFA68B98823224A2349234811F000
:10710000C7F81F49224811F0C3F888211D4811F023
:10711000B6F81B480CF09CFA002323601D4B5A68FC
:107120009AB9C3E9004416480CF07CFA80B94FF4D0
:107130009A73144A1849154811F0AAF810491748CB
:1071400011F0A6F84FF49A71E0E714605C60EAE78A
:1071500085F31188BFF36F8F11480AF02FFB031ED0
:107160000CDA01210F4A104811F098FE002383F336
:107170001188BFF36F8F0323184602DF38BD00BFAD
:1071800074390020D4FF02000100030066FC0200F5
:10719000160003006C3900202C000300430003009C
:1071A0007C0A00200B2C0300B4E70200011F0148F9
:1071B00009F064BA000C002008B50B4B1B7873B9BA
:1071C0000A4940F246330A4A0A4811F061F80A486F
:1071D00011F05EF840F24631054811F050F816F013
:1071E000D5FC064B185808BD8148002079FF0200E5
:1071F0004EFF020066FC02008CFF02000800000047
:1072000010B50446807AFAF731FF0B4B83420BD05E
:107210000A490B484FF4B5730A4A11F039F84FF494
:10722000B571084811F02BF82046FAF727FF18220D
:10723000054B02FB003010BD100E0020632C030034
:1072400066FC0200342C0300783900202DE9F04759
:10725000074608460C46FFF7D3FFE3680646D0F81A
:10726000089007F15802D2E8AF2FD20709D40121C4
:10727000284A294812F012FE6FF015052846BDE88D
:10728000F087228A5AB9254925484FF4DB73254AED
:1072900010F0FEFF4FF4DB71224810F0F0FFE268BF
:1072A00012780271002202601B78D22B0FD13B684A
:1072B0002146186813F014FE054640B101211A4A10
:1072C000154812F0EBFD2046FBF7B8F8D6E704F1BD
:1072D0000C0012F089F80023B4F810A080461A467A
:1072E0002146B760381DFFF79BFC05460028C5D036
:1072F00010F1690F04D101210C4A074812F0CEFDAC
:107300006369A4F810A013FA88F3E360C6F8089044
:107310003560B3E78F2C0300B4E70200A92C03000B
:1073200066FC0200342C0300CF2C0300E22C030087
:107330000121024A024812F0B1BD00BF052D030031
:10734000B4E7020010B5044600F15403D3E8EF1F80
:1073500041F00101C3E8E21F002AF7D1201F12F01B
:107360003FFE04F17C0004490AF046FB2068BDE8BA
:10737000104002F0E9BD00BFBD84010070B5037884
:107380008AB004460E4607AD032B20D8DFE803F091
:1073900002191B1D11492846F5F758FD059563781C
:1073A0001E210493A37830460393E3780C4A02939A
:1073B0002379019363790093A37910F001FA0AB05D
:1073C00070BD0849E7E70849E5E70849E3E70A210E
:1073D0002846074A10F0F4F9E0E700BFA5F70200DD
:1073E000C7F70200ACF70200B3F70200BDF70200D6
:1073F000CA3703002DE9FF414FF000084FF4205336
:1074000005460E46006802A9144617688DF80880E4
:10741000ADF80A3012F05EF8A0B142F60103286818
:1074200003A98DF80C80ADF80E3012F053F848B176
:1074300023691BB15A88B24200D25E80012004B099
:10744000BDE8F0816168286812F044F810B10023AB
:107450002361F3E7E368A0681A786AB1B7F81AC045
:10746000798D038A8C4594BFC3EB0C03C3EB0103F6
:10747000934201DA0020E2E704210C30FBF720F907
:1074800020610680236929465E80074B01940093A2
:1074900038460023A26812F03CFE0028EADB20698F
:1074A000003818BF0120CAE747A0020073B50E4696
:1074B000438D418B01328B4228BF0B469A420546D1
:1074C00009D9022100921948194A11F0F1FC00244F
:1074D000204602B070BD3046FFF7C6FD022810D02E
:1074E00004280ED0FFF768FE124BD3F8C830834251
:1074F0001AD0114B1B681A1A18BF4FF0FF321346EF
:1075000001E000230D4A00210D48FFF751FB04461E
:107510000028DDD0FFF774FE0121856004F10C0026
:10752000FBF7CEF80670D3E70022E8E7B4E70200E5
:10753000222D0300E0350020C03900201C4E0E0033
:10754000100E0020F0B51D4603680E4600390446B3
:1075500018BF012187B01868174613F006FB40B921
:1075600004F1580012F095FE002846D0002007B024
:10757000F0BD002D43D018220021684616F061FAB4
:107580006FB1002239462046FFF790FF019030B9D5
:107590001C4801211C4A12F081FC1120E7E72368F6
:1075A00029461B68284600930023ADF812300C9B37
:1075B000164A0393BDF834308DF80860ADF81030EA
:1075C00001238DF814306B4612F0A3FC9DF81430A3
:1075D00063B1002FCAD00198FAF730FF2A4631462E
:1075E00020469DF8143012F05FFEBFE70199002994
:1075F000BCD0204612F066FDB8E71220B7E70120A4
:10760000B5E700BFB4E70200472D0300A19E0200CA
:107610002DE9F34717680546894600685168144606
:10762000D7F804A011F056FF804600284BD19522D0
:107630002946504613F027FA0646207540B1E36804
:107640001B780BB184F81480002002B0BDE8F087ED
:107650002946504613F0C3FA10B908232375F3E7FF
:10766000A0682675FAF744FF02210C30FBF728F8D2
:10767000164B2061A0F800900093019433462946F0
:107680003846A26812F045FD002807DA10F1FF0F16
:1076900032BF0E204042C0B22075D5E72369002BCF
:1076A000D2D0A06812F0E2FB7B8D7A8B9A4294BF15
:1076B000C0EB0200C0EB0300E3681B78984294BF64
:1076C00000200120C1E70120BFE700BF7D9E02002E
:1076D000F7B50B8A04460D4607683BB90121284AD5
:1076E000284812F0DBFB002003B0F0BD012105F1BA
:1076F0000C00FAF7C7FF7B7B0646072BF3D154F843
:10770000043C002BEFD0002203781F48043C10F803
:10771000327000EBC2019F420FD12A8A48788F78DD
:10772000904220D90121009316481346174A11F0C0
:10773000BFFB012FD7D104231EE001320C2AE6D172
:1077400002211048124A11F0A9FB31780846FFF7D0
:107750008BFC0028C7D00528C5D006230022204670
:1077600012F0A2FDBFE74B68204629469847012F3B
:107770000346B8D10028B6D000223178EFE700BF29
:10778000602D0300B4E70200A8F00200952D03006D
:107790007B2D03002DE9F04F42F60103002591B047
:1077A000166880460F4600680BA9D6F80490144668
:1077B0008DF82C50ADF82E3011F08CFE002870D0D2
:1077C0004FF42053D8F800000BA98DF82C50ADF8D9
:1077D0002E3011F07FFE38B1A3681BB15A88BA422F
:1077E00000D25F8001200EE06168084612F03EFB87
:1077F000728D738B9A4294BFC0EB0200C0EB030002
:10780000032803D8002011B0BDE8F08F0846FAF72E
:107810006FFE0546606812F029FB728B738D05F1CF
:107820000C0B9A4294BFC0EB020AC0EB030A584605
:1078300011F0DEFD824537D2606812F017FB728DC1
:10784000738B9A4294BFC0EB0200C0EB030070B987
:107850006368987AFAF70AFC0022002311F0A2FD6F
:1078600005460028CED001466068FAF787FE00235F
:107870000093D8F8046010234146484602AAB04756
:10788000061E0EDB227CE068B2422BD001460BA81C
:1078900011F04EFE60B9237C144A0221144811F005
:1078A000FDFA0023A3609DE7584611F0A1FDCEE745
:1078B000F2B202A906A811F03BFE10B90D4A3346F8
:1078C000EBE706A90BA811F005FE0028E9D100237B
:1078D0000421637405F10C00FAF7F2FEA060078042
:1078E000A3687EE702A916F0B4F8EEE7B42D030012
:1078F000B4E70200D32D0300F8B5104A0746002371
:107900000F480D4611F04EFD044638B901212B46B3
:107910000C4A0D4811F0C2FA2046F8BD00F10C06E1
:1079200009213046FAF74EFE2046FFF769FC012197
:1079300087603046FAF7C4FE0570EDE71C4E0E0076
:10794000100E002087290300B4E702002DE9F04162
:107950000E8A0446043EF6B2022E08468CB001D0D0
:10796000102E64D104210C30FAF78CFE0DF10808BA
:1079700005884788011D3246404611F0D9FD002890
:1079800057D09DB3002687B3AF422FD34FF4205377
:10799000404601A98DF80460ADF8063011F09AFD5B
:1079A00040BB1422002107A816F04BF811212046F5
:1079B000FFF7A2FF0990002837D001210C30CDE954
:1079C0000748FAF77DFE00230A90394603701A4AE9
:1079D0000B93284607AB12F09CFA0A9B1B78FBB965
:1079E0000998FAF72BFD0A2301E03D4601232A46B8
:1079F00010210EE042F60103404607A98DF81C60F5
:107A0000ADF81E3011F066FD0028CAD010232A46BA
:107A10001946204612F048FC00200CB0BDE8F08169
:107A20002046099912F04EFBF6E71120F5E70420F5
:107A3000F3E70E20F1E700BFF57301002DE9F043F5
:107A4000036804460D4685B00121186813F08DF8CF
:107A500040B904F1580012F01CFCB0BB122005B074
:107A6000BDE8F08310220021684615F0EAFF2121CD
:107A70002046FFF741FF029048B34FF00108DFF8BE
:107A80005490009405F10C072B8A012B04D8204652
:107A9000029912F017FB18E0384611F09DFC6B4676
:107AA0004A46014606468DF80C8012F032FA9DF8DF
:107AB0000C30002BE8D00298FAF7C0FC32462021A7
:107AC00020469DF80C3012F0EFFB0020C7E7112094
:107AD000C5E700BF97A302002DE9F0430368044601
:107AE0000D4685B00121186813F03FF840B904F144
:107AF000580012F0CEFBB0BB122005B0BDE8F083F9
:107B000010220021684615F09CFF0F212046FFF748
:107B1000F3FE029048B34FF00108DFF85490009450
:107B200005F10C072B8A012B04D82046029912F08C
:107B3000C9FA18E0384611F04FFC6B464A46014638
:107B400006468DF80C8012F0E4F99DF80C30002BFD
:107B5000E8D00298FAF772FC32460E2120469DF8D2
:107B60000C3012F0A1FB0020C7E71120C5E700BFD1
:107B700037A30200F0B51D46036804460E4685B0E3
:107B800001211868174612F0F0FF38B904F15800C7
:107B900012F07FFB48BB122005B0F0BD65B3102288
:107BA0000021684615F04DFF39462046FFF7A4FE38
:107BB000029018B3BDF828302946ADF804300123EF
:107BC00028468DF80C300E4A6B46009412F0A1F94D
:107BD0009DF80C305BB10298FAF730FC2A4631462A
:107BE00020469DF80C3012F05FFB0020D4E72046C1
:107BF000029912F067FAF8E70120CDE71120CBE7F0
:107C000037A302002DE9F0410E8A0446043EF6B285
:107C1000022E08468CB001D0102E76D104210C30F3
:107C2000FAF730FD0DF1040805884788011D32463A
:107C3000404611F07DFC002869D085B377B3BD4282
:107C40002DD80121606812F090FF064678BB42F6FD
:107C500002038DF8000069464046ADF8023011F08D
:107C600039FC20B342F60303404606A98DF818609C
:107C7000ADF81A3011F02EFCC8B1012D03D14FF62A
:107C8000FF739F4213D004F1580012F002FB00284A
:107C900014BF002012200CB0BDE8F0813D46012346
:107CA0002A460821204612F0FFFA0020F3E71822A6
:107CB00000210DEB020015F0C4FE09212046FFF75C
:107CC0001BFE0890F8B101210C30CDE90648FAF707
:107CD000F7FC0023099003700A2339468DF82C30F5
:107CE000284606AB0B4A12F014F99DF82C302BB144
:107CF0000898FAF7A3FB9DF82C30D1E720460899A5
:107D000012F0E0F9D1E71120C5E70420C3E70E2007
:107D1000C1E700BF117601002DE9F0430F4604468C
:107D2000062187B007F10C00FAF7ACFC0588B0F823
:107D300002808288D7F80C90C5B10023B8F1000FFB
:107D400013D0454512D88DF800308DF804304FF42B
:107D50002053684601A9ADF80220ADF8063011F0B5
:107D6000B9FB064660B10A2301E0454601232A46D5
:107D70000621204612F098FA002007B0BDE8F083F3
:107D80000146142201A83F7C15F05BFE0721204626
:107D9000FFF7B2FD0290D8B10A2341468DF81530A5
:107DA000284601AB0B4ACDE9036901948DF81470A4
:107DB00012F0AFF89DF815302BB10298FAF73EFBA0
:107DC0009DF81530D3E72046029912F07BF9D3E7EE
:107DD0001120D2E7957701007FB5CB6804461D8856
:107DE0005E8885B176B1B5420DD810220021684673
:107DF00015F027FE05212046FFF77EFD019058B9BA
:107E0000112007E0354601232A460421204612F0BE
:107E10004BFA002004B070BD6B4631462846084A34
:107E2000009412F076F8029B23B90198FAF706FB4A
:107E30000A23E9E72046019912F044F9E9E700BF77
:107E4000299F02002DE9F04182B000AF0446884628
:107E50000022002339463A4808F084FB0546B0B1B9
:107E60006D4688B06A46374BC2E90534032342F8B1
:107E7000103F00234FF4C2513348F8F7D3F9AD4611
:107E80006FF00B0630460837BD46BDE8F081FFF7BE
:107E900093F93E682D4B2C2218602946301D15F0B1
:107EA000D0FD34603C6800220023C4E90155C4E9D8
:107EB0000A552748391D7D6008F054FB064688B1F5
:107EC00023686C4688B06A462249C2E90513032339
:107ED00042F8103F4FF4C4512B461B48F8F7A2F963
:107EE000A546CDE77B680146B822184615F0A9FDE6
:107EF000194A8260603013F035FF7B685833D3E84D
:107F0000EF2FC3E8E16F0029F9D17B681C60A36AF9
:107F10007D681BB904F10C0013F024FFA26A05F17F
:107F2000B003C5F8B020E26AA36202B9E362172287
:107F30007B685A855A830433C8F80030A2E700BF33
:107F4000E00B0020F22D0300B4E70200C03900204E
:107F5000000C0020172E0300540A002008B5437BB4
:107F6000072B06D002210C4A0C4811F097FF002085
:107F700008BD042111F066FF10B9094A0121F3E799
:107F800000F15403D3E8AF3FDB0701D4054AF5E71E
:107F900050F8040CECE700BF3C2E0300B4E70200ED
:107FA0004A2E03008F2C03002DE9F04F85B000AF5F
:107FB000B860EFF31188402383F31288BFF36F8F0B
:107FC0006F480BF021FB68B988236E4A6E496F48F1
:107FD00010F05EF96A496E4810F05AF98821694834
:107FE00010F04DF96B4D66480BF032FB284611F04E
:107FF00033FF044662482E680BF014FB68B94FF457
:108000009A73604A6449614810F042F95C496348D8
:1080100010F03EF94FF49A71E1E788F31188BFF34D
:108020006F8F002C5BD02046FFF7EAF80369002130
:10803000D0E902581822FB60D0F800A090F8049014
:10804000B0F806B015F0FDFCA07AFAF70FF86169F8
:10805000034659B1627AD00706D4DA6A204612681C
:108060007B60926890477B680022626121461846D7
:1080700013F090FEB9F1000F0DD065B12B6853B12C
:108080001B6843B1BAF1000F2DD001215346444A79
:10809000444810F003FF16B30020B96813F0EDFE5A
:1080A00000281CDA6C468AB06A463F4B53613F4B4E
:1080B000C2E906304FF4007313843D4B42F8103F81
:1080C00000234FF411513748F8F7ACF80023A546C8
:1080D00083F31188BFF36F8F0323184602DF143731
:1080E000BD46BDE8F08F4846FEF7BEFF0446281D9A
:1080F00012F0D0F9052C33D80123A34013F0140952
:10810000C9D113F0090F05F1580216D113F0220F4F
:1081100026D0D2E8AF3FDA0705D40121254A21480D
:1081200011F0BCFEB7E7EB6D002BB4D00023224A60
:1081300005F1800009F098FDADE72B681C68D2E8D6
:10814000AF3FDB07E9D5B8F1000FA4D01FFA89F3E0
:108150005B45A0D22046F968C04709F10109F5E75F
:108160004FF44673154A1649084810F091F8214615
:10817000144810F08DF84FF44671104830E700BFF6
:1081800074390020D4FF02000100030066FC0200E5
:10819000160003006C3900202C000300430003008C
:1081A000652E0300B4E702009D2E0300582F030044
:1081B000040000018F2C03001C4E0E00342C030021
:1081C000B24C0300842E0300F8B50F461646FFF7A5
:1081D000C5FEB0B1846A20461CB150F8B04904B164
:1081E000B03C731C194638B1428D458BAA4228BF5A
:1081F0002A469A4207D264B902210A4A0A4810F074
:108200004DFE0020F8BD32463946BDE8F840FFF784
:108210004DB9D4F8B05005B1B03D20460B462C46C0
:10822000E2E700BFB82E0300B4E70200002337B531
:10823000054601930C46FEF7BFFF0F4B1B688342B8
:1082400004D00E4BD3F8C830834201D100252C4610
:1082500001A92A4623460A4808F084F9014640B994
:10826000019B1C22184615F0ECFB0346184603B090
:1082700030BD0023FAE700BFC0390020E035002000
:10828000200C002010B50446806818B1FAF7D6F823
:108290000023A3602146BDE81040014808F0EEB974
:1082A000200C00202DE9F347044680300E46174687
:1082B0001D4609F0DFFCE06D58B918480221184A44
:1082C00011F0ECFD204600F0D9F8002002B0BDE826
:1082D000F087144B4FF00008984205D12068C4F88D
:1082E0005C8012F008F9F0E7D0F80490C0F8048040
:1082F000E06DD0F818A0FFF7C5FF2068C4F85C80D7
:1083000012F0F9F8B9F1000FDFD02068CDF800A025
:108310003B46324629460068C847D6E7B4E7020024
:10832000D32E0300C439002070B5054650F8043C34
:10833000044655F80469002B3AD039B1836D002BFF
:1083400036D01B7CDA0733D505231BE0304601F01D
:1083500063FE737A012B2BD0A46D4CB3237CDB0717
:1083600026D5E368002BEFD028466269617CFFF7D1
:108370009DF8064668B9637C01210E4A0E4810F04C
:108380008DFD0E2300222846BDE870401146FFF700
:1083900089BFE368D4E90512984718B13046FAF767
:1083A0004DF8EEE731462846FEF750FF0028F5D19C
:1083B00070BD00BFEA2E0300B4E70200F7B550F825
:1083C000044C0546002C55D000F1AC0104F1280006
:1083D00011F046FF2E1F05F15C07002200233846EE
:1083E00008F0B6FC024658BBAB6D2BB101466FF0EE
:1083F00067033046FFF756FF002345F8043C05F1BC
:108400005403D3E8EF1F21F00101C3E8E21F002A63
:10841000F7D1A36A73BB04F10C0600220023304697
:1084200008F096FC78B9666886B92146124826603D
:1084300008F024F9286803B0BDE8F04001F004BE5C
:10844000F9F7FCFFC9E7F9F7F9FFE6E7A268336837
:108450009642636008BFA36077683FB1B3696FF06D
:1084600067010093002320681A46B8473046FFF79B
:1084700009FFD8E703B0F0BDE00B002030B505469A
:10848000044655F8043B89B0186811F0BFFB6946F3
:10849000FEF774FF2846FFF791FF13216068FDF790
:1084A000F5FD034620B10121024A034810F0F6FC15
:1084B00009B030BD0A2F0300B4E70200B0B588B0A0
:1084C000044654F8803D00AF186811F09FFB394610
:1084D000FEF754FF6D4688B06A460B4BC2E905377C
:1084E0004FF400739383094B42F8103F00234FF47D
:1084F000E2510748F7F796FE2046AD46FFF7BEFF6C
:108500002037BD46B0BD00BF282F03000300000187
:10851000B4E7020070B50E4658B9214940F6CE7353
:10852000204A21480FF0B4FE40F6CE711D480FF0EE
:10853000A6FE49B91D4940F6CF731A4A1A480FF0F2
:10854000A7FE40F6CF71F1E7FFF708FD044628B912
:108550003046F9F773FF6FF07F0070BD00F10C0536
:108560002846314613F00BFCA06A38B150F8B049E8
:1085700004B1B03C294611F0B3FD20B90020ECE76E
:108580001C466FF00100002CF8D0D4F8B03023B9AD
:108590000230F5D020461C46ECE7B03BF8E700BFC0
:1085A00050270300342C030066FC0200171603005A
:1085B00038B50C46054658B9184940F6E373184AD1
:1085C00018480FF065FE40F6E37115480FF057FEAE
:1085D00049B9154940F6E473114A12480FF058FEA4
:1085E00040F6E471F1E70AF079FA2846FFF7B6FCA5
:1085F00020B90AF0E5FA6FF07F0038BD0023236050
:1086000083683BB9C0E9014411F075FF0AF0D8FA5C
:108610000020F2E71C608460F6E700BF50270300EB
:10862000342C030066FC0200542F030008B513F03D
:1086300075FF38B1034601210348044A11F0FCFFDD
:108640006FF0040008BD00BFE4E702007B2F0300C9
:1086500010B51846144607491022A047041E07DA31
:1086600023460121044A054811F0E6FF204610BDCB
:108670000024FBE718250020912F0300E4E7020007
:1086800070B50D4C064623780D46834204D128462A
:10869000611C12F026F858B9237CB3420AD128464F
:1086A000064912F01EF810B1012004EB001070BD55
:1086B0000020FAE70020FAE7F8390020093A002004
:1086C00070B50D4C064623780D46834204D12846EA
:1086D000611C12F006F858B9237BB3420AD1284630
:1086E000064911F0FEFF0028054808BF002070BDB4
:1086F0002046FCE70020FAE7C0240020CD2400201B
:10870000CC24002070B50D4C054623780E468342DC
:1087100003D1601C11F0E5FF60B9237BAB420BD1A4
:108720003146074811F0DDFF18B101200C2303FB8F
:10873000004070BD0020F9E70020FAE7B2430020B6
:10874000BF43002070B5204B144682689A420FD177
:10875000A568C66875B922793046216811F0C9FF4D
:10876000024628B11949013011F0E8FF1570158152
:10877000012070BDE0680028FBD02B888B420AD016
:10878000F6D2E068A36801380433E060003818BF0F
:108790000120A360EDE7256822792946304611F0D3
:1087A000A8FF024660B93046084911F0A2FF024610
:1087B0000028E6D02946013011F0C0FF237913705C
:1087C000A3685B881381DCE7518D01009A100300D8
:1087D000102110B50648FAF789F9034630B1BDE813
:1087E00010400121034A044811F026BF10BD00BF0C
:1087F00008250020B22F0300E4E7020070B506460A
:10880000134D40B12A4615F8011C6C1E11F0DEF91B
:1088100098B120460CE028460E4911F062FF40B99D
:108820000C4905F1100011F05CFF20B105F10F00BB
:1088300070BD681EFCE70020FAE73046217C04F199
:10884000110211F0C3F90028F5D004F11000EFE790
:10885000F93900209A10030010B54A1C0C4638B1B3
:10886000097811F0B3F908B1204610BD0020FCE7EB
:108870001046024911F035FFF5E700BF9A100300DA
:108880002DE9F04106460F46904610F052FF39465A
:1088900004463046FFF714FF0546B4B3A8B91C4898
:1088A00011F053FF1B4A0446F0B102F1140011F01D
:1088B0004CFFD8B9012402F10C050C235C43601C69
:1088C0003946104411F03AFF1655012105F1080010
:1088D00001FA08F111F01CFFBDE8F04147F6122241
:1088E00000230D4809F0C0B91546E6E70B4940F2F0
:1088F000C6530B4A0B480FF0CBFC0B480FF0C8FCDB
:1089000040F2C65106480FF0BAFCBDE8F08100BF46
:10891000C8240020C0240020D824002008300300F0
:10892000D82F030066FC02001A30030002460146FD
:1089300010B5042311F8010B0832FAF7A5F8034625
:1089400030B1BDE810400121024A034811F074BE65
:1089500010BD00BF39300300E4E702002DE9F0410B
:1089600080460F4616461D46FFF7CCFE044680B9EA
:108970001549FFF7C7FE044630B9BDE8F0410121B3
:10898000124A134811F0E4BE394600F8018B11F089
:10899000D5FE228963896AB973B92681658121462A
:1089A00011F8010B10F0C5FE40B12046BDE8F041C2
:1089B000FFF7BCBF964203D39D42EFD8BDE8F081DC
:1089C0009D422681EBD9E9E79A1003005530030058
:1089D000E4E7020008B50121024A034811F0B8FE9D
:1089E000002008BD74300300E4E7020038B51446E7
:1089F0000E4B82680D469A4215D122792168C068D3
:108A000011F077FE78B1D4F8C8302F2B03D9BDE828
:108A10003840FFF7DFBF04EB830215810189013382
:108A20005181C4F8C830012038BD00BF518D01000C
:108A300008B50121034A044811F08AFE6FF01500C1
:108A400008BD00BFC8300300E4E702001FB51946A7
:108A50004FF428131046064ACDE902230823BDF837
:108A6000182000936B4411F08DFE05B05DF804FBF7
:108A70001800280038B51546084B82689A420AD17A
:108A8000C46829680134204611F02BFE18B1204635
:108A9000696811F053FE012038BD00BF518D0100FF
:108AA00008B513468168074A914209D11A791968B5
:108AB000C06811F01EFE18B10023036043600381FB
:108AC000012008BD518D010040F2391200230148F8
:108AD00009F0CAB8A025002008B50421084811F003
:108AE00017FE6FF00201064811F01DFE044811F058
:108AF0002CFEC30701D5FFF7E7FF002008BD00BF2C
:108B0000D0250020024608B50749013011F016FEB5
:108B100000230C3202F8043CD2E8EF1FC2E8E03F29
:108B20000028F9D108BD00BF9A10030010B5FFF767
:108B3000E9FD044678B1014611F8010BF9F7B2FFDF
:108B4000034620B10121054A054811F075FD0023B7
:108B500023606360A360002010BD00BFD430030019
:108B6000E4E7020070B500F1700605463146007A70
:108B700010F0DFFD04463146287A54B1FFF7D6FFE6
:108B8000034660B1BDE870400121054A054811F077
:108B900053BDFFF7B7FD10B104604460846070BD41
:108BA000F1300300E4E702002DE9F04385B00E4602
:108BB00090469946044600AF58B90121344A3548D9
:108BC00011F0C6FD6FF0150528461437BD46BDE807
:108BD000F08307F1080110F057FC054698B16D4687
:108BE00088B06A462C4BC2E905344FF40073938376
:108BF0002A4B42F8103F00234FF4E2512548F7F783
:108C000011FBAD46DEE72046391D10F022FA7868E8
:108C100058B10A2229460EF0FFFD034628B1012172
:108C20001F4A1C4811F008FDCCE7002007F108019D
:108C3000FFF768FD044620BB002EC5D01949FFF799
:108C400061FD044638B90121174A124811F080FD30
:108C50006FF00B05B8E7002307F1080100F8013BAE
:108C600011F06CFD04F1080104224846C047041EBF
:108C7000AADA234601210D4A064811F0DDFC2546FB
:108C8000A2E7002EEED10660466086609CE700BF3A
:108C9000C5100300E4E702000731030003000001F0
:108CA000233103009A1003003E310300912F03008B
:108CB0002DE9F041234B1546826807469A4202D1BE
:108CC000C468638933BB0120BDE8F081FCF7C8FFAD
:108CD0000021E3686181002BF5D038469847F2E720
:108CE00005F170084146287A10F023FD68B9164B4B
:108CF0009C4202D12846FFF735FF3046134911F058
:108D00001DFD002323702381E2E74146304611F028
:108D100015FDDDE72389002BDAD0264616F8011B66
:108D20002846324610F052FF0028D9D1314620782B
:108D3000FDF754FD0028CBD0437B072BC6D1FCF7B1
:108D40008FFFC0E7518D0100B40A00209A10030084
:108D50002DE9F0471F46BDF8203006468846D1F879
:108D60000C90002B4ED17B1E012B4ED8012F494673
:108D7000157818BF1588FFF76FFD0446B8B915B907
:108D80003846BDE8F0874946FFF766FD044638B926
:108D90001F4802211F4A11F0DBFC6FF01000F0E7C2
:108DA00006F17001013011F0C9FC337A2370D9F853
:108DB0001030DBB9B4F808A02581B9F80A30AB420D
:108DC00003D04946404611F0C5FCAA4505D0002213
:108DD000307A06F17001FFF753FD002DD0D10E4916
:108DE000601C11F0ABFC25702581C9E72A4641467D
:108DF000304698470028C4DB01380128DAD96FF0E3
:108E00000D00BEE76FF00600BBE76FF00C00B8E79F
:108E1000E4E70200603103009A10030008B5012165
:108E2000114811F075FC10F0010F104B0AD1104AD7
:108E30009A610D4811F089FC830713D4BDE80840FE
:108E4000FFF742BE1A8B588B012A4FF6FF7205D8E6
:108E5000904207D04FF6FF725A83EAE79042198397
:108E6000E7D0F7E708BD00BFD0250020802500200F
:108E70000100FFFF2DE9F0411F46BDF818300646FE
:108E8000012B904635D83B44012B3D4634DCFFF79F
:108E9000B5FC044668B9FFF7B1FC044648B90221A5
:108EA000184A194811F054FC6FF010052846BDE827
:108EB000F08197B10023217A98F8002021FA03F07D
:108EC000C70703D522FA03F0C00718D50133032BD7
:108ED000F4D102F007021143217206F17001601C07
:108EE00011F02CFC337A01212046237011F0F6FC9E
:108EF000DCE76FF00605D9E76FF00C05D6E76FF0F9
:108F00001205D3E77A310300E4E7020010B56FF0F1
:108F1000020104460E4811F006FC0D4811F015FC44
:108F2000C20704D5002200230A4808F09DFE20460F
:108F300011F034FB58B12046FFF760FC38B1037ADA
:108F4000DB0704D5BDE81040012111F0C7BC10BDFE
:108F5000D0250020A02500202DE9F04385B08946CA
:108F600016469846044600AF58B90121414A424886
:108F700011F0EEFB6FF0150528461437BD46BDE82D
:108F8000F08307F1080110F07FFA054698B16D46AD
:108F900088B06A46394BC2E905344FF400739383B5
:108FA000374B42F8103F00234FF4E2513248F7F7B5
:108FB00039F9AD46DEE72046391D10F04AF87868E9
:108FC00058B10A2229460EF027FC034628B1012198
:108FD0002C4A294811F030FBCCE7002007F10801AA
:108FE000FFF74EFB044690B9FFF708FC044638B97A
:108FF0000121254A204811F0ABFB6FF00B05BBE7C0
:10900000002307F1080100F8013B11F097FBB9F1CB
:10901000000F2AD0022239464046B047061E07DA22
:1090200033460121194A144811F006FB3546A3E7DF
:109030003B78022E237209D00221154A0E4811F006
:1090400087FB0021204611F049FC95E77B78012B36
:1090500005D931460F4A084811F0EEFAF1E72046EB
:1090600003F0010111F02AFC86E72046FFF74AFDD4
:1090700082E700BFC5100300E4E7020007310300E8
:109080000300000123310300A6310300912F0300E8
:10909000C83103001C32030037B504460D46FFF704
:1090A000EFFA0246C0B1037A0C308DF8043011F0AB
:1090B0004CFB022300F001008DF8050001AA2946AF
:1090C0002046F9F7F7FC034620B10121034A044882
:1090D00011F0B2FA03B030BD0346F0E76D32030081
:1090E000E4E7020010B5104C1049204611F0F9FADF
:1090F000014638B9601E11F0E1FB214614F8010C5D
:10910000FFF7CAFF09490A4811F0EBFA014650B9C6
:10911000084811F0D3FBBDE81040074B187C03F161
:109120001101FFF7B9BF10BDF93900209A100300F3
:10913000093A0020083A0020F8390020012110B532
:10914000234811F0E5FAC30740D40221204811F06A
:10915000DFFA08401FD11F491F4A0B881F4CA2424B
:1091600016D900B10B801E4940F207631D4A1E4804
:109170000FF08EF81D480FF08BF840F20761194888
:109180000FF07DF85068083203449BB20120E6E7F7
:10919000F8D300B10B801649164808F02DFC40F2B8
:1091A000391200231348F9F725FD1349134808F035
:1091B00023FC0221124811F0ABFA1248124908F0C0
:1091C0001BFCBDE810401148FDF75EBC10BD00BFA0
:1091D000183A0020CA43002094E70200ACE70200DE
:1091E0009D320300D82F030066FC020075030300C4
:1091F000D7A90200282500203D9B0100A0250020C2
:10920000D0250020D824002067AA02008C0A002064
:1092100003462DE9F04198B3008A88BB01244FF042
:10922000140C1949DFF864E0714528D9184940F257
:109230008373184A18480FF02BF818480FF028F8D5
:1092400040F2837113480FF01AF8D1E90076BB425F
:1092500004D30CFB0672143A93420ED93444A2B2E2
:1092600014460831E0E70CFB057843450AD0013588
:109270006219B54292B2F6D1F2E70025F8E7E4D3DD
:10928000BDE8F0811046FBE794E70200ACE702007E
:1092900096320300D82F030066FC0200750303001A
:1092A0002DE9F74F99464FF6FF73BDF8305007464A
:1092B000002D08BF1D462B4B90461B880091834212
:1092C00032D203B0BDE8F08F40468958019310F0C8
:1092D00001F9019B90B101340AF1010AA4B273684B
:1092E00053452CD9009B31689C42EAD8BC42F2D34A
:1092F0000BFB0AF28B18B8F1000FE5D1B9F1000FA2
:109300000BD1013D1846ADB221460E9A0D9B9847F0
:10931000002DD6D00028DED1D3E7DA689145DAD126
:10932000EFE74FF0000ADAE701244FF0140B0E4E7E
:1093300006E0C6D273682344BB42F2D29CB2083620
:109340000A4B9E42F5D90A4940F64B03094A0A489E
:109350000EF09EFF09480EF09BFF40F64B010548BA
:109360000EF08DFFCA43002094E70200ACE7020034
:1093700096320300D82F030066FC02007503030039
:10938000002110B5ADF5227D182205A8CDE9001108
:10939000CDE9021114F055FB4FF41053ADF8103025
:1093A00080231022ADF812304FF48063234C6946BD
:1093B000CDE906340DEB0200A0AB0BF0D3FB034666
:1093C00038B11F4A01211F4811F036F90DF5227DF1
:1093D00010BD01464FF415720BA814F032FB224663
:1093E000A0990BA813F097F8034608B1164AE9E7CD
:1093F0004FF6FF710120154A0BAB11F0E1FA102274
:10940000134904AB0BA813F09DF80446A0980BF089
:1094100059FB14B123460F4AD4E721460C4B03F104
:109420001002187812F8014D0131082903F8014B98
:109430001070F6D1084811F06BF9C7E70002C003BD
:10944000C5320300E4E70200EE3203003DA602004D
:10945000082500200C330300D02500202DE9F04121
:1094600018490446A1F1300015461E46BDF8187093
:1094700008F05CFC144811F068F9010705D4FFF707
:109480007FFFFFF72FFEFFF7A3F92046FFF7B6F99E
:1094900068B1037ADA070AD500F10C04204611F00E
:1094A00054F9C30703D40221204611F031F91023E7
:1094B0003A46069331462846BDE8F041034B11F089
:1094C00061B900BF58250020D025002008250020C4
:1094D00010B51A4811F039F9C0F3C00080F001044A
:1094E00008B9FFF74DFF154811F02FF9034613484F
:1094F00011F02BF9DA061FD5830606D5E4B1FFF784
:10950000F1FDBDE81040FFF763B920210B4811F0D1
:10951000FFF810220A49881814F09BFA48B9094844
:1095200008F0A8FBBDE810406FF00101034811F0FE
:10953000FAB8FFF773FCE2E710BD00BFD0250020AA
:1095400008250020A025002008B51021034811F0AF
:10955000DFF8FFF7BDFF002008BD00BFD0250020C9
:109560002DE9F04FB9B000AF0C46904637493A4666
:10957000D7F8080199460FF048FD38B9FFF758FAB7
:1095800005462846E437BD46BDE8F08F3E68391DE4
:1095900030460FF05EFD3EB901212D4A2D4811F0F5
:1095A000D7F86FF015043EE07868F8B94FF0000B7B
:1095B00007F1080A5146304687F814B00FF064FFEF
:1095C000054600B36C4688B06A46234BC2E90536AF
:1095D0004FF400739383214B42F8103F4FF4E25154
:1095E0005B461C48F6F71EFEA546DAE70A22002174
:1095F0000EF012F903460028D8D00121184A154868
:1096000011F01AF8CDE7C7F810A0E4B1C02248461F
:1096100007F12001C047041E07DA23460121114A41
:109620000C4811F009F82546ABE7A40807F1200320
:10963000C7E906344FF6FF7101200B4A07F110030A
:1096400011F0BEF99DE72346F2E700BF2233030085
:10965000C5100300E4E70200073103000300000126
:1096600023310300912F030045870100002330B50B
:10967000B5B001918DF808003393044601AB0D4657
:1096800001204FF6FF710B4A11F09AF9339B73B129
:109690009B0003AA29462046F9F71AFA034620B18F
:1096A0000121054A054810F0C7FF35B030BD1A4604
:1096B000F0E700BFED89010029330300E4E7020071
:1096C0002DE9F34100F17008CDE9001204460F4680
:1096D000007A4146164610F02CF805466B464FF6C8
:1096E000FF7101200C4A11F06BF91DB14146207A3F
:1096F000FFF7BCFF3946207AFEF7C2FF40B1314682
:10970000013011F01BF81DB14146207AFFF7C4FC6F
:1097100002B0BDE8F08100BF758A0100002307B5E3
:109720000193FFF775FD411C89B20846034A01AB5E
:1097300011F046F9019803B05DF804FBF9A50200A9
:109740002DE9F04387B00C461646804602AF70B94B
:10975000734940F6AA53734A73480EF099FD734853
:109760000EF096FD40F6AA516E480EF088FD61B9E4
:109770006F4940F6AB536B4A6B480EF089FD6B485E
:109780000EF086FD40F6AB51EEE7437B072B40F031
:10979000C28000233B7342F603032068FB8107F17C
:1097A0000C010FF097FE0546002843D1D4F8049031
:1097B000B9F1000F05D101215E4A5F4810F0C8FFE2
:1097C000A9E001232146009007F10802C847031EC3
:1097D00011DA6E4688B002AAD36104235749C2E960
:1097E000051442F8103F4FF401512B465248F6F74A
:1097F00019FDB5468FE0012B05D00121504A4E4896
:1098000010F01AFF87E03B7A13F0300F00F08380EE
:109810002046FFF783FF044660B9454940F6C95327
:10982000404A41480EF034FD46480EF031FD40F606
:10983000C95199E7002320683B7342F6021307F1F0
:109840000C01FB810FF046FE88B12046FFF766FF52
:10985000044660B9364940F6CF53324A32480EF0DA
:1098600017FD38480EF014FD40F6CF517CE7002577
:1098700042F60219206839463D70A7F802900FF0B1
:1098800029FE10BB002320683B7342F6021307F148
:109890000C01FB810FF01EFE054600283BD1D4F8D9
:1098A0000490B9F1000F86D0022300902146404673
:1098B00007F10C02C847031E8BDB022B9DD1BB892D
:1098C0001E4214BF0120002026E042F60303206858
:1098D000391D3D71FB800FF0FDFD0028D2D04FF403
:1098E0002053206807F108013D727B810FF0F2FDE3
:1098F0000028C7D042F60103206807F10C013D7330
:10990000FB810FF0E7FD0028BCD02046FFF706FFE3
:1099100004460028AED100201437BD46BDE8F083D0
:1099200050270300D82F030066FC020047330300D2
:109930005C33030061330300E4E702007533030086
:109940009B330300B43303002DE9F84315468946E1
:1099500094226968064611F096F88046002841D1A5
:10996000022230466968FFF7EBFE00283DD0002157
:109970001F48AF8AFEF75AFC0237044680B11D210A
:109980001C4B47613A464174C0F80C8043608561C6
:109990003046FEF719FC074638B92046FEF772FC40
:1099A0006FF00B052846BDE8F88301234246414687
:1099B00010F016FEA98A07F10C000231F8F780FEBC
:1099C00020F8029BAA8A296914F014F8214630462F
:1099D000A760FEF7EDFD05460028E3D02046FEF720
:1099E00051FCDFE74FF0FF35DCE76FF01505D9E7F5
:1099F0001C4E0E00FFA5020030B505460C468BB08C
:109A000071B9464940F64F43454A46480EF040FC7E
:109A100045480EF03DFC40F64F4141480EF02FFC0A
:109A20004B6873B90B6863B940494FF445633C4ACE
:109A30003C480EF02DFC3C480EF02AFC4FF44561EA
:109A4000EBE73B4810F081FE420761D515B16B7B17
:109A5000072B60D160680590FFF7DAFB2268ADF84C
:109A600018003AB305A9029132490023019101215E
:109A700000914FF6FF710593FFF712FC059B1BB990
:109A80006FF001000BB030BD6360059B04A918683E
:109A900000238DF8103042F60303ADF812300FF0BA
:109AA00019FD70B90598C3689B799B0605D46FF0C2
:109AB0001500E7E70028E8D1E2E710F03AFFADF83B
:109AC0001800BDF818003DB1012301462246284682
:109AD000A375FFF739FFD5E76FF07F0307930223E4
:109AE000ADF8203042F60213ADF8123005ABA57583
:109AF0000293114B4FF6FF710193012304AA0093C7
:109B00002B4609948DF81050FFF7CAFB0798B9E768
:109B10006FF00A00B6E76FF07F00B3E7CA330300C7
:109B2000D82F030066FC0200D1330300E7330300A3
:109B3000740600202DA60200319E0100F7B500F149
:109B400030050446A0F12007284610F0FEFD8307EB
:109B5000C0F340060ED5194940F25653184A194829
:109B60000EF096FB18480EF093FB40F25651144845
:109B70000EF085FB54F8083C6FF001012846019374
:109B800010F0D1FD114B394644F81C3C104B3046C7
:109B900044F8183C01AB44F8103C042324F8086C4A
:109BA00024F8066C24F80C3CFFF726FF18B90221B4
:109BB000284610F0ADFD03B0F0BD00BF0434030033
:109BC000D82F030066FC02003534030044F1020084
:109BD0000D8F01002DE9F843904614683C4B8268D4
:109BE00005469A4200AF20D1C6683389721CE3B1A2
:109BF000204631780FF0EAFFB8B14FF4957229464C
:109C0000204610F040FF30B3032812D16C4688B0D4
:109C10006A46304BC2E9053542F8100F00234FF475
:109C2000C4512D48F6F7FEFAA5460120BD46BDE811
:109C3000F883052820460CBF4FF003094FF00209B6
:109C40000FF0BEFF814506D998F804304B45ECD2A1
:109C500088F80490E9E73146284610F07BFD1F4B59
:109C60009E42E2D1207A04F17001FEF74BFD0546D9
:109C70000028DAD0038913B94389002BD5D02046B8
:109C8000FCF77CF92B89164A698922F8203002EB0F
:109C90008003598018231349134D03FB001300B2AE
:109CA00002EB80021A61042200EB40005D600F4D60
:109CB00001EBC00120469D609A82FFF79DFE0028BF
:109CC000B3D001210A4A044810F042FDADE700BFBD
:109CD000518D010050340300E4E70200B40A002073
:109CE000AE430020E039002044F10200F9A8020050
:109CF0006434030030B505460C468BB071B9444955
:109D000040F66E33434A44480EF0C2FA43480EF020
:109D1000BFFA40F66E313F480EF0B1FA4B6873B9A6
:109D20000B6863B93E4940F66F333A4A3A480EF041
:109D3000AFFA3A480EF0ACFA40F66F31EBE739482B
:109D400010F003FD42075DD515B16B7B072B5CD18D
:109D500060680590FFF75CFA2268ADF818003AB326
:109D600005A90291304900230191012100914FF68C
:109D7000FF710593FFF794FA059B1BB96FF0010083
:109D80000BB030BD6360059B04A9186800238DF8F3
:109D9000103042F60303ADF812300FF09BFB70B9A0
:109DA0000598C3689B79DB0605D46FF01500E7E7DB
:109DB0000028E8D1E2E710F0BCFDADF81800BDF8CE
:109DC00018002DB101462246284610F097FED7E72D
:109DD0006FF07F0342F6021207930123ADF81220C1
:109DE00005AA0292114AADF82030CDE900324FF6B3
:109DF000FF712B4604AA09948DF81050FFF750FA12
:109E00000798BDE76FF00A00BAE76FF07F00B7E789
:109E1000CA330300D82F030066FC0200D1330300CD
:109E2000E7330300740600202DA60200319E0100D6
:109E30002DE9F8431446404B826807469A4203D006
:109E400001273846BDE8F883C6683C4B9E4210D0D7
:109E50003289A389711C9A42F2D13078FCF7BEFC9A
:109E600005460028ECD0437B072B26D0FBF7F8FEF5
:109E7000E6E74FF00008324DDFF8C8904946284623
:109E800010F02FFC78B90722294615F8010CFCF7D1
:109E9000F7FC78B9236929461A6915F8010C53882B
:109EA0001288FEF75BFD0C35B8F1000FD0D14FF0F2
:109EB0000108E3E7FBF7D4FEF5E7736923B1394600
:109EC000984708B92846D1E739469422284610F029
:109ED000DAFD07460028F5D1A389022B14D1338976
:109EE00013F0020604D12846FBF7BAFEA660A7E7E6
:109EF00028462269A188FFF727FD0646A8B92269EE
:109F0000937D01339375EEE7012B04D02846FBF7D0
:109F1000A7FEA76094E7338913F00106E3D0284633
:109F20002269A18810F0EAFD06462846FBF798FE54
:109F3000002EA66085DB83E7518D0100B40A002066
:109F4000B34300209A100300012370B500F170059F
:109F50008EB0044603902946007A8DF810300FF039
:109F6000E8FB90B1227A52B302AE042130460EF0E3
:109F7000A1FA00962421134A05A82B46F8F7D4FC31
:109F800005AA10461049F6F737FD4FF6FF7101207C
:109F90000E4A03AB10F014FD20460FF011FE9DF8A1
:109FA0001010884209D220460FF0D9FD034620B197
:109FB0000221074A074810F03FFB0EB070BD009227
:109FC000D8E700BF2533030061950100D59B010050
:109FD00081340300E4E70200F8B50E4B05461B6828
:109FE0000E461746A3B11C6804B1043C53F8043C68
:109FF0001BB13A463146284698474CB1234664681F
:10A000001B681CB1043C002BF3D1F7E7002BF0D107
:10A01000F8BD00BF1C3A002013B504460090012093
:10A020004FF6FF716B46074A8DF8040010F0C8FC2C
:10A030000021204610F099FD08B9FEF7EFFE02B0AE
:10A0400010BD00BFD59B010073B5044603464FF613
:10A05000FF710120184A04F1700610F0B1FC31467E
:10A06000207A10F0CAFC3146207A0FF062FB50B122
:10A07000237A4FF6FF718DF8043001206B460F4AAA
:10A08000009610F09DFC2046FEF7B8FB054688B10F
:10A090003146207A0FF04DFB28B9284602B0BDE8C2
:10A0A0007040FEF72FBD3146681C02B0BDE870401D
:10A0B00010F044BB02B070BDB18C0100A18A010058
:10A0C00008B5054B0146184610F091FD043B0028E9
:10A0D00014BF1846002008BDDC250020084B00F501
:10A0E000B8701A68074BD0E8EF1F994204D1C0E856
:10A0F000EC2FBCF1000FF6D1D0E8AF0F704700BFD6
:10A1000014390020D825002008B5FFF7E7FF0346E3
:10A11000C8B1D0E9001221B9002A0CBF03200220E7
:10A1200010E032B1836813B9094B1B7833B90420AE
:10A1300008E00749087828B19B6833B9003A18BF8E
:10A140000122500008BD0320FCE70120FAE700BF10
:10A150002445002008B50121024A034810F045FDBE
:10A16000002008BDC934030034E802000221024A7D
:10A17000024810F03ABD00BFE434030034E80200A6
:10A18000002370B51A460446EC300D46FCF748FD36
:10A1900058B1693004D10121084A094810F025FD61
:10A1A0002846BDE87040F8F749B904F5A0700023CF
:10A1B000BDE87040034A07F057BD00BFE22C030022
:10A1C00034E802001C4E0E0038B50446051D082177
:10A1D000284610F061FD084904F15700FBF74EFADC
:10A1E00048B10821284610F03DFD04480121044AE9
:10A1F00010F0FBFC082038BD47AF020034E8020035
:10A20000FD34030038B50546EC22002113F019FC9B
:10A21000102105F1270004F09FFA044648B90521F2
:10A22000284610F039FDFBF71BFA034B1860204657
:10A2300038BD0824FBE700BF243A002070B5051D97
:10A240000E462846042110F0D2FC68B100220021FD
:10A2500000230846FCF7ACFC044638B90421284624
:10A2600010F01AFD204670BD034AF0E701210C30C2
:10A27000F8F726FA0670F5E71C4E0E0070B5044696
:10A280000E4686B0FFF72AFF04F137021146F36845
:10A29000054603F1100053F8046B834241F8046B48
:10A2A000F9D1237A052B00F29580DFE803F017231C
:10A2B0002303936A02AB4B490093096804F1270317
:10A2C00004F1570001F08EFD58BB0A21201D10F04B
:10A2D000E3FCAB680299D4F8EC00984720460D21C6
:10A2E00010F0DAFC201D102110F0D6FC204610F0F2
:10A2F000E3FC20E094F8DC10D4F8D83002ADCB4079
:10A30000384903F001030095096843F0800304F124
:10A31000570010F0A0FE30B10121334A334810F04D
:10A3200064FC082007E01022294604F1170013F00E
:10A3300090FB10B1042006B070BD0321204610F040
:10A34000ABFC10F0B9FC0028F5D194F8DC300133F7
:10A35000DBB2142B84F8DC3009D10D21204610F03B
:10A360009BFC1021201D10F097FC0020E3E710213A
:10A3700004F1270004F0F0F9003818BF0120C000F4
:10A38000D9E7102104F1270004F0E6F90028C8D12C
:10A3900035B3EB6823B3164BE27A1B88D207ADF8CE
:10A3A0000830A37C03F0010312D4002B14BF012357
:10A3B00003238DF809300023201DC4E938330C2114
:10A3C00010F06AFCEB68D4F8EC0002A99847CCE7DF
:10A3D0005B00EEE70121074A044810F04EFCA0E7BD
:10A3E0000220A8E7243A00201635030034E80200D2
:10A3F00018ED02002F3503002DE9F047044690B018
:10A400000CAD10220021284613F01BFB237A052BEC
:10A4100034D8DFE803F0060303063323D4F8D8303A
:10A420000C93D4F8EC3004F1470204F1C707CDE9EE
:10A43000017204F1370803F17E0204F1270900924A
:10A4400041464A46773304F1970001F063FCF0B1CE
:10A45000454A0121454810F0C8FB14E0D4F8E43027
:10A46000002BDED02E4603F11007324618685968DB
:10A47000083303C2BB421646F7D1D2E701213C4A5A
:10A480003A4810F0FAFB082010B0BDE8F087D4F885
:10A49000EC3008AE03F177027E33019304F111032F
:10A4A0000292009342462B4649463846039610F0E6
:10A4B000F7FD08B12F4ACCE7237A052B0ED1D4F84B
:10A4C000E01011B30B46AC4601F1100E624618685D
:10A4D0005968083303C273459446F7D1D4F8EC3079
:10A4E0000DF1100A03F17E027733019304F10A03A0
:10A4F000029200934A462B4641463846CDF80CA0BE
:10A5000010F0CEFD30B11C4AA3E71022284613F00C
:10A5100098FAE3E71022514604F1B70013F099FAD4
:10A52000F8B90D212046FFF789FE07460028AAD07A
:10A5300010210C30F8F7C4F832460346164603CE15
:10A54000AE4218605960324603F10803F6D139462D
:10A550002046FFF715FE201D012110F09DFB002075
:10A5600092E70B2090E700BF4B35030034E8020070
:10A570002F350300603503008335030073B5047A7B
:10A580000546022C23D844B190F8DC30D0F8D840EE
:10A59000DC4004F0010444F0800403212846FFF766
:10A5A0004DFE0646D8B110210C30F8F789F800901E
:10A5B00012482346006805F1270205F1570110F003
:10A5C0004AFD044680B13046F7F738FF07E0032C18
:10A5D00008D0234601210A4A0A4810F04EFB082001
:10A5E00002B070BD0024D8E731462846FFF7C8FD09
:10A5F000281D214610F036FB2046F1E7243A0020C2
:10A600002F35030034E8020070B5061DCD680446FE
:10A610000B21304610F026FB2B4604F1170205F102
:10A62000100153F8040B8B4242F8040BF9D1237A42
:10A63000012B09D0022B13D12046042110F02CFB52
:10A64000BDE87040FFF79ABF0A21304610F0CFFAFC
:10A650000028F1D03046002110F01EFB002070BD14
:10A6600003480121034A10F008FB0820F7E700BF68
:10A6700034E802002F350300F7B50446FFF72EFD3E
:10A68000251D06460E21284610F0B1FA70B94E4B32
:10A690002022196804F1570013F0DBF930B90221C8
:10A6A0004A4A4B4810F0A1FA082033E00C2120461A
:10A6B000FFF7C4FD07460028F6D040210C30F7F71D
:10A6C000FFFF414B02461B68014603F1200053F88F
:10A6D00004CB834241F804CBF9D1203203F12001AD
:10A6E00053F8040B8B4242F8040BF9D1394620464B
:10A6F000FFF746FD237A052B5DD8DFE803F0033C26
:10A700000D035C590421204610F0C6FAFFF736FF0E
:10A7100000283FD003B0F0BD2046D4F8EC70FFF71E
:10A72000DDFC04214FF0FF3306460DEB01000193E1
:10A7300004F012F80028B7D1019B264A84F8DC0007
:10A74000B3FBF2F102FB11330193C4F8D83056B1D8
:10A75000336843B10B21284610F09EFA384633681F
:10A76000D4F8D81098470321204610F095FA0E210E
:10A7700010F092FA0EE02046032110F08DFA0E211F
:10A7800010F08AFA28460A2110F086FA7368D4F885
:10A79000EC0098472846072110F07EFA0820FFF7C2
:10A7A0008FFC70B9204603B0BDE8F040FFF70CBD48
:10A7B00004212046DCE70121074A054810F05DFA34
:10A7C00072E70020A6E700BF243A0020A735030067
:10A7D00034E8020040420F002F35030070B50446F4
:10A7E0000E4604F15705FFF779FC2A46F36803F19A
:10A7F000200153F8040B8B4242F8040BF9D104F109
:10A80000770203F1200153F8040B8B4242F8040B4A
:10A81000F9D12846FAF78AFE00B303211C4A1D48E5
:10A8200010F0E3F90E21201D10F036FAD4F8EC50A8
:10A83000D5F8A43033B9287A05F1700100F074FF1F
:10A84000C5F8A400D5F8A4309BB15A8A02F02402BE
:10A850007AB15B7C9B070CD4032070BD2846FAF7C5
:10A8600071FE30B90B4802210B4A10F0BEF90B20E3
:10A87000F3E70A4B1D682DB9201D062110F00CFAD4
:10A880002846EAE72046BDE87040FFF7F5BE00BF66
:10A89000C235030034E80200E3350300243A002007
:10A8A00038B504460D49A0F1EC05543007F0A4F882
:10A8B000284610F064FA0A4A04F18403D3E8EF1F33
:10A8C000C3E8E02F0028F9D14FF0FF338834D4E8F3
:10A8D000EF2FC4E8E13F0029F9D138BDE5B401000C
:10A8E000D825002080B500AF88B06A46074BC2E982
:10A8F0000530032342F8103F00234FF4C2510448AF
:10A90000F5F790FC6FF00B00BD4680BDFF350300EE
:10A9100034E80200054BD3F8EC200AB1FFF7E2BFA0
:10A920000348EC33586010460B607047D825002070
:10A9300048F202002DE9F0410B46064600AF0D211A
:10A94000043010F054F978B3DD68D6F8EC3002200A
:10A9500003F170084246197A00F0E4FF0446C8B9D2
:10A960004046F7F753FF6D4688B06A46114BC2E97F
:10A9700005304FF4007393830F4B42F8103F0F489C
:10A9800023464FF4E251F5F74DFC0820AD46BD4695
:10A99000BDE8F0812B462E3405F1100253F8041B5C
:10A9A000934244F8041BF9D13046092110F074F9A0
:10A9B0000020ECE7243603000300000134E8020025
:10A9C00038B5134B05461B78E3B101F00F04284658
:10A9D000FFF79AFB0F4B03281B780CBF04F00B0406
:10A9E00044F0040405F5BA70D0E8EF2F013203D12A
:10A9F000C0E8E13F0029F7D1D0E8AF3F2BB144F0E8
:10AA0000010038BD01F00704E1E704F0FE00F8E7BB
:10AA100024450020810B0020F8B50D460446D0F8EF
:10AA2000EC60FFF75BFBEF68FB78102B01D0062092
:10AA3000F8BDD6F8A4305BB1251D0F21284610F0D3
:10AA4000D6F880B92046FFF7DDFB60B1C0B2EFE772
:10AA5000307A06F1700100F067FEC6F8A400002805
:10AA6000EAD10820E4E7012363723B682046C4F87A
:10AA70000A30BB88E38102232374B978FFF7A0FF73
:10AA8000E0742046FFF740FB1023607423753B7988
:10AA900003F0030363757B7903F00103A375E37C83
:10AAA0001A070CD5BB781B0709D50521284610F0DD
:10AAB000F3F8637D03F0020363750023A37505219A
:10AAC000284610F094F8002843D04C4B1B78A37410
:10AAD000E37C980606D5BB78990603D51421284651
:10AAE00010F0DAF8E37CDA0735D5BB78DB0732D52E
:10AAF0000D21284610F0D0F8A37D032184F8E8301A
:10AB0000637D284684F8E93010F0C6F8237BE17CA9
:10AB10003F7803EA0102100704D5E27AA07C0243E1
:10AB2000D2071CD4042F1CD80B4313F0040307D006
:10AB30002046FFF7E9FA324B07EB87073B441B5CE3
:10AB400023722046D6F8A41010F057F858B9032005
:10AB50006EE72C4BBAE700236375A375CCE705239A
:10AB6000EEE70023ECE7D4F8EC309B7A032B36D0E9
:10AB700024D8013B012B3FF674AF0521284610F085
:10AB800036F80028E3D00C21204610F085F8022189
:10AB9000FFF754FB054600283FF463AF06210C3055
:10ABA000F7F78EFDD4F8113029460360B4F815305C
:10ABB00083802046FFF7E4FA002039E7042B7FF476
:10ABC00050AF237D627B934228BF1346102B7FF446
:10ABD0002EAF0521284610F00AF80028B7D0237AB6
:10ABE000002BB4D00521284610F001F80028C4D16C
:10ABF000237A013B012BC0D8A9E700BF26450020DE
:10AC0000FE380300254500202DE9F041C6780446B2
:10AC1000012E04D06FF015042046BDE8F08110F03D
:10AC20002EF80546002800F0AB80071D04213846A9
:10AC30000FF0DDFF002840F0A680032138460FF01A
:10AC4000D6FF10B16FF00F04E6E7314638460FF03B
:10AC5000CEFF0028F6D12846FFF740FAD5F8EC30B1
:10AC600006469B7A032B42D032D8013B012B48D9B0
:10AC70000F21201D0FF0BBFF0028CBD1D4F8A4304A
:10AC800083B904F1700632462020217A00F08CFD51
:10AC9000C4F8A40030B932460420217A00F084FDC3
:10ACA000C4F8A400D4F8A430002BB3D05A8A12F010
:10ACB000240FAFD0A17A022923D9587CC007A9D587
:10ACC00003291ED09206A5D51B7C102BA2D118E01B
:10ACD000042BCDD12846FFF717FA032804D1002E04
:10ACE000C6D0F368002BC3D0284B1B7807E028465A
:10ACF000FFF70AFA032804D1002EB9D0F368002B1D
:10AD0000B6D0D4F8A4303BB12846FFF77BFA04460E
:10AD100070B16FF068047FE7207A04F1700100F0F1
:10AD200003FDC4F8A4000028EED16FF00B0473E714
:10AD30000B212846FFF782FA06460028E9D00121B8
:10AD40000C30F7F7BDFC092180462846FFF738FE96
:10AD50002346224688F80000314605F1EC00FBF757
:10AD60005FFF044618B13046F7F768FB54E73846F2
:10AD70000F210FF091FF012128460FF08DFF4BE7C7
:10AD80006FF07F0448E76FF0040445E72445002096
:10AD9000F8B5D0F8EC400646D4F8A430051D002BD9
:10ADA00033D10221404A41480FF01FFF0721404B99
:10ADB0005F5CD4F8A4304BB11B7C002B5DD1D4F880
:10ADC000A40000F0D3FD0023C4F8A43002212846DB
:10ADD0000FF00DFF48B9072F94BF364B1F213A469D
:10ADE000204698BFD95DFBF78DFC032128460FF064
:10ADF000FEFE68B3304B1B6853B31D6805B10C3DB4
:10AE000053F8083C002B41D143E081BB0D2128467B
:10AE10000FF0EDFE074620B1D4F8A40008B100F011
:10AE200023FF254B1B689BB11D6805B10C3D53F8F2
:10AE30000C3C13B13946204698474DB12B46ED687E
:10AE40001B681DB10C3D002BF4D1F7E7002BF1D1AD
:10AE500030460FF094FF637B072B24D1627AA37AEC
:10AE60009A4220D02046BDE8F840FFF7CDBE013918
:10AE7000C9B20E299BD909279BE7022128460FF06A
:10AE8000B6FE00289BD1A1E70C3D23B139462046F0
:10AE90009847002DDCD02B46ED685B68002DF3D180
:10AEA000002BF3D1D4E7F8BDC736030034E8020025
:10AEB000EF380300DE3803000C390020F8B5031D1D
:10AEC00006460F46184602210FF091FE044620B1B7
:10AED000B6F8E840B4FA84F46409032118460FF088
:10AEE00086FE80B139463046FFF752FFC4B10221D9
:10AEF00019481A4A0FF079FE0521D6F8EC00FBF745
:10AF0000C5F80020F8BD012118460FF070FE00289A
:10AF1000E8D10F2118460FF06AFE0028E2D1E5E7DC
:10AF200005213046FFF78AF9054688B101210C302A
:10AF3000F7F7C6FB234607702246294606F1EC00C8
:10AF4000FBF76EFE0028DCD02846F7F777FAD8E743
:10AF50006FF06800D6E700BF34E80200F136030066
:10AF60001E4B10B5044618604FF0FF324FF0FF3310
:10AF70001B4805F063FC58B11A4941F23C331A4AA8
:10AF80001A480DF085F941F23C3117480DF077F978
:10AF9000174806F083FF124805F020FD48B111491B
:10AFA00041F24133104A11480DF072F941F241313A
:10AFB000EBE774B10F4B1C1FD3E8AF3F5B0607D51F
:10AFC0002046FFF759FB014610B12046FFF776FFF8
:10AFD00010BDBDE81040FFF7C9B800BF243A0020FB
:10AFE000E40A0020A03603003E36030066FC02009F
:10AFF000F80A0020DC25002010B50FF040FE0446C2
:10B0000010B96FF0150010BD0A2104300FF0A5FE35
:10B010000028F6D0237A062B11D8DFE803F00E04BF
:10B02000040A100C0C0001212046BDE81040FFF777
:10B0300045BF0421F8E70221F6E70821F4E70348B9
:10B040000121034A0FF019FE0020DCE734E802007A
:10B050002F3503002DE9F3410B8A04460E4643B910
:10B0600001212D4A2D480FF0C0FD002002B0BDE89F
:10B07000F081012106F10C00F7F704FBA4F1EC05C7
:10B08000E83C0746042120460FF0B1FD3B7828B18B
:10B09000234A022121480FF0F0FDE6E70E2B01D9EB
:10B0A000204AF6E7DFF8808058F833204AB90221B9
:10B0B0001E4A1A480FF0E1FD07212846FFF7FEFE61
:10B0C000D3E7194628460FF048FE3B7860B90221C5
:10B0D0001248174A0FF0D1FD032120460FF087FDDB
:10B0E0000028C2D00821E8E708EBC301328A0979B9
:10B0F000914208D001210093084813460D4A0DF0F3
:10B10000D7FE0A21D9E73146284658F83330984708
:10B1100001460028A9D0D0E74937030034E80200EF
:10B12000643703009537030070F20200B73703005D
:10B13000D1370300952D03002DE9F04784B090F836
:10B14000E930D1F80C8023F0020380F8E930D0F820
:10B15000EC6098F80030054600AF06F17009BBB30B
:10B1600098F8063003F0C003C02B31D04046F7F703
:10B170004DFB6E4688B06C464FF4007A25466C4B0A
:10B18000DFF8B081C4E90530A4F81CA045F8108FA1
:10B1900000232A464FF4E2516748F5F743F8484642
:10B1A000B546F7F733FBA546644BA4F81CA0C4E9E9
:10B1B0000530C4F81080604800232A464FF4E2515D
:10B1C000F5F730F80A20B5461037BD46BDE8F087E0
:10B1D00007224146484612F03CFC68B14146307AAD
:10B1E00000F062FB044638B1014628460FF005FD29
:10B1F00030B3204600F0BAFB0D21281D0FF0F7FCFC
:10B20000002800F083804A460220317A00F08AFB51
:10B210000446B8B94846F7F7F9FA6D4688B06A4669
:10B22000474BC2E905304FF400739383414B42F81A
:10B23000103F4FF4E25123463F48F4F7F3FFAD4689
:10B240000820C1E7F378002B40D106F17E0318787F
:10B2500001282AD19A7902F0C002402A25D1D3F8D8
:10B260000120C4F83E20B3F80530A4F8423096F827
:10B270007030D3B196F8763003F0C003C02B14D0F1
:10B2800030493A1DC7E90198FC60FAF731FED8F859
:10B2900000303046C4F80130B8F80430A4F8053066
:10B2A00098F80630E371FBF7E5F995F8E91011F02D
:10B2B00002010ED0244941F22903244A24480CF00B
:10B2C000E7FF41F2290121480CF0D9FF06F177038D
:10B2D000BDE72046F9F7DCFA014630B116480221F5
:10B2E0001C4A0FF082FC03206EE72046F9F7D0FAE3
:10B2F00048B1194941F24D03144A15480CF0C8FFF2
:10B3000041F24D01DFE72046F9F7D4FA95F8E9302C
:10B310005B0703D50A2128460FF0BEFCB5F8E810FC
:10B3200009B1002050E72846FFF732FDF9E700BFDA
:10B33000EC3703000300000134E80200A7380300E3
:10B3400024360300B5AD0200003803003E3603008A
:10B3500066FC02001B380300563803002DE9F0415B
:10B360000E460446D0F8EC80FEF7B8FEF6680121E0
:10B37000054633780F48104A271D0FF07EFC0A213E
:10B3800038460FF0EAFC38B16DB920463178FFF746
:10B39000FFFC0020BDE8F0810B2138460FF0DDFCFA
:10B3A0000028F1D1F1E72B69002BEED040469847F9
:10B3B000EBE700BF34E80200783803002DE9F843DA
:10B3C0000546A0F1E8060446884600AF0121304654
:10B3D00055F8EC990FF0C1FC38B3B8F1000F19D053
:10B3E000032130460FF003FCF8B14046F8F7A6FA07
:10B3F0000138C0B208288CBF0024364B4FF0020140
:10B4000098BF1C5C30460FF047FC21462846FFF7EA
:10B41000BFFC0AE099F80B303BB1032130460FF036
:10B42000E6FB28B928460FF0AAFCBD46BDE8F88324
:10B43000052130460FF0DBFBB8B114F8043C1B07C4
:10B4400007D514F8033C180703D5112130460FF037
:10B4500023FC14F8043C23F0080304F8043C14F81B
:10B46000033C23F0080304F8033C14F8033CD90719
:10B4700010D5062128460FF00FFC304602210FF0B0
:10B480000BFC2068D0F8A46066B134F8041C0029D5
:10B49000CBD1BBE79A0701D50821EBE75B07ECD5D9
:10B4A0000A21E7E77030F7F7B1F96C4688B06A46D1
:10B4B000094BC2E905304FF400739383074B42F800
:10B4C000103F4FF4E25133460548F4F7ABFEA54672
:10B4D000ABE700BFE63803009A3803000300000121
:10B4E00034E8020037B5A0F5A075A0F59E74D4E845
:10B4F000AF3FD5E8AF2F012100920748074A0DF072
:10B50000D7FC28460821FFF743FC0421204603B05E
:10B51000BDE830400FF0C0BB34E80200AF38030094
:10B520002DE9F84300AF04460FF0A9FB054670B3C0
:10B53000061D032130460FF05AFB40B3D4F8A40097
:10B5400008B100F013FA04F170094946207A00F0BE
:10B55000EBF88046C4F8A400E0B94846F7F756F97E
:10B560006C4688B06A463E4BC2E905304FF4007322
:10B5700093833C4B42F8103F4FF4E2513A48434624
:10B58000F4F750FE0821A5462846FFF797FCBD4674
:10B59000BDE8F8830E2130460FF029FB28B1D4F81E
:10B5A000A420537C43F0020353742B7A032B11D84D
:10B5B00023B1052130460FF01AFBA0B9D4F8A4201E
:10B5C000537C23F020035374D4F8A420537C23F03D
:10B5D00001030DE0053B012BF0D8D4F8A420537CE7
:10B5E00043F020035374D4F8A420537C43F00103A8
:10B5F00053742B7D697BD4F8A4208B4228BF0B4663
:10B600003046137405210FF0F2FAD4F8A4305A7CB6
:10B6100010B342F010020D2130465A740FF0E7FAD1
:10B620000028B4D02021D4F8A40000F063F9D4F8A5
:10B63000A43005F147021E33573552F8041BAA42C5
:10B6400043F8041BF9D10023D4F8A420536193617B
:10B65000D4F8A42093839AE722F010025A7496E754
:10B66000243603000300000134E80200012208B57B
:10B67000034B04481A70F9F7A9FF002008BD00BF6A
:10B6800024450020000B002008B558B90A490B4892
:10B6900040F24A230A4A0CF0FBFD40F24A210848D6
:10B6A0000CF0EDFD437C5B0604D4BDE808400121AD
:10B6B000F9F72AB808BD00BF4E39030066FC020046
:10B6C0001E3903002DE9F041144D06462F4617F8A8
:10B6D000013B0C4683424FF0010804D10722384653
:10B6E00012F0B7F9A0B1B8F1000F05D00722384623
:10B6F0000B4912F0AEF970B92E702268094BC5F8EB
:10B700000120A2889A80A2799A7140F21123EB60FD
:10B710000248BDE8F0810020FBE700BF283A002086
:10B720009A100300293A002008B549B9064907488C
:10B730007123074A0CF0ACFD712105480CF09FFD08
:10B74000BDE80840FFF7BEBF6239030066FC020097
:10B750001E3903000B4610B51146044663B909496A
:10B760000948CD23094A0CF093FDCD2107480CF080
:10B7700086FDBDE8104018470548428A2242F8D1AC
:10B7800010BD00BF7639030066FC02001E390300BD
:10B79000283A002008B5002202200249FFF7DAFF0C
:10B7A000002008BD89B60100F8B50E4605461146D1
:10B7B0004AB10F4C00272046638A10F8012B2B401A
:10B7C0000BD11846F8BD0B490B48DA230B4A0CF095
:10B7D0005FFDDA2109480CF052FD964203D10722A1
:10B7E00012F037F908B13846ECE72046EAE700BF27
:10B7F000283A00206239030066FC02001E3903006B
:10B80000F8B506460C4659B92149224840F20313BF
:10B81000214A0CF03DFD40F203111F480CF02FFDB2
:10B820000B78012B01D00020F8BD8B7903F0C00309
:10B83000402BF8D1194D002329466F8A11F83E2B71
:10B84000BF0704F1010006D5B24204D1062212F06E
:10B8500000F9D0B100236A8A297802F00202002B95
:10B86000E1D1002ADFD0B142DDD1671C39460C4856
:10B870000DF0F7FD01230028EDD0D4F80130C5F814
:10B880003E30B4F80520074B9A800448CCE700BF4F
:10B890006239030066FC02001E390300283A0020CA
:10B8A000563A0020663A002010B529B10D4C237895
:10B8B00083420DD0002010BD0B490C484FF49A7301
:10B8C0000B4A0CF0E5FC4FF49A7109480CF0D7FCD8
:10B8D0000722601C12F0BDF800280CBF2046002093
:10B8E000E9E700BF283A00206239030066FC020045
:10B8F0001E39030008B558B9074908484FF4A27328
:10B90000074A0CF0C5FC4FF4A27105480CF0B7FCD7
:10B91000438A1943418208BD4E39030066FC020088
:10B920001E390300F8B506460F4615464AB90C49BC
:10B930000C48EC230C4A0CF0ABFCEC210A480CF050
:10B940009EFCFFF731FF044640B929463846FFF711
:10B95000EBFE044610B13146FFF7CCFF2046F8BDA0
:10B960006239030066FC02001E39030010B504466C
:10B9700058B90E490E484FF4AA730E4A0CF088FCD1
:10B980004FF4AA710B480CF07AFC037A5B0701D5DF
:10B99000F8F7AAFF214611F8010BF7F705F9204641
:10B9A000BDE810404422002112F04BB84E3903008C
:10B9B00066FC02001E3903002DE9F04194B01546E3
:10B9C000044602AF38B901219B4A9C480DF05DFA4C
:10B9D0006FF0150642E03822184607F11001A8471B
:10B9E000051E06DA2B46964A012194480DF056FAB8
:10B9F000EEE7204607F108010DF046FD064698B136
:10BA00006D4688B002AA8F4BC2E905344FF400732B
:10BA100093838D4B42F8103F00234FF4E251874847
:10BA2000F4F700FCAD46D3E72046391D0DF011FBBD
:10BA3000786838B10A2231460BF0EEFE034608B1B1
:10BA4000824AD1E73DBB29463F2007F10802FFF7B4
:10BA5000ABFE40B14422294611F0F3FF304648378F
:10BA6000BD46BDE8F08107F10800F6F7CFFE6C4651
:10BA700088B002AA764BC2E905304FF40073938375
:10BA8000714B42F8103F4FF4E4512B466B48F4F7EA
:10BA9000C9FBA546E2E7002007F10801FFF712FE07
:10BAA0000446C8B907F10800F6F7B0FE6D4688B045
:10BAB00002AA684BC2E905304FF400739383624BCE
:10BAC00042F8103F4FF4E25123465C48F4F7AAFBDA
:10BAD0006FF00B06AD46C1E7382D3B7C4CD0102BE8
:10BAE0003ED8342D3CD140F2112307F11005C3603C
:10BAF00007F1400C00F110032A4603CA62451860A2
:10BB00005960154603F10803F6D110681860E27B0E
:10BB1000B4F80D3043EA0243022B74D1637CDA0798
:10BB20009CD513F0300599D107F10800F6F76EFEA9
:10BB3000E84688B002AA484BC2E905304FF40073CA
:10BB40009383414B42F8103F4FF4E4512B463B485E
:10BB5000F4F768FB637CC54623F0010363747DE75B
:10BB60003823012100933D4A2B4634480DF0A0F9BB
:10BB70002046FFF7FBFE2BE7102B32D840F21123B3
:10BB800007F11005C36007F1400C00F110032A46CD
:10BB900003CA624518605960154603F10803F6D1DF
:10BBA00010681860638A03F0220213F02005628295
:10BBB000ADD107F10800F6F729FE6E4688B002AA5B
:10BBC000274BC2E905304FF4007393831E4B42F8B4
:10BBD000103F4FF4E4512B461848F4F723FBB546C9
:10BBE000C6E707F1100300F10C0507F1480C1A46EF
:10BBF00003CA624528606960134605F10805F6D15D
:10BC0000237B112B83D007F10800F6F7FFFD6D466B
:10BC100088B002AA134BC2E905304FF40073938336
:10BC2000094B42F8103F00234FF4E2510348F4F768
:10BC3000F9FAAD469CE700BFC5100300FCE702001F
:10BC40008A39030007310300030000012331030098
:10BC5000A9390300CC390300693A0300EB3903002A
:10BC6000093A0300293A0300024610B558B90E49B3
:10BC70000E4840F289130E4A0CF00AFB40F289117B
:10BC80000B480CF0FCFA0146382311F8010B0C327A
:10BC9000F6F77CFF044628B101210346054A064811
:10BCA0000DF0FCF8204610BD4E39030066FC020082
:10BCB0001E390300CE3A0300FCE70200884210B5AB
:10BCC00000EB020311D98C18A04211D20D4940F2A9
:10BCD000B3230D4A0D480CF0DBFA0D480CF0D8FAEE
:10BCE00040F2B32108480CF0CAFAEFD09942ECE7D1
:10BCF000013A114411F8012900F8012B8342F9D1CE
:10BD000010BD00BF8C2003005A20030066FC020017
:10BD1000E32003002DE9F0479AB01646DDE92397AA
:10BD20000CAA84468A4690461D462C4B03F1300EE1
:10BD3000144618685968083303C473452246F7D17E
:10BD400018681B79614620602371202204A8FFF740
:10BD5000B5FF6B462022224804A900F071F8044682
:10BD6000C0BB102251460DF13500FFF7A7FF10228E
:10BD700031460DF14500FFF7A1FF294611F8013BBF
:10BD800006220DF156008DF85530FFF797FF2299E6
:10BD9000062211F8013B0DF15D008DF85C30FFF7D4
:10BDA0008DFF4B4635224146684600F049F804466F
:10BDB00080B948460FF041F9012335228DF8303023
:10BDC00041463B46684600F03BF8044610B9384609
:10BDD0000FF033F920461AB0BDE8F0871AED0200E3
:10BDE000FB3A030070B50E461D46144698B0014656
:10BDF000202204A8FFF762FF202231460CA8FFF79B
:10BE00005DFF1022294614A8FFF758FF1022214693
:10BE10006846FFF753FF6B465022184604A900F00E
:10BE20000FF840B9039B054A1BBAB3FBF2F102FBC2
:10BE300011331C9A136018B070BD00BF40420F0050
:10BE40002DE9F0418EB007460C4615460021182218
:10BE500008A81E4611F0F5FD4FF41053ADF81C3044
:10BE60008023ADF81E304FF44063DFF85480102279
:10BE7000CDE90938394605AB07A808F073FE03463B
:10BE800048B1104A104801210DF008F86FF0040085
:10BE90000EB0BDE8F08106AB029310232246414666
:10BEA000CDE9006305982B4610F083FB0446059806
:10BEB00008F008FE2043EBD0044A2346E2E700BF27
:10BEC0000002C003153B0300CCE70200313B030036
:10BED00010B5094C0A44914200D110BD11F8013B44
:10BEE00058400309E35C0001C0B243401809205CDC
:10BEF0001B01DBB25840EEE74A3B03000122024B34
:10BF0000C3F80424704700BF002008E037B5402381
:10BF10000C460A490093411A491105462346084A2E
:10BF200008480FF00DF9011E05DA2846234603B034
:10BF3000BDE83040184703B030BD00BF803A002054
:10BF4000A9B1020078DC020010B5EFF311844023A0
:10BF500083F31288BFF36F8F074A136823F002013F
:10BF6000DB07116002D4012002F052FD84F3118836
:10BF7000BFF36F8F10BD00BF043B0020C9B2022980
:10BF800008B509D9084909487E23094A0CF080F907
:10BF90007E2107480CF073F90C22036901FB023380
:10BFA000986E00F0070008BDA23B030066FC02008B
:10BFB000653B030070B5C9B2022903690BD9184962
:10BFC00018484FF4E873184A0CF062F94FF4E8711E
:10BFD00015480CF054F9EFF31185402484F31288CE
:10BFE000BFF36F8F0C2606FB0134A46E14F0C0045F
:10BFF00008D0A24206D085F31188BFF36F8F4FF0AF
:10C00000FF3070BD012271430B449A6685F311889D
:10C01000BFF36F8F43680B445B6898470020F0E7DD
:10C02000A23B030066FC0200653B030070B50D46B1
:10C0300006490446411A491140220548FFF7BAFF54
:10C040002B4601462046BDE870401847803A002044
:10C0500078DC02002DE9F0470022012107464FF469
:10C060008770F5F72FFC124802F0F6FC0446D0B9B1
:10C070000FF0C1FC25464FF00C0A4FF00108DFF825
:10C0800034903E69494606EB45100CF0CEFA031E8B
:10C090000CDB0AFB05660135032DC6F86880F0D17C
:10C0A0002046BDE8F0876FF00404F9E71C46F7E787
:10C0B00041C10100E8F202007FB500220123CDE971
:10C0C000022304ABCDE90433094A6B46CDF800D016
:10C0D000CDF804D00FF061F8002805DB43F60952D3
:10C0E0000023684604F044FF07B05DF804FB00BF7E
:10C0F000C1B102000C22104B014602FB00330020AC
:10C1000030B4D3E918521866EFF31180402484F359
:10C110001288BFF36F8F9C6E04F0C00444F00204D9
:10C120009C6680F31188BFF36F8F1DB12B4630BC26
:10C130000248184730BC7047803A002078DC020083
:10C1400008B507281ED8DFE800F027270F110427BD
:10C15000270D124B986E10F007001DD1BDE8084066
:10C16000FFF7C8BF0220F9E70120F7E70C4940F2CA
:10C17000FA230C4A0C480CF08BF840F2FA210948DB
:10C180000CF07DF806494FF44173064A06480CF05E
:10C190007FF84FF44171F2E708BD00BF803A0020FC
:10C1A000B24C0300653B030066FC020010B4EFF3E1
:10C1B0001182402383F31288BFF36F8F1648016802
:10C1C00041F002040460C80707D482F31188BFF36A
:10C1D0006F8F012010BC02F0EDBB1049D1F80C1498
:10C1E000C903F2D5EFF3118083F31288BFF36F8F89
:10C1F0000B498B6E03F0C00343F002038B6680F3A0
:10C200001188BFF36F8F82F31188BFF36F8F002007
:10C2100010BCFFF76FBF00BF043B002000E01050D0
:10C22000803A00202DE9F041012206464149D1E83B
:10C23000EF3FC1E8E02F0028F9D1A3B93E493F48BC
:10C240004B60CB608A60F2F7FBFF00280BDA3C49B9
:10C2500040F2A3233B4A3C480CF01AF840F2A321D9
:10C2600038480CF00CF85EB3731E012B57D8012E22
:10C2700006D1364BD3F8503403F00303012B1FD003
:10C280000FF00BFE0546E8B9314B1B78D3B1042201
:10C2900007462E4BC3F808232C4CDFF8B880D4F89F
:10C2A0004C24D4F84C34D20315D503F00303012BEE
:10C2B00001D0012E0FD16DB387F31188BFF36F8FBB
:10C2C000BDE8F081EFF31187402383F31288BFF3B9
:10C2D0006F8F0125E0E7C5B138460DF026F8D4F898
:10C2E000403413F0FF03DAD1D4F80821002AD6D065
:10C2F000C4F80831D4F808314FF480420123C4F85F
:10C300004034C8F8A0212361C9E70021202006F0AD
:10C3100009FEE4E704220D4BC3F80423D0E70E49DD
:10C3200040F2B523074A08480BF0B2FF40F2B521AE
:10C3300096E700BF7C3A00206C3A0020A03A00202B
:10C34000D8040300653B030066FC020000E01050C7
:10C350008148002000E100E0B24C030008B5074826
:10C360000FF0AEFC38B10648F5F746FE0448F2F788
:10C3700065FA002008BD6FF01200FBE720DD020027
:10C3800085C301000A2838B50446074D04D1AB68BF
:10C390000D212846DB699847AB680348DB69E1B2A9
:10C3A0009847204638BD00BF20DD02000023024A26
:10C3B0000020C1E90023704700501E00004870476C
:10C3C00018F30200024B0B6001231360704700BF9B
:10C3D00020F3020008B50122054811460FF0E8FCE1
:10C3E00002F0BAFB034B044A0020C3F80C2508BD39
:10C3F000083B002000E004508000008010461A46F0
:10C40000084B10B5994209D8C1F5F21404F58054CF
:10C41000A24203D811F0EEFA002010BD6FF0150013
:10C42000FBE700BFFF4F1E0038B542F201030F4D7E
:10C430001446C5F80035A1B111F0DCFABFF35F8FE7
:10C44000D5F81834DB0706D4C4F308041CB1012363
:10C45000AB60BFF35F8F4FF40052044BC3F800256D
:10C4600038BDFF2111F0EDFAE8E700BF00E004500D
:10C47000F0B51D4B054698420F46144687B030D89C
:10C48000C0F5F21303F580539A422AD8FAB14FF05F
:10C49000FF324FF0FF33154804F06AFD0FF0AEFA9B
:10C4A0000646B8B101238DF81430114B4FF4FA5001
:10C4B000009302AB04940193CDE9027502F054FBA2
:10C4C000684602F057FB0446084804F0CDFC2046BD
:10C4D00007B0F0BD224639462846FFF7A5FF34468F
:10C4E000F2E76FF01504F2E7FF4F1E00083B002053
:10C4F00057B2020010B5036961B920494F23204AA1
:10C5000020480BF0C5FE20480BF0C2FE4F211C480E
:10C510000BF0B5FE486850B91C495023184A194819
:10C520000BF0B6FE1A480BF0B3FE5021EFE7586847
:10C53000F8B1884219D19C680868A142586000D1BE
:10C540009860002008602AB15A680A609A685960A9
:10C5500002B99960002010E0814206D1086820608D
:10C5600098688142EDD19C60EBE7044600680028A2
:10C57000F2D1002AE8D16FF0150010BDB7FA020021
:10C58000263C030066FC0200623C0300713C030091
:10C59000833C030008B503687F2B4FEA531107D88B
:10C5A0000C4A03F01F0332F91120DA40D2070BD4F2
:10C5B00009490A484FF47473094A0BF069FE4FF4B5
:10C5C000747107480BF05BFE0360064B53F82100C3
:10C5D00008BD00BF64F70200CD3C030066FC02000A
:10C5E0009A3C030028F3020070B5446801F01F056F
:10C5F000207C86B045EA4015A068002871D0B2F5CD
:10C60000001F04D1294602F0F1FF00204DE06068D0
:10C61000667CB2F5800F46624FF0000601A80196D5
:10C62000466031D1B3F1007F14BF052304238DF898
:10C6300004300023CDE904030393E368CB40D9071A
:10C6400035D4B2F1A07F32D168460095FFF7A2FF42
:10C65000009B203350F82330DB0728D46A46294654
:10C66000A06802F047FE163019D0CDF808D0294650
:10C67000A06803AA02F0D4FC002816DB0122294698
:10C68000A06802F031FFC0E7B3F1C06F05D0B3F18D
:10C69000007F14BF01230223C9E70323C7E76946CC
:10C6A000A06802F0FDFE0028DFDA06B070BD6A4621
:10C6B0002946A06802F01EFE0028D8D19DF800107F
:10C6C000A06802F0CDFE0028D1D00749074840F20B
:10C6D000F113074A0BF0DCFD40F2F11104480BF0B6
:10C6E000CEFD6FF08500E0E7A036030066FC020097
:10C6F000F03C03002DE9F043466840F20635337CF8
:10C70000D00601F01F0747EA431748BF032302EA98
:10C71000050558BFC2F3401387B0B5F5837F1446B3
:10C720008DF8033044D00DD8062D43D005D8A5B1DF
:10C73000022D12D06FF0150037E0B5F5807FF9D1EA
:10C7400001250AE040F20222954235D0B5F5407F3E
:10C7500034D0B5F5007FEDD104250123220303FA7F
:10C7600001F12DD573685960B06870BB03A80397B9
:10C77000FFF710FF039B00EB830084F48033C3F3C7
:10C780000043C4F34044D0F8802044EA43049DF8B9
:10C79000033022F4706244EA830422F00F0244EA78
:10C7A00005231343C0F88030002007B0BDE8F083B4
:10C7B0000925D2E70825D0E70625CEE70525CCE7F1
:10C7C000630344BF73689960CEE739460DF10202F6
:10C7D00002F090FD14F4403F804617D13946B0680E
:10C7E00002F026FEB8F1000FDED19DF80210B0680D
:10C7F00002F036FE0028D7D01E491F48FC231F4AEE
:10C800000BF046FDFC211D480BF039FD4FF00009EF
:10C8100001ABCDE90199CDE90439CDF80C90394649
:10C82000B06803AA02F0FCFB4845BDDB14F40033FA
:10C8300014D09DF8033084F48034C4F300448DF8A0
:10C840000E308DF80C508DF80D404B463946B068CF
:10C8500003AA02F0ADFC0028C4DAA5E7CDE9043351
:10C860000DF1030303933946B06803AA02F0D8FB25
:10C87000F1E700BFA036030066FC0200F03C0300B5
:10C880007F2870B54FEA50110CD8144A52F8216035
:10C8900046B13269516829B1012500F01F030C68C7
:10C8A0009D4001B970BD8A682A4010D04B6863B9B9
:10C8B0000B4974230B4A0C480BF0EAFC0B480BF0B5
:10C8C000E7FC742107480BF0DAFC304698471CB1AE
:10C8D000236821461C46E4E72346FAE738F30200C2
:10C8E0001C3D0300263C030066FC0200833C030061
:10C8F00038B54568A868C0B102F080FD0146A0B90E
:10C90000A86802F02BFD044688B902460949A868C8
:10C9100002F0D8FC22460121DB20F4F7D3FF2246A7
:10C92000012140F20D10F4F7CDFF002038BD6FF06B
:10C930000400FBE781C8010008B503687F2B4FEABC
:10C94000531107D80C4A03F01F0332F91120DA40C3
:10C95000D2070BD409490A484FF47473094A0BF003
:10C9600097FC4FF4747107480BF089FC0360064B89
:10C9700053F8210008BD00BF6CF70200CD3C030056
:10C9800066FC02009A3C030098F302002DE9F04F88
:10C990001546824640F2FF19DFF86CB185B000EB16
:10C9A0008108D04503D1002005B0BDE8F08FDAF84A
:10C9B0000010C1F3C322082AC1F3080400F2A080CA
:10C9C000524B4C4508BF4FF0FF34B1F1D05F9F5C34
:10C9D0004FEA116210D2192A12D8DFE802F01422AD
:10C9E000656229306211111111111111111111110A
:10C9F0001111111168737679382A6CD04E2A53D0F0
:10CA00006FF08500D0E7C5F80446601C14D00126FD
:10CA100003A80394FFF790FF039A06FA02F242601C
:10CA200004E0C5F80C46621C06D00026314614E02E
:10CA3000631CC5F8004661D10AF1040AB1E7661C1F
:10CA4000C5F80446F8D0012603A80394FFF774FF45
:10CA50000121039A01FA02F28260DAF800200394BD
:10CA600002F40040002818BF002103A818BF0126C7
:10CA700001920091FFF760FF039C019A00EB840094
:10CA8000D0F88040C2F3412C00993A0242EA8C026D
:10CA90000A4304EA0B04224342EA4602C0F880201B
:10CAA000CAE7C5F80846BEE7C5F81046ADE7C5F8C1
:10CAB0006045611CDAF80020BED0C2F30042002AB3
:10CAC000C1D0A4E7C5F86445F3E7C5F86845F0E7C9
:10CAD000C5F86C45EDE703A80394FFF72DFF039A13
:10CAE000631C00EB8200D0F8802022F0E04242F08C
:10CAF0008042C0F880209FD0012697E70026A3E758
:10CB00006FF0150050E700BFF0F0FCFF553D03004B
:10CB100070B5036986B0456804461422002101A857
:10CB20001E6810F08EFF05238DF80430002386F870
:10CB3000633063680D4A1B68C3F808236B689B0762
:10CB40000ED5EFF31185402383F31288BFF36F8F67
:10CB5000022120460EF0F3FC85F31188BFF36F8F9E
:10CB6000204601A90EF0F0FB06B070BD300218009F
:10CB700038B5044600220121C620F4F7A3FEC620E2
:10CB8000F4F77EFE65680121E8680EF0C9FC636871
:10CB900019686B69C1F82435EA8BAB8BA87E134307
:10CBA0002A8C13436A8C13436A7E9BB20243287E0D
:10CBB00002431343C1F86C352569286878B1002217
:10CBC0001A4908300FF032FA2B68DC63286800221B
:10CBD000174968300FF02AFA2B68C3F89C40616847
:10CBE0000B68D3F8002242F48022C3F80022082206
:10CBF000C3F80025CA6A0121C3F83C270022C3F804
:10CC000040271965D3F830110029FBD0C3F800255F
:10CC10006368596811F0020106D1D8681C680EF0EB
:10CC20007FFC0823C4F80035002038BD27B6020079
:10CC300021B602002DE9F84304460F4646680FF07E
:10CC40002CF920B32369626815684022EFF311883C
:10CC500082F31288BFF36F8F61680968D1F83011D1
:10CC600081B31B689BBBF36A01221F702046F16AE7
:10CC70000EF08BFC73689B0744BF4FF48053C5F8DC
:10CC8000043388F31188BFF36F8FBDE8F8831F4B1F
:10CC900062681B780BB92369D6E74FF04009156825
:10CCA0004FF0640863681B68D3F83031E3B90120A2
:10CCB0000EF0B6FEB8F10108F4D10021202006F0F4
:10CCC00031F9EDE788F31188BFF36F8FBEE7D3F832
:10CCD000A420002AC7D0D3F8B420002AC3DAD5F89C
:10CCE0004427C3F8B420BEE7EFF31183984689F3D5
:10CCF0001288BFF36F8F62681268D2F83021002A61
:10CD0000B1D183F31188BFF36F8FD6E7814800203C
:10CD10002DE9F04F1F46D0F80490036985B01C68D8
:10CD2000029399F80830834688461646D9F8005091
:10CD300073B15D4940F2FB635C4A5D480BF0A8FAB1
:10CD40005C480BF0A5FA40F2FB6158480BF097FAEB
:10CD500094F86330002B40F0A38094F8642002F034
:10CD6000FF03002A40F09C80791C7BD0D9F810107A
:10CD70004FEAE77CA1FB070E00234F4A01FB0CE1C1
:10CD8000ECF79CFB40F2FF33984228BF1846C5F8E9
:10CD90007805D5F8003243F00053C5F8003227EA91
:10CDA000E773DA171F3342F100025B0943EAC263FB
:10CDB00052094FF0000AC4E91632C4E91086C4E9EA
:10CDC00012AAC4F850A0D9F8042092074FD5EFF367
:10CDD00011824021039281F31288BFF36F8F0221E9
:10CDE00058460EF0C1FB039A82F31188BFF36F8F90
:10CDF000D9F8042093073AD594F86120BAB3B24227
:10CE000028BF324693464046D9F8281010F0F2FD6C
:10CE1000B6EB0B0628D194F86120A2EB0B02D2B23C
:10CE200084F86120D9F8280000EB0B0110F0EFFD29
:10CE3000029B03F1080ADAE8EF3F43F00403CAE873
:10CE4000E23F002AF7D10122C5F34343C5F304357D
:10CE500002FA05F5194A403342F82350002005B084
:10CE6000BDE8F08F1A46A4E701370CD1D844144B23
:10CE7000C5F80487C5F80867C5F80433012384F8AA
:10CE80006330AB62EAE7C5F810A1D5F81031D4E9F8
:10CE90001623CDE9002304F1080006F05FFFE5E763
:10CEA0006FF00F00DBE700BFB24C03005E3D0300F4
:10CEB00066FC0200923D030040420F0000E100E0EA
:10CEC000200218002DE9F04F4368D0F810B01D681B
:10CED0000446D5F804938DB04B464FF400724FF4DE
:10CEE000BA712846DBF800600EF00EFB20B1F36C3F
:10CEF00013B9012386F862304B464FF400724FF4A9
:10CF0000927128460EF000FB074608B196F8627051
:10CF10004B464FF400224FF4A67128460EF0F4FA67
:10CF20004B4610224FF48871039028460EF0ECFA1D
:10CF30004B464FF480124FF4A871049028460EF02F
:10CF4000E3FA4B46804620224FF48A7128460EF0C1
:10CF5000DBFA38B3636814221B68002107A8D3F8F2
:10CF600080A4059310F06DFD06221AF0010F059BB9
:10CF70008DF81C2040F0D2801AF0020F40F0D080D3
:10CF80001AF0040F40F0CE800AF0080220468DF817
:10CF9000202007A9C3F880A40EF0D6F9002120466E
:10CFA0000EF055FA049B93B1002123696268D2F810
:10CFB00000A01A6882F860101868D0E91623CDE93D
:10CFC0000023083006F0CAFE1023CAF80833039B7A
:10CFD000002B00F0A980F36C002B40F0D980B8F151
:10CFE000000F40F0A9800022204611460EF052FBAF
:10CFF000A7B3002386F862302369D4F8048053F87D
:10D00000087BD3E8EF2F22F48031C3E8E01F00282B
:10D01000F7D1D00303D507F108000FF013F8396CEE
:10D0200021B120460EF097F900233B6497F8643055
:10D03000002B00F0B880002387F864306368204636
:10D040001B68D3F8002222F00052C3F8002200220D
:10D05000C3F81021D3F81031FFF75AFD19F4805F9F
:10D060003ED0D5F83031002B3AD063682569D3F82B
:10D070000080EFF31189402282F31288BFF36F8F93
:10D080002A685B68D2F8B4100029ACBFD2F8B4703B
:10D09000D8F844779A0707D54FF4805301212046EA
:10D0A000C8F808330EF04BFA89F31188BFF36F8F7D
:10D0B0002B68D3F8A0209AB193F8B810002900F09B
:10D0C0009680EFF31187402383F31288BFF36F8FAD
:10D0D000294620460EF06EFA87F31188BFF36F8F52
:10D0E0000BF10803D3E8EF2F22F00401C3E8E01F9F
:10D0F0000028F7D1530740F1B8802046716C0EF03C
:10D100003EF92046316C0EF026F900232046C6E990
:10D1100010330DB0BDE8F04FFFF7FABC012235E740
:10D12000022233E7042231E7B8F1000F3FF460AF89
:10D13000F36C93B94FF000080021142207A810F0F7
:10D1400080FC0323204607A98DF81C300EF0FCF864
:10D15000B8F1000F7FF447AF4AE7D5F84C315BB91F
:10D160004349444840F6B813434A0BF091F840F65F
:10D17000B81141480BF083F8039B0121C5F84C31ED
:10D18000204607F00102D5F84C310EF083FAD1E7C2
:10D190004146204607F001020EF07CFAB8F1000F7C
:10D1A0003FF426AFC6E7D8F8043099077FF546AFBD
:10D1B00062681368926AC3F804270522C3F8082737
:10D1C0000122DA61D3F84C21002AFBD00021C3F8F8
:10D1D0004C11D3F84C21D3F850212AB1C3F8501187
:10D1E000D3F85021D3F80C2787F8612026E7D3F82D
:10D1F000A8108A4211D0D3F8AC10D3F8B020B942AD
:10D200003A4430D12046C3F8B0200EF05EF9002831
:10D210007FF457AF2B68D3F8B070286868300EF0F1
:10D2200011FF1422002107A810F00BFC2B682046E8
:10D23000D3F8A03007A9CDE908372B68D3F8A4307C
:10D240009F421CBF01238DF81C304FF48053C8F857
:10D25000083300232A68C2F8A0302A68C2F8A43034
:10D260000EF072F83CE71746D7E70DB0BDE8F08F37
:10D27000AB3D030066FC02005E3D030070B40D4C44
:10D28000D4E90065901B63EB0501400940EAC160E9
:10D290004101891945EBD065C4E90015002400253A
:10D2A0000549C1E90023054BC3E9004570BC06F000
:10D2B00097BB00BF30280020182800202828002015
:10D2C00008B500220121E420F4F7FCFA164A0020F8
:10D2D000D2F8183723F44033C2F8183702F0C8FBED
:10D2E000002820DB0120114902F072FC00281ADB23
:10D2F00002F07EFB0E4B20F01F00C3E900010D4B36
:10D300000022C3E900014FF0FF304FF0FF310A4B1C
:10D31000C3E90001094B0A49187A02F093FB67221E
:10D320000020084B1A6008BD00200E501C0B002086
:10D33000302800201028002018280020140B00207E
:10D340007DD20100503B002008B502F051FB064A97
:10D35000D2E90032C01A054B61EB0201C3E90001BA
:10D36000400940EAC16008BD30280020282800207C
:10D37000F7B5224B0146224F187A224BD7E90056C7
:10D38000D3E900239E4208BF954211D1B1F1806FCD
:10D390000ED24901012938BF012101224D1946F160
:10D3A0000006C7E9005603B0BDE8F04002F0BABC81
:10D3B000154BDFF858C0D3E90043DCE9002CA41872
:10D3C00043EB0C0C4FF0200E22466346C1FB0E23AC
:10D3D000954276EB0301C7E900230DD2291B66EBCA
:10D3E0000C04C82974F10004B4BF0121002100918C
:10D3F00002F058FC03B0F0BD0021F8E7140B002048
:10D40000202800201828002030280020282800206C
:10D410002DE9F04112F0FC6F1346D0E9014706698F
:10D420000ED042494FF47D73414A42480AF030FF22
:10D4300041480AF02DFF4FF47D713D480AF01FFF6F
:10D4400002F03002302A0CD13C4940F2F733384A1E
:10D4500038480AF01DFF3A480AF01AFF40F2F73147
:10D46000EBE7384A384D1A40AA420CD1374940F20E
:10D47000FB332F4A2F480AF00BFF35480AF008FF0C
:10D4800040F2FB31D9E703F00602042A09D1314901
:10D4900040F2FE33264A27480AF0FAFE40F2FE31F7
:10D4A000CBE713F4402216D09D030CD42A4940F256
:10D4B00001431F4A1F480AF0EBFE28480AF0E8FE25
:10D4C00040F20141B9E7B2F5402F18D0244A9A43FF
:10D4D00001D183F44023012524688D40254223F4A3
:10D4E000801219D11F4940F21143114A11480AF024
:10D4F000CFFE1D480AF0CCFE40F211419DE71B49CA
:10D5000040F205430A4A0B480AF0C2FE18480AF0E6
:10D51000BFFE40F2054190E73468DB074CBF2C4367
:10D52000AC4334603B68BDE8F04118472B3E030034
:10D53000FA3D030066FC02009A3E0300BE3E030073
:10D54000F73E03000200030002000100343F030025
:10D55000813F0300D03F030003400300524003001B
:10D560000100100006410300444103008D40030008
:10D57000DA40030070B5836846689C690569002C31
:10D5800066D002F4C003B3F5C00F0ED132494FF498
:10D590006373324A32480AF07BFE32480AF078FE62
:10D5A0004FF463712D480AF06AFE63B92E494FF4B7
:10D5B00064732A4A2A480AF06BFE2C480AF068FE77
:10D5C0004FF46471EEE702F0E863B3F1C86F0CD179
:10D5D000274940F29333214A21480AF059FE254851
:10D5E0000AF056FE40F29331DCE702F0C863B3F56F
:10D5F000800F0CD120494FF46873184A18480AF07C
:10D6000047FE1E480AF044FE4FF46871CAE7012342
:10D6100036688B4033420CD1194940F2A5330F4A8A
:10D620000F480AF035FE17480AF032FE40F2A531E5
:10D63000B8E7160204D52D682B4218BF82F0C062ED
:10D64000114BA446BDE87040134002F0B072604731
:10D650006FF0570070BD00BF56410300FA3D030054
:10D6600066FC0200A3410300CF410300FF41030019
:10D670002A420300BD420300114303007843030024
:10D68000064103004441030040000006012310B599
:10D6900003FA01F1436804691B6819420ED10E496F
:10D6A00040F2A2630D4A0E480AF0F2FD0D480AF05E
:10D6B000EFFD40F2A26109480AF0E1FD236819423A
:10D6C00003D022B183681B6903E0002AFAD0836883
:10D6D000DB68BDE81040184706410300FA3D03002F
:10D6E00066FC0200444103002DE9F843074600268A
:10D6F000164DDFF85C80DFF85C902868CFB14045BC
:10D700001AD0484514BF4FF0E8634FF09863EA8899
:10D71000297902F040021A43FFF72CFF044670B14A
:10D72000012103460C4A0D480BF0B8FB2046BDE82A
:10D73000F8834FF40013EAE74FF09863E7E7013608
:10D74000042E05F10805D8D1F0E700BF20F402004F
:10D7500094DC0200CCDC0200BD4303005CE8020064
:10D7600008B5034903480EF065F86FF0150008BDD1
:10D77000DD4303005CE8020070B50446EFF3118658
:10D78000402383F31288BFF36F8F234805F03CFFDB
:10D7900068B98823214A224922480AF079FD1E49A6
:10D7A00021480AF075FD88211C480AF068FD1F4DCC
:10D7B000194805F04DFF2B78BBB91D4B9C4202D098
:10D7C0001C4B9C420AD10020FFF78EFF18B11A496A
:10D7D0001A480EF02FF80022194B1A70012320224C
:10D7E0002B701848002304F03FFA0B4805F01AFF8D
:10D7F00068B94FF49A73094A13490A480AF048FD78
:10D80000054912480AF044FD4FF49A71CCE786F3BB
:10D810001188BFF36F8F70BD783B0020D4FF0200EA
:10D820000100030066FC02001600030037450020DB
:10D8300094DC0200CCDC0200F84303005CE8020048
:10D8400036450020382800202C0003004300030048
:10D8500008B5034903480DF0EDFF002008BD00BFE7
:10D86000144403005CE802002DE9F74300244FF064
:10D87000010825461C4E30683779436808FA07F7D7
:10D880001B681F420ED1194940F24963184A1948D2
:10D890000AF0FEFC18480AF0FBFC40F2496114480B
:10D8A0000AF0EDFCD0F81090836801A95B689847F6
:10D8B00000280CD012DB08FA05F31C430135042DB7
:10D8C00006F10806D7D1204603B0BDE8F083D9F8A9
:10D8D0000020019B53403B42F0D0ECE703B0BDE891
:10D8E000F043FFF7B5BF00BF20F40200064103007C
:10D8F000FA3D030066FC0200444103002DE9F041BB
:10D90000074688460025104E27FA05F212F001025C
:10D9100010D128FA05F3DB070ED531793068FFF70F
:10D92000B5FE044640B1094909480DF083FF204681
:10D93000BDE8F0810122F0E70135042D06F108066B
:10D94000E2D10024F3E700BF00F402002944030001
:10D950005CE802002DE9F041494F3B7853B10020CB
:10D96000FFF7C2FE28B147494748BDE8F0410DF036
:10D9700061BF3870FFF778FF0446444BD3E8EF2FC0
:10D98000C3E8E14F0029F9D1414BDFF808811A784B
:10D9900042BBD8F80060A64219D03F4B66401B68D6
:10D9A0000BB1314698474FF0FF334FF0FF323B4801
:10D9B00002F044FF3A4B1D6835B1043D2B683146F7
:10D9C000204698476D68F7E7344803F007F8C8F831
:10D9D000004054B1BDE8F04140F239120023314813
:10D9E00004F042B900221A70F1E7EFF311864023E8
:10D9F00083F31288BFF36F8F2B4805F005FE68B9DB
:10DA000088232A4A2A492B480AF042FC26492A48F8
:10DA10000AF03EFC882125480AF031FC224805F036
:10DA200017FE264B1D78012D17D01F4805F0FAFD73
:10DA300068B94FF49A731D4A21491E480AF028FC20
:10DA4000194920480AF024FC4FF49A71E3E786F361
:10DA50001188BFF36F8FBDE8F08128461C70FFF777
:10DA600043FE044610483D7005F0DCFD0028E0D080
:10DA700086F31188BFF36F8F002CECD0124973E747
:10DA8000364500203F4403005CE80200883B00204C
:10DA9000820B0020583B00208C3B00205C3B002088
:10DAA000703B002038280020783B0020D4FF020083
:10DAB0000100030066FC0200160003003745002049
:10DAC0002C000300430003005844030070B50026F7
:10DAD0000C4CE2882068217942F40032FFF798FC70
:10DAE000054648B90136042E04F10804F1D1BDE819
:10DAF00070400F21FFF702BF034904480DF09AFE62
:10DB0000284670BD00F40200704403005CE8020087
:10DB1000054BD3E8AF3F00B10360044811B1026880
:10DB20005A400A6003607047883B0020543B002045
:10DB30002DE9F8433A4B18603A4D3B480EF0FFF898
:10DB40002E464FF000082F46F288306812F0010F81
:10DB500014BF1023202331791A4342F48032FFF797
:10DB600057FC044630B1314931480DF063FE204680
:10DB7000BDE8F88308F10108B8F1040F06F10806C2
:10DB8000E2D1064680464FF00109EA88286802F093
:10DB90004002297942F40012FFF7ECFC044608B178
:10DBA0002449E1E72B7908F1010809FA03F3B8F1F8
:10DBB000040F46EA030605F10805E6D10546DFF83D
:10DBC00078801E4BC8E9013657F835008368DB6959
:10DBD00033B1012241469847044620B11849C3E7B2
:10DBE0006FF05704FAE70135042DEDD115491648B9
:10DBF00003F002FF0122154B13481A700023002284
:10DC000003F0AAFF21462046FFF782FFFFF72CFE14
:10DC10000F4BD3E8EF2FC3E8E10F0029A7D0F8E7B7
:10DC20008C3B002020F402005C3B00208A4403006F
:10DC30005CE80200A74403007C3B002079D7010088
:10DC4000C244030055D90100382800203745002080
:10DC5000883B002003280A4610B503D9BDE81040D0
:10DC6000FFF77EBD074B03EBC001097953F8300085
:10DC7000FFF70CFD044618B1034904480DF0DAFD26
:10DC8000204610BD00F40200294403005CE80200B5
:10DC900002460B46014802F0D1BD00BFF80C00203F
:10DCA000014802F09BBE00BFF80C00201FB5002306
:10DCB0000D4C01930A220293CDF80B3000910146DE
:10DCC00001A80FF0E8FE4FF4AC732246074908485C
:10DCD0000AF0DEFA074801A9009A0AF0D9FA4FF4CF
:10DCE000AC7120460AF0CBFAEA440300B24C0300C0
:10DCF00066FC02002345030003460A4610B511489E
:10DD000081680C6864B910495D23104A10480AF014
:10DD1000BFFA10480AF0BCFA5D210C480AF0AFFACD
:10DD20001946A04768B10C494FF436730B4A0848AE
:10DD30000AF0AEFA0A480AF0ABFA4FF43671074817
:10DD4000ECE710BD04DD02007F4503004B450300F6
:10DD500066FC02009F450300A0360300EA4403006E
:10DD6000C545030008B50A490A480EF086F80028A0
:10DD70000CDA09492F23094A09480AF089FA0948A7
:10DD80000AF086FA2F2105480AF079FA08BD00BF8B
:10DD9000943B002068330020B24C0300FF45030091
:10DDA00066FC020028460300094B93F80031042B5F
:10DDB00002D1810709D47047022B02D1020704D493
:10DDC0007047082B03D1830601D5FFF7CBBF7047FF
:10DDD00038450020F0B589B0064600AF0D463448FE
:10DDE000344903F0C3FB07F10C00E2F7FDFC6C467D
:10DDF00088B06A46304B5361304B93614FF40073E7
:10DE000093832F4B42F8103F2E492F4807F10C0304
:10DE1000F2F708FAA5462D480DF052FF50B901213E
:10DE20002B4A29480BF031F86FF0120420462437B2
:10DE3000BD46F0BD274B381D7B60E2F7FFFC034673
:10DE400038B10121244A20480BF028F86FF015045E
:10DE5000ECE74FF0FF304FF0FF31FFF719FF0446BA
:10DE60000028E3D11D491E48E2F780FC044610B1AA
:10DE7000FFF716FFDAE741F64C5307F10800BB60E5
:10DE8000E4F714F920B1FFF70BFF6FF08504CDE73D
:10DE9000012338463B70ECF7FDFB0028F3D1FFF778
:10DEA000FFFE33690F481D60F4F756FFBEE700BF61
:10DEB000943B0020FFB80200DD1703004B4603002F
:10DEC00003000001C01C400124E8020004DD020040
:10DED00072460300F9DC0100924603006828002026
:10DEE000B9DF0100A9DD010030B5304887B0E2F7A5
:10DEF000C1FB0446002854D10125E2F787FCE2F774
:10DF000091FCEBF7FEFAEBF7FEFAEBF7FEFAEBF714
:10DF1000FEFA0221204603AA8DF80C50E2F7D8FB46
:10DF200000283DDB08230721204603AAADF80C306A
:10DF3000E2F7CEFB002833DB4FF0FB13039340F2F4
:10DF400003230321204603AAADF81030E2F7C0FBFB
:10DF5000002825DB0421204603AA8DF80C50E2F7A7
:10DF6000B7FB00281CDB1F230621204603AAADF8BF
:10DF70000C30E2F7ADFB002812DB40F6FC239842A0
:10DF800012DD0B4A009029460A480AF091FF84F3FB
:10DF90001188BFF36F8F0423184602DF6FF00B0068
:10DFA0000446204607B030BD2046F9E7ADDC01004D
:10DFB000B646030024E8020073B5434C94F80031E0
:10DFC0003BB394F80031042B56D120783E2833D14E
:10DFD000A678B31E5E425E416378FF2B2ED14FF4CC
:10DFE0008073009340F201130121384A38480AF047
:10DFF0005FFF6FF00B030121364A35480AF04EFFF0
:10E00000002383F31188BFF36F8F0423184602DFC8
:10E010001DE04FF0FF304FF0FF31FFF739FE48B9F8
:10E02000204604F5807100F081FB0546FFF738FEBD
:10E03000002DC6D002B070BD0026CDE7002200231F
:10E040003146F4F793FE054648B9002EF2D000237E
:10E0500084F8003102B0BDE87040FFF783BE6278FB
:10E060000232194905F10C000BF0CAF91A4B294686
:10E070001B681A489847EAE7022B10D100220023B8
:10E080000820F4F71DFE05460028D3D0638804332A
:10E09000B3F5807F0FD94FF480720092A4E7082B6C
:10E0A0000BD1002300222020F4F70AFE63880546E6
:10E0B0000028ECD1BEE71A46D3E70121084A0448FC
:10E0C0000AF0ECFEC3E700BF38450020D946030044
:10E0D00024E8020033470300903B00203CDD0200AF
:10E0E000FA460300F7B5804D06462B78002B40F02A
:10E0F000198304238DF807307C4B04881F68B7B15F
:10E100000DF106030DF10702691CB84701280ED076
:10E110009DF80630002B40F05B819DF807300E2201
:10E12000AB7001236A70EB70AC80A87159E1B4F553
:10E13000105F4FEA94230AD2002B4ED0013B072BED
:10E1400008D8DFE803F00907367A070707C13F2B35
:10E1500000F00782012055E0304640F2064230F9D7
:10E16000033B93420FD040F21D4293421ED0012048
:10E1700040F206439C4200F02B8140F21D439C423A
:10E1800000F026813EE0E3F735FD42F264039C4255
:10E1900040F29B8242F285039C4233D842F26703ED
:10E1A0009C4200F2A48242F26603E8E7E3F7A2FD94
:10E1B000EBE7304640F6634230F9033B934230D000
:10E1C0000DDC40F6034293421FD040F62D429342AD
:10E1D0001ED040F60142934212D00120F8E040F6F2
:10E1E0007B42934220D040F67C429342F5D19DF889
:10E1F00007303F4902338DF80730ECF7EAF901E0C8
:10E20000E2F764FB0128E8D087E7EBF771F9F9E75B
:10E210009DF80730364903338DF80730EBF7EFFFF1
:10E22000F0E7E2F765FBEDE79DF80730304904338E
:10E230008DF80730ECF7BEF9E4E73388A3F5805397
:10E24000013B082BC9D801A252F823F071E201006A
:10E2500083E2010097E20100DBE10100DBE1010064
:10E26000DBE10100DBE10100DBE10100B7E20100DD
:10E270009DF807301E4808338DF80730EBF7ADFFE7
:10E28000C0E79DF807301A4840338DF807300DF08D
:10E2900038FB002041E700229DF8073008338DF855
:10E2A0000730134B1A605A60EB7A23F0600343F097
:10E2B0006003EB72EDE79DF807300D4806338DF8EB
:10E2C0000730EBF7DCFF9DE7304642F24E0130F8B5
:10E2D000033B1AB28A4242F264016BDCB2F5005F82
:10E2E00008DC8C425EE000BF39460020A43B0020E1
:10E2F00040460020A3F50053013B4D2B4FD8DFE8EB
:10E3000013F0600075007E004E0087008A008D00CB
:10E31000960099009C004E004E004E004E004E00AC
:10E320004E004E004E004E004E009F00A800AB0075
:10E33000B4004E00BD00C600CF004E004E004E009F
:10E340004E004E00DF00E800F1004E004E00F400E9
:10E35000F700FA00FD004E004E00060109010C0115
:10E3600015011E0121014E004E004E004E004E00D0
:10E370004E004E004E004E004E004E004E004E002D
:10E380004E004E004E004E004E004E004E004E001D
:10E390004E004E004E0024014E004E002D0142F270
:10E3A00064039C423FF419AF40F29F8142F285031F
:10E3B0000120F1E642F27C039A4292D1ECF773F924
:10E3C00001E0E2F79FFA42F264039C427FF4DDAE83
:10E3D0000F236B700423AB700123E8702B71A5F839
:10E3E0000540012300202B7003B0F0BD9DF80730DD
:10E3F000CA4803338DF80730E3F7F2FBE3E79DF8F3
:10E400000730C64808338DF80730ECF761F8DAE7D3
:10E41000EBF751FFD7E7E3F749FDD4E79DF8073065
:10E42000BE4801338DF80730EBF715FFCBE7ECF76B
:10E430007CF8C8E7ECF754F8C5E7E3F791FDC2E7CD
:10E440009DF80730B54907338DF80730EBF740FFEB
:10E45000B9E7ECF72DF8B6E79DF80730AF49103370
:10E460008DF80730EBF702FFADE79DF80730AB48BA
:10E4700008338DF80730EBF7BCFEA4E79DF80730B2
:10E48000A64902338DF80730ECF774F89BE79DF846
:10E490000730A24902338DF80730ECF77CF892E799
:10E4A0009DF8073008338DF807308F23EB71C023B8
:10E4B000EB7242F264039C4240F00181002087E746
:10E4C0009DF80730954902338DF80730EBF721FFAF
:10E4D00079E79DF80730914804338DF80730E3F76A
:10E4E000D3FB70E7E3F7B8FB6DE7EBF70BFE6AE7EA
:10E4F000EBF72BFE67E7EBF75EFE64E79DF807306E
:10E50000864801338DF80730EBF763FE5BE7EBF7E6
:10E5100042FE58E7EBF736FE55E79DF807307F4897
:10E5200008338DF80730EBF723FF4CE79DF80730F1
:10E530007A4904338DF80730EBF745FF43E7E3F7FB
:10E54000ADFB40E7EBF77CFF3DE79DF807307348F4
:10E5500002338DF80730EBF76DFE34E7EBF718FF69
:10E5600031E730464FF60C5230F8033B934245D822
:10E570004FF60252934206D803F2FF3292B20A2AB1
:10E580001ED901204DE0A3F57D43033B092BF8D8AC
:10E5900001A252F823F000BF95E6010083E50100D7
:10E5A0009BE6010083E5010083E5010083E50100AE
:10E5B000A1E6010083E5010083E50100A7E6010073
:10E5C000A3F57C43013B0A2BDBD801A252F823F0D0
:10E5D00013E601002FE6010083E5010083E5010059
:10E5E00083E501007DE6010083E5010083E501008C
:10E5F00059E601006BE6010083E601004FF6145274
:10E60000934253D04FF616529342BAD1E3F756FDD8
:10E6100007E09DF8073041480C338DF80730EAF7E2
:10E6200078FF4FF6025224F008039342A8E5002039
:10E630009DF8073040338DF80730384B1880EB7960
:10E6400023F0230343F02303EB712B7A23F007031A
:10E6500043F007032B72E4E79DF807302F48173388
:10E660008DF80730EAF770FFDBE79DF807302B489D
:10E6700020338DF80730EAF78BFFD2E7EAF762FF25
:10E68000CFE79DF80730254801338DF80730EAF7CA
:10E690009CFFC6E7EBF7FEFFC3E7E3F707FDC0E724
:10E6A000EAF7A9FFBDE7EBF7DEFFBAE79DF8073011
:10E6B0001A4904338DF80730EAF7A1FFB1E703D90F
:10E6C00042F28503002067E5002042F219039C42D4
:10E6D00018D842F20C039C427FF64AADA4F50053D1
:10E6E0000D3B41F241229BB206E00120EDE7A4F58B
:10E6F0000153283B0A4A9BB222FA03F3DB077FF55A
:10E7000081AD65E642F232039C423FF461AEA4F56E
:10E710000153033B012B3FF675AD59E640460020FF
:10E720002F8040204FF0FF305EE600BF38B5094C27
:10E730000D4623781BB9BDE83840EBF767B8A278DF
:10E74000611C02320FF056F90020042320702B7058
:10E7500038BD00BF3946002070B506460C460F4D47
:10E7600028460DF0ADFAA8B1A2B2AB681B6863B938
:10E770000B495D230B4A0C4809F08AFD0B4809F050
:10E7800087FD5D21074809F07AFD31462846BDE83E
:10E79000704018476FF0120070BD00BF04DD02002A
:10E7A0007F4503004B45030066FC02009F450300C4
:10E7B0004FF40071014805F00BBE00BF81460020F8
:10E7C0001FB500230D4C01930A220293CDF80B30A4
:10E7D0000091014601A80FF05EF940F24D13224668
:10E7E0000749084809F054FD074801A9009A09F0B3
:10E7F0004FFD40F24D11204609F041FD8B470300CB
:10E80000B24C030066FC0200B8470300322337B560
:10E810000125ADF8043000231C216846134A8DF809
:10E820000630ADF800508DF80230EAF7FBFB0446E5
:10E83000C8B90CF0CFFC80B2E9F702F829460C48C1
:10E84000EEF7FFF8044670B901462A468520F3F733
:10E8500039F82A462146E520F3F734F82A462146BE
:10E860008A20F3F72FF8204603B030BDC1E701003E
:10E87000AC3B002008B54FF0FF304FF0FF31FFF701
:10E8800007FA48B107490848E623084A09F000FD9D
:10E89000E621064809F0F3FCEEF70FFABDE8084060
:10E8A000FFF7FEB9CF47030066FC02008B47030069
:10E8B000024608B50A480B460A4903F0C9F8002881
:10E8C0000CDA09494723094A094809F0E1FC0948DB
:10E8D00009F0DEFC4721054809F0D1FC08BD00BF66
:10E8E0006833002018070020B24C0300FF450300E6
:10E8F00066FC0200DC47030008B50A490A480DF02F
:10E90000BCFA00280CDA09492F23094A094809F002
:10E91000BFFC094809F0BCFC2F21054809F0AFFCF9
:10E9200008BD00BF103C002068330020B24C03003B
:10E93000FF45030066FC0200284603000122054B48
:10E9400005491A63A3F54023D3F818050860C3F8F6
:10E950001825704700E010500C3C00200122044BA9
:10E960005A63044B1A68044BC3F81825704700BF5C
:10E9700000E010500C3C002000E004500128034649
:10E9800009D0022803D050B9074B1B6802E00420CD
:10E99000054B1B681847044B07201B68FAE7022148
:10E9A000024A03480AF07ABA203C002016480300C5
:10E9B000B4E80200012810B508D002280CD070B9C4
:10E9C000BDE810400C4B02201B68184700200B4983
:10E9D000BDE81040E8F73EBE01200849F8E70849C5
:10E9E0004C23084A084809F053FC084809F050FC39
:10E9F0004C21044809F043FC203C00207DE9010043
:10EA0000B24C03003248030066FC02006F4803006A
:10EA1000012808B503D0022806D038B908BD002067
:10EA2000BDE80840E8F736BE0120F9E706495F2354
:10EA3000064A074809F02CFC064809F029FC5F212A
:10EA4000024809F01CFC00BFB24C0300324803002E
:10EA500066FC02006F480300014B186000207047FD
:10EA6000203C002038B5304C0D46237E834209D02F
:10EA70002E4960232E4A2F4809F00AFC60212C48B9
:10EA800009F0FDFB04F14003D3E8AF3F2BBB09299C
:10EA90003DD8DFE801F0053C3C3C3C24241F3C22EF
:10EAA000236AD3E900209047012808D0224B9842DE
:10EAB00003D00223E06384F8343020480EE042F2B1
:10EAC00010732363032384F834301D4B84F829002A
:10EAD000A363F2E7144802F0C7F9002038BD002311
:10EAE00084F82930174B207E15492363EDF7EAFFA0
:10EAF00004460028F1D058230D4A13490D4809F067
:10EB0000C7FB2146114809F0C3FB5821B7E79323FF
:10EB1000074A0F49074809F0BBFB29460D4809F091
:10EB2000B7FB9321ABE700BF243C0020C94803009A
:10EB30008F48030066FC02001F646602583C0020F8
:10EB4000483C0020FF3F420FEB480300F44803001D
:10EB5000B24C0300174903000122002101480DF0C7
:10EB600027B900BF243C0020014BD861704700BF8B
:10EB7000243C0020F8B54FF0FF3106464FF0FF303F
:10EB8000FFF786F8054648B14849BF23484A494837
:10EB900009F07EFBBF21464809F071FB4649474812
:10EBA000EAF780F90446FFF77BF8002C08DA4448BE
:10EBB00023460121434A0AF071F96FF00B00F8BDBA
:10EBC00040F20113404C2385E36926626433E3621B
:10EBD00042F2107323636FF0730384F82450E363ED
:10EBE00004F14006D6E8EF3FC6E8E25F002AF9D11B
:10EBF000A36837463BB13549D5232D4A2D4809F046
:10EC000047FBD521C7E74FF0FF304FF0FF31FFF74B
:10EC10003FF838B12549D823254A264809F038FB62
:10EC2000D821B8E7207E04F12401EDF74BFF05461B
:10EC300058B1DA231E4A26491E4809F029FB294605
:10EC4000244809F025FBDA21A5E7FFF729F800237E
:10EC50002046214A02F08CF900280BDA01211F4AD4
:10EC600017480AF012F90123D7E8EF2FC7E8E13F70
:10EC70000029F9D14FF0FF304FF0FF31FFF708F8CE
:10EC800038B10A49E5230A4A0A4809F001FBE5219F
:10EC900081E7207EEDF7F8FEFFF702F8D6E8AF3FF8
:10ECA00013B1094802F0DEF9E06B88E7CF470300B3
:10ECB0008F48030066FC02003C3C002065EA01002E
:10ECC00074E802002F490300243C0020554903004A
:10ECD000EB480300F44803000E720B00BF3603003C
:10ECE00003689A070CD50368DB070DD50922074B8B
:10ECF000C3F80C250F22C3F8042501221A60FEE791
:10ED0000034B0360EF3B0360704700BF008010506F
:10ED1000F000FA5008B50123304AC2F80038A2F5D5
:10ED20005722D2F800242E4AD2F84023292A01D0B3
:10ED3000332A02D12B4AC2F80C342B48FFF7D0FFFC
:10ED40000830FFF7CDFF0830FFF7CAFF0830FFF7A4
:10ED5000C7FF00F5F470FFF7C3FF244AD2F88C30E8
:10ED600043F44063C2F88C300022D30003F57F03E4
:10ED700003F54043D3F8001401310AD0D3F800144E
:10ED800039B1D3F800140132D3F80434402A0B60AF
:10ED9000EBD1174BD3F80026D2071AD4154B1349E1
:10EDA000D3F8182522F00302C3F81825D3F8182544
:10EDB000C3F81825D1F88C2042F44062C1F88C20A9
:10EDC0000022C3F8A0250C4AD2F80034012BFBD056
:10EDD00008BD6FF00102C3F80026DFE70000125003
:10EDE00000C0FF000030055000F50E5000ED00E0BF
:10EDF00000E0105000E00450009004507F2898BFBD
:10EE0000074B4FEA50129FBF33F9123000F01F003A
:10EE100023FA00F000F0010088BF0020704700BF17
:10EE200074F70200034A4309D35C00F01F00184442
:10EE3000C0B270474F4A030010B504460846FFF7BA
:10EE4000F1FF00B204EB4000838ADA051CD5C3F35E
:10EE5000432123F4F853838204F1120204F1960053
:10EE600032F8023F13F4807F03D0C3F34323994267
:10EE70000AD09042F4D1002204EBC1035A6004F19D
:10EE80009C000CF0E9FD00B910BD064906484FF49E
:10EE9000DB73064A09F0FCF94FF4DB71034809F013
:10EEA000EEF900BFA036030066FC0200D049030063
:10EEB00010B5016804460846FFF7A0FF58B910498D
:10EEC0004FF474730F4A104809F0E2F94FF474716B
:10EED0000C4809F0D4F901F01F037F2923604FEAA1
:10EEE000511209D9094940F2D933064A064809F0B6
:10EEF000CFF940F2D931EBE7054B53F8220010BDB2
:10EF0000CD3C03009A3C030066FC0200B24C0300B7
:10EF10004CF40200072808B50BD90849084840F20C
:10EF2000A733084A09F0B4F940F2A731054809F0BF
:10EF3000A6F9800000F5807008BD00BFC649030037
:10EF400066FC020091490300F0B58446002587B0B5
:10EF5000DFF848E0124F019102AE1EF8013B06AA0D
:10EF600002EBD30212F8144C03F00703DC4014F058
:10EF7000010406D10135042DEFD10024204607B04D
:10EF8000F0BD97E80F0086E80F0056F82520136AB9
:10EF90004CF825301362002BECD0EFE75F4A0300FA
:10EFA0002CEA0200F7B504460846FFF73BFF06B21D
:10EFB00004EB4606B38A0D46DB072BD520460CF042
:10EFC00043FE294620460CF060FD58B120460CF067
:10EFD0008AFD0022276800B207EB8003C3F81025E2
:10EFE000C3F81025204600242946FFF725FFB482E8
:10EFF00001A80195FFF75CFF019B00EB8300D0F8AF
:10F000008020064B134043F00203C0F880302046B6
:10F0100003B0F0BD6FF01500FAE700BFF0F0FCFFA1
:10F020002DE9F0430E461746044685B058B95D49B0
:10F030005D4840F25E435D4A09F02AF940F25E41C4
:10F040005A4809F01CF90846FFF7ECFED7F8008093
:10F050000546B8F1000F1AD020460CF039FD28BB48
:10F060004346CDE900008DF80E008DF80F000DF13C
:10F070000F0230460DF10E010CF05EFD2AB204EBDA
:10F080004202938A23F0020343F0010393827B68D8
:10F09000002B34D03146204693F80080D3F80490FA
:10F0A0000CF00BFD28B1B9F1000F1FD06FF0150067
:10F0B00028E028B204EB4000838A23F4604323F065
:10F0C00020038382B9F1000F10D0B8F1030FEDD8FF
:10F0D0007B6821685B6893F800C001EB8C01B8F194
:10F0E000000F12D1C1F81085C1F810852AB204EBC7
:10F0F0004202938A23F01C0343EA88039382BB688D
:10F1000053BB002005B0BDE8F083D1F8102522F0F4
:10F110000302C1F81025226802EB8C03D3F81025F6
:10F1200022F4473222F47C72C3F8102541F6F072C3
:10F13000D3F8101502EA061242EA08420A43C3F85D
:10F14000102504EB4C03A3F8A060838A43EA4C33F8
:10F1500043F020038382C9E73146D3E90078204693
:10F16000FFF76AFE002FCCD063689F4206D004F1FF
:10F170009C000CF057FC002804DAC3E7A36898450C
:10F18000F5D1002004EBC003C3E901782DB204EBF4
:10F190004505AB8AC0B243EA402343F48073AB8297
:10F1A000AFE700BF0E4A030066FC0200D04903002F
:10F1B0002DE9FF410D4617461E46044658B93D4904
:10F1C0003D484FF48D633D4A09F062F84FF48D617C
:10F1D0003A4809F054F80846FFF724FE804627B362
:10F1E00020460CF06AFC18B920460CF04EFC18BB07
:10F1F000294620460CF054FC10B17B78012B1BD023
:10F2000001238DF80F3000237A1CCDE900732846C6
:10F21000BB1C0DF10F010CF08FFC0FFA88F304EB0F
:10F2200043039A8A42F003029A82002E40D0294674
:10F2300020460CF042FC20B96FF0150004B0BDE888
:10F24000F0810022377823684FEA870C03EB8703AD
:10F25000C3F81025C3F810250FFA88F204EB420218
:10F26000938A23F4604323F0200393827078F8B1EB
:10F270002168134B6144D1F81045B6782340C1F89A
:10F28000103541F6F073000400F4403003EA051332
:10F2900003433005D1F8104500F4801003432343A5
:10F2A000C1F81035938A43EA473343F02003938231
:10F2B0000020C3E70E4A030066FC0200D0490300A9
:10F2C0000FE0ECFF08B558B90749084840F2714310
:10F2D000074A08F0DDFF40F27141054808F0CFFF12
:10F2E000C0E9031208BD00BF0E4A030066FC02001D
:10F2F000D049030070B51546044658B9134940F289
:10F300007A43134A134808F0C3FF40F27A41104889
:10F3100008F0B5FF4AB9104940F223330C4A0D48B2
:10F3200008F0B6FF40F22331F1E70CF0AEFB48B134
:10F330000846FFF777FD04EB40040020A38A5B0B2F
:10F340002B7070BD6FF01500FBE700BF0E4A030085
:10F35000D049030066FC0200194A03002DE9F04180
:10F36000044658B9204921484FF49163204A08F0D7
:10F370008FFF4FF491611E4808F081FF90F8B05064
:10F3800090F8B1706DBBA8468422294614300EF067
:10F3900058FB184B266853F83770AF4214D100253C
:10F3A00040F20D10C6F84451D6F84431124B9E423B
:10F3B00008BFDB20F2F764FA0123284684F8B03056
:10F3C000C4F89C30BDE8F081E8B2FFF7A3FDA0F5DA
:10F3D00080739B08112B04BF46F800803358013519
:10F3E000DBE76FF07700EDE70E4A030066FC0200F2
:10F3F000D04903005CF4020000A00D5008B558B9D4
:10F400000849094840F28F43084A08F041FF40F29A
:10F410008F41064808F033FF90F8B000003818BF5D
:10F42000012008BD0E4A030066FC0200D04903001B
:10F4300008B558B90749084840F29D43074A08F003
:10F4400027FF40F29D41054808F019FFBDE808403C
:10F45000FFF7A8BD0E4A030066FC0200D049030076
:10F4600008B558B90A490B4840F2A4430A4A08F0C3
:10F470000FFF40F2A441084808F001FF074B90F845
:10F48000B10003EB8000BDE808400CF0E5BA00BF16
:10F490000E4A030066FC0200D0490300240B002042
:10F4A00010B50C4658B90C490C4840F2AB430C4A15
:10F4B00008F0EEFE40F2AB41094808F0E0FE094BCF
:10F4C00090F8B10003EB80000CF0ACFA0028A4BF68
:10F4D0002070002010BD00BF0E4A030066FC020031
:10F4E000D0490300240B00202DE9F3410D461646B8
:10F4F000044658B938494FF4A563384A384808F0EB
:10F50000C7FE4FF4A561354808F0B9FE0CF0C8FA03
:10F5100048B9344940F23543304A314808F0B8FE22
:10F5200040F23541EFE720460CF0AFFA276800B310
:10F5300020460CF0C2FA8046D8B920460CF0D3FA27
:10F540000546FFF7E7FC47F800803B5823682AB2DE
:10F5500003EB8203D3F8102542F00102C3F8102513
:10F5600026B101232268AB40C2F8143302B0BDE8D3
:10F57000F081D7F814339B035CBF4FF40033C7F816
:10F5800014334EB9184940F24F43144A144808F056
:10F590007FFE40F24F41B6E72846FFF743FC04EBFD
:10F5A0004004A38AC3F38203042B11D0052B11D08E
:10F5B00001A80195FFF77CFC019BC168D94001F0CF
:10F5C00001010231284602B0BDE8F0410CF001BB58
:10F5D0000321F7E70221F5E70E4A0300D0490300B3
:10F5E00066FC0200234A0300444A030008B558B9E8
:10F5F0000749084840F22F53074A08F049FE40F2F5
:10F600002F51054808F03BFEBDE808400CF01CBB3C
:10F610000E4A030066FC0200D04903002DE9F04FBA
:10F6200007468DB058B97749774840F25C63774A0E
:10F6300008F02EFE40F25C61744808F020FE81461E
:10F6400059F8043B90F8B140D3F814130093704B71
:10F65000C9B241F4003153F8342000980CF0C8FAD4
:10F66000810305463BD51022002108A80EF0E9F9D8
:10F67000674B08A803EBC4035B6819460193FFF7C7
:10F6800063FC042303EBC40303934FF0000B614BB3
:10F690000DF1200A0293029A5D4912F8013B029291
:10F6A000039A02EBD3028A5C03F0070322FA03F306
:10F6B000DA071AD40BF1010BBBF1040F0AF1040AAB
:10F6C000E9D14FF40031002200980CF091FA019931
:10F6D00008A8FFF739FC0028D7D125F4003501240C
:10F6E000002D77D10DB0BDE8F08F4B4B5B440493F8
:10F6F000DAF800100029DDD091FAA1F1B1FA81F118
:10F70000049B1C7841EA44142046FFF78BFB07EB6F
:10F710004000B0F81480C8084FEA9803059301230D
:10F720001AF8002001F0070103FA01F122EA0102B0
:10F730000AF8002007A80794FFF7BAFB079A059B71
:10F74000203250F82220C8F382065B07B046C2F38D
:10F75000014223D521464846D6B242460CF0CDF9A7
:10F7600007A80794FFF7A4FB079B203350F823302A
:10F77000C3F301439E4207D1002120460CF029FA31
:10F78000314620460CF025FA07A80794FFF790FBB6
:10F790000122079B02FA03F30362A9E7022A0DD1B3
:10F7A000032120460CF015FA06F00503012BEBD1DE
:10F7B0004246214648460CF0A0F9E5E702212046E2
:10F7C00005920CF006FA032EF2D0059A032ADBD13B
:10F7D000022EECE795FAA5F3B3FA83F3009904FA45
:10F7E00003F225EA020503F5A27251F8222007EB85
:10F7F00043034846B3F8A010C2F301420CF07DF970
:10F800006EE700BF0E4A030066FC0200D049030009
:10F810005CF402005F4A03005F4A03000123034ACD
:10F8200003FA00F093680343936070474807002091
:10F8300073B504460191EFF31186402383F31288D8
:10F84000BFF36F8F0B4D019B6A6801A813400193B2
:10F850000CF0E8F8002807DB01226B68824023EAFD
:10F8600002036B602070002086F31188BFF36F8F56
:10F8700002B070BD4807002008B5154B027AD3F8D6
:10F88000101521F001010A43C3F810250268B2F5F2
:10F89000803F0BD30F4940F2B9730F4A0F4808F06D
:10F8A000F7FC40F2B9710C4808F0E9FCC3F8A42653
:10F8B0004268FF2A09D90A4940F2C473064A074838
:10F8C00008F0E6FC40F2C471EDE7C3F8AC2608BDD1
:10F8D00000200E50964A0300634A030066FC0200B3
:10F8E000BE4A03000B2808B501D800290BDA0B49E2
:10F8F0000B4840F216530B4A08F0CAFC40F216516E
:10F90000084808F0BCFC000100F1A04041EAC271C7
:10F9100000F56220C0F8281508BD00BF404B030069
:10F9200066FC0200634A03000B2808B50BD90B499B
:10F930000B4840F20B530B4A08F0AAFC40F20B5163
:10F94000084808F09CFC000100F1A04000F562208E
:10F95000D0F82415D0F8200508BD00BFE44A030004
:10F9600066FC0200634A03000B2808B50BD9114955
:10F970004FF4A063104A114808F08AFC4FF4A061CC
:10F980000D4808F07CFCB3F5801F09D30C4940F208
:10F990000253094A094808F07BFC40F20251EFE7A4
:10F9A000000100F1A04000F56220C0F82025C0F859
:10F9B000243508BDE44A0300634A030066FC0200E4
:10F9C0007C4B0300012303FA00F010F0670F0AD00C
:10F9D000064B5B68DB4303F0670303420CBF6FF029
:10F9E0001500002070474FF0FF3070474807002097
:10F9F00038B50F4B1B78012B0ED14FF0FF306FF055
:10FA000040410C4CD4E90023904271EB0305F9D33B
:10FA10001046C3F3130138BD0749084840F21913D3
:10FA2000074A08F035FC40F21911054808F027FC98
:10FA30004807002040270E50994B030066FC020047
:10FA4000F84A030030B50C25074B1C1894F85440B5
:10FA500005FB0433C3E9031218750123034A8340ED
:10FA6000C2F8243330BD00BF4807002000200E50EC
:10FA7000F0B5504D85B02C78002C40F095804E4A62
:10FA800001AB07CA83E807004C491846D1F8102596
:10FA900022F00202C1F81025FFF7EEFE07236722CD
:10FAA00002F001012144013BCCB24FEA5202F7D1EE
:10FAB000052C7CD119464FF0010C3E4E00246720E6
:10FAC000CFB204E00CFA02F220EA0200013490FA0C
:10FAD000A0F25FFA84FEBE45B2FA82F2F2D301319F
:10FAE000327505292A4482F8547006F10C06E5D1D6
:10FAF0000121002432489A0801FA02F212F0670F3D
:10FB000018BF1C500433302BF5D1E420F1F7B8FEB8
:10FB10002A4B0024D3F81025012622F00202C3F854
:10FB2000102540F6FF72C3F82823C3F88041C3F8BC
:10FB30008040C3F88441C3F88440C3F88841C3F8C7
:10FB40008840C3F88C41C3F88C40C3F89041C3F897
:10FB50009040C3F89441C3F89440C3F89841C3F867
:10FB60009840C3F89C41C3F89C40C3F8A041C3F837
:10FB7000A040C3F8A441C3F8A440C3F8A841C3F807
:10FB8000A840C3F8AC41C3F8AC401E660D4B0E4A0A
:10FB90001B685D20B3FBF2F358430C4B334398478B
:10FBA00020462E7005B0F0BD6FF07700FAE76FF0D9
:10FBB0008B00F7E7480700203CEA020000200E50C7
:10FBC00000210E50200B002040420F0060ED02008B
:10FBD00038B52D4B0C461B78012B0BD02B492C48EC
:10FBE00040F206232B4A08F053FB40F20621294835
:10FBF00008F045FB284BD3F8102595073DD4D3F8E2
:10FC0000102542F00202C3F81025C0B1D3F84827EE
:10FC100012F0010202BFD3F8481741F00101C3F806
:10FC200048171D4BD3F84017D3F844174900F9D4AF
:10FC30002AB9D3F8482722F00102C3F84827174B06
:10FC4000174A1B681449B3FBF2F303EB4313BBB130
:10FC5000D1F84027D1F8445715F080450BD14FF02B
:10FC6000FF312046FFF7E4FD002803DB2078FFF793
:10FC7000D5FD284638BD013BE9E76FF07700F9E78D
:10FC80006FF07300F6E700BF48070020994B0300B0
:10FC900066FC0200F84A030000200E50200B0020F2
:10FCA00040420F002DE9F04104461D46FFF78AFE51
:10FCB000904607469DF8186058B11549154840F21E
:10FCC000BB23154A08F0E4FA40F2BB21124808F0C1
:10FCD000D6FA12490B1993F854300C3301EBC300D8
:10FCE00041F8332045602B4620466EB10C4EA400EF
:10FCF000FFF73AFE33592BB1FFF77AFE4045A94191
:10FD000000D23751BDE8F081BDE8F041FFF72CBECD
:10FD1000C24B030066FC0200F84A030048070020BB
:10FD200000210E50F8B50546FFF74CFE58B11149B9
:10FD3000114840F21933114A08F0AAFA40F2193179
:10FD40000E4808F09CFA0E48431993F854300C33CF
:10FD500050F8334000EBC30CDCF80460641846F143
:10FD6000000640F83340CCF804602846BDE8F8406F
:10FD7000FFF7B8BDC24B030066FC0200F84A03005F
:10FD8000480700202DE9F7432C4B2D4FD3F82C6367
:10FD900007F1880916B903B0BDE8F08396FAA6F812
:10FDA0000123B8FA88F803FA08F3D94326EA0306D0
:10FDB00007EB080393F854500C2303FB0573187DDD
:10FDC00040450BD01F49204840F2B7331F4A08F086
:10FDD0005FFA40F2B7311D4808F051FA1C4CDB685D
:10FDE0004FEA880214441BB3D9E8EF3F03EA01024B
:10FDF000C9E8EC2FBCF1000FF6D123FA08F3DB07BA
:10FE000011D5FFF791FD02460B4621680029C1D0AC
:10FE1000002121600C2101FB0575296940460091F4
:10FE2000E9688847B6E707EBC503D3E91823ECE791
:10FE30002268002AAED02360ACE700BF00200E503D
:10FE400048070020E14B030066FC0200F84A03006B
:10FE500000210E50064C08B50649074840F2D6234B
:10FE6000224608F015FA40F2D621204608F007FA9B
:10FE7000054C0300394C030066FC0200202908B53C
:10FE800001D9FFF7E7FF054B40EA0120C3F8000561
:10FE9000D3F80024D207FBD508BD00BF00E0045012
:10FEA00008B5124BA822002118460DF0CAFD032206
:10FEB0000F49026142610F4A8161C2614FF4806261
:10FEC0000262002282624262C26201660A490346FD
:10FED00041661021816609490267C266426711F8CE
:10FEE000010D98540132102AF9D108BD7004002088
:10FEF0005F4C03007000002060000020784C03007D
:10FF00002DE9F84F1826DFF87C80074606FB008EA7
:10FF100000FB0666DEF82440DEF828C0464473681D
:10FF2000A4458946154603EB040022D8DEF820B02C
:10FF3000ABEB040A0AF1FF339A4203D80DF05AFDE5
:10FF40002C440FE063449A4219D852462C440DF0D9
:10FF500051FDB4EB0B0405D02246706809EB0A0191
:10FF60000DF048FD1823012003FB07835C62BDE808
:10FF7000F88F0CF1FF3CACEB040C9445DED2002072
:10FF8000F5E700BF700400201822034B02FB00338A
:10FF90009A6A586A801A704770040020002310B4CF
:10FFA000074A0849C85C12F8014D844204D1013364
:10FFB000102BF7D110BC704710BCFFF771BF00BF0A
:10FFC000784C03007004002038B5436905463BB9FE
:10FFD0000024EA686042537843F00103537038BD4F
:10FFE000984704460028F3D000F1FF03FE2B0ED9FA
:10FFF0002123094A09490A4808F04AF929680948A9
:020000022000DC
:10000000224608F045F92121034808F038F9EB6849
:1000100044421C70DDE700BF794C03009C4C030098
:1000200066FC0200B44C030010B50446EFF79CFFD9
:1000300003480121034A08F028FF20460BF04BFE3D
:10004000BCE80200D94C03002DE9F84304460D46F4
:1000500000AFEFF31188402383F31288BFF36F8F53
:100060000428314A98BF314BE9468AB09668117C22
:1000700098BF53F820306A4688BF2D4BC2E907313C
:1000800040F201332B4893842B4BC2E9050442F81C
:10009000103F00234FF431512848F0F7C3F8CD4604
:1000A00045B1EB69C3F3080323B10121244A234876
:1000B00008F0EBFE2EB130460BF0F5FE08B10378E8
:1000C00003B92048E9468AB06A461F4BD061C2E9AD
:1000D000053640F2013313841C4B42F8103F0023D5
:1000E0004FF411511548F0F79DF82946CD462046AA
:1000F000FFF79AFF042C0CD115498723154A16489F
:1001000008F0C6F8154808F0C3F88721114808F030
:10011000B6F888F31188BFF36F8F3046F1F754FBC0
:10012000BD46BDE8F88300BF683C00206CF40200C7
:10013000E84C0300F64C030005000001BCE8020097
:100140001E4D03009E1703003F4D030004000001F5
:10015000794D0300574D030066FC0200964D0300E5
:1001600038B50A4B53F82040013053F82050A542CF
:1001700000D838BD606830B1037EDB0701D4FFF7DB
:1001800023FF0834F3E723689847FAE780F4020076
:10019000012270B5374B032086B01A70FFF7E0FFDD
:1001A0000BF0B6FF0420FFF7DBFF334C334DAC42BE
:1001B000264628D932494423324A334808F068F8A1
:1001C000324808F065F844212E4808F058F854F8F1
:1001D0000C3C059354F8103C049354F8143C0393DE
:1001E00054F8183C029354F81C3C019354F8203CFA
:1001F000009354E90A2354E90C0101F0F5FE54F888
:10020000303C5E65D3E7AE4204F13004DFD302F048
:1002100065FC194C1E4EAC421FD919496823194A76
:10022000194808F035F8194808F032F86821CBE78A
:10023000D4E90A23B3F1FF3F08BFB2F1FF3F05D075
:1002400052EA0301206803D102F0A8FE3034E2E74D
:100250003146183003F08AFAF8E7E9D302F0B0FC2F
:10026000EDF78AFE0B4A137B23F00103137306B0EC
:1002700070BD00BF8148002088E60200B8E6020099
:10028000364E0300154E030066FC020075030300A2
:100290000BBF020018350020C82370B5144E86B07D
:1002A00003FB0066134B012205930F23CDE90332B4
:1002B0000023CDE9013314234FF4A0720E4D0F49F2
:1002C00003FB0055044602FB00110D4B3046009520
:1002D00001F08AFE737B2C7423F004037373094BC3
:1002E000013403EBC423EE606B6006B070BD00BF49
:1002F00050340020634E0300683C002098750020B5
:10030000F5070200986D00207FB50020FFF728FF59
:10031000344B03F5006282F3088883F30A88E023F4
:10032000314C84F822302023E37700232376637650
:10033000A37684F82030626A42F4E022626284F894
:100340002330F1F7BBF9F1F753FB4FF0FF33A36212
:10035000E362F1F725FDF1F771FBEFF733FD234879
:1003600001F04AFF224B234A93420ED92249CC2363
:10037000224A234807F08CFF224807F089FFCC214E
:100380001E4807F07CFF1C33EEE7FCD30120FFF78B
:10039000E7FE02201C4CFFF7E3FE02F0A1FC1B4B22
:1003A00000255C611A4B4FF46062059301231949E3
:1003B000CDE903532046184BCDE90155009501F0D6
:1003C00013FE0646637B204623F00403637302F0AA
:1003D00081F82846FFF760FF314620460E4AF1F7C4
:1003E000E5FA00BF986D002000ED00E0C83600205F
:1003F00078DC020074DD0200684E0300154E030035
:1004000066FC02007503030018350020683C0020DC
:10041000804E0300D87600209101020038B50D4CC3
:100420000D4DAC4213D90D4925230D4A0D4807F057
:100430002FFF0D4807F02CFF2521094807F01FFF6B
:100440002046D4E901120BF04EFC1834E9E7F7D34B
:10045000002038BD400C0020580C0020F24E030054
:10046000884E030066FC020075030300F8B50546DC
:100470000E4600F11404EFF31187402383F3128832
:10048000BFF36F8F204603F0BFF868B988231B4A7B
:100490001B491C4807F0FCFE21461B4807F0F8FEEC
:1004A0008821164807F0EBFE204603F0D1F82846D5
:1004B0003146EDF795FE05F10C000BF034FD28B147
:1004C00039462046BDE8F84002F0AEBA204603F0B7
:1004D000A9F868B94FF49A73084A0C49094807F01B
:1004E000D7FE21460A4807F0D3FE4FF49A71D8E7A9
:1004F00087F31188BFF36F8FF8BD00BFD4FF0200F0
:100500000100030066FC0200160003002C0003003B
:1005100043000300002038B50C4C0D4DAC4213D9FC
:100520000C4995230C4A0D4807F0B2FE0C4807F021
:10053000AFFE9521084807F0A2FE20460BF0DDFB38
:10054000002802DB2034E9E7F7D338BDE00B0020B8
:10055000400C0020304F03000B4F030066FC0200EC
:10056000750303002DE9F74305460F4691461C46E7
:1005700000F10806EFF31188402383F31288BFF3DC
:100580006F8F304603F040F860B98823314A324912
:10059000324807F07DFE3146314807F079FE882168
:1005A0002C4826E0304603F053F82B691BB33B6020
:1005B0001C68EB692C610133EB6114B96A699342E1
:1005C0001FD0EB68E41A09D4D5E905235A43A242A7
:1005D00004D9B4FBF3F203FB124494B12149EA239A
:1005E000214A1E4807F054FE204807F051FEEA2138
:1005F0001D4807F044FE59EA040214D16FF00B04C1
:100600003B60304603F00EF8F0B94FF49A73114A8C
:100610001749124807F03CFE3146164807F038FEED
:100620004FF49A71BCE7CDE900942A464146304622
:1006300002F03AF8044618B90F4B9B681B693B60FF
:10064000204603B0BDE8F08388F31188BFF36F8FB5
:10065000F6E700BFD4FF02000100030066FC0200C1
:10066000160003004D4F03000B4F0300C94F03005A
:100670002C00030043000300683C00202DE9F843F0
:10068000C3680546CB1A0E4623D4D0E90512514360
:1006900099421ED9B3FBF2F102FB1133CBB900F141
:1006A0000807EFF31189402484F31288BFF36F8F9A
:1006B000384602F0A9FFD8B98823414A4149424847
:1006C00007F0E6FD3946414807F0E2FD88213C4845
:1006D0000CE03F494FF489733E4A3B4807F0D8FD90
:1006E0003D4807F0D5FD4FF489713A4807F0C7FD42
:1006F000384602F0ADFFD5F81080B8F1000F40D1B8
:10070000EFF3118384F31288BFF36F8F83F31188A3
:10071000BFF36F8F5BB93149A623314A2A4807F0EE
:10072000B7FD304807F0B4FDA6212D48DEE72C6860
:10073000A54226D02CB3A3683BB92B498F23284A66
:10074000214807F0A5FD8F21EFE7D4E900321360BF
:100750005A60637BC4E9008823F002036373C4F822
:10076000088004F1180003F0DDF82046C4F8C080CA
:10077000266101F0AFFE49463846BDE8F84302F075
:1007800053B92B6938463360EB692E61013BEB614D
:1007900002F048FF68B94FF49A73094A13490A48AE
:1007A00007F076FD3946124807F072FD4FF49A7152
:1007B0008DE789F31188BFF36F8FBDE8F88300BF21
:1007C000D4FF02000100030066FC020016000300D3
:1007D000B24C03000B4F0300E44F03003150030001
:1007E00006500300EF4E0300495003002C000300A5
:1007F0004300030008B50D4B9B6893F90E30002BA6
:1008000009DB4024EFF3118384F31288BFF36F8F69
:1008100008F07EFDF6E7064906481C23064A07F065
:1008200037FD1C21044807F02AFD00BF683C00206A
:100830008150030066FC0200605003002DE9F34183
:10084000044617461E46EFF3058565B158496F23E8
:10085000584A594807F01CFD584807F019FD6F2108
:10086000544807F00CFDEFF31188402383F31288FE
:10087000BFF36F8F524802F0C7FE60B98823514A18
:1008800051494D4807F004FD4D49504807F000FD1F
:1008900088214C48E5E74A4802F0DAFEE3684C4A12
:1008A0009BB1A0689168884229D057EA06032ED1EF
:1008B000434802F0B7FEA0B188F31188BFF36F8FF1
:1008C0006FF00F0002B0BDE8F081916891F90E1051
:1008D0000133E36093683A482161A36002F0A2FE0D
:1008E00078B94FF49A73374A3A49334807F0D0FC45
:1008F0003349394807F0CCFC4FF49A71C9E72169B4
:10090000E6E788F31188BFF36F8F0020DAE791F9EB
:100910000E1090F90E306FF07E029942A8BF194672
:100920009142B8BF11468B4202DD0BF000FA05463A
:1009300022464146CDE90076214801F0B5FE002867
:10094000E3D0EFF31186402383F31288BFF36F8F58
:100950001B4802F059FE002890D0194802F078FE9A
:10096000A068C0B1236821699C420AD04BB193F9B9
:100970000E309942A8BF19466FF07E039942B8BF66
:1009800019460BF0D4F930B131460D4802F04CF85D
:100990006FF00A0096E7002DF6D1094802F042FEFA
:1009A00000289ED086F31188BFF36F8FF0E700BF59
:1009B000CB500300A950030066FC0200DD50030089
:1009C0008C3C0020D4FF020001000300160003004D
:1009D000683C00202C00030043000300F8B50546E6
:1009E000EFF3058363B15549D723554A554807F0BE
:1009F0004FFC554807F04CFCD721514807F03FFC0D
:100A00008368002B00F09380504A9268934240F034
:100A10009180C3683BB94E49EF23494A494807F0E2
:100A200037FCEF21E9E7012B03D0013BC360002035
:100A3000F8BDEFF31187402484F31288BFF36F8F62
:100A4000444802F0E1FD60B98823434A43493D48E8
:100A500007F01EFC3F49424807F01AFC88213E4837
:100A6000CCE73C4802F0F4FD2969A8680BF05FF977
:100A7000EFF3118384F31288BFF36F8F83F3118830
:100A8000BFF36F8F5BB93749A623374A2D4807F06C
:100A9000FFFB364807F0FCFBA6213348AEE72C6885
:100AA000AC4215D100232B48C5E9023302F0BAFD50
:100AB000002837D14FF49A73274A2D49214807F06F
:100AC000E7FB24492B4807F0E3FB4FF49A71C6E794
:100AD000002CE7D0A3683BB927498F23224A194845
:100AE00007F0D6FB8F21D8E70026D4E90032136047
:100AF0005A60637BC4E9006623F002036373A66057
:100B000004F1180002F00EFFAC6094F90E3020469C
:100B10002B61C4F8C06001F0DDFC39460D4801F0DE
:100B200083FF84E787F31188BFF36F8F7FE76FF050
:100B300015007DE74FF0FF307AE700BFCB50030090
:100B4000A950030066FC0200DD500300683C002051
:100B5000025103008C3C0020D4FF0200010003007E
:100B6000160003003150030006500300EF4E03004F
:100B70002C000300430003004950030008B58368BC
:100B80004BB90B490B488F230B4A07F081FB8F2190
:100B9000094807F074FBD0E9003213605A60002363
:100BA000427BC0E9003322F002024273836008BD39
:100BB0004950030066FC0200065003002DE9F0478F
:100BC00004460F4691469A469DF8208000F108059C
:100BD000EFF31186402383F31288BFF36F8F28460B
:100BE00002F012FD60B98823504A5149514807F07C
:100BF0004FFB2946504807F04BFB88214B481DE02E
:100C0000284602F025FDB8F1000F00D06768EFF329
:100C10001183402282F31288BFF36F8F83F3118810
:100C2000BFF36F8F63B94549A623454A414807F092
:100C30002FFB444807F02CFBA621414807F01FFB7F
:100C4000234653F80C8F984519D0B8F1000F16D0F1
:100C50004046FFF793FF08F1180002F063FE0023FF
:100C60004046C8F8C030C8F8109001F033FC314657
:100C7000284601F0D9FE00242046BDE8F087BAF1ED
:100C8000000F14D0082003F035FA002846D00122C6
:100C9000C0F804900260016801F003015FB92268A6
:100CA0000A430260626820606AB960600BE04846EF
:100CB000C9F800A0EFE73A68032A24D80160616808
:100CC000D9B9C4E9000004F11400042103F0B4F818
:100CD00004460028CBD1284602F0A4FC08BB4FF400
:100CE0009A73124A1849134807F0D2FA294617484E
:100CF00007F0CEFA4FF49A7180E70A6802F0030217
:100D000002430A60D1E722F003020A4302603A6814
:100D100002F0030240EA02033B60D4E76FF00B04E9
:100D2000D9E786F31188BFF36F8FA5E7D4FF0200E0
:100D30000100030066FC02001600030031500300AE
:100D400006500300EF4E03002C0003004300030095
:100D50002DE9F743064690461F4600F10805EFF3DC
:100D60001189402383F31288BFF36F8F284602F066
:100D70004BFC68B98823254A2549264807F088FA9C
:100D80002946254807F084FA8821204807F077FA99
:100D9000284602F05DFC3468FCB12368726823F0D9
:100DA0000303944220464FF00101336008BF736093
:100DB0000AF0CCFF0446284602F034FCE8B94FF4B0
:100DC0009A73124A1549134807F062FA29461448E3
:100DD00007F05EFA4FF49A71D7E758EA0703EAD0B2
:100DE00049462846CDE9008706F10C0201F05CFC7B
:100DF00038B90C4B9B681C6903E089F31188BFF379
:100E00006F8F204603B0BDE8F08300BFD4FF02001F
:100E10000100030066FC0200160003002C00030022
:100E200043000300683C002008B583684BB90B49B8
:100E30000B488F230B4A07F02BFA8F21094807F044
:100E40001EFAD0E9003213605A600023427BC0E9E9
:100E5000003322F002024273836008BD4950030050
:100E600066FC02000650030070B50446EFF31186DD
:100E7000402585F31288BFF36F8F334802F0C4FB1F
:100E800060B98823314A3249324807F001FA2E49C5
:100E9000314807F0FDF988212C4818E02A4802F073
:100EA000D7FBEFF3118385F31288BFF36F8F83F3C2
:100EB0001188BFF36F8F63B92849A623284A2548B4
:100EC00007F0E6F9274807F0E3F9A621244807F0E0
:100ED000D6F92568AC4213D095B12846FFF7A4FF98
:100EE00005F1180002F01EFD00232846C5F8C030A9
:100EF00001F0F0FA3146BDE87040134801F094BDAE
:100F0000D4E902329A4218BF01330221A36004F1EE
:100F1000100002F091FF0028ECD10B4802F082FB98
:100F200068B94FF49A73094A0F490A4807F0B0F9B3
:100F300005490E4807F0ACF94FF49A71ACE786F317
:100F40001188BFF36F8F70BD903C0020D4FF02006A
:100F50000100030066FC020016000300315003008C
:100F600006500300EF4E03002C0003004300030073
:100F7000F7B5044616461D46EFF305837BB152EAEA
:100F800005030CD02D4988232D4A2E4807F080F9FF
:100F90002D4807F07DF98821294807F070F9EFF313
:100FA0001187402383F31288BFF36F8F274802F025
:100FB0002BFB60B98823264A2649224807F068F9A6
:100FC0002249254807F064F988212148E5E71F48B0
:100FD00002F03EFBA368D3B1013B1C48A36002F0C2
:100FE00021FB68B94FF49A73194A1C49154807F058
:100FF0004FF916491A4807F04BF94FF49A71E4E794
:1010000087F31188BFF36F8F002003B0F0BD56EA5D
:1010100005030BD10D4802F005FB0028E2D087F351
:101020001188BFF36F8F6FF00F00EEE7224639464D
:10103000CDE90065054801F037FBE6E739510300CB
:101040001951030066FC0200EF4E0300903C0020A3
:10105000D4FF020001000300160003002C0003006F
:10106000430003002DE9F0470446EFF311884027C1
:1010700087F31288BFF36F8F354802F0C5FA064632
:1010800060B98823334A3449344807F001F93049BC
:10109000334807F0FDF888212E481CE02C4802F068
:1010A000D7FA4FF000096FF00A0AEFF3118387F3C4
:1010B0001288BFF36F8F83F31188BFF36F8F63B90B
:1010C0002849A623284A254807F0E2F8274807F0D0
:1010D000DFF8A621244807F0D2F82568AC420ED0EC
:1010E0006DB12846FFF7A0FE05F1180002F01AFCCA
:1010F0002846C5F8C0A001F0EDF9B146D5E70023B8
:101100000221A36004F1100002F096FEA0B9B9F12B
:10111000000F11D10E4802F085FA98B94FF49A7376
:101120000C4A13490D4807F0B3F80949114807F074
:10113000AFF84FF49A71AFE74146BDE8F047044875
:1011400001F072BC88F31188BFF36F8FBDE8F087A0
:10115000903C0020D4FF02000100030066FC020066
:10116000160003003150030006500300EF4E030049
:101170002C0003004300030007B5074B4FF4006247
:10118000009306494FF0FF33054800F0C5FB0020EF
:1011900003B05DF804FB00BF98F40200D88400207F
:1011A000E03500202DE9F0430446764E764F85B0B9
:1011B000EFF31188402383F31288BFF36F8F30461B
:1011C00002F022FA68B98823704A7149714807F021
:1011D0005FF86C49704807F05BF888216B4807F0AE
:1011E0004EF8304602F034FAD4F8CC50F5B902216A
:1011F00004F1E4000AF0ECFD002840D004F1DC0525
:1012000000220121284602F05FF80028F8D10023CF
:101210004FF0FF3202934FF0FF334146CDE90023F8
:10122000304604F1D40202F0ADF8C1E7D4F8D02082
:101230002B68954208BFC4F8D030C4F8CC30D4F83D
:10124000E430304643F00203C4F8E430EB68D5F8EC
:10125000049023F0040343F00103EB6002F0E2F991
:10126000F8B94FF49A73494A4C494A4807F010F8C4
:1012700044494B4807F00CF84FF49A71AEE7D4F8A4
:10128000E430DD06C3D5C4F8E4003E4802F0CAF9F4
:101290000028E6D088F31188BFF36F8F05B0BDE852
:1012A000F08388F31188BFF36F8FB9F1000F0AD173
:1012B0003C4938484FF438733B4A06F0E9FF4FF495
:1012C000387139488BE72846C847EFF31188402327
:1012D00083F31288BFF36F8F304602F095F9002830
:1012E0003FF471AF304602F0B3F9EB68D90623F052
:1012F000010231D4EA60EB689A0716D5386823F00A
:101300000203EB6088B10021036870B14268954226
:1013100030D1036841BB7A683B60824200D17B6078
:10132000002340F8083BFFF79FFDD4F8E430304637
:1013300023F00203C4F8E430C3F3002502F072F98D
:1013400000288ED088F31188BFF36F8F002D7FF4B3
:101350002FAF01F0CDFC2BE723F01103EB6005F17B
:101360001000FFF781FDC6E70B607B68834208BF72
:101370007960D5E723B11A68014618461346C4E7D9
:101380001A46F9E79C3C0020943C0020D4FF020060
:101390000100030066FC0200160003002C0003009D
:1013A00043000300D15103008F51030070B5C3689F
:1013B0000546C3F340069B070C460DD501220021CC
:1013C00004F108000AF0F4FC00232360054B65607B
:1013D0005A681AB9C3E90044304670BD14605C60B5
:1013E000FAE700BF943C0020F8B5C36804469A07AA
:1013F0000F46C3F340063BD45B0727D40B680BB9F9
:1014000083680B60E368DD0723D5A3685BB92949CE
:10141000294840F25713294A06F03AFF40F2571183
:10142000264806F02CFF02263B603D68002D3ED08A
:10143000234B9A68D5F8C8309A420CD0D5F8E430DE
:10144000D807C3F3800216D46FF0120600233B6066
:1014500027E00126E9E70AF020FDD5F8E43000286E
:10146000EED1D907C3F3C002EED552B15B0708D461
:101470006FF00F06EAE7002AFAD1C3F3C003002B8E
:10148000F6D100232360D5F8D03063B9C5E93344E1
:1014900028460AF0B8FCE36843F00403E3603B68C5
:1014A000A3603046F8BD1C60C5F8D040F0E76FF08F
:1014B0001506CBE7B051030066FC02008F51030014
:1014C000683C002073B50446EFF31185402383F395
:1014D0001288BFF36F8F1E4802F096F868B9882310
:1014E0001C4A1D491D4806F0D3FE19491C4806F048
:1014F000CFFE8821174806F0C2FE154802F0A8F872
:1015000000230321201F0193A4F110060AF060FCC0
:1015100028B1A369304601A90193FFF765FF0C4884
:1015200002F080F868B94FF49A730A4A0D490B48E3
:1015300006F0AEFE06490C4806F0AAFE4FF49A717A
:10154000D8E785F31188BFF36F8F02B070BD00BF7D
:101550009C3C0020D4FF02000100030066FC020056
:10156000160003002C0003004300030038B50D46AD
:10157000044648B90C499C230C4A0D4806F088FEE5
:101580009C210A4806F07BFE39B90A499D23074A87
:10159000074806F07DFE9D21F3E7102200210CF0A4
:1015A00050FA656038BD00BF6C5203008F510300D4
:1015B00066FC0200D1510300F8B5C368064603F08B
:1015C0000503002B0C4614BF0127002729D085688E
:1015D0005DB91D491D4840F2C1131D4A06F058FE71
:1015E00040F2C1111A4806F04AFE0122002104F11E
:1015F00010000AF0DDFB20461649FFF7B7FFE3684D
:1016000043F01003E360F3685B0712D5336823608F
:101610006BB9D5F8D03033B9C5E9334428460AF060
:10162000F2FB3846F8BD1C60C5F8D040F6E73460E0
:10163000F4E7D5F8CC302360D5F8D030C5F8CC40ED
:10164000002BEBD1F0E700BFB651030066FC0200AF
:101650008F510300E7BD020038B50446EFF3118552
:10166000402383F31288BFF36F8F184801F0CCFF3B
:1016700068B98823164A1749174806F009FE134926
:10168000164806F005FE8821114806F0F8FD0F48BF
:1016900001F0DEFFE4680D4804F01F0401F0C2FF12
:1016A00068B94FF49A730A4A0D490B4806F0F0FDE9
:1016B00006490C4806F0ECFD4FF49A71E4E785F317
:1016C0001188BFF36F8F204638BD00BF9C3C0020BF
:1016D000D4FF02000100030066FC020016000300B4
:1016E0002C0003004300030037B50C46019059B9A4
:1016F000284940F27D13284A284806F0C9FD40F2E7
:101700007D11254806F0BBFD4B684BB924494FF4C9
:10171000BF73214A214806F0BBFD4FF4BF71F0E7CB
:10172000EFF31185402383F31288BFF36F8F1D48B9
:1017300001F06AFF60B988231B4A1C49174806F06C
:10174000A7FD18491A4806F0A3FD88211648D9E7D5
:10175000144801F07DFF204601A9FFF745FE04462D
:10176000104801F05FFF68B94FF49A730E4A1149AF
:101770000A4806F08DFD0B490F4806F089FD4FF42D
:101780009A71E3E785F31188BFF36F8F204603B0AA
:1017900030BD00BF6C5203008F51030066FC020095
:1017A000CB5103009C3C0020D4FF02000100030049
:1017B000160003002C00030043000300014601480B
:1017C0000AF05BBBE035002070B50C46054658B901
:1017D000384940F2CD13384A384806F059FD40F2F6
:1017E000CD11354806F04BFDC368DB0509D53449FA
:1017F0004FF4E773304A314806F04AFD4FF4E77181
:10180000EFE70AF04AFB48B12E4940F2CF132A4ACB
:101810002A4806F03DFD40F2CF11E2E74CB92A49D3
:101820004FF4E873244A254806F032FD4FF4E8717E
:10183000D7E7EFF31186402383F31288BFF36F8F4E
:10184000224801F0E1FE60B98823214A21491B4862
:1018500006F01EFD1D49204806F01AFD88211C488F
:10186000C0E71A4801F0F4FE28462146FFF7A4FE1F
:101870000546164801F0D6FE68B94FF49A73144A2B
:1018800016490E4806F004FD1049154806F000FD03
:101890004FF49A71E3E786F31188BFF36F8F3DB180
:1018A0004FF0FF324FF0FF3304F11000FFF760FB01
:1018B000284670BD6C5203008F51030066FC020085
:1018C000E8510300FA260300175203009C3C002055
:1018D000D4FF020001000300160003002C000300E7
:1018E0004300030008B558B90849094840F20533D8
:1018F000084A06F0CDFC40F20531064806F0BFFC70
:10190000E82200210CF09DF808BD00BFB65103008D
:1019100066FC02008F510300F0B589B004460E9DAD
:1019200058B92F4940F232332E4A2F4806F0B0FC06
:1019300040F232312B4806F0A2FC49B92B4940F263
:101940003333284A284806F0A3FC40F23331F1E74C
:10195000D0F8E40010F0010009D025494FF44D7390
:10196000204A214806F094FC4FF44D71E2E7C4E9A7
:10197000330004F1D400C4E9350004F1DC00C4E90B
:10198000370055B32879002840F2011008BF012024
:10199000C4F8E40000204FF0FF364FF0FF37CDE9E8
:1019A0000330CDE90100CDE906672046114B0094D4
:1019B00000F0DCFB55B1296811B1204600F004FBB2
:1019C0006B791BB1237B43F001032373204601F0A5
:1019D000E5FAC4F8C84009B0F0BD0120D8E700BF5F
:1019E0005F5203008F51030066FC02006552030042
:1019F0002B520300A511020038B50D46044658B914
:101A00000F494FF478730F4A0F4806F041FC4FF42A
:101A100078710C4806F033FC49B90C4940F2E133C7
:101A2000084A094806F034FC40F2E131F1E730227F
:101A300000210CF006F84FF480736560E36038BD58
:101A40006B5203008F51030066FC0200D15103006A
:101A5000F7B50C4616461D46019058B9334940F279
:101A60005743334A334806F013FC40F2574130489D
:101A700006F005FC49B930494FF48B632C4A2D48D8
:101A800006F006FC4FF48B61F1E7EFF3118740237A
:101A900083F31288BFF36F8F284801F0B5FD60B95A
:101AA0008823274A2749234806F0F2FB2349264882
:101AB00006F0EEFB88212248DAE7204801F0C8FD55
:101AC000E36813F01E0F27D155EA060216D120460F
:101AD00001A9FFF789FC0446184801F0A3FDE8B905
:101AE0004FF49A73164A1949124806F0D1FB13496C
:101AF000174806F0CDFB4FF49A71DCE743F008037A
:101B0000E360019B04F11000A36232462B461149A9
:101B100001F02CFE0124DFE70024DDE787F31188C4
:101B2000BFF36F8F204603B0F0BD00BFB651030076
:101B30008F51030066FC02006B5203009C3C0020A6
:101B4000D4FF020001000300160003002C00030074
:101B500043000300C514020001460148FFF778BFA7
:101B6000E0350020F7B50C4616461D46019058B9E1
:101B7000324940F27A43324A324806F089FB40F259
:101B80007A412F4806F07BFB49B92F4940F27B434D
:101B90002B4A2C4806F07CFB40F27B41F1E7EFF347
:101BA0001187402383F31288BFF36F8F274801F01A
:101BB0002BFD60B98823264A2649224806F068FB97
:101BC0002249254806F064FB88212148DAE71F48AE
:101BD00001F03EFD20460AF007F955EA060316D14A
:101BE000204601A9FFF700FC0446184801F01AFD41
:101BF000E0B94FF49A73164A1849124806F048FBA8
:101C00001249174806F044FB4FF49A71DDE7E36888
:101C100004F1100043F00803E360019B3246A36225
:101C200010492B4601F0A2FD0124DEE787F311885D
:101C3000BFF36F8F204603B0F0BD00BFB651030065
:101C40008F51030066FC02006B5203009C3C002095
:101C5000D4FF020001000300160003002C00030063
:101C600043000300C514020001460148FFF77ABF94
:101C7000E035002038B5044658B92349234840F2DE
:101C80009C43234A06F004FB40F29C41204806F0A6
:101C9000F6FAEFF31185402383F31288BFF36F8FB9
:101CA0001C4801F0B1FC60B988231B4A1B49174846
:101CB00006F0EEFA17491A4806F0EAFA88211648A3
:101CC000E5E7144801F0C4FC20460AF08DF82046F0
:101CD0000AF0A0F804460F4801F0A4FC68B94FF4DC
:101CE0009A730D4A0F49094806F0D2FA09490E487D
:101CF00006F0CEFA4FF49A71E1E785F31188BFF34D
:101D00006F8F204638BD00BF6B52030066FC020097
:101D10008F5103009C3C0020D4FF0200010003000F
:101D2000160003002C00030043000300F8B50D4625
:101D3000044658B93E4940F2AD433E4A3E4806F09B
:101D4000A7FA40F2AD413B4806F099FA49B93B4940
:101D500040F2AE43374A384806F09AFA40F2AE41B4
:101D6000F1E70AF09AF848B1354940F2AF43314AF9
:101D7000314806F08DFA40F2AF41E4E7EFF3118607
:101D8000402383F31288BFF36F8F2E4801F03CFC91
:101D900060B988232C4A2D49274806F079FA294949
:101DA0002B4806F075FA88212748CDE7254801F031
:101DB0004FFCE36803F01F03002B14BF012700272B
:101DC00017D1204801F02EFC68B94FF49A731E4ACF
:101DD0002049194806F05CFA1A491F4806F058FADB
:101DE0004FF49A71E0E786F31188BFF36F8F38469E
:101DF000F8BD204609F0F8FF20460AF00BF820460F
:101E00002946FFF7D3FA04460E4801F00BFC0028E0
:101E1000DBD086F31188BFF36F8F002CE7D04FF033
:101E2000FF324FF0FF3305F10800FFF7A1F8DEE7BE
:101E30006B5203008F51030066FC0200175203002F
:101E4000FA2603009C3C0020D4FF0200010003009E
:101E5000160003002C0003004300030008B583684C
:101E60004BB90B490B488F230B4A06F011FA8F210F
:101E7000094806F004FAD0E9003213605A600023E2
:101E8000427BC0E9003322F002024273836008BD46
:101E90004950030066FC0200065003002DE9F84398
:101EA0000546EFF31188402787F31288BFF36F8F41
:101EB0003B4801F0A9FB60B988233A4A3A493B48BC
:101EC00006F0E6F936493A4806F0E2F98821354845
:101ED00018E0334801F0BCFBEFF3118387F312885D
:101EE000BFF36F8F83F31188BFF36F8F63B93149ED
:101EF000A623314A2D4806F0CBF9304806F0C8F940
:101F0000A6212D4806F0BBF92C68A54234D09CB31D
:101F100000262046FFF7A2FF04F1180001F002FDA1
:101F2000B1462046C4F8C09000F0D4FA0136EFF371
:101F3000118387F31288BFF36F8F83F31188BFF388
:101F40006F8F002BD3D02C68A54210D07CB12046D7
:101F5000FFF784FF04F1180001F0E4FCE1E788F3E7
:101F60001188BFF36F8F00263046BDE8F8834146E5
:101F70000B4800F059FDF7E7094801F053FB002832
:101F8000EDD14FF49A73074A0D49084806F080F9DD
:101F900003490C4806F07CF94FF49A7197E700BFAB
:101FA000A03C0020D4FF02000100030066FC0200F8
:101FB000160003003150030006500300EF4E0300EB
:101FC0002C0003004300030010B5044608B9054B7C
:101FD0009C681F2204F188000BF05DFD002084F84E
:101FE000A70010BD683C00202DE9F04F85B0119E80
:101FF00004460F2E0F469946DDF838B0DDF84C80C8
:102000004FD14E498B4250D104F15801C4E9161109
:102010001299002521730421A673D61D26F0070608
:1020200007EB060A617320465146C4E90655A560D0
:10203000E573EFF7ADF8109B073020F00700C4E917
:102040002A76C4F8B00002930F9BAAEB0006CDE9F4
:1020500000B332464B4639462046EFF78BFC0F9BC8
:10206000C4E91D9BE367109B656584F87050C4F854
:102070008030EFF31189402383F31288BFF36F8F11
:102080002F4801F0C1FA18BB88232E4A2E492F4849
:1020900006F0FEF82A492E4806F0FAF88821294869
:1020A00014E006F110011E29AED940F24B23294A53
:1020B0002949264806F0ECF8314628486FF00F030E
:1020C0000E2206F0E5F840F24B21224806F0D7F840
:1020D000234F1B4801F0BCFA3B6A1948C4F884300E
:1020E0003C6201F09FFA68B94FF49A73154A1D4992
:1020F000164806F0CDF812491B4806F0C9F84FF40F
:102100009A71CCE789F31188BFF36F8FB8F1000F94
:1021100011D01F22414604F188000BF0BCFC84F86A
:10212000A750BB680BB1D3F8B4303046C4F8B43014
:1021300005B0BDE8F08F84F88880F2E7F50702006B
:10214000B03C0020D4FF02000100030066FC020046
:102150001600030080520300A35203002353030020
:10216000683C00202C00030043000300F0B587B05A
:102170000446DDE91276EFF3058575B1194940F2A1
:102180001A33194A194806F083F8194806F080F8FE
:1021900040F21A31144806F072F80595109D049526
:1021A0000F9D03950E9D02950D9D01950C9D00952B
:1021B000FFF71AFFB6F1FF3F08BFB7F1FF3F05D0A9
:1021C00056EA070305D1204600F0E8FE204607B096
:1021D000F0BD3A46334604F11800064901F0C6FA4C
:1021E000F4E700BFCB5003008052030066FC0200FE
:1021F000545303000BBF020040F2011383810023FC
:1022000010B50446C0E92A3301F06EFF014B9C6013
:1022100010BD00BF683C002070B590F90D20437BD5
:10222000002A5ADBDC0658D12D4A43F08003904245
:10223000437309D12B4952232B4A2C4806F028F826
:102240005221294806F01BF8D90707D528495323FE
:10225000254A264806F01CF85321F2E7254C224671
:1022600052F8183FE169934207D1C0E900210860A4
:10227000E06111E09942F8D01B68002BF5D090F98D
:102280000E5093F90E60B542F4D0AE42F2DD5968BB
:10229000C0E9003108605860A569954200D005B9D1
:1022A000E568A3685BB91449EA23144A0F4805F0AE
:1022B000EFFF134805F0ECFFEA211048C2E75A7B14
:1022C000D20604D1DA897F2A01D9AA6932B1AB4298
:1022D00002D0284601F010F9656170BD6361FCE72A
:1022E000503400209B5303007953030066FC020026
:1022F000BC530300683C002001540300D553030085
:10230000EF4E030038B590F90D200146002A437BBB
:102310001BDA224A03F07F039042437309D120491C
:102320005A23204A204805F0B3FF5A211D4805F0E2
:10233000A6FFDC0707D51D495B231A4A1A4805F09A
:10234000A7FF5B21F2E709F0B0FD194D2A4652F8CC
:10235000184FAB68944200D004B9EC688B4214D09B
:102360005BB91449EA23144A0F4805F091FF13485A
:1023700005F08EFFEA211048D9E75A7BD20604D136
:10238000DA897F2A01D9A2692AB1A34202D0204664
:1023900001F0B2F823466B6138BD00BF5034002015
:1023A0009B5303007953030066FC0200BC530300F7
:1023B000683C002001540300D5530300EF4E030096
:1023C00008B583684BB9094909488F23094A05F0C4
:1023D0005FFF8F21074805F052FF09F066FD437B40
:1023E00023F0020343730023836008BD49500300B8
:1023F00066FC02000650030008B5144A936880B1D9
:10240000597B11F0090F0CD11149D223114A1248FE
:1024100005F03EFF114805F03BFFD2210D4805F0C5
:102420002EFF6FF00A01C3F8C0100D49C3F8BC00BD
:102430004B6843F080534B60002383F31188BFF354
:102440006F8F9368D3F8C00008BD00BF683C0020C0
:10245000525403002854030066FC0200BB540300DE
:1024600000ED00E038B5194CA168E0690B688142C5
:1024700014BF1A46002249680B605960A368E169DD
:102480002AB9134AC3E900210B60E3610CE093F918
:102490000E0092F90E50A84214D0854212DD516808
:1024A000C3E900210B605360A569094B9D4200D030
:1024B00005B9E568A3689D4202D0284601F01CF8E2
:1024C000656138BD9142DCD01268D9E7683C0020D4
:1024D000803C002038B50446EFF31185402383F398
:1024E0001288BFF36F8F174801F08EF868B9882300
:1024F000154A1649164805F0CBFE1249154805F055
:10250000C7FE8821104805F0BAFE0E4801F0A0F879
:102510002046FFF781FE0B4801F084F868B94FF4BC
:102520009A73094A0C490A4805F0B2FE05490B485E
:1025300005F0AEFE4FF49A71E4E785F31188BFF31E
:102540006F8F38BDA43C0020D4FF020001000300BF
:1025500066FC0200160003002C0003004300030089
:1025600038B50446EFF31185402383F31288BFF397
:102570006F8F184801F048F868B98823164A174940
:10258000174805F085FE1349164805F081FE88219D
:10259000114805F074FE0F4801F05AF8A36813B112
:1025A0002046FFF70DFF0B4801F03CF868B94FF4E7
:1025B0009A73094A0C490A4805F06AFE05490B4816
:1025C00005F066FE4FF49A71E2E785F31188BFF3D8
:1025D0006F8F38BDA43C0020D4FF0200010003002F
:1025E00066FC0200160003002C00030043000300F9
:1025F00070B504460D46EFF31186402383F312882D
:10260000BFF36F8F214800F0FFFF68B98823204A8D
:102610002049214805F03CFE1C49204805F038FEC1
:1026200088211B4805F02BFE184801F011F8002303
:1026300094F87010627B84F8703091B18DB11348BA
:1026400000F0F0FFE8B94FF49A73114A14491248A8
:1026500005F01EFE0D49134805F01AFE4FF49A715D
:10266000DFE712F0280FEAD1A36813B12046FFF785
:10267000A7FE637B204623F004036373FFF7CCFDC2
:10268000DDE786F31188BFF36F8F70BDA43C002097
:10269000D4FF02000100030066FC020016000300E4
:1026A0002C000300430003002DE9F047DFF8D4A01D
:1026B000354D1746DDE90898DAF80820334BA84273
:1026C00004460E461A600BD13149324840F29E232F
:1026D000314A05F0DDFD40F29E212F4805F0CFFD87
:1026E000EFF31183402383F31288BFF36F8F2846E3
:1026F00000F08AFF60B98823284A2949254805F057
:10270000C7FD2946274805F0C3FD88212348E5E792
:10271000284600F09DFFDAF808503946284609F0AF
:10272000CCFBB8F1FF3F08BFB9F1FF3F06D04A46E6
:1027300043461D4905F1180001F018F8204600F045
:1027400071FF68B919494FF4B773144A114805F07D
:102750009FFD2146164805F09BFD4FF4B771D5E764
:10276000094800F05FFF40B910494FF4B7730B4AB6
:10277000084805F08DFD0449ECE73046BDE8F04718
:10278000FFF73ABE683C0020A43C0020A83C002093
:10279000E354030066FC020079530300D4FF0200F7
:1027A00001000300160003000BBF02002C00030011
:1027B0004300030070B50546EFF31186402383F311
:1027C0001288BFF36F8F1B4800F01EFF68B9882383
:1027D000194A1A491A4805F05BFD1649194805F0CF
:1027E00057FD8821144805F04AFD124800F030FFDB
:1027F0002C68A54215D014B12046FFF7E1FD0D4825
:1028000000F010FF78B94FF49A730B4A0E490C4848
:1028100005F03EFD07490D4805F03AFD4FF49A7169
:10282000E0E70024EBE786F31188BFF36F8F2046C3
:1028300070BD00BFA43C0020D4FF020001000300D3
:1028400066FC0200160003002C0003004300030096
:102850002DE9F04104460D46EFF31187402383F341
:102860001288BFF36F8F624800F0CEFE60B98823F4
:10287000604A6149614805F00BFD5D49604805F01B
:1028800007FD88215B4818E0594800F0E1FE637BB2
:1028900003F01F02002A0CBF0126002671D1594AFD
:1028A00003F07F039442637309D157495A23574A6F
:1028B000524805F0EDFC5A21544805F0E0FCD907D8
:1028C00007D553495B23514A4C4805F0E1FC5B2195
:1028D000F2E7204609F0E9FA637B6DB243F080032A
:1028E000DA07A573637307D549495323474A434819
:1028F00005F0CEFC5321DFE7DFF81881424652F89D
:10290000183F93423AD1D8F81C10C4E900210C605A
:10291000C8F81C400FE09942F7D01B68002BF4D098
:1029200093F90E008542F6D0A842F4DD5968C4E957
:1029300000310C605C60D8F81840944200D00CB9AB
:10294000D8F80C40D8F808309C4202D0204600F05D
:10295000D3FDC8F81440264800F064FE00283FD19B
:102960004FF49A73234A2C49244805F091FC2049DE
:102970002A4805F08DFC4FF49A7183E7D8F81C10B3
:10298000CCE79B072AD5A16841B925491B488F236D
:10299000244A05F07DFC8F2122488EE720466DB247
:1029A00009F083FAA5730B68994209D14B68C4E911
:1029B00000131C604C60CEE74A689342F6D01B6857
:1029C000002BF3D093F90E209542F5D0AA42F3DD07
:1029D0005A68C4E9003214605C60BCE7A573BAE7CA
:1029E00087F31188BFF36F8F3046BDE8F08100BFD9
:1029F000A43C0020D4FF02000100030066FC02009A
:102A000016000300503400209B5303007953030049
:102A1000BC530300683C00202C000300430003006B
:102A2000495003000650030070B504460D46F9B93D
:102A3000EFF30586E6B91A4B5A699B689A4217D09C
:102A400000F0F0FD78B94FF4B773164A16491748ED
:102A500005F01EFC2146164805F01AFC4FF4B7712C
:102A6000104805F00CFC3046BDE87040FFF7C4BCD0
:102A7000204600F0D7FD68B94FF49A73094A0A4915
:102A80000A4805F005FC2146094805F001FC4FF411
:102A90009A71E5E785F31188BFF36F8F70BD00BFB2
:102AA000683C0020D4FF02002C00030066FC0200FA
:102AB00043000300034648B9EFF3058232B9064AE2
:102AC00051699268914201D0FFF796BC83F3118857
:102AD000BFF36F8F704700BF683C002010B5EFF365
:102AE0001184402383F31288BFF36F8F284800F0CE
:102AF0008BFD60B98823274A2749284805F0C8FB81
:102B00002349274805F0C4FB8821224812E02048C9
:102B100000F09EFDEFF3058373B1224940F23B3391
:102B2000214A1E4805F0B4FB204805F0B1FB40F2F5
:102B30003B311D4805F0A3FB1D4B9A68D37B012B4D
:102B40000CD11C494FF44F73174A144805F0A0FBF1
:102B5000164805F09DFB4FF44F71EAE7013BD37334
:102B60000B4800F05FFD68B94FF49A73094A1249A7
:102B70000A4805F08DFB0649104805F089FB4FF423
:102B80009A71C2E784F31188BFF36F8F10BD00BF45
:102B9000A43C0020D4FF02000100030066FC0200F8
:102BA00016000300CB50030079530300EF4E0300DF
:102BB000683C00201C5503002C0003004300030068
:102BC00070B5EFF31186402383F31288BFF36F8F44
:102BD000374800F019FD60B98823364A364937482E
:102BE00005F056FB3249364805F052FB8821314842
:102BF00013E0344D2E4800F02BFDAB68DA7B72B940
:102C0000314940F24733314A2C4805F041FB304806
:102C100005F03EFB40F247312C4805F030FBEFF366
:102C2000058161B12B494FF45273284A234805F0BE
:102C30002FFB274805F02CFB4FF45271ECE70132D3
:102C4000DA732A4652F8184F944200D004B9EC685F
:102C50005A7BD20604D1DA897F2A01D9A2692AB126
:102C6000A34202D0204600F047FC234610486B6187
:102C700000F0D8FC68B94FF49A730E4A16490F4811
:102C800005F006FB0A49154805F002FB4FF49A715E
:102C9000ADE786F31188BFF36F8FEFF31180402308
:102CA00083F31288BFF36F8FBDE87040FFF702BF58
:102CB000A43C0020D4FF02000100030066FC0200D7
:102CC00016000300683C00204D55030079530300B3
:102CD000EF4E0300CB5003002C0003004300030021
:102CE000024B03F11802C3E906227047683C00203A
:102CF00070B5EFF3058373B139494FF48E63394AE8
:102D0000394805F0C5FA394805F0C2FA4FF48E612A
:102D1000344805F0B4FAEFF31186402383F31288A8
:102D2000BFF36F8F324800F06FFC60B98823314ADF
:102D300031492D4805F0ACFA2D49304805F0A8FA84
:102D400088212C48E5E72E4C294800F081FCA16839
:102D5000E0690B68814214BF1A46002249680B6083
:102D60005960A368E1692AB9264AC3E900210B60CA
:102D7000E3610CE093F90E0092F90E50A84225D0C1
:102D8000854223DD5168C3E900210B605360A569CA
:102D90001C4B9D4200D005B9E568A3689D4202D056
:102DA000284600F0A9FB1248656100F03BFC88B999
:102DB0004FF4B7730F4A14490B4805F069FA0C49F0
:102DC000124805F065FA4FF4B771BAE78A42CBD0E2
:102DD0001268C8E73046BDE87040FFF70DBB00BF82
:102DE000CB5003007953030066FC0200EF4E030052
:102DF000A43C0020D4FF02000100030016000300E1
:102E0000683C0020803C00202C00030043000300AD
:102E10002DE9F04106460C46EFF3058777B13449BA
:102E20004FF49163334A344805F032FA334805F0E1
:102E30002FFA4FF491612F4805F021FA50EA01036F
:102E400004D1FFF755FF0020BDE8F081EFF31188B2
:102E5000402383F31288BFF36F8F294800F0D4FB1F
:102E600060B98823274A2849234805F011FA2449E4
:102E7000264805F00DFA88212248DDE7244D204838
:102E800000F0E6FBA868234B1860FFF73BFAA86840
:102E9000234632462049183000F068FCAA680446F0
:102EA000537B174843F00403537300F0BBFB68B92E
:102EB0004FF4B773134A19490F4805F0E9F910495F
:102EC000174805F0E5F94FF4B771D5E74046FFF72D
:102ED00093FAAB68D3E90A23B3F1004F08BFBA42B3
:102EE000B1D109F057F8201A20EAE070ACE700BF32
:102EF000CB5003007953030066FC0200EF4E030041
:102F0000A43C0020D4FF02000100030016000300CF
:102F1000683C0020A83C00200BBF02002C000300EE
:102F200043000300F8B506460F46EFF3058474B17D
:102F3000164940F2B243164A164805F0A9F9164858
:102F400005F0A6F940F2B241114805F098F9FFF7F3
:102F50005FFFB7F1FF3F08BFB6F1FF3F05463046C0
:102F600012D04FF47A7647F61120214647F6122206
:102F70000023C5FB0601E6F7A1FAB0F1004F71F19D
:102F8000000128BF6FF00040F8BD00BFCB50030028
:102F90007953030066FC0200EF4E030038B5044687
:102FA000EFF31185402383F31288BFF36F8F20481E
:102FB00000F02AFB68B988231E4A1F491F4805F004
:102FC00067F91B491E4805F063F98821194805F087
:102FD00056F9174800F03CFB637B5B0710D504F102
:102FE000180000F09FFC637B204623F0040363730A
:102FF000FFF712F92946BDE838400D48FFF714BD28
:103000000B4800F00FFB68B94FF49A73094A0D4959
:103010000A4805F03DF906490B4805F039F94FF427
:103020009A71D3E785F31188BFF36F8F38BD00BF66
:10303000A43C0020D4FF02000100030066FC020053
:10304000160003002C00030043000300014B9868A6
:10305000704700BF683C00202DE9F8430446077B19
:10306000EFF31185402383F31288BFF36F8F8448F9
:1030700000F0CAFA68B98823824A8349834805F078
:1030800007F97F49824805F003F988217D4805F05A
:10309000F6F87B4800F0DCFA637B180717D5784810
:1030A00000F0C0FA68B94FF49A73764A79497748C4
:1030B00005F0EEF87249784805F0EAF84FF49A7195
:1030C000E4E785F31188BFF36F8FBDE8F883D90972
:1030D00043F0080240F086806273A36813B1204673
:1030E000FFF76EF904F1180000F01CFCA66D04F166
:1030F0005808B04511D04FF0000976B13046FFF7BF
:103100005FF906F1180000F00DFC3046C6F8C090DB
:10311000FFF782F8A66DB045EFD1DFF88081D8F8CF
:1031200008309C427DD1EFF30589B9F1000918BF41
:103130004FF00109D8F81860594A964200D00EB9EC
:10314000D8F80C60B34202D0304600F0D5F92046E2
:10315000C8F8146006F0D2F8204600F081FAB9F100
:10316000000F02D04F48FFF747F8D8F808309C42CC
:103170006AD1EFF30586002E66D1237BDA071FD5CF
:103180003F4800F04FFA00288DD085F31188BFF337
:103190006F8F86F31188BFF36F8F0423184602DF09
:1031A000EFF31185402383F31288BFF36F8F344808
:1031B00000F02AFA00283FF45EAF314800F048FAE8
:1031C0002F4800F02FFA78BB4FF4B7732D4A3149DE
:1031D0002E4805F05DF82A492F4805F059F84FF4BC
:1031E000B77153E7304A03F07F0343F0080394427A
:1031F000637308D12D495A232D4A244805F048F815
:103200005A212B4843E7D90707D52A495B23284A87
:103210001E4805F03DF85B21F3E7204608F045FE27
:103220005BE74FF0000985E72846FFF7E5F82249FC
:103230004FF4EE731E4A154805F02AF81F4805F0B2
:1032400027F84FF4EE71DCE70D4800F0EBF90028A9
:103250003FF429AF85F31188BFF36F8FFB077FF52C
:1032600034AF40F28E53124A1549084805F010F861
:103270002146144805F00CF840F28E51C1E700BF1A
:10328000A43C0020D4FF02000100030066FC020001
:10329000160003002C00030043000300683C0020DC
:1032A000803C0020C8360020503400209B5303008F
:1032B00079530300BC5303007E5503008955030076
:1032C000AB550300B65503002DE9F8430646884682
:1032D0001746EFF31189402383F31288BFF36F8FF2
:1032E000214800F091F9054668B988231F4A204912
:1032F000204804F0CDFF1C491F4804F0C9FF882175
:103300001A4804F0BCFF184800F0A2F93468A6423D
:103310001FD004B32046C4F8C0802761FFF750F8DF
:1033200004F1180000F0FEFA2046FEF775FF0E4883
:1033300000F078F988B94FF49A730C4A0F490D4898
:1033400004F0A6FF08490E4804F0A2FF4FF49A715A
:10335000D6E70025EBE72546E9E789F31188BFF3B7
:103360006F8F2846BDE8F883A43C0020D4FF0200FC
:103370000100030066FC0200160003002C0003009D
:1033800043000300D3B5DDE90667089CCDE900677B
:10339000FFF78AF91CB1034B9B681B69236002B0DD
:1033A000D0BD00BF683C00202DE9F84306460F461B
:1033B0009046EFF31189402383F31288BFF36F8F98
:1033C0001F4800F021F968B988231E4A1E491F488A
:1033D00004F05EFF1A491E4804F05AFF882119487C
:1033E00004F04DFF164800F033F93468A6421CD1B2
:1033F0000025134800F016F9D0B94FF49A73114A1A
:103400001449124804F044FF0D49134804F040FFEA
:103410004FF49A71E3E741462046B8470546002835
:10342000E7D17368A342E3D02468002CF3D1DFE72F
:1034300089F31188BFF36F8F2846BDE8F88300BF7A
:10344000A43C0020D4FF02000100030066FC02003F
:10345000160003002C00030043000300427B0346D8
:1034600012F01F0210D10A4988420DD0094908689C
:1034700068B1D9897F2909D893F90E20064B1B68BA
:103480009A42B8BF0020704700207047104670472E
:10349000503400202C0B0020AC3C002008B568B153
:1034A0000F4B98420AD303F11802904206D2182219
:1034B000C01AB0FBF2F302FB13034BB109490A48EF
:1034C0003F230A4A04F0E4FE3F21084804F0D7FEF7
:1034D0000122074BC0105843064B1A5408BD00BFC9
:1034E00090370020FC55030066FC0200D455030011
:1034F000ABAAAAAA8248002070B50D4B0D4D1E7CC8
:10350000FFF7ACFF06EB460305EBC3050446284670
:1035100000F008FA0022084B9A553CB1621E28467A
:10352000BDE870400549D31700F020B970BD00BF59
:10353000683C002090370020824800209D34020023
:1035400038B5EFF31185402383F31288BFF36F8FF3
:10355000234800F059F868B98823224A22492348B1
:1035600004F096FE1E49224804F092FE88211D4870
:1035700004F085FE1A4800F06BF81E4B1E4A9C684A
:103580001068A04213D1FFF7B7FF154800F04AF8C2
:1035900000BB4FF49A73134A1849144804F078FE9C
:1035A0000F49174804F074FE4FF49A71DFE70021C9
:1035B0001B7C1160134AD35C002BE6D02046FFF73A
:1035C0004DFF0028E1D0637BDB0601D1FEF74AFF07
:1035D0002046D8E785F31188BFF36F8F38BD00BF51
:1035E000A43C0020D4FF02000100030066FC02009E
:1035F00016000300683C0020A83C00202C000300BB
:103600004300030082480020006838B1044B00F0FA
:1036100003001B7CC01A18BF0120704701207047AF
:10362000683C0020002302680360EFF30581074B2C
:1036300019B19968497BC90706D4197C9868084371
:10364000831A58425841704701207047683C002057
:10365000024B1A7C9B68134303607047683C002050
:1036600038B50446EFF31185402383F31288BFF386
:103670006F8F1F48FFF7C8FF68B988231D4A1E498E
:103680001E4804F005FE1A491D4804F001FE882179
:10369000184804F0F4FD1648FFF7DAFF194A136AD8
:1036A000A34215D1D3F8843013621148FFF7BAFF53
:1036B000C8B94FF49A730F4A1349104804F0E8FD53
:1036C0000B49124804F0E4FD4FF49A71E0E7134609
:1036D000002BEAD0D3F88420A242F8D1D4F8842079
:1036E000C3F88420E1E785F31188BFF36F8F38BDFD
:1036F000B03C0020D4FF02000100030066FC020081
:1037000016000300683C00202C0003004300030067
:10371000024B1868984208BF00207047300B002009
:10372000034B1B680BB9F9F70FBE0020704700BFB1
:10373000B43C002030B570B10B4B5B6898420AD0A6
:10374000036843B1D3E90421D0E90445121941EBE0
:103750000501C3E90421D0E9003213605A60002357
:10376000C0E9003330BD00BF300B0020B3F1FF3F94
:1037700008BFB2F1FF3F2DE9F84F04469B461546BE
:103780001F4600F0B280D0F80090B9F1000F0CD0C5
:1037900057497023574A584804F07AFD574804F0B7
:1037A00077FD7021534804F06AFD8160EFF31188C2
:1037B000402383F31288BFF36F8F5148FFF724FF34
:1037C000824660B988234F4A4F494B4804F060FD58
:1037D0004B494E4804F05CFD88214A48E3E74848DD
:1037E000FFF736FFBBF1000F494A1FDBFFF798FFD9
:1037F000064601354BF1000B454A2D184BEBE073A3
:10380000D2E90017C4E904536D1843EB0707FFF72B
:103810007FFF0346DFF8FCE0DEF80490EBB9C4E973
:1038200000E9C9F80040CEF8044028E06FF0010339
:10383000D2E900125B1A4FF0FF3161EB02025B1B11
:1038400062EB0B02012B72F10001BCBF01234A465F
:103850004FF0000AC4E90432D9E7D3E9041CD4E9E3
:1038600004208A4270EB0C0B2EDA891A5A686CEB32
:103870000000C3E90410C4E9003214605C60FFF783
:1038800047FF84420ED1244B1B685BB9BAF1000F8D
:1038900002D1FFF745FF0646304608F064FB0021E1
:1038A000F9F766FD1648FFF7BDFEB0B94FF49A73FD
:1038B000144A1A49104804F0EBFC1149184804F066
:1038C000E7FC4FF49A7188E7521A60EB0C009945B7
:1038D000C4E90420A3D01B68A0E788F31188BFF3D4
:1038E0006F8F28463946BDE8F88F00252F46F8E748
:1038F000275803000358030066FC0200EF4E030044
:10390000B83C0020D4FF02000100030016000300B1
:10391000A8370020300B0020B43C00202C0003000E
:103920004300030070B50446EFF31186402383F390
:103930001288BFF36F8F2348FFF766FE68B98823AC
:10394000214A2249224804F0A3FC1E49214804F0E0
:103950009FFC88211C4804F092FC1A48FFF778FE6F
:10396000236833B3FFF7D4FE05462046FFF7E2FE97
:1039700000224FF00043A542C4E9042306D1FFF71B
:10398000CFFE08F0F0FA0021F9F7F2FC00240D4810
:10399000FFF748FE80B94FF49A730B4A0E490C4862
:1039A00004F076FC07490D4804F072FC4FF49A715C
:1039B000D0E76FF01504EAE786F31188BFF36F8F45
:1039C000204670BDB83C0020D4FF02000100030077
:1039D00066FC0200160003002C00030043000300F5
:1039E0002DE9F0470446EFF31188402383F3128852
:1039F000BFF36F8F4348FFF707FE68B98823424A39
:103A00004249434804F044FC3E49424804F040FC2B
:103A100088213D4804F033FCDFF8FC903948FFF77B
:103A200017FEC9F80040FFF773FE00260446002782
:103A3000DFF8E8A0D9F80030DAE900C0D91754B1AE
:103A4000D4E90452AB4271EB020E1FDAED1A62EBBD
:103A50000102C4E90452002413EB0C0340EB010102
:103A60002046CAE90031C9F8004008F07CFA214636
:103A7000F9F77EFC2348FFF7D5FDB0B188F3118834
:103A8000BFF36F8FBDE8F047FFF75ABD15EB0C038E
:103A900040EBE570CAE90030C4E904672046FFF74F
:103AA00049FE1848FFF7BEFD68B94FF49A73164AED
:103AB0001B49174804F0ECFB12491A4804F0E8FBD4
:103AC0004FF49A71A5E788F31188BFF36F8F2046F2
:103AD000A3689847EFF31188402383F31288BFF35C
:103AE0006F8F0848FFF790FD002887D00548FFF743
:103AF000AFFDD9F800305B1BC9F80030FFF708FEB6
:103B0000044697E7B83C0020D4FF02000100030000
:103B100066FC020016000300B43C0020A837002019
:103B20002C0003004300030070B5EFF3118640231F
:103B300083F31288BFF36F8F1A48FFF765FD68B9EA
:103B40008823194A19491A4804F0A2FB1549194853
:103B500004F09EFB8821144804F091FB1148FFF704
:103B600077FDFFF7DDFD144AD2E90045041945EB66
:103B7000E0750C48FFF756FD68B94FF49A730A4A8E
:103B80000E490B4804F084FB06490D4804F080FB05
:103B90004FF49A71DFE786F31188BFF36F8F2046E9
:103BA000294670BDB83C0020D4FF0200010003008C
:103BB00066FC020016000300A83700202C0003005A
:103BC00043000300F8B50646EFF31187402383F363
:103BD0001288BFF36F8F5948FFF716FD68B9882325
:103BE000574A5849584804F053FB5449574804F081
:103BF0004FFB8821524804F042FB5048FFF728FD54
:103C000032689AB14D48FFF70DFD002840F09180D1
:103C10004FF49A734A4A4E494B4804F039FB4749DE
:103C20004C4804F035FB4FF49A71E3E7D6E90A54A7
:103C3000691C44F10003022973F1000334D3013DF0
:103C400044F1FF34002CBCBF15462C4608F0A6F901
:103C5000013041F10001401944EB0101012871F1EB
:103C600000015DDB08F09AF96FF00203013041F1C9
:103C70000001401944EB010183426FF000438B4186
:103C800053DB08F08BF9013041F100016FF00102C4
:103C9000401944EB01034FF0FF31121A61EB0303AB
:103CA00030462D49FFF762FD336B01333363336ACE
:103CB000DBB12248FFF7B6FC0028A9D087F31188B2
:103CC000BFF36F8F3046336A9847EFF31187402375
:103CD00083F31288BFF36F8F1848FFF795FC002815
:103CE0003FF47DAF1548FFF7B3FC304650F8184F4E
:103CF000844287D0002C85D02046FEF731FC00237B
:103D00000E48C4F8C030FFF78DFC002880D087F340
:103D10001188BFF36F8F2046BDE8F840FEF7DABB8D
:103D20006FF001024FF0FF33BAE700224FF000437B
:103D3000B6E787F31188BFF36F8FF8BDBC3C002056
:103D4000D4FF02000100030066FC0200160003001D
:103D50002C00030043000300C53B02002DE9F8439B
:103D6000064614461D4691469846EFF311874023B8
:103D700083F31288BFF36F8F2748FFF745FC68B9BC
:103D80008823264A2649274804F082FA22492648F1
:103D900004F07EFA8821214804F071FA1E48FFF7EA
:103DA00057FCB5F1FF3F08BFB4F1FF3F11D11A48EE
:103DB000FFF738FC50BB4FF49A73184A1B49194857
:103DC00004F066FA14491A4804F062FA4FF49A7142
:103DD000E1E7002D0ADB012C75F100032246BCBF90
:103DE0000122002512F1FF3945F1FF383046FFF777
:103DF00099FDDDE90823C6E90A2300234A46336317
:103E0000304643460B49FFF7B1FCD0E787F31188F2
:103E1000BFF36F8FBDE8F883BC3C0020D4FF0200E5
:103E20000100030066FC0200160003002C000300E2
:103E300043000300C53B0200F8B505460E46EFF30C
:103E40001187402383F31288BFF36F8F1F48FFF75A
:103E5000DBFB68B988231E4A1E491F4804F018FA84
:103E60001A491E4804F014FA8821194804F007FA88
:103E70001648FFF7EDFB2C68A5421CD0D4E90032B0
:103E800013605A60002331462046C4E9003308F02D
:103E9000F5F80E48FFF7C6FB78B94FF49A730C4A51
:103EA0000F490D4804F0F4F908490E4804F0F0F900
:103EB0004FF49A71D9E70024EBE787F31188BFF339
:103EC0006F8F201E18BF0120F8BD00BFC03C00202E
:103ED000D4FF02000100030066FC0200160003008C
:103EE0002C0003004300030070B504460D46EFF3B9
:103EF0001186402383F31288BFF36F8F2148FFF7A9
:103F000083FB68B98823204A2049214804F0C0F97E
:103F10001C49204804F0BCF988211B4804F0AFF983
:103F20001848FFF795FB01212068E5608442A160F5
:103F300011D11448FFF776FBE8B94FF49A73124A8F
:103F40001549134804F0A4F90E49144804F0A0F9E7
:103F50004FF49A71E1E7D0E9003213605A60002310
:103F6000C0E9003308F08AF8314604460548FEF7F8
:103F70005BFD204670BD86F31188BFF36F8F002470
:103F8000F7E700BFC03C0020D4FF0200010003009F
:103F900066FC0200160003002C000300430003002F
:103FA0002DE9F84F4F1E0F4206460D469A460BD09C
:103FB0002F4917232F4A304804F06AF92F4804F09C
:103FC00067F917212B481CE0141D4DD241F0040B5A
:103FD00000F11408EFF31189402383F31288BFF333
:103FE0006F8F4046FFF710FB68B98823244A2549A4
:103FF000214804F04DF94146234804F049F988214D
:104000001F4804F03CF94046FFF722FB2246594680
:104010003046D04704464046FFF704FB68B94FF4EA
:104020009A73174A1949144804F032F9414618485E
:1040300004F02EF94FF49A71E2E789F31188BFF387
:104040006F8F8CB144F8046B7DB13C420DD03423AA
:10405000084A1049084804F01BF921462A460E4830
:1040600004F016F93421ADE700242046BDE8F88FAE
:10407000AE5903008A59030066FC0200C9590300C7
:10408000D4FF020001000300160003002C0003000F
:1040900043000300E6590300185A03002DE9F041DC
:1040A00005460E46174607F0F8FE30B9074B9B68E9
:1040B000D3F8B44014B9BDE8F081054C3B46324614
:1040C00029462046BDE8F041FFF76ABF683C002062
:1040D000400C002002460021014B0248FFF760BF60
:1040E000AF810200400C0020014BC0F8B430704793
:1040F000400C00200146024A0020FFF7CFBF00BF5E
:10410000AF81020001680E4A0346914215D1C16990
:10411000A2F11022A2F1EF1291420ED18268012A7F
:104120000BD8C26812B101698A4206D0586928B119
:104130009B691B1A5842584170470120704700BFC5
:1041400055AA00FF70B50D4B9E68A6B13046FFF72B
:10415000D9FF044678B9F3686BB935690DB92046C3
:1041600070BD2846FFF7CEFF28B9EB68B34202D1F5
:104170002E462D69F2E70124F1E700BFC43C002080
:104180002DE9F041444B454C05461B6820468846C6
:10419000984718B100242046BDE8F081A4F1140727
:1041A00054F8144CFB68DCB1BC68CCB1002D66D06F
:1041B000B8F1000F65D008FB05F6B6FBF5F5A8458C
:1041C00061D1311D5FD8B20711D026F0030204324D
:1041D0001C4603E06168914257D2A469002CF9D1D2
:1041E0002F4B2E481B6898470028D4D0D2E7324680
:1041F000EEE7891A232904F120051CD80123A360C6
:10420000D4E90523AAB19361A3690BB162695A612C
:104210000023C4E905333B69DB0703D5FFF792FFB1
:10422000002835D13246002128462C4609F009FCE9
:10423000D6E7FB60E8E702F1200C04EB0C03203921
:10424000C3E90110DC6021691648196144F80C00CB
:10425000A0F11020A0F1EF10D86101B1CB6061692D
:104260005961A069986141B18B61996901B14B6154
:1042700001212361C4E90121CAE7FB60F5E72C466F
:10428000AEE74446ACE70446AAE7A0680028B0D0F1
:10429000012003F067FA00BF680B0020D83C002023
:1042A000640B002055AA00FF70B5464B464C0546EE
:1042B0001B6820469847002840F08280002D43D09C
:1042C00054F8143CA4F11406002B3DD0B268002A27
:1042D0003AD09D4203D3726813449D4202D3012019
:1042E00003F040FAA5F120042046FFF70BFF002859
:1042F000F5D155F8183C012BF1D155F8143C45F88F
:10430000180C3BB39A682ABB55F81C2C02F120010B
:104310005A680A445A6055E905321A6155F8145C26
:104320002B6903B1DD6020220021204609F089FBC2
:10433000286910B18368002B2ED033699B0703D501
:10434000FFF700FF0028CAD1BDE870401F4B1E4890
:104350001B68184755F8100C00282AD0836843BB07
:104360004268636813442033636003692361D4E9BE
:1043700005239AB9CBB9436963618269A261B3B17C
:104380009C61A36903B15C61236903B1DC602022F5
:10439000002109F056FBD0E72C46E1E79361A369C1
:1043A000002BE8D062695A61E5E7F360F7E7F46053
:1043B000E7E7F36845F8083C03B15C61F460BCE7EB
:1043C00070BD00BF680B0020D83C0020640B0020AB
:1043D00038B50C46282200210546154809F031FB66
:1043E000144B15481B6898471449154800F038F8D5
:1043F000232C1CD915F003031FBF043CE418C3F1A0
:104400000403ED1822460021284609F01AFB084B48
:104410000C49C3E90054203C9D606C609A681160AF
:104420009A68A1F11021A1F1EF11D161DA6038BDD4
:10443000C43C00206C0B0020D83C0020A9420200A4
:104440008141020055AA00FF014B1B68184700BFBD
:104450003C0B0020014B1B68184700BF380B0020A5
:10446000024B1860024B0020196070473C0B002083
:10447000380B002010B50A46044619B1024B002142
:104480001B68984710BD00BF400B0020F8B50D4ECB
:104490000D4C0E4D33680E48984767782B680C48D2
:1044A000984733680B489847022F08D12478E31FB8
:1044B0005C425C412B68074898472046F8BD0024C1
:1044C000F8E700BF680B0020EC3C0020640B0020E4
:1044D000E40C0020D00C00200E4B0340B3F1607FB1
:1044E00006D1B1F5885F14BF6FF0860000207047D9
:1044F000B3F1707F0BD101F4E043B3F5005F06D157
:1045000011F4E06F0CBF6FF08600002070476FF071
:10451000860070470000C07F8A42F8B506460D4607
:1045200000F0188101F0FE41B1F1C06F6BD18D4CEC
:1045300022F4875121F01F01A14222F0FF0015D083
:10454000894988422CD022F4FF7121F00101B1F198
:10455000062F2CD004F5C064A04207D004F5745493
:10456000A14203D0A4F58444A1421DD1D1B221BB04
:104570008BB122F4FF7323F00103B3F1062F06D0B1
:104580007A4922F4FF6323F007038B4203D122F41C
:10459000807225F48075954214BF00200120F8BD7B
:1045A000D1B251B9824208D0002BE9D1F3E7D1B2A0
:1045B00019B9B2F1062F40F0D1806B4E25F4FF718E
:1045C00021F00101B14225F0FF0411D006F5885613
:1045D000B4420DD0664F25F47F7626F00306BE4226
:1045E00006D0644EB44203D006F57456B142BFD132
:1045F00015F0FF01BCD0604E41F00071B14204BF24
:1046000002462546B4E7B1F1A06F17D102F0FE4390
:10461000B3F1A06F40F08C8082EA050333F47E137F
:1046200040F086802E0440F18380C5F30540C2F33C
:10463000054290428CBF00200120B0E74F4B9D42C5
:1046400009D1A3F500439A4200F084804C4B22F438
:104650007E109842A0E7B1F1407F69D102F0FE439D
:10466000B3F1407F64D182EA050030F47E145FD15B
:1046700031462846FFF730FF00286DD1414B12F438
:104680007C1103EA020318D0B3F1607FC2F3054145
:104690003DD13D48D3B243F0007383423DD003F196
:1046A0007E43043B112B01D83848C45C15F47C1FB1
:1046B000C5F3054333D18C426EE7B3F1607F0DD172
:1046C0003148D3B243F0007383421ED003F17E43DE
:1046D000043B112BDDD82E49C95CDAE7B3F1707FBA
:1046E00019D106F4E043B3F5005F03D10121C6F30D
:1046F0000223994006F4E043B3F5005FD6D10120D0
:10470000C6F3022600FA06F4D0E71021C1E7B3F1A0
:10471000707FCBD1EEE70024C8E71024C6E712F47F
:104720007C1F01D1A34215D02C0401D58B4281E717
:1047300025F0004323F47F03B3F1106F0CD102F096
:10474000FE43B3F1106F07D11248104040F01060E3
:10475000A84221E7012022E7002020E7002B7FF478
:1047600016AF18E70003000600020006004000062E
:104770000004000600090006FF0000020093C004C8
:10478000000140050000C07F03000002405A030002
:10479000405A03000000FFF62DE9F0478846924694
:1047A0001C4600F023FC064600283CD1D8F80070D7
:1047B000B7F8009009F4E043B3F5804FBB6808BF39
:1047C0002AF0010A3AEA030325D164B3BAF5006F6F
:1047D0002CD0AAF50052D2F1000A4AEB020A2A4B69
:1047E00024F0FF029A4224D114F0FF0504D0274B95
:1047F00045F000759D423BD0534622464846F96835
:10480000FFF78AFE054670B9534622464846396985
:10481000FFF782FEA8BB6FF0840600233846C8F875
:10482000003000F0A9FC3046BDE8F0874FF0010AE7
:10483000D5E7174B9A42D7D0A3F588539A42D3D0E5
:1048400024F4FF7323F00103B3F1062FCCD01149F8
:104850008A42C9D0104A9342C6D0A2F584429342FC
:10486000C2D004F0FE43B3F1407F04D12304C3D58A
:104870006FF08606D1E7B3F1A06FF7D0034B9C42EF
:10488000B9E72E46CFE700BF00030006FF00000295
:1048900000130006000900060046000670B5114B23
:1048A00005461B6810480E469847044618B16FF03D
:1048B0008F04204670BD6B6933602B7F012B04BFD2
:1048C00002232B77094B18BF30601B68064818BFBE
:1048D0006FF0960498470028EBD0002CE7D06FF0DB
:1048E0009604E6E7680B0020BC0C0020640B002057
:1048F00038B500F0FE43B3F1407F04460D4602D0C8
:104900006FF0860038BDFFF7E7FD0028FAD114F4F8
:104910007C1F12D0C4F30543032B137022D9284AFD
:104920002240B2F1607F3DD1264AE4B244F00074E7
:1049300094422BD1102BE5D9E2E7214B2340B3F170
:10494000607F15D11F49E3B243F000738B4202D15F
:1049500010231370D6E703F17E43043B112B04D9D7
:10496000002313706FF08500CCE71749CB5CD3E7C9
:10497000B3F1707FF4D101F4E043B3F5005FEFD100
:104980000123C1F302218B40DBB2C5E704F17E4471
:10499000043C112CB4D80D4A125D9342B0D8142BAC
:1049A000B0D9DFE7B2F1707FAAD105F4E042B2F5E9
:1049B000005FA5D10122C5F30225AA40EDE700BFA3
:1049C0000000C07F03000002405A0300405A030069
:1049D00000232DE9F34113604768D0F814800446A2
:1049E0000E463846114607F0EEFE054688B93846B1
:1049F00007F0EBFE054660B9FFB277B9B8F1000FDA
:104A000005D1A36823F0031323F47F4363B16FF050
:104A10008605284602B0BDE8F0810121606907F0F3
:104A2000ACFE0028EDD1F2E74FF6F87362889A42A7
:104A300027D8154B15481B682779984710B16FF098
:104A40008F05E6E707B901A8314600F08DFA104B53
:104A500005461B680D48984710B1002DD9D1EEE7E7
:104A6000002DD6D10FCCD6F800C066460FC694E80C
:104A7000070086E80700002FCBD1019BCCF814304B
:104A8000C7E76FF08505C4E7680B0020BC0C002069
:104A9000640B002010B5044660B1074B07481B6843
:104AA0009847204607F061FCBDE81040044B0348DE
:104AB0001B68184710BD00BF680B0020BC0C00200D
:104AC000640B002037B50446C0B101A900F08EFA8E
:104AD000044698B91F4B20481B6898471F4D38BBA8
:104AE0000198037F032B11D107F058FE2B68044671
:104AF0001948984728B10CB96FF08F04204603B0CD
:104B000030BD002C08BF6FF08704F7E7022B1BD1E4
:104B1000032303770379FF2B19D04369104A03F16C
:104B20004043A3F58053934202D800F0D7FC0446DB
:104B3000019807F033FE2B68002818BF044606488A
:104B400098470028DAD0D6E76FF09604F0E76FF0C8
:104B50008404EDE7680B0020BC0C0020640B0020EF
:104B6000FFDFFF3F2DE9F04116461F46002288B0C7
:104B7000038805468846CDE9042207963A60002E50
:104B800062D0B6F1005F80F09E8023F0FF03B3F5A2
:104B9000E24F02D0B3F5824F22D1284607F0C6FA81
:104BA0000446002840F08380EB686BB16A885AB1F4
:104BB0002B8803F44F41B1F5824F05D1DBB2222B94
:104BC00037D02DD8122B39D04246002308EB0601EE
:104BD00012F8010B914243EA0003F9D1002B33D0C4
:104BE000284605AA04A9FFF7F3FE0446A0B9049BD2
:104BF0009B6A63B3049B41465A882846069206AADC
:104C0000029203F1280201929A6A00925B6A32468C
:104C100000F028FB044678B30498FFF73BFF46E01A
:104C2000273BDBB21B2BCFD8284921FA03F3DB0744
:104C3000CAD50732B6EBD20FC6D205E040F209233F
:104C40009A42F6D1402EBFD86FF086042FE06B68F1
:104C50001B0A07D10799049807F047FB0446002870
:104C6000C8D0D9E732464146284607AB00F0A2FA41
:104C700004460028EED0CFE70499069B4A88D2B9B3
:104C80004B804FF6F873069A04989A4218D82B88EE
:104C900013B102889A4210D16B8813B142889A42AC
:104CA0000BD13946FFF7FAFD04460028B4D120465F
:104CB00008B0BDE8F0819A42E3D06FF08604ABE71C
:104CC0006FF08504A8E76FF08504F0E70102000C9F
:104CD00038B504460D46FFF7D9FB30B12A462146C8
:104CE000BDE83840024807F09ABD6FF0880038BD33
:104CF000F03C002070B51D4E1D4C33681D48984790
:104D00002378590744BF23F00403237023789A07BC
:104D100005D500F00FF9237823F002032370164D18
:104D200014482B689847336814489847637813B140
:104D3000134807F077FD0023042111486370FFF743
:104D400099FB2B680D48984733680A4898472378A1
:104D5000DB0705D507F042FD237823F0010323701C
:104D60002B680448BDE87040184700BF680B00205E
:104D7000EC3C0020D00C0020640B0020E40C002050
:104D8000F03C00202DE9F041FFF780FB18B1002432
:104D90002046BDE8F081364F36483B6898470446C8
:104DA00020B16FF08F04FFF7A5FFF1E7324D2B78AC
:104DB000D80706D407F010FD04462B7843F0010312
:104DC0002B702E4E2B483368984710B1002CE8D03A
:104DD000E9E7002CE7D13B682648984704460028BD
:104DE000DFD12B78990706D400F09CF804462B7885
:104DF00043F002032B7033681E4898470028E5D122
:104E0000002CD0D13B681B4898470028C9D1336893
:104E1000184895F8008098470028C2D13B68184888
:104E2000984704460028BCD16B7843B918F0010FAD
:104E300005D0144807F0F0FC022304466B70336879
:104E40000F4898470028C1D1002CACD13B680948D5
:104E500098470028A5D12B7806485A075CBF43F035
:104E600004032B7033689847002890D099E700BF5F
:104E7000680B0020D00C0020EC3C0020640B0020CC
:104E8000E40C0020F03C002038B5074C074B2046CE
:104E90001B689847064B204693F88055054B1B68C6
:104EA0009847284638BD00BFD00C0020680B002072
:104EB000F43C0020640B002000F140431F2B70B530
:104EC00005460E460CD82C22154C02FB0344237FCA
:104ED000022B02D16369834218D06FF08B001AE075
:104EE000012107F04AFCB8B10D4B00221C46197F86
:104EF000022902D15969A94205D00132202A03F1C1
:104F00002C03F4D1E9E72C2303FB0244204607F0ED
:104F100027FC00B9346070BD6FF08700FBE700BF6D
:104F2000F43C00200122024B002083F880257047CA
:104F3000F43C00202DE9F0410A4C002526464FF0B4
:104F4000010803272046C4F820802777013507F0A1
:104F50000CFA202D04F12C04F4D1002386F88035BE
:104F6000BDE8F081F43C0020F8B506460F46FFF797
:104F70008BFF80B300241B4B22461D46197FD1B105
:104F80003CB9022905D1196A19B91979002918BF44
:104F90001C460132202A03F12C03EFD114B96FF023
:104FA0008C0006E0204607F0DBFB204607F0DDF929
:104FB00010B100240DE01C46237F7BB90123237729
:104FC00036B1094B651BAD105D4305F18045356079
:104FD00000203C60F8BD6FF08800EAE76FF09600B3
:104FE000E7E700BFF43C0020A38B2EBA00232DE995
:104FF000F0410B6090B005460E46FFF745FF0028D4
:1050000000F0AF80584B59481B689847804668B9F4
:1050100031462846FFF750FF10F18C0F0446544FDD
:105020000AD03B685148984710B10CB96FF08F0413
:10503000204610B0BDE8F08131464046FFF794FFAE
:10504000044618B13B6849489847F1E701223368A4
:1050500001465D61336809A85A601C22356808F072
:10506000F0FC002200236869CDE90623414A00F1E3
:105070004043A3F580539342CDE90444039405D9FA
:10508000284607F072F96FF0870420E006AA03A90A
:1050900007F0CBFB0446002837D1039B6A690A93CB
:1050A000DBB2002B08BF00220346CDE90000DDE99A
:1050B00006010E9209AA00F063F910F18A0F044666
:1050C00008D030680CBB07F050F96FF0960400234D
:1050D0003360A6E704A909A800F084F80446A0B943
:1050E0002846049907F001F9044670B9DDE9060184
:1050F00005AB0193AB6A09AA00936B6A00F040F913
:10510000044648B1284607F025F9306807F02DF924
:1051100014F18C0FDBD1B6E7059B09ACAB620FCC69
:105120000FC594E8070085E8070033689A68D00443
:1051300013D49A68910444BF42F400629A603368C1
:105140001A7F012A04BF02221A77306807F008FB91
:10515000044600283FF465AFB9E742F480629A60E4
:10516000E7E76FF0880463E7680B0020BC0C0020C1
:10517000640B0020FFDFFF3F10B50B4B04461B689C
:105180000A48984718B16FF08F04204610BD20469A
:1051900007F004FB064B04461B68044898470028A8
:1051A000F3D0002CF1D1EEE7680B0020BC0C0020FE
:1051B000640B0020194610B4002443680C60074CAF
:1051C0001A0AB4EB132F02D0054B9A4202D110BC3D
:1051D00000F020BB6FF0860010BC7047004E8000CE
:1051E0004B4E800010B4002443680C60074C1A0A30
:1051F000B4EB132F02D0064B9A4202D110BC00F040
:1052000009BB6FF0860010BC704700BF004E8000E5
:105210004B4E80002DE9F041456804462D0A0E46AC
:105220001746984606D00E4CA54214D06FF0860063
:10523000BDE8F08105886D0407D443463A463146FF
:105240002046BDE8F04107F0FEB900F001FD10F185
:10525000860FEDD1F1E7BDE8F04100F0F9BC00BFE9
:105260004B4E80002DE9F04FDFF880B0D0F804E01D
:1052700085B0BBEB1E2F0446DDE90E890D461646B0
:105280001F46DDF840A04FEA1E2C1CD0DFF860E07E
:10529000F44518D0BCF1000F22D1CDE9019ACDF828
:1052A000008000F047FC10F1860F1BD13B463246D0
:1052B00029462046CDE90F9ACDF8388005B0BDE8E3
:1052C000F04F07F025B83B46324629462046CDE947
:1052D0000F9ACDF8388005B0BDE8F04F00F02ABC39
:1052E0006FF0860005B0BDE8F08F00BF004E800073
:1052F0004B4E800030B44468240A06D0064DAC42C0
:1053000006D030BC6FF08600704730BC07F04AB85A
:1053100030BC00F021BD00BF4B4E80002DE9F743AB
:105320000D46DDE90A891646134942681F46B1EB6E
:10533000122F04464FEA12230ED0104A934200D097
:10534000ABB93B46324629462046CDE9008900F0FC
:10535000A7FB10F1860F0CD13B463246294620466A
:10536000CDE90A8903B0BDE8F04300F099BB6FF0C6
:10537000860003B0BDE8F083004E80004B4E8000F5
:10538000F0B4DFF82CC05468DDE90456BCEB142FF0
:105390004FEA142702D0074CA74204D1CDE90456A6
:1053A000F0BC00F0C7BC6FF08B00F0BC704700BFD2
:1053B000004E80004B4E80002DE9F043DFF8449012
:1053C000DDB2446845F000754D45DDF82C804FEAAC
:1053D0001424DDE90767DDE909CE0CD014B10A4DCC
:1053E000AC420CD1CDE90AE8CDE9087C0796BDE8CE
:1053F000F04301F023B96FF08500BDE8F0836FF052
:105400008600FAE7050000024B4E8000F7B5089EC3
:105410000E4FF5B2044645F000754868BD424FEAAC
:1054200010200DD010B10A4DA8420CD1009604F105
:10543000080007F0C2FB08B90523236003B0F0BDE4
:105440006FF08500FAE76FF08600F7E705000002CD
:105450004B4E8000F7B5089E0E4FF5B2044645F05E
:1054600000754868BD424FEA10200DD010B10A4DBA
:10547000A8420CD1009604F1080007F0A0FB08B97F
:105480000523236003B0F0BD6FF08500FAE76FF0ED
:105490008600F7E7050000024B4E80002DE9F04141
:1054A00044681D46DDE9087CDDE90636240ADDF89E
:1054B00028E003D0DFF82080444508D1CDE909E594
:1054C000CDE9077C0696BDE8F04100F0B7BF6FF06C
:1054D0008600BDE8F08100BF4B4E80004268044B5F
:1054E000B3EB122F01D107F0A8BA6FF08500704717
:1054F0004B4E800010B50D4C206801F0F3FF0C4AB4
:105500001368591C11605BB90A4A5920D2F800345B
:1055100043F00703C2F80034ECF7B2F901F004FBE2
:105520002068BDE8104001F0F7BF00BF480B002025
:10553000784200200090055038B5164D286801F0DB
:10554000D1FF154B1C68013C1C60ECB95920ECF7ED
:10555000A5F90722114BC3F80823D3F8002422F041
:105560000702C3F80024C3F80041D3F80021C3F8B0
:105570000441D3F804214FF00072C3F80841D3F876
:105580000831074BC3F888212868BDE8384001F08E
:10559000C3BF00BF480B0020784200200090055098
:1055A00000E100E070B5104D104E2B68B3420DD0F5
:1055B000FFF7A0FF01F024FC01F0B6FC40B107F0BA
:1055C00036F90446FFF7B8FF44B92E60002405E021
:1055D00000F0ECFD044618B1FFF7AEFF204670BDA9
:1055E00007F0D4FAEDE700BF440B0020117365000B
:1055F000F8B505460E4618461C2117461C4607F00E
:10560000DCF96B6821491A0AB1EB132F1BD1204A30
:10561000337822611F4A13F00303E26066610CD005
:10562000023303F00303012B26D86B880733DB0812
:105630006360194B23600020F8BD6B880733DB08DB
:105640006360164BF6E7164B9A4212D16A69154B06
:105650001344022B13D90023224642F8183FC4E911
:10566000033362616A69104B9A4201D12023E7E754
:1056700047B1C4E90067DEE76FF08400DCE76FF054
:105680008500D9E76FF09600D6E700BF4B4E80004B
:10569000455E020055CB02000000002000FF0720FD
:1056A000004E8000FF3F008004C0FF7F0022074BB8
:1056B000C3F81021C3F80C21C3F80021C3F804215A
:1056C000C3F80821C3F81821704700BF00900450A8
:1056D00008B5FFF7EBFF01230360104B0A6832B9EE
:1056E000D3F80C211AB9D3F80821002AF6D00B6898
:1056F0007BB90B4B99420ED0A3F58473D3F80831D4
:10570000002B0CBF4FF0FF306FF00200FFF7CEFF11
:1057100008BD0020FAE74FF0FF30F7E70090045093
:105720000891045070B506460D4619B34B6913F045
:105730000F040CD011495523114A124802F0A8FD5C
:10574000114802F0A5FD55210D4802F098FD2146B3
:10575000012006F09CFA0D480D49C0F80065C0F81C
:105760000455FFF7B5FF21460546204606F08FFA9F
:10577000284670BD6FF00105FAE700BFAC5A030080
:10578000595A030066FC0200D55A030000900450E9
:1057900000910450034B0449C3F800050348FFF788
:1057A00097BF00BF0090045004910450049004502F
:1057B00010B504460021012006F069FA064B07499E
:1057C000C3F800450648FFF783FF0021044608465A
:1057D00006F05DFA204610BD009004500891045078
:1057E0000890045038B50C4659B1074D0749C5F823
:1057F00000050748FFF76CFF10B9D5F8083523609E
:1058000038BD6FF00100FBE7009004501091045088
:105810000C90045070B51C4E44680288B6EB142FEF
:1058200043884FEA142513D14069184B98420BD096
:1058300003F5FF437D330344012B02D8B2F5105F1B
:1058400020D06FF0860016E047F212139A42F7E775
:105850000F488542F5D102F44F40B0F5824F0BD18D
:1058600044F21210073382424FEAD30301D15B00A6
:10587000013300200B6070BDB2F5885F02D10733A1
:10588000DB08F6E70223F4E7004E800001C0FF7F4B
:105890004B4E80002DE9F047804600244FF0100960
:1058A0001E4E94B00DF1270525F01F0506F1200AC4
:1058B000012210211A4807F025F82B1900935246AF
:1058C000102320211548CDF8049000F0B9FF0746B9
:1058D000F8B9D6E90C321034013342F10002302C11
:1058E000C6E90C32E4D1B8F1000F04D0224641469B
:1058F000284606F0FAFF2E46084C0FCE0FC496E855
:105900000F00203584E80F0095E80F00103484E87C
:105910000F00384614B0BDE8F08700BFB037002054
:10592000D0370020F0B5194D194FAB6B8DB0BB428D
:1059300029D0184E306801F0D5FD402300221946C9
:10594000284607F02FF83021684607F04CF8044647
:1059500078B96846FFF79EFF044690B930230246A7
:105960001946684607F01EF801220023C5E90C23FA
:10597000AF63306801F0D0FD204606F058FF0DB04F
:10598000F0BD0E24F5E70020F9E700BFB037002096
:10599000B4A5B4A54C0B00202DE9F04F99B00DF142
:1059A000570802F10F0982460E46144628F01F08D8
:1059B0004FEA191922B1002969D0B2F5005F66D803
:1059C000344F354D386801F08DFDD5E90C32134365
:1059D0000BD15046FFF7A6FF834630B1386801F07F
:1059E0009BFD584619B0BDE8F08FD5E90C2319EBA3
:1059F000020943F10003B9F5803F73F1000314D3AA
:105A0000302102A806F0EFFFB8B902A8FFF742FF65
:105A100083460028E2D130230246194602A806F048
:105A2000C1FF00220023C5E90C23DFF870A03CB9B8
:105A30002046FFF72FFF8346D0E76FF0920BCDE7AC
:105A4000102C4FF001024FF010015046A14628BF24
:105A50004FF0100906F056FF102352462021CDE9E1
:105A600000830D4800F0ECFE83460028B6D14A467C
:105A70003046414607F0BEFFD5E90C32013342F112
:105A80000002C5E90C32A4EB09044E44CFE76FF0E5
:105A9000860BA6E74C0B0020B0370020D037002043
:105AA0002DE9F0410E46DDE906EC17461C464BB9E0
:105AB0001C4920231C4A1D4802F0EAFB20211A48F9
:105AC00002F0DDFBBCF1000F07D119492123164A72
:105AD000164802F0DDFB2121F1E74FF000080588B0
:105AE000CCF80080BEF1000F15D025F0FF05B5F50C
:105AF000E24F03D1BDE8F04101F0B8BBB5F5824FEC
:105B00000DD17346224639463046CDF818C0BDE85F
:105B1000F04107F09EBD6FF08600BDE8F0816FF0A8
:105B20008500FAE70F240300E75A030066FC020031
:105B3000485B03002DE9F04F8DB00446DDE916788F
:105B4000894692461D46189E4BB93B4978233B4AED
:105B50003B4802F09DFB7821384802F090FBB8F1F9
:105B6000000F07D137497923344A354802F090FBBA
:105B70007921F1E73EB934497A23304A304802F0BE
:105B800087FB7A21E8E74FF0000CB0F800E0C6F898
:105B900000C0C8F800C0002F47D0D0F804C0DFF81C
:105BA000ACB04FEA1C2CCDF80CC0D0F804C0BBEB55
:105BB0001C2F26D104A9D0F814B0FFF72BFE014604
:105BC000C0B9049B9F4219D35FFA8BFB59465346D9
:105BD0004A46204600F090F9014658B92B465846EF
:105BE000CDE9007805AA00F041FB014610B9BDF8E7
:105BF0001630336008460DB0BDE8F08F6FF08901B4
:105C0000F8E7039CA4B92EF0FF04B4F5E24F04D1E9
:105C10000DB0BDE8F04F07F0B0BCB4F5824F07D12E
:105C20000DB0BDE8F04F07F0CFBC6FF08601E1E7A3
:105C30006FF08501DEE700BF545B0300E75A030005
:105C400066FC02005F5B0300715B03004B4E80004B
:105C50002DE9F0430546164698460F4693B049B9DC
:105C60002F49EA232F4A304802F012FBEA212D483F
:105C700002F005FB3BB92D49EB232A4A2A4802F0E2
:105C800007FBEB21F3E7D0F804C0DFF8A490048809
:105C9000B9EB1C2F4FEA1C2E2DD142880732B2F5EA
:105CA000C47F4FEAD20937D224F0FF02B2F5E24FA7
:105CB00011D14A4606A907F0F4FB48B905ABCDE976
:105CC00001834A463B462846009606A9FFF732FF65
:105CD00013B0BDE8F083B4F5105F06D0B4F5885F6B
:105CE00003D042F204039C4216D14A4606A9002082
:105CF000FFF752FEE1E7BEF1000F0DD14AB124F0EB
:105D0000FF04B4F5E24F07D113B0BDE8F04307F04C
:105D1000C8BB6FF08600DBE76FF08500D8E700BFF7
:105D2000545B0300E75A030066FC02005F5B03005C
:105D30004B4E800030B4074C041961F10005032C70
:105D400075F1000502D330BC00F090BA6FF0850009
:105D500030BC7047FF3F00802DE9F84304881E46A1
:105D600004F44F43B3F5824F9046DDE908270D4612
:105D70000CD0B4F5885F0ED142462946304607F074
:105D800039FE0020C7F80080BDE8F883E4B2422C59
:105D9000F2D0122CEFE743880733B2EBD30F4FEA70
:105DA000D30921D3DFF84880D8F8000001F09AFB2E
:105DB000284606F0CFFE044630B94A4630460D4923
:105DC00007F018FEC7F80090284600F03BF805469B
:105DD000D8F8000001F0A0FB002D14BF2846204693
:105DE000BDE8F84306F023BD6FF08900CCE700BFA3
:105DF000500B0020000000206029F8B505460E4633
:105E000018D80E4F386801F06DFB284606F0A2FE48
:105E100006F00DFD044640B909493246284607F010
:105E2000E9FD6021064806F0C8FD386801F074FB02
:105E30002046F8BD6FF08904FAE700BF500B002040
:105E40000000002008B503789B0705D005486021B5
:105E500006F0B3FD002008BD06F098FE0028F5D03E
:105E60000220F8E700000020F7B522494368044605
:105E7000B1EB132FDAB239D1032A03D16FF08400CA
:105E800003B0F0BD466901A9F5B2284606F00CFE44
:105E90000028F5D16A462146019806F0DAFD00286F
:105EA000EED10446009FA74219D89DF8043007F0B0
:105EB000070223F01F0343EA820301A88DF8043090
:105EC0008DF80560FFF7BEFF3946284606F007FE4D
:105ED0000028D5D103B0BDE8F04006F018BE601927
:105EE000FFF758FC0028C9D10134DBE76FF08B00C5
:105EF000C6E700BF4B4E80002DE9F04F89B0074642
:105F00000C4615461E4606F002FE78B97B690090E5
:105F1000C3F3013262F305108DF8000010F0300079
:105F200007D1B96889070FD06FF0860009B0BDE8C6
:105F3000F08F102808D1BDF8023023F4F87343F431
:105F4000A873ADF8023081E0F968DFF844C261451A
:105F50000AD0DFF840C2614512D0DFF83CC261458B
:105F600050D12421009B01E01421009B61F3933365
:105F700000933B88B3F5105F13D06FF08500D5E731
:105F8000BB685B04F9D53B8803F44F41B1F5824F00
:105F9000F3D1DBB2122BF0D13821009B61F39333A4
:105FA000009300234FF0010B984619469C46D7F802
:105FB00008E0DFF8E89159F804AB1EEA0A0F08D0B0
:105FC0000BFA0CF343EA080303F07F08012341EACC
:105FD0000A010CF1010CBCF1070FECD12BB19DF8BB
:105FE000033068F347038DF803303EEA0101C4D162
:105FF0007B88FF2B11D008D8802B3BD0C02BBCD185
:1060000002230BE0DBB2F82BB6E7B3F5807F33D089
:10601000B3F5C07FB1D1062300E003239DF8021041
:1060200063F306118DF8021018B91EF0030F7FF408
:106030007BAF3B79022B2CD020D8012B7FF474AF9F
:10604000BDF8021063F3C811ADF80210012A39D06F
:10605000032A23D0002A7FF467AF3B88B3F5105F93
:106060008BD1182E04D0202E02D0102E7FF45CAFDE
:106070004B4F2BE00123D1E70423CFE7032B02D0C2
:10608000FF2B7FF451AF0221BDF8023061F3C8133A
:1060900057E7BDF8023043F4C07352E7412E0ED0EB
:1060A000202E05D006D8102E02D0182E7FF43CAF3B
:1060B0003C4F0BE0302EFBD0612E7FF435AF013525
:1060C000013EF5E7302E7FF42FAF374F4FF0000839
:1060D0000F364FEA1619C14515D11F2E1CD81C22A8
:1060E000002101A807F0ADFC4FF0000A4FF0FF3986
:1060F000D04518D11F2E04D9BA20FFF759FB00282C
:1061000035D1002012E704EB080006F062FC0028FD
:106110003AD008F10108DEE74146204606F0DFFCF0
:106120000028DCD002E707EB0A124FEA0A130692B6
:10613000BAF1000F1ED1009A0792BDF802202B443D
:10614000C2F3C11205920DF1040C03F1100E624668
:1061500018685968083303C273459446F7D101A9FA
:1061600004EB0A00FFF7DEFA38B106F0D0FC6FF05E
:106170009200DBE6CDF81C90DFE71C2101A806F0B9
:106180001CFC0AF1010AB3E76FF08A00CEE600BFFB
:1061900000444004000002090002C003A4F402000D
:1061A00000FF0720000000201094055010B590B0AB
:1061B0001C22002101A807F044FCF82006F009FC8D
:1061C00008B3202200200DEB0201FFF7E5FB044697
:1061D000F8B901A84FF4807106F031FC0E4B0F495D
:1061E00004930F4BCDE901130E4BF82106932023A6
:1061F0000DEB0302FFF780FE202104460DEB0100AA
:1062000006F0DBFB05E0F92006F0E3FB0028D8D11F
:106210000446204610B010BD0010C0040024000148
:10622000014B4E80F800FF7F73B5C5B20E4628467D
:1062300001A9144606F038FC88B9BDF80630C3F34E
:10624000C113013BDBB2022B8FBF6FF08600054A02
:10625000D25C054B9EBF13433360C4E9005002B0CB
:1062600070BD00BF7A5B0300004B4E802DE9F04308
:1062700085B0884601A9064614461D460C9F06F0C7
:1062800013FC48B9B6F1F80348F1FF38022B78F156
:10629000000804D26FF0860005B0BDE8F08306F078
:1062A00036FC0028F8D1002CF4D09DF8048018F0BA
:1062B0000F0240F0A280BDF80630C3F3C113013BCA
:1062C000DBB2022B00F29C80554908F03008C95C13
:1062D000544BB8F1100F43EA0103636038D1524BBD
:1062E0002360204602A9FFF795FA0028D4D1029B2B
:1062F000BB4200F2918044F212122188019891422F
:1063000004BF042205F8012B0D9A214613609DF865
:1063100004302A78C3F3011363F301022A7003AA3D
:1063200008BF07F1FF3706F094FB0028B4D12B78A3
:10633000039A6E7062F384032B70238803F44F4238
:10634000B2F5824F54D139462846FFF755FDA3E7F1
:10635000134691469DF8071034484908E9B9494663
:10636000204606F06CFB019BC3F38533242B1FD022
:10637000382B21D0142B49D14FF410522C4BE36011
:106380009DF806302280C3F30213013B052B40D851
:10639000DFE803F02C1624263F29CA0705D5062B73
:1063A00031D850F8232049EA020949080133D5E7DA
:1063B0004FF410521F4BE2E747F212121E4BDEE77A
:1063C000C0236380B8F1000F8BD1B2F5105F02D10A
:1063D00019F0030F85D06FF096005DE7FF23F0E71B
:1063E0004FF48073EDE74FF4C073EAE78023E8E7EA
:1063F000B3F5885F7FF450AFA5E76FF088004BE7F7
:106400006FF0910048E76FF0830045E76FF092006E
:1064100042E76FF098003FE76FF089003CE700BF6C
:106420007A5B0300004B4E8001108001A4F402004F
:10643000004440040002C003000002092DE9F047B7
:1064400000240588274E86B091469846DDE911A3C1
:1064500005F44F421E4023F00043B2F5824F23F46F
:106460007F0318BF2546B3F1106F0F461E4B4188BE
:1064700046F01066CAF800400CD19E420CD1038849
:1064800023F0FF03B3F5E24F0CD06FF0860006B0A7
:10649000BDE8F0879E4202D0144B9E42F5D16FF0CA
:1064A0008500F4E7EDB2284605AA00F0D5FDB8B99D
:1064B000059B5C684C45E8D1284600F00DFE00289D
:1064C000EDD0109B224602930F9B394601930E9B01
:1064D00005980093CDF80CA0434600F01FFFD6E7C7
:1064E0002046D4E70000FFF6000002090000010981
:1064F0002DE9F041069C04F0FE45B5F1407F09D03E
:10650000224923481923234A01F0C2FE19212148B8
:1065100001F0B5FE056895BB14F47C1604600BD041
:10652000C4F305461C4D24F47E14AC4246602AD1C7
:10653000BDE8F04100F0D2B8184D2540B5F1607FBC
:106540000DD1174FE5B245F00075BD4215D005F1EC
:106550007E45043D112DE5D8124E765DE2E7B5F19A
:10656000707FDFD10D8805F4E047B7F5005FD9D122
:106570000126C5F30225AE40D4E71026D2E76FF01E
:106580008800BDE8F0816FF08500FAE7D25B030078
:1065900066FC02007D5B03000002C0030000C07FB8
:1065A000030000021F5C030010B4046844B15AB138
:1065B000084B24F47E149C4208D110BC06F047BB63
:1065C0006FF0880010BC70471046FBE76FF0850045
:1065D000F8E700BF0002C003F8B51E460368054691
:1065E0000F4603B311B34168914222D8124A23F4F3
:1065F0007E13934211D106F067FB044678B905F18A
:106600000C0138466A6807F0F5F96B684FF41371AE
:106610002846336006F0D1F903E06FF096040023BA
:1066200033602046F8BD6FF08804FAE76FF0860407
:10663000F7E76FF08904F4E70002C0032DE9F04F9B
:1066400005461C460E461746ADF5177D4FF41372EE
:10665000DDE9A0ABDDE9A389002103A807F0F1F98A
:1066600029463B463246009403A8FFF741FF054602
:1066700060BB194B24F47E149C4212D1049B434509
:1066800026D85A465146A29B03A806F06EFB044644
:10669000B8B9049BC9F8003028460DF5177DBDE850
:1066A000F08F5A46514603A8FFF77EFF044640B9D3
:1066B0004B464246A29903A8FFF78EFF04460028E6
:1066C000EAD003A806F07DFA2546E5E70446F8E798
:1066D0006FF08904F5E700BF0002C003F8B50E466D
:1066E000114632881D46B2F5105F044673680FD11B
:1066F000A5F1100010280ED8174AC240D20714D4B2
:1067000016481A0AB0EB132F0FD0154B9A420CD033
:106710006FF085001BE011481A0AB0EB132F02D06E
:106720000F4B9A42F4D1202D12D804F59A772A46BD
:10673000384607F05FF92A463946304604F58C732F
:10674000FEF756FF18B91023A36001232377F8BD85
:106750006FF08600FBE700BF010101004B4E800097
:10676000004E80002DE9F0410446174698460D463C
:1067700019B10A688B681AB953B96FF021064BE05A
:1067800033B94B6823F00802102A01D0202B46D1E0
:1067900000232046C4E90085A36006F01AFB0646E4
:1067A000002839D12146012051F8703BAA68D3F85E
:1067B00000C098F8073008339840069B18439301AF
:1067C000DBB29206184302F0E042DCF800300243EC
:1067D00004F10C0000F0E0F8AB687BB923692A688B
:1067E0001A606B68226943F0005393602268236942
:1067F00012685268DA6023691033236167B1236934
:10680000084A1F6023699A60226823691268D26867
:10681000DA602369103323613046BDE8F0816FF000
:106820004106F9E71000002007B50022034B009253
:10683000FFF798FF03B05DF804FB00BFC0F402004F
:106840002DE9F3411D464FF48073284C804600200B
:1068500017460E46019300F049FA01AB236011235D
:10686000234A0121C4E9022304F11003636040F6C6
:106870001103E36104F1200363612123089AE362B9
:106880001C4B46F000561A60099A45F0005542F03C
:106890000052C3E901122022C4F81080A6612762C9
:1068A000A5626162DA60BFF35F8F134A1460BFF3C1
:1068B0005F8FBFF35F8F1361BFF35F8FBFF35F8F96
:1068C00003235363BFF35F8FBFF35F8F9363BFF304
:1068D0005F8F00F0EBF8431C0446FAD0002000F074
:1068E0002FFA204602B0BDE8F08100BF8C420020A4
:1068F000040000207C4200200000015070B50446D6
:106900000D4619B10A688B681AB953B96FF02106A0
:106910003BE033B94B6823F00802102A01D0202B4A
:1069200035D12046256106F04BFB064600282CD1C8
:10693000184B04F17801236001236360AB6804F114
:1069400014009A069B01DBB202F0E0421A4342F4C3
:106950008032112300F020F8AB6893B92A68A3694C
:106960001A606B68A26943F0005393602268A369C0
:1069700092699268DA60A3691033A3616368013396
:10698000636000221023C4E90223304670BD6FF01B
:106990004106FAE7E0F40200026100F114028260AD
:1069A00000F110024160C2600A60426803499160D0
:1069B0004268D3604368103343607047040000208E
:1069C0004368A3F11001914240D8012243F80C2CF6
:1069D00053F8042C42F0200243F8042C53F8082CFE
:1069E00042F0005243F8082C836800F11402A3F12E
:1069F000100191422ED8012243F80C2C53F8042C9C
:106A000042F0200243F8042C53F8082C42F00052C4
:106A100043F8082CC36803F15402BFF35F8F0F4B98
:106A20001A60BFF35F8FC2680432BFF35F8F1A61D1
:106A3000BFF35F8FBFF35F8F03225A63BFF35F8F94
:106A4000BFF35F8F9A63BFF35F8F7047103242F8D6
:106A50000C2CB8E7103242F80C2CCAE700000150A9
:106A600038B5BFF35F8F104CE569BFF35F8FBFF39D
:106A70005F8F10236363BFF35F8F012006F08FFFEA
:106A8000BFF35F8F00236363BFF35F8FBFF35F8F3D
:106A9000E36BBFF35F8F5B06F8D425B1BFF35F8F65
:106AA000E561BFF35F8F38BD0000015008B500F00D
:106AB000BBF9104A20B9BFF35F8F906ABFF35F8FB5
:106AC000BFF35F8FD36BBFF35F8F10F0240F03F022
:106AD000230304D0FFF7C4FF6FF01F0008BD4FF081
:106AE000FF30002BFAD1BFF35F8F1063BFF35F8FCE
:106AF0001846F3E700000150BFF35F8F094A13689F
:106B0000BFF35F8F43F48071BFF35F8F1160BFF3FA
:106B10005F8F23F48073BFF35F8F1360BFF35F8FCA
:106B2000704700BF00100150BFF35F8F1522064B66
:106B30005A62BFF35F8FBFF35F8F40F237129A62E2
:106B4000BFF35F8F704700BF0010015008B5FFF71B
:106B5000D3FFBFF35F8F064A1368BFF35F8F43F025
:106B60000103BFF35F8F1360BFF35F8F08BD00BFEA
:106B70000010015070B50026C0E9006605460C46BD
:106B8000FEF7B8FC01232B70FFF7B6FFBFF35F8F52
:106B9000204BDB68BFF35F8F9B08013BACB32268DF
:106BA00042B19A4205D9FEF7C7FC6FF03F002E7044
:106BB00070BD1346D4E90115E068002908BF4FF401
:106BC0000071002808BFF1202469BFF35F8F114ACC
:106BD0009360BFF35F8FBFF35F8F1564BFF35F8F69
:106BE000BFF35F8F5064BFF35F8FBFF35F8F51635D
:106BF000BFF35F8F44F4802444F00104BFF35F8F40
:106C00001460BFF35F8F0020D2E74FF40071F120D2
:106C10002546DAE70010015070B503780D4614469A
:106C2000002B53D0BFF35F8F2D4A136BBFF35F8FE1
:106C30005908C3F34203052B4BD011F0060F02D1C4
:106C40004FF0FF3070BD4368D3B9BFF35F8F536817
:106C5000BFF35F8F032BF3D9224B2349BFF35F8F21
:106C6000D2F88060BFF35F8FBFF35F8F43F8046B90
:106C7000BFF35F8F8B42F1D1FFF768FF01234360C1
:106C8000BFF35F8F164B9A68BFF35F8F0132B4EB8F
:106C9000021F21D8BFF35F8F5A68BFF35F8FB4EB39
:106CA000820FCDD884B1BFF35F8FD3F88020BFF3BC
:106CB0005F8F291D05F8012B8D424FEA122204F146
:106CC000FF34EFD0002CF5D10020BBE76FF020009F
:106CD000B8E76FF05100B5E76FF03F00B2E700BFD3
:106CE00000100150101001502010015010B5044642
:106CF000FEF700FC104B186800F0F4FB0CB1012308
:106D00002370BFF35F8F00220C4BDA61BFF35F8FFC
:106D1000BFF35F8F4FF0FF321A63BFF35F8FBFF394
:106D20005F8F3422DA61BFF35F8F012203F5922374
:106D3000C3F8042310BD00BF500B00200000015019
:106D400010B5044638B9FEF7F7FBBDE81040074B15
:106D5000186800F0E1BB03783BB1FEF7EDFB034B95
:106D6000186800F0D9FB0023237010BD500B0020E1
:106D700038B51B4CD4F80051BDB1BFF35F8F194B30
:106D8000996ABFF35F8FBFF35F8F4FF0FF321A63D3
:106D9000BFF35F8F0023C4F80031D4F80031124BE9
:106DA0001868BDE8384006F0F8BDD4F8083153B192
:106DB00000F08AF806F0F1F9C4F80851D4F8083167
:106DC00001210A4BECE70A4950230A4A0A4801F01C
:106DD0005FFA0A4801F05CFA5021064801F04FFAC8
:106DE0000090055000000150580B0020540B00206B
:106DF000B24C0300315C030066FC0200975C0300A8
:106E000008B5074B186806F0B7FD064B186806F082
:106E1000B3FDBDE80840002259201146EAF752BDF3
:106E2000580B0020540B002038B5094B1C7864B176
:106E3000084B4FF0FF311D68284606F09FFD4FF0CC
:106E4000FF310446284606F0A6FD204638BD00BFA7
:106E500081480020580B002010B5064CE36C3BB96C
:106E6000214651F84C3B986906F0E7FA0123E364A8
:106E7000014810BDBC4200200843002010B5044664
:106E80000E4B186800F02EFB0D4B1A682361226030
:106E90005A6862609A68A2600A4A12689A66002379
:106EA000A364FEF727FB204606F068F90028FAD114
:106EB000204606F068F90028F5D110BD5C0B0020D3
:106EC000BC4200201CF5020000487047BC42002074
:106ED00010B50446054A036912689A6606F0A0FADE
:106EE0002046BDE8104006F060B900BF34F502004E
:106EF00010B50446FFF7ECFF0422084BC3F8082343
:106F0000FEF71AFB064A236912689A660023636437
:106F1000044BBDE81040186800F0FEBA0090055020
:106F20001CF502005C0B002010B5104B104C2360C8
:106F300003F5C04363602461FFF78EFF98B1236DB2
:106F40002046B3F5007FCCBF4FF480634FF400734D
:106F5000A360FFF793FF2046FFF7BAFF2046FFF735
:106F6000C7FF002010BD0E20FCE700BF002001502D
:106F7000BC420020244B0340B3F5806F2FD017DCB8
:106F8000402B2ED008DC102B2DD0202B2DD0181EFE
:106F900018BF012040007047B3F5807F27D0B3F5BC
:106FA000007F26D0802B08BF0B2018BF022070471F
:106FB000B3F5804F1FD00ADCB3F5805F1DD0B3F569
:106FC000005F1CD0B3F5006F08BF0620EDE7B3F5F6
:106FD000004F16D0B3F5803F08BF0320E5E711202E
:106FE00070470A2070470C2070470920704708201E
:106FF0007047072070471420704705207047042011
:1070000070470F20704700BFF0FF010070B50F4EB2
:107010000F4C0546306800F065FA206830B98022D0
:107020000C49FEF7B9FC70B9202323602368094A94
:10703000013B2360002452F823202A60306800F0CE
:107040006BFA204670BD0224F8E700BF600B0020F9
:10705000284300202C43002012281BD0A0F112034B
:10706000302B2DD826280DD81738C3B20B2B27D894
:107070001648184100F00100C0F1FF2000F57F0024
:107080007A3070472738C3B21148D84000F0010069
:1070900087387047B1F5807F0ED006D8E0290CBF45
:1070A0006FF085006FF086007047B1F5C07F0AD0A1
:1070B00040F209239942F2E7064B00201360704723
:1070C0006FF0860070476FF085007047EEF7FFFFA6
:1070D0001102000C0CF50200A0F11203DBB21E2B12
:1070E0009DBF0348D84000F001000020704700BF5A
:1070F0002102214270B50446A4B0466811A80D468D
:10710000FFF7BCFE174B11A8196806F066F8214678
:107110006B46002211A806F020F9044680B911A898
:1071200006F0BFF8DDE900120346284606F00EFB24
:1071300011A806F075F911A806F037F8044648B111
:1071400011A8FFF7D5FE204605F071FB0446204646
:1071500024B070BD11A8FFF7CBFE3146684605F09C
:107160002CFCF4E7C8F6020070B5D51D1C78ED08BC
:107170000646042C084611464FEA450286B002F145
:1071800001021DD10A9C94421AD1104C104A34407D
:1071900044F0106494424FF0000414D15A1CCDE91D
:1071A00002526A1C134401AACDE904530194FFF76B
:1071B00053FF18B9019802A9FFF79CFF06B070BDF4
:1071C0006FF08600FAE72046F8E700BF0000FFF600
:1071D000000002092DE9F0410388002503F44F4423
:1071E000B4F5824F08BF1C4603F4E04C1D4B18BF9A
:1071F00000249846C768E4B21E78A6421ED1D3E99F
:107200000260BCF5804F08BF06461068D3F804E062
:1072100018B98E4208BFC2F800E0106870450DD161
:107220008E4203D06FF08600BDE8F081142303FB8B
:1072300005831B7C43B96FF08500F5E70135132DFD
:1072400003F11403D8D1EDE7422C09D1064B9F423C
:1072500006D003F20B139F4202D00A339F42E1D1C2
:107260000020E1E74CF50200000800062DE9F3419B
:1072700005881F4605F44F43B3F5824F0E468046FE
:1072800041881BD1EDB2422D3DD8402D13D8A5F138
:107290001203DBB21E2B36D81D4A42FA03F3DA077B
:1072A00031D4CC1DE40864000134089BA34207D20A
:1072B0006FF0890024E0CC1DE408F6E700242546A1
:1072C000284601AAFFF7C8FED0B9D8F80420114B10
:1072D000B3EB122F19D0123DEDB21E2D15D80E4B67
:1072E000EB40DB0711D539460423019A01F8013B35
:1072F000304600F09FF805F09AFA08B9099B1C6027
:1073000002B0BDE8F0810024DAE76FF08500F7E70E
:10731000DEFFFFBF004E80002100004070B5144624
:10732000C4B01D460FABCDE90121CDE90432039273
:1073300020AB10220646002107A8069306F081FB29
:10734000489A630001339A426CD12B78042B69D19F
:107350004A9B9C4269D86B1CCDE90743631C1D44C2
:10736000304607A9CDE90945FFF7C4FE04460028C9
:1073700055D131A8FFF782FD2D4B31A8196805F0D2
:107380002CFF0A25002231460BAB31A805F0E5FFA2
:107390000446002834D131A805F083FF0446024694
:1073A0000B9901A806F0A9F9DDE90C12234607A8FC
:1073B00006F0CCF931A806F033F831A805F0F5FE57
:1073C0000446E8B9013DDDD131A805F0A7FF054627
:1073D00031A805F066FF03AB0246D5E9000106F0CF
:1073E000A5F9049B039A0C93059B49990D93069B61
:1073F0000BA80B920E9306F080F94B9B0B9A1A6028
:10740000DDE9031005F0D9FADDE9051005F0D5FA3C
:10741000204605F00CFA044631A8FFF769FD204626
:1074200044B070BD6FF08604F9E76FF08904F6E7A9
:10743000E0F602002DE9F04796B0814603A80E461B
:1074400015465768FFF71AFD254B03A8D3F800A08F
:107450004FF00008514605F0C0FE6B460022294659
:1074600003A805F07AFF044618B103A8FFF740FD12
:1074700021E03A464946009806F0C2F9DDE90123C9
:10748000294603A805F038FF03A805F0C9FF03A8A3
:1074900005F08BFE0628044611D108F10108B8F169
:1074A0000A0F04D0514603A805F097FED5E703A8BC
:1074B000FFF71EFD6A24204616B0BDE8F0870028BD
:1074C000D3D103A805F02AFF05463A4601683046A5
:1074D00006F0C4F93A466968F01906F0BFF9C4E746
:1074E000E0F6020008B54FF0FF324FF0FF33F9F736
:1074F000A5F948B1054906481723064A00F0C8FE19
:107500001721044800F0BBFE08BD00BFEB48030094
:1075100066FC02006F5D030008B5F9F75FFA48B139
:10752000054906481F23064A00F0B2FE1F21044801
:1075300000F0A5FE08BD00BFEB48030066FC02009A
:107540006F5D03002DE9FF47002705460C46924674
:10755000019700F10C06EFF31189402383F31288A1
:10756000BFF36F8F3046FCF74FF868B988231A4A8B
:107570001A491B4800F08CFE31461A4800F088FE7C
:107580008821154800F07BFE3046FCF761F8AB68B7
:1075900028465C4004EA0A02134903EA0A085340F9
:1075A00001AACDE90237FBF7FFFE019C3CB1204662
:1075B000C4F8C0700021646EFBF71AF8F6E7DDE945
:1075C000023223EA020330464946AB60FBF72CFA4D
:1075D000404604B0BDE8F087D4FF0200010003007C
:1075E00066FC020016000300A3D902002DE9F04F4B
:1075F00085B08846DDE90E1B05461746EFF3058387
:107600008BB151EA0B030ED040494FF48573404AC9
:10761000404800F03DFE404800F03AFE4FF48571CE
:107620003B4800F02CFE0291B8F1000F56D007F055
:1076300001030393FBF70AFD05F10C048146EFF308
:10764000118A402383F31288BFF36F8F2046FBF724
:10765000DBFF029960B98823304A31492D4800F098
:1076600017FE21462F4800F013FE88212B48D8E74B
:1076700020460291FBF7ECFF17F0020F1CBF00231E
:10768000AB60AB6807F00102029903EA0806BAB1E1
:10769000B04517D17A0744BFB343AB602046FBF730
:1076A000C1FFE8B94FF49A731C4A1F49194800F00A
:1076B000EFFD21461D4800F0EBFD4FF49A71D5E730
:1076C000002EE7D151EA0B0312D12046FBF7AAFFA7
:1076D0000028E7D08AF31188BFF36F8F002603E0FC
:1076E0008AF31188BFF36F8F304605B0BDE8F08F85
:1076F000C9E91A872A46CDE9001B20465146FAF708
:10770000D3FF0028EAD1D9F86860EDE739510300CA
:10771000B45D030066FC0200EF4E0300D4FF0200DC
:1077200001000300160003002C00030043000300C7
:1077300008B5EFF305834BB1074908483823084AD9
:1077400000F0A6FD3821064800F099FDC0E902339B
:10775000C0E9000008BD00BFCB50030066FC02007A
:10776000B45D030008B5054B044613B10021AFF327
:10777000008000F011FB2046EAF72EFC000000001C
:10778000F8B50E4B06461D68AB789B0712D56F689F
:1077900016F8014B29462CB90A20B847002805DB0A
:1077A000204609E02046B8470028F1DAAB7843F0DC
:1077B0000403AB704FF0FF30F8BD00BFE8EE0200ED
:1077C0000CB430B589B005460C461C22002101A836
:1077D00006F037F9022305958DF806300D4B02931C
:1077E00023462CB1B4F1004F28BF4FF00043013BBA
:1077F0001D440DAA0C9901A80695009200F072F89C
:1078000014B1059B00221A7009B0BDE8304002B0E7
:10781000704700BF7BDB0200242AF0B5044601D884
:10782000012A40D12E4B162206F0B0F91A5001B1B0
:107830000C600020F0BD2F463D4615F8010B2028B6
:10784000F9D0A0F109060346042EF4D92B282CD038
:107850002D282CD10126BD1C7B78302B2DD12878EA
:1078600040F02000782824D132F0100021D16B782C
:107870002C46102202350020392B82BF03F1FF3342
:1078800043F02003263B303B9A421AD9A0FB020466
:107890000CB9C01801D346F002062F462C4617F843
:1078A000013B3D46E8E70746C6E70026D3E700264A
:1078B000D3E7002A08BF0822DDE7002A08BF0A2212
:1078C000D9E701B10C60F20748BF4042B307B1D518
:1078D000034B222206F05AF91A504FF0FF30A9E765
:1078E0000C0000002DE9F04F43688DB0154680462E
:1078F000029383789A0740F10D8100240E78002EC0
:1079000000F00A81252E0BD04B1C03930134414615
:107910003046029B98470028C0F2F6800399EDE7B5
:107920004E788B1C252E0393F0D00027B946BB461A
:10793000BBF11F0F38D8A6F12003102B0AD8DFE8BF
:1079400003F02A0909300909092109090928092D23
:1079500009091F00A6F13003092B33D92A2E37D18C
:107960001BF0400F55F8043B40F08280002BA7BF6E
:107970004BF0200B9946C3F100094BF0280B01E0B6
:107980004BF0010B039B13F8016B0393002ECFD137
:1079900030E04BF0020B4BF0040BF3E74BF0080B1D
:1079A000F0E74BF0100BEDE7BBF17F0F19D8A6F114
:1079B0003003092BD2D81BF0400F03D00A2101FB62
:1079C0000737DFE70A214BF0200B01FB0939D9E724
:1079D0002E2E06D11BF0400F40F09E804BF0400B46
:1079E000D0E76C2E31D02BD8682E36D06A2E3CD002
:1079F0004C2E3AD0002F46F02003B8BF2BF04002A7
:107A0000A3F16501BCBF00271FFA82FB022901D93F
:107A1000612B2FD107350727DFF8ACA225F007052A
:107A200008351BF0080F66D00AEB070B56465E457B
:107A300063D1A4EB0A0AA9EB070906EB0A026FE17E
:107A4000742E9FD07A2E9DD0D4E71BF0800F18BFE4
:107A50004BF4007B4BF0800B94E71BF4807F18BF46
:107A60004BF4007B4BF4807B8CE74BF4207B89E765
:107A70001F4687E7A6F16301122900F2F080DFE8D4
:107A800011F013004F00EE00EE00EE00EE004F008C
:107A9000EE00EE00EE00EE00EE00FE00E900EE006B
:107AA000EE001B00EE00AF0055F8043B01270DF17E
:107AB000180A8DF81830B4E755F804AB834BBAF1C7
:107AC000000F08BF9A461BF0400F504614BF3946BE
:107AD0004FF0FF3105F0EFFF0746A2E741462020B7
:107AE000029B984700280FDB013EB742F6D34C4477
:107AF000B146A41B98E74E46F7E7414616F8010B3E
:107B0000029B9847002892DA98F8023043F0040369
:107B100088F802304FF0FF3420460DB0BDE8F08FFA
:107B20001BF0800F34D01BF4007F2CD0073525F0DC
:107B30000705AA4669685AF8080B2BF010050029BA
:107B4000ADB237DA404245F4806561EB41010DF199
:107B5000180B0A235A4605F0BAFFA0EB0B0301935A
:107B60006B0662D5019B25F001019F4289B240F36B
:107B7000A180002E00F0998015F0100240F09C804A
:107B8000BB460D4623E0AA465AF8040BC117D4E7BA
:107B9000AA461BF4807F5AF8041B01D10846F5E77A
:107BA0001BF4007F19BF48B241F3C01108B241F382
:107BB000C031C2E750EA0103C9D11BF0400FC6D063
:107BC000002FC4D12BF01102BB46019795B240F2B1
:107BD000064115EA01021CBF0BF1010B00222CE04B
:107BE0002BF010020A231FFA82FB1BF0800C49D0F5
:107BF0001BF4007115BF0735AA4625F007055AF892
:107C0000040B1EBFAA4669685AF8080B50EA010522
:107C100045D12BF016051BF0400FADB242D0002F1E
:107C200040D12BF01702019795B215F0100248D001
:107C3000019B002E42D103F1010B29075AD4EB0717
:107C400006D5D9456FDDA9EB0B030199CB465F182B
:107C50005B4649E04BF0100B10237826C5E7782BE4
:107C600004D1C6F1780343F01003BEE74146252056
:107C7000029B98470028FFF647AF023447E60823E7
:107C80000026B2E7AA461BF480715AF8040BBDD057
:107C90001BF400711ABFC0B2614680B2B6E72BF088
:107CA000060295B20DF1180B54E725F01105BB46FD
:107CB000ADB28CE70D46B8E73B460D4603F1020B2B
:107CC000BBE7DDF804B082E7275E0300205E030017
:107CD000CDE9043241462020029B98470028FFF658
:107CE00013AF049B059A01339945F1DCA4EB0B011A
:107CF0009B46CC180AB341463020029B9847002887
:107D0000FFF602AF8EB901342744391B019B99421B
:107D100024DC1D4655BB019AA9EB0B0955462244AC
:107D20001446914433E0019F92E7023441463046C5
:107D3000029B98470028E7DAE6E640F206410D424A
:107D4000E2D015F0020F04F10104414614BF2B20CC
:107D5000202015F4806F18BF2D20E9E74146302020
:107D6000029B013498470028CFDACDE606AB013DEF
:107D70004146585D029B98470028CBDAC4E641464D
:107D80002020029B013498470028FFF6BDAEA9EBE6
:107D90000403002BF3DCC1E538B5074D074C641B29
:107DA000A41024B9064B0BB1AFF3008038BD013CE1
:107DB00055F824309847F4E7000000000000000068
:107DC00000000000704701F060B80023E8F72ABA0D
:107DD00010B483682822DC684CF25033A44610BCEF
:107DE000604710B483685C684FF0FF33A44610BC52
:107DF000604700210F2008B503F020FD002147F661
:107E00001220FBF78FF8F9E7836800EBC101B3F5A7
:107E1000004F2CBF51F8220031F81200704700EBE0
:107E2000C1018068B0F5004F2CBF41F8223021F825
:107E300012307047012208B5FFF7E6FFD04008BDB9
:107E4000836800EBC101B3F5004F08D34B681AB14A
:107E500043F001034B60704723F00103FAE74B88BE
:107E60001AB143F001034B80704723F00103FAE796
:107E700053000122FFF7D3BF8368B3F5004F34BF2F
:107E800004230823C91A081AC00870478368481CCD
:107E9000B3F5004F34BF042308230833A0EBD3000D
:107EA000B0FA80F0C0F11F0070472DE9F04117468D
:107EB00003220E460446FFF7A7FF8642054607F158
:107EC00004080AD10122E368BA4023EA0203E3600E
:107ED000002344F82830BDE8F081314602222046D4
:107EE000FFF792FF06462B4601460322204644F840
:107EF0002850FFF794FF334629462046BDE8F0415D
:107F00000222FFF78CBF70B50D4686680446FFF766
:107F100091FFB6F5004F014601D3012809D0204654
:107F2000FFF7B4FF294602462046BDE87040FFF740
:107F3000BCBF70BD2DE9F0470546FFF7A7FF05EB75
:107F4000800ADAF8109088460646B9F1000F1BD077
:107F50000327DAF8104028462146FFF76BFF40451B
:107F600007D3324621462846FFF79FFF2046BDE84B
:107F7000F087032221462846FFF746FF013FCAF853
:107F8000100001D08145E4D14FF0FF34EB68013699
:107F9000B4401C40EAD094FAA4F2B2FA82F2131D63
:107FA00055F82340DEE72DE9F04114460E4605461C
:107FB000FFF740FFA4EB0608371B07444246314653
:107FC0002846FFF755FF3A4621462846FFF750FF5F
:107FD0004346002221462846FFF721FF2146284636
:107FE000FFF728FF3B46211800222846BDE8F04154
:107FF000FFF715BF2DE9F041164604460F46FFF77F
:1080000019FF314605462046FFF714FF05442A466E
:1080100039462046FFF72CFF31462046FFF70AFF7E
:108020002B46311800222046BDE8F041FFF7F7BE8D
:108030002DE9F0410D4686680446FFF7FBFEB6F5D4
:10804000004F014601D3012832D02046FFF71EFF22
:1080500004EB80010E6996B90122E3688240134364
:10806000E36002220D612B4629462046FFF7D7FE2A
:10807000032229462046BDE8F041FFF7D0BE022288
:1080800031462046FFF7C0FE0746034629462046F4
:10809000FFF7C5FE0322334629462046FFF7BFFE01
:1080A00039462B462046FFF7BAFE02223146E1E769
:1080B000BDE8F081F8B50C460546FFF7BBFE261873
:1080C000012231462846FFF79FFEC3070CD43146F4
:1080D0002846FFF718FF21462846FFF7ABFE21464A
:1080E00022182846FFF786FF002221462846FFF780
:1080F0008BFE271A012239462846FFF785FE10EA33
:10810000020613D139462846FFF7FDFE21463246C6
:108110002846FFF779FE2246211A2846FFF76AFF14
:10812000214632462846FFF76FFE241A214628468C
:10813000BDE8F840FFF77CBF70B5056809B90020BD
:1081400070BDAB6801F00704B3F5004F2CBF0822E7
:10815000042207341444E40804EBD1049C4228BFF1
:108160001C4628462146FFF7E5FE06460028E6D0D5
:1081700001462846FFF75EFEA04209D93444314645
:1081800028462246FFF70FFF21462846FFF750FFFB
:10819000284601223146FFF753FEAB68B3F5004F86
:1081A00034BF0423082303EBC6031844C8E7114671
:1081B000FFF7C2BF2DE9F04706460D461746984621
:1081C0002BB34FF0000A98F8004093F80190DB7849
:1081D000A40004EB430498F802301C444444CA450C
:1081E00009D339463046AC46D8F8042008F10803D4
:1081F000BDE8F047604714F8013B0AF1010A204648
:1082000048F82340E4F72AFE01300444E7E76FF022
:108210001500BDE8F08770B50025024628461446D3
:1082200014F8013B0BB9184609E098B18D4207D10B
:10823000702B04D0A3F140023A2A0BD8002070BD65
:10824000A3F140063A2E05D853780135941C002B33
:10825000E9D00020252B224608BF80F00100DEE790
:10826000002070470FB407B504A951F8040B019121
:10827000E6F7EAFA03B05DF804EB04B070470023B8
:1082800083F31188BFF36F8F0423184602DF704712
:108290000FB407B504A951F8040B0191E6F7D4FA1D
:1082A00003B05DF804EB04B0704710B503690246F3
:1082B00013F0080009D11368D4689C429BBF0120C9
:1082C000526AE31AD31A0B6010BD00231846FAE76E
:1082D00013B501A90446FFF7E8FF20B1019BE2684E
:1082E000013B13440193606A019BC01A013802B03C
:1082F00010BD10B5044650182269636AD20702D532
:10830000013B184010BD984228BFC01AFAE710B5CB
:1083100004460A46C168FFF7ECFF2369E06023F0DA
:108320000803236110BD38B50D46026A8B00016851
:1083300043F00203044642F8213001682A46FFF761
:10834000D8FFE3686168984208BF2369206008BFCE
:1083500043F008032A46204608BF2361FFF7C9FF00
:10836000606038BD2DE9F74FC768066A9B4606EB8B
:108370008703009316F82730044603F00303022B0B
:10838000884691464FF000030BD01360CBF80030C5
:1083900023699B0713D44FF0000A504603B0BDE891
:1083A000F08F56F8271013608908CBF80030EFD013
:1083B000FFF7ADFFE368A3604FF0010AEDE7E36963
:1083C00006EB8700984716F82720054612F0010AA9
:1083D000E1D012F002021FD0B8F1000F03D04146E5
:1083E0002046FFF7A0FF61682A462046FFF781FF7D
:1083F000D4E902219142606006D12A462046FFF767
:1084000078FF4FF0000AA060A2682260E260226953
:1084100042F008022261C0E7014620460192FFF7C0
:1084200076FFE368A360B8F1000F04D02168236AE7
:10843000019A43F8212005EB0802CBF800202168BF
:108440002046FFF756FF2369206043F008032361AD
:1084500016F827306FF3000306F82730009BC9F8A1
:108460000030A9E770B504461546FFF742FF2368C0
:10847000834205D12369216023F00803236170BD85
:10848000226AAB0043F0020342F8213061682A46B9
:108490002046FFF72EFF6060F1E738B50369044618
:1084A0005B0706D5856AFFF713FF85422CBFA562DF
:1084B000A06238BDF0B564230546042600200A27D3
:1084C00069B9F0BD9A42B2FBF3F40CD2012B0AD089
:1084D00048B903FB14220A24B3FBF4F3D2B2013EE1
:1084E000F0D12E70EDE7303405F8014BB2FBF3F418
:1084F00003FB1422B3FBF7F301390130C9B2C0B258
:10850000D2B2DBB2DCE7A0F13003DBB2092B02D838
:1085100000200B707047A0F16103052B02D857387B
:10852000C3B2F5E7A0F14103052B01D83738F7E7CF
:108530006FF015007047F7B5054601F0010000EB3C
:1085400051069E424FEA510703D90026304603B038
:10855000F0BD58B128780DF10701FFF7D4FF0028CE
:10856000F3DB9DF80730013502F8013B0135174474
:10857000BA42EBD015F8010C0DF10701FFF7C3FF6C
:108580000028E2DB9DF807402401E4B2147015F8DE
:10859000020BFFF7B8FF0028D7DB9DF807301C441B
:1085A00002F8014BE4E7838B13F0070305D103685E
:1085B000002B0CBF002003207047022B05D1C08B7D
:1085C000B0FA80F0400980007047012B05D10368A4
:1085D000002B0CBF0020052070470020704710B50D
:1085E0000C4600B111B96FF0150010BD081D00F068
:1085F0002FF80028F9D1A368032BF6D9F3E72DE96A
:10860000F0410D4607461946281D90461E46E6F7DE
:10861000AFFE044638B13346424629463846A446A2
:10862000BDE8F0416047BDE8F08138B50C4605462D
:1086300058B151B10B6843B14B6833B120220021CE
:1086400005F0FFF900202C6138BD6FF01500FBE745
:10865000034640B1426802F00302022A06D0032A10
:1086600004D0012A05D06FF0150070471A68002A5F
:10867000F9D0002098607047704770B41E461546C8
:10868000DDE9032381690468806B06FB014129440D
:1086900084682468A44670BC604707B51021019126
:1086A00004990091FFF7E9FF03B05DF804FB002295
:1086B0004B6801334B60C069924208BF834208BFD8
:1086C0004A607047F7B5026C85695200AD1A63F1D4
:1086D0000006099B2A46009333460446089FFFF78D
:1086E000DCFF50B92046226C0897521946F100036E
:1086F00003B0BDE8F040FFF7D0BF03B0F0BD00F01D
:10870000C4BB10B5411C04460F22FF20F3F7E0FB69
:10871000207010BD10B5437804468B4209D1411C2E
:108720000F22FF20F3F7D4FB23781B1A584258413D
:1087300010BD0020FCE710B541780446FFF7EAFFC2
:1087400040B14FF6FF7362889A4206D16068431CBD
:108750005842584100F0010010BD0020FAE770B502
:10876000064608460D461446FFF7E5FF08B9002007
:1087700070BD20466178FFF7CDFF0028F7D06388F1
:10878000002BF4D163680133F1D1A268B3699B1A5D
:10879000326CB3FBF2F102FB1133002BE7D16878A6
:1087A0006378C31A58425841E2E773B5DDE90656CB
:1087B000CDE900560446FFF785FF20B93246294629
:1087C0002046FFF7CCFF02B070BD30B50C46D1E9B2
:1087D00000130546026C8BB0521843F10003C4E944
:1087E0000023006CA969A1EB40018A4213D1ABB907
:1087F000E9699A184B1E06A9C4E90023019102A950
:1088000028460091FFF7D1FF002805DB08D1D5E904
:108810000223C4E9002300200BB030BD013BEAE78E
:10882000089B2360F7E710B58269016C86B0521A85
:1088300002AC63F100030094FFF72FFF002808DB70
:108840002046FFF778FF30B100209DF80920089BF3
:108850001A7006B010BD6FF00100FAE72DE9F04F75
:1088600007464FF0FF398DB08A461699CDE90623A9
:108870000291179908AD03910DF1170BDDE90686FA
:108880003846424633460095FFF707FF0446B0BB23
:10889000384606A9FFF799FF044680BB099B53455C
:1088A00017D14FEAE973984208BF4E450AD03346C4
:1088B00042463846CDF800B0FFF7B5FF831C22D101
:1088C0008DF8174028469DF81710FFF723FFF0B9E1
:1088D000B146DDE90623DDE90210834208BF8A4282
:1088E000CCD1189A0CAF2B4603CBBB421060516021
:1088F0001D4602F10802F6D1199BC3E90086204605
:108900000DB0BDE8F08F0028DCD00446F7E7012465
:10891000E7E70368012B81BFC91801F1FF315B4212
:10892000194008467047F8F759B82DE9F04389B067
:108930000746DDE910851DB9002009B0BDE8F083C8
:108940008169066803FB0166C36B16441C686442B8
:108950002C400DD0806B83684246D3F8049031469A
:108960002346C8470028E8D12D1BE5D02644A04463
:108970002A464146684605F03DF8FC6B0DEB0500C4
:1089800022686179521B05F05CF8B86B2368826835
:10899000314654686A46A047CFE737B51025CDE980
:1089A0000015D0E902230446FFF7BFFF024650B985
:1089B0002946E06BFFF7ADFFD4E902311B1A61F1E4
:1089C0000001C4E90231104603B030BD2DE9F04189
:1089D0004FF0FF3200268CB004960592ADF81220BD
:1089E00044F2012207920DF10F02009232461D4619
:1089F00004460696FFF717FF831CB0463DD18DF85D
:108A00000F60A269216C12EB08024FEA410145F1A7
:108A10000003521A08A963F1000320460091FFF7F2
:108A20003CFE00282BDB9DF80F309DF821105A1CCE
:108A3000D2B2914208BF02338DF80F2008BF8DF8E3
:108A40000F309DF80F3004A88DF81130FFF759FE54
:108A5000D4E90267A369226C13EB080345F1000512
:108A60009B1A65F100052046C4E9023504A9FFF709
:108A700094FF20B9C4E9026701E00028C1D00CB01E
:108A8000BDE8F0811FB504461022FF21684604F0BE
:108A9000D8FF0023ADF8023023696846029394F8AA
:108AA00020308DF80130FFF72CFE69462046FFF795
:108AB00074FF04B010BD30B58BB004461022FF2106
:108AC00002A804F0BEFF0023A268ADF80A30236CB0
:108AD00006A89B18049394F8203010228DF80930D2
:108AE000E36B597904F0ADFFD4E9021341BB226C6A
:108AF000A1695000884288BF013BA1EB4202C4E952
:108B0000022302A8FFF7FDFD02A92046FFF745FF5B
:108B1000204604F10801FFF7CAFD04F12003009389
:108B2000D4E902232046FFF77EFE831C4FF00005A8
:108B300014D184F82050E3680020C4E904530BE00A
:108B4000D4E90402814273EB0202D0D3204606A985
:108B5000FFF723FF0028C7D00BB030BD0028EAD0B4
:108B6000FAE737B5CDE900121546D0E904230446EB
:108B7000FFF7DBFE00280CDB2946E06BFFF7C9FEA0
:108B8000D4E904321B184FF0000042F10002C4E99E
:108B9000043203B030BD2DE9F04F00F12005A9B03B
:108BA0000095D0E902230446FFF73DFE831C0BD15C
:108BB000D4E902232046FFF709FF60BB0095204659
:108BC000D4E90223FFF72FFE28BB002294F82030BF
:108BD00020460493E3680AA9CDE90A23FFF767FD5D
:108BE0000A9BA56905930B9B20460693059BED18F0
:108BF000069B43F10006236CED1A10AB66F10006EC
:108C000001931CAB00932A463346CDE90C56FFF77F
:108C1000CCFD002802DA29B0BDE8F08F2CD09DF8F9
:108C200071300DF1500984F82030236C5B00EB1A91
:108C3000089366F100030993129BCDE90C36DDE938
:108C40000CA8204652464346CDF80090FFF725FD7C
:108C50000028E0D120460CA9FFF7B7FD0028DAD1A3
:108C6000484694F82010FFF755FD98B9DDE9083221
:108C7000904508BF9A45E2D1049B204684F82030F5
:108C8000FFF700FF0028C6D1DDE905232046FFF7E6
:108C90009DFEC0E7BDF85230002BE7D0D4E9022397
:108CA0000EA9039118A902912046CDE90023159938
:108CB000CDE90EA8FFF7D2FD0028ACDBDDE90E23DD
:108CC000434508BF5245D1D1BDF85260082E23D983
:108CD000C3462269169F1692E26B1268524202F056
:108CE00020030793079D20ABB54228BF354600936C
:108CF0003A465B4620460195FFF7BFFC00288AD123
:108D00002A46204620A9FFF72CFF002883D1EF191F
:108D10004BF1000B761BE5D1049B48468DF8513092
:108D2000FFF7EFFC49462046FFF737FE00289DD0AD
:108D300071E700231A46E6F7B9BD37B5002500955F
:108D40001C46E6F765FE002802DBA04228BF20464D
:108D500003B030BD002307B51A460093E6F758FE6E
:108D600003B05DF804FB03785B075FBF03684288CC
:108D7000C3F34A2303EB12105DBF173020F0070046
:108D80008008002070470020704702F04FBD034666
:108D9000D3E8EF0F421CC3E8E12F0029F8D1704758
:108DA0000120E6F7A5BF002070474368DA71012271
:108DB0004368196043685A71E6F78CBF70B5154671
:108DC0000C4669B1D2E901369B1B99420AD8136857
:108DD0000A460146981904F00DFEAB682344AB60C7
:108DE000204670BD6FF01B00FBE770B50E461546C0
:108DF0001946044618B9BDE87040E6F779BF33B1AB
:108E0000C2F34A231030120D184404F0F3FDC4E9F4
:108E100000562046BDE87040E7F7E4B92DE9F3417C
:108E20005F1C4FEA8708064608F1170020F007008C
:108E300080080C461546E7F707F800238DF8047004
:108E4000ADF805308DF8073068B10346019AA8F1F6
:108E5000040143F8102F2A46294452F8045B8A4241
:108E600043F8045FF9D100233146A20102F4E07215
:108E700042EA482222F07F4222F4700222F03F02AE
:108E800002B0BDE8F041FFF7B0BF07B50123019282
:108E900001AAFFF7C3FF03B05DF804FB07B5CDE9F6
:108EA000002302236A46FFF7B9FF03B05DF804FB15
:108EB0001FB5CDE90123069B01AA03930323FFF706
:108EC000ADFF05B05DF804FBF8B506460D46144647
:108ED0001F4604B9F8BD214628463A46B047241A31
:108EE0000544F6E710B542680446D2E900238168DC
:108EF0000068FFF7E9FF002263681A6010BD0A28C6
:108F000038B504460D4602D10D20E7F74DFA294643
:108F10002046E7F749FA002038BD2DE9F043054621
:108F200087B008460E8891F800900C46D1F808806A
:108F30001746E7F70DFA011EC6F38216C9F3C209F8
:108F40001EDB4846E7F760F90346214651F8102B2F
:108F50006088C2F34A22002A01EB020408BF002104
:108F60000022C0F30B10CDE90407CDE90214284616
:108F7000414601960092E7F743FA07B0BDE8F08357
:108F80000023E2E7704770B54C680368A34201D242
:108F9000012070BD8A682244934201D30020F8E783
:108FA0004E69D1E90325B54203D36FF00B038B6102
:108FB000F4E71B1B42F835304368086902EBC00236
:108FC00053600B6901330B61E2E737B50C46C0B261
:108FD00001A91546E7F780FC00280CDB019850B189
:108FE00021462A46E7F79EFC04460198FFF7CAFF90
:108FF000204603B030BD6FF01504F9E70020E7F715
:10900000DDBC00221146E7F7A7BC034610B50846B1
:109010000AB10021116053B1D0B1411E11F8010F06
:1090200080B113F8014BA04201D13D28F6D10020B8
:109030000EE0013313600AE03D2808D0B0FA80F05A
:10904000400905E018782F28F6D1002AF1D1012037
:1090500010BD10B509B100230B6058B103461A7852
:109060001C4601332AB13D2A03D02F2AF7D101B182
:109070000B60201A10BD0830704713460A46D0E92D
:109080000001FFF75ABEF0B5002704464FF0004537
:1090900085B080F85C7000F1080608236A4629460E
:1090A0003046FFF74AFE831C21D1B5F1004F4FF047
:1090B00000070FD10823294630460DEB0302CDE906
:1090C0000277E6F7F3FB002802DB3846C4E91557C0
:1090D00005B0F0BDA36D3046CDE902370823616DC0
:1090E0000DEB0302E6F7E2FB00EAE070F0E7002890
:1090F000EEDB0099B9420ED194F85C20C5F343032E
:10910000934217D8009B01982F466565A3650028F8
:10911000DED00546C1E73046FFF70BFE0028D7DB5F
:1091200008236A46294630460097E6F7BFFB002829
:10913000E2DACDE784F85C30E4E77FB500F10805BA
:10914000044628460E46FFF7F4FD002818DB2846A3
:1091500006F18041FFF7EDFD002811DB46F0010626
:1091600008236A4631462846FFF7E7FD002807DB5B
:10917000009939B931462846FFF7DBFD002818DA97
:1091800004B070BD082328460DEB0302FFF7D5FDA0
:109190000028F5DB019B0BB9029AA2650393082313
:1091A000284600990DEB0302E6F780FB0028E1DA80
:1091B000E6E70199C1B1082328460DEB0302FFF74A
:1091C000BCFD0028DCDB009B2846029308230199A4
:1091D0000DEB0302E6F76AFB0028D1DB039B0BB91A
:1091E000009BA3650020CBE7009B6365FAE72DE9B0
:1091F000F0410D4607464A2194B0284604F05BFC36
:1092000001462846E4F78EFF002620F0404424F073
:109210001F0407F1080866F344044923404601AAE5
:1092200044F00041FFF789FD031E09DC97F85C302C
:109230000136B342EFDA0024204614B0BDE8F081D5
:10924000002250336B44284601A903F84C2CE3F765
:10925000F3FD0028F0D0E9E710B5044671B1FFF73F
:10926000C6FF68B120F0404121F0010104F108007F
:1092700041F04041BDE81040FFF76CBD6FF01500B4
:1092800010BDF8B5044616461D46C1B1BAB1FFF788
:10929000AEFFB0B120F0404020F0010040F0404768
:1092A00008342B46324639462046FFF746FDA84291
:1092B00007D139462046BDE8F840FFF74BBD6FF0B7
:1092C0001500F8BD04F0BDBB04F094BB0146006876
:1092D000E7F7FEBE08B5E7F757FFBDE80840E7F738
:1092E00077BF0A460121FFF7D0BD00210120E7F733
:1092F000EFBED0F8A83083F30B8870476FF085007D
:10930000704761B662B680F31188BFF36F8F704704
:1093100072B6002383F31188BFF36F8FBFF34F8FB3
:1093200030BF62B6BFF36F8F704772B6002383F30E
:109330001188BFF36F8FBFF34F8F20BF80F3118869
:10934000BFF36F8F62B6704740E800F313F4803FBD
:10935000D8B208BF6FF01500704730B50C684B6885
:1093600085B00A894D890094013B24F01F042344F1
:1093700002F01F0242EA451223F01F0369468DF8EE
:1093800008200393E8F790FB05B030BD08B5D1E99C
:1093900004319847002008BD08B5E8F725FE0020F5
:1093A00008BD7047C16A8968E8F7A4BE03680B600E
:1093B00043684B6083688B60704710B50C46012191
:1093C000E9F722F9047010BD10B5036801211C787B
:1093D000E9F73AF9204610BD10B5036802211C8850
:1093E000E9F732F9204610BD02688068101A70470C
:1093F0008388C2888168D21A03685B1AD01A7047C2
:1094000038B50D4614461146E9F75AF92246294661
:10941000BDE8384004F0EEBA10B50C460121E9F77A
:109420004FF9047010BD30B5054614460A8885B062
:109430008B78ADF8002000210D220DF103008DF88E
:10944000023004F0FEFA6A466946284602F08FFAB6
:1094500028B9BDF800209DF802302280A37005B025
:1094600030BD13B50C4601AA0331FFF7DCFF48B944
:109470000322204601A904F0ECFAB0FA80F040097A
:1094800002B010BD0020FBE770B50D460021044678
:10949000FFF7DFFD0D2818D1237B302B13D0312BA4
:1094A00013D1012305F8063B04F10C062A46204699
:1094B000012302210234FFF73EF8B44205F1FF35E3
:1094C000F4D1002070BD0023ECE76FF01500F9E740
:1094D0000020704710B50C46017822788AB08A4285
:1094E0000FD06946E9F792FB204605A9E9F78EFB04
:1094F00010220DF115010DF1010004F0AAFA0AB0D5
:1095000010BD012A06D0022A07D072B940886388AC
:10951000C01AF4E740686368FAE71022611C013062
:109520000AB0BDE8104004F094BA6FF01500E6E709
:10953000042A0AD0102A0DD0022A4FF0000315D1B8
:1095400003700B88438001207047012303700B6870
:109550004360F8E7022300F8013B01F1100351F8E2
:10956000042B994240F8042BF9D1ECE718467047D8
:10957000012310B50621044600F8013BF5F7ECF88D
:1095800018B9A37963F03F03A37110BD0B680360A2
:109590008B8883808B798371037823F002030370B7
:1095A00070470078C0F34000704738B50446807AB1
:1095B000E8F75CFD6169054649B1637ADB0704D4CD
:1095C000C36A20461B689B68984700236361214655
:1095D0002846BDE8384002F0DDBB438A23B9C068A5
:1095E000B0FA80F04009704700207047D0F8A430EE
:1095F00083B15A7CD1070DD5D2060DD51B7C102B1B
:1096000014BF032304234372807A98428CBF002046
:10961000012070470223F6E70323F4E70F2807D859
:109620000D280BD8052808BF032018BF022070475B
:10963000132803D01A2808BF0120F6E7012070473D
:10964000FFF723BC034610B5D3E8EF0F40EA010251
:10965000C3E8E42F002CF7D110BDFFF71FBC002397
:10966000E6F7E0BDD0E8EF3F0B40C0E8E23F002A5C
:10967000F8D1704710B5EBF7EFFB04466FF480713B
:109680001030FFF7EFFF2046BDE8104000F0F6B9BC
:10969000C368DB78012B01D1FFF7ECBF7047C0F343
:1096A0000723537000231070000ED070C1F3072001
:1096B000090E9370137150719371D1717047C36823
:1096C000DB78012B01D1FFF7D5BF704738B50446D1
:1096D0000D46E9F72FFD5F3005D129462046BDE84C
:1096E0003840E9F7D9BC38BD0020704710B5038871
:1096F0004288934219D8052B17D9B2F5486F14D870
:109700008388B3F5FA7F10D240F67644C088A0F182
:109710000A0189B2A14208D801339BB25343B3EB8B
:10972000800F34BF0120002010BD0020FCE7002086
:10973000704708B5F2F7B8F818B1408A003818BF7A
:10974000012008BD70B506460D464FF0FF304FF0C2
:10975000FF31EAF7CBF8044668B103210C30E8F793
:10976000AFFF068085702146BDE87040002240F2C0
:109770000640EAF7E7BA6FF0680070BDC368187872
:1097800008B1E9F7B7BF1846EAF7C2BB38B54FF0E2
:10979000FF3105464FF0FF30EAF7A8F8044668B1FC
:1097A00002210C30E8F78CFF2B8821460380002231
:1097B000BDE8384042F21600EAF7C4BA6FF068001C
:1097C00038BDF8B507460E464FF0FF304FF0FF3179
:1097D0001546EAF78BF8044678B106210C30E8F715
:1097E0006FFF3B884680038085802146BDE8F840B6
:1097F000002242F22200EAF7A5BA6FF06800F8BD35
:1098000070B506460D464FF0FF304FF0FF31EAF7D6
:109810006DF8044618B9BDE87040E9F733BC032180
:109820000C30E8F74DFF068085702146BDE870409A
:1098300042F22100EAF738BA072208B504F009F924
:10984000B0FA80F0400908BDFFF71FBB0B6803604A
:109850008B8883808B7983717047D0E8AF0F704716
:10986000F8B50F46144638BB4FF0FF304FF0FF31CC
:10987000EAF73CF8054610B327210C30E8F720FF43
:10988000224606463946FFF7E1FFC31D04F11001E9
:1098900052F8040B8A4243F8040BF9D1102200213C
:1098A00006F1170004F0CDF82946BDE8F840002283
:1098B00042F22700EAF746BA6FF01500F8BD6FF0E4
:1098C0006800FBE7037A02465B0705D501462E32A6
:1098D00011F8010BFFF7C4BF704738B54FF0FF31E7
:1098E00005464FF0FF30EAF701F8044658B1294623
:1098F0000C30FFF791FD2146BDE83840002242F2CE
:109900002D00EAF71FBA6FF0680038BD10B400F1FF
:109910001003D3E8EF2F22F40051C3E8E41F002C1A
:10992000F7D1930403D5012110BC00F0A5B810BCF9
:10993000704770B5044686B00E4601300131FFF71E
:109940007BFF2E34162200210546684604F079F884
:1099500010226946204604F07CF840B110222046CF
:1099600006F12E0104F075F8002808BF01252846ED
:1099700006B070BD00F1100208B503461046FFF7AF
:109980006CFFC1050DD5D2E8EF0F40F40050C2E8DE
:10999000E10F0029F7D11846BDE80840002100F08A
:1099A0006BB808BD10B50C4630B919B1F1F728FFF6
:1099B00000B1441C204610BD0024FBE718B111B1D2
:1099C0000846EAF713BE6FF01500704713B504465A
:1099D00080B106216846F4F7BFFE48B99DF805300E
:1099E000694603F03F0320468DF80530FFF7E6FF98
:1099F00002B010BD6FF01500FAE7003818BF012063
:109A00007047037AD90704D523F001030372EAF7FC
:109A100051BF990704D523F002030372EAF764BF2C
:109A2000704700207047D0E8AF0F704770B506460A
:109A30000D464FF0FF304FF0FF3186B0E9F756FF8B
:109A40000446B0B10C3095B10121FFF7E5FC20468A
:109A500006F1100203A908230095E9F735FF00225B
:109A6000214642F20A00EAF76DF906B070BD2946B8
:109A7000EBE76FF06800F8E7FFF7D8BF1830F8F7AA
:109A8000F9B80368D90444BF43F4806303600368F2
:109A90009A0444BF43F400630360704700230B60E3
:109AA000436813B9C0E900117047196041607047FD
:109AB000D0F8B400003818BF01207047FFF7EEB9A6
:109AC000034610B5D3E8EF0F40EA0102C3E8E42FE4
:109AD000002CF7D110BD437B072B01D1EBF7C8BE9B
:109AE00070472438EBF75ABF002203680BB91846B9
:109AF00070478B4210D10B6842B9426803609142B3
:109B000000D14360002301200B607047136043685D
:109B1000994208BF4260F5E71A461B68E6E710B5B0
:109B20000446006918B1E8F789FC0023236110BDE1
:109B300010B50446D0F8A40028B9207A04F17001C9
:109B4000F1F7B2FE38B1E278438A2AB913F0210F57
:109B500014BF0120002010BD13F0240FF8E738B522
:109B600083780446012B25D1437B072B25D10B0697
:109B700001F07F050BD54FF400410430FFF7A0FF43
:109B80002046A572F1F740F888B9002038BD437A25
:109B9000AB42FAD2837AAB42F7D2031DD3E8EF1F70
:109BA00021F40041C3E8E21F002AE9D0F6E7637A16
:109BB000A372EBE76FF01500E8E76FF07F00E5E7D1
:109BC0008378012B0CBF407A0020704738B5037AA8
:109BD00004468B42154615D100F170010722284634
:109BE00003F037FF80B1E378072243B904F17E0127
:109BF000284603F02EFFB0FA80F0400938BD04F18A
:109C00007701F5E70020F9E70120F7E78378012BDA
:109C10000CBF703000207047F8B507460D464FF076
:109C2000FF304FF0FF31E9F761FE0646D0B10E215B
:109C30000C30E8F745FD04460E22002103F001FF39
:109C40003B88314623802B88002263806B8842F258
:109C50001300A380AB88E380EB882381BDE8F84044
:109C6000EAF770B86FF06800F8BD8378012B01D176
:109C700001F039B96FF0150070478378012B01D1DD
:109C8000F1F7BAB96FF015007047704710B5044688
:109C9000F8F724FF234653F84C2BD2F8B41061B9DF
:109CA000E164D2F8B81061B9C2E92D33F8F788FF42
:109CB0002068BDE81040ECF72DB88B42F6D009685B
:109CC000EDE70B60C2F8B830F0E770472DE9F843D4
:109CD000446B002C55D054F8085905B1083D0027B5
:109CE00001E02C461D46D4E900682EB3F8F7F6FED5
:109CF0000022D6F8B43004F14C0163B1994232D15C
:109D0000E36C42BBD6F8B820C6F8B430914201D11A
:109D1000C6F8B830E764F8F753FF04F130090022C1
:109D200000234846F7F714F80646F8B9D8F8043087
:109D30000BB1204698472760E3680BB1204698474F
:109D4000D8F820300BB120469847D5B1AB68002B2E
:109D5000C7D0083BC5E71360D6F8B830994208BFB2
:109D6000C6F8B820D6E71A461B68C6E7B36923B120
:109D70006FF06D02F169206898473046E8F75EFBA6
:109D8000CDE7BDE8F88338B5436B0D46BBB1184647
:109D900050F8084904B1083C53F8043C9B680BB1E7
:109DA000294698475CB12046A468436824B19B6863
:109DB000083C002BF4D1F6E79B68002BF0D138BDAE
:109DC000F8B50F4600210546164600234FF22442FF
:109DD0000846ECF7EDFE044620B92846BDE8F840F9
:109DE000ECF7B2BE04210C30E8F76AFC057047704E
:109DF00046802046F8BD406B28B1838B08388B42E3
:109E000001D08068F8E7704710B54AB989B2FFF70A
:109E1000F2FF28B143689B6913B1BDE810401847B1
:109E200010BD38B50D460521FFF7E5FF0023294693
:109E30001A46ECF7F5FE044610B12846E8F7FEFA9C
:109E4000204638BD406B28B1838908388B4201D049
:109E50008068F8E7704770470346006828B1596882
:109E6000026888421A6008BF5A60704703460020A3
:109E700003B970471A8A5B681044F9E710B5D468D3
:109E80000231237813B92170012010BD8B42FBD021
:109E9000038A023B038200201061F6E7FEF7F5BF5C
:109EA00073B51446014605464FF49572206800F0DC
:109EB000EAFD207530B92946206800F092FE20B9ED
:109EC00008232375002002B070BD237AB3B1A3F13B
:109ED0001802534253419B000193638A2946009321
:109EE000AE68238AE2682068B047002808DB238A2E
:109EF00098420CD1002301202375E4E70223EBE70D
:109F000010F1FF0F03D34042C0B22075DAE70E20F4
:109F1000FBE71FB5CDE9012300231A460093EFF7B5
:109F2000BFF905B05DF804FBF8B5936805460F4628
:109F30001446166863B9506801210C30E8F7C0FB7D
:109F4000A0602B681B78002B14BF02230123037031
:109F5000A3681B78012B03D0022B1FD000201CE02C
:109F60002B681B78002BF9D1606804210C30E8F7CE
:109F7000A7FBE06007802A68E36852885A8061681E
:109F8000728D738B088A9A4294BFC0EB0200C0EBBB
:109F90000300042894BF00200120F8BD2B681B7823
:109FA000022BDBD1606812210C30E8F789FBE060FE
:109FB00007802B68E268591C0232113351F8040BF8
:109FC000994242F8040BF9D16168728D738B088A4B
:109FD0009A4294BFC0EB0200C0EB03001228D9E7FD
:109FE00070B40568AA6A52B3136803B1B03BA2F11A
:109FF000B0040022114600E0B03B844207D0668DD9
:10A00000648BB14238BF3146A24238BF22461C465B
:10A010002BB1D3F8B030002BEED18442EFD1438D79
:10A02000408B8B4201D890420BD9824238BF024606
:10A030009942286838BF194670BCEFF7CDBF11466A
:10A04000EDE770BC7047D0680431037813B9017034
:10A05000012070478B42FBD0002091680B8A043BA3
:10A060000B82106170472DE9F04104468868FFF7C4
:10A07000FDFE638D628B0D46934228BF13468342DB
:10A080001DD30027E165D1F808808F60F8F726FD21
:10A0900041462046EDF7DAF8064638B1C5F80880A3
:10A0A000E765F8F78DFD3046BDE8F081618D638B83
:10A0B0002846994228BF194600F090FDF1E76FF05D
:10A0C0007906F0E738B504460D46EDF7BFF830B134
:10A0D000294604F16000BDE8384001F050BE38BDAB
:10A0E00070B504460E46002200230846F6F730FEFF
:10A0F000054658B101462046EDF7A8F8044618B1C8
:10A100002946304601F046FE204670BD6FF001043E
:10A11000FAE72DE9F04F044685B01046904699467F
:10A12000FFF7A4FE638B628D8B46934228BF1346D4
:10A13000834240F29380636840460393E8F7D8F97E
:10A140004FF0000A06464046FFF790FE628B638D93
:10A1500006F10C079A4294BFC0EB0205C0EB030561
:10A160003846FFF745F9854217D24046FFF77EFE95
:10A17000628B638D9A4294BFC0EB0205C0EB03056E
:10A180008DBB98F80A00E7F771FF00220023FFF764
:10A1900009F9064630B9574636E03846FFF728F940
:10A1A0000546EDE701464046E8F7E8F94046FFF787
:10A1B0005DFE628D638B06F10C079A4294BFC0EB83
:10A1C0000205C0EB03053846FFF712F985421FD29E
:10A1D0004046FFF74BFE628D638B9A4294BFC0EB03
:10A1E0000205C0EB0305F168328ACDF80090DBF878
:10A1F00004700A4403985946ABB2B847071E0CDAFC
:10A20000BAF1000F18BF5746384605B0BDE8F08FC9
:10A210003846FFF7EDF80546E5E70E9BB3B939463A
:10A2200006F10C00E8F74CFA4046FFF71FFE638D7D
:10A23000628BB944934228BF13468342BA441FFA43
:10A2400089F9A8D9AF423FF47EAFA4E7394630463A
:10A250000F9A0E9B98470028E1D19CE70027D3E78F
:10A260000022036803B970478B420FD10B683AB9DB
:10A2700042680360914200D1436000230B60704745
:10A2800013604368994208BF4260F6E71A461B68AC
:10A29000E8E7D0E8EF3F43F00802C0E8E12F0029EB
:10A2A000F7D1C3F3C00070472DE9F0410646904650
:10A2B0001F460D46B9B104220121EDF7F7F8044617
:10A2C00018B9BDE8F041EDF733B804210C30E8F7D8
:10A2D000F7F90570A0F80180C77021463046BDE847
:10A2E000F041FFF7EFBEBDE8F08137B50C460546FB
:10A2F00001F10C00FFF770F8228A03460192E26830
:10A300001221009228461322EDF71CF903B030BD4C
:10A3100037B50C46054601F10C00FFF75DF8228ABF
:10A3200003460192E2682846009200221146EDF7AA
:10A3300009F903B030BD00232DE9F3411768144635
:10A34000D7F804800146137306469522404600F074
:10A350009AFB0546207330B93146404600F03FFC79
:10A3600028B908232373002002B0BDE8F081CDE9AD
:10A37000005531463846A388A268FFF7CAFE002878
:10A3800007DA10F1FF0F32BF0E204042C0B2207337
:10A39000E9E70120E8E700232DE9F34117681446B7
:10A3A000D7F804800146137306469522404600F014
:10A3B0006AFB0546207330B93146404600F00FFC79
:10A3C00028B908232373002002B0BDE8F081A068FB
:10A3D000798D7A8B038A914294BFC3EB0103C3EB5F
:10A3E0000203012BEFDD02210C30E8F769F9CDE91A
:10A3F00000558046A38831463846A268FFF789FE9B
:10A40000031E06DA13F1FF0F2ABF5B420E23DBB2F5
:10A41000D8E70120A8F80030D6E707B5CA680C21B4
:10A420001388528800920D22EDF7A4FB03B05DF86B
:10A4300004FB07B50022CB680A211B8800920B227F
:10A44000EDF798FB03B05DF804FBF8B5CB68054663
:10A450001F88BBB2162B19D90321EDF74DFA06461A
:10A46000B0B102210C30E8F72BF900246FF008039B
:10A470003146037044702846FFF724FEF723284630
:10A480006B836F85FFF7ACFD2046F8BD0420FCE729
:10A490000E20FAE7F8B5054650F8044C071F00F106
:10A4A0005403D3E8EF1F21F00401C3E8E21F002AA0
:10A4B000F7D1FCB1AB6D83B9636873B1201DFFF7B1
:10A4C000CBFC064601463846FFF7CDFD90B16368E8
:10A4D0003360A368666003B9A660384605F15C0185
:10A4E000FFF7FEFD30B1384604F10C01BDE8F8403D
:10A4F000FFF7F6BDF8BD2DE9F041846A074634B395
:10A5000054F8B06906B1B03E002307F104081D46B7
:10A5100001E034461646E26D92B905B983B940466A
:10A52000FFF79AFC054650B101462046FFF79BFD18
:10A5300068B17B682B60BB687D6003B9BD60234652
:10A540002EB1D6F8B020002AE3D0B03AE1E7BDE85A
:10A55000F08138B50546D1E8AF3FDB0716D550F896
:10A56000040C98B1AB6D8BB90430FFF775FC044651
:10A5700060B10146281FFFF776FD38B155F8043C5D
:10A580005A6822609A685C6002B99C6038BDEEF738
:10A59000D5BD0A8A0023C968EDF784BE0120704743
:10A5A00008B5EDF7DBFC78B1836A6BB1B03B03F122
:10A5B0005802D2E8EF0F20F00800C2E8E10F0029AE
:10A5C000F7D1D3F8B030F0E708BD08B50421FFF7A4
:10A5D00039FC20B15430D0E8AF0FC0F3C00008BD43
:10A5E00070B51C460E461546ECF70AFE0123C0E97D
:10A5F0000365C380047570BD10600020704710B5FE
:10A60000029CA36833B1B1F5807F28BF0E21CAB286
:10A6100021469847A37DE268013BDBB2A37522B1D6
:10A620001BB92046BDE81040104710BD1060918056
:10A630000020704700207047FEF730BCF0B5076877
:10A6400006463D78144689B0E5B97B88B3F5245FAA
:10A6500004D011D8A3F52053032B13D8ADF80A105A
:10A66000022220460DF10A01EDF7E0FF70B16FF014
:10A670001502C4F8582206E003F55643FF339BB297
:10A68000042B1DD90125284609B0F0BD7B88022284
:10A6900020460DF10A01ADF80A30EDF7C7FF00289A
:10A6A000E5D1009003AA132331467768B847021E0C
:10A6B000DFDB03A92046EDF7B9FF0028E2D0D6E79B
:10A6C000ADF80A10022220460DF10A01EDF7AEFFA7
:10A6D0000028CCD17B880222ADF80A300DF10A01A6
:10A6E000E8E7072208B503F0B4F9B0FA80F04009B2
:10A6F00008BD10B503780446934207D10130FFF737
:10A70000F0FF002814BF2046002010BD0020FCE709
:10A71000034610B5D3E8EF0F40EA0102C3E8E42F87
:10A72000002CF7D110BD034610B5D3E8EF0F00EAB7
:10A730000102C3E8E42F002CF7D110BD0B680360C1
:10A740008B8883808B7983717047D0E8AF0F704717
:10A75000FEF79BBB70B50D46064611F8010BECF7F2
:10A760003DF8044610B12C89EBF77AFA6B89A342C5
:10A7700007D0EB686C8123B121463046BDE87040BC
:10A78000184770BD38B5BDF810401546A2420CD828
:10A790004CB16BB1A21A8A42A8BF0A4694B22246B3
:10A7A000591903F027F9204638BD6FF00600FBE782
:10A7B0006FF00D00F8E730B585B0C96814461D4646
:10A7C000EEF74AF800B100890223ADF80E000093BD
:10A7D00029462046BDF820200DF10E03FFF7D2FFD9
:10A7E00005B030BD1FB50C461946E36810461C780D
:10A7F000BDF818203CB110240133069404B0BDE824
:10A800001040FFF7BFBF5B88ADF80E300223009306
:10A810000DF10E03FFF7B6FF04B010BD30B51D46B5
:10A82000002385B014468DF80C30EDF7E7FF10B12A
:10A83000037A8DF80C300123294600932046BDF899
:10A84000202003ABFFF79EFF05B030BD2DE9F0419E
:10A8500014461D46BDF81870E9F7FEF90646E2F702
:10A86000FDFA80B2069033463A4629462046BDE8B6
:10A87000F041FFF787BF30B585B014461D46FEF79F
:10A8800056FF0223ADF80E00009329462046BDF87E
:10A8900020200DF10E03FFF775FF05B030BD022A31
:10A8A00010B508D1002300F170011A46007AEEF7C6
:10A8B00055F8022010BDEEF755F9FAE708B50C304F
:10A8C00029B10121FFF724FFC043084008BD6FF004
:10A8D0000101FFF728FF00F00100F7E710B504467B
:10A8E000FFF7ECFF38B12146BDE81040012211F816
:10A8F000010BEDF7C5BF10BD38B504461546FFF78F
:10A900004DFE48B12046EDF779FF28B1037ADB0709
:10A9100002D50121FFF7E2FF55B9207A04F1700159
:10A92000EDF7F0FE20B18560BDE83840EDF7FEBFE1
:10A9300038BD13B5044610B9002002B010BD002385
:10A940008DF8043042F60303006801A9ADF8063023
:10A95000FEF7C0FD0028EFD1E36898880028ECD10D
:10A960002046EEF755FC013080B2E6E770B5CC68C2
:10A970001E46A37988B008468DF80C301546FFF7BF
:10A98000D8FFADF80D00246823786BB96388ADF863
:10A990000F300523009331462846BDF8302003AB25
:10A9A000FFF7F0FE08B070BD631C0DF10F0211340B
:10A9B00053F8041BA34242F8041BF9D11323E9E71F
:10A9C0001FB5CDE9012300231A460093EEF768FC7A
:10A9D00005B05DF804FBEEF77BBD38B5044659B110
:10A9E00000F170052946007AEEF740FE2946207AEC
:10A9F000BDE83840EEF750BB38BDF8B506460F4607
:10AA0000EDF75EFE394604463046FEF792FE48B347
:10AA100044B304F108056FF001012846FFF783FEF7
:10AA2000C20703D539463046EEF720FE6FF002012B
:10AA30002846FFF778FE830703D539463046EEF700
:10AA40002BFB2846FFF781FE60B9234603F8010B74
:10AA5000C4F80100C3F80300D5E8EF3FC5E8E20FF2
:10AA6000002AF9D1F8BD10B50446A0F1170110F87D
:10AA7000180CFFF7C2FF14F80C0CA4F10B01BDE891
:10AA80001040FFF7BABF38B54C8AD3070546C4F368
:10AA90000E0404D514F0950F2AD04B6843B39007E9
:10AAA00004D514F4957F25D08B681BB3144014F49F
:10AAB000DE7F0DD0EB7A2BB92846FFF739F8D8B9ED
:10AAC000052038BD14F0300F04D114F4C07F07D135
:10AAD0000020F6E72846FFF773F80228F5D8EFE7DD
:10AAE000D5F8A430002BEBD05B7CDB06E8D5EFE794
:10AAF0000220E6E70320E4E70F20E2E7F8B514467A
:10AB00000F46942261680646FFF7BDFF20BB012275
:10AB100030466168EEF714FE08B3A2891B21304667
:10AB20000232EDF751FB0546E0B1A1890C3002314C
:10AB3000E7F7C6FD20F8027BA289A16802F05AFF60
:10AB4000D4E9041228460123FFF74AFD294630467E
:10AB5000BDE8F840EDF7DEBC4FF0FF30F8BD6FF018
:10AB60001500FBE76FF00B00F8E72DE9F041054613
:10AB70008846EDF743FE0446E0B1037ADB0719D5BA
:10AB800000F10C073846FFF7E0FD10F0010611D187
:10AB9000B8F1000F0FD06FF002013846FFF7C3FD88
:10ABA00010F0020F284609D0FFF7FAFC01212046D9
:10ABB000FFF794FE01263046BDE8F081FFF7EEFC7A
:10ABC0000028F8D02846FFF700FD0028F3D06FF0EA
:10ABD00002013846FFF7A7FD2846E5E77047012048
:10ABE00070470120704707207047FEF74EB9D0E844
:10ABF000AF0F084100F00100704738B50A46034620
:10AC000009B9012038BD488A10F0240FF9D0197D08
:10AC10005D7B147CA94228BF29468C4201D90020C3
:10AC2000F0E7840608D4507C197AC0070BD4187A50
:10AC3000003818BF0120E5E70521181DFFF7D7FFF1
:10AC40000028F0D1EBE70029E9D00521181DFFF716
:10AC5000CEFF18B9197A01390129E0D9527CD207FF
:10AC6000CFD4E4E701238B40DB43D0E8EF2F1A4039
:10AC7000C0E8E12F0029F8D17047FEF70FB908B5F9
:10AC80000621FFF7DFF818B9BDE80840EFF762BA10
:10AC9000EC3808BD0720704701238B40D0E8EF2F28
:10ACA0001A43C0E8E12F0029F8D1704708B50E21FA
:10ACB000FFF7F2FF002008BD38B504210446EFF786
:10ACC000BDFA054698B110210C30E7F7F9FC04F104
:10ACD000270304F1370253F8041B934240F8041B86
:10ACE000F9D120462946EFF74BFA002038BD08205D
:10ACF000FCE770B5D0F8EC300446DB78012B19D1B5
:10AD0000CD68061D10213046FFF7ACFF2B4604F13D
:10AD1000B70205F1100153F8040B8B4242F8040B03
:10AD2000F9D107213046FFF762FF28B109213046EB
:10AD3000FFF7B2FF002070BD0A213046FFF757FF32
:10AD40000028F3D12046BDE87040EFF755BB07203F
:10AD500070470720704707207047012303FA01F16D
:10AD6000CA4330B5D0E8EF3F03EA0204C0E8E54F3C
:10AD7000002DF7D1194214BF0120002030BD38B595
:10AD800004460025031DD3E8EF2FC3E8E15F002947
:10AD9000F9D104F5A070F6F76DFF2572D4E8EF3F06
:10ADA000C4E8E25F002AF9D12046BDE8384001211D
:10ADB000FFF772BF70B500F1700605460C4607221A
:10ADC0003046096802F045FEB8B963681A682A6718
:10ADD0009A88A5F874209B7985F87630D5F8A43048
:10ADE0005BB1A268934208D062681168C3F8011091
:10ADF0009188A3F805109279DA7170BD2DE9F84FAA
:10AE0000DDF82C80044692461F46BDF82890FFF7D7
:10AE100036FF054600285AD0061DB9F1000F27D18C
:10AE20005AEA070324D103213046FFF7E0FED0B3EE
:10AE300001213046FFF7DBFEA8B32C7D6B7B05F1CB
:10AE400047019C4228BF1C462246404602F0D2FDE4
:10AE50000F2C06D80021C4F1100208EB040002F008
:10AE6000F0FD30460121FFF717FF0120BDE8F88F04
:10AE7000D4F8A430F3B904F1700B5A462020217A9B
:10AE8000F0F792FCC4F8A40030B95A460120217AA8
:10AE9000F0F78AFCC4F8A400B9F1000F0AD15AEA0D
:10AEA000070704D006E0D4F8A430002BE3D0D4F890
:10AEB000A41071B90F213046FFF799FE20B102228C
:10AEC00006212046EBF71EFC2846FFF758FF00201E
:10AED000CCE74B8A9B06EDD50C7C1E312246B4E7AD
:10AEE0006FF08500704738B5FFF7C9FE044610B90A
:10AEF0006FF0150038BD051D0A212846FFF72DFF0C
:10AF00000028F5D007212846FFF771FE28B1092156
:10AF10002846FFF7C1FE0020ECE710212846FFF786
:10AF200066FE09210028F3D12846FFF760FE0028BD
:10AF3000F1D02046EFF760FA01460028EBD020461A
:10AF4000EFF7BCFFE7E770B504460820EFF7B8F865
:10AF50000546E0B1061D08213046FFF783FEBCB36D
:10AF60000721FFF77FFE234605F1970204F1200138
:10AF700053F8040B8B4242F8040BF9D10A213046F6
:10AF8000FFF735FE70B109213046FFF785FE072037
:10AF9000EFF796F80446E8B1EFF716F90146C8B1A5
:10AFA000204612E010213046FFF721FE092100283B
:10AFB000EAD13046FFF71BFE0028E8D02846EFF71D
:10AFC0001BFA01460028E2D02846EFF777FFDEE7BC
:10AFD0000B21F9E770BD70B50446A0F1EC0650F8FE
:10AFE000543BE83CD3F8A450F6F744FE0321204636
:10AFF000FFF7FDFDA0B108213046EFF7C9FE3DB1D6
:10B000006B8A13B16B7C9B0702D52846F0F7AEFC28
:10B010003046BDE870404FF4BC72002102F011BD13
:10B0200001212046FFF7E3FD0028E4D10F2120464F
:10B03000FFF7DDFD0028DED1E1E710B5431E00F18A
:10B040001002073013F8011F12F8014D83421C70E3
:10B050001170F7D110BDF0B50E4614461D4697B0DD
:10B060000146202205A81C9FF0F728FE2022314629
:10B070000DA8F0F723FE2146102201A88DF85450A8
:10B08000F0F71CFE3B46412205A901A8F0F7D8FEC7
:10B09000044610B93846FFF7D0FF204617B0F0BD80
:10B0A0002DE9F04316461D4697B00446DDE91F988A
:10B0B000102205A8219FF0F701FE1022314609A8B1
:10B0C000F0F7FCFD102229460DA8F0F7F7FD03224A
:10B0D0001E9911A8F0F7F2FD494611F8013BD9F885
:10B0E00001008DF847308B880622129012A8ADF827
:10B0F0004C30F0F7E3FD414611F8013B06228DF894
:10B100004E30D8F801300DF14F00CDF84F308B881C
:10B11000ADF85330F0F7D2FD2146102201A8F0F728
:10B12000CDFD3B46412205A901A8F0F789FE044662
:10B1300010B93846FFF781FF204617B0BDE8F0830D
:10B14000F8B5069F0469C9B2EFF31186402585F36F
:10B150001288BFF36F8F0C2569430C44A56E05F070
:10B16000070CBCF1010F0BD1A76686F31188BFF362
:10B170006F8FC4E9182343685B5898470020F8BDD7
:10B1800005F0C005AF4286F31188BFF36F8F0CBF87
:10B190006FF077004FF0FF30F1E713B58024009493
:10B1A000FFF7CEFF02B010BD0069CBB200EB431039
:10B1B000002110470220F3F7FDBB0220F3F728BC63
:10B1C0001046F5F751BE00F012BC00F011BC802211
:10B1D000F0F7F0BE40F272607047084608B51146BD
:10B1E000F9F776FD002818BF6FF0040008BD08B518
:10B1F000F9F7C8FD002818BF6FF0040008BD2DE95D
:10B20000F0470024836886B0884691465B6902AAAD
:10B2100001A99847A2462546029BAB4202D806B038
:10B22000BDE8F0870026019F07EBC5077B68049304
:10B230003A680AEB0603B24202D89A460135EBE7B8
:10B2400049460394059303A8C0470028E7D0049B10
:10B2500001361C44ECE770B5037B04460BB100F0EB
:10B26000D9FB0026A06800B970BDB0F5007F28BFEB
:10B270004FF4007005460246D4E90010F1F7D4F807
:10B2800063682B44636023680BB12B442360A3687D
:10B290005B1BA360002BE5D0237B0136002BE1D0A4
:10B2A000304600F0B8FB0028DCD00120DCE708467F
:10B2B0000021F1F7DDB8084611461A4609B1F1F749
:10B2C000D7B86FF015007047436800205B68DB68F3
:10B2D0000B607047436802EA01005B6821EA0201E3
:10B2E0005860002099607047436800205B6859608F
:10B2F0007047436800205B689960704743685A68EC
:10B30000136821EA03000B405060002093607047EF
:10B31000F4F784B930B543681360057A446804EBE8
:10B32000C504A34202D36FF0010030BD5C798C42AA
:10B3300001D00833F0E70020F7E743681B68D3F833
:10B340008004C3F88004704703691A6813680BB15E
:10B3500052681847704730B587B004460D4614222E
:10B36000002101A802F06DFB042320460DEB030130
:10B370008DF804300295FFF7E7FF07B030BD70B5D8
:10B3800086B0066904460D461422002101A802F089
:10B3900058FB02238DF80430336820461B6C01A94A
:10B3A000029333689B6CCDE90335FFF7CDFF06B000
:10B3B00070BD30B503691C6843681B68EFF31185E5
:10B3C000402080F31288BFF36F8F206CA8B1E06C2F
:10B3D000B0B90020C4E91312042AC3F80417C3F853
:10B3E000082782BFD3F8002242F02002C3F80022CF
:10B3F00085F31188BFF36F8F30BD6FF00C00F7E756
:10B400006FF00F00F4E70369186820B101601B6852
:10B4100000205A6070476FF08500704710B5426891
:10B4200000691368006860B9D3F84C4164B1126BCD
:10B4300012780A70C3F84C01D3F84C2101229A62A9
:10B4400010BD6FF08500FBE74FF0FF30F8E7F8B56F
:10B45000036904461D6843680F461E6805F108002D
:10B4600000F0F0FDEFF31182402383F31288BFF365
:10B470006F8FEB6C53B1D6F8003223F02003C6F87F
:10B4800000320023C6F85031D6F85031002385F839
:10B49000633017B1012385F86430236919680123EB
:10B4A00081F8623061680968CB6282F31188BFF36A
:10B4B0006F8F0020F8BD03691B681B6C13B101215D
:10B4C000FFF7C5BF6FF00D00704710B5036919682D
:10B4D000D1F8A420D1F8B040121B13D0082A28BFFD
:10B4E00008224068C1F8AC201968406AC1F8A80079
:10B4F0001B68D3F8A010D3F8B030194402F07AFAE0
:10B50000012010BD1046FCE710B5044612EA030006
:10B5100005D0605818B1002301206350635810BD56
:10B5200013B501AA0446FFF7F5FE002805DB019BD1
:10B53000226819791868F1F729FA02B010BD10B421
:10B5400002694468936823EA0101916011F00301E4
:10B5500008D143681B68C3F80015E068012110BCDE
:10B56000FFF7DEBF10BC704710B50269936819433E
:10B57000916013F0030107D14368D8681C68FFF796
:10B58000CFFF0823C4F8003510BD10B543681C6810
:10B59000C4F83C17C4F840270022C4F830215B6887
:10B5A000D4F830219B0702D50121FFF7DDFF0123ED
:10B5B000236510BD10B5436804461B68D3F83021DD
:10B5C0000B684AB9012283F8B8204FF480526368AF
:10B5D0001B68C3F8042310BD002283F8B8204FF085
:10B5E000FF320B68C3F8B4200B68D3E92A12FFF7C7
:10B5F000CCFFEAE738B54268036915681A68D2F8E3
:10B60000A01051B1002482F8B8401868683000F0EA
:10B6100019FD012320466B6538BD6FF00D00FBE777
:10B62000406BFFF7E7BFF7B5426B53681C681369BF
:10B63000D4F8101153F8085BD3E8EF6F26F0100729
:10B64000C3E8EC7FBCF1000FF6D1F3060FD561B172
:10B65000D5E9162300260027CDE90067F8F77EFB21
:10B660000023C4F81031D4F8103103B0F0BD002924
:10B67000FBD113691968CB6CB3FA83F35B0981F8CA
:10B680006230536801221B68DA6203B0BDE8F04003
:10B6900000F0D8BC2DE9F347174600224368D0F8E4
:10B6A00010901E68D9F80040884694F86130D6F8AA
:10B6B0000C1784F86120A26C05469B1A19440029D6
:10B6C00001DDFFF75CFE2846216CFFF744FEE36CCA
:10B6D0002364236D63640023C4E91333A36494F8E3
:10B6E0006330002B47D0EFF3118A402383F3128895
:10B6F000BFF36F8F236C53B3D6F8003223F02003CF
:10B70000C6F80032B8F1000F31D187BB0123B36214
:10B71000C6F82471D6F8243184F86270D9F808305C
:10B7200043F01003C9F808308AF31188BFF36F8F14
:10B73000D4E9163213431ED0D4E916230020002189
:10B74000CDE9000104F10800F8F708FB13E0D4E9A3
:10B750001632134303D004F1080000F073FC2B6988
:10B760001A68012382F862306A681268D3628AF329
:10B770001188BFF36F8F02B0BDE8F0872DE9F34168
:10B78000064617461C460569EFF31188402383F3EC
:10B790001288BFF36F8F2B68D3F8A42042B188F3CF
:10B7A0001188BFF36F8F6FF00F0002B0BDE8F0811A
:10B7B000C3F8A4702B68C3F8A01001F06043B3F184
:10B7C000005F2B6814D1C3F8A8102B68C3F8AC70C5
:10B7D00029463046FFF7EEFE88F31188BFF36F8FDE
:10B7E00073681B7E012B01D1631C06D10020DCE7AE
:10B7F000C3F8B020FFF769FEEAE724EAE47228689C
:10B80000D3171F3243F10003520942EAC362683082
:10B810005B0900240025CDE90045F8F79FFAE5E72C
:10B8200008B50220F0F7FEFC002008BD08B5F4F7CB
:10B83000DFF808BD0A460121FDF727BB40EA0103F6
:10B840000F2B01D8F2F75AB86FF01500704701219D
:10B85000F2F700BA0021F2F7FDB910B54FF0FF3052
:10B860004FF0FF31F2F714FA044628B9D4F7ACFFD1
:10B87000044618B1F2F714FA204610BDF2F710FA98
:10B880002046E7F769FAF7E738B50B8A0D463BB172
:10B8900001F10C00FDF798FD012818D0022803D013
:10B8A0006FF01504204638BD4FF0FF304FF0FF31E8
:10B8B000F2F7EEF904460028F4D1E868DDF79BFFC3
:10B8C0000446F2F7EDF9ACB1F2F74CFAEAE74FF0C3
:10B8D000FF304FF0FF31F2F7DBF904460028E1D1E9
:10B8E000E868F2F7FFFB0446F2F7DAF9002CD9D149
:10B8F000F2F738FA2846E6F7A1FD0024D2E7F2F77E
:10B900005BBB10B532220021044602F09AF82023D6
:10B9100023708023A3706FF03F0363710423A3722D
:10B920002823A3730223E3730423A3756FF0080392
:10B9300063760323A3766FF00F03E3760E2323775A
:10B94000302384F820306FF03F0384F821307923CE
:10B9500084F822307E2384F82330802384F8263034
:10B96000042384F82730402384F82D3010BD08B517
:10B970000323E1F79AF9002008BD08B5F2F718FF94
:10B98000002008BD08B5F9F7FDF948B1002383F39D
:10B990001188BFF36F8F0423184602DF6FF0040095
:10B9A00008BD684620F007018D4601B5DDF768F94E
:10B9B000BDE8014085467047684620F007018D4686
:10B9C00001B5DCF719FEBDE80140854670476846C1
:10B9D00020F007018D4601B5DCF700FEBDE801400F
:10B9E0008546704708B5E0F75FFD002008BD704749
:10B9F0000020F2F7DFBF7047DBF782BC08B5DDF748
:10BA000075FB30B1EFF305800338032894BF0020A5
:10BA1000012008BD704701207047034600201847E9
:10BA200000F04AB9024610B5116891B1B1FA81F33C
:10BA3000C3F11F000123834021EA0303D2E8EF4F43
:10BA40008C4204D1C2E8EC3FBCF1000FF6D1EBD13F
:10BA500010BD6FF00B00FBE710B50368CB40DB07B0
:10BA600010D401238B40026843EA0201D0E8EF4F73
:10BA7000944204D1C0E8EC1FBCF1000FF6D1F2D122
:10BA8000002010BD6FF01500FBE710B50446084616
:10BA9000F3F7C8F904EB4004A08AC0F3401010BDCE
:10BAA00010B504460846F3F7BDF904EB4004A08A3C
:10BAB00010F01C0018BF012010BD10B50446084648
:10BAC000F3F7B0F904EB4004A08AC0F3400010BDC6
:10BAD00010B50446FFF7F1FF10B12046FFF7D5FF80
:10BAE00000F0010010BD10B504460846F3F79AF9BE
:10BAF00004EB4004A08A400B10BD70B50446084614
:10BB00001646F3F78FF9083034F810300D46DA0591
:10BB100009D5C3F3432304EBC3023146284654F846
:10BB2000333052689847A3682BB131462846E26803
:10BB3000BDE87040184770BD2DE9F3411746DDE9B7
:10BB40000858019001A80C461E46F3F7B1F9019B75
:10BB5000391E18BF012100EB8300231E18BF0123EB
:10BB6000002E43EA410314BF0C210021002D43EABB
:10BB7000010314BF4FF470610021B8F1000F43EAD4
:10BB8000010314BF4FF440310021D0F880200B4353
:10BB900022EA030304B124780FB13F787F001C43ED
:10BBA0000EB13678B6003C438DB129780902344392
:10BBB000B8F1000F03D098F800804FEA08482143FD
:10BBC00041EA0801C0F8801002B0BDE8F0812946C2
:10BBD000EDE71FB50DF10F03019300238DF80F1052
:10BBE0001A4619460093FFF7A7FF05B05DF804FB5E
:10BBF0002DE9F04700250446884617462E464FF0AB
:10BC00000109AA46BE420CD1D4F8443133B1002315
:10BC1000C4F84431D4F8443145F400352846BDE831
:10BC2000F087F0B2F3F776F9A0F580739B0809FA74
:10BC300003F318EA030F05D022581AB144F800A004
:10BC400022581D430136DDE738B504460D46FFF79F
:10BC50001CFFB0B12046FFF730FF90B92046FFF738
:10BC600042FF012322688340C2F81833236800B2E0
:10BC700003EB8003D3F8102522F00302C3F810254C
:10BC800038BD2846BDE838400021FFF7A2BFC9B241
:10BC9000F4F7F4B808B5F4F781F9002008BDEFF324
:10BCA0001180402383F31288BFF36F8F704780F3B6
:10BCB0001188BFF36F8F704708B1E6F773BD704707
:10BCC00040B1C368587810F001001EBF1878B0FA70
:10BCD00080F040097047EFF31183402383F312880B
:10BCE000BFF36F8FFEE710B400F10C04C0E903440A
:10BCF0000024446110BCE2F7C1BA8169C26842EA1B
:10BD0000010313F003030FD103614369013B03FBFC
:10BD10000122002B01DA002070470169013B11600C
:10BD200081690261521AF4E76FF01500704790F9CB
:10BD30000E308B4201D0F6F78BBD002070470346D2
:10BD40000020C3E90033C3E90200704710B5044680
:10BD500030B10268930703D0446809B100F0D1F90B
:10BD6000204610BD0023C0E90033836000F10C03BE
:10BD7000C0E9033300F11403C0E905337047012320
:10BD800007B5009300230A461946F4F717FF03B0DE
:10BD90005DF804FB002307B50A4600931946F4F743
:10BDA0000DFF03B05DF804FB00210068FFF7CEBF74
:10BDB0005AB18A4209D300F11003C0E90212C0E966
:10BDC0000000C0E90433002070476FF01500704791
:10BDD000012302688B4022EA0303036022FA01F088
:10BDE00000F001007047704710B5032104460C3085
:10BDF000FFF7EEFF30B104F11000F7F793FDB0FA52
:10BE000080F0400910BD20B10022D4301146F7F770
:10BE10005BBA704770B5C3680446C3F340069B071E
:10BE200016D4856802210C30FFF7D2FF80B1D5F817
:10BE3000CC206AB194421DD122689EB9D5F8D03089
:10BE4000C5F8CC209C4201D1C5F8D0200023236046
:10BE5000E36813F01F001EBF43F00203E36040F0ED
:10BE6000020070BD3260D5F8D020944208BFC5F8FA
:10BE7000D060EBE716461268DBE710B5F5F734FC47
:10BE8000041E08DDEFF31180402383F31288BFF313
:10BE90006F8FF6F70FFE204610BDEFF305800038D8
:10BEA00018BF0120704788307047D0E90032136016
:10BEB0005A600023C0E90033704738B504460D4688
:10BEC000F6F720FA637B43F002036373E5B1A560E4
:10BED0002B689D4209D16B68C4E900531C606C60FB
:10BEE00012E06A689A42F6D01B68002BF3D094F9EE
:10BEF0000E2093F90E108A42F3D09142F1DD5A6878
:10BF0000C4E9003214605C6038BD01211838F6F7CE
:10BF10006FBB10B50446F6F723FB04F11800BDE82B
:10BF20001040F7F7FFBC38B5054604680020AC4266
:10BF300000D138BD002CFCD02046FFF7EAFF204698
:10BF4000F6F7C8FA2C680120A542F1E708B5C31737
:10BF50001F3043F10003400940EAC360C117F6F700
:10BF600057FF400108BD08B50246F7F7D1FB70B195
:10BF7000D0E904319B1A61EBE272B3F1004F72F128
:10BF8000000104DA002AACBF1846002008BD6FF09B
:10BF90000040FBE708B5F7F7C7FD08BDF7F7C4BDDC
:10BFA000B3F1FF3F08BFB2F1FF3F70B506461D4633
:10BFB000144614D01A4316D0002B08DBF7F7B4FD53
:10BFC000041941EB0501C6E90041304670BD6FF030
:10BFD00001031C1B4FF0FF3363EB0501F3E74FF048
:10BFE000FF342146EFE70024FBE7B3F1FF3F08BF32
:10BFF000B2F1FF3FF8B5074616461C4610D054EA8A
:10C00000020311D0F7F790FDB0420A46A141034662
:10C010000AD2F31A64EB0204C7E900343846F8BDCB
:10C020004FF0FF331C46F7E70023FBE70023C0E98E
:10C03000081200F11802C0E90622C0E900330363C8
:10C040004363704710B50446F7F76CFCA8B9636A00
:10C050000BB12046984704F11800F6F7ABFB60B12E
:10C06000F6F738FAEFF31180402383F31288BFF319
:10C070006F8FBDE81040F6F71DBD10BD2DE9F041F2
:10C08000846805460E46D4B16378012B22D114F89A
:10C09000533C9A0711D5A4F160073846FFF739FFE2
:10C0A000082E0CBF6FF003030023236614F8533CE3
:10C0B000DB0602D13846F6F70DFA00232370002084
:10C0C000EB68A860C3F38632164366F39433EB60E3
:10C0D000BDE8F081022BF0D12378002BEDD054F88D
:10C0E000048CB8F1000FE8D004F11400F7F71AFC43
:10C0F0000023A4F1140739464046E362F5F7F4FA49
:10C10000DBE720B1011F50F8040CF4F7AFB970471A
:10C11000704700207047704710B5044608B1F8F723
:10C12000A9F92046BDE81040F8F794B90346C06865
:10C13000E0B15888D0B11B8803F44F42B2F5824F6A
:10C1400009D1DBB2272B2AD008D8172B0FD0222BEE
:10C1500034D0122B16D06FF085007047302B2FD0C3
:10C16000413B012BF7D8FF2839D100207047C02868
:10C17000FBD0E128F9D0B0F5807F0CBF00206FF034
:10C180008600704720F02003C02BEED020F0800303
:10C19000B3F5807FE9D040F209239842EDE7E92822
:10C1A000E3D0EF28E1D040F21B139842DDD040F2FB
:10C1B00099139842D9D040F23B23EEE7E928F1E702
:10C1C00020F02003C02BD0D020F04003B3F5807FB7
:10C1D000CBD0B0F5C07FC8D0B0F5007FCDE7B0F5CB
:10C1E000E07FCAE73AB1002918BF00232121D21A03
:10C1F000184401F026BC70472DE9F04F9B46002300
:10C2000089B08DF81B30159B9146DDE912A7002BF4
:10C210000D460B460CBF4FF400624FF4806207A935
:10C22000DDF85080F8F7B8FA0446D0B9079E2846E2
:10C2300031880DF11B02F8F75BFB044688B99DF8C5
:10C240001B30BB421FD8CDE90338CDE901BACDF888
:10C2500000902B46D6E909123046F9F7ADF80446AE
:10C2600008B1C8F800703A4621465046D8F8003068
:10C27000FFF7B8FF0798F8F77FFF002C18BF20469C
:10C2800009B0BDE8F08F6FF08904EAE741F20623B8
:10C2900098421AD8B0F5905F09D241F20103984252
:10C2A0000CD0B0F5885F09D06FF085007047692326
:10C2B000A0F5905080B2C340DB07F5D511F0070F11
:10C2C0000CBF00206FF086007047B0F5105FEBD117
:10C2D00021F04003802B06D0B1F5807F0CBF0020F9
:10C2E0006FF0860070470020704770B5446A0546BD
:10C2F0000E463CB90120F8F7A7F8686228B120463D
:10C30000AE6270BD6FF08A00FBE76FF08C00F8E75B
:10C31000F8B51E460F4615460388C2B103F4E04344
:10C32000B3F5805F02D0B3F5005F10D1089BE90040
:10C3300019600088FFF7AAFF044630B92A4639463B
:10C34000304601F057FB079B1D602046F8BD6FF09B
:10C350008504FAE710B50446406A10B1A16AFFF7F8
:10C36000DBFE0020C4E9090010BD38B50546FFF723
:10C37000F1FF2B7F0446012B0ED0023B012B0ED880
:10C380002B6A012B18BF6FF096042C22002128463F
:10C3900001F057FB204638BD2B6A002BF2E76FF007
:10C3A0009604F2E738B5049D1446AA420BD8184605
:10C3B00001F020FB00212A1B204401F042FB002059
:10C3C000059B1C6038BD6FF08900FBE77FB50E460A
:10C3D0001D461446BAB1002301222B6003A9F8F7C9
:10C3E000DBF970B9CDE9004503983346D0E909126D
:10C3F000F8F780FF04460398F8F7BEFE002C18BF3C
:10C40000204604B070BD6FF08900FAE7F0B50F4622
:10C410001E46154685B00AB3002303A91A463360A9
:10C42000F8F7BAF9044638B9039803885B0406D4D0
:10C43000F8F7A2FE6FF08604204605B0F0BDCDE906
:10C4400000563B46D0E90912F8F768FF0446039806
:10C45000F8F792FE002C08BF0446EDE76FF0890460
:10C46000EAE710B50368044653B100F0CDF90023A4
:10C470002360A38823F4FF7323F00103A38010BD7E
:10C480001846FCE72DE9FF41984600230C46016859
:10C49000054617460393A9BB4FF41372083001F009
:10C4A000D0FAB8F1000F20463B4614BF4FF480622B
:10C4B0004FF4006203A9F8F76FF9044620BB039E0E
:10C4C000384631882A1DF8F713FA0446E0B96B792B
:10C4D000314668F300036B7100972846D6E90923BB
:10C4E000B8F1000F0BD0F8F791FF044660B903983C
:10C4F000F8F742FE0446204604B0BDE8F081F8F7A4
:10C50000A9FFF2E76FF088042846FFF7AAFF039817
:10C51000F8F732FEEFE70123FFF7B4BF38B5046840
:10C52000054664B112B90024204638BD00F057F921
:10C5300004460028F7D02846FFF793FFF4E76FF092
:10C540008804F1E72DE9F0411746026805460E46DA
:10C55000984682B14279D2070DD502795AB1BA42D2
:10C5600016D800F045F9044638B9A6B92846BDE802
:10C57000F041FFF776BF6FF088040023C8F8007021
:10C580002B7146B92846FFF76CFF2046BDE8F081C5
:10C590006FF08904F1E721463A463046D8F800307A
:10C5A000FFF720FE2846FFF75CFF002C08BF04467B
:10C5B000EBE71FB501240394089C0294079C0194A7
:10C5C000069C0094FFF718FE04B010BD2DE9F0475B
:10C5D00005469A46002388B0079325F0004323F4CC
:10C5E0007F03B3F1106F0846DDE910961746DDF8BA
:10C5F00048801CD12B464FF4804207A9F8F7CCF8AD
:10C600000446B0B9CDE90368CDE901A907980097C0
:10C610002B46D0E90912F8F741FF044648B90798BC
:10C62000F8F7AAFD0446204608B0BDE8F0876FF091
:10C63000860431464846F8F74BFB0798C8F8006077
:10C64000F8F79AFDEFE703461B88084603F4E0433A
:10C65000B3F5805F114602D0B3F5005F01D1F8F762
:10C6600037BB6FF0850070477FB5002203880A60F2
:10C67000CDE90122428806460D46002A69D002888B
:10C6800002F4E042B2F5804F63D023F0FF03B3F52C
:10C69000E24F02D0B3F5824F04D13046FFF746FD9A
:10C6A0000446D8B9304602AA01A9F8F791F9044620
:10C6B000002843D1019B9B6A9BB10199304601F14F
:10C6C0002803D1E90912F8F7A5FD0446002839D15D
:10C6D00029460198F8F7E2F8044678BB204604B0F2
:10C6E00070BD73681B0A22D13088718800F4E04362
:10C6F000B3F5805F15D0B3F5005F12D020F0FF03D3
:10C70000B3F5E24F22D1C0B242280ED10831C90898
:10C71000039103990198FFF7E8FD04460028CCD067
:10C720000CE0FFF7B3FD044640B90731EFE73046B0
:10C7300003A9F8F757FD04460028EAD00198F8F756
:10C74000A9F9CBE70198FFF705FEF7E76FF085043D
:10C75000F4E76FF08604C1E71C22002101F071B9F3
:10C76000037F022B06D1036A5A1C03D001330362F4
:10C77000002070476FF09600704703466FF040420C
:10C780000846591E914207D338B103F14043934202
:10C790008CBF00200120704701207047034668B11C
:10C7A000017F8A1E012A0BD80329026A03D1012ABC
:10C7B00001D1FFF7DABD1AB1013A1A6200207047C1
:10C7C0006FF09600704700207047C0B2FF280CBF82
:10C7D0006FF0860000207047F8F7E4BE70470368EA
:10C7E000052B02D10830F9F7DFBE6FF086007047E5
:10C7F00010B40468052C03D110BC0830F9F7ECBE66
:10C800006FF0860010BC70470368052B02D108301A
:10C8100000F0D7B9002070470020F9F783B8002056
:10C82000F9F7BAB8002000F006B9E0F771BF0A289E
:10C8300040DCC31C22DA10F1400F47D010F13F0F4B
:10C840002BDA10F1410F44D010F1550F44D010F104
:10C85000490F08BF6FF0840018BF6FF08600704763
:10C8600009282AD8DFE800F00529290816293829DF
:10C87000292F6FF09800704700207047C31C0D2BC4
:10C880001BD8DFE803F0072F1A1C1A1A1A1A1A1AF3
:10C890001D1A1A1D6FF08500704710F1210F1ED070
:10C8A0000BDB10F1200F1DD010F1100F08BF6FF03F
:10C8B0009400D1E764380928D2D96FF08600704718
:10C8C0006FF0940070476FF08C0070476FF0840039
:10C8D00070476FF0890070476FF0930070476FF0FA
:10C8E000880070476FF09200704710B501380A4415
:10C8F000914200D110BD10F8013F11F8014B634087
:10C900000370F5E70144814200D1704711F8013D01
:10C910001A440A70120AF6E730B5002503F5807351
:10C92000013A002A0DDAFF2BDAB28CBF0021012177
:10C9300052EA050003D0FF2B94BF00200120401ACB
:10C9400030BD845C1C448B5C013AE41A230AE4B2D7
:10C95000FF332543E5E7002313B58DF807308B42FD
:10C9600006D19DF80700B0FA80F0400902B010BD72
:10C97000C45C9DF80720013322438DF80720EEE7C1
:10C980008B4230B50CD8002421469C4203D1081EAE
:10C9900018BF012030BD155D055529430134F4E76A
:10C9A0000020F7E710B58B4294BFC4184418A0428A
:10C9B00000D110BD00F8012BF9E700231A4682B020
:10C9C00001908B4201D102B070470198C2540133EB
:10C9D000F7E707B501A9F8F705FF003818BF0120F0
:10C9E00003B05DF804FBF7B506460D46202D2F4633
:10C9F000A8BF202700216846FAF7BCF8044670B9A2
:10CA00003A4631466846FAF707F910F1520F0446E4
:10CA100008D0431CF4D0684600F0A6FB34B1204691
:10CA200003B0F0BD684600F09FFBE3E7EC1B3E441B
:10CA3000F5D02546DAE700207047F9F715BACA04A1
:10CA400048BF41F480618B0448BF41F400618160BC
:10CA50007047C0F30253013B10B5052B21D8DFE826
:10CA600003F0030B0B0B1B13012300F030002028F5
:10CA7000136013D0002010BD0B8844F212118B42BA
:10CA80000CBF04230223F0E70B8844F212118B42FF
:10CA900014BF03230623E8E70323E6E7023313600A
:10CAA000E8E76FF09800E6E713B50C46F8F79AFE52
:10CAB000C31C0FD0013009D004224FF0FF332146B0
:10CAC0000DEB0200019300F0C4FF30B96FF08B0052
:10CAD00002B010BD6FF08400FAE70020F8E730B52F
:10CAE00089B0054618220C4601A8002100F0A9FFD4
:10CAF000012344EA052401A9BA2007940593F8F715
:10CB000011FE002818BF6FF0920009B030BDF7B5D4
:10CB1000BA2001A9F8F766FE044610B1002003B060
:10CB2000F0BD019D2F0AEDB2AC4205D1BA20F8F755
:10CB30003FFE0028F2D008E0E6193046F8F738FE4C
:10CB400030B13046FFF745FF10B96FF09200E6E7CD
:10CB50000134E9E738B503780446033303F00303EF
:10CB6000012B0FD86FF0210038BD60782844F8F70A
:10CB700011FE48B901352378C3F382039D42F4D3F3
:10CB80000020F1E70025F6E70220EDE708B5F820E0
:10CB9000FFF71FFF18B9F920FFF71BFF10B16FF067
:10CBA000920008BDF820F8F7F5FD0028F7D1F9202C
:10CBB000F8F7F0FD0028F4D0F1E7F9F799BCF9F7A0
:10CBC00097BC08B54FF41371FFF7F7FE002008BDBE
:10CBD000002310B500F11002103112F8014D43EAA4
:10CBE0004403824201F8013D4FEAD413F5D110BD50
:10CBF000002370B588B0CDE90033CDE902330C468F
:10CC0000154600F58C716A4604AB00F5BE7000F065
:10CC100048FD0646C0B9214604A8FFF7D9FF9DF993
:10CC200010302946002BB8BFE37B2046BCBF83F001
:10CC30008703E373FFF7CCFF94F90030002BBEBFEE
:10CC4000EB7B83F08703EB73304608B070BD2DE9B2
:10CC5000F84F044688461546002700F5B27900F5DE
:10CC6000AA7AADB92DE0324649465046FFF73DFE5F
:10CC70005346524604F58C7104F5BE7000F011FD68
:10CC800000BB0146C4F874013246484600F0D9FEA4
:10CC9000D4F8740108EB0701C0F1100BAB4528BFB5
:10CCA000AB4648445A4600F0A5FED4F874615F4490
:10CCB0005E44102EC4F87461A5EB0B05D1D1002D94
:10CCC000D1D10020BDE8F88F0023F0B58DB008AABF
:10CCD00004A90446CDE90033CDE90233FFF788FF0C
:10CCE00080BBD4F8745104F5B276102D2A462BD1AE
:10CCF000304604A9FFF7F9FD6D46334604F5BA77CF
:10CD00002A4618685968083303C2BB421546F7D152
:10CD100004F5AA75102269462846FFF7E6FD2B4662
:10CD20002A4604F58C7104F5BE7000F0BAFC48B9CF
:10CD300004F10C0355F8042BB54243F8042BF9D148
:10CD4000102363600DB0F0BD3146684600F052FE1E
:10CD500005F130030DEB030580231022684608A976
:10CD600005F8303CFFF7C1FDD2E7F8B500F120042B
:10CD70000E4600F58C71204617461D46F9F7BEFD9C
:10CD800018B1BDE8F840FFF752BD3A46314620469B
:10CD900000F039F90028F4D12946204600F064F962
:10CDA0000028EED1204600F0D2F90028E9D1F8BDE4
:10CDB00038B54368054653B11C6914B15869A0479A
:10CDC000044605F10C00F9F7BBFF204638BD1C46B0
:10CDD000F7E773B5064601A8FAF718F9044680B9D3
:10CDE00006F10C00F9F782FF019800F0A0F8044664
:10CDF00050B973682BB1DA681AB158699047054683
:10CE000018B9204602B070BD05463046FFF7D0FF86
:10CE1000002814BF04462C46F3E770B5057B044692
:10CE2000002D38D0B2F1807F06D3FFF7C1FF002874
:10CE300008BF6FF03F0070BD806825691044A06096
:10CE4000296002F10F00216920F00F0040F0005529
:10CE50008D60256826692D68811A2D69824245EA10
:10CE60000125F560256905F11005256165692B60CF
:10CE700063699A60636903F11005656101D100205F
:10CE8000D9E700221A61636941F0804199606369C2
:10CE900010336361F3E76FF02000CCE738B5027B15
:10CEA00032B3016882680C7AA24206D2FFF780FF93
:10CEB000002808BF6FF0530038BD4C7AB2FBF4F580
:10CEC00004FB152232B1FFF773FF002808BF6FF093
:10CED0004500F1E7C269497911421CBF8A43C2612A
:10CEE000602100F170020C30F9F76AFD0020E3E7E1
:10CEF0006FF02000E0E738B5037B054663B1F9F732
:10CF0000D5FD431C044605D02846FFF751FF0028F5
:10CF100018BF0446204638BD6FF02004FAE710B56C
:10CF200004462046FFF7E7FF431CFAD010BD10B5BA
:10CF30009EB0024646F611031AA901A8F9F72CFD86
:10CF40000023039A10211360039A01A89360039BA6
:10CF50001AAA10330393F9F733FDF9F7A7FD431C21
:10CF60000446FAD001A87421FFF727FD20461EB021
:10CF700010BD38B502690546146914B15069A0475F
:10CF8000044605F11400F9F7DBFE204638BD08B56C
:10CF9000826803465AB902681169426A114206D092
:10CFA000FFF7E7FF002808BF6FF0530008BD03F14B
:10CFB0001400702103F17802F9F702FD0020F5E773
:10CFC00073B5064601A8FAF721F8044678B906F1C8
:10CFD0001400F9F78BFE0198FFF7A9FF044648B942
:10CFE0003269D3681BB150699847054618B9204685
:10CFF00002B070BD05463046FFF7BBFF002814BFE6
:10D0000004462C46F3E710B5047D03464CB3B2F159
:10D01000807F06D3FFF7ADFF002808BF6FF03F0009
:10D0200010BD4468062C06D9FFF7A3FF002808BFEF
:10D030006FF04400F4E70AB90020F1E7806901606D
:10D0400099698A60186899698069C068C860996937
:10D05000103199615968013159609968114499609A
:10D06000EAE76FF02000DBE710B4037D002B56D019
:10D070008368C3B9836900F124021A600368826976
:10D080001B68013343F0005393600468826923688E
:10D09000A4690133E4681B0203F4F8532343D3600B
:10D0A000836910338361036882681C68131923EA5B
:10D0B000040384699B1A54F8042C42EA032244F8BE
:10D0C000042C826952F8084C234443F0005342F880
:10D0D000083C03681A68C368134423EA0203C26960
:10D0E0001160C269C1689160C26902F11001C16139
:10D0F000C1688B420AD000211161C168C2695B1A04
:10D1000043F080439360C3691033C3610368DA68F6
:10D11000436A23EA0203436210BCFFF738BF6FF093
:10D12000200010BC704738B5037D054663B1F9F7A0
:10D13000BDFC431C044605D02846FFF71AFF002813
:10D1400018BF0446204638BD6FF02004FAE710B53A
:10D15000037D04462BB12046FFF7E5FF431CFAD0C0
:10D1600010BD6FF02000FBE710B5037804461BB13B
:10D17000F8F7E2F900232370002010BD0368D86897
:10D18000C0F300407047036803F580535B6A13F4F3
:10D19000A02F14BF012000207047022203689A606C
:10D1A00070470368D868F9F7E5BE024608B513680A
:10D1B00003F580535B68C62B09D01046FFF7DEFFEE
:10D1C0000028F4D11046BDE80840FFF7EABF6FF031
:10D1D000010008BD03685A5070470369996670479B
:10D1E0000369986E704770B506460D461446FFF702
:10D1F000F7FF013D026844EA05243046224304213A
:10D20000BDE87040FFF7E6BF73B50546D0E90146BB
:10D21000CDE90023FFF7E4FF03689DF8002013F039
:10D22000805FE8689DF8073004EB061416D002F022
:10D230003F0242F0200243F00103A0F10801201A4E
:10D240008DF800208DF8073000F0B3FA083C082272
:10D250006946204600F0D4FA02B070BDA41B03F06A
:10D260003F0342F0010243F02003A0F1080104F162
:10D2700008008DF800208DF8073000F09AFAE6E7F4
:10D2800010B50446FFF7ACFFC2684AB142F4202251
:10D290002046BDE81040002142F40062FFF79ABF2B
:10D2A00010BDC06870472DE9F8430A680C4612F4B7
:10D2B000700F15D1D0E90159D1F80880FFF790FF20
:10D2C00003682046DB0048BF63684FF0000744BF97
:10D2D000A9EB0303ED1800F0D6F80646B74201DBD0
:10D2E000BDE8F88341462846626800F089FA636821
:10D2F0004D4498440137F1E770B50C461E46104680
:10D30000D1E9012505EB4205294600F079FA62686A
:10D310003046A918BDE8704000F072BA38B504462E
:10D32000FFF75EFFD4E9013501684268C90042BFDA
:10D33000E168691A5B18002112B904F1140038BDC4
:10D34000D00707D50B2901D9E4F718FE04EB8100BB
:10D35000436101312B445210EEE72DE9F04F0446B2
:10D3600085B00E4691460193FFF73AFFD4E9018B51
:10D37000D4F848A005468768BAF1000F07D02046C8
:10D38000F9F7B6FD1025284605B0BDE8F08FF9F78E
:10D3900063FD326811064CBFC268426871689142F1
:10D3A00004DD2046F9F7A4FD0D25ECE7E1603268C5
:10D3B000204649EA02092A6949EA0202FFF713FFF7
:10D3C0002A68D20003D5E268ABEB020290443FB971
:10D3D00031462046FFF767FF2B696BB90025D2E77E
:10D3E000FB0748BF019B4FEA670744BF43F82A8009
:10D3F0000AF1010AD844EAE702A800F0B6F90546A6
:10D4000018B12046F9F774FDBDE72046DDE9022397
:10D41000FFF7FAFE08210DEB0100FFF7CEFADDE77A
:10D4200010B50446FFF72CFFBFF35F8F03222046A1
:10D43000BDE810400821FFF7CDBEC0F30B03482B19
:10D440004B6028BF482310F4003F8B6008BF0023C7
:10D45000CB6010F4803308BFC1E9013300F47003DE
:10D46000B3F5700F14BF00238B6800284FF0010C38
:10D470004FF008028B60B8BF0023C1E905C2B8BFF6
:10D48000C1E9053370470368024613F4700F06D1F3
:10D49000806828B1D368506893FBF0F07047002093
:10D4A00070472DE9F04F4FF0000B91461E4644881F
:10D4B00005888BB005F44F4300940734B3F5824FD1
:10D4C00082460F464FF01C0259464FEAD40803A883
:10D4D00018BF5D46CDF808B000F0B3FAC845C6F8ED
:10D4E00000B041D8B4F5847F41D26A4649465046DF
:10D4F000F9F770FE044640BBEDB22846009901AA38
:10D50000F9F7AAFD044600BBA5F14103012B20D881
:10D51000424602A9F8F740FA20BB414602A8FFF7AD
:10D520001AFA38BB412D05D1B8F1200F02D102A85B
:10D5300000F0B1F94246384602A900F05BFA20211A
:10D5400002A8FFF73AFAC6F8008020460BB0BDE803
:10D55000F08F4A463946019800F0A8F90028EED02D
:10D56000FFF765F90446F0E76FF08904EDE76FF027
:10D570008504EAE76FF09304E7E72DE9F341DDF86E
:10D5800020801E46438842450F461546019315D814
:10D59000294601AAF9F71EFE044658B92B463A4619
:10D5A00041463046FFF7ECF958B10A9B019A1A60E0
:10D5B000099B1D60204602B0BDE8F0816FF0890430
:10D5C000F8E76FF08604F5E72DE9F0411F4605887E
:10D5D000438894B0029305F44F43B3F5824F064657
:10D5E00014461346D0F80C800A4603A84FF04101B8
:10D5F00018BF0025FFF7C4F918B31A9B9C4223D823
:10D600003046214602AAF9F7E5FD0646A8B9E9B277
:10D610001229029D01D0302906D12A4640460094A5
:10D6200003ABF9F7A1FD90B92246384603A900F0F3
:10D63000E1F91C9B1D601B9B1C60304614B0BDE8CB
:10D64000F0816FF08606F8E76FF08906F5E7064689
:10D65000F3E78B4238B505460C46104607D30A4619
:10D66000294600F0C7F90020049B1C6038BD6FF00C
:10D670008900FBE770B5059E04461546FFF7CDFB14
:10D6800018B1BDE87040FFF7D2B82046FFF706FC9E
:10D690000028F6D12046FFF742FC0028F1D1356082
:10D6A000EFE77FB5044615461E46F9F7BDF820B1F1
:10D6B00004B0BDE87040FFF7BAB8102203AB019385
:10D6C0002946334620460092FFF7D4FF04B070BDD0
:10D6D000F8B50668054696420C46A2EB060701DD42
:10D6E000E4F74CFC3946204600F063F8324669689E
:10D6F000E019BDE8F84000F083B8FFF7E9BFF8B5DE
:10D7000007461646D2E900208A420C460BDB551A22
:10D71000294600F04EF82246394670682844BDE894
:10D72000F84000F09BB8891A3944F8E770B5144600
:10D730000E461D4621461A46FFF7E1FF21463046B8
:10D7400005F10802BDE87040FFF7D9BF70B5054686
:10D7500016461C461A46FFF7BBFF2246314605F126
:10D760000800BDE87040FFF7B3BF10B50446F9F7F5
:10D7700073FB436963B12046F9F748FC50B9D4E91B
:10D7800000321343F7D0201DBDE81040F9F73EBC2E
:10D790006FF0020010BD13B50446104622680192D6
:10D7A0001A4601AB184400F025F9019B236002B032
:10D7B00010BDF7B505460C4601B3002310F0030673
:10D7C00001930BD0C6F104073B46324601A920F075
:10D7D0000300FFF7E0FF34443D44043C00212846A9
:10D7E00024F0030200F02DF914F0030306D024F016
:10D7F0000304002201A92819FFF7CDFF03B0F0BDF3
:10D800002DE9F04110F0030705460E4614460BD0F3
:10D81000C7F1040843463A4620F00300FFF7BBFF78
:10D82000043C454446443C44324624F00303291F4B
:10D8300033449A420BD114F003030DD024F00304B7
:10D84000311928190022BDE8F041FFF7A4BF52F8B2
:10D85000040B41F8040FECE7BDE8F08173B5034613
:10D8600014460D460CB902B070BD05F00301C1F1BC
:10D870000406A64228BF264625F00302126801A826
:10D88000019201443246184600F0B4F8034635448C
:10D890003344A41BE6E7037823F007030370C37F38
:10D8A00003F07F0343F04003C37770470B46D0E992
:10D8B00001108A42084402D31A4600F003B86FF000
:10D8C000400070472DE9F0470446104639B1224622
:10D8D0000023164612F8015B35B98B4202D16FF076
:10D8E000530435E00133F4E78B42F8D04A1E9A42E4
:10D8F00001D1022DF3D9A25CD2072FD5FF2415EA5E
:10D90000040228D1E443A1EB0308C718FFF74AF843
:10D91000E5B208EB070A424639460020F8F73CF822
:10D920000446E8B93B7881462B403B703B4613F8F0
:10D93000012B534549EA0209F9D1002342463146F9
:10D940003846FEF7E9FFB9F1000FE4D00028E2DA2B
:10D950002046BDE8F0876400E4B2D0E76624F7E72C
:10D960000224F5E7F3F73AB84FF0FF324FF0FF33F8
:10D97000F2F764BFFEF7E3B9F9F7DABE07B54FF087
:10D98000FF334FF0FF32CDE90023002200F02FF8E3
:10D9900003B05DF804FB00F026B800F020B8FEF7F5
:10D9A000D5BA10B54B68D0E91A4212F0010F03EA5C
:10D9B000040301D09C4210D17BB18366520744BF5F
:10D9C0008A681A430B6848BF8A604366012308606F
:10D9D00080F870301830F5F7A5FF002010BD4FF02B
:10D9E000FF32F9F7AFBD0A460021F9F7ABBD52008F
:10D9F000F9F7FCBD0A44431E914200D1704710B5AF
:10DA000011F8014B914203F8014FF9D110BD884242
:10DA100010B501EB020402D98442234607D8431E05
:10DA2000A14208D011F8012B03F8012FF8E70244B6
:10DA300001468A4200D110BD13F8014D02F8014D94
:10DA4000F7E702440346934200D1704703F8011BF5
:10DA5000F9E70139024410B5904201D1002005E0F8
:10DA6000037811F8014FA34201D0181B10BD0130FB
:10DA7000F2E710B56AB10139841810F8012B11F8DA
:10DA8000013F9A4203D1A04201D0002AF5D1D01A19
:10DA900010BD1046FCE710B50139044632B111F84B
:10DAA000013F013A00F8013B002BF7D10021FFF7BD
:10DAB000C8FF204610BD0246014410B58A421346F5
:10DAC00003D01C780132002CF8D1181A10BDF0B523
:10DAD000C3F13707044603F01F031046FFB2082BBB
:10DAE000E6B232D0102B3DD06508A40845EAC175D6
:10DAF00044EA81748A082D1942EB5102290941EA4E
:10DB000002716D1842EB1212290A41EA02616D1886
:10DB100042EB1222290C41EA02416D1842EB1242FB
:10DB2000AD1842F10002EC0844EA4274D10804EB5B
:10DB30008402A6EB4205EDB2092D0CD90134A5F102
:10DB40000A0541F10001EDB212E0E40806F0070514
:10DB500044EA4174C908303554EA010200F8015B17
:10DB6000BDD1F0BD240906F00F0544EA017409098E
:10DB7000092D84BFED19EDB2EDE7D1E904329342EE
:10DB80001EBF5A1C0A6118707047000001480068E7
:08DB9000704700006838002016
:08DB9800A0F2FD7F0100000076
:10DBA000FD26010000000000C1D2010000000000BD
:10DBB0000000000078DC020095BC020000000000BC
:10DBC0001D04020000000000150502000000000016
:10DBD00000000000CCDC02000000000094DC020029
:10DBE00000000000B0DC020000000000E8DC0200E1
:10DBF0000DE8010000000000E5B90200000000008F
:10DC00000000000004DD02000000000020DD020032
:10DC10005DC301000000000021B802000000000008
:10DC2000F9FA0000000000001120010000000000CF
:10DC3000000000003CDD020099D60000000000005A
:10DC400079110200000000000000000058DD020011
:10DC5000B92B0100000000007BB9020000000000A9
:10DC600085B902000000000025300100000000001E
:08DC7000BD0F010000000000DF
:10DC7800C63B0300F4F20200FCE60200840B00201D
:10DC8800803A002055C0010000000000283D030034
:10DC980048F30200D8E602008A0B0020203B00204F
:10DCA800F1C8010000000000343D03005CF30200ED
:10DCB800D8E602008C0B00202C3B0020F1C80100A4
:10DCC800000000003F3D030070F30200D8E60200A8
:10DCD8008E0B0020383B0020F1C801000000000036
:10DCE8004A3D030084F30200D8E60200900B0020AE
:10DCF800443B0020F1C8010000000000F63B03008F
:10DD080000000000B8E60200860B002000000000BA
:10DD1800EFB1020000000000DF3D0300A8F302009D
:10DD280018E70200920B0020080B002071CB0100BD
:10DD380000000000604703000000000040F40200FB
:10DD4800940B0020903B0020E9DE01000000000059
:10DD5800FE3B030000000000C0E60200880B002024
:0CDD680000000000D5C301000000000016
:10DD740000000000EB92020000000000EB920200A1
:10DD840000000000EB92020000000000EB92020091
:10DD940000000000EB92020000000000EB92020081
:10DDA40000000000EB92020000000000EB92020071
:10DDB40000000000EB92020000000000EB92020061
:10DDC40000000000EB92020000000000EB92020051
:10DDD40000000000EB92020000000000EB92020041
:10DDE40000000000EB92020000000000EB92020031
:10DDF40000000000EB92020000000000EB92020021
:10DE040000000000EB92020000000000EB92020010
:10DE140000000000EB92020000000000EB92020000
:10DE240000000000EB92020000000000EB920200F0
:10DE340000000000EB92020000000000EB920200E0
:10DE440000000000EB92020000000000EB920200D0
:10DE540000000000F9E8010000000000EB9202005D
:10DE640000000000EB92020000000000EB920200B0
:10DE740000000000EB92020000000000EB920200A0
:10DE840000000000EB92020000000000EB92020090
:10DE940000000000EB92020000000000EB92020080
:10DEA40000000000EB92020000000000EB92020070
:10DEB40000000000EB92020000000000EB92020060
:10DEC40000000000EB92020000000000EB92020050
:10DED40000000000EB92020000000000EB92020040
:10DEE40000000000EB92020000000000EB92020030
:10DEF40000000000EB92020000000000EB92020020
:10DF040000000000EB92020000000000EB9202000F
:10DF140000000000EB92020000000000EB920200FF
:10DF240000000000EB92020000000000EB920200EF
:10DF340000000000EB92020000000000EB920200DF
:10DF440000000000EB92020000000000EB920200CF
:10DF540000000000EB92020000000000EB920200BF
:10DF640000000000EB92020000000000EB920200AF
:10DF740000000000EB92020000000000EB9202009F
:10DF840000000000EB92020000000000EB9202008F
:10DF940000000000EB92020000000000EB9202007F
:10DFA40000000000EB92020000000000EB9202006F
:10DFB40000000000EB92020000000000EB9202005F
:10DFC40000000000EB92020000000000EB9202004F
:10DFD40000000000EB92020000000000EB9202003F
:10DFE40000000000EB92020000000000EB9202002F
:10DFF40000000000EB92020000000000EB9202001F
:10E0040000000000EB92020000000000EB9202000E
:10E0140000000000EB92020000000000EB920200FE
:10E0240000000000EB92020000000000EB920200EE
:10E0340000000000EB92020000000000716D02007D
:10E0440000000000EB92020000000000EB920200CE
:10E0540000000000EB92020000000000EB920200BE
:10E0640000000000EB92020000000000EB920200AE
:10E0740000000000EB92020000000000EB9202009E
:10E0840000000000EB92020000000000EB9202008E
:10E0940000000000EB92020000000000EB9202007E
:10E0A40000000000EB92020000000000EB9202006E
:10E0B40000000000EB92020000000000EB9202005E
:10E0C40000000000EB92020000000000EB9202004E
:10E0D40000000000EB92020000000000EB9202003E
:10E0E40000000000EB92020000000000EB9202002E
:10E0F40000000000EB92020000000000EB9202001E
:10E1040000000000EB92020000000000EB9202000D
:10E1140000000000EB92020000000000EB920200FD
:10E1240000000000EB92020000000000EB920200ED
:10E1340000000000EB92020000000000EB920200DD
:10E1440000000000EB92020000000000EB920200CD
:10E1540000000000EB92020000000000EB920200BD
:10E1640000000000EB92020000000000EB920200AD
:10E1740000000000EB92020000000000EB9202009D
:10E1840000000000EB92020000000000EB9202008D
:10E1940000000000EB92020000000000EB9202007D
:10E1A40000000000EB92020000000000EB9202006D
:10E1B40000000000EB92020000000000EB9202005D
:10E1C40000000000EB92020000000000EB9202004D
:10E1D40000000000EB92020000000000EB9202003D
:10E1E40000000000EB92020000000000EB9202002D
:10E1F40000000000EB92020000000000EB9202001D
:10E2040000000000EB92020000000000EB9202000C
:10E2140000000000EB92020000000000EB920200FC
:10E2240000000000EB92020000000000EB920200EC
:10E2340000000000EB92020000000000EB920200DC
:10E2440000000000EB92020000000000EB920200CC
:10E2540000000000EB92020000000000EB920200BC
:10E2640000000000EB92020000000000EB920200AC
:10E2740000000000EB92020000000000EB9202009C
:10E2840000000000EB92020000000000EB9202008C
:10E2940000000000EB92020000000000EB9202007C
:10E2A40000000000EB92020000000000EB9202006C
:10E2B40000000000EB92020000000000EB9202005C
:10E2C40000000000EB92020000000000EB9202004C
:10E2D40000000000EB92020000000000EB9202003C
:10E2E40000000000EB92020000000000EB9202002C
:10E2F40000000000EB92020000000000EB9202001C
:10E3040000000000EB92020000000000EB9202000B
:10E3140000000000EB92020000000000EB920200FB
:10E3240000000000EB92020000000000EB920200EB
:10E3340000000000EB92020000000000EB920200DB
:10E3440000000000EB92020000000000EB920200CB
:10E3540000000000EB92020000000000EB920200BB
:10E3640000000000EB92020000000000EB920200AB
:10E3740000000000EB92020000000000EB9202009B
:10E3840000000000EB92020000000000EB9202008B
:10E3940000000000EB92020000000000EB9202007B
:10E3A40020DD0200C5CE010000000000EB92020057
:10E3B40000000000EB92020000000000EB9202005B
:10E3C40000000000EB92020000000000EB9202004B
:10E3D40000000000EB92020000000000EB9202003B
:10E3E40000000000EB92020000000000EB9202002B
:10E3F40000000000EB92020000000000EB9202001B
:10E4040000000000EB92020000000000EB9202000A
:10E4140000000000EB92020000000000EB920200FA
:10E4240000000000EB92020000000000EB920200EA
:10E4340000000000EB92020000000000EB920200DA
:10E4440000000000EB9202002009002011B302003A
:10E4540000000000EB92020000000000EB920200BA
:10E4640000000000EB92020000000000EB920200AA
:10E4740000000000EB92020000000000EB9202009A
:10E4840000000000EB92020000000000EB9202008A
:10E4940085FD01001BBA020000000000EB9202009F
:10E4A40000000000EB92020000000000EB9202006A
:10E4B40000000000EB92020000000000EB9202005A
:10E4C40000000000EB92020000000000EB9202004A
:10E4D40000000000EB92020000000000EB9202003A
:10E4E40000000000EB92020000000000EB9202002A
:10E4F40000000000EB92020000000000EB9202001A
:10E5040000000000EB92020000000000EB92020009
:10E5140000000000EB92020000000000EB920200F9
:10E5240000000000EB92020000000000EB920200E9
:10E5340000000000EB92020000000000EB920200D9
:10E5440000000000EB92020000000000EB920200C9
:10E5540000000000EB92020000000000EB920200B9
:10E5640000000000EB92020000000000EB920200A9
:10E5740000000000EB92020000000000EB92020099
:10E5840000000000EB92020000000000EB92020089
:10E5940000000000EB92020000000000EB92020079
:10E5A40000000000EB92020000000000EB92020069
:10E5B40000000000EB92020000000000EB92020059
:10E5C40000000000EB92020000000000EB92020049
:10E5D40000000000EB9202006C08002011B302005E
:10E5E400F9B902001BBA020000000000EB9202001D
:10E5F40000000000EB92020000000000EB92020019
:10E6040000000000EB92020000000000EB92020008
:10E6140000000000EB92020000000000EB920200F8
:10E6240000000000EB92020000000000EB920200E8
:10E6340000000000EB92020000000000EB920200D8
:10E6440000000000EB92020000000000EB920200C8
:10E6540000000000EB92020000000000EB920200B8
:10E6640000000000EB92020000000000EB920200A8
:10E6740000000000EB92020000000000EB92020098
:10E68800D81A00208848002000040000B1DD0000EE
:10E69800000000000000000000000000070000006B
:10E6A80000000000F9FB020000000000000000006C
:08E6B800DBB1020000000000CC
:10E6C000FDC30100B7B20200AFB20200BDC301003A
:08E6D000ADC30100C5C3010048
:10E6D800F5C60100C9B20200D5B20200E9B20200D3
:10E6E800F3B20200FDB20200E9C50100F5C4010061
:04E6F800000000001E
:10E6FC00B9C00100CFB102009BB1020000000000C4
:0CE70C007DBF01000000000000000000C4
:10E7180007B402007DB70200F5B5020011CD010073
:10E72800B3B30200B7B402001DB4020035CC010037
:04E738003BB30200ED
:10E73C0005000000956B01000600000015A9010002
:08E74C0004000000457E0100FD
:10E7540099DA0000ADD9000071DE0000000000006D
:10E76400000000000000000041D80000000000008C
:10E774000000000000000000000000000000000095
:10E7840000000000C196010000000000000000002D
:10E794001CF1020008000000BCF1020007000000A8
:08E7A4003CEE0200060000003B
:10E7AC005320030003000000742F0300030000003B
:10E7BC0015130300030000003429030003000000BC
:10E7CC000B3B0300030000001C13030003000000BC
:10E7DC009422030003000000C13403000300000076
:10E7EC00EA1C030003000000FA1F030003000000F2
:10E7FC00F33A030003000000022C030003000000A6
:10E80C004F07030003000000BE10030003000000CC
:10E81C007D470300030000006B470300030000006A
:10E82C00E11103000300000017390300030000008E
:10E83C005A3B0300030000003DFF020003000000F0
:10E84C00E83B030003000000525A030003000000E1
:10E85C00D644030003000000041103000300000071
:10E86C00173C030003000000814903000300000073
:10E87C00E802030003000000B003030003000000E3
:10E88C00B4030300030000000C4803000300000065
:10E89C00830D030003000000E50F030003000000DC
:10E8AC0080100300030000007F48030003000000F9
:10E8BC00854E03000300000022FC02000300000050
:10E8CC00E4110300030000008F100300030000009C
:10E8DC005800030003000000EA3D030003000000A1
:10E8EC00CCED020030380020380503000100000098
:10E8FC00040000000F0000000100000008000000F0
:10E90C002000000074000000840000000D000000D6
:10E91C000C0000000E0000005000000088000000F9
:10E92C00BC000000FFFFFFFFFFFFFFFFFFFFFFFF2B
:04E93C00FFFFFFFFDB
:10E94000DE11030000000000000000008928010023
:10E95000192B010000000000223303000100000019
:10E960000000000035A602000000000000000000CA
:10E97000B53403000100000000000000598F0100C1
:10E980000000000000000000AD34030001000000A2
:10E9900000000000518601004995010000000000C0
:10E9A000EB3A03000100000000000000B9B90100CB
:10E9B00095B7010000000000BB3403000100000017
:10E9C00000000000A98B0100D98A010000000000AE
:10E9D0000000000003000000A0000000F0000000A4
:10E9E00000000000D11B0300D61B0300DA1B03004C
:10E9F000DE1B0300E21B0300E61B0300EA1B03000F
:10EA0000EE1B0300F21B0300F61B0300FA1B0300BE
:10EA1000FE1B0300021C0300061C03000A1C03006B
:10EA20000E1C0300121C0300161C030000A0105053
:10EA300000820D500004055000860D5005000000B6
:10EA400004000000010000000102020303010001B4
:10EA500000000101000001000100000100010000B0
:10EA6000000001000B0002000A00050009000A0076
:10EA70000800140007001E000600320005004B00CD
:10EA800004006400030096000200FA000100F40193
:10EA90000000F401FA00960064004B0032001E00F2
:10EAA00014000A000500020001000C0802170D0105
:10EAB00001020909010106020918180301010909E7
:10EAC000030385030201230202240910040405053F
:10EAD0000B0B040B2B1B1B159A9A1C021D161305FE
:10EAE00001490D150508061B1B0F01010000FEFE64
:10EAF000FEFEFEFEFEFEFEFEFEFEFEFEFEFEFEFE36
:10EB0000FEFEFE16FEFEFEFEFEFEFEFEFEFEFE1FEC
:10EB10001FFEFE26FEFEFEFEFEFEFEFEFEFEFEFECC
:10EB2000FEFEFEFEFEFE3E3EFEFEFEFE3B3BA20164
:10EB3000B003BE05EE024806A209C405F40B241278
:10EB4000701500200200000B01000000070000000B
:10EB50000000000000000000000000000406080A99
:10EB60000C0E10121416181C1E20222426282A2CE3
:10EB70002E30323436383A3C3E40424446484A4CC5
:10EB80004E021A500000000028000000180000008B
:10EB900000000000F023000024130000000000002B
:10EBA0004006000040060000000098086B030000CB
:10EBB00000000000F023000024130000000000000B
:10EBC00048A3000014A00000000040060C03000051
:10EBD0005C0500200200000BDA1500200200000C8A
:10EBE0003E1600200200000B3E1600200100000C23
:10EBF0003C1600200100000C000000000000010194
:10EC000001010101010101010101020202020202EE
:10EC1000030304040505060607070808090A0B0C88
:10EC20000D0E0F101112131415161718191A1B00B8
:10EC300010010000D200000030010000D8000000E8
:10EC400001000000E400000002000000EA000000F3
:10EC500002000000EC00000003000000EE000000D5
:10EC600004000000F000000005000000F2000000B9
:10EC700006000000F400000007000000F60000009D
:10EC800008000000F700000009000000F800000084
:10EC90000A000000F90000000B000000FA0000006C
:10ECA0000D000000FB0000000F000000FC00000051
:10ECB00011000000FD00000013000000FE00000035
:10ECC00015000000FF000000180000000000000018
:10ECD0001B000000010000001F00000002000000F7
:10ECE00023000000030000002800000004000000D2
:10ECF0002D000000050000003300000006000000A9
:10ED000039000000070000003F000000080000007C
:10ED100000100200FA00000001030062746C65003C
:10ED200000000000000000000000000000000000E3
:10ED300000000000000000000000000000000000D3
:10ED400000000000000000000000000000010000C2
:10ED50000338FDD8704700000000000000000000EC
:10ED60000338FDD87047000007100000700B00202A
:10ED700001010000800B0020091400000DFC0200BE
:10ED8000981C002000010000A18D0200678D020088
:10ED9000020000001B8F02000000000000000000C5
:10EDA000000000000000000018050300200503001B
:10EDB0000000000000000000000000002805030023
:10EDC0002C0503003005030034050300C5070100CE
:10EDD000B9070100E9070100A107010000000000D8
:10EDE000AD07010000000000450801003838002090
:10EDF000D1430020100000000400000000000000CB
:10EE0000000000000000010058DD020001000000C9
:10EE10000000010000600E0058DD0200020000004A
:10EE200000600F0000600E0058DD020003000000CB
:10EE300000C01D000090000058DD020004F7020031
:10EE4000E5A70200000000003E07030000000100EB
:10EE500000F702006DA90200000000005408002025
:10EE6000000001001C07030000000000000000007B
:10EE70000000000000000100FCF60200B7A702003D
:10EE8000518D01003C08002000000300F8F602004C
:10EE90006DA90200000000003408002000000100FD
:10EEA000FA06030000000000F50F0100000000005A
:10EEB0000000030020050020000000000600010003
:10EEC00002000000C8EE020000000000300F030046
:10EED00002000000E04F1E0000000020380F030079
:10EEE00021000000E0FB07205C080020A1200100B9
:10EEF00000000000A3930200ECEE020008EF020005
:10EF00000001000000000000D8940020ECEE020098
:10EF10001CEF02002E0000000000000028A20020CC
:10EF2000ECEE020030EF02000201000000000000E1
:10EF3000FCA200201A1C0300381C0300531C030011
:10EF4000631C0300701C0300791C0300801C030079
:10EF5000871C03008E1C0300961C0300701C03001A
:10EF60009E1C0300B01C0300C51C0300D81C03003A
:10EF70000E030000ED4301000F040000B94301003F
:10EF80001A010000B92E010005040000D12E010075
:10EF900013010000753701003E010000B13201008D
:10EFA00001120000BF9602000A1E000091960200A6
:10EFB000FF010000253401003E010000053401007E
:10EFC000050400001D2F010008040000D5390100D0
:10EFD000300300004D39010010010000C52F010071
:10EFE00001120000C14001000A1E00007D970200CE
:10EFF00003090000D1350100040B0000E1300100DD
:10F00000060A0000F5420100070A0000952F0100E2
:10F010000C050000612F0100050C000031420100C9
:10F02000ECEE020030F0020047000000000000009B
:10F0300018A40020B3280300C0280300E028030020
:10F04000D4280300EB28030002290300122903003F
:10F05000402E030026290300ECEE020068F00200B7
:10F06000000000000000000038A50020ECEE0200C7
:10F070007CF00200000100000000000060A50020FC
:10F080008B9C0200CB9C02000000000000000000EE
:10F09000000000009D6F0100000000000000000063
:10F0A0000000000000000000020201004BA402006A
:10F0B00004040100D97D010006060100197D01004C
:10F0C00008040100057C01000A02010033A40200CB
:10F0D0000C0401001BA402000E040100D97A0100F7
:10F0E000200401003D7A0100100401004D79010067
:10F0F00012020100EBA202001E00040093A5020010
:10F100005202000011A30200ECEE020018F102000E
:10F110000201000000000000D8A8002034F702001F
:10F12000E5A702000000000030F702000000010027
:10F130002CF702006DA9020000000000AC0A0020BC
:10F140000000010024F702000000000000000000A1
:10F15000000000000000000020F70200B7A7020036
:10F16000518D0100B40A0020000003001CF70200CA
:10F170006DA9020000000000A40A002000000100A8
:10F1800014F702001DA80200758E010000000000A7
:10F190000000030010F702006DA90200000000004B
:10F1A0009C0A00200000010008F702005D940100A5
:10F1B00000000000000000000000010060F70200F5
:10F1C000E5A70200000000005CF70200000001005B
:10F1D00058F702006DA9020000000000DC0A0020C0
:10F1E0000000010050F702004DA8020000000000DE
:10F1F00000000000000001004CF702006DA90200B1
:10F2000000000000D40A00200000010044F70200C2
:10F2100077A80200000000000000000000000100CC
:10F2200040F702006DA9020000000000CC0A002097
:10F230000000010038F702004D8A010000000000C4
:10F240000000000000000100A1A80100D7AF0200EB
:10F25000BDB30100000000000000000055B0010037
:10F26000000000000000000000000000000000009E
:10F27000000000000000000019AA010006000000C4
:10F2800053AD02000600000009A6010010000000B6
:10F290007DA20100100000005DB30100010000002C
:10F2A000E7AB0200100000004FAD02000A000000B2
:10F2B00035A901001000000039B10100070000006D
:10F2C00057AD02001000000095AC020001000000E4
:10F2D000DDA7010040000000F3AC020010000000B8
:10F2E000ADAC0200010000000DBF01002DC0010007
:10F2F00000000000ADC1010049BF0100D33B030085
:10F30000CBB10200C7B10200D93B0300B5B1020086
:10F31000BBB10200DF3B03001000000001FF000052
:10F32000E50100000010000000A0105000820D5008
:10F330000004055000860D5094DC0200CCDC020075
:10F34000E8DC0200B0DC0200FF03000000A0105067
:10F350006C0800200000000000000000FF1F0000FB
:10F3600000860D502009002000000000030000006E
:10F37000FFFFFFFF00820D50200900200000000069
:10F3800001000000FF07000000040550000000001D
:10F39000000000000200000000A0105000820D508C
:10F3A0000004055000860D5000600C500200000063
:10F3B00000000000DCF3020000C201000000D601E2
:10F3C0000000000000000040000000002E4500206A
:10F3D00029450020284500202745002000600C50CA
:10F3E000E8F3020001000000F0F302000400000056
:10F3F0003000000032000002310600013306000335
:10F40000CCDC020016000000CCDC02001900000079
:10F41000CCDC02001B000000CCDC02001C00000061
:10F42000CCDC02001A001100CCDC02000900110043
:10F43000CCDC02000800110094DC02000500110081
:10F44000D5DD01005BB8020089B8020000A01050B1
:10F4500000820D500004055000860D500800000089
:10F460000A0000000400000001000000CB4D030072
:10F47000D94D0300ED4D0300FC4D0300084E030081
:10F48000A0DB0200B0DB020018DC020020DC02007E
:10F4900070DC020078DC02008651030000010000ED
:10F4A00088130000000101000002020000140000A7
:10F4B00000280000004000000100000002000000E1
:10F4C000CCF4020001000000101010001100000038
:10F4D0001108000011480000112800000100000080
:10F4E0000F000000100000001000000020000000CD
:10F4F0001000000010000000FCF4020011000000E9
:10F500001128000011080000010000000000100098
:10F5100020000000AF5C0300C000000020F50200E6
:10F5200000000000000000000000000000000000DB
:10F530000000000038F502000F000000000000008D
:10F540000000000006000000000000003000000085
:10F55000C0000000180000003100000000000000A2
:10F5600030000000E00000001C0000003900000036
:10F57000000000003000000000010000200000003A
:10F5800041000000000000003000000040010000C9
:10F5900028000000510000000000000030000000C2
:10F5A0008001000030000000610000000000000049
:10F5B0003000000000020000400000008100000058
:10F5C0000000000017000000C0000000180000004C
:10F5D000310000000000000017000000E100000002
:10F5E0001D0000003B0000000000000017000000AC
:10F5F00000010000200000004100000000000000A9
:10F6000012000000C00000001800000031000000DF
:10F610000100000012000000E00000001C000000DB
:10F62000390000000100000012000000000100008D
:10F630002000000041000000010000001200000056
:10F6400040010000280000005100000001000000FF
:10F650001200000080010000300000006100000086
:10F66000010000001200000009020000420000003A
:10F67000850000000100000041000000FF000000C4
:10F6800020000000200000000000000041000000F9
:10F69000C001000038000000380000000000000039
:10F6A00042000000FF0000002000000020000000D9
:10F6B0000000000042000000C0010000390000000E
:10F6C0003900000000000000CCF602002600001007
:10F6D00000000000003000000C00000000000000EE
:10F6E000E4F6020022000010000C000000310000CF
:10F6F0000C000000000000030000032800000229A5
:10F70000000003280000002800002A2B00002A2BFC
:10F71000000003280000292B0000292B00000328EB
:10F72000000002290000052A0000052A0000032825
:10F7300000000118000000280000042A0000042A2C
:10F74000000003280000012A0000012A000003280D
:10F750000000002A0000002A000003280000001812
:10F7600000000028FF03FFFFFF07FF1FFF03FFFF4D
:10F77000FF07FF1FFF03FFFFFF07FF1F4E6F7420F0
:10F7800061626C6520746F20616C6C6F636174657D
:10F790002055415254207265636569766520627513
:10F7A00066666572007075626C69630072616E6492
:10F7B0006F6D007075626C69632D69640072616EB3
:10F7C000646F6D2D696400253032583A2530325807
:10F7D0003A253032583A253032583A253032583AA4
:10F7E00025303258202825732900536563757269C6
:10F7F0007479206368616E6765643A202573206CB4
:10F800006576656C2025750053656375726974793A
:10F81000206661696C65643A202573206C657665A5
:10F820006C20257520657272202564202573005098
:10F83000616972696E67206661696C656420636FD7
:10F840006E6E3A2025732C20726561736F6E2025D1
:10F85000642025730050616972696E6720636F6D63
:10F86000706C657465643A2025732C20626F6E6439
:10F8700065643A20256400506173736B6579206676
:10F880006F722025733A2025303675004469736302
:10F890006F6E6E65637465643A2025732C20726503
:10F8A00061736F6E203078253032782025730050D8
:10F8B0007265737320427574746F6E203020746F9C
:10F8C00020636F6E6669726D2C20427574746F6E62
:10F8D000203120746F2072656A6563742E00436F57
:10F8E0006E6E656374696F6E206661696C65642C09
:10F8F00020657272203078253032782025730043DD
:10F900006F6E6E6563746564202573005061697263
:10F91000696E672063616E63656C6C65643A20256F
:10F920007300526563656976656420646174612063
:10F9300066726F6D3A202573004E6F742061626CA1
:10F940006520746F20616C6C6F6361746520554134
:10F9500052542073656E6420646174612062756620
:10F96000666572004661696C656420746F2073651A
:10F970006E642064617461206F7665722055415217
:10F9800054004661696C656420746F2073656E6411
:10F990002064617461206F76657220424C4520635B
:10F9A0006F6E6E656374696F6E00436F6E6E656334
:10F9B00074696F6E206F626A656374206176616935
:10F9C0006C61626C652066726F6D2070726576691D
:10F9D0006F757320636F6E6E2E20446973636F6E54
:10F9E0006E65637420697320636F6D706C657465F8
:10F9F00021004E756D65726963204D617463682CDA
:10FA000020636F6E6E202570004E756D65726963A0
:10FA10002052656A6563742C20636F6E6E202570BA
:10FA2000004164766572746973696E672066616906
:10FA30006C656420746F2073746172742028657221
:10FA40007220256429004164766572746973696E59
:10FA500067207375636365737366756C6C79207367
:10FA60007461727465640043616E6E6F7420696EB8
:10FA7000697420627574746F6E7320286572723AAF
:10FA8000202564290043616E6E6F7420696E69746D
:10FA9000204C45447320286572723A202564290061
:10FAA00043616E6E6F7420696E697469616C697A06
:10FAB0006520554152542063616C6C6261636B0038
:10FAC0005374617274696E67204E6F72646963204B
:10FAD0005541525420736572766963652073616D78
:10FAE000706C650D0A0043616E6E6F7420646973FB
:10FAF000706C61792077656C636F6D65206D6573DF
:10FB00007361676520286572723A20256429004375
:10FB1000616E6E6F7420656E61626C6520756172D6
:10FB20007420726563657074696F6E2028657272E7
:10FB30003A20256429004661696C656420746F2051
:10FB4000726567697374657220617574686F726934
:10FB50007A6174696F6E2063616C6C6261636B7350
:10FB60002E20286572723A20256429004661696C4E
:10FB7000656420746F2072656769737465722061B3
:10FB80007574686F72697A6174696F6E20696E66E8
:10FB90006F2063616C6C6261636B732E20286572E9
:10FBA000723A2025642900426C7565746F6F746821
:10FBB00020696E697469616C697A6564004661697F
:10FBC0006C656420746F20696E697469616C697A10
:10FBD000652055415254207365727669636520280B
:10FBE0006572723A202564290048656C6C6F206646
:10FBF000726F6D206368697000626C655F7772690F
:10FC000074655F7468726561645F696400694C6102
:10FC1000622D4265616D666F726D657250726F74B0
:10FC20006F007065726970686572616C5F75617292
:10FC30007400574553545F544F504449522F7A65CE
:10FC4000706879722F6C69622F686561702F6865C2
:10FC500061702E63006368756E6B5F7573656428F1
:10FC6000682C20632900415353455254494F4E207C
:10FC70004641494C205B25735D20402025733A2581
:10FC8000640A0009756E6578706563746564206840
:10FC90006561702073746174652028646F75626C8F
:10FCA000652D667265653F2920666F72206D656DF2
:10FCB0006F72792061742025700A006C6566745F2C
:10FCC0006368756E6B28682C2072696768745F635F
:10FCD00068756E6B28682C20632929203D3D2063C0
:10FCE0000009636F72727570746564206865617075
:10FCF00020626F756E647320286275666665722077
:10FD00006F766572666C6F773F2920666F72206D23
:10FD1000656D6F72792061742025700A00627974B4
:10FD20006573203E20686561705F666F6F746572F1
:10FD30005F62797465732862797465732900096854
:10FD40006561702073697A6520697320746F6F2014
:10FD5000736D616C6C0A00686561705F737A203E38
:10FD6000206368756E6B737A2873697A656F66288D
:10FD7000737472756374207A5F68656170292900F5
:10FD80006368756E6B305F73697A65202B206D69CF
:10FD90006E5F6368756E6B5F73697A65286829208A
:10FDA0003C3D20686561705F737A00574553545F2E
:10FDB000544F504449522F7A65706879722F6C699C
:10FDC000622F6F732F63627072696E74665F706109
:10FDD000636B616765642E630009537472696E67B3
:10FDE000207769746820746F6F206D616E7920616F
:10FDF0007267756D656E74730A00097374725F7053
:10FE000074725F706F735B5D20746F6F20736D61D0
:10FE10006C6C0A0009756E657870656374656420A2
:10FE200073697A652025750A0009746F6F206D610A
:10FE30006E7920666F726D617420617267730A005B
:10FE4000696E5F7061636B6167656420213D202886
:10FE500028766F6964202A2930290028756E736915
:10FE6000676E6564292063686172202A2075736556
:10FE70006420666F722025257020617267756D653C
:10FE80006E742E2049742773207265636F6D6D65E3
:10FE90006E64656420746F206361737420697420DC
:10FEA000746F20766F6964202A20626563617573C0
:10FEB00065206974206D6179206361757365206DBB
:10FEC00069736265686176696F7220696E20636527
:10FED000727461696E20636F6E66696775726174B2
:10FEE000696F6E732E20537472696E673A222573A0
:10FEF0002220617267756D656E743A2564007363C4
:10FF000070795F636E74203C2073697A656F662830
:10FF10006370795F7374725F706F7329006B6565CE
:10FF2000705F636E74203C2073697A656F66286B1E
:10FF30006565705F7374725F706F732900636270C0
:10FF400072696E74665F7061636B616765005745C7
:10FF500053545F544F504449522F7A6570687972F8
:10FF60002F696E636C7564652F7A65706879722F7E
:10FF70006B65726E656C2E6800216B5F69735F70D4
:10FF800072655F6B65726E656C282900096B5F6333
:10FF9000757272656E745F6765742063616C6C6501
:10FFA00064207072652D6B65726E656C0A00574532
:10FFB00053545F544F504449522F7A657068797298
:10FFC0002F6C69622F6F732F6D7073635F70627532
:10FFD000662E6300574553545F544F504449522F87
:10FFE0007A65706879722F696E636C7564652F7AB3
:10FFF00065706879722F7370696E6C6F636B2E68B1
:020000023000CC
:10000000007A5F7370696E5F6C6F636B5F76616CB3
:100010006964286C290009496E76616C69642073F3
:1000200070696E6C6F636B2025700A007A5F737065
:10003000696E5F756E6C6F636B5F76616C69642867
:100040006C2900094E6F74206D79207370696E6C95
:100050006F636B2025700A007379735F6765746F37
:10006000707400574553545F544F504449522F7A8F
:1000700065706879722F6C69622F7574696C732F63
:100080006F6E6F66662E63007374617465203D3D0C
:1000900020305500217379735F736C6973745F69E5
:1000A000735F656D70747928266D67722D3E636C81
:1000B00069656E747329007472616E7369742021AE
:1000C0003D202828766F6964202A2930290073741E
:1000D000617465203D3D202831554C203C3C202852
:1000E000312929006D67722D3E72656673203D3D92
:1000F0002030007374617465203D3D202831554CDB
:10010000203C3C202830292900574553545F544F48
:10011000504449522F7A65706879722F6C69622F4A
:100120007574696C732F6E6F746966792E630049FC
:100130006E76616C6964206673007A6D73206E6FF1
:100140007420696E697469616C697A656400436FD3
:10015000756C64206E6F74206F627461696E2066C6
:100160006C61736820706172616D65746572730093
:10017000556E737570706F727465642077726974F0
:100180006520626C6F636B2073697A6500496E76D7
:10019000616C696420736563746F722073697A653A
:1001A0002C2073686F756C64206265206174206C0C
:1001B0006561737420257A7500436F6E6669677593
:1001C000726174696F6E206572726F72202D207378
:1001D0006563746F7220636F756E742062656C6FF7
:1001E00077206D696E696D756D20726571756972C4
:1001F000656D656E7420283229005A4D532056656E
:100200007273696F6E206973206E6F7420737570DE
:10021000706F7274656400257520536563746F7226
:1002200073206F6620257520627974657300616C98
:100230006C6F63207772613A20256C6C752C2025D9
:100240006C6C780064617461207772613A20256C6F
:100250006C752C20256C6C78004E6F204743204431
:100260006F6E65206D61726B657220666F756E646E
:100270003A2072657374617274696E6720676300F7
:10028000474320446F6E65206D61726B6572206616
:100290006F756E64004661696C656420746F2063DD
:1002A0006C6F73652074686520736563746F722C5E
:1002B0002072657475726E6564203D202564004768
:1002C00061726261676520636F6C6C656374696FEE
:1002D0006E206661696C65642C2072657475726E3F
:1002E0006564203D2025640066735F7A6D73006C41
:1002F0006F6767696E6700574553545F544F5044AA
:1003000049522F7A65706879722F737562737973A9
:100310002F6C6F6767696E672F6C6F675F636F72B3
:10032000652E63006C6F675F6261636B656E645F0F
:10033000636F756E745F6765742829203C202828D8
:100340003332202F20335529202D202831202B20F7
:10035000302929006261636B656E64203C3D205F3B
:100360006C6F675F6261636B656E645F6C69737409
:100370005F656E640009756E6578706563746564A9
:10038000206C69737420656E64206C6F636174699E
:100390006F6E0A006C6F675F6261636B656E645FAE
:1003A000636F756E745F6765742829203E20300086
:1003B0006C6F67006C6F675F6D676D74004D657380
:1003C00073616765202822257322292064726F706B
:1003D000706564206265636175736520697420656A
:1003E0007863656564732073697A65206C696D69EB
:1003F000746174696F6E2028257529005745535420
:100400005F544F504449522F7A65706879722F7348
:1004100075627379732F6C6F6767696E672F6C6F86
:10042000675F6D73672E63006C656E203E3D203004
:1004300000574553545F544F504449522F7A6570CA
:100440006879722F7375627379732F6C6F67676940
:100450006E672F6C6F675F6F75747075742E6300B5
:100460006F75745F6374782D3E636F6E74726F6C1A
:100470005F626C6F636B2D3E6F6666736574203CC4
:100480003D206F75745F6374782D3E73697A6500E3
:100490001B5B306D006C6576656C203C3D20340044
:1004A000257320005B2530386C755D20005B25309E
:1004B00032753A253032753A253032752E25303373
:1004C000752C253033755D200025732F003C257376
:1004D0003E200025733A2000657272203E3D203098
:1004E00000253032782000202020007C0025630089
:1004F000206D657373616765732064726F707065DA
:1005000064202D2D2D0D0A1B5B306D001B5B313BD4
:1005100033316D2D2D2D20001B5B313B33316D00B0
:100520001B5B313B33336D006572720077726E0076
:10053000696E6600646267006C6F675F6261636B1F
:10054000656E645F72747400574553545F544F5026
:100550004449522F7A65706879722F737562737986
:10056000732F73657474696E67732F7372632F735F
:10057000657474696E67732E63006368203C3D2068
:100580005F73657474696E67735F68616E646C65D0
:10059000725F7374617469635F6C6973745F656EB5
:1005A00064007365742D76616C7565206661696C95
:1005B0007572652E206B65793A20257320657272FD
:1005C0006F722825642900574553545F544F504497
:1005D00049522F7A65706879722F737562737973D7
:1005E0002F73657474696E67732F7372632F7365ED
:1005F0007474696E67735F7A6D732E630072632023
:100600003C2073697A656F662872646E616D652936
:10061000004D6178696D756D206861736820636F46
:100620006C6C6973696F6E73207265616368656471
:10063000004C696E6B6564206C69737420666F7220
:10064000206861736865732069732062726F6B65DF
:100650006E2C20547279696E6720746F2072656306
:100660006F766572002A2A2A20426F6F74696E675E
:10067000204D79204170706C69636174696F6E20E0
:1006800076332E332E312D3435386533346432379A
:10069000623966202A2A2A0A002A2A2A20557369E2
:1006A0006E67206E524620436F6E6E6563742053F2
:1006B000444B2076332E332E312D31643761306236
:1006C000306534396238202A2A2A0A002A2A2A2048
:1006D0005573696E67205A6570687972204F532090
:1006E00076342E332E39392D33376536633238352B
:1006F00037366565202A2A2A0A00029ECADC240EA3
:10070000E5A9E093F3A3B50200406E029ECADC2483
:100710000EE5A9E093F3A3B50200406E029ECADC89
:10072000240EE5A9E093F3A3B50300406E029ECA30
:10073000DC240EE5A9E093F3A3B50300406E029E0E
:10074000CADC240EE5A9E093F3A3B50100406E6274
:10075000745F6E75730072302F61313A20203078EB
:1007600025303878202072312F61323A20203078BD
:1007700025303878202072322F61333A20203078AB
:10078000253038780072332F61343A2020307825B4
:10079000303878207231322F69703A202030782535
:1007A000303878207231342F6C723A20203078251E
:1007B0003038780020787073723A202030782530F5
:1007C0003878004661756C74696E6720696E737461
:1007D00072756374696F6E206164647265737320EF
:1007E000287231352F7063293A20307825303878D7
:1007F00000556E68616E646C6564204952516E3AB2
:10080000202564002A2A2A2A2A204D5055204641B4
:10081000554C54202A2A2A2A2A0020205374616326
:100820006B696E67206572726F722028636F6E74D9
:100830006578742061726561206D696768742062F3
:1008400065206E6F742076616C69642900202055E4
:100850006E737461636B696E67206572726F72008C
:10086000202044617461204163636573732056697D
:100870006F6C6174696F6E0020204D4D46415220AF
:10088000416464726573733A2030782578002020C3
:10089000496E737472756374696F6E20416363652A
:1008A00073732056696F6C6174696F6E0020204607
:1008B0006C6F6174696E672D706F696E74206C6106
:1008C0007A792073746174652070726573657276CD
:1008D0006174696F6E206572726F72005745535470
:1008E0005F544F504449522F7A65706879722F6176
:1008F0007263682F61726D2F636F72652F636F7201
:100900007465785F6D2F6661756C742E63002128A5
:1009100028285343425F54797065202A29202828CB
:1009200030784530303045303030554C29202B2040
:10093000307830443030554C2920292D3E434653E1
:10094000522026202831554C203C3C202830552070
:100950002B2034552929290009537461636B696E72
:1009600067206F7220446174612041636365737313
:100970002056696F6C6174696F6E206572726F7258
:1009800020776974686F757420737461636B206776
:10099000756172642C20757365722D6D6F646520AE
:1009A0006F72206E756C6C2D706F696E746572203D
:1009B000646574656374696F6E0A0A002A2A2A2ABC
:1009C0002A205553414745204641554C54202A2A58
:1009D0002A2A2A0020204469766973696F6E206292
:1009E00079207A65726F002020556E616C69676EA0
:1009F0006564206D656D6F727920616363657373E3
:100A0000002020537461636B206F766572666C6F93
:100A1000772028636F6E7465787420617265612039
:100A20006E6F742076616C6964290020204E6F20FF
:100A3000636F70726F636573736F7220696E737426
:100A400072756374696F6E73002020496C6C656702
:100A5000616C206C6F6164206F66204558435F5263
:100A6000455455524E20696E746F2050430020202B
:100A7000496C6C6567616C20757365206F662074C6
:100A800068652045505352002020417474656D7094
:100A90007420746F206578656375746520756E6465
:100AA0006566696E656420696E73747275637469D6
:100AB0006F6E002A2A2A2A2A204255532046415581
:100AC0004C54202A2A2A2A2A002020537461636B5E
:100AD000696E67206572726F7200202050726563C4
:100AE0006973652064617461206275732065727238
:100AF0006F72002020424641522041646472657347
:100B0000733A2030782578002020496D7072656333
:100B10006973652064617461206275732065727207
:100B20006F72002020496E737472756374696F6E02
:100B300020627573206572726F7200526573657200
:100B400076656420457863657074696F6E2028004F
:100B500053707572696F757320696E746572727502
:100B6000707420284952512000535053454C20693D
:100B70006E20746872656164206D6F646520646FB7
:100B80006573206E6F7420696E646963617465209B
:100B90005053500065736620213D202828766F69E8
:100BA00064202A293029000945534620636F756C5B
:100BB00064206E6F74206265207265747269657658
:100BC0006564207375636365737366756C6C792EE9
:100BD000205368616C6C206E65766572206F63636C
:100BE00075722E0A002A2A2A2A2A204841524420B5
:100BF0004641554C54202A2A2A2A2A002020427590
:100C000073206661756C74206F6E20766563746FF7
:100C100072207461626C65207265616400202044FA
:100C200065627567206576656E7400202046617583
:100C30006C7420657363616C6174696F6E202873D6
:100C400065652062656C6F772900415243485F45B6
:100C50005843455054207769746820726561736FFA
:100C60006E2025780A00094661756C7420657363EF
:100C7000616C6174696F6E20776974686F75742038
:100C800046535220696E666F0A00094861726446D5
:100C900061756C7420776974686F75742048465369
:100CA0005220696E666F205368616C6C206E6576A9
:100CB0006572206F636375720A002A2A2A2A2A2025
:100CC0004465627567206D6F6E69746F7220657818
:100CD00063657074696F6E202A2A2A2A2A002A2ADC
:100CE0002A2A2A20257320256429202A2A2A2A2A0A
:100CF00000574553545F544F504449522F7A657002
:100D00006879722F617263682F61726D2F636F72E1
:100D1000652F636F727465785F6D2F6972715F6D97
:100D2000616E6167652E63007072696F203C3D20C3
:100D3000282831554C203C3C2028332929202D20BF
:100D400031290009696E76616C6964207072696F7F
:100D50007269747920256420666F72202564206989
:100D60007271212076616C756573206D75737420C6
:100D70006265206C657373207468616E20256C75E4
:100D80000A0A006D7075004661696C656420746FB5
:100D900020616C6C6F63617465206E6577204D50C7
:100DA0005520726567696F6E2025750A0050617263
:100DB000746974696F6E2025753A2073616E697469
:100DC0007920636865636B206661696C65642E00D9
:100DD000496E76616C696420756E6465726C7969C0
:100DE0006E6720726567696F6E20696E6465782032
:100DF000257500574553545F544F504449522F7A3C
:100E000065706879722F617263682F61726D2F63EC
:100E10006F72652F6D70752F61726D5F6D70752EBD
:100E2000630009436F6E6669677572696E67202596
:100E30007520737461746963204D50552072656725
:100E4000696F6E73206661696C65640A0A00094DFA
:100E500061726B696E672025752061726561732010
:100E6000666F722064796E616D696320726567696F
:100E70006F6E73206661696C65640A0A00095265C9
:100E8000717565737420746F20636F6E6669677522
:100E900072653A20257520726567696F6E73202828
:100EA000737570706F727465643A202575290A0A2B
:100EB000002128726567696F6E5B6964785D2E64D6
:100EC000745F617474722026202831554C203C3C9C
:100ED000202830292929000952414D5F4E4F4341B6
:100EE00043484520776974682044545F4D454D5F01
:100EF000434143484541424C4520617474726962E4
:100F00007574650A0A00094661696C656420746F2E
:100F100020616C6C6F63617465204D505520726563
:100F200067696F6E732066726F6D2044540A0A0001
:100F3000464C4153485F30005352414D5F3000579B
:100F40004553545F544F504449522F7A6570687925
:100F5000722F6C69622F6C6962632F7069636F6CAA
:100F60006962632F6173736572742E6300657869BB
:100F70007400574553545F544F504449522F7A657B
:100F8000706879722F6C69622F6E65745F62756626
:100F90002F6275662E63006275662D3E667261670C
:100FA00073203D3D202828766F6964202A29302946
:100FB000007265715F73697A65203C3D2073697AC0
:100FC00065006275662D3E72656600096275662071
:100FD000257020646F75626C6520667265650A0015
:100FE00066726167006E65745F627566005745538F
:100FF000545F544F504449522F7A65706879722F6C
:101000006C69622F6E65745F6275662F6275665FCC
:1010100073696D706C652E63006275662D3E6C653C
:101020006E203D3D203055006275662D3E6C656E2C
:10103000203E3D206C656E006E65745F6275665F74
:1010400073696D706C655F68656164726F6F6D2840
:1010500062756629203E3D206C656E006E65745F8A
:101060006275665F73696D706C655F7461696C72DF
:101070006F6F6D2862756629203E3D206C656E009D
:101080006E65745F6275665F73696D706C65007321
:101090006F630000FFFFFFFFFFFF00000000000084
:1010A00000FFFFFFFFFFFF000000000000303132B3
:1010B000333435363738396162636465660062748B
:1010C0005F72706100496E73756666696369656E0B
:1010D00074206E756D626572206F6620617267752F
:1010E0006D656E74730049676E6F72696E67206913
:1010F00064656E7469746965732073746F72656476
:1011000020696E20666C61736800496E76616C6957
:1011100064206C656E677468204944206164647261
:1011200065737320696E2073746F72616765006206
:10113000742F25732F2530327825303278253032C0
:101140007825303278253032782530327825752F61
:1011500025730062742F25732F25303278253032A5
:101160007825303278253032782530327825303283
:101170007825750073657474696E67735F73756243
:101180007379735F696E6974206661696C65642048
:1011900028657272202564290062742F2573004629
:1011A00061696C656420746F2073617665204944C1
:1011B00020286572722025642900556E61626C6575
:1011C00020746F20736574757020616E206964658A
:1011D0006E746974792061646472657373006274FB
:1011E0000062745F73657474696E677300425420A3
:1011F0004C572057510002FB349B5F800000800059
:1012000010000000000000574553545F544F5044F5
:1012100049522F7A65706879722F7375627379738A
:101220002F626C7565746F6F74682F686F73742F9D
:101230006275662E630074797065203D3D204254CE
:101240005F4255465F455654207C7C20747970651A
:10125000203D3D2042545F4255465F41434C5F492B
:101260004E207C7C2074797065203D3D2042545F87
:101270004255465F49534F5F494E0009496E7661BA
:101280006C69642062756666657220747970652089
:101290007265717565737465640A00574553545FD0
:1012A000544F504449522F7A65706879722F696E95
:1012B000636C7564652F7A65706879722F626C75DE
:1012C00065746F6F74682F6275662E68006D657443
:1012D000612D3E706172656E740076696577006E8F
:1012E00065745F6275665F68656164726F6F6D28B3
:1012F000706172656E7429203E2030002162745F37
:101300006275665F6861735F766965772870617280
:10131000656E74290062745F6275660062745F6452
:101320006174610044617461206275666665722053
:101330006F766572666C6F7720286C696E6B2074AF
:10134000797065203078253032782900556E6162D9
:101350006C6520746F206C6F6F6B20757020636FED
:101360006E6E20776974682068616E646C652025F4
:101370007500556E61626C6520746F206C6F6F6BC9
:10138000757020636F6E6E20666F722068616E6488
:101390006C6520257500486172647761726520650F
:1013A00072726F722C20686172647761726520635B
:1013B0006F64653A20256400436F756C64206E6F1E
:1013C00074207375626D69742072785F776F726BC9
:1013D0003A2025640062745F74785F70726F636591
:1013E00073736F7200556E61626C6520746F20615B
:1013F0006C6C6F636174652062756666657200551A
:101400006E68616E646C6564206576656E7420300C
:101410007825303278206C656E2025753A2025734A
:1014200000546F6F20736D616C6C202825752062ED
:101430007974657329206576656E7420307825305F
:10144000327800496E76616C6964204843492065B2
:1014500076656E742073697A6520282575290049A0
:101460006E76616C6964204C45206D657461206501
:1014700076656E742073697A652028257529005772
:101480004553545F544F504449522F7A65706879E0
:10149000722F7375627379732F626C7565746F6FD9
:1014A00074682F686F73742F6863695F636F726508
:1014B0002E63006576745F666C6167732026202852
:1014C00031554C203C3C202830292900496E76615A
:1014D0006C696420627566207479706520257500DA
:1014E000496E76616C6964204843492041434C2031
:1014F0007061636B65742073697A6520282575298E
:101500000041434C2064617461206C656E677468AF
:10151000206D69736D617463682028257520213DF5
:101520002025752900556E61626C6520746F2066F8
:10153000696E6420636F6E6E20666F722068616EE4
:10154000646C652025750062745F6863695F657609
:10155000745F6765745F666C616773286864722D79
:101560003E657674292026202831554C203C3C20AD
:101570002831292900556E6B6E6F776E2062756673
:10158000207479706520257500556E68616E646CF5
:1015900065642076656E646F722D7370656369662D
:1015A0006963206576656E74203078253032782046
:1015B0006C656E2025753A202573004E6F20636F91
:1015C0006D6D616E642073656E7420666F7220634A
:1015D0006D6420636F6D706C6574652030782530A4
:1015E0003478004F70436F6465203078253034784C
:1015F00020636F6D706C6574656420696E737465CB
:101600006164206F6620657870656374656420305E
:101610007825303478002162756600696E746572D1
:1016200076616C20657863656564732074686520F5
:1016300076616C69642072616E676520257520751E
:1016400073006C6174656E637920657863656564A9
:1016500073207468652076616C69642072616E67BE
:10166000652030782530347800737570765F746942
:101670006D656F7574206578636565647320746843
:10168000652076616C69642072616E6765203078D0
:1016900025303478004E6F2070656E64696E672067
:1016A0007065726970686572616C20636F6E6E65DB
:1016B0006374696F6E00556E6578706563746564F8
:1016C000207374617475732030782530327820254A
:1016D0007300657674206E756D5F68616E646C650D
:1016E0007320283D25752920746F6F206C61726707
:1016F000652028257A75203E20257529004E6F200B
:10170000636F6E6E656374696F6E20666F722068BA
:10171000616E646C65202575007061636B65747320
:1017200020636F756E74206D69736D6174636800FA
:1017300061746F6D69635F6765742826636F6E6E91
:101740002D3E696E5F6C6C29004661696C65642092
:10175000746F207365742072657175697265642099
:101760007365637572697479206C6576656C004E7B
:101770006F206368616E676520746F20656E6372A9
:10178000797074696F6E2073746174652028656E5A
:101790006372797074203078253032782900756E44
:1017A0006B6E6F776E005B305D004843492074724A
:1017B000616E73706F72743A202573005344430056
:1017C0004964656E7469747925733A2025730049FC
:1017D00064656E746974795B25645D3A20257300D5
:1017E0004843493A2076657273696F6E20257320ED
:1017F0002830782530327829207265766973696FD0
:101800006E203078253034782C206D616E756661DD
:1018100063747572657220307825303478004C4DD1
:10182000503A2076657273696F6E202573202830D8
:101830007825303278292073756276657220307889
:1018400025303478004E6F2049442061646472650D
:1018500073732E20417070206D7573742063616CFA
:101860006C2073657474696E67735F6C6F61642854
:1018700029000925640A00556E61626C6520746F49
:101880002073656E6420746F2064726976657220BF
:1018900028657272202564290009436F6E74726F87
:1018A0006C6C657220756E726573706F6E7369769D
:1018B000652C20636F6D6D616E64206F70636F6463
:1018C00065203078253034782074696D656F7574C3
:1018D0002077697468206572722025640A006F7031
:1018E000636F6465203078253034782073746174B8
:1018F0007573203078253032782025730046616971
:101900006C656420746F207265616420444C4520CE
:101910006D61782064617461206C656E0074785F1D
:101920006F63746574732065786365656473207490
:1019300068652076616C69642072616E6765202538
:10194000750074785F74696D65206578636565649A
:1019500073207468652076616C69642072616E67BB
:1019600065202575006576742D3E737461747573FA
:10197000203D3D2030783030004E6F2070656E6421
:10198000696E6720636F6E6E20666F72207065658A
:1019900072202573004E6F6E2D4C4520636170617F
:1019A000626C6520636F6E74726F6C6C657220641C
:1019B0006574656374656421004E756D206F6620E3
:1019C000436F6E74726F6C6C657227732041434C69
:1019D000207061636B65747320213D2041434C206E
:1019E00062745F636F6E6E5F747820636F6E746590
:1019F0007874732028257520213D20257529004104
:101A0000434C2042522F45445220627566666572EF
:101A100073206E6F7420696E697469616C697A6590
:101A2000640056656E646F7220484349206578747F
:101A3000656E73696F6E73206E6F74206176616975
:101A40006C61626C6500485720506C6174666F72FF
:101A50006D3A2025732028307825303478290048C5
:101A6000572056617269616E743A202573202830C0
:101A7000782530347829004669726D776172653A4D
:101A80002025732028307825303278292056657239
:101A900073696F6E2025752E2575204275696C64FB
:101AA000202575004661696C656420746F2072653D
:101AB000616420737570706F727465642076656EF2
:101AC000646F7220636F6D6D616E6473004661694F
:101AD0006C656420746F207265616420737570702A
:101AE0006F727465642076656E646F7220666561DE
:101AF0007475726573004843492064726976657233
:101B0000206973206E6F742072656164790042549D
:101B10002052582057510048434920647269766525
:101B200072206F70656E206661696C65642028257F
:101B30006429004F7574206F6620636F6D6D616E50
:101B400064206275666665727300556E65787065AF
:101B50006374656420484F53545F4E554D5F434F47
:101B60004D504C455445445F5041434B4554532CD4
:101B70002073746174757320307825303278202595
:101B80007300556E636C65617265642070656E6488
:101B9000696E672073656E745F636D640091FBFB13
:101BA000F3F4FBFBFBFBEA0009090909010209093F
:101BB000090909090909090909070909090909069A
:101BC0000909090909090909090909090909090985
:101BD00005312E306200312E3100312E3200322E8E
:101BE0003000322E3100332E3000342E3000342EAF
:101BF0003100342E3200352E3000352E3100352E96
:101C00003200352E3300352E3400362E3000362E7D
:101C10003100362E3200362E33005374616E64610B
:101C2000726420426C7565746F6F746820636F6EA8
:101C300074726F6C6C65720056656E646F7220739F
:101C40007065636966696320636F6E74726F6C6C34
:101C50006572004669726D77617265206C6F6164B0
:101C600065720052657363756520696D6167650013
:101C70007265736572766564006E52463531780020
:101C80006E5246353278006E5246353378006E52C9
:101C90004635344878006E524635344C7800496EEB
:101CA00074656C20436F72706F726174696F6E003F
:101CB0004E6F726469632053656D69636F6E6475FE
:101CC00063746F72004E58502053656D69636F6E78
:101CD000647563746F7273004573707265737369B2
:101CE000662053797374656D730062745F6863690D
:101CF0005F636F726500636D6420646973616C6C0F
:101D00006F77656400574553545F544F50444952B0
:101D10002F7A65706879722F7375627379732F6289
:101D20006C7565746F6F74682F686F73742F696456
:101D30002E6300636F6E666C69637420213D2028FA
:101D400028766F6964202A29302900636F6E666CDB
:101D50006963742D3E63616E6469646174652021FA
:101D60003D202828766F6964202A29302900726571
:101D7000736964656E7420213D202828766F69643C
:101D8000202A2930290028636F6E666C6963742DE0
:101D90003E63616E6469646174652D3E7374617441
:101DA0006520262042545F4B4559535F49445F41AB
:101DB0004444454429203D3D2030004661696C651E
:101DC0006420746F2064697361626C65206164646F
:101DD00072657373207265736F6C7574696F6E00D2
:101DE0005265736F6C76696E67206C6973742073CB
:101DF000697A652065786365656465642E2053772C
:101E000069746368696E6720746F20686F73742EDD
:101E1000004661696C656420746F20636C65617253
:101E2000207265736F6C7574696F6E206C69737462
:101E3000004661696C656420746F206164642049A8
:101E4000524B20746F20636F6E74726F6C6C65728E
:101E5000005365742070726976616379206D6F64D8
:101E60006520636F6D6D616E64206973206E6F74A1
:101E700020737570706F72746564004661696C657B
:101E80006420746F20736574207072697661637961
:101E9000206D6F64650062745F6465762E6C652EDC
:101EA000726C5F656E7472696573203E2030004409
:101EB000697361626C696E672061646472657373D3
:101EC000207265736F6C7574696F6E206661696CE2
:101ED0006564202865727220256429004661696C5A
:101EE000656420746F2072656D6F76652049524B72
:101EF0002066726F6D20636F6E74726F6C6C6572AA
:101F0000004F6E6C792072616E646F6D2073746126
:101F1000746963206964656E7469747920616464AE
:101F20007265737320737570706F727465640049A5
:101F30006E76616C696420696E7075742070617270
:101F4000616D6574657273004661696C65642074C7
:101F50006F2072656164207075626C6963206164D2
:101F600064726573730052656164205374617469AF
:101F7000632041646472657373657320636F6D6D74
:101F8000616E64206E6F7420617661696C61626C51
:101F900065004661696C656420746F2072656164D8
:101FA000207374617469632061646472657373651E
:101FB00073004E6F2073746174696320616464728E
:101FC00065737365732073746F72656420696E2026
:101FD000636F6E74726F6C6C65720043616E277410
:101FE0002073657420626F7468204944454E5449DB
:101FF00054592026204E5250410062745F6964009B
:10200000546F6F20626967206164766572746973CA
:10201000696E672064617461004661696C65642063
:10202000746F207374617274206164766572746970
:10203000736572004661696C656420746F20737407
:102040006F70206164766572746973696E673A2097
:1020500025640062745F61647600574553545F5491
:102060004F504449522F7A65706879722F696E63B8
:102070006C7564652F7A65706879722F7379732F28
:10208000627974656F726465722E680028287073B7
:102090007263203C2070647374202626202870739D
:1020A0007263202B206C656E67746829203C3D208C
:1020B0007064737429207C7C202870737263203EC6
:1020C0002070647374202626202870647374202B7B
:1020D000206C656E67746829203C3D2070737263C4
:1020E00029290009536F7572636520616E6420644D
:1020F000657374696E6174696F6E2062756666657A
:102100007273206D757374206E6F74206F766572B4
:102110006C61700A004661696C656420746F2067A9
:10212000656E657261746520454343206B65792057
:102130002564004661696C656420746F2065787061
:102140006F727420454343207075626C6963206B25
:102150006579202564004661696C656420746F2090
:102160006578706F727420454343207072697661A0
:102170007465206B6579202564004661696C65642F
:1021800020746F2064657374726F79204543432017
:102190006B6579204944202564004661696C65645B
:1021A00020746F20696D706F727420746865207080
:1021B000726976617465206B657920666F72206B39
:1021C00065792061677265656D656E7420256400B0
:1021D000526177206B65792061677265656D656E08
:1021E00074206661696C6564202564004661696CD1
:1021F000656420746F2064657374726F79207468ED
:1022000065206B6579202564007073615F696D706E
:102210006F72745F6B657928292072657475726EB0
:10222000656420737461747573202564004275734E
:102230007920706572666F726D696E6720616E6F6E
:10224000746865722045434448206F7065726174FC
:10225000696F6E00E69D350E480103CCDBFDF4ACE2
:102260001191F4EFB9A5F9E9A7832C5E2CBE97F282
:10227000D203B0208BD28915D08E1C742430ED8F00
:10228000C24563765C15525ABF9A32636DEB2A657C
:10229000499C80DC62745F65636300574553545FFB
:1022A000544F504449522F7A65706879722F737574
:1022B000627379732F626C7565746F6F74682F68C1
:1022C0006F73742F636F6E6E2E63006362203C3DEC
:1022D000205F62745F636F6E6E5F63625F6C6973D1
:1022E000745F656E640074780069735F61636C5F2E
:1022F000636F6E6E28636F6E6E29004661696C6550
:102300006420726561642072656D6F746520666516
:10231000617475726573202825642900504859201E
:10232000307825303278206E6F7420737570706F3E
:1023300072746564004661696C656420746F207313
:1023400065742064617461206C656E2028256429A1
:10235000006B5F63757272656E745F6765742829C0
:10236000203D3D206B5F776F726B5F7175657565A2
:102370005F7468726561645F6765742874785F6E06
:102380006F746966795F776F726B71756575655F7C
:102390006765742829290009636F756C646E27745A
:1023A000207375626D697420286572722025642916
:1023B0000A00556E6578706563746564206669729D
:1023C0007374204C32434150206672616D65005534
:1023D0006E6578706563746564204C3243415020AB
:1023E000636F6E74696E756174696F6E004E6F74A1
:1023F00020656E6F7567682062756666657220730A
:102400007061636520666F72204C324341502064D6
:1024100061746100556E6578706563746564204110
:10242000434C20666C616773202830782530327801
:10243000290041434C206C656E206D69736D617499
:10244000636820282575203E202575290009496EDE
:1024500076616C696420636F6E6E656374696F6E1C
:10246000207265666572656E63650A006F6C642034
:102470003E20300009436F6E6E207265666572659E
:102480006E636520636F756E7465722069732030AA
:102490000A0021636F6E6E5F74785F69735F7065A9
:1024A0006E64696E67000974785F636F6D706C6548
:1024B00074655F776F726B2069732070656E6469F5
:1024C0006E67207768656E20636F6E6E206973207B
:1024D0006465616C6C6F63617465640A0028756E75
:1024E0006B6E6F776E29006E6F207472616E736908
:1024F00074696F6E20257300496E76616C69642083
:1025000028257529206F6C642073746174650063DD
:102510006F6E6E202570206661696C656420746F33
:102520002065737461626C6973682E205246206E58
:102530006F6973653F006E6F2076616C6964202857
:102540002575292073746174652077617320736524
:102550007400696E636F6D70617469626C65206888
:10256000616E646C65202575002828636F6E6E2986
:1025700020262620282875696E747074725F74296D
:102580002861636C5F636F6E6E732929203C3D2068
:10259000282875696E747074725F742928636F6E71
:1025A0006E292920262620282875696E7470747279
:1025B0005F742928636F6E6E2929203C20282875B6
:1025C000696E747074725F742928262861636C5F69
:1025D000636F6E6E73295B282873697A655F74294F
:1025E000282828696E742973697A656F662863687C
:1025F00061725B31202D202832202A202128215F82
:102600005F6275696C74696E5F74797065735F631E
:102610006F6D70617469626C655F70285F5F74795B
:1026200070656F665F5F2861636C5F636F6E6E736A
:10263000292C205F5F747970656F665F5F2826289C
:1026400061636C5F636F6E6E73295B305D2929294E
:10265000295D29202D203129202B202873697A65B6
:102660006F662861636C5F636F6E6E7329202F2025
:1026700073697A656F66282861636C5F636F6E6E3D
:1026800073295B305D292929295D292920262620E7
:1026900028282875696E747074725F742928636FB6
:1026A0006E6E2929202D20282875696E7470747229
:1026B0005F74292861636C5F636F6E6E73292929CB
:1026C00020252073697A656F66282861636C5F63D3
:1026D0006F6E6E73295B305D29203D3D20302900EF
:1026E00009496E76616C69642062745F636F6E6E17
:1026F00020706F696E7465720A00216B5F69735F89
:10270000696E5F69737228290054696D656F75740D
:10271000206469736361726465642E204E6F206269
:102720006C6F636B696E6720696E20737973777164
:102730002E0009496E76616C696420636F6E6E20AD
:10274000747970652025750A00746D7020213D2014
:10275000636F6E6E007072657620213D2026636F78
:102760006E6E2D3E5F636F6E6E5F726561647900A1
:10277000094E6F20636F6E74726F6C6C65722062AD
:102780007566730A00094E6F20545820636F6E748B
:102790006578740A0030207C7C20286275662D3EA6
:1027A000726566203D3D203129207C7C20286275A1
:1027B000662D3E726566203D3D20322900216274FF
:1027C0005F6275665F6861735F76696577286F75AC
:1027D000747369646529006672616720213D202851
:1027E00028766F6964202A2930290009496E7661AC
:1027F0006C696420636F6E6E656374696F6E2074BC
:102800007970652025750A00466174616C206572D7
:10281000726F7220282564292E20446973636F6EBD
:102820006E656374696E6720257000466F756E640F
:102830002076616C696420636F6E6E656374696F86
:102840006E2028257029207769746820616464727D
:1028500065737320257320696E202573207374615E
:102860007465200053656E64204C45207061726170
:102870006D20757064617465206661696C656420A3
:1028800028657272202564290053656E6420617585
:10289000746F204C4520706172616D2075706461A9
:1028A0007465206661696C656420286572722025F4
:1028B000642900646973636F6E6E65637465640098
:1028C000646973636F6E6E6563742D636F6D706C96
:1028D000657465007363616E2D6265666F72652D48
:1028E000696E6974696174696E6700696E6974699B
:1028F0006174696E672D66696C7465722D6C69739D
:1029000074006164762D636F6E6E65637461626CD2
:1029100065006164762D6469722D636F6E6E656308
:102920007461626C6500646973636F6E6E65637475
:10293000696E670062745F636F6E6E005745535433
:102940005F544F504449522F7A65706879722F73E3
:1029500075627379732F626C7565746F6F74682F0D
:10296000686F73742F6C326361702E630073203D47
:102970003D20266C655F6368616E2D3E5F706475F7
:102980005F726561647900556E61626C6520746F79
:1029900020616C6C6F636174652062756666657238
:1029A00020666F72206F7020307825303278004EAC
:1029B0006F20617661696C61626C65204C324341C5
:1029C0005020636F6E7465787420666F7220636F39
:1029D0006E6E20257000457870656374696E67209F
:1029E000757020746F20256420726566732C2067D3
:1029F0006F7420256400636F6E6E2D3E7374617476
:102A000065203D3D2042545F434F4E4E5F434F4E45
:102A10004E454354454400616C7265616479206899
:102A20006176652076696577206F6E202570006677
:102A300069666F5F706475203D3D20706475002885
:102A4000666368616E2D3E636964203E3D20307888
:102A50003030303120262620666368616E2D3E635B
:102A60006964203C3D2030783030336629000943CA
:102A70004944202575206973206E6F7420696E208B
:102A8000746865206669786564206368616E6E6548
:102A90006C2072616E67650A006368616E203D3D5F
:102AA000202828766F6964202A2930290009466980
:102AB000786564206368616E6E656C207769746800
:102AC0002043494420257520616C7265616479203A
:102AD0006578697374730A00666368616E203C3DB3
:102AE000205F62745F6C326361705F6669786564F1
:102AF0005F6368616E5F6C6973745F656E64004CE0
:102B000032434150206C656E677468206D69736D47
:102B1000617463682028257520213D2025752900D2
:102B2000496E76616C6964206964656E74207661B3
:102B30006C756520696E204C3243415020504455DD
:102B400000496E76616C6964204C4520636F6E6E3F
:102B500020706172616D207273702073697A6520D4
:102B600028257520213D20257A75290052656A6542
:102B70006374696E6720756E6B6E6F776E204C3272
:102B80004341502050445520636F646520307825C0
:102B900030327800546F6F20736D616C6C204C3252
:102BA000434150207369676E616C696E67205044C1
:102BB0005500546F6F20736D616C6C204C32434133
:102BC00050205044552072656365697665640049FC
:102BD000676E6F72696E67206461746120666F72E0
:102BE00020756E6B6E6F776E206368616E6E656CBC
:102BF0002049442030782530347800636F6E666950
:102C0000670062745F6C32636170004661696C6575
:102C10006420746F207375626D6974206174745FD1
:102C200074785F64657374726F795F776F726B3AF3
:102C300020256400574553545F544F504449522F48
:102C40007A65706879722F7375627379732F626C0D
:102C50007565746F6F74682F686F73742F61747407
:102C60002E63006E65745F6275665F706F6F6C5F78
:102C7000676574286275662D3E706F6F6C5F69645E
:102C800029203D3D20266174745F706F6F6C004198
:102C90005454206368616E6E656C206E6F7420639F
:102CA0006F6E6E6563746564006275662D3E6C655B
:102CB0006E203E3D2073697A656F66287374727565
:102CC00063742062745F6174745F68647229004584
:102CD00072726F72207369676E696E6720646174C7
:102CE000610052616E206F7574206F662054582009
:102CF00062756666657273206F7220636F6E7465AD
:102D00007874732E00556E61626C6520746F206359
:102D10007265617465206572722072737020504410
:102D20005500415454204D545520657863656564C1
:102D300065642C206D61782025752C2077616E7478
:102D4000656420257A7500556E61626C6520746F2C
:102D50002063726561746520727370205044550061
:102D6000546F6F20736D616C6C204154542050443B
:102D70005520726563656976656400556E68616E9D
:102D8000646C65642041545420636F64652030781E
:102D90002530327800496E76616C6964206C656E0E
:102DA00020257520666F7220636F6465203078255A
:102DB00030327800556E61626C6520746F206372EA
:102DC0006561746520555549443A2073697A6520D8
:102DD000257500556E61626C6520746F20637265A5
:102DE00061746520555549443A2073697A652025F8
:102DF00064004E6F20617661696C61626C65204190
:102E0000545420636F6E7465787420666F7220630B
:102E10006F6E6E202570004E6F20617661696C6167
:102E2000626C6520415454206368616E6E656C204D
:102E3000666F7220636F6E6E202570004E6F742077
:102E4000636F6E6E656374656400556E61626C6578
:102E500020746F2066696E64204154542063686159
:102E60006E6E656C00476F74206572722025642C4D
:102E7000206E6F742063616C6C696E6720415454DE
:102E80002063620009556E6B6E6F776E206F702045
:102E900074797065203078253032580A00466169AF
:102EA0006C656420746F2072652D7375626D697432
:102EB0002025733A202564004E6F2041545420632E
:102EC00068616E6E656C20666F72204D54552025CA
:102ED0007A75004E6F2070656E64696E672041548C
:102EE00054207265717565737400556E61626C650E
:102EF00020746F20637265617465207265747279E5
:102F000020504455202825752900446973636F6E4D
:102F10006E656374696E67206661696C65642028FC
:102F200065727220256429004154542054696D65EE
:102F30006F757420666F72206465766963652025FD
:102F4000732E20446973636F6E6E656374696E6778
:102F50002E2E2E00726571006174745F74785F6448
:102F6000657374726F795F776F726B5F68616E649F
:102F70006C65720062745F61747400434D4143205C
:102F8000757064617465206661696C656420256490
:102F9000004661696C656420746F206465636F64CA
:102FA000652076616C7565202865727220257A64CB
:102FB00029004661696C656420746F2073617665D1
:102FC00020446174616261736520486173682028E0
:102FD0006572722025642900574553545F544F5041
:102FE0004449522F7A65706879722F7375627379CC
:102FF000732F626C7565746F6F74682F686F73746C
:103000002F676174742E6300656C20213D20282891
:10301000766F6964202A293029000943616E27747C
:103020002073617665204346202F2043434320745C
:103030006F20666C6173680A006661696C65642064
:10304000746F2073746F7265205343202865727209
:103050002025642900756E61626C6520746F207391
:103060006176652053433A206E6F20636667206C5B
:1030700065667400546F6F206D616E7920436C69D2
:10308000656E7420436861726163746572697374FC
:10309000696320436F6E66696775726174696F6EEC
:1030A0002E2053656520434F4E4649475F42545F8B
:1030B00053455454494E47535F4343435F53544F22
:1030C00052455F4D41580A00496E76616C69642033
:1030D0006B6579006661696C656420746F20646556
:1030E0006C6574652053432028657272202564291D
:1030F000004661696C656420746F20636C65617261
:1031000020534320256400556E61626C6520746F06
:10311000206465636F646520616464726573732005
:10312000257300496E76616C6964206C6F63616C15
:10313000206964656E7469747920256C7500556E1C
:1031400061626C6520746F20726573746F726520A4
:1031500053433A206E6F20636667206C6566740087
:103160004E6F20737061636520746F2073746F728B
:10317000652043434320636667004E6F2073706190
:10318000636520746F2073746F726520436C69658A
:103190006E7420537570706F72746564204665613B
:1031A000747572657300556E61626C6520746F2072
:1031B000726573746F72652043463A206E6F2063A8
:1031C0006667206C656674004368616E67652D6193
:1031D0007761726520737461747573206E6F7420EB
:1031E000666F756E6420696E2073657474696E67AE
:1031F000732C2064656661756C74696E67207065F8
:1032000065722073746174757320746F20636861D4
:103210006E67652D756E61776172650052656164D8
:10322000206261636B20626164206368616E676520
:103230002D61776172652076616C75653A20307812
:1032400025782C2064656661756C74696E672070E2
:103250006565722073746174757320746F20636880
:10326000616E67652D756E61776172650046616993
:103270006C656420746F2073746F726520436C6991
:10328000656E742046656174757265732028657279
:103290007220256429007374617469635F737663B7
:1032A000203C3D205F62745F676174745F73657278
:1032B000766963655F7374617469635F6C69737465
:1032C0005F656E6400556E61626C6520746F206985
:1032D0006D706F727420746865206B657920666FFD
:1032E000722041455320434D414320256400434D06
:1032F0004143206F7065726174696F6E20696E69F9
:1033000074206661696C656420256400434D414307
:103310002066696E697368206661696C6564202542
:10332000640062742F636363004661696C656420A6
:10333000746F2073746F7265204343437320286554
:103340007272202564290009696E76616C696420B7
:10335000706172616D657465720A0A0061747472DD
:103360000052656164206D6574686F64206E6F74CF
:1033700020736574004661696C656420746F207207
:10338000656164206174747269627574652025706A
:10339000202865727220257A642900496E76616C56
:1033A00069642072656164206C656E6774683A2098
:1033B000257A6400094E6F206D6F72652061747408
:1033C000726962757465730A0A00706172616D7367
:1033D0000009696E76616C696420706172616D6567
:1033E000746572730A0A00706172616D732D3E61BB
:1033F000747472207C7C20706172616D732D3E75D7
:10340000756964002161746F6D69635F74657374BD
:103410005F6269742873632D3E666C6167732C204C
:1034200053435F494E4449434154455F50454E44E0
:10343000494E47290009496E6469636174652061DA
:103440006C72656164792070656E64696E670A00EC
:10345000434343202570206E6F7420777269746136
:10346000626C6500534320726573746F72652069E6
:103470006E6469636174696F6E206661696C65640E
:10348000004661696C656420746F207365742073F5
:103490006563757269747920666F7220626F6E64FD
:1034A0006564207065657220282564290062742F88
:1034B000686173680062742F63660062742F7363BF
:1034C0000062745F6761747400556E61626C6520A0
:1034D000746F2066696E6420534D50206368616E7E
:1034E0006E656C005075626C6963206B6579206E47
:1034F0006F7420617661696C61626C650046616918
:103500006C656420746F2067656E657261746520F8
:1035100044484B65790043616C63756C6174652048
:10352000636F6E6669726D206661696C65640055D3
:103530006E6B6E6F776E2070616972696E67206D59
:103540006574686F6420282575290043616C637574
:103550006C617465204C544B206661696C65640035
:1035600043616C63756C617465206C6F63616C2082
:1035700044484B657920636865636B206661696CBC
:1035800065640043616C63756C6174652072656D80
:103590006F74652044484B657920636865636B20D0
:1035A0006661696C65640052656D6F746520707545
:1035B000626C6963206B65792072656A6563746506
:1035C000640052656D6F7465206973207573696E50
:1035D00067204465627567205075626C6963206B73
:1035E000657900526563656976656420696E766108
:1035F0006C6964207075626C6963206B6579004E3C
:103600006F20617661696C61626C6520534D50205A
:10361000636F6E7465787420666F7220636F6E6E70
:1036200020257000556E61626C6520746F2067659F
:1036300074206B65797320666F722025730057457F
:1036400053545F544F504449522F7A6570687972D1
:103650002F7375627379732F626C7565746F6F74F5
:10366000682F686F73742F736D702E6300507562CE
:103670006C6963206B65792072652D67656E657274
:103680006174696F6E20726571756573742066610F
:10369000696C65642028256429006D757465785F00
:1036A000657272203D3D2030005075626C69632068
:1036B0006B65792067656E65726174696F6E2074E1
:1036C000696D656F75740054686520696E2D707240
:1036D0006F67726573732070616972696E672068C5
:1036E0006173206265656E2064656C657465642134
:1036F00000534D5020646F6573206E6F7420616CB1
:103700006C6F7720612070616972696E67206661F5
:10371000696C757265206174207468697320706FBC
:10372000696E742E204B6E6F776E206973737565AA
:103730002E20446973636F6E6E656374696E6720D3
:10374000696E73746561642E00546F6F20736D61D0
:103750006C6C20534D502050445520726563656950
:1037600076656400534D5020636F6D6D616E64200B
:1037700028636F646520307825303278292072659F
:103780006365697665642061667465722074696D2D
:10379000656F75740052656365697665642072654E
:1037A00073657276656420534D5020636F646520A5
:1037B00030782530327800556E68616E646C6564CF
:1037C00020534D5020636F64652030782530327867
:1037D00000556E657870656374656420534D5020A4
:1037E000636F64652030782530327800496E7661E9
:1037F0006C6964206964656E74697479202573004E
:103800002128736D702D3E72656D6F74655F6469FC
:103810007374202620307830322900526566757323
:10382000696E67206E65772070616972696E672EB8
:1038300020546865206F6C6420626F6E64206D7523
:10384000737420626520756E7061697265642066AC
:10385000697273742E002162745F69645F66696EB9
:10386000645F636F6E666C696374286E65775F6210
:103870006F6E642C2030290070616972696E672058
:103880006661696C65642028706565722072656187
:10389000736F6E203078257829004E6F206B657924
:1038A0007320737061636520666F72202573005307
:1038B0004D502054696D656F75742028666C616782
:1038C000733A30782530387820616C6C6F77656496
:1038D0005F636D64733A30782530387829000005CD
:1038E000061F1F2918120308020305080A00080111
:1038F0000304010504050906070101060608000086
:1039000001000100030100030202010002000000A7
:103910000000020301000362745F736D700057457D
:1039200053545F544F504449522F7A6570687972EE
:103930002F7375627379732F626C7565746F6F7412
:10394000682F686F73742F6B6579732E63006B65D6
:10395000797320213D202828766F6964202A293038
:1039600029006164647220213D202828766F6964F3
:10397000202A2930290066756E6320213D202828E1
:10398000766F6964202A293029004661696C656474
:1039900020746F20726561642076616C75652028E3
:1039A00065727220257A642900556E61626C65200B
:1039B000746F2066696E642064656C65746564204C
:1039C0006B65797320666F72202573004661696CA0
:1039D000656420746F20616C6C6F63617465206B2B
:1039E00065797320666F7220257300496E76616C6D
:1039F0006964206B6579206C656E67746820257A30
:103A00006420213D20257A750044726F7070696EC4
:103A100067206B65797320666F722025732C206E8A
:103A20006F205343204C544B0053746F72656420D5
:103A30006B65797320666F7220257320646F206E2A
:103A40006F74206D617463682063757272656E7443
:103A500020636F6E66696720666C616773206F72A2
:103A60002076657273696F6E00546865206B6579A6
:103A70007320666F722025732061726520646F77F2
:103A80006E67726164656420746F20756E61757411
:103A900068656E746963617465642061732074681D
:103AA0006579206E6F206C6F6E676572206D65653D
:103AB000742061757468656E7469636174696F6E92
:103AC00020726571756972656D656E74730046610B
:103AD000696C656420746F2073617665206B65790D
:103AE000732028657272202564290062742F6B652B
:103AF00079730062745F6B657973006C888391AA37
:103B0000F5A53860370BDB5A6083BE62745F637261
:103B10007970746F004661696C656420746F206908
:103B20006D706F727420414553206B657920256458
:103B3000004661696C656420746F20636F6D7075F9
:103B40007465204D41432025640000070E091C1BAD
:103B50001215383F363124232A2D63616368655F6F
:103B60006E72667800574553545F544F5044495223
:103B70002F7A65706879722F647269766572732F17
:103B8000636C6F636B5F636F6E74726F6C2F636CCB
:103B90006F636B5F636F6E74726F6C5F6E72662EB5
:103BA000630074797065203C20434C4F434B5F4366
:103BB0004F4E54524F4C5F4E52465F545950455FE2
:103BC000434F554E5400636C6F636B40313065302A
:103BD0003030006866636C6B006C66636C6B006809
:103BE00066636C6B32346D00636C6F636B5F636F25
:103BF0006E74726F6C007073612D726E67007272FA
:103C0000616D2D636F6E74726F6C6C6572403530D0
:103C100030346530303000666C6173685F6E726698
:103C20005F7272616D00574553545F544F50444961
:103C3000522F7A65706879722F696E636C7564654E
:103C40002F7A65706879722F647269766572732F46
:103C50006770696F2F6770696F5F7574696C732E19
:103C60006800094E6F2063616C6C6261636B210AAE
:103C70000063616C6C6261636B2D3E68616E646CA5
:103C8000657200094E6F2063616C6C6261636B202A
:103C900068616E646C6572210A00574553545F5425
:103CA0004F504449522F6D6F64756C65732F686176
:103CB0006C2F6E6F726469632F6E7266782F686105
:103CC0006C2F6E72665F6770696F2E68006E726629
:103CD0005F6770696F5F70696E5F70726573656E44
:103CE000745F636865636B282A705F70696E290072
:103CF000574553545F544F504449522F7A6570686A
:103D000079722F647269766572732F6770696F2F8D
:103D10006770696F5F6E7266782E630063622D3E16
:103D200068616E646C6572006770696F4031306104
:103D3000303030006770696F40643836303000676B
:103D400070696F406438323030006770696F403599
:103D5000303430300000010405020608090F5745D1
:103D600053545F544F504449522F7A6570687972AA
:103D70002F647269766572732F73657269616C2F37
:103D8000756172745F6E7266785F75617274652EAC
:103D90006300095458206F6E6C7920554152544588
:103DA00020696E7374616E63650A006E72665F757A
:103DB000617274655F6576656E745F636865636B79
:103DC0002875617274652C204E52465F55415254DD
:103DD000455F4556454E545F454E4452582900753F
:103DE00061727440633630303000756172745F6E9A
:103DF0007266785F756172746500574553545F54FD
:103E00004F504449522F7A65706879722F696E63FA
:103E10006C7564652F7A65706879722F6472697643
:103E20006572732F6770696F2E680028666C616712
:103E300073202620282831554C203C3C2028323144
:103E40002929207C202831554C203C3C2028323226
:103E50002929207C202831554C203C3C2028323315
:103E60002929207C202831554C203C3C2028323404
:103E70002929207C202831554C203C3C20283235F3
:103E80002929207C202831554C203C3C20283236E2
:103E900029292929203D3D20300009496E74657289
:103EA0007275707420666C61677320617265206E34
:103EB0006F7420737570706F727465640A00286681
:103EC0006C616773202620282831203C3C2034294F
:103ED000207C202831203C3C203529292920213DE7
:103EE00020282831203C3C203429207C20283120E7
:103EF0003C3C20352929000950756C6C20557020F8
:103F0000616E642050756C6C20446F776E2073680E
:103F10006F756C64206E6F7420626520656E6162DF
:103F20006C65642073696D756C74616E656F757313
:103F30006C790A00212828666C6167732026202886
:103F400031554C203C3C2028313629292920262671
:103F5000202128666C6167732026202831554C206B
:103F60003C3C202831372929292026262028666C28
:103F70006167732026202831203C3C2031292929E3
:103F80000009496E7075742063616E6E6F742062F3
:103F90006520656E61626C656420666F7220274FD4
:103FA00070656E20447261696E272C20274F706502
:103FB0006E20536F7572636527206D6F6465732083
:103FC000776974686F7574204F75747075740A0022
:103FD00028666C6167732026202831203C3C203104
:103FE000292920213D2030207C7C2028666C6167B7
:103FF000732026202831203C3C20322929203D3DB9
:1040000020300028666C61677320262028283155EF
:104010004C203C3C202831382929207C202831554F
:104020004C203C3C2028313929292929203D3D209C
:1040300030207C7C2028666C616773202620283124
:10404000554C203C3C2028313729292920213D206E
:104050003000094F7574707574206E656564732047
:10406000746F20626520656E61626C656420746F98
:1040700020626520696E697469616C697A65642083
:104080006C6F77206F7220686967680A0028666C19
:10409000616773202620282831554C203C3C20287D
:1040A00031382929207C202831554C203C3C2028BF
:1040B00031392929292920213D20282831554C2012
:1040C0003C3C202831382929207C202831554C209F
:1040D0003C3C2028313929292900094F7574707515
:1040E000742063616E6E6F7420626520696E6974FE
:1040F00069616C697A6564206C6F7720616E6420F9
:10410000686967680A00286366672D3E706F72747D
:104110005F70696E5F6D61736B2026202867706920
:104120006F5F706F72745F70696E735F742928318E
:10413000554C203C3C202870696E29292920213DBE
:104140002030550009556E737570706F7274656418
:104150002070696E0A0028666C616773202620282B
:104160002831554C203C3C202832312929207C2004
:104170002831554C203C3C2028323229292929203D
:10418000213D20282831554C203C3C202832312923
:1041900029207C202831554C203C3C2028323229D3
:1041A0002929000943616E6E6F7420626F74682064
:1041B000656E61626C6520616E6420646973616222
:1041C0006C6520696E74657272757074730A00286C
:1041D000666C616773202620282831554C203C3CB2
:1041E000202832312929207C202831554C203C3C84
:1041F000202832322929292920213D203055000943
:104200004D7573742065697468657220656E6162AE
:104210006C65206F722064697361626C6520696EE1
:1042200074657272757074730A002828666C616711
:10423000732026202831554C203C3C20283232293E
:104240002929203D3D203029207C7C202828666CAF
:104250006167732026202831554C203C3C202832B1
:104260003429292920213D203029207C7C20282820
:10427000666C616773202620282831554C203C3C11
:10428000202832352929207C202831554C203C3CDF
:10429000202832362929292920213D202828315556
:1042A0004C203C3C202832352929207C20283155BF
:1042B0004C203C3C202832362929292900094F6E00
:1042C0006C79206F6E65206F66204750494F5F49BB
:1042D0004E545F4C4F575F302C204750494F5F4939
:1042E0004E545F484947485F312063616E206265E4
:1042F00020656E61626C656420666F722061206C5F
:104300006576656C20696E746572727570742E0ABC
:10431000002828666C6167732026202831554C20C0
:104320003C3C20283232292929203D3D20302920BB
:104330007C7C202828666C61677320262028283121
:10434000554C203C3C202832352929207C2028311E
:10435000554C203C3C202832362929292920213D52
:10436000203029207C7C2028666C61677320262001
:10437000302920213D203000094174206C65617393
:1043800074206F6E65206F66204750494F5F494E1D
:10439000545F4C4F575F302C204750494F5F494E78
:1043A000545F484947485F312068617320746F202B
:1043B000626520656E61626C65642E0A0047504933
:1043C0004F2049525120636F6E66696720666169AC
:1043D0006C65642C206572723A202564004C45445B
:1043E00020696E646578206F7574206F662074682C
:1043F000652072616E6765004661696C6564206462
:10440000697361626C696E6720696E74657272753A
:104410007074730043616E6E6F7420726561642006
:104420006770696F2070696E0043616E6E6F7420F3
:104430007772697465204C4544206770696F00434A
:10444000616E6E6F742064697361626C6520636174
:104450006C6C6261636B730043616E6E6F74206598
:104460006E61626C652063616C6C6261636B73008A
:1044700043616E6E6F7420636F6E666967757265F7
:10448000204C4544206770696F0043616E6E6F7405
:1044900020636F6E66696775726520627574746FEC
:1044A0006E206770696F0043616E6E6F742064697F
:1044B0007361626C652063616C6C6261636B73280D
:1044C000290043616E6E6F74206164642063616CC7
:1044D0006C6261636B00646B5F627574746F6E73A2
:1044E0005F616E645F6C65647300574553545F543D
:1044F0004F504449522F6E72662F737562737973F1
:104500002F626C7565746F6F74682F636F6E747251
:104510006F6C6C65722F6863695F6472697665722F
:104520002E630009536F66744465766963652043A2
:104530006F6E74726F6C6C657220415353455254A8
:104540003A2025732C2025640A0A00574553545FEE
:10455000544F504449522F7A65706879722F696EB2
:10456000636C7564652F7A65706879722F647269FF
:10457000766572732F656E74726F70792E68006144
:1045800070692D3E6765745F656E74726F70792017
:10459000213D202828766F6964202A2930290009C6
:1045A00043616C6C6261636B20706F696E746572DD
:1045B0002073686F756C64206E6F74206265204E86
:1045C000554C4C0A000954686520656E74726F7012
:1045D0007920736F757263652072657475726E658C
:1045E0006420616E206572726F7220696E20612096
:1045F000626C6F636B696E672063616C6C0A005755
:104600004553545F544F504449522F6E72662F6980
:104610006E636C7564652F6D70736C2F6D70736C49
:104620005F776F726B2E6800096B5F776F726B5FDD
:104630007375626D69745F746F5F717565756528F8
:1046400029206661696C65642E0A00536F667444A4
:10465000657669636520436F6E74726F6C6C65720A
:10466000206275696C64207265766973696F6E3A51
:104670002000456E74726F707920736F7572636578
:1046800020646576696365206E6F7420726561646D
:1046900079004661696C656420746F207265676992
:1046A000737465722072616E6420736F75726365D6
:1046B000202825642900416C6C6F63617465642057
:1046C0006D656D6F727920746F6F206C6F773A2013
:1046D000257A75203C202575004576656E7420622C
:1046E000756666657220746F6F20736D616C6C2ED9
:1046F00020257A75203E20257500556E65787065F9
:1047000063746564206D73675F747970653A202502
:10471000752E20546869732069662D656C73652059
:104720006E656564732061206E6577206272616ECC
:10473000636800556E6B6E6F776E206572726F7274
:10474000207768656E2070726F63657373696E673A
:1047500020686369206D6573736167652025640057
:1047600062745F6863695F7364630062745F73643B
:10477000635F6863695F6472697665720062745F23
:104780007364635F63727970746F00574553545F4D
:10479000544F504449522F6E72662F73756273796D
:1047A000732F6D70736C2F696E69742F6D70736CDD
:1047B0005F696E69742E6300094D50534C2041535C
:1047C000534552543A2025732C2025640A0A00656B
:1047D0007272636F6465203D3D203000096B5F7726
:1047E0006F726B5F7363686564756C655F666F722B
:1047F0005F71756575652829206661696C65642E31
:104800000A004D50534C20576F726B006D70736CE3
:104810005F696E697400556E737570706F72746540
:1048200064204846434C4B206576656E743A2025DB
:104830006400574553545F544F504449522F6E7291
:10484000662F647269766572732F6D70736C2F6357
:104850006C6F636B5F636F6E74726F6C2F6E7266DA
:10486000785F636C6F636B5F6D70736C2E630009B0
:104870004E6F7420737570706F727465640A006E89
:104880007266785F636C6F636B5F6D70736C0057FB
:104890004553545F544F504449522F6E72662F64F3
:1048A0007269766572732F6D70736C2F666C6173AD
:1048B000685F73796E632F666C6173685F73796E7E
:1048C000635F6D70736C2E630073657373696F6ED5
:1048D0005F6964203D3D205F636F6E746578742E60
:1048E00073657373696F6E5F696400726574203DF0
:1048F0003D203000096D70736C5F74696D65736C79
:104900006F745F72657175657374206661696C653B
:10491000643A2025640A0009756E657870656374D1
:104920006564207369676E616C3A2025750A006DB5
:1049300070736C5F74696D65736C6F745F736573AE
:1049400073696F6E5F6F70656E206661696C656418
:104950003A202564006B5F73656D5F636F756E74DD
:104960005F67657428265F636F6E746578742E7454
:10497000696D656F75745F73656D29203D3D2030ED
:1049800000666C6173685F73796E635F6D70736CE2
:1049900000574553545F544F504449522F6D6F6434
:1049A000756C65732F68616C2F6E6F726469632F0D
:1049B0006E7266782F68616C2F6E72665F677069C1
:1049C0006F74652E6800696E646578203C2038003D
:1049D000574553545F544F504449522F6D6F64757F
:1049E0006C65732F68616C2F6E6F726469632F6ED4
:1049F0007266782F647269766572732F7372632F93
:104A00006E7266785F6770696F74652E6300705FA1
:104A1000696E7374616E636500705F6368616E6E6A
:104A2000656C0070696E5F6861735F747269676757
:104A3000657228705F696E7374616E63652C207097
:104A4000696E2900696E745F656E61626C65000055
:104A50000A2A3542424242424242424242424200D5
:104A6000010203574553545F544F504449522F6D30
:104A70006F64756C65732F68616C2F6E6F726469FB
:104A8000632F6E7266782F68616C2F6E72665F6737
:104A90007274632E680076616C7565203C3D202839
:104AA00028307846464646554C203C3C2028305518
:104AB0004C2929203E3E202830554C29290076617A
:104AC0006C7565203C3D20282830784646554C20A2
:104AD0003C3C202830554C2929203E3E202830558A
:104AE0004C29290063635F6368616E6E656C203CCE
:104AF00020283132554C2900574553545F544F50AC
:104B00004449522F6D6F64756C65732F68616C2F0B
:104B10006E6F726469632F6E7266782F6472697645
:104B20006572732F7372632F6E7266785F6772742B
:104B3000632E6300705F6368616E5F64617461001F
:104B40002863635F6368616E6E656C203C2028316A
:104B500032554C2929202626202876616C7565203F
:104B60003C3D202830783746464646464646554C1A
:104B7000203C3C202830554C2929290063635F687C
:104B8000203C3D202830784646464646554C203C41
:104B90003C202830554C2929006D5F63622E7374C8
:104BA000617465203D3D204E5246585F4452565F29
:104BB00053544154455F494E495449414C495A4523
:104BC0004400737973636F756E7465725F636865B3
:104BD000636B286368616E6E656C29203D3D2030F3
:104BE000006D5F63622E6368616E6E656C5F646109
:104BF00074615B695D2E6368616E6E656C203D3D1E
:104C00002069647800574553545F544F50444952CB
:104C10002F6D6F64756C65732F68616C2F6E6F728A
:104C20006469632F6E7266782F68616C2F6E72668E
:104C30005F7272616D632E6800705F636F6E66698C
:104C4000672D3E77726974655F627566665F73692A
:104C50007A65203C3D202830783230554C2900546C
:104C600065726D696E616C000000000000005454B4
:104C7000522052454747455300574553545F544FC0
:104C8000504449522F7A65706879722F6B65726E45
:104C9000656C2F6465766963652E63007263203EE0
:104CA0003D202D2830786666292026262072632034
:104CB0003C203000096465766963652025732069AE
:104CC0006E69743A20696E76616C696420657272EF
:104CD0006F7220282564290A0048616C74696E6728
:104CE0002073797374656D00556E6B6E6F776E20EF
:104CF0006572726F72003E3E3E205A4550485952CE
:104D000020464154414C204552524F522025643A8E
:104D1000202573206F6E2043505520256400466186
:104D2000756C7420647572696E6720696E74657243
:104D3000727570742068616E646C696E670A0043F6
:104D4000757272656E74207468726561643A2025AC
:104D500070202825732900574553545F544F504401
:104D600049522F7A65706879722F6B65726E656C27
:104D70002F666174616C2E6300726561736F6E20C3
:104D8000213D204B5F4552525F4B45524E454C5F93
:104D900050414E49430009417474656D70746564F7
:104DA00020746F207265636F7665722066726F6D16
:104DB0002061206B65726E656C2070616E69632086
:104DC000636F6E646974696F6E0A004350552065A5
:104DD0007863657074696F6E00556E68616E646C9F
:104DE000656420696E7465727275707400537461C5
:104DF000636B206F766572666C6F77004B65726EC1
:104E0000656C206F6F7073004B65726E656C2070FF
:104E1000616E696300574553545F544F5044495283
:104E20002F7A65706879722F6B65726E656C2F6969
:104E30006E69742E63007468726561645F64617486
:104E400061203C3D205F5F7374617469635F7468C7
:104E5000726561645F646174615F6C6973745F65DE
:104E60006E640069646C6500646576203C3D205F7B
:104E70006465766963655F6C6973745F656E640011
:104E80006D61696E006F7300574553545F544F5006
:104E90004449522F7A65706879722F6B65726E651E
:104EA0006C2F6B686561702E630021617263685FAF
:104EB00069735F696E5F6973722829207C7C202882
:104EC0002874696D656F7574292E7469636B73201E
:104ED0003D3D202828286B5F74696D656F75745F90
:104EE00074297B307D29292E7469636B732900092D
:104EF0000A0068656170203C3D205F6B5F686561FA
:104F0000705F6C6973745F656E6400574553545FDE
:104F1000544F504449522F7A65706879722F6B65EF
:104F2000726E656C2F6D656D5F736C61622E6300D0
:104F3000736C6162203C3D205F6B5F6D656D5F73DC
:104F40006C61625F6C6973745F656E640028736C7A
:104F500061622D3E667265655F6C697374203D3DCC
:104F6000202828766F6964202A29302920262620C7
:104F7000736C61622D3E696E666F2E6E756D5F7526
:104F8000736564203D3D20736C61622D3E696E66E1
:104F90006F2E6E756D5F626C6F636B7329207C7C06
:104FA00020736C61625F7074725F69735F676F6FAB
:104FB0006428736C61622C20736C61622D3E667292
:104FC00065655F6C697374290009736C61622063A5
:104FD0006F7272757074696F6E2064657465637446
:104FE00065640A0009496E76616C6964206D656DBF
:104FF0006F727920706F696E7465722070726F764F
:10500000696465640A00574553545F544F504449DE
:10501000522F7A65706879722F6B65726E656C2F8E
:10502000696E636C7564652F6B73636865642E6865
:105030000021617263685F6972715F756E6C6F6386
:105040006B6564286B657929007468726561642DED
:105050003E626173652E70656E6465645F6F6E009D
:10506000574553545F544F504449522F7A657068E6
:1050700079722F6B65726E656C2F69646C652E6337
:10508000005F6B65726E656C2E637075735B305D6F
:105090002E63757272656E742D3E626173652E703B
:1050A00072696F203E3D203000574553545F544F86
:1050B000504449522F7A65706879722F6B65726E11
:1050C000656C2F6D757465782E630021617263685D
:1050D0005F69735F696E5F697372282900096D7576
:1050E00074657865732063616E6E6F7420626520ED
:1050F0007573656420696E736964652049535273E2
:105100000A006D757465782D3E6C6F636B5F636F1D
:10511000756E74203E20305500574553545F544FF0
:10512000504449522F7A65706879722F6B65726EA0
:10513000656C2F73656D2E63002828617263685F4C
:1051400069735F696E5F6973722829203D3D203065
:1051500029207C7C20282874696D656F7574292E40
:105160007469636B73203D3D202828286B5F746948
:105170006D656F75745F74297B307D29292E746984
:10518000636B73292900737973776F726B710057A2
:105190004553545F544F504449522F7A6570687993
:1051A000722F6B65726E656C2F776F726B2E63005A
:1051B000776F726B2D3E717565756520213D2028D6
:1051C00028766F6964202A29302900776F726B2D49
:1051D0003E68616E646C657220213D202828766FE0
:1051E0006964202A2930290021666C61675F746533
:1051F00073742826776F726B2D3E666C6167732C13
:10520000204B5F574F524B5F44454C415941424CF4
:10521000455F424954290073796E6320213D20285F
:1052200028766F6964202A2930290021666C61671D
:105230005F74657374282671756575652D3E666C9F
:105240006167732C204B5F574F524B5F515545554B
:10525000455F535441525445445F424954290071BB
:105260007565756500737461636B0064776F726B4D
:1052700020213D202828766F6964202A29302900C2
:10528000574553545F544F504449522F7A657068C4
:1052900079722F6B65726E656C2F746872656164CC
:1052A0002E6300282828287072696F2929203D3D27
:1052B000203135202626207A5F69735F69646C652A
:1052C0005F7468726561645F656E747279282865C1
:1052D0006E747279292929207C7C20282828313570
:1052E000202D203129203E3D2028282D3136292906
:1052F000292026262028287072696F2929203E3D02
:105300002028282D31362929202626202828707289
:10531000696F2929203C3D20283135202D20312955
:1053200029290009696E76616C6964207072696F61
:105330007269747920282564293B20616C6C6F7731
:1053400065642072616E67653A20256420746F2061
:1053500025640A000954687265616473206D61797F
:10536000206E6F74206265206372656174656420CD
:10537000696E20495352730A00574553545F544F86
:10538000504449522F7A65706879722F6B65726E3E
:10539000656C2F73636865642E6300217A5F69739F
:1053A0005F69646C655F7468726561645F6F626A8F
:1053B0006563742874687265616429002169735F8C
:1053C0007468726561645F64756D6D792874687264
:1053D0006561642900574553545F544F5044495206
:1053E0002F7A65706879722F6B65726E656C2F69A4
:1053F0006E636C7564652F6B7468726561642E688A
:10540000005F6B65726E656C2E637075735B305DEB
:105410002E63757272656E7420213D202828766F88
:105420006964202A29302900574553545F544F504E
:105430004449522F7A65706879722F6B65726E6578
:105440006C2F696E636C7564652F6B737761702E5A
:105450006800617263685F6972715F756E6C6F631B
:105460006B6564286B657929207C7C205F6B657295
:105470006E656C2E637075735B305D2E6375727232
:10548000656E742D3E626173652E74687265616429
:105490005F737461746520262028282831554C20BC
:1054A0003C3C202830292929207C20282831554CB3
:1054B000203C3C202833292929290009436F6E7498
:1054C00065787420737769746368696E672077689C
:1054D000696C6520686F6C64696E67206C6F636BC4
:1054E000210A0073697A656F66285F736368656473
:1054F0005F7370696E6C6F636B29203D3D203020B7
:105500007C7C206C6F636B20213D20265F73636879
:1055100065645F7370696E6C6F636B005F6B65725F
:105520006E656C2E637075735B305D2E6375727281
:10553000656E742D3E626173652E73636865645F8A
:105540006C6F636B656420213D203155005F6B6596
:10555000726E656C2E637075735B305D2E63757251
:1055600072656E742D3E626173652E736368656447
:105570005F6C6F636B656420213D203055002174A2
:1055800065726D696E617465000961626F72746540
:1055900064205F63757272656E74206261636B2054
:1055A00066726F6D20646561640A002165737365BE
:1055B0006E7469616C000961626F72746564206564
:1055C0007373656E7469616C2074687265616420C0
:1055D00025700A00574553545F544F504449522F89
:1055E0007A65706879722F6B65726E656C2F74695D
:1055F0006D65736C6963696E672E63002828746932
:105600006D656F75742920262620282875696E74AB
:105610007074725F742928736C6963655F74696D57
:10562000656F7574732929203C3D20282875696EA3
:10563000747074725F74292874696D656F7574294C
:105640002920262620282875696E747074725F746C
:10565000292874696D656F75742929203C202828D4
:1056600075696E747074725F7429282628736C696A
:1056700063655F74696D656F757473295B28287342
:10568000697A655F7429282828696E742973697A94
:10569000656F6628636861725B31202D2028322097
:1056A0002A202128215F5F6275696C74696E5F74BE
:1056B000797065735F636F6D70617469626C655F4B
:1056C00070285F5F747970656F665F5F28736C69BF
:1056D00063655F74696D656F757473292C205F5FF6
:1056E000747970656F665F5F282628736C696365DF
:1056F0005F74696D656F757473295B305D29292945
:10570000295D29202D203129202B202873697A65D5
:105710006F6628736C6963655F74696D656F757416
:105720007329202F2073697A656F662828736C6946
:1057300063655F74696D656F757473295B305D298E
:105740002929295D29292026262028282875696EDF
:10575000747074725F74292874696D656F7574292B
:1057600029202D20282875696E747074725F742941
:1057700028736C6963655F74696D656F75747329EF
:10578000292920252073697A656F662828736C693A
:1057900063655F74696D656F757473295B305D292E
:1057A000203D3D20302900574553545F544F50440D
:1057B00049522F7A65706879722F6B65726E656CCD
:1057C0002F7468726561645F6D6F6E69746F722E9D
:1057D0006300757365725F636220213D202828761F
:1057E0006F6964202A2930290009757365725F6327
:1057F000622063616E206E6F74206265204E554C8E
:105800004C0A00574553545F544F504449522F7A25
:1058100065706879722F6B65726E656C2F74696D37
:10582000656F75742E6300217379735F646E6F64A6
:10583000655F69735F6C696E6B65642826746F2D94
:105840003E6E6F64652900574553545F544F504472
:1058500049522F7A65706879722F6B65726E656C2C
:105860002F706F6C6C2E630009696E76616C6964D1
:10587000206576656E7420747970652028307825EF
:1058800078290A0A006576656E742D3E73656D2071
:10589000213D202828766F6964202A2930290009B3
:1058A000696E76616C69642073656D6170686F7292
:1058B000650A0A006576656E742D3E7175657565BD
:1058C00020213D202828766F6964202A293029006C
:1058D00009696E76616C69642071756575650A0A7F
:1058E000006576656E742D3E7369676E616C20216C
:1058F0003D202828766F6964202A2930290009690B
:105900006E76616C696420706F6C6C207369676E71
:10591000616C0A0A006576656E742D3E6D73677161
:1059200020213D202828766F6964202A293029000B
:1059300009696E76616C6964206D65737361676572
:105940002071756575650A0A006576656E742D3E71
:105950007069706520213D202828766F6964202AAF
:105960002930290009696E76616C6964207069705C
:10597000650A0A0009696E76616C6964206576655E
:105980006E7420747970650A0A00574553545F5449
:105990004F504449522F7A65706879722F6B657247
:1059A0006E656C2F6D656D706F6F6C2E6300286176
:1059B0006C69676E20262028616C69676E202D2037
:1059C000312929203D3D20300009616C69676E2036
:1059D0006D757374206265206120706F7765722029
:1059E0006F6620320A00616C69676E203D3D203091
:1059F000207C7C20282875696E747074725F74290D
:105A00006D656D20262028616C69676E202D203120
:105A10002929203D3D203000096D6973616C69675B
:105A20006E6564206D656D6F7279206174202570DC
:105A30002028616C69676E203D20257A75290A004F
:105A4000141400001C2030401C2000001C2030409A
:105A5000004063726163656E00574553545F544F55
:105A6000504449522F6E72662F7375627379732F8B
:105A70006E72665F73656375726974792F73726392
:105A80002F647269766572732F63726163656E2F1E
:105A9000636F6D6D6F6E2F7372632F6372616365D9
:105AA0006E2F6C69625F6B6D752E63002828282845
:105AB00075696E747074725F74296B6D755F737243
:105AC000632D3E6465737429202520313629203DDD
:105AD0003D203029000944455354206D6973616CA1
:105AE00069676E65640A00574553545F544F5044CC
:105AF00049522F6E72662F7375627379732F6E72AF
:105B0000665F73656375726974792F7372632F644E
:105B10007269766572732F63726163656E2F63724B
:105B20006163656E7073612F7372632F637261635B
:105B3000656E5F7073615F6B65795F6D616E6167E4
:105B4000656D656E742E6300646174615F6C656E73
:105B5000677468006B65795F627566666572006B75
:105B600065795F6275666665725F6C656E6774689D
:105B7000006B65795F6269747300010302574553D6
:105B8000545F544F504449522F6E72662F737562A2
:105B90007379732F6E72665F73656375726974795A
:105BA0002F7372632F647269766572732F637261EB
:105BB00063656E2F63726163656E5F73772F7372B7
:105BC000632F63726163656E5F73775F6D61632ED0
:105BD0006300282828616C672920262028287073F4
:105BE000615F616C676F726974686D5F74292030E2
:105BF0007837663030303030302929203D3D20283C
:105C0000287073615F616C676F726974686D5F742F
:105C100029203078303330303030303029290014AA
:105C20001400001C2030401C2000001C20304000CC
:105C300040574553545F544F504449522F6E72663B
:105C40002F7375627379732F6E72665F73656375F8
:105C5000726974792F7372632F64726976657273D7
:105C60002F63726163656E2F737873796D637279D8
:105C700070742F7372632F706C6174666F726D2F06
:105C8000626172656D6574616C2F696E74657272A4
:105C9000757074732E630009556E68616E646C656F
:105CA0006420696E746572727570742E200A00FF2C
:105CB000FFFFFF00000001000000000000000000E6
:105CC000000000FFFFFFFFFFFFFFFFFFFFFFFFFFE1
:105CD000FFFFFF00000000FFFFFFFFFFFFFFFFBC13
:105CE000E6FAADA7179E84F3B9CAC2FC6325516BCF
:105CF00017D1F2E12C4247F8BCE6E563A440F27705
:105D0000037D812DEB33A0F4A13945D898C2964F7D
:105D1000E342E2FE1A7F9B8EE7EB4A7C0F9E162B36
:105D2000CE33576B315ECECBB6406837BF51F5FFEF
:105D3000FFFFFF0000000100000000000000000065
:105D4000000000FFFFFFFFFFFFFFFFFFFFFFFC5A08
:105D5000C635D8AA3A93E7B3EBBD55769886BC65AD
:105D60001D06B0CC53B0F63BCE3C3E27D2604B571D
:105D70004553545F544F504449522F6E72662F73EF
:105D800075627379732F6E72665F7365637572697E
:105D900074792F7372632F7574696C732F6E7266CA
:105DA0005F73656375726974795F6D757465786525
:105DB000732E6300574553545F544F504449522F3C
:105DC0007A65706879722F6B65726E656C2F657677
:105DD000656E74732E6300FC517AE9582C6FFB6D6D
:105DE000359F173E08C8C17BE95B9500FFFFFFFFA9
:105DF0001F00647261676F6F6E2F6C6962732F731F
:105E0000636865642F7372632F73636865645F688A
:105E1000616C5F74696D65725F677274632E630095
:105E2000286E756C6C29002A666C6F61742A0000FC
:105E3800FFFFFFFFFF1F00001F0000000000000021
:105E48001D40000000000000FFFFFFFF1FFF0000D3
:105E5800BAABBABA10101010000000000050085079
:105E680000000000000000000C000000010000FF1E
:105E78007F00000000000000FDA6000000000000F8
:105E880031A7000000000000F12000000000000021
:105E980051A70000000000000FA70000000000004C
:105EA800B86D0000FF000000A89400000100000089
:105EB80000000000000000000000000000000000DA
:105EC80000000000000000000000000000000000CA
:105ED80000000000000000000000000000000000BA
:105EE80000000000000000000000000000000000AA
:105EF800000000000000000000000000000000009A
:105F08000000000000000000000000000000000089
:105F18000000000000000000000000000000000079
:105F28000000000000000000000000000000000069
:105F38000000000000000000000000000000000059
:105F48000000000000000000000000000000000049
:105F58000000000000000000000000000000000039
:105F68000000000000000000000000000000000029
:105F780000000000000000003D410100000000009A
:105F88000000000000000000000000000000000009
:105F980000000000000000000000000000000000F9
:105FA80000000000000000000000000000000000E9
:105FB80000000000000000000000000000000000D9
:105FC80000000000000000000000000000000000C9
:105FD80000000000000000000000000000000000B9
:105FE80000000000000000000000000000000000A9
:105FF8000000000000000000000000000000000099
:106008000000000000000000000000000000000088
:106018000000000000000000000000000000000078
:106028003CDD0200000000000000000069D600000E
:106038000000000000010000000000000000000057
:106048000000000000000000000000000000000048
:1060580000000000000000000000000067000000D1
:106068000000000000000000000000000000000028
:106078000000000000000000000000000000000018
:106088000000000000000000000000000000000008
:1060980000000000000000000000000000000000F8
:1060A80000000000000000000000000000000000E8
:1060B80000000000000000000000000000000000D8
:1060C80000000000000000000000000000000000C8
:1060D80000000000000000000000000000000000B8
:1060E800000000000000000071DB0000000000005C
:1060F800000000001DD90000CDD8000000000000FD
:106108000000000065D90000000000002DDA000042
:10611800000000002DDB000000000000618202008A
:10612800878D0200FCED0200990E010083920200A7
:106138005992020000000000ED0C01000000000070
:10614800779002000B07030000000C00000000001D
:106158000000000000000000E10F01000000000046
:10616800000000002D0703000000100000000000E0
:1061780099930200000000000000000000C01050C9
:106188000000000000000000000000000000000007
:1061980000000000000000000000000000000000F7
:1061A80000000000000000000000000000000000E7
:1061B80000000000000000000000000000000000D7
:1061C80000000000000000000000000000000000C7
:1061D80000000000000000000000000000000000B7
:1061E80000000000000000000000000000000000A7
:1061F8000000000000000000000000000000000097
:106208000000000000000000000000000000000086
:106218000000000000000000000000000000000076
:106228000000000000000000000000000001000065
:1062380000A00D5000000000000000000000000059
:106248000000000000000000000000000000000046
:106258000000000000000000000000000000000036
:106268000000000000000000000000000000000026
:106278000000000000000000000000000000000016
:106288000000000000000000000000000000000006
:1062980000000000000000000000000000000000F6
:1062A80000000000000000000000000000000000E6
:1062B80000000000000000000000000000000000D6
:1062C80000000000000000000000000000000000C6
:1062D80000000000000000000000000000000000B6
:1062E8000000000000000000FD290100000000007F
:1062F80000000000000000006544010000000000EC
:106308000000000000000000D13201000000000081
:1063180000000000000000003154010000000000EF
:106328000000000000000000FD5201000000000015
:106338000000000000000000215F010000000000D4
:1063480000000000000000001959010000000000D2
:1063580000000000440A0020440A00200000000059
:106368000000000045730100BD830100298301007E
:106378000000000000000000D176010095A4020092
:1063880053A50200AD7101000000000000000000EC
:10639800A97F01000000000000000000DBA9020046
:1063A8000000000000000000000000000CF70200E0
:1063B8000000020018F7020000000A0028F7020097
:1063C80000002000000000000000000000000000A5
:1063D800000000009FA80200000000003CF7020037
:1063E8000000020048F702000000020054F7020013
:1063F80000000200E40A0020E40A00200000000077
:10640800000000000E000000F80A0020F80A002032
:1064180061AF0100000000005027002000000000CC
:10642800000000007DD2010000000000FF00000015
:106438000090D003FF0000000F0000007102000070
:10644800300B0020300B002017C1020013C10200DE
:1064580043DA020067742000580C0020A80C0020C2
:10646800800C0020780D0020680D00206C0C0020A6
:10647800940C002065D9020069D9020075D9020080
:106488009ECADC240EE5A9E093F3A3B50100406E93
:03649800060101F9
:10649B0000000000000000000000000000000000F1
:0564AB000000000000EC
:1064B00000000000000000000000000000000000DC
:1064C00000000000000000000000000000000000CC
:1064D00000000000000000000000000000000000BC
:1064E00000000000000000000000000000000000AC
:0464F00000000000A8
:0464F40000000000A4
:1064F800E00B0020E00B00200000000058AC00205A
:106508000000000001000000300000000000000052
:10651800000C0020000C002000000000E0680020B3
:106528000000000001000000B800000000000000AA
:10653800200C0020200C00200000000088AC002067
:1065480000000000030000001C0000000000000024
:1065580000000000D88C00200008000000000000A7
:0865680000000000000000002B
:10657000580C0020580C0020000000000000000013
:106580000E0000006C0C00206C0C002000000000CD
:10659000000000000E000000800C0020800C002095
:1065A00000000000000000000E000000940C00201D
:1065B000940C002000000000000000000E0000000D
:1065C000A80C0020A80C0020000000000000000023
:1065D0000E000000BC0C0020BC0C002000000000DD
:1065E000000000000E000000D00C0020D00C0020A5
:1065F00000000000000000000E000000E40C00207D
:10660000E40C002000000000000000000E0000006C
:10661000F80C0020F80C0020000000000000000032
:106620000E0000000C0D00200C0D002000000000EA
:08663000000000000E00000054
:10663800200D0020200D00200000000001000000B7
:10664800300D0020300D0020380D0020380D0020BE
:106658000000000001000000480D0020480D002047
:10666800500D0020500D002000000000FFFFFFFF2C
:08667800600D0020600D002000
:10668000680D0020680D00200000000000000000E0
:10669000780D0020780D00200000000000000000B0
:1066A000000000000000000000000000940D002029
:1066B000940D00209C0D00209C0D00200000000087
:1066C0000000000000000000B00D0020B00D002010
:1066D000B80D0020B80D00200000000000000000F0
:1066E00000000000CC0D0020CC0D0020D40D0020B7
:0466F000D40D0020A5
:1066F400000000000000000000000000E80D002081
:10670400E80D0020F00D0020F00D00200000000036
:106714000300030010000000000000006CF0020001
:1067240060A800200000000000000000000000003D
:106734001C0E00201C0E0020240E0020240E00201D
:10674400000000000300030010000000DD700100E1
:1067540008F10200E0AB002000000000000000008F
:1067640000000000500E0020500E0020580E0020A3
:10677400580E002000000000030003000000000089
:10678400000000000CEF0200B4A200200000000092
:106794000000000000000000840E0020840E002091
:1067A4008C0E00208C0E002000000000010001006F
:1067B400100000000157010058F0020038A5002025
:1067C400000000000000000000000000B80E0020DF
:1067D400B80E0020C00E0020C00E002000000000F3
:1067E40003000300000000000000000020F002008D
:1067F400F0A40020000000000000000000000000E1
:10680400EC0E0020EC0E0020F40E0020F40E00200C
:10681400000000000C000C0004000000852C0100A6
:10682400F8EE0200D8A000200000000000000000E4
:1068340000000000200F0020200F0020280F00205F
:10684400280F0020000000000100010000000000EB
:0C6854000000000020EF020000A4002063
:0468600015E015E04A
:04000003100016F1E2
:00000001FF
