:10000000A8F6002015110000136400000111000083
:100010000111000001110000011100000111000098
:10002000000000000000000000000000811200003D
:100030000111000000000000191200000111000071
:1000400019140000191400001914000019140000FC
:1000500019140000191400001914000019140000EC
:1000600019140000191400001914000019140000DC
:1000700019140000191400001914000019140000CC
:1000800019140000191400001914000019140000BC
:1000900019140000191400001914000019140000AC
:1000A000191400001914000019140000191400009C
:1000B000191400001914000019140000191400008C
:1000C000191400001914000019140000191400007C
:1000D000191400001914000019140000191400006C
:1000E000191400001914000019140000191400005C
:1000F000191400001914000019140000191400004C
:10010000191400001914000019140000191400003B
:10011000191400001914000019140000191400002B
:10012000191400001914000019140000191400001B
:10013000191400001914000019140000191400000B
:1001400019140000191400001914000019140000FB
:1001500019140000191400001914000019140000EB
:1001600019140000191400001914000019140000DB
:1001700019140000191400001914000019140000CB
:1001800019140000191400001914000019140000BB
:1001900019140000191400001914000019140000AB
:1001A000191400001914000019140000191400009B
:1001B000191400001914000019140000191400008B
:1001C000191400001914000019140000191400007B
:1001D000191400001914000019140000191400006B
:1001E000191400001914000019140000191400005B
:1001F000191400001914000019140000191400004B
:10020000191400001914000019140000191400003A
:10021000191400001914000019140000191400002A
:10022000191400001914000019140000191400001A
:10023000191400001914000019140000191400000A
:1002400019140000191400001914000019140000FA
:1002500019140000191400001914000019140000EA
:1002600019140000191400001914000019140000DA
:1002700019140000191400001914000019140000CA
:1002800019140000191400001914000019140000BA
:1002900019140000191400001914000019140000AA
:1002A000191400001914000019140000191400009A
:1002B000191400001914000019140000191400008A
:1002C000191400001914000019140000191400007A
:1002D000191400001914000019140000191400006A
:1002E000191400001914000019140000191400005A
:1002F000191400001914000019140000191400004A
:100300001914000019140000191400001914000039
:100310001914000019140000191400001914000029
:100320001914000019140000191400001914000019
:100330001914000019140000191400001914000009
:1003400019140000191400001914000019140000F9
:1003500019140000191400001914000019140000E9
:1003600019140000191400001914000019140000D9
:1003700019140000191400001914000019140000C9
:1003800019140000191400001914000019140000B9
:1003900019140000191400001914000019140000A9
:1003A0001914000019140000191400001914000099
:1003B0001914000019140000191400001914000089
:1003C0001914000019140000191400001914000079
:1003D0001914000019140000191400001914000069
:1003E0001914000019140000191400001914000059
:1003F0001914000019140000191400001914000049
:100400001914000019140000191400001914000038
:100410001914000019140000191400001914000028
:100420001914000019140000191400001914000018
:100430001914000019140000191400001914000008
:1004400019140000191400001914000019140000F8
:1004500019140000191400001914000019140000E8
:1004600019140000191400001914000019140000D8
:1004700019140000191400001914000019140000C8
:1004800019140000191400001914000019140000B8
:1004900019140000191400001914000019140000A8
:1004A0001914000019140000191400001914000098
:1004B0001914000019140000191400001914000088
:0804C0001914000019140000DA
:1004C80053B94AB9002908BF00281CBF4FF0FF31B3
:1004D8004FF0FF3000F00CB8ADF1080C6DE904CE18
:1004E80000F008F8DDF804E0DDE9022304B0704705
:1004F800704700BF2DE9F04786468C460846089E9F
:10050800154674461946002B40F0C1808542B2FA60
:1005180082F245D94AB1C2F1200300FA02FC9540A3
:1005280094402EFA03F343EA0C0C4FEA154EA8B296
:10053800230CBCFBFEF80EFB18CC08FB00F943EAC1
:100548000C43994528D9EB1808F1FF3704D299458F
:1005580002D9A8F102072B44A3EB0903A4B2B3FB09
:10056800FEFC0EFB1C330CFB00F044EA0344A042E3
:1005780014D92C190CF1FF3304D2A04202D9ACF1E2
:1005880002032C44241A43EA07401EB1D440002336
:1005980034607360BDE8F0874746DDE76346F1E7FE
:1005A80092BB431B01214FEA154EAFB2200CB3FB9F
:1005B800FEFC0EFB1C330CFB07F840EA034398458E
:1005C80061D9EB180CF1FF3004D2984502D9ACF18F
:1005D80002002B44A3EB0803A4B2B3FBFEFC0EFB02
:1005E8001C330CFB07F744EA0344A7424DD92C19E6
:1005F8000CF1FF3304D2A74202D9ACF102032C4418
:10060800E41B43EA0040C0E7C2F120039540944050
:1006180020FA03F12EFA03F34FEA154E9040AFB2D9
:100628000343B1FBFEFC0EFB1C10190C0CFB07F876
:1006380041EA0041884522D969180CF1FF3004D2FB
:10064800884502D9ACF102002944A1EB08019BB20C
:10065800B1FBFEFC0EFB1C110CFB07F743EA014340
:100668009F420ED9EB180CF1FF3104D29F4202D9F8
:10067800ACF102012B44DB1B41EA004193E76046E1
:10068800E3E76146F7E76046A4E76346B8E78342D5
:1006980006D916B9002108467CE7C6E900E0F9E763
:1006A800B3FA83F78FB9834201D3724508D8BEEBFA
:1006B800020460EB030301209C461EB9002169E790
:1006C8003846FAE7C6E9004CF8E7C7F1200CBB400A
:1006D8000EFA07F522FA0CF42EFA0CF1BA401C4374
:1006E80020FA0CF3B8404FEA144901431FFA84FE7C
:1006F800B3FBF9F809FB18300B0C08FB0EFA43EAB8
:1007080000439A4540D9E31808F1FF3004D29A45CE
:1007180002D9A8F102002344A3EB0A0389B2B3FB70
:10072800F9F809FB183308FB0EFE41EA03418E4530
:100738002CD9611808F1FF3304D28E4502D9A8F1EB
:100748000203214443EA0040A1EB0E01A0FB0298FA
:100758004145CE46434602D306D14D4504D2013821
:10076800B9EB020E68EB0403002EA7D0B5EB0E021E
:1007780061EB030101FA0CFC22FA07F3F9404CEA99
:100788000303C6E9003199E74046C5E74346D9E780
:100798002DE9F0435F4D8BB005AC0FCD0FC42B682E
:1007A8005D48236005F020FD64224FF4FA515B4850
:1007B80005F01AFD5A4805F017FD5A4D284606F06F
:1007C80021FD30B9584805F00FFD00200BB0BDE8F9
:1007D800F083AC6800212846236805AA9847011EC3
:1007E80003DA524805F000FDEFE7002228461146DB
:1007F80023699847011E5BDA4D48F3E7DFF834C1F7
:10080800002361466046039C54F8332001331214D8
:10081800B3F5487F21F8022BF6D10024028826463A
:10082800D243002000212746C2F3C0323CF9023BE4
:10083800002BAEBF9E46C3F1000E0FFA8EFE764522
:10084800B8BF7646C3FB8301002F45D0DB43DB0FDF
:100858009A4207F1010718BF0134B7F5487F3DD127
:1008680000234FF44872FFF72BFE00238E464FF00B
:10087800804C9B0843EA8C7398424FEA9C0C7EEBB1
:100888000C02F6D30021884653EA0C0228D14FF413
:10089800FA534FF4C8626343B3FBF2F3264800935C
:1008A8003246234605F0A0FC0399244806F0DAFCFA
:1008B8004FF4C8530493AB6803A928469B6804AA5D
:1008C8009847011E9ADA1E4805F08EFC002140F672
:1008D800354006F0ABFDEBE7134601271A46A5E7BE
:1008E800CA184CEB080790424FEA51017EEB070902
:1008F80041EAC8714FEA580806D3821A10466EEBCF
:10090800070E59184CEB08089B0843EA8C734FEA0A
:100918009C0CB9E780860000B4880000CA880000F3
:10092800E6880000AC7C00000389000023890000F1
:100938004489000020D700207D890000CC020020D7
:1009480061890000014B1B68184700BFF0000020B8
:10095800014B1860704700BFF000002030B585B02B
:1009680004460D4610220021684607F072F802235B
:100978008DF80230044B2A4621466846019305F05B
:10098800F5F805B030BD00BF4D09000080B505463B
:100998000E461746984603F05BFE034607F0E4F858
:1009A8000446DFF81890424649F800303946304688
:1009B800A84754F8090000F015FC00BF0800000023
:1009C8002DE9F047058B04462807904611D40229E3
:1009D80005F0070540F0CC80204605F012FC78B100
:1009E8000138218B042811D8DFE800F0C2106D858A
:1009F800950001290CBF45F0100545F02005258319
:100A080088F31188BFF36F8FBDE8F08701F0070AFC
:100A1800AA4500F0A5800027B9463E46A368002BEA
:100A280000F0BC8041F00801218388F31188BFF3EE
:100A38006F8FA168002900F0BA800D68002900F0C6
:100A4800B680334652462046D1F80480C047002D70
:100A580076D02B6829461D46F0E701F007035A1F98
:100A6800012A1BD8002221F00701062B276889B22A
:100A7800C4E9002209D13B4603E0628B013262835C
:100A88001B68002BF9D141F002012046218305F0B3
:100A9800B8FB00287AD041F0200176E0042B0AD177
:100AA80021F0070189B22046218305F0AAFB10B185
:100AB80041F020012183218B01F0070AAA454FD07C
:100AC8000027B946AAE7236921F0070141F006018A
:100AD800062DD3F8009021832DD1B9F1000F3FD016
:100AE80041F00801218388F31188BFF36F8F2046F6
:100AF8003949C84729E021F00701236941F0040179
:100B080089B2042DD3F804902183E6D000274FF052
:100B1800040A3E4682E721F00701236941F00501F6
:100B280089B2052DD3F808902183D6D000274FF03D
:100B3800050A3E4672E700274FF0060A3E466DE773
:100B48002B4687E7B9F1000FD1D1EFF311882023A5
:100B580083F31288BFF36F8F238B23F0080323835B
:100B6800258BEA062ED525F01003238305F007050B
:100B78006669218B002EBFF670AF00232768C4E991
:100B8800003321F0070141F001012183218B4FF04F
:100B9800000901F0070AAA457FF440AF002F9CD056
:100BA80041F00801218388F31188BFF36F8F002F6C
:100BB800C8D03D68394633465246204605F04DFBBD
:100BC8002F46F4E7AB067FF51BAF25F02003238300
:100BD80005F0070500E700BF8F620000014B0360C6
:100BE80000207047C886000008B5044805F0FCFAE4
:100BF800034805F0F9FA002008BD00BF9E890000EF
:100C0800D389000008B50348034A0021121A05F0E9
:100C1800F4FB08BD7803002068DD0020074808B50C
:100C2800074A0849121A05F0EAFBBDE808400648D9
:100C3800064A0749121A05F0E2BB00BF600000200F
:100C480078030020EC8E0000600000206000002087
:100C5800EC8E000038B505460C4699B1D1E9012360
:100C68000F48096805F0C0FAD4E90423E1680D4883
:100C780005F0BAFAE1690C4805F0B6FAA1690B4823
:100C880005F0B2FA012D05D1EFF3058108481039B6
:100C980005F0AAFA21462846BDE8384002F08ABE87
:100CA800018A0000318A0000618A0000718A000010
:100CB800A08A000030BFFFF7FDBF00BF2DE9F0415B
:100CC80005460B4EDFF82C80324606EB0807CC1B96
:100CD8002046094906F0B0FEA01942460021083C0A
:100CE80006F0B7FEC5F8B44007F10800BDE8F0818A
:100CF80000000000040000007C860000054B5A69D3
:100D08009B689A421FBF044A536843F0805353605C
:100D1800704700BFB4D0002000ED00E010B5204CB3
:100D2800204805F061FAA36A990137D51E4805F0F5
:100D38005BFA1E20A36ADA0103D51C4805F054FAB1
:100D48001F20174CA36ADB0203D5194805F04CFA9B
:100D58000220A36A1C0303D5164805F045FA212092
:100D68000F4CA36A590303D5134805F03DFA222016
:100D7800A36A9A0303D5114805F036FA2320084CD4
:100D8800A36ADB0303D50E4805F02EFA2420A36AD4
:100D98006FEA03436FEA1343A36210BD1D20C9E73E
:100DA80000ED00E0B48A0000CD8A0000E18A00006E
:100DB800FC8A0000278B0000468B00006C8B00002B
:100DC800878B000070B5244C064624480D4605F074
:100DD8000BFAA36AD90435D5214805F005FA17207E
:100DE800A36A1A0503D51F4805F0FEF918201A4C06
:100DF800A36A9B050FD51C4805F0F6F9A16BA36AF9
:100E0800180407D5194805F0EFF91EB1A36A23F4B1
:100E18000043A3621920104CA36A590503D514484E
:100E280005F0E2F91A20A36ADA050DD5114805F094
:100E3800DBF91B20084A936A43F47F43936200233B
:100E48002B7070BD1620CBE7A36A9B04F2D50A4825
:100E580005F0CAF91C20EDE700ED00E0B38B0000B7
:100E6800CA8B0000DC8B0000F08B00000A8C0000AD
:100E7800208C00003C8C0000558C000070B5264C7E
:100E8800064626480D4605F0AFF9A36AD80640D5B0
:100E9800234805F0A9F91120A36A190703D52148A9
:100EA80005F0A2F912201C4CA36A9A070FD51E4818
:100EB80005F09AF9616BA36A1B0607D51B4805F074
:100EC80093F91EB1A36A23F08003A3621320124C86
:100ED800A36ADE0703D5164805F086F91420A36A2D
:100EE8009C0603D5134805F07FF915200A4B9A6A2A
:100EF800D10658BF9A6A9A6A920642BF5A6A22F481
:100F080000525A629A6A42F0FF029A6200232B70DA
:100F180070BD1020C0E700BF00ED00E0858C000028
:100F28009C8C0000DC8B0000D08C0000E98C000059
:100F3800008D0000558C00002DE9F0415B4B044604
:100F48005F6800258AB0C7F3080685F31188BFF3E8
:100F58006F8F02F07F43B3F17F4F06D102F00C038D
:100F6800082B13D1524805F03FF900252C464FF0C5
:100F78000008F31E8DF80780092B00F28580DFE852
:100F880003F00A797D7583838383838110074CBFBF
:100F98000C460125EBE74748444E05F025F98DF846
:100FA8000780F36A9A0704D5434805F01DF9002322
:100FB8002FE0F36A002B01DA4048F6E7F36A5B009A
:100FC800F5D53F4805F010F97369A26943F48073B9
:100FD8007361BFF34F8FBFF36F8F736932F8022CC1
:100FE80023F480737361BFF34F8FBFF36F8F4DF698
:100FF80002739A4208D0B36ADBB24BB301200DF1F9
:101008000701FFF73BFF33E021682E4805F0ECF8B5
:1010180023689DF80720C2B902AE04F120073246C2
:1010280020686168083403C2BC421646F7D1099AA1
:10103800B5B3C2F3080121B96FEA52226FEA42221E
:101048000992184602A9FFF705FE0AB0BDE8F0812B
:10105800B36A13F47F4F05D001200DF10701FFF7A4
:10106800B1FE05E0B36AB3F5803FA0D3FFF756FEA3
:101078000346CEE700200DF10701C2E700200DF17D
:101088000701ECE7104890E7104B17F4F87F104978
:10109800104818BF1946A6F1100205F0A5F886E712
:1010A80022F4FF7222F00102CAE700BF00ED00E05F
:1010B8004E8D00007A8D0000928D0000B48D0000E6
:1010C800C38D0000E38D0000008E0000358D000008
:1010D800208D0000258E0000064B5A6942F0100250
:1010E8005A615A6942F480625A615A6922F00802C8
:1010F8005A61704700ED00E0EFF30880EFF30981D3
:1011080001B57246FFF718FF01BD00BF002080F34C
:101118001488BFF36F8F002080F30A8880F30B8850
:10112800104880F3088800200F49087001F09CFDE2
:1011380000200E490860BFF34F8F00F02DF82020E3
:1011480080F311880A484FF40061401880F3098839
:10115800EFF314800221084380F31488BFF36F8FE4
:1011680000F0F0F8A8F6002063DD002094ED00E020
:1011780068DD0020002318460649D1F89020C2F304
:101188000722934200DB7047C1F89830C1F8A000ED
:101198000133F6E700ED00E010B572B6002484F3E1
:1011A8001388FFF7E7FF23464FF0FF300C4A03F19F
:1011B80020010133102B42F82100F8D100234FF011
:1011C800FF30074A03F160010133102B42F8210078
:1011D800F8D162B6BFF34F8FBFF36F8F10BD00BF5A
:1011E80000E100E0084B9B6883420BD1EFF30583D5
:1011F80043B1064B5A6842F080525A605A6A22F448
:1012080000425A6203F02ABAB4D0002000ED00E090
:1012180016498A684FF030001044EFF3098C80E8D3
:10122800F01F202080F31288BFF36F8F104F4FF00C
:1012380000664A698A603E60D2F8B4000D4C2060AE
:10124800D2F8B8000023C2F8B83080F3118802F150
:10125800300090E8F01F8CF3098802F1000004B513
:1012680005F0DEF8BDE8044070470000B4D0002067
:1012780004ED00E040CE00201EF0040F0CBFEFF399
:101288000880EFF30980816911F8021C0229FFD058
:1012980001B5724605F0B5F801BD00BF00B20028DF
:1012A80007DB01234109034A00F01F00834042F88D
:1012B8002130704700E100E000B200280CDB012279
:1012C8000649430900F01F008240203341F82320DB
:1012D800BFF34F8FBFF36F8F704700BF00E100E08F
:1012E800054B420953F82220012300F01F0003FA9E
:1012F80000F01040704700BF00E100E000B2002895
:1013080001F10101ACBF00F16040064B4FEA411109
:10131800C9B2ABBF00F5614000F00F0080F80013C0
:101328001954704714ED00E0044B054A23F07F037D
:101338009360BFF34F8FBFF36F8F704700000000BB
:1013480000ED00E008B5FFF7EFFF074AD2F8883054
:1013580023F47003C2F88830FFF754FCFFF75EFCF3
:1013680000F048F802F0EEFB00ED00E042F8203C07
:10137800009B0B4942F81C3C019B21F0010142F8FB
:10138800183C029B42F8081C42F8143C4FF080734A
:1013980042F8043C0023203A0265C0F8B830704790
:1013A8009509000000B50E4B15469860D0F8B4209A
:1013B8000C4B0E461A60D0F8A43083F30B882C46E9
:1013C80086F309880020044B984720460021002214
:1013D8000023024C204700003964000095090000F2
:1013E800B4D0002040CE00201022014B1A61704773
:1013F80000ED00E0002320210448C2180133B3F5B2
:10140800917F82F80013F8D1704700BF00E100E037
:1014180008B5EFF30583064A103B02EBC30152F807
:10142800330049688847BDE80840FFF767BC00BF3C
:10143800C87C00001FB5094C094A23460121094808
:1014480000F0FAF800230393074B0121E41A01A8DE
:101458000193029400F0FAF804B010BD00FC0720D4
:1014680000000020C88600007803002010B50C7A20
:101478000B6804F01F0223F01F031A43CB686409AA
:1014880023F01F03054943EA440343F00103C1F86D
:101498009800C1F89C20C1F8A03010BD00ED00E014
:1014A80010B5074BD3F89030C3F30723013B98429C
:1014B80002D8FFF7DBFF10BD6FF01500FBE700BF98
:1014C80000ED00E02DE9F04F0F46144606464FF0B8
:1014D80000084D4D85B0B84580F29280D6F804904A
:1014E800B9F1000F36D0B9F11F0F40F2878019F01B
:1014F8001F0F40F08380D6F800A01AF01F0F7DD18F
:10150800504604F0B8FF834609EB0A00013804F09E
:10151800B2FF834572D11BF1160F6FD05C456DDDAC
:10152800C5F898B0D5F89C10C5F898B0D5F8A03093
:1015380021F01F0143F01F0AD6E900321A449942EC
:1015480002F1FF391ED1CA4508D131465FFA8BF046
:1015580004F09AFF08F101080C36BCE73146C5F8DB
:1015680098B0D5F89C3022F01F0203F01F031343F4
:10157800C5F89C30E0B204F087FF10F1160F3DD09B
:10158800441CE7E7C5F898B0D5F8A020013B23F044
:101598001F0302F01F021343CA453146E0B2C5F8E3
:1015A800A030E8D004F070FF10F1160F26D0C5F86F
:1015B80098B0D5F89C209DF808300AF1FF3A62F3FC
:1015C80004038DF80830D5F8A0309DF808205B0892
:1015D80063F347128DF80820D6E9003213440093CC
:1015E80023F01F035344A3EB0903013023F01F0327
:1015F8006946C0B20393FFF753FFBEE76FF01504C7
:10160800204605B0BDE8F08F00ED00E00522044B50
:10161800C3F89420BFF34F8FBFF36F8F704700BF9D
:1016280000ED00E0BFF35F8F0022024BC3F8942067
:10163800704700BF00ED00E010B5034C2278FFF7BB
:1016480041FF207010BD00BF60DD00202DE9F74F7D
:10165800294D8A4606464FF00008AB46274FD0452D
:101668001BDAD6F80490B9F1000F3FD0316808466C
:10167800019104F000FF0199044609EB01000138CB
:1016880004F0F9FE84424FF014021D4B08D002FB0F
:1016980008F36FF015024BF8032003B0BDE8F08F94
:1016A80014F1160F2C60F8D01978A142F5DD02FB71
:1016B80008B0C7F89840C7F89840D7F89C4000F1A0
:1016C8000801007B64F304000871D7F8A0000C79C6
:1016D800400860F347140C71D7F89C1021F01F01E3
:1016E8006960D7F8A01021F01F01296108F10108ED
:1016F80014350C36B3E700BF44CE002000ED00E0FF
:1017080060DD0020F0B55249524CD1F89030256880
:10171800C3F307239D4287B000F296800020FFF7AD
:1017280081FF4D4BC1F8C030854216D14B4C01A802
:101738002570FFF753FA00250646494FAE4213D1EC
:10174800002023784249D1F89020C2F3072293421F
:1017580074DBFFF75BFF002043E0616801EB0011D9
:10176800FFF784FE0130DFE70199280101EB05133B
:10177800DA683A40B2F5800F42D007D8B2F5801F38
:1017880015D0B2F5001F2ED00135D7E7B2F1006FA2
:1017980043D0B2F1805FF7D15A689B680958013B82
:1017A80022F01F00034423F01F03012032E05A688F
:1017B8009B680958013B22F01F000344012084461E
:1017C80023F01F0340EA4C10CDE902218DF81000E8
:1017D80002A920780593FFF763FE00282ADA6FF044
:1017E800150007B0F0BD5A689B680958013B22F004
:1017F8001F0003444FF0020C012023F01F03E1E710
:101808005A689B680958013B22F01F0003440620D0
:1018180023F01F034FF0000CD4E75A689B6809585F
:10182800013B22F01F0003444FF0030C012023F07A
:101838001F03C7E7237801332370A5E7C1F8983061
:10184800C1F8A00001337EE74FF0FF30C9E700BFC1
:1018580000ED00E0D4860000AAFF440060DD00200F
:101868000000F0FF08B5024B1B689847002008BD30
:1018780058CE0020034B044A1860937843F00203C3
:101888009370704758CE0020F400002008B5054931
:10189800054A21F007010548521A04F04BFC0020C4
:1018A80008BD00BFAFF6002000FC07205CCE00207A
:1018B80008B5244A244B1A6000F060F84FF47A61A6
:1018C8002248D0F82436C3F30802C3F309434B4334
:1018D80082F480721E49883201FB02334FF4FA21E8
:1018E8005B00B3FBF1F201FB12331A49B3F57A3FFF
:1018F80028BF0132C1F80429D0F820364FF47A60A5
:10190800C3F30802C3F30943434342F21C5082F471
:10191800807202F2172200FB02334FF47A701B0A1E
:10192800B3FBF0F200FB12330020B3F5FA7F4FF05F
:10193800010328BF0132C1F81C27C1F80009C1F80A
:10194800003608BD0020A1077802002000C0FF0073
:10195800F82A00800000125048B1054B054A1B6860
:10196800B3FBF2F35843044B43F0010318477047A5
:101978007802002040420F00B08600000122024B8E
:10198800C3F80424704700BF002008E0084B70B576
:10199800C31A0D4607499B1004465943402206487E
:1019A80004F099FD2B4601462046BDE870401847D3
:1019B8007CCE0020B76DDBB6047C0000402373B5F5
:1019C8000B4C0093041B0B460D460A49A4106143B7
:1019D8000646094A094804F0AAFD011E05DA304600
:1019E8002B4602B0BDE87040184702B070BD00BF7A
:1019F8007CCE0020B76DDBB6A1650000047C00003A
:101A08002DE9F0470022012107464FF48770FFF7C0
:101A180075FC124801F0A8F90446D0B901F0CEF9D6
:101A280025464FF01C0A4FF00C08DFF834903E6949
:101A380049460AFB056004F033FC031E0CDB012356
:101A480008FB05661D44032DF365F0D12046BDE86B
:101A5800F0876FF00404F9E71C46F7E7991B0000CC
:101A6800FC8600001FB500220123CDE902236B4646
:101A7800084ACDF800D0CDF804D004F086FD00283F
:101A880005DB43F609520023684602F0CBFA05B09D
:101A98005DF804FBBF65000010B5EFF31184202347
:101AA80083F31288BFF36F8F074A136823F002018C
:101AB800DB07116002D4012005F034F984F31188A2
:101AC800BFF36F8F10BD00BFF4CE00200C22104B67
:101AD800014602FB0033002030B4D3E915525865A3
:101AE800EFF31180202484F31288BFF36F8FDC6D2D
:101AF80004F0C00444F00204DC6580F31188BFF3ED
:101B08006F8F1DB12B4630BC0248184730BC704758
:101B18007CCE0020047C000010B4EFF31182202357
:101B280083F31288BFF36F8F1648016841F00204EF
:101B38000460C80707D482F31188BFF36F8F0120B0
:101B480010BC05F0E3B81049D1F80C14C903F2D55C
:101B5800EFF3118083F31288BFF36F8F0B49CB6DBE
:101B680003F0C00343F00203CB6580F31188BFF391
:101B78006F8F82F31188BFF36F8F002010BCFFF7BF
:101B8800A5BF00BFF4CE002000E010507CCE00209E
:101B9800042805D007280AD002280AD1012004E029
:101BA800044BD86D10F0070003D1FFF78FBF022058
:101BB800FBE770477CCE0020C3B21C20014A03FB20
:101BC800002070477CCE00202DE9F0410122074615
:101BD8003449D1E8EF3FC1E8E02F0028F9D133B903
:101BE800314932484B60CB608A6004F06CFB7B1E45
:101BF800012B28D8012F06D12D4BD3F8503403F0F0
:101C08000303012B1FD005F09BFB0546E8B9294BC0
:101C18001B78D3B104220646254BC3F80823244C6D
:101C2800DFF89480D4F84C24D4F84C34D20315D57A
:101C380003F00303012B01D0012F0FD16DB386F3FD
:101C48001188BFF36F8FBDE8F081EFF31186202371
:101C580083F31288BFF36F8F0125E0E7C5B13046E3
:101C680004F0FAFBD4F8403413F0FF03DAD1D4F8C7
:101C78000821002AD6D0C4F80831D4F808314FF426
:101C880080420123C4F84034C8F8A0212361C9E781
:101C98000021202005F0CAFBE4E70422044BC3F826
:101CA8000423D0E778CE002068CE002098CE00200C
:101CB80000E0105063DD002000E100E008B50748AF
:101CC80005F0A0FA38B10648FFF7D4FD0448FEF73E
:101CD8003FFE002008BD6FF01200FBE7907C00007B
:101CE800ED1C00000A2838B50446074D04D1AB683E
:101CF8000D2128465B689847AB6803485B68E1B2EA
:101D08009847204638BD00BF907C00002DE9F0437D
:101D180040F206354768D00648BF4FF0030C3B7CBD
:101D280002EA050558BFC2F3401C87B001F01F0640
:101D3800B5F5837F144646EA43168DF803C046D0AE
:101D48000DD8062D45D005D8A5B1022D12D06FF0BB
:101D5800150039E0B5F5807FF9D101250AE040F298
:101D68000222954237D0B5F5407F36D0B5F5007FD1
:101D7800EDD104250123220303FA01F12FD57B6855
:101D88005960B86880BB7F2E06F01F034FEA5611D2
:101D980073D83C4A52F8212084F4803102EB830244
:101DA800D2F88030C1F30041C4F3404423F4706397
:101DB80044EA410423F00F031C4344EA8C0444EA38
:101DC8000524C2F88040002007B0BDE8F08309254B
:101DD800D0E70825CEE70625CCE70525CAE7630343
:101DE80044BF7B689960CCE731460DF1020205F0EB
:101DF8007BF914F4403F80460CD13146B86805F0B1
:101E08008CF9B8F1000FDED19DF80210B86801F026
:101E1800CBFAD8E74FF0000901ABCDE90199CDE93C
:101E28000439CDF80C903146B86803AA05F0A0F83B
:101E38004845C8DB14F4003314D09DF8033084F40B
:101E48008034C4F300448DF80E308DF80C508DF8B2
:101E58000D404B463146B86803AA01F0F3F9002853
:101E6800CFDAB0E7CDE904330DF10303039331462C
:101E7800B86803AA05F07CF8F1E7203350F823305E
:101E8800FFDE00BF308700007F2870B54FEA501191
:101E98000CD80D4A52F8216046B13269516829B10F
:101EA800012500F01F030C689D4001B970BD8A68C8
:101EB8002A4002D030464B6898471CB12368214617
:101EC8001C46F2E72346FAE72087000038B5456844
:101ED800A868C0B105F01BF90146A0B9A86801F0CF
:101EE8002BFA044688B902460949A86805F0F9F8AA
:101EF80022460121DB20FFF701FA2246012140F2A8
:101F08000D10FFF7FBF9002038BD6FF00400FBE768
:101F1800911E0000F0B544681646A068227C01F0C6
:101F28001F0587B045EA421500286CD0B6F5001F9A
:101F380004D1294605F045F9002055E06268607C27
:101F4800B6F5800F50624FF0000001AA0190506072
:101F580039D1B3F1007F14BF052304238DF8043071
:101F68000023CDE904230393E3680DF1030723FA63
:101F780001F111F0010139D1B6F1A07F36D105F098
:101F88001F037F2D4FEA551003F120033ED8214A45
:101F980052F8202052F82330DB0727D43A46294646
:101FA800A06805F0A1F8163018D002972946A06855
:101FB80003AA04F0DDFF002816DB01222946A068E9
:101FC80005F0ADF8B8E7B3F1C06F05D0B3F1007F05
:101FD80014BF01230223C1E70323BFE73946A068E2
:101FE80001F0ECF90028E0DA07B0F0BD3A462946DE
:101FF800A06805F079F80028D8D19DF80310A068EA
:1020080001F0D2F9D2E76FF08500EDE751F82330FF
:10201800FFDE00BF30870000F7B50446002201212B
:10202800E820FFF76BF901232569666885F8C83051
:1020380077680021384601AA04F083FD00281BDBDD
:10204800019B3A681979186800F09EFB002813DB99
:1020580004230C2209490A48C5F8BC6005F052F966
:1020680004230C220749084805F04CF9022024698A
:10207800FFF7A2FD2060002003B0F0BD28D00020AB
:1020880068CF0020F8CF0020BCCF00200023F0B597
:1020980089B00F460446CDE90033029301F00202ED
:1020A80080B9744D95F8C83022BB724B93F8C8209C
:1020B800032A6AD14222704BC3F8082301225A60CE
:1020C80009B0F0BD038A9B000193002A3FD0694DF7
:1020D80095F8C820D5F8C030032A04BF012285F836
:1020E800C820EBB9284604F0D2FA95F8CD305A0743
:1020F8002DD50FE0032B04BF012385F8C830D5F890
:10210800C030002B33D15B4804F0C1FA95F8CD30CC
:102118005907CAD5574B186804F02CF9BCB9C4E75D
:1021280042689A4206D0D5F8C410E8690293009133
:1021380005F098F800234F48C5F8C03004F0A7FA16
:1021480095F8CD305E0702D5286804F013F92568A4
:10215800FDB9636853B3474AA168D2F8C00000913B
:102168009842029366D1012382F8CB30A2E700237C
:102178004048C5F8C03004F08AFA95F8CD305807C1
:1021880093D5286804F0F6F88FE7042283F8C8206E
:1021980090E7384EE168029596F8CB50009115B358
:1021A800306F05F05FF86368002B41D1FB0787D5D6
:1021B800304C1422002103A805F04BFC94F8C930D8
:1021C80063B194F8CA30002B3BD0D4F8C0300493E4
:1021D800D4F8C43005930123ADF81C3003A9254871
:1021E80004F076FA6CE700220023694606F19400B1
:1021F80005F097F800280CDA04230099306F86F868
:10220800C83005F02FF86368002B3FF453AF012561
:10221800A1E796F8C930002B9BD196F8CA50002D3B
:1022280097D0012386F8CB306368002B93D141E720
:10223800002590E7D06905F015F8002D7FF43AAF36
:10224800B4E7204603A904F02EFA0028C6D194F872
:10225800C830032B4FF0010308D1D4F8C02084F80C
:10226800CA300492D4F8C4200592B5E784F8CC307B
:1022780026E700BF28CF002000800E502DE9F04F40
:1022880004698B4694F8C8A01546BAF1010FD0F836
:1022980004908DB004D06FF015000DB0BDE8F08F3C
:1022A8005368029343BB204604F0E9FB0BF1FF336C
:1022B800012B1DD894F8CD30029A029962F30003DD
:1022C80084F8CD302C2204F1140005F0C2FBBBF1D8
:1022D800020F0BD194F8CD302C226FF3410300216B
:1022E80084F8CD3004F1680005F0B3FB0020D4E792
:1022F800BBF1000FEED0F9E7D36813F00306CAD19B
:10230800082BC8D91778182F00F0C18007D8082FD4
:1023180000F0BF80102FBED1CDF804A003E0202F1D
:10232800B9D10323019395F8028008F00703042B21
:10233800B1D87449744AC95CD25C06917349C95CC6
:1023480008917349C95C09917249C95C0A9172493B
:10235800CB5C039318F0380304939CD195F8018063
:10236800B8F1010F03D1039B012B00F09480904535
:1023780091D8049A08F1FF331344DBB20B9301237D
:1023880003FA08F3013B0793EB7803F00603062BE7
:1023980003D0002B7FF47FAF9A4699F81D30012BAC
:1023A800D9F8083018BFD9F81820D3F8703508BF05
:1023B8005A4A002B0ADBD9F814603EB102EB5602E8
:1023C8003005310B0023FEF77BF80603BAF1000F46
:1023D80014D10299049B79434344594399F81C301A
:1023E8000805012B14BFD9F818204C4A002302EB2A
:1023F8005102090BFEF764F803030593B9F81C3082
:1024080094F8CD20003B18BF012363F3820284F8BF
:10241800CD2095F90320EB78002AFFF63CAF5B0648
:102428003FF539AF0BF1FF33012B37D9BBF1000F63
:102438007FF45CAF0FCD04F168070FC72B683B60D2
:10244800069B84F87CA084F87D30019BC4F88860E2
:1024580084F87E309DF81C30C4F880300B9B84F8DB
:102468008430089B84F88530059BC4F88C30099B20
:1024780084F890300A9B84F89130039B84F892305A
:1024880094F8CD3043F0020384F8CD302EE70223D0
:1024980048E7019647E7039B04936AE7AC4604F1D3
:1024A8001407BCE80F000FC7DCF80030BBF1020FBF
:1024B8003B60069B84F828A084F82930019B66635A
:1024C80084F82A30079B4FEA034303F47F03E3624F
:1024D8000B9B84F83030089B84F83130059BA3634C
:1024E800099B84F83C300A9B84F83D30039B84F8B0
:1024F8003E3094F8CD3043F0010384F8CD3099D0C4
:10250800F4E600BF968E00009B8E0000918E0000BE
:102518008C8E0000878E0000828E000000366E01CF
:102528002DE9F041022906460D4617460469D0F800
:10253800048008D194F8CD3003F00303032B1AD09C
:102548006FF00400C0E001290ED194F8CD3013F0EB
:10255800010FF5D0042F00F2E380DFE817F0260022
:10256800B700B700D900CC000029E9D194F8CD30E4
:1025780013F0020FEDE7E36AD4F8801081EA134202
:10258800D2B2002ADCD10B431822E362C4F88030AF
:1025980004F17C0104F1280005F063FA0028CFD18A
:1025A800226A636F9A42D5D0CAE794F8C830012BE3
:1025B800C6D1002384F8C950A4F8CA3084F8CC30B6
:1025C8003569766895F8C9303768012BD5F8BC307D
:1025D8000CBF05F1280405F17C0498681969237873
:1025E800C0F804356378C0F82835A378C0F82435D6
:1025F8006368C0F82C35237AC0F83035637AC0F8A0
:1026080034352369C0F81835A37DC0F83C35E36834
:10261800C0F81035237D003B18BF0123C0F82035D2
:10262800637DB3FA83F35B09C0F83835D0F80C350D
:10263800E26823F00103002A18BF43F00103C0F841
:102648000C350F600027C0F80471D0F80431C0F8C9
:102658001871D0F81831C0F80871D0F80831C0F3F3
:102668000830FEF71BFE022385F8C8302369B268DC
:10267800B3F1004F94BF00210121337F581E43421C
:10268800434143EA0123C2F81C35E268737FB2F183
:10269800004F94BF002201225C1E6342B16863416F
:1026A80043EA0223C1F8143595F8CD305E0741D5C9
:1026B8002C4B2868AB6003232F61EB60291D03F0C6
:1026C80002FEB8422FDB0020BDE8F08194F8C83044
:1026D800022B7FF435AF94F8C930AB4220D1022FDA
:1026E8004FF003032CD1B5FA85F56D0984F8C8308D
:1026F80084F8CA50E7E794F8C830042B7FF420AF79
:102708002946306904F0BBF9012384F8C830DAE7B8
:1027180094F8C830022B19D194F8C930AB4217D0BD
:102728006FF01500D0E7284603F0B1FF012385F8C4
:10273800C83005E7284604F0F8F800EAE070C3E777
:1027480084F8C830012384F8CA30BCE7012BD7D0FD
:102758000122422184F8CB20D8F80830C3F80813A6
:102768009A60CDE75F6A0000036803F01F027F2BC1
:1027780002604FEA53129ABF024B53F8220000201E
:10278800704700BFD08700002DE9F04F1546074677
:1027980040F2FF19DFF84CA2DFF84CB285B000EB2D
:1027A8008101B94203D1002005B0BDE8F08F3A6835
:1027B800C2F3C323082BC2F3080400F20F814C456F
:1027C80008BF4FF0FF34B2F1D05F1AF803804FEA28
:1027D800126339D3383B162B02D96FF08500E3E733
:1027E800162BFAD801A252F823F000BFBB2900002B
:1027F800E3270000E3270000E3270000E3270000A9
:10280800E3270000E3270000E3270000E327000098
:10281800E3270000E3270000E3270000E327000088
:10282800E3270000E3270000912900009729000012
:102838009D290000A3290000A9290000AF29000054
:10284800B529000065290000192BC6D801A252F845
:1028580023F000BFC5280000E1280000652900001A
:102868005F290000EF280000FB2800005F29000016
:10287800E3270000E3270000E3270000E327000028
:10288800E3270000E3270000E3270000E327000018
:10289800E3270000E3270000E3270000E327000008
:1028A800E3270000E3270000E32700006B2900006E
:1028B8007F290000852900008B290000C5F80446FF
:1028C800661C14D0012603A80394FFF74DFF039B51
:1028D80006FA03F3436004E0C5F80C46621C06D010
:1028E8000026324613E0631CC5F8004674D104374D
:1028F80057E7C5F80446621CF9D0012603A80394DB
:10290800FFF732FF0122039B02FA03F383603B685F
:10291800039403F40040002818BF002203A818BF3E
:10292800012601930092FFF71FFF039C019B00EB18
:102938008400D0F88040C3F3412C009A4FEA082362
:1029480043EA8C03134304EA0B04234343EA460394
:10295800C0F88030CBE7C5F80846BFE7C5F8104691
:10296800AEE7C5F86045601C3B68C0D0C3F30043C0
:10297800002BA7D1C1E7C5F86445F4E7C5F8684559
:10298800F1E7C5F86C45EEE7C5F87445B3E7C5F857
:102998007445A3E7C5F87845ADE7C5F878459DE7E0
:1029A800C5F87C459AE7C5F88045A4E7C5F87045A1
:1029B800A1E703A80394FFF7D7FE039B00EB83006E
:1029C800D0F8803023F0E04343F08043C0F88030F3
:1029D800631C8CD0012684E700268FE76FF0150072
:1029E800E2E600BFAA8E0000F0F0FCFF2DE9F041FE
:1029F80004460D46476804F0A3FC88B12021EFF394
:102A080011831A4681F31288BFF36F8F60680068DC
:102A1800D0F83001D0B983F31188BFF36F8FEEE798
:102A28001E4B1B78002BE9D04FF020086426636802
:102A38001B68D3F83031FBB9012004F030F9013EAE
:102A4800F5D10021202004F0F1FCEFE77B6A00209B
:102A58001D706368796A1B68C3F83C170121C3F8C5
:102A68004017C3F83001D3F83001196582F3118893
:102A7800BFF36F8FBDE8F081EFF311831A4688F337
:102A88001288BFF36F8F61680968D1F83011002987
:102A9800DCD183F31188BFF36F8FD2E763DD0020A9
:102AA80070B40D4CD4E90065901B63EB0501400937
:102AB80040EAC1604101891945EBD065C4E90015B8
:102AC800002400250549C1E90023054BC3E9004559
:102AD80070BC01F0C7BF00BF98030020800300202E
:102AE8009003002008B500220121E420FEF706FC2F
:102AF800164A0020D2F8183723F44033C2F81837A2
:102B080000F0BEFD002820DB0120114900F044FE42
:102B180000281ADB00F08CFD0E4B20F01F00C3E9E3
:102B280000010D4B0022C3E900014FF0FF304FF0C8
:102B3800FF310A4BC3E90001094B0A49187A00F032
:102B480089FD67220020084B1A6008BD00200E503E
:102B580074020020980300207803002080030020DE
:102B68006C020020A92A000090D0002008B500F0CF
:102B78005FFD064AD2E90032C01A054B61EB02013B
:102B8800C3E90001400940EAC16008BD980300207C
:102B980090030020F7B5224B0146224F187A224BAA
:102BA800D7E90056D3E900239E4208BF954211D1C8
:102BB800B1F1806F0ED24901012938BF01210122EC
:102BC8004D1946F10006C7E9005603B0BDE8F040CC
:102BD80000F06CBE154BDFF858C0D3E90043DCE9C0
:102BE800002CA41843EB0C0C4FF0200E2246634631
:102BF800C1FB0E23954276EB0301C7E900230DD2F2
:102C0800291B66EB0C04C82974F10004B4BF012128
:102C18000021009100F012FE03B0F0BD0021F8E79A
:102C28006C02002088030020800300209803002005
:102C38009003002003689A070CD50368DB070DD5BD
:102C48000922074BC3F80C250F22C3F804250122DB
:102C58001A60FEE7034B0360EF3B0360704700BF59
:102C680000801050F000FA5008B50123304AC2F82D
:102C78000038A2F55722D2F800242E4AD2F8402371
:102C8800292A01D0332A02D12B4AC2F80C342B4806
:102C9800FFF7D0FF0830FFF7CDFF0830FFF7CAFF76
:102CA8000830FFF7C7FF00F5F470FFF7C3FF244AA9
:102CB800D2F88C3043F44063C2F88C300022D30041
:102CC80003F57F0303F54043D3F8001401310AD01C
:102CD800D3F8001439B1D3F800140132D3F804340E
:102CE800402A0B60EBD1174BD3F80026D2071AD431
:102CF800154B1349D3F8182522F00302C3F81825F9
:102D0800D3F81825C3F81825D1F88C2042F440626E
:102D1800C1F88C200022C3F8A0250C4AD2F8003450
:102D2800012BFBD008BD6FF00102C3F80026DFE7D6
:102D38000000125000C0FF000030055000F50E5092
:102D480000ED00E000E0105000E004500090045056
:102D5800014B1B68184700BF94D00020014B072087
:102D68001B68184794D0002010B5104C2379D3B9AC
:102D7800012323710E4B0028206018BF184600F06D
:102D8800FFF890B923680B48002B08BF184600F0DD
:102D980041F850B923680848002B08BF1846BDE819
:102DA800104000F085B96FF0770010BD94D0002076
:102DB800592D0000116D0000652D000008B5074B66
:102DC8001B6853B14FF48770FEF78AFA28B9BDE83B
:102DD80008404FF48770FEF761BA08BD94D0002010
:102DE80038B504230A4C42F21075C4F8083301239D
:102DF80063610023C4F80831D4F80831D4F84C349E
:102E0800DB0304D5012003F04AFF013DF6D138BDAC
:102E180000E01050064A13793BB901211060117186
:102E2800044A1846C2F8403470476FF0770070477C
:102E38009CD0002000E0105010B51D4B1D4CD3F85D
:102E48004C14D3F84C2411F4803F18D002F003023C
:102E5800012A03D00AB1FFF7C3FF0022144BC3F8BD
:102E680040240022C3F80821D3F8082101221A615E
:102E7800226872B9D3F80821002AFBD011E0D3F8F0
:102E88004824D107E9D5D3F850249207E3D422681F
:102E98001AB10422C3F8042310BDD3F80821002A6C
:102EA800FBD00022C3F80821D3F80831F4E700BFAB
:102EB80000E010509CD00020F8B50125184C194EA0
:102EC800D4F80C3303F00C0303B9F8BDB3FA83F359
:102ED8000027C3F11F039A0002F5807292B202F133
:102EE800A04202F58712176005FA03F1022B126857
:102EF800D8B2C4F8081310D1D4F84C34D4F84C34F0
:102F08009B070AD10423C4F84054C4F8043325614C
:102F1800D4F80C3303F00C03D6E733689847F7E787
:102F280000E010509CD00020712238B5114B0021D0
:102F3800C3F8082301225A60C3F80011D3F800111E
:102F48000D49D1F84013292901D0332900D1DA607D
:102F580042F21074074DD5F80C3413F4803305D0C1
:102F6800012003F09CFE013CF5D138BD034A5371A2
:102F7800FBE700BF00E0105000C0FF00A4D0002015
:102F8800054B0246187918B91A6001221A71704760
:102F98006FF07700704700BFA4D000200022174BC5
:102FA800C3F81021D3F81011C3F81821D3F8181159
:102FB800C3F81421D3F81421114AD2F84023292A3E
:102FC80001D0332A01D101229A600022C3F80021DE
:102FD800D3F8002101221A600A4A126852B9074B35
:102FE800D3F80021002AFBD00022C3F80021D3F82F
:102FF800003170477122C3F80423704700E0105075
:1030080000C0FF00A4D00020F8B50126194C1A4DC5
:10301800D4F80C3303F0710303B9F8BDB3FA83F3A2
:103028000021C3F11F039A0002F5807292B202F1E7
:10303800A04202F58712116006FA03F7042B126802
:10304800D8B2C4F8087308D0062B10D02B6898475C
:10305800D4F80C3303F07103DEE702236B71C4F874
:103068001411D4F814312023C4F80433EEE769713D
:10307800ECE700BF00E01050A4D0002038B5802352
:103088000A4C42F21075C4F808330123A3620023E6
:10309800C4F81C31D4F81C31D4F86C34DB0304D5E3
:1030A800012003F0FCFD013DF6D138BD00E01050D1
:1030B800054B0246187918B91A6001221A7170472F
:1030C8006FF07700704700BFACD0002000220C4B97
:1030D800C3F81C21D3F81C2101225A62094A12683C
:1030E8001AB18022C3F804237047D3F81C21002AA0
:1030F800FBD00022C3F81C21D3F81C31704700BF55
:1031080000E01050ACD00020094BD3F8042312067D
:103118000DD5D3F81C2152B10022C3F81C21D3F8D5
:103128001C218022C3F80823024B1B6818477047EC
:1031380000E01050ACD00020036803F01F027F2B82
:1031480002604FEA53129ABF024B53F82200002044
:10315800704700BF30880000034A4309D35C00F081
:103168001F001844C0B27047BE8E0000F0B58446F8
:10317800002587B0DFF848E0124F019102AE1EF833
:10318800013B06AA02EBD30212F8144C03F0070322
:10319800DC4014F0010406D10135042DEFD10024E0
:1031A800204607B0F0BD97E80F0086E80F0056F8F4
:1031B8002520136A4CF825301362002BECD0EFE77A
:1031C800CE8E000094860000F7B504460846FFF747
:1031D800C3FF06B204EB4606B38A0D46DB072BD5C0
:1031E800204603F0A2FE2946204603F00EFE58B101
:1031F800204603F020FE0022276800B207EB800378
:10320800C3F81025C3F810252946204603F03CFED4
:10321800002101A8B1820195FFF78EFF019B00EB09
:103228008300D0F88020064B134043F00203C0F817
:103238008030084603B0F0BD6FF01500FAE700BF14
:10324800F0F0FCFF2DE9F043044685B00846164629
:103258001D46FFF781FF0F46804636B3204603F030
:10326800DFFD18B9204603F0D0FD28BB0FFA88F916
:1032780004EB4909B9F8143013F01C0F02D0737825
:10328800012B19D001238DF80F3000233846CDE9E2
:103298000063721CB31C0DF10F0103F05EFDB9F859
:1032A800143043F00303A9F81430002D40D03946F8
:1032B800204603F0B5FD20B96FF0150005B0BDE854
:1032C800F0830022297823684FEA810C03EB8103FD
:1032D800C3F81025C3F810250FFA88F204EB420250
:1032E800938A23F4604323F0200393826E78FEB11F
:1032F8002468A8786444D4F810550E4B36042B4043
:10330800C4F8103541F6F07306F4403603EA0713A3
:103318000005D4F81055334300F4801003432B43C1
:10332800C4F81035938A43EA413343F0200393826B
:103338000020C3E70FE0ECFF70B590F8B0400546F9
:1033480090F8B1604CBB84222146143004F081FB14
:103358002146134A2B6852F836608E4213D1002456
:1033680040F20D10C3F84441D3F844210D4A93426A
:1033780008BFDB20FDF792FF0123204685F8B03017
:10338800C5F89C3070BDCAB2920002F58070442A1C
:1033980004BF1C501A580131DFE76FF07700F1E7DE
:1033A8004088000000A00D5090F8B100024B03EBDC
:1033B800800003F090BC00BF7C02002010B5064BD3
:1033C80090F8B1000C4603EB800003F06AFC00287B
:1033D800A4BF2070002010BD7C0200202DE9F04F12
:1033E800814659F8043B8DB0D3F8141390F8B140D6
:1033F80000936C4BC9B241F40031804653F8342035
:10340800009803F06BFD810305463BD5102200218F
:1034180008A804F01EFB634B08A803EBC4035B6811
:1034280019460193FFF7A2FE042303EBC403039399
:103438004FF0000B5C4B0DF1200A0293029A594998
:1034480012F8013B0292039A02EBD3028A5C03F062
:10345800070322FA03F3DA071AD40BF1010BBBF1C5
:10346800040F0AF1040AE9D14FF400310022009850
:1034780003F034FD019908A8FFF778FE0028D7D19A
:1034880025F400350124002D75D10DB0BDE8F08F6D
:10349800464B5B440493DAF800100029DDD091FA1A
:1034A800A1F1B1FA81F1049B1C7841EA4414204649
:1034B800FFF752FE08EB4000878AC808BB0805934F
:1034C80001231AF8002001F0070103FA01F122EAAA
:1034D80001020AF8002007A80794FFF72DFE079AB3
:1034E800059B203250F82220C7F382065B07374637
:1034F800C2F3014223D54846D6B221463A4603F0E4
:10350800A4FC07A80794FFF717FE079B203350F881
:103518002330C3F301439E4207D10021204603F024
:1035280065FC3146204603F061FC07A80794FFF7C5
:1035380003FE0122079B02FA03F30362ABE7022AA8
:103548000DD10321204603F051FC06F00503012BA1
:10355800EBD13A462146484603F077FCE5E70221DD
:103568002046059203F042FC032EF2D0059A032A66
:10357800DBD1022EECE795FAA5F3B3FA83F30099B1
:1035880004FA03F225EA020503F5A27251F8222093
:1035980008EB43034846B3F8A010C2F3014203F016
:1035A80054FC70E740880000CE8E0000CE8E0000EC
:1035B8000123034A03FA00F09368034393607047BA
:1035C8006000002073B504460191EFF311862023B3
:1035D80083F31288BFF36F8F0B4D019B6A6801A8B4
:1035E8001340019303F05DFB002807DB01226B68A1
:1035F800824023EA02036B602070002086F3118862
:10360800BFF36F8F02B070BD60000020074B027AD5
:10361800D3F8101521F001010A43C3F810250268F8
:10362800C3F8A4264268C3F8AC26704700200E50A1
:103638004FF0FF306FF0404130B5054CD4E900231E
:10364800904271EB0305F9D31046C3F3130130BD63
:1036580040270E5030B50C25074B1C1894F85440E1
:1036680005FB0433C3E9031218750123034A834099
:10367800C2F8243330BD00BF6000002000200E5087
:10368800F0B53D4D85B02C78002C6FD13B4A01AB8D
:1036980007CA83E807003A491846D1F8102522F0EE
:1036A8000202C1F81025FFF7B1FF0723672202F0D5
:1036B80001012144013BCCB24FEA5202F7D1052C5B
:1036C80057D119464FF0010C2B4E00246720CFB27A
:1036D80004E00CFA02F220EA0200013490FAA0F2A7
:1036E8005FFA84FEBE45B2FA82F2F2D30131327536
:1036F80005292A4482F8547006F10C06E5D1012107
:10370800002420489A0801FA02F212F0670F18BF45
:103718001C500433302BF5D1E420FDF7BFFD184BC6
:103728001949D3F8102503F5C07322F00202C3F833
:10373800902340F6FF72C3F8A82100221A60A3F56F
:10374800807004338B420260F8D101240C4B0F4A7D
:103758001C660F4B5D201B68B3FBF2F358430D4BFF
:103768002343984700202C7005B0F0BD6FF0770018
:10377800FAE76FF08B00F7E760000020A4860000EE
:1037880000200E5000210E50B0210E5040420F0074
:1037980078020020C086000038B5254B0C46D3F8C7
:1037A800102595073DD4D3F8102542F00202C3F83E
:1037B8001025C0B1D3F8482712F0010202BFD3F890
:1037C800481741F00101C3F84817194BD3F84017BF
:1037D800D3F844174900F9D42AB9D3F8482722F076
:1037E8000102C3F84827134B134A1B681049B3FB5F
:1037F800F2F303EB4313BBB1D1F84027D1F8445798
:1038080015F080450BD14FF0FF312046FFF7DAFE67
:10381800002803DB2078FFF7CBFE284638BD013BA4
:10382800E9E76FF07700F9E76FF07300F6E700BF9C
:1038380000200E507802002040420F0070B51D464F
:103848001446184A9DF81060131893F8543000B2C3
:103858000C3302EBC30142F833404D60C5F313014A
:10386800AEB10201104E02F1A04202F562228000C0
:10387800C2F820450644C2F82415336833B1FFF76F
:10388800D7FEA042A94101D20023336070BD0301D5
:1038980003F1A04303F56223C3F82045C3F82415B8
:1038A800F4E700BF6000002000210E50F0B50E4D77
:1038B8002B1893F8543000010C3355F8334005EBBE
:1038C800C3077E68641800F1A04021F0004146F16A
:1038D800000641EAC27100F5622045F833407E6077
:1038E800C0F82815F0BD00BF60000020F7B5284BD0
:1038F800284CD3F82C6304F188070EB903B0F0BD47
:1039080096FAA6F00123B0FA80F08340DA43224900
:1039180026EA0306231893F85450830019440C230D
:1039280003FB0543DB6873B3D7E8EF3F03EA020CF8
:10393800C7E8EECFBEF1000FF6D1C340DB0719D5BB
:10394800020102F1A04202F56222D2F82435D2F82F
:103958002025D1F800C0BCF1000FCED04FF0000CEC
:10396800C1F800C00C2101FB054529690091E968EF
:103978008847C2E705F10C0304EBC30C54F8332065
:10398800DCF80430E5E70A68002AB6D00B60B4E733
:1039980000200E506000002000210E50044B40EA29
:1039A8000120C3F80005D3F80024D207FBD57047DF
:1039B80000E0045038B5EFF31185202383F3128813
:1039C800BFF36F8F064B9C6803F02FFC85F31188BB
:1039D800BFF36F8F2046BDE83840FDF703BC00BF3A
:1039E800B4D0002038B50A4B53F82040013053F8C2
:1039F8002050A54200D838BD606830B1037EDB078F
:103A080001D403F0E7FB0834F3E723689847FAE7A3
:103A180050880000012270B5294B032086B01A7027
:103A2800FFF7E0FF03F095FD0420FFF7DBFF254CCF
:103A3800254D2646AE4204F1300410D300F014FDA3
:103A4800204C224EAC4226D300F022FDFCF7A0FE0B
:103A58001F4A137B23F00103137306B070BD54F89B
:103A68000C3C059354F8103C049354F8143C03930D
:103A780054F8183C029354F81C3C019354F8203C29
:103A8800009354E90A2354E90C0100F0F1FA54F8C0
:103A9800303C5E65CDE7D4E90A23B3F1FF3F08BFA8
:103AA800B2F1FF3F05D052EA0301206803D100F0CC
:103AB800ABFD3034C6E73146183000F043FFF8E775
:103AC80063DD0020D8850000D88500002D74000033
:103AD80060040020C02370B5144E86B003FB006656
:103AE800134B012205930F23CDE903320023CDE9BF
:103AF800013314234FF4A0720E4D0F4903FB0055F8
:103B0800044602FB00110D4B3046009500F0B0FA58
:103B1800737B2C7423F004037373094B013403EB98
:103B2800C423EE606B6006B070BD00BFA003002028
:103B3800D28E0000B4D0002068E50020DD720000BD
:103B480068DD0020BFB50020FFF74CFF284B03F5C8
:103B5800006282F3088883F30A880024E023254D55
:103B6800254F85F82230EC772C766C76AC7685F884
:103B780020406B6A43F4E0236B6285F82340FDF72D
:103B8800ABFAFDF731FC4FF0FF33AB62EB62FDF7A8
:103B9800B9FDFDF74FFC194800F0D2FA0120FFF7F4
:103BA80021FF0220164DFFF71DFF00F0A5FC154B65
:103BB80015495D61154B4FF4805205930123284642
:103BC800CDE90343CDE901443B46009400F050FAA7
:103BD80006466A7B284622F004026A7303F0F0FB6B
:103BE8002046FFF777FF3A4631462846FDF7DAFBCD
:103BF80068DD002000ED00E01D3A000020050020EF
:103C080060040020B4D00020A8E60020D78E000071
:103C1800002038B5054C064DAC4200D338BD2046CF
:103C280003F006FB0028F9DB1C34F5E7CC02002082
:103C3800E802002073B50C46EFF31181202585F3C7
:103C48001288BFF36F8FC5685DB125602B68C360AC
:103C5800836901338361002081F31188BFF36F8F7B
:103C680011E052EA030603D16FF00B002560F3E779
:103C7800CDE900230246083000F03CFB18B9034B9D
:103C88009B681B69236002B070BD00BFB4D00020E0
:103C98002DE9F34104460E469DF8200004F108087A
:103CA800EFF31187202181F31288BFF36F8F256A04
:103CB800E1688D4243D22568AC421AD0CDB128467E
:103CC80003F013FB05F1180003F017FCA2680024A9
:103CD8003146286903F0B0FE2846C5F8BC4003F019
:103CE8006FFB4046394600F099FB204602B0BDE81C
:103CF800F081A268A8B13146E06903F09DFEE3694E
:103D0800A26813446269E361934201D12369E361C4
:103D18000020236A0133236287F31188BFF36F8F72
:103D2800E4E7A1692369994208BF6369314608BF7E
:103D3800A361A069801AA06103F07EFEE8E752EA59
:103D480003010AD00649404689680E61CDE900237F
:103D58003946224600F0CEFAC8E76FF02200DBE7CA
:103D6800B4D00020F7B50446084604F10807EFF37D
:103D78001186202181F31288BFF36F8F216A0029F1
:103D88003AD0A268A16903F057FEA369A268256822
:103D980013446269A361934204BF2369A361236A40
:103DA800AC4203F1FF33236234D02846002D32D0D1
:103DB80003F09BFA05F1180003F09FFBA26829693C
:103DC800E06903F039FEE369A26828461344626992
:103DD800E361934204BF2369E361236A01332362E9
:103DE8000024C5F8BC4003F0EBFA3846314600F031
:103DF80015FB204603B0F0BD52EA030110D00A4972
:103E080089680861CDE9002331462246384600F02A
:103E180071FAEFE7002086F31188BFF36F8FE9E7A7
:103E28006FF02200F7E700BFB4D000202DE9F3417E
:103E3800044617461E46EFF31188202383F31288A1
:103E4800BFF36F8FC368334A7BB18068916888423B
:103E580019D057EA060318D188F31188BFF36F8F7A
:103E68006FF00F0002B0BDE8F081916891F90E1073
:103E78000133E36093682161A36088F31188BFF37D
:103E88006F8F0020EEE72169F2E791F90E1090F9A3
:103E98000E306FF07E029942A8BF19469142B8BF12
:103EA80011468B422DDD03F043FA05462246414672
:103EB800CDE90076184800F01DFA0028E1D0EFF3AC
:103EC8001186202383F31288BFF36F8FA068D0B1C7
:103ED800236821699C420AD04BB193F90E3099426C
:103EE800A8BF19466FF07E039942B8BF194603F080
:103EF8001FFA40B13146084800F090FA6FF00A0006
:103F0800B0E70025D2E7002DF4D186F31188BFF37E
:103F18006F8FF3E7B4D0002064DD0020F8B5836824
:103F28000546002B40D0234A926893423FD1C3688C
:103F3800012B03D9013BC3600020F8BDEFF31187C3
:103F4800202383F31288BFF36F8F0169806803F021
:103F5800EFF92C68A54207D10023C5E9023387F39E
:103F68001188BFF36F8FE7E7002CF5D0D4E9003252
:103F7800002613605A60637BC4E9006623F00203DD
:103F88006373A66004F1180003F0B7FAAC6094F903
:103F98000E3020462B61C4F8BC6003F011FA394694
:103FA800054800F03BFAC7E76FF01500C5E74FF08A
:103FB800FF30C2E7B4D0002064DD002070B5EFF315
:103FC8001186202383F31288BFF36F8F0468A04201
:103FD8001BD0D4B1D4E90032002513605A60637B4A
:103FE800C4E9005523F002036373A56004F11800C7
:103FF80003F083FA2046C4F8BC5003F0E1F93146D7
:10400800BDE87040064800F009BAD0E902329A4289
:1040180018BF0133836086F31188BFF36F8F70BDBB
:1040280064DD002013B5EFF31181202484F3128896
:10403800BFF36F8F846844B1013C846081F31188B9
:10404800BFF36F8F002002B010BD52EA030406D1FF
:1040580081F31188BFF36F8F6FF00F00F3E7CDE99D
:1040680000230246014800F045F9ECE764DD002032
:104078002DE9F04F984685B000F15803C0E9163392
:10408800129B002503730423D61D26F007064373ED
:10409800119B01EB060A0F46C0E90655514685609B
:1040A8008373C5730446DDF838B0DDF84C90FCF72F
:1040B80005FE109B073020F00700C4E92976C4F8F4
:1040C800AC0002930F9BAAEB0006CDE900B3324681
:1040D800434639462046FDF749F90F9BC4E91C8B36
:1040E800A367109B656584F86C50E367EFF3118351
:1040F800202282F31288BFF36F8F104F3A6A3C6216
:10410800C4F8802083F31188BFF36F8FB9F1000FD3
:1041180011D01F22494604F1840003F0B2FC84F850
:10412800A350BB680BB1D3F8B0303046C4F8B030F8
:1041380005B0BDE8F08F84F88490F2E7B4D0002091
:1041480040F2011383810023C0E92933C0F8B0305D
:10415800014B9860704700BFB4D000206FF00A018F
:10416800094A9368C3F8BC100849C3F8B8004B68FB
:1041780043F080534B60002383F31188BFF36F8FA4
:104188009368D3F8BC007047B4D0002000ED00E07D
:1041980070B590F90D20437B002A36DBD90634D15F
:1041A8001B4C63F07F032246437352F8183FE169C2
:1041B800934207D1C0E900210860E06111E099420B
:1041C800F8D01B68002BF5D090F90E5093F90E60CB
:1041D800B542F4D0AE42F2DD5968C0E9003108605A
:1041E8005860A569954200D005B9E568A3685A7B6F
:1041F800D20604D1DA897F2A01D9AA6932B1AB4241
:1042080002D0284600F0FCFA656170BD6361FCE7E6
:10421800B4D0002038B590F90D200146002A437B20
:1042280004DA03F07F03437303F090F80D4D2A4638
:1042380052F8184FAB68944200D004B9EC688B422E
:1042480007D05A7BD20604D1DA897F2A01D9A2691C
:104258002AB1A34202D0204600F0D2FA23466B616D
:1042680038BD00BFB4D00020B3F1FF3F08BFB2F1A2
:10427800FF3F03D00249183000F064BB704700BF0D
:104288002D74000038B5194CA168E0690B688142AB
:1042980014BF1A46002249680B605960A368E16997
:1042A8002AB9134AC3E900210B60E3610CE093F9D2
:1042B8000E0092F90E50A84214D0854212DD5168C2
:1042C800C3E900210B605360A569094B9D4200D0EA
:1042D80005B9E568A3689D4202D0284600F090FA27
:1042E800656138BD9142DCD01268D9E7B4D00020AE
:1042F800CCD00020F8B5DDE906670D4B0C46986870
:1043080011460C4A1060EFF31182202282F31288C2
:10431800BFF36F8F9D68284603F02AF82846324677
:104328003B46FFF7A1FF2046BDE8F840FFF716BF60
:10433800B4D00020D8D00020F8B50446EFF3118798
:10434800202383F31288BFF36F8F437B49B203F0B6
:104358001F02002A0CBF0126002639D103F07F0373
:104368002D4D437302F0F2FF2A46437B817363F0BD
:104378007F03437352F8183F934227D1E869C4E991
:1043880000200460EC610FE09842F8D01B68002B15
:10439800F5D093F90EC06145F6D08C45F4DD596827
:1043A800C4E900310C605C60AC69944200D004B987
:1043B800EC68AB689C4202D0204600F021FA6C61A0
:1043C80087F31188BFF36F8F3046F8BDE869DEE7E1
:1043D8009B071ED5856802F0B9FF81732B689D4243
:1043E80009D16B68C4E900531C606C60E8E76A682F
:1043F8009342F6D01B68002BF3D093F90E2091421C
:10440800F5D08A42F3DD5A68C4E9003214605C6072
:10441800D6E78173D4E700BFB4D0002049B9EFF3E1
:10442800058030B9054B5A699B689A4201D0FFF75D
:1044380095BE81F31188BFF36F8F7047B4D0002009
:10444800034648B9EFF3058232B9064A51699268C2
:10445800914201D0FFF782BE83F31188BFF36F8FBB
:10446800704700BFB4D00020EFF31181202383F3FD
:104478001288BFF36F8F054B9A68D37B013BD373C8
:1044880081F31188BFF36F8F704700BFB4D000204D
:1044980070B5EFF31186202383F31288BFF36F8F73
:1044A800144DAB68DA7B0132DA732A4652F8184F9A
:1044B800944200D004B9EC685A7BD20604D1DA8958
:1044C8007F2A01D9A2692AB1A34202D0204600F06E
:1044D80097F923466B6186F31188BFF36F8FEFF36B
:1044E8001180202383F31288BFF36F8FBDE87040DB
:1044F800FFF7A6BFB4D00020024B03F11802C3E9AE
:1045080006227047B4D0002070B5EFF3118620233F
:1045180083F31288BFF36F8F1B4CA168E0690B68A7
:10452800814214BF1A46002249680B605960A3688B
:10453800E1692AB9154AC3E900210B60E3610CE07F
:1045480093F90E0092F90E50A84218D0854216DD54
:104558005168C3E900210B605360A5690B4B9D426C
:1045680000D005B9E568A3689D4202D0284600F04E
:1045780047F965613046BDE87040FFF7EFBD8A42F4
:10458800D8D01268D5E700BFB4D00020CCD0002026
:10459800F8B550EA010306460C4603D1FFF7B4FF0D
:1045A8000020F8BDEFF31187202383F31288BFF3AF
:1045B8006F8F124D124BA8681860FFF72BFEA86882
:1045C800234632460F49183000F0BCF9AA68044661
:1045D800537B384643F004035373FFF7BFFDAB68C2
:1045E800D3E90A23B3F1004F08BF002AD8D102F05B
:1045F800ACFF201A20EAE070D3E700BFB4D0002057
:10460800D8D000202D74000038B50446EFF311858A
:10461800202383F31288BFF36F8F437B5B070FD58B
:10462800183002F06AFF637B204623F004036373AB
:10463800FFF7AEFD2946BDE838400448FFF7EEBE57
:1046480085F31188BFF36F8F38BD00BF64DD00208C
:10465800014B9868704700BFB4D000202DE9F8439B
:104668000446077BEFF31185202383F31288BFF3F9
:104678006F8F437B190705D585F31188BFF36F8FBB
:10468800BDE8F883D90943F0080260D14273A368F2
:1046980013B1204602F062FE04F1180002F02DFF6B
:1046A800A66D04F15808B04511D04FF0000976B155
:1046B800304602F053FE06F1180002F01EFF3046A5
:1046C800C6F8BC90FFF764FDA66DB045EFD1DFF8E2
:1046D800C480D8F808309C4241D1EFF30589B9F17C
:1046E800000918BF4FF00109D8F818602A4A964205
:1046F80000D00EB9D8F80C60B34202D0304600F0B2
:104708007FF82046C8F8146001F08FFE204600F0BC
:10471800C9F8B9F1000F02D02048FFF711FDD8F809
:1047280008309C4231D1EFF3058373BB227BD2075B
:1047380018D42846FFF712FDFB07A1D5002383F301
:104748001188BFF36F8F0423184602DF98E703F040
:104758007F0343F00803437302F0F8FD97E74FF037
:104768000009C1E785F31188BFF36F8F83F31188C0
:10477800BFF36F8F0423184602DFEFF31180202365
:1047880083F31288BFF36F8FD4E785F31188BFF3E3
:104798006F8FD1E7B4D00020CCD0002020050020B6
:1047A800427B034612F01F0210D10A4988420DD0FD
:1047B8000949086868B1D9897F2909D893F90E2071
:1047C800064B1B689A42B8BF00207047002070470C
:1047D80010467047A003002084020020DCD000208F
:1047E8000122044BC01A044BC0105843034B1A54FF
:1047F800704700BFE0050020ABAAAAAA64DD00202C
:1048080070B50D4B0D4D1E7CFFF7CAFF06EB460336
:1048180005EBC3050446284602F06FFE0022084B4C
:104828009A553CB1621E2846BDE870400549D31729
:1048380000F088B870BD00BFB4D00020E0050020AB
:1048480064DD0020E947000038B5EFF31185202327
:1048580083F31288BFF36F8F0F4B104A9C68106860
:10486800A04206D1FFF7CCFF85F31188BFF36F8F05
:1048780038BD00211B7C1160094AD35C002BF3D0A2
:104888002046FFF78DFF0028EED0637BDB0601D1C1
:10489800FFF7F8FC2046E5E7B4D00020D8D0002088
:1048A80064DD0020EFF31181202383F31288BFF326
:1048B8006F8F0C4A136A834208D1D3F88030136291
:1048C80081F31188BFF36F8F70471346002BF7D021
:1048D800D3F880208242F8D1D0F88020C3F8802015
:1048E800EEE700BFB4D00020024B1868984208BF1A
:1048F8000020704788020020034B1B680BB9FEF7A5
:1049080035B90020704700BFE0D0002030B570B145
:104918000B4B5B6898420AD0036843B1D3E9042182
:10492800D0E90445121941EB0501C3E90421D0E996
:10493800003213605A600023C0E9003330BD00BF65
:1049480088020020B3F1FF3F08BFB2F1FF3F2DE915
:10495800F84F0446994615461F467AD08160EFF312
:104968001188202383F31288BFF36F8FB9F1000FEA
:10497800DFF8E4A020DBFFF7BFFFDAE90027013505
:1049880049F100092D1849EBE07306464FF001097B
:10499800C4E90453AD1843EB0707FFF7A5FF034627
:1049A800DFF8B8E0DEF804A0EBB9C4E900EACAF819
:1049B8000040CEF8044028E06FF00103DAE9001265
:1049C8005B1A4FF0FF3161EB02025B1B62EB0902DD
:1049D800012B72F10001BCBF012300224FF0000936
:1049E800C0E90432D9E7D3E9041CD4E904208A4297
:1049F80070EB0C0B24DA891A5A686CEB0000C3E9D7
:104A08000410C4E9003214605C60FFF76DFF844253
:104A18000ED1134B1B685BB9B9F1000F02D1FFF738
:104A28006BFF0646304602F051FD0021FEF7B2F852
:104A380088F31188BFF36F8F28463946BDE8F88F91
:104A4800521A60EB0C009A45C4E90420ADD01B68EB
:104A5800AAE700252F46EFE7F80500208802002086
:104A6800E0D000202DE9F047EFF31185202383F3F0
:104A78001288BFF36F8FDFF8A0900026C9F80000F6
:104A88000027FFF731FFDFF89480D9F80030D8E924
:104A980000ECD91750B1D0E90442A34271EB020AE5
:104AA8001BDAE41A62EB0102C0E90442002413EBAA
:104AB8000E034CEB01012046C8E90031C9F800405B
:104AC80002F004FD2146FEF765F885F31188BFF36F
:104AD8006F8FBDE8F047FFF7B7BE14EB0E024CEB43
:104AE800E473C0E90467C8E90023FFF70FFF85F303
:104AF8001188BFF36F8F83689847EFF311852023E0
:104B080083F31288BFF36F8FD9F800301B1BC9F8E5
:104B18000030FFF7E9FEB8E7E0D00020F8050020F4
:104B280010B5EFF31184202383F31288BFF36F8F3E
:104B3800FFF7E2FE0346054AD2E90001181841EBE7
:104B4800E37184F31188BFF36F8F10BDF80500205F
:104B580038B5064C064DAC4201D3002038BD20467E
:104B6800D4E9011202F0F6FC1434F4E7E80200205C
:104B7800E8020020F8B50D4E0D4C0E4D33680E4876
:104B8800984767782B680C48984733680B489847CC
:104B9800022F08D12478E31F5C425C412B68074848
:104BA80098472046F8BD0024F8E700BFB802002067
:104BB800E4D00020B40200204C0300203803002079
:104BC80070B51D4E1D4C33681D489847237859070A
:104BD80044BF23F00403237023789A0705D500F017
:104BE800C1F8237823F002032370164D14482B686C
:104BF8009847336814489847637813B1134802F00C
:104C0800DEFC002304211148637000F0CBF82B6808
:104C18000D48984733680A4898472378DB0705D535
:104C280002F0CAFC237823F0010323702B680448A0
:104C3800BDE87040184700BFB8020020E4D000204B
:104C480038030020B40200204C030020E8D00020E4
:104C58002DE9F041FFF78EFF18B100242046BDE88A
:104C6800F081364F36483B689847044620B16FF0CC
:104C78008F04FFF7A5FFF1E7324D2B78D80706D44C
:104C880002F098FC04462B7843F001032B702E4E5B
:104C98002B483368984710B1002CE8D0E9E7002C7E
:104CA800E7D13B682648984704460028DFD12B788F
:104CB800990706D400F04EF804462B7843F0020317
:104CC8002B7033681E4898470028E5D1002CD0D1B6
:104CD8003B681B4898470028C9D13368184895F89D
:104CE800008098470028C2D13B6818489847044676
:104CF8000028BCD16B7843B918F0010F05D01448CF
:104D080002F05BFC022304466B7033680F48984737
:104D18000028C1D1002CACD13B680948984700282D
:104D2800A5D12B7806485A075CBF43F004032B70C3
:104D380033689847002890D099E700BFB802002050
:104D480038030020E4D00020B40200204C030020E7
:104D5800E8D000200122024B002083F8802570470C
:104D6800ECD000202DE9F0410A4C002526464FF0F2
:104D7800010803272046C4F820802777013502F070
:104D8800FCFB202D04F12C04F4D1002386F8803597
:104D9800BDE8F081ECD00020014B1B68184700BF2C
:104DA8009002002010B50A46044619B1024B0021B2
:104DB8001B68984710BD00BF9402002010B50D4C29
:104DC800206802F0ABFD0C4A1368591C11605BB9EE
:104DD8000A4A5920D2F8003443F00703C2F80034D5
:104DE800FCF75CFA00F02EFC2068BDE8104002F0E9
:104DF8009BBD00BF9C02002070D60020009005508B
:104E080038B5164D286802F089FD154B1C68013C21
:104E18001C60ECB95920FCF74FFA0722114BC3F874
:104E28000823D3F8002422F00702C3F80024C3F8AB
:104E38000041D3F80021C3F80441D3F804214FF00E
:104E48000072C3F80841D3F80831074BC3F888212A
:104E58002868BDE8384002F067BD00BF9C0200200A
:104E680070D600200090055000E100E070B5104DAC
:104E7800104E2B68B3420DD0FFF7A0FF00F03AFDAB
:104E880000F0CCFD40B102F0A7FB0446FFF7B8FFE5
:104E980044B92E60002405E000F0D4FA044618B1A5
:104EA800FFF7AEFF204670BD02F099FCEDE700BFAA
:104EB80098020020117365000022074BC3F81021E7
:104EC800C3F80C21C3F80021C3F80421C3F8082152
:104ED800C3F81821704700BF0090045008B5FFF7C9
:104EE800EBFF01230360104B0A6832B9D3F80C2199
:104EF8001AB9D3F80821002AF6D00B687BB90B4BF6
:104F080099420ED0A3F58473D3F80831002B0CBF57
:104F18004FF0FF306FF00200FFF7CEFF08BD002012
:104F2800FAE74FF0FF30F7E700900450089104507B
:104F380038B505460C4691B10021012002F043F92D
:104F480008480949C0F80055C0F80445FFF7C6FFEE
:104F580000210446084602F036F9204638BD6FF0B5
:104F68000104FAE70090045000910450034B0449EF
:104F7800C3F800050348FFF7B1BF00BF0090045015
:104F8800049104500490045010B5044600210120F7
:104F980002F019F9064B0749C3F800450648FFF720
:104FA8009DFF00210446084602F00DF9204610BD79
:104FB80000900450089104500890045038B50C46ED
:104FC80059B1074D0749C5F800050748FFF786FF9F
:104FD80010B9D5F80835236038BD6FF00100FBE73C
:104FE80000900450109104500C9004502DE9F047A3
:104FF800804600244FF010091E4E94B00DF127058D
:1050080025F01F0506F1200A012210211A4802F096
:105018004EFB2B1900935246102320211548CDF83A
:10502800049000F04DFA0746F8B9D6E90C3210346E
:10503800013342F10002302CC6E90C32E4D1B8F158
:10504800000F04D022464146284602F023FB2E4694
:10505800084C0FCE0FC496E80F00203584E80F00E7
:1050680095E80F00103484E80F00384614B0BDE806
:10507800F08700BF0006002020060020F0B5194D7B
:10508800194FAB6B8DB0BB4229D0184E306802F077
:1050980045FC402300221946284602F012FB302125
:1050A800684602F02FFB044678B96846FFF79EFF72
:1050B800044690B9302302461946684602F001FBBF
:1050C80001220023C5E90C23AF63306802F02CFCF1
:1050D800204602F081FA0DB0F0BD0E24F5E700205D
:1050E800F9E700BF00060020B4A5B4A5A00200207F
:1050F8002DE9F04F99B00DF1570802F10F098246DA
:105108000E46144628F01F084FEA191922B1002943
:1051180069D0B2F5005F66D8344F354D386802F073
:10512800FDFBD5E90C3213430BD15046FFF7A6FF20
:10513800834630B1386802F0F7FB584619B0BDE82D
:10514800F08FD5E90C2319EB020943F10003B9F5F7
:10515800803F73F1000314D3302102A802F0D2FA81
:10516800B8B902A8FFF742FF83460028E2D13023EE
:105178000246194602A802F0A4FA00220023C5E953
:105188000C23DFF870A03CB92046FFF72FFF8346B9
:10519800D0E76FF0920BCDE7102C4FF001024FF0E3
:1051A80010015046A14628BF4FF0100902F07FFABF
:1051B800102352462021CDE900830D4800F080F9E4
:1051C80083460028B6D14A463046414602F034FCB0
:1051D800D5E90C32013342F10002C5E90C32A4EBE7
:1051E80009044E44CFE76FF0860BA6E7A002002023
:1051F80000060020200600202DE9F04F89B0074660
:105208000C4615461E4602F0C7FA78B97B6900902D
:10521800C3F3013262F305108DF8000010F030007E
:1052280007D1B96889070FD06FF0860009B0BDE8CB
:10523800F08F102808D1BDF8023023F4F87343F436
:10524800A873ADF8023053E0DBB2F82B02D06FF050
:105258008500EBE700234FF0010B984619469C4662
:10526800D7F808E0DFF8CC9159F804AB1EEA0A0F2A
:1052780008D00BFA0CF343EA080303F07F08012374
:1052880041EA0A010CF1010CBCF1070FECD12BB17A
:105298009DF8033068F347038DF803303EEA0101B7
:1052A800D5D17B88FF2B35D005D8802B34D0C02BA7
:1052B800CDD1022306E0B3F5807F2FD0B3F5C07FB0
:1052C800C5D106239DF8021063F306118DF802106C
:1052D80010B91EF0030FA7D13B79022B2BD01FD892
:1052E800012BA1D1BDF8021063F3C811ADF802106B
:1052F800012A39D0032A23D0002A95D13B88B3F557
:10530800105FA4D1182E03D0202E01D0102E8BD1DF
:10531800494F2DE00323D5E70123D3E70423D1E741
:10532800032B02D0FF2B7FF47FAF0221BDF80230A0
:1053380061F3C81385E7BDF8023043F4C07380E712
:10534800412E0ED0202E05D006D8102E02D0182EB1
:105358007FF46AAF394F0BE0302EFBD0612E7FF41B
:1053680063AF0135013EF5E7302E7FF45DAF344F72
:105378004FF000080F364FEA1619C14515D11F2EF8
:105388001CD81C22002101A802F063FB4FF0000A80
:105398004FF0FF39D04518D11F2E04D9BA20FFF796
:1053A800F3FD002835D1002040E704EB080002F0A7
:1053B8009FF900283AD008F10108DEE74146204667
:1053C80002F0D2F90028DCD030E707EB0A124FEAE6
:1053D8000A130692BAF1000F1ED1009A0792BDF87F
:1053E80002202B44C2F3C11205920DF1040C03F103
:1053F800100E624618685968083303C2734594460C
:10540800F7D101A904EB0A00FFF792FD38B102F0C9
:10541800C3F96FF0920009E7CDF81C90DFE71C2173
:1054280001A802F059F90AF1010AB3E76FF08A00FE
:10543800FCE600BF6888000000FF0720000000208D
:105448001094055010B590B01C22002101A802F05C
:1054580000FBF82002F04CF908B3202200200DEBE5
:105468000201FFF745FE0446F8B901A84FF4807120
:1054780002F070F90E4B0F4904930F4BCDE901135D
:105488000E4BF821069320230DEB0302FFF7B4FE21
:10549800202104460DEB010002F01EF905E0F92079
:1054A80002F026F90028D8D10446204610B010BDD5
:1054B8000010C00400240001014B4E80F800FF7F5B
:1054C8002DE9F3411D464FF48073284C8046002097
:1054D80017460E46019300F097F901AB236011239C
:1054E800234A0121C4E9022304F11003636040F652
:1054F8001103E36104F1200363612123089AE36245
:105508001C4B46F000561A60099A45F0005542F0C7
:105518000052C3E901122022C4F81080A661276254
:10552800A5626162DA60BFF35F8F134A1460BFF34C
:105538005F8FBFF35F8F1361BFF35F8FBFF35F8F21
:1055480003235363BFF35F8FBFF35F8F9363BFF38F
:105558005F8F00F039F8431C0446FAD0002000F0B1
:105568007DF9204602B0BDE8F08100BF84D6002056
:105578000400002074D600200000015038B5BFF3A5
:105588005F8F104CE569BFF35F8FBFF35F8F102308
:105598006363BFF35F8F012002F0DBF9BFF35F8F16
:1055A80000236363BFF35F8FBFF35F8FE36BBFF3CA
:1055B8005F8F5B06F8D425B1BFF35F8FE561BFF35A
:1055C8005F8F38BD0000015008B500F0A7F9104AF8
:1055D80020B9BFF35F8F906ABFF35F8FBFF35F8F10
:1055E800D36BBFF35F8F10F0240F03F0230304D0B5
:1055F800FFF7C4FF6FF01F0008BD4FF0FF30002B0E
:10560800FAD1BFF35F8F1063BFF35F8F1846F3E7DC
:1056180000000150BFF35F8F094A1368BFF35F8F23
:1056280043F48071BFF35F8F1160BFF35F8F23F482
:105638008073BFF35F8F1360BFF35F8F704700BF46
:1056480000100150BFF35F8F1522064B5A62BFF35B
:105658005F8FBFF35F8F40F237129A62BFF35F8F9D
:10566800704700BF0010015008B5FFF7D3FFBFF324
:105678005F8F064A1368BFF35F8F43F00103BFF3E0
:105688005F8F1360BFF35F8F08BD00BF001001502C
:1056980070B50026C0E9006605460C46FFF78EFB8C
:1056A80001232B70FFF7B6FFBFF35F8F204BDB683A
:1056B800BFF35F8F9B08013BACB3226842B19A42AB
:1056C80005D9FFF79DFB6FF03F002E7070BD1346A4
:1056D800D4E90115E068002908BF4FF400710028DB
:1056E80008BFF1202469BFF35F8F114A9360BFF3AD
:1056F8005F8FBFF35F8F1564BFF35F8FBFF35F8F5B
:105708005064BFF35F8FBFF35F8F5163BFF35F8F49
:1057180044F4802444F00104BFF35F8F1460BFF3A6
:105728005F8F0020D2E74FF40071F1202546DAE7B9
:105738000010015070B503780D461446002B53D065
:10574800BFF35F8F2D4A136BBFF35F8F5908C3F305
:105758004203052B4BD011F0060F02D14FF0FF305A
:1057680070BD4368D3B9BFF35F8F5368BFF35F8FD2
:10577800032BF3D9224B2349BFF35F8FD2F8806004
:10578800BFF35F8FBFF35F8F43F8046BBFF35F8F87
:105798008B42F1D1FFF768FF01234360BFF35F8FAE
:1057A800164B9A68BFF35F8F0132B4EB021F21D802
:1057B800BFF35F8F5A68BFF35F8FB4EB820FCDD80A
:1057C80084B1BFF35F8FD3F88020BFF35F8F291DAB
:1057D80005F8012B8D424FEA122204F1FF34EFD075
:1057E800002CF5D10020BBE76FF02000B8E76FF080
:1057F8005100B5E76FF03F00B2E700BF001001505D
:10580800101001502010015010B50446FFF7D6FAC9
:10581800104B186802F082F80CB101232370BFF313
:105828005F8F00220C4BDA61BFF35F8FBFF35F8F8E
:105838004FF0FF321A63BFF35F8FBFF35F8F3422DD
:10584800DA61BFF35F8F012203F59223C3F80423C3
:1058580010BD00BFA40200200000015010B504468E
:1058680038B9FFF7CDFABDE81040074B186802F0C9
:105878005BB803783BB1FFF7C3FA034B186802F033
:1058880053F80023237010BDA402002038B5154C2E
:10589800D4F80051BDB1BFF35F8F134B996ABFF3C2
:1058A8005F8FBFF35F8F4FF0FF321A63BFF35F8FD5
:1058B8000023C4F80031D4F800310C4B1868BDE857
:1058C800384002F044B8D4F8083153B100F076F803
:1058D80001F0B5FFC4F80851D4F808310121044B90
:1058E800ECE738BD0090055000000150AC020020E4
:1058F800A802002008B5074B186802F017F8064BF5
:10590800186802F013F8BDE8084000225920114633
:10591800FBF7F4BCAC020020A802002038B5094B04
:105928001C7864B1084B4FF0FF311D68284601F020
:10593800FFFF4FF0FF310446284602F006F82046E4
:1059480038BD00BF63DD0020AC02002010B5064C56
:10595800E36C3BB9214651F84C3B986901F0B0FF24
:105968000123E364014810BDB4D6002000D700200D
:1059780010B504460E4B186801F0D0FF0D4B1A689D
:10598800236122605A6862609A68A2600A4A1268B3
:105998009A660023A364FFF711FA204601F040FF3E
:1059A8000028FAD1204601F040FF0028F5D110BDAB
:1059B800B0020020B4D60020848800000048704758
:1059C800B4D6002010B50446054A036912689A66E1
:1059D80001F069FF2046BDE8104001F038BF00BF64
:1059E8009C88000010B50446FFF7ECFF0422084B22
:1059F800C3F80823FFF704FA064A236912689A666F
:105A080000236364044BBDE81040186801F08CBFA4
:105A18000090055084880000B002002010B5104B9B
:105A2800104C236003F5C04363602461FFF78EFFC9
:105A380098B1236D2046B3F5007FCCBF4FF4806347
:105A48004FF40073A360FFF793FF2046FFF7BAFFF8
:105A58002046FFF7C7FF002010BD0E20FCE700BF5F
:105A680000200150B4D60020244B0340B3F5806FCA
:105A78002FD017DC402B2ED008DC102B2DD0202B5C
:105A88002DD0181E18BF012040007047B3F5807F45
:105A980027D0B3F5007F26D0802B08BF0B2018BF76
:105AA80002207047B3F5804F1FD00ADCB3F5805F42
:105AB8001DD0B3F5005F1CD0B3F5006F08BF0620FA
:105AC800EDE7B3F5004F16D0B3F5803F08BF0320CC
:105AD800E5E7112070470A2070470C20704709201D
:105AE800704708207047072070471420704705202A
:105AF8007047042070470F20704700BFF0FF010077
:105B08002DE9F0434FF0000985B00546CDF8049023
:105B180000F10C07EFF31188202383F31288BFF3F9
:105B28006F8F8368594003EA02060A4053400E49C2
:105B380001AACDE9023901F0A7FC019C3CB120463D
:105B4800C4F8BC900021246E01F049FCF6E7DDE9B9
:105B5800023223EA020338464146AB60FEF75EFC98
:105B6800304605B0BDE8F083E57900002DE9F04F37
:105B780043688DB015468046029383789A0740F1B2
:105B88000D8100240E78002E00F00A81252E0BD0FE
:105B98004B1C0393013441463046029B984700282A
:105BA800C0F2F6800399EDE74E788B1C252E0393FF
:105BB800F0D00027B946BB46BBF11F0F38D8A6F175
:105BC8002003102B0AD8DFE803F02A090930090955
:105BD800092109090928092D09091F00A6F130031F
:105BE800092B33D92A2E37D11BF0400F55F8043B27
:105BF80040F08280002BA7BF4BF0200B9946C3F1E1
:105C080000094BF0280B01E04BF0010B039B13F844
:105C1800016B0393002ECFD130E04BF0020B4BF019
:105C2800040BF3E74BF0080BF0E74BF0100BEDE734
:105C3800BBF17F0F19D8A6F13003092BD2D81BF07E
:105C4800400F03D00A2101FB0737DFE70A214BF099
:105C5800200B01FB0939D9E72E2E06D11BF0400F86
:105C680040F09E804BF0400BD0E76C2E31D02BD803
:105C7800682E36D06A2E3CD04C2E3AD0002F46F0F3
:105C88002003B8BF2BF04002A3F16501BCBF002779
:105C98001FFA82FB022901D9612B2FD1073507276B
:105CA800DFF8ACA225F0070508351BF0080F66D011
:105CB8000AEB070B56465E4563D1A4EB0A0AA9EB2B
:105CC800070906EB0A026FE1742E9FD07A2E9DD049
:105CD800D4E71BF0800F18BF4BF4007B4BF0800B10
:105CE80094E71BF4807F18BF4BF4007B4BF4807B58
:105CF8008CE74BF4207B89E71F4687E7A6F1630111
:105D0800122900F2F080DFE811F013004F00EE00D6
:105D1800EE00EE00EE004F00EE00EE00EE00EE00AA
:105D2800EE00FE00E900EE00EE001B00EE00AF0002
:105D380055F8043B01270DF1180A8DF81830B4E71F
:105D480055F804AB834BBAF1000F08BF9A461BF015
:105D5800400F504614BF39464FF0FF3101F0A1FE05
:105D68000746A2E741462020029B984700280FDB00
:105D7800013EB742F6D34C44B146A41B98E74E46C1
:105D8800F7E7414616F8010B029B9847002892DA7C
:105D980098F8023043F0040388F802304FF0FF34DB
:105DA80020460DB0BDE8F08F1BF0800F34D01BF4F7
:105DB800007F2CD0073525F00705AA4669685AF8F0
:105DC800080B2BF010050029ADB237DA404245F434
:105DD800806561EB41010DF1180B0A235A4601F069
:105DE8006CFEA0EB0B0301936B0662D5019B25F0BB
:105DF80001019F4289B240F3A180002E00F09980F2
:105E080015F0100240F09C80BB460D4623E0AA46E0
:105E18005AF8040BC117D4E7AA461BF4807F5AF836
:105E2800041B01D10846F5E71BF4007F19BF48B2EF
:105E380041F3C01108B241F3C031C2E750EA01038F
:105E4800C9D11BF0400FC6D0002FC4D12BF01102CE
:105E5800BB46019795B240F2064115EA01021CBF04
:105E68000BF1010B00222CE02BF010020A231FFA81
:105E780082FB1BF0800C49D01BF4007115BF07355D
:105E8800AA4625F007055AF8040B1EBFAA466968FA
:105E98005AF8080B50EA010545D12BF016051BF0FE
:105EA800400FADB242D0002F40D12BF0170201971E
:105EB80095B215F0100248D0019B002E42D103F193
:105EC800010B29075AD4EB0706D5D9456FDDA9EB95
:105ED8000B030199CB465F185B4649E04BF0100B6A
:105EE80010237826C5E7782B04D1C6F1780343F050
:105EF8001003BEE741462520029B98470028FFF67D
:105F080047AF023447E608230026B2E7AA461BF447
:105F180080715AF8040BBDD01BF400711ABFC0B2CF
:105F2800614680B2B6E72BF0060295B20DF1180B68
:105F380054E725F01105BB46ADB28CE70D46B8E72E
:105F48003B460D4603F1020BBBE7DDF804B082E7E0
:105F5800E38E0000DC8E0000CDE9043241462020AB
:105F6800029B98470028FFF613AF049B059A01335C
:105F78009945F1DCA4EB0B019B46CC180AB34146CA
:105F88003020029B98470028FFF602AF8EB90134F3
:105F98002744391B019B994224DC1D4655BB019AB5
:105FA800A9EB0B09554622441446914433E0019F5E
:105FB80092E7023441463046029B98470028E7DAC8
:105FC800E6E640F206410D42E2D015F0020F04F178
:105FD8000104414614BF2B20202015F4806F18BF00
:105FE8002D20E9E741463020029B013498470028DC
:105FF800CFDACDE606AB013D4146585D029B984796
:106008000028CBDAC4E641462020029B0134984799
:106018000028FFF6BDAEA9EB0403002BF3DCC1E5B5
:106028007047836800EBC101B3F5004F2CBF51F8EE
:10603800220031F81200704700EBC1018068B0F50A
:10604800004F2CBF41F8223021F81230704701224E
:1060580008B5FFF7E6FFD04008BD836800EBC10133
:10606800B3F5004F08D34B681AB143F001034B60F6
:10607800704723F00103FAE74B881AB143F0010394
:106088004B80704723F00103FAE753000122FFF722
:10609800D3BF8368481CB3F5004F34BF04230823DB
:1060A8000833A0EBD300B0FA80F0C0F11F007047AE
:1060B8002DE9F0410D4686680446FFF7C8FFB6F59E
:1060C800004F014601D3012832D02046FFF7E1FFF7
:1060D80004EB80010E6996B90122E36882401343FC
:1060E800E36002220D612B4629462046FFF7A4FFF4
:1060F800032229462046BDE8F041FFF79DBF022252
:1061080031462046FFF78DFF0746034629462046BD
:10611800FFF792FF0322334629462046FFF78CFFFC
:1061280039462B462046FFF787FF02223146E1E732
:10613800BDE8F081B2F5802F2CBF082304232DE998
:10614800F0410026D21A8C18CD1D25F0070524F041
:106158000704641BE408056021462846AC60EE602D
:10616800FFF797FF421D9200013002F107074FEA3F
:10617800D7073146A2F1100205F11000B8BF324628
:1061880001F067FC3A4631462846FFF77EFF334662
:10619800324631462846FFF74FFFA4EB070828464A
:1061A80031460122FFF759FF42463946FFF76DFF96
:1061B8003B46324639462846FFF73EFF21462846E9
:1061C800FFF763FF4346324621462846FFF734FF70
:1061D800214628460122FFF740FF3946BDE8F04135
:1061E800FFF766BF002070470FB407B504A951F840
:1061F800040B0191FAF7B2FB03B05DF804EB04B0AD
:106208007047038B13F0070305D10368002B0CBFFD
:10621800002003207047022B05D1408BB0FA80F094
:10622800400980007047012B05D10368002B0CBF83
:106238000020052070470020704710B50C4600B1BB
:1062480011B96FF0150010BD081D00F0B7F800284F
:10625800F9D1A368032BF6D9F3E72DE9F0410D46F0
:1062680007461946281D90461E4600F0B8F8044611
:1062780038B13346424629463846A446BDE8F0417F
:106288006047BDE8F08110B4EFF31182202484F355
:106298001288BFF36F8F416110BC0121FAF790BBE0
:1062A80038B50C46054658B151B10B6843B14B6837
:1062B80033B11C22002101F0CCFB00202C6138BD39
:1062C8006FF01500FBE770B505460E46FFF7B5FF02
:1062D800041E14DBEFF31182202383F31288BFF32B
:1062E8006F8F4FF6FF716B8B2C8B8B4204F007047A
:1062F80007D182F31188BFF36F8F6FF00A0420462D
:1063080070BD022C0CD101336B8382F31188BFF36B
:106318006F8F0023224631462846FFF79EFFEEE79F
:10632800062C14D8DFE804F004131313041A04002D
:10633800002333606B683BB9C5E90066ACB902213C
:106348002846FAF73DFBDAE71E606E60F6E782F34F
:106358001188BFF36F8F6FF00404D0E782F31188C0
:10636800BFF36F8F6FF08504C9E782F31188BFF31D
:106378006F8FC4E710B5EFF31182202383F31288DF
:10638800BFF36F8F048B04F00704022C0AD0012C92
:106398000CBF6FF004006FF0850082F31188BFF323
:1063A8006F8F08E0438B013B9BB2438323B921469F
:1063B800FAF706FB204610BD2046EEE7034658B123
:1063C800426802F00302012A03D0032A04D10268BA
:1063D80012B10020986070476FF01500704742684E
:1063E800034602F00302032A4FF00002816014BF43
:1063F800104600685A607047704701F02ABB01F0E8
:106408001BBB01460068FAF725BC08B5FAF752FC31
:10641800BDE80840FAF772BC00210120FAF71ABC5F
:10642800D0F8A43083F30B8870476FF0850070476D
:1064380061B662B680F31188BFF36F8F704772B68A
:10644800002383F31188BFF36F8FBFF34F8F30BFE3
:1064580062B6BFF36F8F704772B6002383F311885B
:10646800BFF36F8FBFF34F8F20BF80F31188BFF347
:106478006F8F62B6704740E800F313F4803FD8B2DC
:1064880008BF6FF01500704730B50C684B6885B0D1
:106498000A894D890094013B24F01F04234402F02B
:1064A8001F0242EA451223F01F0369468DF80820AF
:1064B8000393FAF7F5FF05B030BD08B5FBF7D2F93D
:1064C800002008BD0C220369C9B201FB0233D86D54
:1064D80000F00700704770B5C9B20369EFF3118582
:1064E800202484F31288BFF36F8F0C2606FB013437
:1064F800E46D14F0C00408D0A24206D085F31188D8
:10650800BFF36F8F4FF0FF3070BD012206FB0133E0
:10651800DA6585F31188BFF36F8F436803EBC10316
:106528005B6898470020EFE78022FFF7D4BFF8B5F3
:10653800069F0469C9B2EFF31186202585F31288F6
:10654800BFF36F8F0C2505FB0144E56D05F0070CC3
:10655800BCF1010F0CD1E76586F31188BFF36F8F8B
:10656800C4E91523436853F8313098470020F8BD33
:1065780005F0C005AF4286F31188BFF36F8F0CBFDB
:106588006FF077004FF0FF30F1E713B580240094E7
:10659800FFF7CDFF02B010BD10B41C240069CBB2C8
:1065A80003FB0400002110BC1047022000F0AEBB22
:1065B800022000F0B7BB1046FDF700BD00F0C7BBD6
:1065C800FCF73ABC436800205B68DB680B607047E7
:1065D800436802EA01005B6821EA02015860002072
:1065E80099607047436800205B685960704743684A
:1065F80000205B689960704743685A68136821EA0D
:1066080003000B40506000209360704710B5036989
:106618005868F8B1884219D19C680868A142586046
:1066280000D19860002008602AB15A680A609A6808
:10663800596002B99960002010E0814206D10868CB
:10664800206098688142EDD19C60EBE704460068C1
:106658000028F2D1002AE8D16FF0150010BDFCF730
:10666800BDBE0129036907D193F8CD0010F00100E0
:106678000CD003F11400704739B993F8CD0010F02D
:10668800020003D003F16800704700207047D0F87B
:10669800BC3098684223C0F8083301234360C0F334
:1066A8000830FAF709BE1FB50C460022002301A9DD
:1066B8004030FDF757FB48B90120039B6360019BFD
:1066C800A360029B9B08238204B010BD0020FBE757
:1066D800F8B590F8C9300546012B0C46D0F8BC60D7
:1066E8001BD000220023006F0C31FDF7A3FA00280D
:1066F8000BDA0423422285F8C830B368C3F80823AC
:1067080001225A6000273846F8BDE368236095F8EF
:10671800C93013B96B6F9B0823826368C5F8C03012
:10672800A368C5F8C430D5F8BC301E693279C2F305
:106738000017D206E6D5228A9B689200C3F848273C
:10674800228A06F108059200C3F808272268C3F8D0
:1067580004276268C3F844270FCC0FC523682B6051
:1067680033796FF304133371CDE7F0B5426887B01E
:1067780093681469D3F8202122B10022C3F820219C
:10678800D3F82021D3F818217AB10022C3F81821B0
:10679800D3F81821227942F0080202F012011229D6
:1067A800227104BF42F020022271D3F804217AB189
:1067B8000022C3F80421D3F80421227942F004020C
:1067C80002F011011129227104BF42F02002227146
:1067D800D3F8082112B9D3F80C21CAB10021C3F8A3
:1067E8000811D3F80821C3F80C11D3F80C210C2296
:1067F8002046C3F80823C3F8001550F81C3B9847F7
:106808002046022150F8083B07B0BDE8F040184781
:10681800237903F00F020F2A07D0D80701D41907EC
:1068280003D49A072AD45B0728D5237923F00C03CD
:1068380013F0200C237108D023F0300343F0100329
:106848002371012100202368DEE701AE04F11C0555
:106858000FCD0FC62B6804F11C07336004F108063E
:106868000FCE0FC7336801212B602379C4E902CC0E
:1068780043F01003237101A82368984707B0F0BDBF
:10688800F0B5046989B00B46CDE9001294F8CD1033
:10689800C90747D594F8C8100139012942D8216A97
:1068A80091423FD312F003013CD1082A3AD9656AD4
:1068B80002936B1C04F1400630D047F6122740F2D1
:1068C800E73025EAE5754FF47A720023C5FB070126
:1068D800F9F7F6FD02460B466946304600F021FD01
:1068E800002819DB94F8C830022B14D194F8CC3066
:1068F8008BB10021142203A801F0ABF8204603A9AC
:10690800FFF7D1FE40B10023204684F8CC3003A91C
:10691800FFF7DEFE30B1002009B0F0BD4FF0FF32C6
:106928001346D9E76FF00400F6E7F0B5044687B0E0
:106938001422002101A801F08CF894F8C9301BBB7F
:1069480000220023206F04A9FDF774F9002877DAE4
:106958002046FFF79CFE94F8CD305B0702D52068EF
:10696800FFF708FD029B1BB10399E06900F07AFC70
:10697800019B1BB10499206F00F074FC04236FF095
:106988000B0084F8C83059E0204601A9FFF78BFEB8
:106998000028DDD094F8C930012BD1D1DDF804C02E
:1069A800029BBCF1000218BF0122C4F8C030039B4F
:1069B80001ADC4F8C430D4F8BC301E699C68337982
:1069C80006F1080762F300033371029B1A1E18BF11
:1069D8000122337923F03E0343EA420333710FCD9A
:1069E8000FC7002001212B68029D3B60C6E9070004
:1069F800C4F80015C4F804018542D4F80431C4F879
:106A08001801D4F8183107BF0A4602234223024668
:106A1800844504BF4023022243F00C03C4F8043326
:106A2800BDF814309B00C4F84837C4F84457C4F87C
:106A38000837C4F804C7C4F80825216007B0F0BDBA
:106A4800049B019394F8C930002BA7D1636F9B086E
:106A5800ADF81430A2E791F8C43010B5012B0C46FC
:106A6800A1F1040007D1FFF712FE54F8040CBDE8A9
:106A78001040FFF77FBCBDE81040FFF756BF7FB559
:106A88004B1E012B04460D461DD800F1400600227E
:106A98000023304601A9FDF765F978B1022D14D11C
:106AA80004F1940500220023284601A9FDF75AF9AC
:106AB80058B90199206F00F0D5FBF3E70199E06917
:106AC80000F0D0FBE3E70029EAD004B070BDF0B5D0
:106AD8000369144693F8CD200D46920785B003D478
:106AE8006FF0040005B0F0BD93F8C82003F19407D7
:106AF800042A24D09E6F731C1DD047F6122C40F236
:106B0800E730002126EAE6764FF47A720023C6FBC6
:106B18000C01F9F7D5FC02460B46384601A9FDF7EA
:106B280021F910F1230FDBD00028DBD1019B2B606A
:106B3800029B2360D6E74FF0FF321346EDE70022B1
:106B4800FBE730B543681360057A446804EBC50475
:106B5800A34202D36FF0010030BD5C798C4201D0B2
:106B68000833F0E70020F7E743681B68D3F83031B3
:106B7800704743681B68D3F88004C3F880047047E3
:106B880042681368D3F84C0150B10020926A127819
:106B98000A70C3F84C01D3F84C2101229A6270475D
:106BA8004FF0FF30704713B501AA0446FFF7C9FF3D
:106BB800002805DB019B226819791868FBF7E4FDBA
:106BC80002B010BD38B5054600220121C620FAF7EB
:106BD80095FBC620FAF762FB6C680121E068FFF7B5
:106BE800E2FF6B6819686369C1F82435E28BA38BEF
:106BF800A07E1343228C1343628C1343627E9BB2A4
:106C08000243207E02431343C1F86C3569680B6860
:106C1800D3F8002242F48022C3F800220822C3F8E5
:106C280000254A6A0121C3F83C270022C3F84027FF
:106C38001965D3F830110029FBD0C3F800256D6819
:106C48000021E8682C68FFF7AEFF0823C4F8003578
:106C58002A7A52B9AB6AC4F804370123C4F8083752
:106C6800C4F84C21D4F84C21A362002038BD08B5E3
:106C78000220FAF7A9FF002008BD08B5FDF7E8FFD4
:106C880048B1002383F31188BFF36F8F042318469C
:106C980002DF6FF0040008BD03460020184700F02B
:106CA80095BA024610B5116891B1B1FA81F3C3F1F2
:106CB8001F000123834021EA0303D2E8EF4F8C42EF
:106CC80004D1C2E8EC3FBCF1000FF6D1EBD110BD06
:106CD8006FF00B00FBE710B50368CB40DB0710D45F
:106CE80001238B40026843EA0201D0E8EF4F944247
:106CF80004D1C0E8EC1FBCF1000FF6D1F2D100209E
:106D080010BD6FF01500FBE7FCF722B8012804D08E
:106D1800022804D028B9FCF78FB8FCF73FB9FCF774
:106D2800D5B97047012804D0022804D028B900F04A
:106D38000EB800F00EB800F00EB8704708B5FCF7B2
:106D480063F9FCF7B9F8BDE80840FCF7DDB9FCF7D2
:106D580047B8FCF7E9B8FCF791B9F7B51646DDE98D
:106D68000847019001A81D46FCF7E6F9019BB6F11A
:106D7800000C18BF4FF0010C00EB83000B1E18BF6E
:106D88000123002D43EA4C0314BF4FF00C0C4FF0C5
:106D9800000C002C43EA0C0314BF4FF4706C4FF046
:106DA800000C002F43EA0C0314BF4FF4403C4FF093
:106DB800000CD0F8802043EA0C0322EA030301B157
:106DC80009780EB13678760019430DB12D78AD00EB
:106DD80031430CB12478240229430FB13F783F0492
:106DE8000C433C43C0F8804003B0F0BD1FB50DF123
:106DF8000F03019300238DF80F101A4619460093CC
:106E0800FFF7ABFF05B05DF804FB10B50446084674
:106E1800FCF7A2F904EB4004A08AC0F3401010BDAF
:106E280010B504460846FCF797F904EB4004A08A1D
:106E3800C0F3400010BD10B504460846FCF78CF9B5
:106E480004EB4004A08A400B10BD70B50446084608
:106E58001646FCF781F9083034F810300D46DA058B
:106E680009D5C3F3432304EBC3023146284654F83B
:106E7800333052689847A3682BB131462846E268F8
:106E8800BDE87040184770BD10B504460846FCF7C9
:106E980063F900B204EB4000838ADA051DD5C3F319
:106EA800432123F4F853838204F1120204F196007B
:106EB80032F8023F13F4807F03D0C3F3432399428F
:106EC8000BD08242F4D1002204EBC1035A6004F1D2
:106ED8009C00BDE81040FFF7FEBE10BDF0B50446AB
:106EE800002001270546844695420AD1D4F844314A
:106EF80033B10023C4F84431D4F8443140F40030AD
:106F0800F0BDEBB29B0003F580769B0807FA03F30C
:106F1800194208D054F806E0BEF1000F03D044F837
:106F280006C0A65918430135DEE738B504460D46B4
:106F3800FFF76BFFB0B12046FFF772FF90B920460C
:106F4800FFF779FF012322688340C2F818332368CA
:106F580000B203EB8003D3F8102522F00302C3F834
:106F6800102538BD2846BDE838400021FFF73EBF50
:106F78002DE9F0431746044685B00846FCF7ECF8BF
:106F8800D7F800800E460546B8F1000F1FD02046FE
:106F9800FFF746FF18B12046FFF737FF30BB002345
:106FA8000DF10F02CDE900338DF80E308DF80F305A
:106FB800304643460DF10E01FFF7CFFE2AB204EB2F
:106FC8004202938A23F0020343F0010393827B6811
:106FD800002B34D03146204693F80080D3F8049033
:106FE800FFF71EFF28B1B9F1000F1FD06FF0150091
:106FF80028E028B204EB4000838A23F4604323F09E
:1070080020038382B9F1000F10D0B8F1030FEDD837
:107018007B6821685B6893F800C001EB8C01B8F1CC
:10702800000F12D1C1F81085C1F810852AB204EBFF
:107038004202938A23F01C0343EA88039382BB68C5
:1070480053BB002005B0BDE8F083D1F8102522F02D
:107058000302C1F81025226802EB8C03D3F810252F
:1070680022F4473222F47C72C3F8102541F6F072FC
:10707800D3F8101502EA061242EA08420A43C3F896
:10708800102504EB4C03A3F8A060838A43EA4C3331
:1070980043F020038382C9E73146D3E900782046CC
:1070A800FFF7F2FE002FCCD063689F4206D004F1B0
:1070B8009C00FFF7F6FD002804DAC3E7A3689845AB
:1070C800F5D1002004EBC003C3E901782DB204EB2D
:1070D8004505AB8AC0B243EA402343F48073AB82D0
:1070E800AFE7C0E90312704770B504461546FFF7CD
:1070F8008CFE48B10846FCF72FF804EB400400204A
:10710800A38A5B0B2B7070BD6FF01500FBE790F83E
:10711800B000003818BF01207047FCF755B82DE9BA
:10712800F34104461746FFF770FE0D46266800B384
:107138002046FFF775FE8046D8B92046FFF77BFE4C
:1071480005B2AD0005F5807246F802802168B25894
:107158002944D1F8102542F00102C1F810252FB1B9
:107168000122216802FA00F3C1F8143302B0BDE825
:10717800F081D6F8143328469B035CBF4FF40033E4
:10718800C6F81433FBF7E8FF04EB4004A38AC3F303
:107198008203042B11D0052B11D001A80195FBF710
:1071A800CBFF019BC168D94001F00101023128469B
:1071B80002B0BDE8F041FFF719BE0321F7E702214D
:1071C800F5E7FFF7B2BEC9B2FCF7E8BB08B1FAF7BA
:1071D800C3BB704710B5436904463BB90020E26859
:1071E8004042537843F00103537010BD984700287C
:1071F800F4D00028B8BF4042FF28A8BFFF20E368AA
:107208001870ECE740B1C368587810F001001EBF51
:107218001878B0FA80F040097047EFF31183202303
:1072280083F31288BFF36F8FFEE708B5FFF7F5FF0A
:107238004169826842EA010313F003030FD1C36076
:107248000369013B03FB0122002B01DA0020704790
:10725800C168013B11604169C260521AF4E76FF0DE
:10726800150070472DE9F04105460F46EFF31188E8
:10727800202383F31288BFF36F8FC668FEB90468B2
:10728800A0421CD0DCB1D4E9003213605A60637BA1
:10729800C4E9006623F002036373A66004F11800D2
:1072A80000F02BF92046C4F8BC60276100F088F88C
:1072B800414605F10800BDE8F041FDF7AFB83E6072
:1072C800AB69EF60013BAB6188F31188BFF36F8F47
:1072D800BDE8F081202408B5EFF3118384F3128808
:1072E800BFF36F8FFFF7ABF8F6E7D0E90032136012
:1072F8005A600023427BC0E9003322F00202427345
:1073080083607047C0E9022303FB02120023C0E92F
:107318000521C0E900000161C161036280F82430E1
:10732800704713B501240094FCF7B2FC02B010BDFD
:1073380090F90E308B4201D0FCF7FEBF0020704759
:10734800EFF30580003818BF01207047D0E90032FC
:1073580013605A600023C0E90033704708B5FFF78F
:10736800F5FF437B23F0020343730023836008BDCA
:1073780038B504460D46FCF74DFF637B43F0020326
:107388006373E5B1A5602B689D4209D16B68C4E9B8
:1073980000531C606C6012E06A689A42F6D01B6861
:1073A800002BF3D094F90E2093F90E108A42F3D0F3
:1073B8009142F1DD5A68C4E9003214605C6038BD5E
:1073C80010B5EFF31184202383F31288BFF36F8F76
:1073D800FCF7DEFE84F31188BFF36F8F10BD38B55C
:1073E800EFF31184202383F31288BFF36F8F0023F8
:1073F80090F86C50427B80F86C302DB121B184F349
:107408001188BFF36F8F38BD12F0280FF7D183684A
:107418000BB1FFF7A3FF437B23F004034373FCF78F
:10742800B7FEECE701211838FFF7D9BF70B505465C
:107438000E46FDF7ADF8B6F1FF3F08BFB5F1FF3FC7
:107448000446284612D04FF47A7547F611200021D9
:1074580047F612220023C4FB0501F9F731F8B0F111
:10746800004F71F1000128BF6FF0004070BD08B5F2
:10747800C3171F3043F10003400940EAC360C11736
:10748800FDF786F8400108BD2DE9F04105460E4696
:107498001746EFF31188202383F31288BFF36F8F09
:1074A8000468A0420FD1002088F31188BFF36F8FC2
:1074B800BDE8F08139462046B0470028F4D16B6812
:1074C800A342F0D02468002CF4D1ECE708B50246BA
:1074D800FDF70AFA70B1D0E904319B1A61EBE27248
:1074E800B3F1004F72F1000104DA002AACBF18466C
:1074F800002008BD6FF00040FBE7024638B5EFF307
:107508001185202383F31288BFF36F8F0368CBB1F3
:10751800FDF7EAF904461046FDF7F8F900224FF0A6
:1075280000438442C0E9042306D1FDF7E5F9FFF7DB
:10753800CDFF0021FBF72EFB002085F31188BFF358
:107548006F8F38BD6FF01500F7E708B5FDF7E8FA5B
:1075580008BD704710B400F10C04C0E9034410BC26
:10756800FEF7E8BD10B50446406A10B1A16A00F004
:1075780029F80020C4E9090010BD38B50546FFF711
:10758800F1FF2B7F0446012B0ED0023B012B0ED8B6
:107598002B6A012B18BF6FF096042C220021284675
:1075A80000F057FA204638BD2B6A002BF2E76FF03F
:1075B8009604F2E7FDF75ABC704700207047002098
:1075C8007047704710B5044608B1FDF7EBFB20463D
:1075D800BDE81040FDF7E0BB0A2840DCC31C22DAF6
:1075E80010F1400F47D010F13F0F2BDA10F1410F87
:1075F80044D010F1550F44D010F1490F08BF6FF077
:10760800840018BF6FF08600704709282AD8DFE881
:1076180000F00529290816293829292F6FF0980024
:10762800704700207047C31C0D2B1BD8DFE803F000
:10763800072F1A1C1A1A1A1A1A1A1D1A1A1D6FF06D
:107648008500704710F1210F1ED00BDB10F1200FC1
:107658001DD010F1100F08BF6FF09400D1E7643807
:107668000928D2D96FF0860070476FF094007047F0
:107678006FF08C0070476FF0840070476FF08900DE
:1076880070476FF0930070476FF0880070476FF095
:107698009200704710B501380A44914200D110BDDC
:1076A80010F8013F11F8014B63400370F5E70144FE
:1076B800814200D1704711F8013D1A440A70120A3C
:1076C800F6E710B58B4294BFC4184418A04200D105
:1076D80010BD00F8012BF9E700231A4682B001908B
:1076E8008B4201D102B070470198C2540133F7E7C9
:1076F80007B501A9FDF762FC003818BF012003B0E7
:107708005DF804FBF7B506460D46202D2F46A8BFA9
:10771800202700216846FDF7BBFF044670B93A46AA
:1077280031466846FEF706F810F1520F044608D0B5
:10773800431CF4D0684600F069F834B1204603B021
:10774800F0BD684600F062F8E3E7EC1B3E44F5D074
:107758002546DAE7CA0448BF41F480618B0448BF74
:1077680041F400618160704730B589B00546182240
:107778000C4601A8002100F06CF9012344EA052415
:1077880001A9BA2007940593FDF7D2FB002818BF7A
:107798006FF0920009B030BDF7B5BA2001A9FDF726
:1077A8000DFC044610B1002003B0F0BD019D2F0A66
:1077B800EDB2AC4205D1BA20FDF7E6FB0028F2D0C5
:1077C80008E0E6193046FDF7DFFB30B13046FFF739
:1077D8008FFF10B96FF09200E6E70134E9E708B5CA
:1077E800F820FFF785FF18B9F920FFF781FF10B1DE
:1077F8006FF0920008BDF820FDF7B8FB0028F7D11C
:10780800F920FDF7B3FB0028F4D0F1E710B50378B1
:1078180004461BB1FDF7F4FA00232370002010BDC5
:107828000368D868C0F300407047036803F58053C5
:107838005B6A13F4A02F14BF0120002070470222B6
:1078480003689A6070470368D868FEF70DB9024666
:1078580008B5136803F580535B68C62B09D010463A
:10786800FFF7DEFF0028F4D11046BDE80840FFF717
:10787800EABF6FF0010008BD03685A5070470369FA
:10788800986E704710B50446FFF7F9FFC2684AB111
:1078980042F420222046BDE81040002142F4006254
:1078A800FFF7EABF10BD10B50446FFF7EBFFBFF3C3
:1078B8005F8F03222046BDE810400821FFF7DCBF98
:1078C800C0F30B03482B4B6028BF482310F4003F3C
:1078D8008B6008BF0023CB6010F4803308BFC1E978
:1078E800013300F47003B3F5700F14BF00238B68E5
:1078F80000284FF0010C4FF008028B60B8BF00233E
:10790800C1E905C2B8BFC1E905337047FCF706BB3A
:107918004FF0FF324FF0FF33FCF788BA4FF0FF32D9
:107928004FF0FF33FCF782BAFCF7F8BA00F074B8EE
:1079380007B54FF0FF334FF0FF32CDE900230022A7
:1079480000F077F803B05DF804FB00F06EB800F0C3
:1079580068B8FFF78CBD2DE9F3470446DDE90A98BE
:1079680015460E4659B302F0010AFCF771FE0746A8
:10797800EFF31181202383F31288BFF36F8FA807D9
:1079880044BF0023A360A36803EA0600BAF1000F0E
:107998000CD086420CD16A0744BF8343A36081F3AD
:1079A8001188BFF36F8F02B0BDE8F0870028F2D1CD
:1079B80059EA080305D181F31188BFF36F8F0020BE
:1079C800F1E7C7E919652246CDE9009804F10C00F2
:1079D800FCF790FC0028F2D1786EE4E710B54B680C
:1079E800D0E9194212F0010F03EA040301D09C42C6
:1079F80010D17BB14366520744BF8A681A430B68AB
:107A080048BF8A6003660123086080F86C3018302C
:107A1800FFF773FD002010BD0023C0E9000083605C
:107A280070474FF0FF32FEF76BB80A460021FEF7A9
:107A380067B85200FFF78FBF0A44431E914200D136
:107A4800704710B511F8014B914203F8014FF9D175
:107A580010BD02440346934200D1704703F8011B4E
:107A6800F9E70139024410B5904201D1002005E040
:107A7800037811F8014FA34201D0181B10BD013043
:107A8800F2E710B50139044632B111F8013F013A65
:107A980000F8013B002BF7D10021FFF7DAFF204661
:107AA80010BD0246014410B58A42134603D01C7823
:107AB8000132002CF8D1181A10BDF0B5C3F1370700
:107AC800044603F01F031046FFB2082BE6B232D07B
:107AD800102B3DD06508A40845EAC17544EA8174B5
:107AE8008A082D1942EB5102290941EA02716D18E1
:107AF80042EB1212290A41EA02616D1842EB122286
:107B0800290C41EA02416D1842EB1242AD1842F1CC
:107B18000002EC0844EA4274D10804EB8402A6EBA4
:107B28004205EDB2092D0CD90134A5F10A0541F140
:107B38000001EDB212E0E40806F0070544EA4174DA
:107B4800C908303554EA010200F8015BBDD1F0BD27
:107B5800240906F00F0544EA01740909092D84BFB8
:107B6800ED19EDB2EDE7000001480068704700002C
:047B780040CE0020DB
:087B7C008089FF7F0100000079
:107B8400B918000000000000ED2A00000000000009
:107B940000000000047C0000193C0000000000000C
:107BA400594B00000000000000000000587C000059
:107BB40000000000207C0000000000003C7C00006D
:107BC40000000000747C000000000000907C0000B5
:107BD400C51C000000000000776C000000000000DD
:107BE400951800000000000000000000AC7C0000BC
:107BF400836C000000000000F10B00000000000096
:107C0400488E00000887000010860000BC02002097
:107C14007CCE0020091A000000000000558E0000F0
:107C240040870000D8850000BE020020F8CE002066
:107C3400D51E000000000000618E00005487000083
:107C4400D8850000C002002004CF0020D51E00000B
:107C5400000000006C8E000068870000D8850000DA
:107C6400C202002010CF0020D51E0000000000003A
:107C7400778E00007C870000D8850000C4020020B5
:107C84001CCF0020D51E000000000000B38E0000B1
:107C9400E08700002C860000C802002088D0002065
:107CA400CD6B000000000000A08E00009087000053
:107CB400FC850000C602002028CF002021200000FF
:047CC40000000000BC
:107CC80000000000216400000000000021640000A2
:107CD8000000000021640000000000002164000092
:107CE8000000000021640000000000002164000082
:107CF8000000000021640000000000002164000072
:107D08000000000021640000000000002164000061
:107D18000000000021640000000000002164000051
:107D28000000000021640000000000002164000041
:107D38000000000021640000000000002164000031
:107D48000000000021640000000000002164000021
:107D58000000000021640000000000002164000011
:107D68000000000021640000000000002164000001
:107D780000000000216400000000000021640000F1
:107D880000000000216400000000000021640000E1
:107D980000000000216400000000000021640000D1
:107DA80000000000216400000000000021640000C1
:107DB80000000000216400000000000021640000B1
:107DC80000000000216400000000000021640000A1
:107DD8000000000021640000000000002164000091
:107DE8000000000021640000000000002164000081
:107DF8000000000021640000000000002164000071
:107E08000000000021640000000000002164000060
:107E18000000000021640000000000002164000050
:107E28000000000021640000000000002164000040
:107E38000000000021640000000000002164000030
:107E48000000000021640000000000002164000020
:107E58000000000021640000000000002164000010
:107E68000000000021640000000000002164000000
:107E780000000000216400000000000021640000F0
:107E880000000000216400000000000021640000E0
:107E980000000000216400000000000021640000D0
:107EA80000000000216400000000000021640000C0
:107EB80000000000216400000000000021640000B0
:107EC80000000000216400000000000021640000A0
:107ED8000000000021640000000000002164000090
:107EE8000000000021640000000000002164000080
:107EF8000000000021640000000000002164000070
:107F0800000000002164000000000000216400005F
:107F1800000000002164000000000000216400004F
:107F2800000000002164000000000000216400003F
:107F3800000000002164000000000000216400002F
:107F4800000000002164000000000000216400001F
:107F5800000000002164000000000000216400000F
:107F680000000000216400000000000021640000FF
:107F780000000000216400000000000021640000EF
:107F88000000000021640000000000009558000077
:107F980000000000216400000000000021640000CF
:107FA80000000000216400000000000021640000BF
:107FB80000000000216400000000000021640000AF
:107FC800000000002164000000000000216400009F
:107FD800000000002164000000000000216400008F
:107FE800000000002164000000000000216400007F
:107FF800000000002164000000000000216400006F
:10800800000000002164000000000000216400005E
:10801800000000002164000000000000216400004E
:10802800000000002164000000000000216400003E
:10803800000000002164000000000000216400002E
:10804800000000002164000000000000216400001E
:10805800000000002164000000000000216400000E
:1080680000000000216400000000000021640000FE
:1080780000000000216400000000000021640000EE
:1080880000000000216400000000000021640000DE
:1080980000000000216400000000000021640000CE
:1080A80000000000216400000000000021640000BE
:1080B80000000000216400000000000021640000AE
:1080C800000000002164000000000000216400009E
:1080D800000000002164000000000000216400008E
:1080E800000000002164000000000000216400007E
:1080F800000000002164000000000000216400006E
:10810800000000002164000000000000216400005D
:10811800000000002164000000000000216400004D
:10812800000000002164000000000000216400003D
:10813800000000002164000000000000216400002D
:10814800000000002164000000000000216400001D
:10815800000000002164000000000000216400000D
:1081680000000000216400000000000021640000FD
:1081780000000000216400000000000021640000ED
:1081880000000000216400000000000021640000DD
:1081980000000000216400000000000021640000CD
:1081A80000000000216400000000000021640000BD
:1081B80000000000216400000000000021640000AD
:1081C800000000002164000000000000216400009D
:1081D800000000002164000000000000216400008D
:1081E800000000002164000000000000216400007D
:1081F800000000002164000000000000216400006D
:10820800000000002164000000000000216400005C
:10821800000000002164000000000000216400004C
:10822800000000002164000000000000216400003C
:10823800000000002164000000000000216400002C
:10824800000000002164000000000000216400001C
:10825800000000002164000000000000216400000C
:1082680000000000216400000000000021640000FC
:1082780000000000216400000000000021640000EC
:1082880000000000216400000000000021640000DC
:1082980000000000216400000000000021640000CC
:1082A80000000000216400000000000021640000BC
:1082B80000000000216400000000000021640000AC
:1082C800000000002164000000000000216400009C
:1082D800000000002164000000000000216400008C
:1082E800000000002164000000000000216400007C
:1082F800907C0000716B0000000000002164000009
:10830800000000002164000000000000216400005B
:10831800000000002164000000000000216400004B
:10832800000000002164000000000000216400003B
:10833800000000002164000000000000216400002B
:10834800000000002164000000000000216400001B
:10835800000000002164000000000000216400000B
:1083680000000000216400000000000021640000FB
:1083780000000000216400000000000021640000EB
:1083880000000000216400000000000021640000DB
:108398000000000021640000B801002067660000AA
:1083A80000000000216400000000000021640000BB
:1083B80000000000216400000000000021640000AB
:1083C800000000002164000000000000216400009B
:1083D800000000002164000000000000216400008B
:1083E800F5380000A16C00000000000021640000C6
:1083F800000000002164000000000000216400006B
:10840800AC7C0000736700000000000021640000DD
:10841800000000002164000000000000216400004A
:10842800000000002164000000000000216400003A
:10843800000000002164000000000000216400002A
:10844800000000002164000000000000216400001A
:10845800000000002164000000000000216400000A
:1084680000000000216400000000000021640000FA
:1084780000000000216400000000000021640000EA
:1084880000000000216400000000000021640000DA
:1084980000000000216400000000000021640000CA
:1084A80000000000216400000000000021640000BA
:1084B80000000000216400000000000021640000AA
:1084C800000000002164000000000000216400009A
:1084D800000000002164000000000000216400008A
:1084E800000000002164000000000000216400007A
:1084F800000000002164000000000000216400006A
:108508000000000021640000000000002164000059
:108518000000000021640000000000002164000049
:1085280000000000216400000401002067660000CC
:10853800456D0000A16C00000000000021640000EF
:108548000000000021640000000000002164000019
:108558000000000021640000000000002164000009
:1085680000000000216400000000000021640000F9
:1085780000000000216400000000000021640000E9
:1085880000000000216400000000000021640000D9
:1085980000000000216400000000000021640000C9
:1085A80000000000216400000000000021640000B9
:1085B80000000000216400000000000021640000A9
:1085C8000000000021640000000000002164000099
:1085D800151D0000CD650000D9650000ED6500009F
:1085E800F7650000016600001D1F00001566000009
:0485F800000000007F
:1085FC00852200006B660000D76A000089680000C5
:04860C00292500001C
:108610006D1A000031650000936500000000000045
:0C862000CD64000000000000000000001D
:0C862C00896B0000F52900007B6B00004A
:10863800040000000F000000010000000800000016
:108648002000000070000000800000000D00000005
:108658000C0000000E000000500000008400000024
:10866800B8000000FFFFFFFFFFFFFFFFFFFFFFFF56
:04867800FFFFFFFF02
:1086800020020000401F0000CC0200200019000062
:10869000D007000000A0105000820D5000040550CB
:1086A00000860D50050000000400000001000000DD
:1086B0000338FDD8704700000000000000000000F3
:1086C0000338FDD870470000600000200000000063
:1086D0000600010002000000DC860000000000002F
:1086E000398E000006000000E04F1E000000002050
:1086F000418E000021000000E0FB0720C5190000AA
:108700009519000000000000211B0000A11A0000C4
:10871000C9650000C5650000B3650000B9650000CB
:10872000207C0000587C0000747C00003C7C000031
:1087300000A0105000820D500004055000860D501E
:10874000FF03000000A01050040100200000000002
:1087500000000000FF1F000000860D50B80100203F
:108760000000000003000000FFFFFFFF00820D502B
:10877000B80100200000000001000000FF07000019
:10878000000405500000000000000000020000008E
:1087900095200000B087000000800E50000000000F
:1087A00058D00020000000000048E8010000000050
:1087B00000800E50BC87000001000000C48700004C
:1087C00003000000630000472D0000496600004BD5
:1087D00000A0105000820D500004055000860D507E
:1087E00000600C5000000000000000000C88000039
:1087F00000C201000000D60100000000000000409F
:108800000000000062DD002061DD002000600C50EF
:10881000188800000100000020880000040000000B
:108820003000000032000002310600013306000370
:1088300000A0105000820D500004055000860D501D
:10884000080000000A000000040000000100000011
:10885000847B0000947B0000DC7B0000E47B000054
:10886000FC7B0000047C000000010100000202000B
:10887000001400000028000000400000010000007B
:1088800002000000888800000000000000000000D6
:10889000000000000000000000000000A0880000B0
:1088A0000F000000000000000000000006000000B3
:1088B00000000000494E4D50343431207465787406
:1088C000206D6F6E69746F720A0073616D706C65F4
:1088D0005F726174653D2575206368756E6B5F6DB1
:1088E000733D25750A006669656C64733A20726D84
:1088F00073207065616B207A6372206573745F68A2
:108900007A0A006572726F723A20493253206465A8
:1089100076696365206973206E6F74207265616487
:10892000790A006572726F723A206932735F636F01
:108930006E666967757265206661696C65643A2068
:1089400025640A006572726F723A204932532073AF
:1089500074617274206661696C65643A2025640AEA
:10896000006572726F723A206932735F726561647A
:10897000206661696C65643A2025640A00726D7333
:108980003D2575207065616B3D2564207A63723DDD
:108990002575206573745F687A3D25750A002A2A5B
:1089A0002A20426F6F74696E67206E524620436FB3
:1089B0006E6E6563742053444B2076332E332E3114
:1089C0002D316437613062306534396238202A2AAB
:1089D0002A0A002A2A2A205573696E67205A657070
:1089E000687972204F532076342E332E39392D3347
:1089F0003765366332383537366565202A2A2A0AC4
:108A00000072302F61313A202030782530387820BC
:108A10002072312F61323A2020307825303878208A
:108A20002072322F61333A20203078253038780A8E
:108A30000072332F61343A20203078253038782086
:108A40007231322F69703A20203078253038782002
:108A50007231342F6C723A20203078253038780A01
:108A60000020787073723A20203078253038780AE8
:108A7000004661756C74696E6720696E73747275F7
:108A80006374696F6E206164647265737320287209
:108A900031352F7063293A203078253038780A0034
:108AA000556E68616E646C6564204952516E3A205F
:108AB00025640A002A2A2A2A2A205553414745209C
:108AC0004641554C54202A2A2A2A2A0A00202044AA
:108AD00069766973696F6E206279207A65726F0AB0
:108AE000002020556E616C69676E6564206D656D50
:108AF0006F7279206163636573730A002020537479
:108B000061636B206F766572666C6F772028636F88
:108B10006E746578742061726561206E6F74207662
:108B2000616C6964290A0020204E6F20636F7072A7
:108B30006F636573736F7220696E7374727563749B
:108B4000696F6E730A002020496C6C6567616C2048
:108B50006C6F6164206F66204558435F52455455E1
:108B6000524E20696E746F2050430A002020496CD9
:108B70006C6567616C20757365206F66207468652D
:108B800020455053520A002020417474656D707462
:108B900020746F206578656375746520756E6465F3
:108BA00066696E656420696E737472756374696F4B
:108BB0006E0A002A2A2A2A2A204255532046415565
:108BC0004C54202A2A2A2A2A0A002020537461633E
:108BD0006B696E67206572726F720A002020556E95
:108BE000737461636B696E67206572726F720A00DD
:108BF000202050726563697365206461746120622E
:108C00007573206572726F720A00202042464152CD
:108C100020416464726573733A20307825780A00C5
:108C20002020496D707265636973652064617461A9
:108C300020627573206572726F720A002020496E7F
:108C4000737472756374696F6E20627573206572D8
:108C5000726F720A002020466C6F6174696E672D16
:108C6000706F696E74206C617A79207374617465B9
:108C700020707265736572766174696F6E206572BB
:108C8000726F720A002A2A2A2A2A204D505520463D
:108C900041554C54202A2A2A2A2A0A00202053749B
:108CA00061636B696E67206572726F722028636FF3
:108CB0006E746578742061726561206D696768748F
:108CC000206265206E6F742076616C6964290A00E9
:108CD0002020446174612041636365737320566989
:108CE0006F6C6174696F6E0A0020204D4D464152D1
:108CF00020416464726573733A20307825780A00E5
:108D00002020496E737472756374696F6E204163BD
:108D1000636573732056696F6C6174696F6E0A00C6
:108D20005265736572766564204578636570746911
:108D30006F6E20280053707572696F757320696EAD
:108D40007465727275707420284952512000535016
:108D500053454C20696E20746872656164206D6FA4
:108D6000646520646F6573206E6F7420696E64693A
:108D700063617465205053500A002A2A2A2A2A2047
:108D800048415244204641554C54202A2A2A2A2A36
:108D90000A002020427573206661756C74206F6E26
:108DA00020766563746F72207461626C65207265F1
:108DB00061640A0020204465627567206576656EEF
:108DC000740A0020204661756C7420657363616CC1
:108DD0006174696F6E20287365652062656C6F77BA
:108DE000290A00415243485F455843455054207773
:108DF00069746820726561736F6E2025780A0A00B5
:108E00002A2A2A2A2A204465627567206D6F6E69B6
:108E1000746F7220657863657074696F6E202A2A9A
:108E20002A2A2A0A002A2A2A2A2A20257320256487
:108E300029202A2A2A2A2A0A00464C4153485F3010
:108E4000005352414D5F3000636C6F636B403130B3
:108E500065303030006770696F40313061303030DC
:108E6000006770696F406438363030006770696F32
:108E7000406438323030006770696F4035303430CC
:108E800030000100000101010100000000010100AB
:108E900000010000000000000000010208080202BA
:108EA00074646D40653830303000000104050206FE
:108EB00008090F7561727440633630303000000A63
:108EC0002A3542424242424242424242424200012A
:108ED000020369646C65006D61696E00286E756CD3
:0C8EE0006C29002A666C6F61742A000087
:108EEC00000000006700000000000000000000000F
:108EFC000000000000000000000000000000000066
:108F0C000000000000000000000000000000000055
:108F1C000000000000000000000000000000000045
:108F2C000000000000000000000000000000000035
:108F3C000000000000000000000000000000000025
:108F4C000000000000000000000000000000000015
:108F5C000000000000000000000000000000000005
:108F6C0000000000000000000000000000000000F5
:108F7C00ED61000000000000C36400000000000070
:108F8C000000000000C010500000000000000000B5
:108F9C0000000000000000000000000000000000C5
:108FAC0000000000000000000000000000000000B5
:108FBC0000000000000000000000000000000000A5
:108FCC000000000000000000000000000000000095
:108FDC000000000000000000000000000000000085
:108FEC000000000000000000000000000000000075
:108FFC000000000000000000000000000000000065
:10900C000000000000000000000000000000000054
:10901C000000000000000000000000000000000044
:10902C000000000000000000000000000000000034
:10903C00000000000001000000A00D500000000026
:10904C000000000000000000000000000000000014
:10905C000000000000000000000000000000000004
:10906C0000000000000000000000000000000000F4
:10907C0000000000000000000000000000000000E4
:10908C0000000000000000000000000000000000D4
:10909C0000000000000000000000000000000000C4
:1090AC0000000000000000000000000000000000B4
:1090BC0000000000000000000000000000000000A4
:1090CC000000000000000000000000000000000094
:1090DC000000000000000000000000000000000084
:1090EC00000000000000000000000000A92A0000A1
:1090FC0000000000FF0000000090D003FF00000003
:10910C000F0000007102000088020020880200207D
:10911C00CB7500005B7A000067742000E802002029
:10912C0024030020100300206C03002060030020A7
:0C913C00FC0200201579000019790000E9
:109148000000000000000000000000000000000017
:10915800CC020020CC0200204006002000000000C5
:0C916800080000000019000000000000DA
:10917400E8020020E80200200000000000000000D7
:109184000E000000FC020020FC0200200000000091
:10919400000000000E000000100300201003002057
:1091A40000000000000000000E0000002403002066
:1091B4002403002000000000000000000E00000056
:1091C40038030020380300200000000000000000E5
:1091D4000E0000004C0300204C030020000000009F
:0891E400000000000E00000075
:1091EC006003002060030020000000006C030020DE
:0891FC006C03002000000000DC
:0492040015E015E07C
:0400000300001115D3
:00000001FF
